reviewId,content,score
437c0830-9a0e-4005-b13b-c4c03c4ef06c,It helps me communicate w my kids,5
db6c59ec-2755-4ead-bc84-2fba101d71f0,Ok,4
9700fff2-022e-42d8-998a-39f3f8500f51,Good app 👌,5
bc746c52-1732-4def-a5c2-dc7682677b1b,Great but i cant download,5
babe5691-4994-48d8-bd91-95fd55b7fe07,very nice,5
3297b164-80f5-4f05-a419-1b71e3be9988,𝑽𝒆𝒓𝒚 𝒏𝒊𝒄𝒆,5
c3dbabad-32f0-4d4a-bcd7-e047d26c0c10,MD.shahid,5
04d86224-533a-4dcd-aa07-3057da35a4c7,I'm single,2
152a9a2f-ac12-40fb-a222-095e5cf10ce6,walang kwenta,1
c19a6559-902f-4145-85e6-0fc6fce5ed43,হাই,5
05c3a117-6c82-416d-b59a-237346979e6a,Round,5
d97379e3-805a-431f-a37c-377e0feddbb3,The application is really amazing but the voice recording sharing is not with some friends and I can't make records from my site.,5
a93bca38-35e9-4fdd-a3ca-cea118c9d3c7,Getting errors when trying to share videos,1
0aead3a1-f121-4923-a9b0-bdd04dc48914,"I don't really like the new update, you know girls always backread but with this new update that messages will be deleted automatically when we switch our phone I can't really backread all our conversation, so sad, can we just lock it?",2
c717d053-6b6a-4918-b738-b78b28d5aff8,"To talk and see ur friends, it is a useful Media.But I like lite messenger which is not available . three stars enugh for it",3
f16c4bab-488e-43b6-8a2c-77f43068115d,Suka malto,5
8ba83009-32f1-4fe7-955a-1a75248b002c,Tangina,1
e3c05727-cdcd-4669-87f5-60aeb51fba64,So awesome,5
ac3dbf7e-2360-4033-a2fb-bf7784522192,Mast mall,5
a1eef9ed-d8e8-4edb-9e66-5faa841e9365,Good service,5
36d642d0-c71c-421f-8720-aa65b91f344a,"I have problems with the app. When I tried to open photos in messenger, nothing showed. Sometimes, it said ""waiting for network,"" but when I send the message, it goes through, and sometimes it takes a few minutes to send a message. When I logged into another device, it didn't show my oldest conversations, but I put the code in. I like the app.... what im trying to say is that messenger is worse than before..",1
9ddd7db8-e533-446d-9f8e-f4175b4ff2b2,Happy to do,5
931b888d-a283-4b2f-8f56-9f6695a9032c,Happy,5
e5881e5d-bb79-4681-aa05-88ef8f6ff97d,The best errand app ever🙌..the developer of this app pls take your flower,5
e52ec703-e00a-4250-bce9-998ec5382d92,hey meta! Where's the music when I add notes?? It's so unfair my freinds have it and not me? Please add music notes to low device too.,2
1143fcd7-39b0-4343-97bf-6b6746ac0092,Why can't I send files all of the sudden? I can send files and etc on the past months but can't anymore.,3
680b70d5-f756-4ae8-ab87-4fc1490dd17d,Nice,1
c6ed282c-56d9-4f29-b069-796a7f97d68a,Delay,1
a3f18076-c733-4780-9b9f-b8563c9ba4d0,Verry good,4
bd8e0aae-f7e8-4f9f-b84a-7e0882ff10e0,Done,5
77052cff-189b-4127-9236-5cca35c5fc94,WdRazzak,5
82c3dde6-2172-45df-b3dc-c192029e8d36,Good,5
3ebfd2a4-a642-4709-a3f2-18989cf30a65,Nice👍,3
fffa5a3b-ac30-4668-9dea-1b1294b47bd5,HINDI MAGANDAAAAA NAG LOLOKO NALANG ARAW ARAW PA UPDATE NYO TO,1
b8d1ed4b-ae64-4cbb-a38d-d071ab400c06,Good,5
d29aa5d3-862d-40ac-9e6b-bd7d52233704,"Sitting on the train, I was aimlessly staring out of the window with my headphones in blasting my music at full volume. I was heading into the City for the first time and as if that wasn’t scary enough on its own; I was going to meet my brother. The same brother I didn’t know existed until nine months ago. It had started when I received a letter in the post, which in itself was a surprise. It had taken a couple of weeks to get over the shock and come to terms with the fact I had a brother.",5
f37e2f83-e9a2-4481-b496-5cb7e2e470b9,"It gets the job done with very minimal problems. Hell sometimes the messenger works better than my phone. Text, audio, & video chat. What more do you need?",5
651d4225-b75a-48d4-a174-b9bef17eaf2e,How do I get the fn AI gone.? I hate the new layout. Why am I forced to have this fn AI on the Messenger app?? I feel like switching to the Telegram app.,1
f1283915-608e-4af0-8c3d-021906558f82,Fix your app bruh it literally unupdates itself its broken,1
f0bd2ef9-9993-412f-8b5e-6367ad050129,it says to update it but wo t let me,1
915316bb-abfd-4d0f-a6ec-19819ae1ac41,very good,5
6696589a-99ef-4162-86b6-6ea5cf00789a,Barhangboro,5
e3097e02-50c5-4f66-9007-e318ea0d4071,good,5
37103431-bc76-4353-87d1-9fa29325490d,"happy to see my friends here, chitchat with them, video chat and 🤙❤️❤️❤️",5
aa2c4fcc-72e2-4a3e-a622-df526b84c042,Voben mondal 12345,1
da41102a-b735-4fcf-8dd9-083430b48d26,Rohidas,4
354a5af3-a1e1-4c56-ac9e-d4dee9da2217,Khusikhatun,5
31db9142-bacf-41e3-bcac-8879148756f5,Excellent,5
ad6a7fd5-7f87-4e4c-9020-1db6797526ee,Suspended after 15 yrs for what?? Absurd unfair and sickening,1
73fdd55a-e4ac-45e5-8865-8f976673c816,I cant seem see some messages its says i need to update my mess but when i checked there is no update tangina,1
1f8efe42-a2aa-4a65-82b1-9c89851ab450,I can text,5
11a9178e-5fb9-445d-bb50-c4d7cde0eb2a,Very good 👍 but now today it's not sharing anything,5
4a926ec4-6b5a-4d40-8af0-51300385ebd7,Excellent,5
b85dc1da-17ba-403e-9515-1eb050440b18,Nice app,5
9698174e-1404-4075-94c8-dcc33354497f,pangit,2
a171d62f-7759-4186-99db-c1d4c02b5a35,ok,5
7324d7e7-89a1-4f9a-b2af-eb492f10186c,Old one works,5
ab39eb31-907b-48e0-b671-0917b04e193d,"How do I read my EndToEnd Encrypted Messages on Messenger??? Thanks, Carol McDowell.",5
2b84543e-f20f-4354-93b6-c8af8192006b,Nice 👍,5
ca6a6508-ed3c-4ba6-99e1-f3ab5a856df3,This app I cool,5
10b914cc-df1d-47f4-8500-90630d988203,Thats good,5
f9dbe14f-cbac-4745-9e6e-5ccf9af23633,V good,5
3c892dda-3064-4114-acc7-da4e595cbcad,"Because of the new updates, I can't backread old messages from months ago. It has been missing. All the photos and messages that were sent in a conversation at a certain time are gone. Kindly fix this issue because it doesn't help with the users of your app.",1
a698f0e0-f50a-4ec7-a5b8-bba396d084bc,I cant send any messages it just keep saying sending even though I have high speed connection,1
057e8f0e-42b1-4499-b3a8-ff049df5f014,The pops out do not happen when you click on the messenger button from someone profile. 🙄,2
e57d8850-6fe9-4e1c-9e30-013c52f30d7d,messeger,1
3a8bfcd0-5b5e-403b-8d48-4fc360b4c78a,Research the people,4
944e488e-d056-407f-b79d-f4eb26d3b62d,the end-to-end encryption just erased all my chat history. def the worst update !!!!! 🤬,1
8d1de9e8-120d-4b8a-9011-427f02edc51c,😎,5
90092b99-c360-4dd5-b48f-d13ada37c57a,Ok,5
0641021b-83bc-477c-b8f9-a36d77900b15,Nice,4
38365aa4-5b3e-4868-b678-1c4d338272b1,🥰🥰🥰,5
d3970aae-7426-45a7-8003-26e2a77aaf9a,Good apps to communicate to others,5
5281bffe-e6c5-45cc-b333-1adfe86b30ca,This app.is getting nicest little by little when more updated,5
718471d5-bfa0-477a-b7c8-bfe7677ae147,"end to end encryption is the worst, yeah I would like for it to be encrypted but I also want it to be user friendly",1
73a5e340-c158-49c9-8f11-06ac796085a9,Sometimes my message is just sending but my signal is stable so what the matter,3
a7145296-ee9c-45aa-9000-2eb26bf0772c,This app is amazing because I can send and receive replies and call people and video call people,5
ce95aa58-e943-4987-9e57-6486364eff49,Satisfied,4
07f56e0b-1a17-4e17-82a5-5284e509706d,After the latest update I am unable to send videos. Is this feature gone for good or is this a mistake? Samsung Galaxy s22+ latest OS,2
d88c29f5-7611-4d8b-beaf-bbb47a60d28f,Good,5
21200199-dcc9-44f0-9db5-f1fbb501602b,Kldesu,5
559606cd-b869-4b62-8e1b-dd15a7126d56,Nice,4
4e2ccf2a-e0e7-44d5-a154-13276d9bcf56,More issues,1
01aca36e-39e1-4b8a-ad29-a1d0919ee2ba,Has problems with file folders. Doesn't shows the exact folder when we want to send pictures.,1
ffb5e16a-00ac-4fdb-bf25-270c14a54a38,Hilf me,5
15d76ef2-16b8-479d-ad9a-3d59906fd49b,I think you need to remove the encryption my mom is old and now she lost all her msgs not all knows how it works especially old peeps,3
03ca8bdf-3860-4623-827a-bc07e981f9f0,Like the app. it look amazing has avg vi,5
af879c10-8783-472c-9c76-350a9aebfe0d,Alhamdulillhi,5
ad1640be-5d57-4f74-b79b-824044136bf1,great,5
31c76033-cb37-4162-b8e8-fd0592188c9d,good,5
0b533059-4315-48d8-a671-a6280d4c7f2b,No negativity...Satisfaction acceptable...,5
dc1365f3-55e4-4f71-a864-9b2f3e4ef1d9,upate karona,1
41f5c10b-041c-46c9-8944-8efd5881175c,Pangit!,1
b13c1748-4bf5-43ef-b0fb-d877a0517f13,N/A,5
34c7973d-4341-4e21-9b2c-218ccb8b8c0c,It sucks after the update,2
c82dffb7-ed17-4077-b93b-5a0b020ca2a4,"the new update is dumb, restricted me for a week when i didn't even do anything wrong, now i can't message people when i have a emergency.",1
d72758d5-0a7d-45d2-b757-429b8c7f49b8,good,3
3d6fb145-6e1f-44df-8623-2458c2f5427b,Disappointed,1
0bdeb8cc-04ad-4b67-b268-e44603344522,When doing so this app it runs too slow need to speed it up faster,3
45daca62-bb14-48ea-a9ac-5c92513fe3a3,Wow,1
e40988f2-0713-40a3-87bb-e90aa50e4469,What's wrong with it? It Doesn't work well,1
52e22ecc-3bfa-44b3-8115-ea01810388e2,Good,5
f4e297e4-30a1-401a-a6ef-d6fb655ff561,The update caused a lot of inconvenience,1
cd8cec67-af8d-4875-b7c7-cfba76ca5bae,Unable send vedios,5
4872fbdb-8a4a-46de-ac5c-5197bb73d706,araw araw nalang kelangan i update e juskoo,2
0525fac5-4b82-498e-b2e2-74de1ad7db51,Useful app,5
ae9d68bd-3a06-446b-81a0-2f81398849bc,Literal Spyware and data collection tool.,1
da801222-2959-4d71-8bde-9a00bf366725,Good,3
bd62fc69-6c35-40c4-92b7-ed4228d384f5,Great,5
5e46c5d8-4591-476f-b1e2-179781a9117f,Great,5
4d41a8f5-c85b-442f-964d-59ae22b67f8c,Not at this time,5
15fccfcc-c66b-46e3-8b2e-6ba536fbbeb4,good,5
26652fff-b1ee-4189-90a2-9c2624348c72,Why can you not delete the call history on this app it is taking up space and saying im running low on space on my device had this problem for months now,2
7cabf831-e7d0-460b-a9df-b0de89598f30,Very satisfying,5
00a78187-0049-469b-92fb-130a4953413f,Shivshankar kumar,5
3167c4cf-e0d5-4e33-a18e-71408d9263cb,Learning about the app..,3
835ba0cb-3d1a-4846-9704-a1ae0bfabcbf,​ေထြးငယ္​,2
e9ef12c1-5b9e-461e-a676-a16795e32ab8,I never ever comment or share my experience to an app but since Messenger is a huge part of my daily social interaction and the fact that i cant access messages and medias in a conversation couple of months ago without the app crashing.. this is by far the most frustrating version update so bad that for the first time i took time to rate and right a review about it,1
65b79995-7b04-4be6-937b-5c677379291b,"PLEASE REMOVE THE ADD TO STORY OPTION, REMOVE ALSO THE FREAKIN END TO END ENCRYPTION BECAUSE MY CONVO GOT DELETED AND THERE IS NO OPTION TO TURN IT OFF, focus on the overall quality of the app and not freakin useless functions",1
0e929ae1-da01-4a55-b0d5-d1af13df8874,I ?÷? ?,5
7a0b95fe-a4dd-4cc1-8a35-87da61735c93,Great app to communicate our family,5
2331fc00-ef15-41e4-904a-2f5413b64f24,Lost some messages because of useless end to end encrypted,1
6722ac1a-9aa0-43d9-8cfd-ee427a42b23d,Magaling,5
56ea7747-53e9-4e1d-86b8-ec22e46120a3,end to end encryption is not the best my recent convo is deleted kahit nakaoff end to end encryption,1
aa79f5f8-aea6-48c8-b49a-9fc7df90e7c7,Good to used easy and faster,5
560e25bc-8eca-4c1a-b9d4-bad41d127f4c,Good,5
181f0c9d-648b-40c4-9387-50ada8031d82,Why does the app not open again after the upgrade it's annoying 😡,1
ce43ab42-fa23-4794-a80e-c7dfcc76943f,Good,5
59da9b33-3dbe-408c-bac7-93e6003a81ed,Good and thank you so much,5
ad10895c-20c6-4b63-947a-5ac643d9deb1,Amazing,5
306d8a41-bead-4c5c-b84c-4e17cdba6a38,After updating the whole messenger become a mess,1
5e21f24f-0028-4f96-ae2d-67d2747050e7,I haven't been getting notifications unless the app's been open since i upgraded my phone,2
40527c40-ef1e-4c92-9fc0-34a8dcbeee64,Good easy to communicate,5
1373d290-4e53-4dbd-974d-c29ba38dd1cc,What we use,5
b80deebf-941a-44c7-88d2-7610a8516b40,I can't read some messages,4
a39dc0d9-a6f2-466b-a0fc-28ee243e0bb9,Always reliable.,5
943ab624-eab2-4e72-a634-15509d9adc3f,Vary bed apps I am of no use,4
b51ea645-f99c-4b28-8508-791097189749,গুড,5
1f32022e-41f0-4edc-affa-ab83f1038dd2,I hate it that you took talk to text away so I give one star.,1
5a41409e-f15e-4c29-a3ea-cf7dea1e0090,Nice,5
d56c4d48-795c-48be-a262-8519d02493de,Very good,3
93bdfe2b-3974-4eff-b042-0cc24b8c6672,"Messenger but always loading now can't open,,, I will rate this App for 5 Stars ,,,Why Messenger can't open,,,why pending,,pls, help to open Messenger",5
a34c6eae-d6ca-4b84-b647-dce3c286efd4,ممتاز,5
da0f9137-7c29-4234-b235-7626757a450b,good performane,5
7cdfb197-41f9-49a7-9bb7-4270c1fd1444,Nil,4
375515cf-4208-4da9-8ae0-58303ed27abf,Good app,5
70b811f5-f12d-4ca0-bf94-29ac7603a043,Great love it!💞💯,5
c15a9a6d-2005-429e-9d67-c82c8ad93e4b,To hard to log in!!!,5
d6333484-90bd-4773-80ed-b0a9ecb6d3e3,I have a meta pay message that won't leave my screen,1
14743e37-54f9-47a0-a7e7-92ce71c5d068,Mihar,5
448ba65a-f261-4412-a54c-ce785865fdd3,For the many years that l have been using Messenger it was almost Perfect.,5
3e18772b-a473-407b-9040-721b06b5f895,Great,5
eb766b0e-fe8e-4aeb-b71b-fba211e9fb48,I only use this app because some friends of mine still use it I have auto update turned off but it still updates on its own without my permission and there's no way of stopping it pass all the other changes they have made which have pissed everyone off,1
c3cd47d4-377a-4d13-bbc6-c6e779165397,I like and love it.i enjoy play the game,5
947d4f40-346f-4dff-ad63-cb329674d59e,Good,5
07a85455-5716-4aec-a573-b8069aacd3f5,Always gorom,5
3a4efb0f-2be2-4900-b02d-88e8da11056f,"What's with the sync now options then not getting the option for a code or ""PIN""?? Messenger lost all my data and messages.",1
dd621986-0616-4972-877b-30dbb9cca74b,bad experience.,1
d3a12a45-6e8c-4df2-97c6-5e9832a846ed,Good,5
5a377339-0cb5-4561-b8b9-3ee5327d7303,Itsgoood but not better,3
1cb4bb30-5dbb-4eff-86ce-0424f5f20c97,I cannot send videos while in the app,1
a8f6686f-88e3-4109-86fe-4017113dc1b4,💝💝,5
92a060ce-c1ec-40ef-b3d6-e58d51e5e6cc,Very slow,1
c053ae0d-c475-44bc-bf62-af1591d665db,My wife caught me cheating on messenger. Be careful fellas 🙏🏾,1
849c8c82-f44c-46f2-9dd6-071c4453610f,Very intermittent,2
552b5e37-6f4a-4944-9b3b-294d7334e033,"Nakakainis yung end-to-end encryption, dahil dyan sa bagong update nawala mga ibang usapan namin nakakainis to! Dapat tanggalin na yan! Worst version ng messenger!!!",1
c6c87fef-a2a2-4bfb-b37b-b20078cc57ef,Amazing app,5
a0d2d9f3-5c46-4186-94dc-e2cfcdab00d6,Okno,3
cc4d2361-8378-453d-8e5f-2a2cded2a5c2,very good,5
3ac0c0c3-c852-4415-88ce-59a663dd3346,What is happeing to the app. Messages are not able to be sent or receive.,1
eeed6468-7a82-4b56-8a67-4bcf75a50ebb,I want one of this fitness please for my backyard,5
dfda2d06-6ba6-4a46-800c-d1a62378af02,Education is my focus,5
04ecd7a2-5b87-4f3c-a1af-d85d18909518,Its so useful app for us...❤️‍🩹,5
9f418060-d0e7-42cd-a458-8e5901a0fb5d,I do not know why I need to update it really doesn't give me anything new it's just worded differently think about it,1
6ef7bd1f-116b-462f-9c2b-fe8ed961819b,"Terrible program crashes and freezes constantly, switched from a Pixel 7 pro to A Galaxy s 24 ultra. Exact same problem exists on both devices. Friends and family all have the exact same problem using Android phones.",1
4205ac0e-62c3-4080-a8d7-08d9897fb0d2,"It use to be incredible untill recently. Whenever I get a message request, I will see the notification but if I open the message request bar , I will see nothing. Sometimes it will even take weeks before it appears . And this isn't good at all for some of us that uses Facebook as a means of buying and selling.",2
020368d1-c8dd-4ffb-90a2-92b2d506bf6c,Enjoying,5
80601e79-fa8d-457b-ae8e-438cf2ffb81c,nice app,5
8a7bcbde-f97c-43e4-a7da-2ef198d095b0,Good Messenger,5
efa3dfc5-6b09-41e0-b30d-1fedb9743b05,Nice,5
b507dc63-1914-40dc-bcfd-fbd8c527d937,very good to use in our daily lives,5
dc50f18e-361b-439a-b5f3-891177e23186,Very hard to navigate.... After learning to use the features I was enjoying the ease of keeping up with my family and friends. Now when I needed it to work desperately 😭 I can't get a few certain messages to go through. Have reported the problem.,3
e69ed847-63a2-4605-b369-f5a4d5b5a0b1,Very good apps and helpful,5
f6423f9b-03bd-4c67-a577-5bc958381329,Nice,5
a4045ebb-0631-49fe-942d-7fbe977bff8e,My account was hacked and when I reported it to meta for help. They were totally useless. I could have got more support from a corpse.,1
c614d00e-9f78-40ab-ac6a-8a39c8d46877,I don't like Facebook I like my old friends in Facebook pictures,2
c381b000-1835-4d17-be64-78d425a2fba9,Bobo nakiki Alam,2
c14e9802-d6f6-4359-b7c6-aa0dd7ecaaf6,Great App,5
0676ae24-7598-4e0d-9019-b31525e1da88,Good thanks,5
c75347ae-72c1-438d-8ffe-a004e5bbb22e,Very Beautiful ❤️,5
92fcaff9-026b-4b8b-a3c3-042cb655b26a,Okay so I had some old messages between me and my late grandmother and these messages had been there since she died in 2017 I'd go reread them anytime I felt low or depressed but I went read them today and yalls a encrypt to a encrypt mess deleted my keep sakes for that y'all are the worse kind of people thats low,1
0451fa69-2a5c-4dd9-b887-ab34abc6ee58,Good,5
3d06a7b9-2d35-471d-a317-62fa307946b1,Better,5
3f635a70-e8ca-43de-b10c-cfcf10090a55,Better,3
300d9ec2-3d74-4804-b941-1ea331feed9c,"The latest round of updates have given me: Meta AI that I can't disable on my mobile client, message not sent errors, message sending delays in excess of 4 hours, no or delayed notification on receiving new messages, search feature inside of conversations is broken. I've actually gone back to texting because of how useless this app has become.",1
c21c17aa-7dd3-4370-ac31-f1425177a101,Just can't get rid of this app.,1
df06d594-2758-4918-b9e7-0fb63fef2b05,𝑷𝒔𝒊𝒓𝒂 𝒄𝒆𝒓𝒕𝒊𝒗𝒆𝒄𝒂𝒕 𝒍𝒂𝒌𝒉𝒆 𝒕𝒓𝒂𝒊𝒏𝒊𝒏𝒈 𝒄𝒆𝒓𝒕𝒊𝒗𝒆𝒄𝒂𝒕 𝒈𝒓𝒂𝒅𝒆 𝒆 𝒄 𝒅 𝒊𝒎 𝒍𝒐𝒚𝒂𝒍 𝑰 𝒃𝒆𝒍𝒊𝒗𝒆 𝒊𝒏 𝒋𝒖𝒔𝒆𝒔 𝑩𝒆𝒄𝒐𝒖𝒔𝒆 𝒉𝒆 𝒅𝒊𝒂𝒆 𝒇𝒐𝒓 𝑼𝒔 𝑨𝒎𝒆𝒏,5
e731d913-4c15-4e34-990b-47157e31148e,I can't get it to let me log in and as soon as I touch the button to access my account it goes off the screen and then I have to try to log in again and it won't let me. FB is the same way. I hope you finally get around to washing your hands after all of the work you have done to render the app useless.,1
5c924a87-5087-4602-a06e-3ad06e648846,Archive doesn't work.,1
0b9fb706-0b04-4151-8500-25de6ec7e713,Nice,5
2308251f-dc99-4512-b21e-29366d5b1721,"Used to be good. Was it for legal/privacy reasons that mms messaging was removed? And why did you change it so that now, when you open the app, the chat bubble doesn't go away? I haven't deleted my Facebook only for this. Still might delete my account because this is 1/10 now. Glitchy and constantly downgrading.",1
b874770c-0d19-4a43-991c-7c504583bb74,"I can't send videos anymore which is supremely annoying, as I almost exclusively use messenger to send videos to iPhone users since Samsung to Apple texts send in terrible resolution.",2
abd727fc-c55c-47a0-8ccb-65a6fe6e4a72,It's really good,5
997009eb-15b7-43b7-ba68-4740da49d5fb,Doesn't appear to be working on Android 15 beta,4
2060bcb0-ce4b-499b-b655-b94c60acac0f,Fast,5
a6cc52fa-7e72-4596-9255-8758f8c4f3f8,It a great app,5
cc4a48d8-e526-4c21-bc05-097f77985bea,It's good and more beneficial to me and all the user,1
ce64a85c-9e53-4f35-ae55-b9a23e76aa4e,"I've sworn for years that every single update somehow makes Messenger worse, and avoided doing do. This has been truer than ever when the mandatory ""security"" update came through, which has made the UI worse (eg stacking images so you can't even tell how many images are in one message) and introduced horrific link behaviour. A message with a single dot assumes a link, which is often unsafe (""mandatory security update""...), deletes surrounding text, opens the link in-app, w/o actual link preview",1
ebc02a07-a366-4555-bdd5-95495a349547,Please add picture once view mode to it.,4
af5ae251-2e7a-4a8e-aa63-3fda876e8500,Para mag ka notes nako ee,5
aa647f60-fc70-4a92-8f81-28738eeab169,All happen that will you use messenger,5
3ee75711-2a15-4c60-a78c-5dc5a0f78a39,Very good app nice,5
61983a11-4c74-448a-942f-38d18f4ff8be,Good,5
69384b94-01aa-4b89-bc80-4e0bab296973,A new vertion of messenger enable you to perform chat and doing business,5
91e63d39-e88e-45f6-9e18-ccd3ef37f9cd,so good,5
3610c2dc-2af8-47a4-8b0d-1feede6175a8,Real connected world,5
1b654279-a768-45f8-96b5-29563f28c874,اا,5
43856730-e61e-486f-bdf0-753a1cfe3bae,"The idea of forcing users into another poorly designed/optimized app JUST to message other Facebook users, was an asinine decision for them to make, all those years ago. You STILL can't even message others on the mobile browser since they can collect your data as effectively. Scummy decision to still see present, especially since Facebook has never been good at making decent Android apps since forever. No thanks.",1
8c8c7591-f316-4785-842c-097a1a5855be,"Application still has some kinks with the bubble feature, only popping up for certain chats.",5
93e9b7cb-d296-4411-a52c-3dbbbdaf5a97,Best app,5
2c227422-06e5-4ab5-bb93-5316d9a0e96f,Love you ho gaya ❤️❤️❤️,5
a7a90657-d544-4ef8-9508-00e8bd120c96,Bad application,1
78efda9e-9877-43c7-99a4-bd93a09c16ef,great app,5
d00547d0-399b-443c-9e71-d8785463d6c0,Quality apps,4
e457cad8-680b-43b0-95ee-155fe97170ae,I love it,5
984e03d0-5126-4426-9702-51ab76f3999d,Massager main audio download nahi hota voice msg bhi download nahi hota very Bad😓😣😞😞👎,1
aab4c70e-af32-4cd1-8646-79789b21276b,Nice,5
c86d0c45-f0aa-4e03-a630-bda94d222d78,It's great experience. Thanks for your help,5
958e72c7-b0e3-4ec5-bc2d-80dd4b0b44f5,On this new update. I was so very curious can't even received any messages sometime. When I tried to back read some messages. I can't even read it since it was deleted automatically. It not kinda helpful for me so tried to go on playstore and I realized I'm not the only one having trouble with it. Please fix it asap...,1
a5ffd7a7-bbdf-4a90-a6c9-77289f1b41ac,"Trash app forces people to accept ""Upload Contacts?"" Skip button doesn't work and can't get past that screen. Also forced end-to-end encrypted chats with no way to turn off. If your chats get end-to-end encrypted without your consent you will lose all your old un encrypted chat conversations. Unacceptable. Give us a way to turn this off! And make end-to-end optional and voluntary. Dont go changing our pre-existing chats with this garbage.",1
d2da5eff-2c8c-4fb1-a6c6-b735ceec98d6,Good,5
30615cd8-073b-4016-a2af-0b4c01623488,Galaxy A52 5G....7...7...24,5
cbbe59f7-ae2c-4d07-96f6-dc048b14e63f,comfortable to communicate with others,5
d26b390d-f0ab-4e7b-8fa3-6202d741c115,Won't let me message now since metal is in control. Go back to the old one please also wants me to install and update everything I try and access my messanger,1
27ce5123-c155-4675-91b3-99cb5c948a4d,bookcantarshahbaz3@email com,1
de56a1ea-ed5c-402a-989f-efe9fd07b381,I keep getting thrown out of my phone for some reason,4
98f582e5-0629-4c5f-a0f7-6e4728698453,nice g,5
979e3135-b67c-4d68-82bc-9e2218583ea8,Good,5
62746b14-d290-4e87-9cc2-8db81a8b07a4,Great sir,5
15690a89-38e9-4bd6-845b-70f30092ef9d,nice ...... ...,5
24387285-60fb-4862-9b8b-915e0289862c,very baaaaad,1
a23431c9-824d-467f-b418-fcbb6df57555,I lost convo because of Meta End to end its freaking unhelpful and pissing off users,1
03a41622-d954-4312-b760-7230b694d32b,Nice,4
01e466b8-fb39-4da6-a19f-9613740bbac4,The app did not wont to enter my phone,1
19f5f928-b483-4661-bd3b-8b04638ef80a,The new end to end encryption sucks i already remove the end to end encryption but it's still asking me for code,1
4a2547c3-0988-48b7-874c-ffeb220d1d90,Nice,5
aa0952bc-7cab-48d6-8bfa-62b78fea4a3e,Ok,5
282b1c9d-546e-4509-9cb9-6c95e3a9ee87,Great,5
d1781a1a-e3eb-45fe-87a2-334a7d3f09e7,wonderful app,5
ec3f6149-ae91-4be9-a123-09c4c3b92536,ok,5
555bce48-4bb7-4ec1-8bbd-d313da963164,Latest update compliated once useful app into a total trash . Couldn't find my friends who are active.,1
2dc01ca5-585b-4f22-8525-4564ae4b5ee3,"Notification sound is barely audible, all my settings are on highest point, on all my other apps the notification sound is loud, i miss alot of messages because of this issue",1
2d68ad6e-cf73-4794-af68-0440341409a4,Can't find the active friends 😔,1
dc409d84-047f-4860-9c90-722c56e6fb32,Toomuch bug,1
06bb590a-8c19-43bb-8533-05d999477555,123iy.,4
d9d90669-4927-4501-9e9e-2ab637f8d08f,"Privacy, no privacy",1
988117ac-4d16-41a6-934e-adb9ff4ce738,Hello We are opening a cafe at ICD Business Park and would like to give internship opportunity to one or two chef student if you have any. DM if interested. Lunch and transport will be provided.,5
35c33a77-dc0c-4f9b-8847-2752ca0c7180,Nice,1
c74158ef-2850-468d-9019-b7b2fcdd201b,Great,5
a08ac472-e27f-49d0-a90e-b993b4eee3dc,Cannot download messenger and you tube,1
91e1a718-afea-494a-9699-d177faefdd4c,Surely💕🙏,5
67f68d99-619c-46f2-8320-2050e3b0b8ca,Nice,5
131b8765-7073-4d22-b5aa-354effa4ea1b,Good Apps.,3
8b84ca3e-bbeb-4b30-9de1-9720f5c8c817,Thank you app,5
3a475f58-0882-4e38-bca9-7bfdd9138a0f,Unable to open it since yesterday for some reason. I use a Xiaomi phone. Not sure about other Xiaomi users.,5
acb6e7f5-fe0c-4279-9f5e-1ec031d75edf,"for New update end to end encrypted chat i give 2★ এটা হয়ত উপকারি ফিচার,তাই নিয়ম অনুযায়ী আমরা একটি পিন সেট করেছি,পিনটা আমাদের মনেও আছে। কিন্তু মেসেঞ্জারে পিন এর অপশন কোথায় যাতে পিনটা দিয়ে আমরা আমাদের হারিয়ে যাওয়া চ্যাট হিস্ট্রি ফিরে পেতে পারি। অপশনই যদি না থাকে পিন টা দেব কোথায়? আর চ্যাট যদি ফিরে না পাই তবে পিন সেট করলাম কি জন্য..?",2
d1f0626b-5c8d-46f1-80f0-3b5202a76a63,Wow,5
8d25b312-6dae-42e8-91a8-ab2c5fe1cd86,Not open,1
1992804d-316d-4543-86ea-a124e0db28ba,"Always problems sending stuff from my phone or notifying the other person on time and some links to send come through as different links. It's the most popular messaging service in the West outside of text, completely unencrypted and there for social media platforms to keep tabs on what we are talking about. clearly there's no incentive to ever fix these issues.",2
8945c188-2544-4225-a3fd-07fb48b61971,Nice this application,5
71720645-ff5b-457e-9c0d-c3f2daa33f1d,This app is amazing guys,4
307a760b-bc79-418b-b2fe-63ec43fd571f,Awesome,5
223f7e93-cd71-453c-b75f-49af9f101694,Nice,5
dcf35ec4-9e4d-4079-a203-f3ba070b125b,👍,5
5f19d1f6-33b3-431d-a06b-a6b914055dfd,🖐️,5
3e39c06c-fe3a-4d18-84b0-74bec5785cdc,It helps me a lot especially when communicating w/ relatives & friends.,5
8fcff30d-57fc-47bc-8b90-c111c109757d,kainis ha😤😤😤,3
a1d6a8bc-c8bf-479c-9fe2-5ea32d5ce796,Cant log out. And facebook takes info n creates posts. Facebook needs investigated like democrats did trump.,1
841c608f-d823-456d-9386-b30946f75385,Anakalakakzzmiakla,1
0f2622ef-df99-4646-8604-72f8b38cdf49,The most useless update I have ever seen on any app. I always used the app to send photos and videos to my friends and family. I now can't send any videos regardless of the size. It says that the message isn't available on this app version even though the app has its latest update installed.,1
dd1bbc1c-8d42-4bd6-bade-ea18a971d215,End to end encryption is beyond useless,1
0ec44497-48ff-4d4a-800b-038f07ea8b61,Ok,1
0ddf3e35-62e2-4ff9-b699-13f3c85ce2a1,GOOD,5
659dce2f-9ac6-4c9b-8d24-cd4ba6a256c4,Supernnice,5
a8d88e3c-ef10-43ad-943b-aed0cab65339,Very nice and good,5
08a473d0-0741-4362-a487-2d52a87ae71f,"This end to end encryption is complete BS it won't allow me to sync without a pin, but I was never given the option to make my own pin! Now I can't see any of my old messages.",2
1b58993b-5582-4cec-a582-742857e8fc26,"Dahek, Giving a 1 star, after deleting and re installing it, my recent messages were gone. Fix this bug",1
e8946f10-3792-4404-a89e-1020dbaae2b8,Great,5
6272a7a9-14b0-4192-a7eb-fc7b5345f766,Very good,5
7eb4405a-9e8b-472b-be56-7250b741f094,Very Good and reliable application,5
c3e7cf92-22a4-4b1c-bf7e-2a975faafeb7,7eta meni😍,5
45c89947-2100-4985-998c-68f94eb25ab5,Ok just for messaging those that you have no number,5
bc6897fa-bf1c-4952-8204-2e379e7851a8,"Why connected people who are not even in friendlist appear in active contact. Why can't I disconnect someone, I'm bored with this and I don't want to block someone who isn't a friend, it's frustrating. Simply disconnected with them after is better to go on all of our own way.",1
943b1ea6-55ce-4df3-a86a-338899ec33ab,Nice,5
fe1e4295-ac72-4513-a02a-5876a47fc2fa,Excellent,5
847a7aee-75e2-4ebd-9a42-aaa9d1447c50,💜💜💜💜💜💜👆🟡🙂🙃🙂😺,5
ec875349-39a1-499d-a08b-bc31ba2822e2,verygood app,5
f27c5da2-a84f-4b4f-b586-be9793c214ab,good app,5
3abca0ba-7882-4aff-85c1-27a4647c64ef,Nonsense app. It keeps telling you to update almost every 2 Days. I am tired of this app.,1
cc11450a-d827-4a4e-990e-f8e1540afceb,mdkahanur,5
d6c71894-0497-4680-bea2-972bfc586c44,Disgusting app,5
0153b977-d1fb-4f19-83e4-9dfea79525fa,Very good,5
b0f4e662-befd-4117-a239-00da7188eab3,❤❤❤❤,5
b162487c-4834-4312-9f1b-c82057e45ece,What's the problem ? Why there is so much glitches,1
cc336d05-e37f-4fba-80d4-d8d5abd02541,Messenger is good ways of communications however can be locate the messages loop eve it was hidden or encrypted.,5
eb53085c-cd7f-4cd8-ab35-ac40e13a8999,Ok,5
c8f2bcd8-27e9-46d1-9cc9-8b7cdd6d03ca,Be very pathetic and wrost because in the video call there no effect working also we can't search effect with there. Previous our personal gallary image and video shows other people on call but currently that gallary effect not there,1
101dc3ec-af27-45d6-9ad5-3b57b2f7efe2,Good,5
3cc48615-c44c-4add-93f2-0840b59cb36a,No upload old massage messenger,4
046df3a9-c1d6-406e-b92e-1767266c2731,Thik thak,3
293e2455-2579-458b-ab29-c054ab9ccd87,Active friend not showing this app,1
7d714f28-36b1-441a-8f42-955f8a485e2e,Good,5
e4ca4bba-6e93-405a-a696-834b97451621,"I just change a new device then the old message is gone even if it has an end to end encryption, can you just remove it cuz it doesn't even help?!",1
5204745f-f568-467a-8569-d14431816f07,👍,5
cfad7d31-f6fb-40ae-8967-5ea3e5ec9575,This version not installed in my oppo a55 phone 😰,2
eb0a5e7a-012f-46cf-b0f6-f30c770cb283,IT GOOD,5
af7086c4-9bf9-4f42-acf0-cfcb5795df50,Useless,1
5747b452-7791-4f3b-9cd2-db109a62eef5,Dami xa messager,5
6ef53e30-6e38-4fa2-8689-8f96600c00f8,Good app🌸,5
3f484bbf-1a6a-4242-b7a9-86708493cddc,Good,4
d9ea325c-2c60-4c32-8ac3-2b5489bc7388,Why l can not update it,1
26b5821e-d414-42c5-a5e1-597fce9269c8,Good app,5
25aaecea-8909-447a-a8d8-51f83cea3e9b,Such a boring app. No one message me.,1
8afcca99-905e-4e1d-9062-448780f27d22,Supeer,5
e281c953-7c1b-4b10-856a-ae7d25f04764,old version yaar.😋..,4
53d7967b-14c9-4cbf-90dd-c73ede14da2c,Good,5
bcfb5ef6-6064-4eed-a2ef-c58b7ee39def,Extremely good for the messaging,4
4a6aaa64-3159-4755-b2ce-bd560064cb26,Very clear,5
0f3b16b8-e0a9-42ce-9b56-8142835ca119,"Bubbles/chat heads issue. When the app is freshly loaded chat heads work fine. After a few days they stop and get connected with bubbles. Sometimes it works, others not. Then I have to stop the app, clear storage and reload everything, now doublely painful with two step authentication. Please fix. I use the bubbles all the time",3
7a85a8e0-8c98-4dee-86ee-bc51a7fa962f,Love the app it's private,4
bdda7d71-194e-4401-915e-6adedd798072,Can't open,5
e5cb78b3-9529-4fec-86f3-fbf905e2a775,Nice,5
fa9f47ea-d46e-44b9-99dc-f76acc10fa1c,Good,4
a43e22b1-7e02-4eec-aada-b412c4e512b0,Good,2
f49a4679-dee0-41bb-8267-e0c885fd8488,Have 2 tablets and since end to end encryption introduced Messenger is not syncing chats despite all settings being identical on both tablets. Extremely annoying!,1
53369e51-9a50-4e4c-a086-a5331bf6c76b,What is this gliTch why isn't it working ? its having issues from several days now🤬🤬,3
2784c607-0675-474d-8675-11abdb9ddc7e,Good app,4
f7d3fb3f-6ca5-4527-9753-85651e3498e0,"I hope the end to end encryption will be removed, because I can't see the last messages from my friends, so please remove meta",2
feec4d47-77e2-4ada-bb56-21088e73f1ef,Fantastic,5
4426943b-db1c-4a16-ad0b-01100e11ae3d,Five stars,1
f4ee6c48-e299-4b32-b784-0e22d92912e4,Frequent missed messages and practically no support for bug crashes.,1
f9b48c43-482c-4b6e-91d8-13fd852864c2,Sahil --sraj,5
f026c982-0648-47c6-ac71-051e24da6949,Amazing app,5
87df2b4a-6282-47e0-9423-5c8e9b59ed19,Very good,5
a9ce8c57-71d6-4e2d-b12b-e76bb2c9de15,Nice app,5
204e0cba-7e83-414d-992a-3a7d6d88e2b3,Massager people option not showing 😔😡 resolve 😕,1
a17e7480-dc3d-4627-856b-314eb542d351,i don't like the update bruhhhhh,1
94011b8b-c64a-405d-b360-792f01a7f19d,Blocking messages from friends and allowing Spam.,2
1eeadf69-2e39-4c0d-9516-41f4155a81cb,Good,5
5cda0324-69c0-4a25-b3ae-80a39816fdbd,Good apps,1
3b139e81-e207-4edf-be82-30bb2bd7e9d2,GOOD,5
3f77a053-8f1f-4598-9c05-a2c23c74b766,good,5
424676e7-56c5-4252-9bdc-b1366acece13,"Worst update, most of the time I cannot login. I don't know why but after the new update the messenger didn't function well it gives me an anxiety recently because I cannot contact important people in my life messaging me in messenger.",1
ad397b84-4d86-43f1-99c0-cb976ffc87e7,Satisfying but there are some messages that I can't see a videos sending by Facebook Friends,4
652d6e20-1176-45ef-b3c9-043fc2258482,Good,5
302476e4-fdca-4745-866b-aacfaf2d1196,Nice,4
788f8459-8659-478b-ac5d-0c3a4cb294a0,Facebook is so retarded this app should not exist in the first place,1
1e4a218f-6197-4e93-9fb2-718f5830c7c9,Nice,5
f0ef2dca-8d7d-4764-bc26-c9b8c8d8a3d7,Gg..,5
cd18acc7-d424-4c10-9a3d-f7d3c3c02692,Sonu Deewana 💔😈💔😈,5
57782a29-1bc4-4a31-b7cb-446a28729ba1,Helpful,5
d1d2c6f3-18e1-4d73-b874-408f7a6a9bc0,What have I done to delete end-to-end encryption in Messenger? Please tell me something to delete it.,4
01239258-c4bd-4d46-bed4-f54cc490555b,This app encrypted without reason...,3
9d340188-6f46-426a-9fbb-a3e71d618f1a,খুব সুন্দর,5
d07b8254-86af-4421-ac5d-61b22f8b151a,Voice not working,5
8666e262-9825-4cc3-8fb7-576ad273991b,Nice apps,3
d9917e05-1763-44ec-b76b-3d682f0ee168,Nice app,5
3f744e27-5da5-46c1-ac73-aea37d5e16cb,I'm so disappointed coz nothing change in my messenger like having notes I think it has a technical issues even thought I always update my messenger and up until now I don't know or I don't understand the end-to-end encryption. Please fix this META.,1
eb9cd034-50af-450b-a0db-f00f4fd121be,soven,4
1a9392b7-c930-44fa-b142-d2f2bfa72a17,Md.xm.sayed,5
866ac5f0-aa12-4658-9324-f8f5e594bba8,💙,5
d552c734-020c-4413-88cb-15e648104769,"I don't like the latest update of messenger, this is worst versions. Bring back the old messenger",1
cb5ff791-0b87-48dc-9398-d5b73eea984b,"Fun app, can chat with all your friends and families with it! (Would recommend getting Facebook also!)",5
8b69b1a2-b7f6-436f-8d62-4350c1dbc50d,very clear audio,5
7ce371e4-6138-4836-80a0-657f88092c51,Still theres no music in notes please change.,5
3eea83bc-ee21-4196-9aa6-a99905337597,Nice,5
1c219b26-f54e-4cad-b85d-303a54960be1,Good apps,5
6795b964-0f5c-45c9-83f2-8125bb8fde58,Useless updates,1
8334ec04-943d-4a61-889a-122d96979349,Mast,5
a5f2fcfd-35af-4461-8351-871433ed4d92,Really good experience,4
af2e74b0-5c7f-457d-9def-642d0de794ca,Love it,5
c7ae856b-becc-45cc-81c7-a68f3474bc36,Nice,5
27c0b4b2-132e-48c7-ba77-740d9a6ca0d4,dhon,5
7a0b2d90-c5f3-4b7a-85d8-e4120c038e13,Shiuu,5
4ddc8edf-b1de-43ef-a90a-6063c34899bf,good,5
6c2b5dcb-b163-4ade-9754-fb5af8619ca4,VERY GOOD❤❤,5
c4eb0a96-6907-40e0-a71f-86d2c741ea50,I love this app,5
45fba417-5d26-4254-b69e-654d5f8cde59,Animal,1
e3d1a4d7-76ce-4970-9c1c-6274825d3582,Need improvement,1
c5cc1b6f-3199-419b-8000-410f799022f4,"WE HATE THE NEW UPDATE OF THIS APP, AFTER THE UPDATED VERSION ALL PREVIOUS FILES ARE GONE. THIS IS TIME CONSUMING.",1
3cddf3ce-5311-48c6-ab1e-8339de63cc86,Good,5
7e6f2f43-ad5f-49a9-a1d2-e0a97af89e29,Bruaah,1
0f9f663c-1f65-4cf6-aec8-db0cfc942f64,ok sya kase nakakanote ng music 🫶❤️,5
ebf1255c-4bae-4954-8460-3c79298f4493,Facebook messenger,1
20a4295f-4610-47c6-ac24-dd7d74022fa0,wow,5
e8a3f724-7717-43d4-b2cc-17244a47e1c9,WHERES THE MUSICCC!!😭😭🥲,1
06dc9eb0-562b-44a9-90cf-4083fc31fc9c,Kainis end to end encryption,1
b28f82c3-b1f6-4965-aa8f-1ed40eb3f4d6,"THE NEW UPDATE IS JUST TERRIBLE, MY OLD MESSAGES ARE NOW GONE AFTER I UNINSTALLED MY MESSENGER A WHILE AGO. THERE ARE A KOT OF PROBLEMS ON MY MESSENGER LATELY SINCE THE NEW UPDATE.",1
be0e3a09-ff3e-4c6c-92f9-2492d06e2cde,I love it India Bowers has met al lot people there.you alot weird folks there .,5
30934763-aef7-49b8-a68e-5f5b7c329207,Nice,5
35afdcc3-fa1c-4c30-affd-8b92f67bded4,"Sucks. Everytime u watch a video, it kicks u off messenger and send you to facebook",1
1e9a0ed6-689f-47d6-a979-dc63a0714bd4,Bini,5
298aa601-617c-4e85-8d12-06ffdba4f498,Hi helo,5
219464e9-a316-42fc-9a85-d7555d87af73,Beautiful,5
9e9d5414-e841-46e0-b89d-d0c53abf5bbe,worst update :<<<,1
42869b49-dd1e-43ad-b9a8-62ac019a2ba6,Good and efficient.,5
7d6602f2-ca46-4153-aa14-59de56696e68,Very nice,4
f6ada260-e791-4bb2-a63e-3ce22504dd1e,poor,1
27929f5c-6291-4381-aab9-6688cee7618c,Kasi Wala lang ahha,1
60aa1fae-8dd8-4052-a161-fb9363eca854,So good,5
c7329c8c-909f-4362-b104-3eb2aa04b491,I updated the app and it won't allow pics being sent,1
6a1ec37f-e07f-4ab7-a01e-d9820dae4c51,Great,5
0adb7d57-da02-4295-bb22-38730f360f41,Camera,5
92aed9f8-2dcb-4c36-ae88-b40c277405ba,Definitely can stay intouch with everyone,5
13a82937-ee79-4182-8f96-25fda5d76a7d,I like your messager,5
57df4cd0-f5a6-4201-9862-5c0c8162b492,Lovely apps,5
056a4bfe-561b-4fce-9457-24b90c357343,Nice,5
1448e734-1ee8-4e21-a689-89d2fee22fed,Couldn't save pictures nor videos. I don't know what happened but occasionally I can't send messages even tho I'm not restricted.,1
602eea12-5bde-46ab-b892-163ba10a5b5e,they even removed the music on notes,1
8ebe7ac6-202f-4d8e-b7c4-a79554a250e7,Nice 👏👏👌👌👌,5
b2bbbf6b-2f22-4cd6-986e-89300816bda1,This app is so helpful to connect with love onces 😍,5
930a01d9-396e-4f2a-a458-b901a61ae2bb,Now it's great,5
888dd5f6-cefa-4b72-8ae7-1ea89909ec61,Faltu appp,1
ccad2465-1898-4fde-ada5-434f5ad4525e,Jodifyufye,5
3f125370-22db-4941-a6df-8fb9b7c2e84a,Messenger not working,1
60037b85-a5f0-409b-87de-b9db6e8fd925,Bad connection,2
2dc35d04-e86b-4e41-85e2-a0258c7b6fea,Super,5
e040658e-b1b7-42a4-9861-35d7bb84bf77,The music on notes is gone!!,2
ef8f90b4-531c-4766-88c2-f68db2802cc0,dna q tinitibok ng hart nya.,1
b28b6ca3-47e0-44be-ae31-4bed355ff2ad,kasi sineen niya lang ako,3
23917a59-b287-4148-8c4a-84b6dfe716df,This app is very useful. Thank you so much,5
ca46c95b-3017-450a-bae8-50c1ba5252eb,Amazing and fantastic to used,5
18f220b1-6779-4509-89f3-4c2726077392,don't work,1
fa345b57-0c93-4db5-88a3-853641b17e19,هیچ وقت دانلود نکنید فایده نداره نت تان مصرف میکنه😂مه دانلود کدم بد کدم درد سر بود😐👈😫,5
7661d0e3-7916-482e-9e59-33dfdfa5f841,انعام خان,5
060f0d1a-3205-4eb5-b305-217184d991e2,Great,5
fe702c89-94c7-4505-8432-908ec46629fa,Excellent,5
84cc11e4-a6bb-4629-a875-747133b3226b,Good app,5
70ce1c67-6d9a-4296-aea7-003e3b8b1a3e,takteng end to end encryption yan di ako makapag br,1
7b6f19a5-461b-4eed-824b-846ee844248c,Good,5
1f2a992f-548c-4bba-8380-e74357890652,"I can't uninstall this app it has taken over my phone,I just down loaded hackers!! People be ware!! Don't install messenger it downloaded a Microsoft ware in my phone who's going to pay for this? Me"" my husband just died of cancer thought this would be a great way to get a hold of family members,now I'm alone with hackers controlling my phone you should be ashamed of yourselves holding my privacy and my phone from me.go to hell",1
657de998-3fbb-466b-b459-e8d45b63081e,Cute,3
b125505a-f886-4ef3-ad8f-9477b39083a6,Good,3
0d3e6171-df6f-4082-837c-d5d77652e97e,Nic aps,5
d3dc5834-6855-42e9-b436-8cc64b56755c,Very bakwas app,1
2ce1093d-f19e-47ba-aa67-491efad52c30,Bad app girls always block me for no reason,5
d00f0ec0-9b98-4a21-9fd8-9f1bd3125481,"If you log in again, there is no chat history, if you send a pic, one by one, the messenger is now worse than before. It has become a bad app. The messenger app is boring now.",1
2b463629-0c90-471e-8bff-3c6e6d6077d4,"Good ☺️ love it....... ...😍😍😌🙂🥰💯☺️🤷☹️🤣🙄😲🖕,😊👿🎉😔🙄""🎉🕳️ 🌄 🌻😔🥰 ., 🙄💤 💰 🥱😊🎉",5
5c22d462-ef05-47a6-9f34-d39623dbaa7b,Very good,5
536aeee7-e1dd-403b-97a3-4831ef90e360,"Constant problems, links open incorrectly",1
96b33f4c-0630-4d10-a663-5981ab045e5c,Nice,5
9f2b8ef8-6830-4f3c-aa02-339cf177d91e,It's nice,5
e4691349-71d8-49e5-8505-dd01728c2674,Good,5
20c16868-f92d-4394-b4b2-c0b9e6f70d95,X is better,1
0c7a8928-f2b7-46a6-8e58-24d333ee8a23,Noce,5
7703b07b-172e-4c56-8ef1-a4f54b4db019,Good this app.,5
9157122e-63a6-4edb-b99e-150b4a25c1a0,This app is best app,5
8b812dc7-81d4-4621-8551-d65a4d6e4f11,good 😍,5
2c249c28-695c-421d-a5ad-016787ce0bdb,MESSENGER IS GETTING WORSE!!!,1
de1191bf-7059-4cc5-8e52-304c5dbd2ab7,very annoying update. end to end encrypted because all my chat disappeared please take back old messenger,5
302b4480-2e9a-430d-bbd0-005ae1ad9c8b,Good Game,1
c39cf478-13f7-4f30-90b9-6fa2bedc02cd,"So if you're listening to music on headphones and you make or get a call on messenger when the call ends, the music will play outside of your headphones which is very annoying because you're still connected to headphones. So I have no clue why this happens but it gets very embarrassing your music playing out loud when you're wearing headphones. Please fix",1
a123fc59-d7c6-446c-a28c-cdcf4f37e62c,Nice .,5
85a2e720-532f-4069-b5ec-c56360496d02,my conversation just disappear after that end to end encryption now i going to start,1
f106f6f8-c464-4dc0-a2e6-433403973cc9,Great,5
a84b9e88-0339-4652-bc68-b8838364a378,Good,5
9ff85050-446d-42b7-8792-148dcf2fbc35,I don't like the end to end encryption,1
c0a3bd87-10ac-405b-8ac1-51acf7ee4459,Spyware. Use a VPN before using,3
8c899459-155a-4825-8ab2-8ed799695971,Ok,5
34066793-ca35-4b55-a638-a365b6d89f58,So stressful update. Try to remove end to end encryption fn Function. Its not usefull.,1
021be48f-0064-4d86-9104-62ff9cb66063,"Can you please remove messenger notes on facebook story? Fecebook story should just be pictures and videos, not messenger notes too 😭",2
8000e51f-69f3-4362-8d24-84ceba41b605,Grte,5
33245765-3c58-4f75-b0cc-b83c299565d9,WALA KASE AKONG NOTE!!,1
71253fc3-aa82-40ef-90dd-b2705f7012ed,I don't need to use it yet,2
7f0a3a84-8bf4-45d4-964a-b0f9e7c62615,good,5
bd966ff5-71a1-454c-a493-cb92413464e6,Loved it,5
3a4a7bd0-793a-4b54-857f-8b3657d84764,WORST VERSION! I HATE THE END-TO-END ENCRYPTION.,1
db63fe92-dff7-4a19-91ea-a3869e5f1eee,Effect on the phone right yoga ggudyfmgjfuf fjgif cggivigigigkgkgigigkg million gcgggggo,5
f7f28287-3911-432b-8898-3eca22495981,Slow,1
da85331b-24e2-40c6-a30d-fa800843aee6,Good,4
fa448308-05c3-41ba-b35e-6c6ea13f7ea4,Wow l love it 💖🤩,5
cc54bdd9-d67a-4d42-ba77-7e2d5a70d347,its ok but idont have any kachat,3
f98074bd-2cc0-4ae2-8fd4-1ad198f4b857,TANGA,1
5d3fb502-3aa5-47d0-a12c-c2ff755177c6,Osam,5
0483be62-d90c-46e6-b1a6-b479cb498b9f,If this can't get so it uses less memory I m uninstalling it. Over 2 gigs are ridiculous,2
1575045b-8b1d-427f-876d-cca043b5a0ac,Good,5
10d82fe8-95bc-44f5-9ab8-61ba1a470ecd,This Application very glitc and bug pls fix the problem,1
d9376e54-4c05-453f-957c-79c98144dcad,"i don't like having end to end encryption, i hope my old messages will be back because i dont like having encryption",1
0ac6be45-df88-4910-b09a-df7f5e939a7c,"Can't hold down and select all currently being typed message. Edit button was good when it can be accessed easily, now it needs more actions to perform it. Then sometimes notifications are very delayed, even when you already read them.",2
b3334a22-f125-4df7-a299-16e9cd5926d2,Wonderful,5
fc7449a2-0644-458c-9bd9-b95ba89f129f,Idk,3
1b9ec640-430f-46e4-a8ca-b637a318bcc6,Excellent for communication and chatting. Very good application but its guidelines is so dirty 💩,1
5f384348-9d4c-41b4-9a7e-97a7dd780d4f,Good,4
872799de-249f-4a6d-9e03-c42c8ba23887,Bad,1
b4e16043-02fe-41f2-96c7-df8bc4a1099a,Very very nice app,5
ee9b8a29-f803-4d72-b1d8-feb12e580280,Good app.,5
b0eefa02-ff31-4f83-bab0-29e6f320c49a,Good,2
055d24ac-08f4-4b46-bdc2-ea5d1bdfaba5,useless update.,1
f53b3eb8-cb87-4611-b9f5-850f806295fd,Ok,5
9bdb4527-820c-45d3-a541-cb0771bcae95,Very good,5
81b542e3-921c-4e0a-a4db-40dc94279632,Not sending or receiving messages. Uninstalled it and now it shows messages from March and earlier. And still not receiving messages..,1
744babe2-56d2-4d82-a479-47ccd7da775e,good,5
2ff5c677-fd82-4385-bece-397e5ba6dc52,😠😠😠😠😠😠😠😠😠😠😠😠😠😠😠😠😠😠😠😠😠😠,2
ccb31a37-3052-4454-a04a-ba3cca50001f,Very useful,5
fcb8b6c3-2269-4530-aedf-847fd2899a92,History chats is gone because of your update end to end encrypted ... Poor Application!,1
f9563ba0-9319-479a-82de-2d889059286e,The app is not showing all my friends and I have to keep searching for there name to message them,1
dcd90cbf-af35-4055-8441-229a2452dac1,য়তজ,3
08c86af8-3796-4158-93f3-6af2b4eb8d0b,Always lags,1
516deb46-8877-44cb-879e-075ffbac35ff,​ေ,5
435139f6-e679-43c5-9d12-f1ab3ff89b0e,I'm so very happy,5
2e8c7de9-b6be-4677-850c-7f19cac6d6ba,I constantly have an icon telling me I have messages when I don't!!,1
3de92cd5-c64c-4cf4-90bd-0a023806ac4d,Good,4
62704759-d137-4bc5-a941-922133bca3aa,Great,5
0e44471b-54e1-4886-bafe-5de2134511bd,Great,5
aa6c1a8d-d3a9-4113-a18d-79217eeeb64d,"please bring back the music in notes, why you guys put it then suddenly remove",1
68bb3168-e558-4e81-ad9b-85f95c295a29,Guds,5
b526b334-86af-4939-86f4-95fd74133d3f,Quiet mode for this app please. Like in instagram.,4
883cf38d-1378-45fc-a5b8-6bd9f9ac6c28,🤞🙃,5
167fe87c-c11e-47a6-9220-56381f3a98b8,Cool chat app,5
4f6ac5b8-f37a-4bab-ae13-32925c50ab08,I can't see what my friend send me,5
76e308c2-37b9-4bc5-955f-7d8aa14448d0,Very satisfied,5
c92ee12d-4065-456c-a4ae-a6ba35a76b16,Naiv,5
48f95282-90d9-4c8d-8220-b3a84b908ecb,Hey Hey,5
713f651b-86cb-45c7-bdda-326649b6eba8,Why i do have no song notes??,1
e4ed766b-072b-42fd-86ab-ded6e6dd1b7a,Good,5
874afda4-2e80-4288-976c-9f30b494d05f,"I had this for so long but ever since end to end encryption came I hate it! Some of my flies were gone it's stupid and when I had like the song notes I tried it at first it was good but then when I wanted to use it, it just didn't work I hate it 👎😡",1
bc197790-0050-40b2-99a4-e958d60c3d14,Pakyuu,4
4040f26b-6299-46d2-9991-6d94502623d1,😐,2
6902906b-66ad-4892-a650-33ba77e83ba4,End to end encryption sucks,1
2c6d914c-e987-43fd-b8f4-c8af197e16c4,I HATE THE END TO END CRYPT MY OLD CONVOS GET DELETED BECAUSE I DELETE MY MESSENGER FOR SOME REASONS,1
15171768-e6fd-4042-be96-703dbc8a9f58,Very good app,5
f926e81a-b794-4dab-9fa5-bf652d4afe0f,"What can I do , if my messenger is appear blank white screen while video calling?",4
55611874-93f4-473e-84b8-967e665a445f,Good,5
f8a93ef0-6466-49b2-8baf-ccf3caea97b4,Good,5
3d0e7dd0-acf3-4965-84bf-40fc666714e8,Kwach,5
8b623f4e-9394-46e8-a88c-11c1d968916e,Nice,1
8e1ea688-ebe0-4284-a343-e1d3a51bb2c5,ik,5
7c6daeac-7c3c-411d-999c-188847afd981,So many bugs,1
2b106f0a-2352-45ff-b6c2-37a4895ed11a,It brings the smartest way for communicating,3
9887faea-8cf9-4410-b4f7-eb4e4e2896e1,I really liked it i can chat my friends and my family its super fun i love it download facebook first so you can chat on friends <3 it really looks the same I hope this helps you,5
0d2fb21b-6a60-4b94-9a6e-3a77d8b9be7a,ok,5
be4c882b-3656-4a07-ae0b-9d36840926d8,is this a bug? no one messages me,5
3b05511b-f4b5-40da-8285-b55c10953b53,"I need Help With the End to end encryption, I don't remember putting a Code for the end to end encryption? And when I try to go to the website for help it doesn't load pls help",2
8155c531-6cec-46de-be0c-3a7917f8b1f7,good👍👍,5
0fe7b15a-112c-439a-a9df-971ec1cd6945,Good,5
247305fd-0804-4fcf-8f22-a0cf44874516,"Why did my music on notes disappear, i had so much fun putting songs on it 😀😀",2
988d11a9-560f-4640-8180-d772eb974064,👍🏻,1
d6f1ca17-a8bc-47c2-8172-c8d2b22cb437,Nice,5
b5c8338d-56e9-43df-bb2b-8c3156680b24,good,5
7a04a992-1082-4669-9049-1fd2c75fc88b,good,5
18c99c3a-f1db-4f17-8b6c-179019b02e9c,Can't live without,5
c4f9431d-cb38-4c54-9ad6-7533c89b1a38,Good,5
923eca43-e589-48b1-af3f-aab9bb4156b3,Wheres the music from notes?,3
8bfc2d4d-6432-415f-9cb1-a02abf215c66,good,5
82aa3acb-3231-41f0-83b8-0a27d220ff45,Goog,5
43ebf7e1-3d78-4628-8c1f-4a045e368e12,Facebook,5
38f4cb98-f725-45a6-abe3-fe17f44c5f58,Good,5
98b41b77-2dae-4c4d-a407-16ad0f8fbdec,WHY CANT I PUT MUSIC ON MY NOTE ANYMORE,1
db3bbb1d-294b-4046-aa86-ad06f93be632,Can't play videos that are sent to me,2
a636a06d-318a-4c50-92e7-b0a630db8e2a,Ok,5
708507b3-2998-4970-a614-df2c742caefd,Can't hear video call sound,5
938f1ff8-2bcd-4617-90e8-a206b8c6a407,Very good app for send a message,5
4de355c3-f0e7-41bf-b5f1-32ee16518954,Very helpful apps,5
d43cc7e7-0d2b-4248-9403-34dc00d6330d,Mustak sk,5
f18808ce-a9fc-412c-8660-eef8fa91fa4f,Delayed mag change account,1
07a686a7-afae-452a-9185-167750e9c603,The messenger isnot responding in my device .why?,5
6e76d0d4-5cd6-44cd-8389-290ae90656f4,Love the app,5
de18321f-a102-4ee5-99c4-c429c6db4a94,Not only good,1
680c93cb-8d21-4da1-bba7-324e4c33187f,verygood,5
61834863-07a1-4611-bd68-cd6c6dbdcf0e,Its so wonderful,5
bcf1eb9a-bb13-4a99-b43f-25eecbd317af,This apps is very nice to communicate ur family in over the world,5
10cb758d-057c-4584-9835-8efe115df39c,I use messenger every day.,5
8db28f49-d5a1-4891-945f-cdf67f62936d,Good,5
bab5fe51-08d4-461a-9dbc-6265ee2a0f29,It is a good saite,5
fdab3dc6-5d55-4563-bd40-0e5efb040487,tanggalin nyo na Yung end to end nawala Yung previous conversation kosa mga kausap ko sakit nyosa ulo,2
b8ab87d7-0841-44b5-bd3c-883424d91d47,Its a nice👊😎,4
9c62377c-b206-4f0e-9056-a2f81b4d7746,This app is Awesome ...,5
45aacbf7-fed2-49c6-a522-be3c595c1068,Happy,1
63a9a50b-7fe5-45a8-973b-bbcb1036d6f1,⭐⭐⭐⭐⭐,5
9ca73f9c-8f0f-489c-a7a7-f8dceb905c82,its a good messaging app i recommend u this if u havent yet but i think u guys should bring back the feature where you could put music in notes like Instagram bc its really cool and i wanna know everyones music taste thanks,4
6ad91cd2-36e7-4424-abfd-1258d4710276,Good,5
27a8fdb5-aea5-4e8c-9b31-59525641386b,"POTANGINA NA END TO END RECEIPTS NA YAN, PANO AKO MAKA PAG BR NG MGA PHOTOS AND MESSAGES BWESIT",1
d89b67fb-ac53-4acd-b711-5d31533746f6,"**,zzජජජජ,ඊඉ,ජජීජජ,ජීජ ඉඩජ ඉඩම් ඊ කඩ ජජජජඊ අඩෝ ඊජජි,ඊජීඊ ඉඩ ඉඩ ඊ ඉඩ ඩිජජීජීජ ඉඩ ඩි ඊජීජ ඊ ඉඩ ඊජජි ඊජීඊ ජිඊජජජජිජ,ඊ ඊජීඊ ඊ ජජජජඊ ජී ජී ජී ඉඩ ඊ ඉඩ ඊ, ජී ජී ජී ජී ඊ ජී ජී ජී ජ ඉඩ ඊ ජජජජඊ ජ",5
8b7da44f-99cf-414a-853e-41abf63909ec,Very worst app,1
0f9b5e2a-f6c9-41ac-aa57-0670bd2393f3,Very good,5
a245b8cd-bf01-4581-994c-7730eb09c571,BEAST APP.,3
2b2271f1-a169-46aa-9348-f62852f4b389,the quality of the videos and pictures could be better🥲,3
424dfb79-197e-490d-bff5-dcbe4e430c97,This is very usefull app🌺,5
ab420939-2876-4e69-b5fd-062de20779e6,Piceh dolte my massage,1
0f005361-bce0-412d-a48b-72b2b12964b9,কোনও বিজ্ঞাপন আসে না খুবই ভালো I'm happy,4
bbce5ba0-d84f-42ac-abcc-4d865f8a823f,"Makin lama, makin buruk!",1
2146671d-97a6-4395-b0b2-0f4ecf16a257,Good,5
1e7072ea-391d-4c07-8103-82ae146a4cc3,heyyy!!!!!!!!!!,1
58c56408-f155-4fd6-93f1-90676ef0425d,"I like this app bcz i can communicate with my friends and othes,not just that i can call to my classmates!",5
b2b2ccb4-8415-4595-9b7a-9a7a442b3976,Nice one Good,5
e131f051-9c6f-45e6-97fd-bc8ff71043c1,The worst version ever,1
e037cb02-4e77-4994-bb39-13f3176db9b3,Ok,5
ed044e41-85de-4570-8f94-0b225c2c90c7,Very helpful,5
f6b75752-8546-4e2b-8b85-b60fb3198ccd,Very good facility,5
c877a89d-9fb8-4aac-a270-847ab411ce8d,"The baubles is useles i hope the old one, pop up notifications will back ty",1
ba4afbb6-1e2c-4fa3-9705-e0584fc617ba,please bring back the music notes🙏🏻 and the new update looks like the chat heads got smaller,3
075a2514-42c0-46a2-9390-c03584e8186a,Delayed chat,1
308346bc-f849-433f-b637-4321c54480a8,Good,5
61f5b28d-72ee-4d00-afa2-63863d2c22ce,Good,4
264b2319-2ffd-44b7-97a2-166ebe129049,It's now the worst update I've never seen before.,1
038b5fa7-c3ed-453f-9aff-cfc179c10222,Love it,5
43699c8a-1192-4b69-84e2-340b723b43af,Worst update,1
89aeb94a-cbb0-495e-a4c2-d7f4d82ef70c,"pinned messages disappear after reinstalling the app. frequent bugs when searching history and bugs when back reading in general. bugs with stickers as well, features disappear randomly",1
8998c93f-1e78-4598-b77a-78ee32bef6d1,Faltu,2
9c703e8a-1bd8-4254-9d8e-fa3bca155ebb,Not good,2
bc3d6921-b7e3-41cc-acab-265f913859ff,"very epic messaging app, but i have a suggestion that will make me love this app forever. plz add a feature where you can make your own themes!! custom themes can be perfect for the app for customization!! ive been wanting that feature for a long time now. i would rate this a 5 star but its missing my most desired feature 💔💔 please add the feature im begging you",4
e085b3db-82b4-431d-b727-fbf85a52f086,I can fix floating video call .,1
969acbe5-b50b-4b0a-ae5e-6fdc86c729e8,its exelent ✔,5
5f0aae38-7e44-477d-a1cc-9af9c7742b59,Good,5
02186462-055c-4036-bbfc-ce0b18f0493d,"Pisać się da i w ogóle, ale po tym szyfrowaniu od dłuższego czasu to masakra. Człowiek chce znaleźć jakąś ważna informacje co była trochę dawniej pisana to nie da rady bo nie wyszukuje jej wcale. Przy zdjęciach i filmikach zaś nie pokazuje kto i kiedy wysłał czyniąc szukanie o wiele cięższym. Aplikacja sama w sobie często źle pokazuje, na które wiadomości ktoś odpowiedział i scrolluje wręcz za daleko. Gdyby nie bliscy to dawno bym usunęła tą aplikację.",1
f8e721e9-e0ac-40c9-bc8e-0292b756d81b,The process or switching accounts on Messenger is terrible. It takes 500 clicks and 760 popups to just switch between two accounts. Should be a one-click action.,1
91a76efd-8a52-42fa-b1f8-884a9be6bda9,Very nice game,5
d8b393d8-89e9-48e4-9565-bc25249feeaf,Naic,5
7b3bd1c8-66f9-4dcf-9e58-41884793c311,❤️❤️❤️,5
385ecdf3-4d14-4d40-93d6-57e9fdee0de3,So esely app bro,5
f0d769aa-922b-45e5-9957-4411404f9243,Nice,5
abc0e4c7-30a7-43ea-ae4b-ac930854e910,very useful,5
515f54ca-cace-4485-af6a-b266d0931157,So cool,5
9c1eeddd-cfeb-4768-b4a1-f05364279b5a,It's good there's a time not using,4
a5d256a2-acb2-4120-8991-871db6f99c61,This is the third time I'm updating this app if u need money let us know we will donate some,1
7f70011c-036a-4c17-afc0-e5f22407b2ba,Good,5
ddae43af-ea89-4abe-8b30-8351512577b1,Was working fine till it wasn't. Can't open pages or videos that are sent from family and friends. Says your version of messenger is not compatible. Cannot update messenger.,1
cdc9c117-24be-4ef5-94af-f45c50de3fc5,Good,5
e35616ea-a1d1-48d5-b4ae-dedd435f3e03,Why in the Conversation in the Media photos some of the pictures are missing?? i already reported but why did that happen?,1
4383d6e8-e85c-4d7c-889a-189f3bc4689a,The update end to end makes everything harder,1
168c9671-6ab1-40f8-a85e-ae40bc0ff544,Good app,5
5d96aa00-395b-43c9-8fbd-d162c0f5a18f,It's good performance,5
d716e0a3-eb46-4f01-9f07-db98a37a1d46,This is amazing 😍🤩,5
b641682d-59a8-4583-983d-67d9e1e8d8bb,Its not good you can't even chat with your contacts,1
a6e3a920-4e07-46aa-8454-44e6bf90a4f0,"Nice,app",3
1b3323e2-6ec7-4197-b47f-979fc81df12f,"I like the app, it's very helpful when it comes to communicating. My only problem is that whenever my friends chat me, I don't get a red dot on my headchats indicating they messaged me, so I often don't notice their messages because there's no red dot. Please fix this and I'll be sure to give a 5-star review. P.s I have already updated my app to the latest version but it didn't changed anything.",2
7d9ded57-8f29-483d-bd75-0096b30a5e2d,Manset ino developer na,1
c98e49d9-402d-46b3-904d-2b86fc535e93,"This app is horrible, I've been having issues in my chatbox, sometimes my texts aren't even sending, also I can't even open a file, video, link, this is so annoying, you need to fix this app ‼️‼️",1
60e2d894-6361-4536-98d7-68e3dc955116,Good App,4
74841692-8d5c-42e3-aab0-3cfc15149331,Updated July 6-2024 so much fun useful you can speak to your family and friends and see them no matter what state country they are living in ❤️ love it,5
1aeb16ba-7345-4024-9d97-f248ff840c2a,So good!,5
35ec94a1-3ef1-42b1-862b-d03a41961373,"Hello, I'm experiencing a lot of problem here it is about the end to end encrypted issue that even I do enter the correct pin it doesn't even restore my messages history. It always says that it is a wrong pin and I did a lot of the other options but it doesn't apply to be restored, Wherein, I can't be also notify that I was messaged or can't receive any calls and chats, I hope you can work on it since it is a very serious issue here. thank you.",1
021f9ee5-d780-40db-96a1-ff0990224544,nice update,5
a340ffea-d5e8-426b-90e4-e3505c239c57,I’M SO UPSET RIGHT NOW. I ACCIDENTALLY DELETED THE APP THEN WHEN I INSTALLED IT AGAIN ALL MY RECENT CHATS WERE GONE BECAUSE OF THE 'END TO END ENCRYPTION'. IT'S NOT HELPING ANYBODY!,1
416c75cb-df46-43ba-8ea6-8cefd10f45a6,"New update sucks, pls Remove the ETE feature!",1
1776f66c-4446-4000-8137-97352f9d3d70,Nice 👍 I love it,5
1bd768b2-1f8d-4771-87e6-90a96a95bb26,Good App,5
886e7c1b-4580-4fe5-95fa-cfadfea5a4f8,Because when you are far away we may use this app to see relative's people,4
2f85bca9-30fe-49a8-9ac4-9f0e7c455361,"This app keeps on getting worse, terrible instability and videos either won't send properly or at all.",2
f15756d9-8547-4978-9ade-5a019e054b22,So pretty and usefull,4
1323a876-2037-4df9-b19f-91ad88301b45,Bad experience,1
c98d55f5-72c6-47ab-b0f9-c2cb066db050,Your app is glitching when it comes to bubble heads i have this problem when i close a bubble head somehow the screen freezes i can open the settings though fortunately to close the bubble head permission,1
9780f6f4-d00d-498e-a2e3-30254cdf85b0,BRING BACK THE MUSIC NOTE!!!!,1
8bb22ed0-db4a-437c-a56f-a3fd23849761,Yung messages ko dahil sa end to end encryption niyo nawala lahat!!!!!!!!!!!,1
9e7099ff-c311-4966-a017-927c3964e14b,cool,5
30141e06-4969-44c4-acdc-8b463e6f7f91,I can't open the chats today. Please fix asap.,1
5da7a216-a0a9-4626-b4c8-cdef8ab7457c,Actualizar o meu Messenger,1
2fb7cc41-b3b7-4a96-8527-f7673c63553e,I downloaded Facebook and messenger and I didn't see it in the home screen,1
b86faa66-2924-4e7e-9e06-7c849ebf2329,Bad,5
02ab011d-1776-4148-a512-6ba9e5534d62,Valo nha,5
6661df3a-4c29-4ab8-a61e-52c42c5db451,Hang,1
1ba5de3f-6d09-48d3-b8c7-f26a76008432,আমি মোঃ লিটন,1
434b8fbc-f23d-4f63-9a90-42278dc327fc,I dont like the video call effect.,4
207b14e6-c22c-4a15-a605-2ff617280daa,Soso,3
aa8dd882-d1a3-4245-8c8b-3f36fc35181b,Very good app,5
31273a23-8b10-4c30-9229-d636de5be3c7,Camera 📷,5
4c2da989-895b-41b9-813a-23abe09f4f8f,Good,5
a10f5e65-cee8-4a4e-a0c9-8d19ef1fe107,Its fun,5
cff396c7-e36d-4e02-9bae-db4d9714a7dd,This is so amazing apps and this for helping me.,5
74bc6298-39bd-4581-914c-a416ea9d3b77,Happy,4
61921f11-3e14-4879-95de-05a662aeb89c,😎😎😎😎😎😎😎😎😎😎😎😎😎😎😎😎😎,5
63db3a9e-541e-4c15-9ed5-23fe077c649b,Good,5
f964d40b-15b3-40dd-910b-ebb51f85c0a4,I love this app🥰🥰🥰,5
aedbc9f4-0ea4-409b-8b3e-385cc31f8dee,call,2
c910d68b-bcf4-4b49-8ec3-fb32563ea15e,"h it no,",5
1d9427db-0cd7-4ee3-bbeb-12969c895d83,Nice app,5
a8bac51c-f4cf-419a-977f-2b5cde14d93f,Why is problem receiving messages through this app via Data? Only receiving when i swap on wi-fi??? And there are often many updates why not 1 up date which works???,1
56af3f12-042b-4f08-8da5-9d8e6fc5ea0d,Its trash slow and doesnt send things like they used to anymore and loads so slow on a high end device and a high end wifi 6 laptop or phone. PLEASE de lete tf out of this app.,2
ed46c395-6e7f-4205-a1df-ec2080d8f2dc,Overall it's good but still there is a drawback..that we can't delete the contacts from.messenger that are not added in fb and we talk once...in the previous messenger remove contact option was available but now all the people show online that are not our friendlist although we talked once,3
266bb4b8-8ab4-49c6-b41e-08af1659c6d3,Bug 😤😤,1
bc3faac3-1334-4bc3-88c4-e8482ddd27a0,have a bug,1
ada8f972-948f-4c19-a7e9-c28cea8aaef2,Perfecttly ok,5
c8b6cf9d-6ad0-4af6-b3d4-7b9284e06ff7,Great,5
b155885e-43c1-4b77-8e5a-d538030e7756,Nice,5
beb97460-7bb2-4322-936c-c1948e444f6f,nice and easy to use,5
437fc333-e5bd-4ca7-8ea8-38f686751729,"Nice app for connecting to my family in the USA , UK and other countries 💕",5
9b9f0970-6dde-47e6-ae58-526cd0c9bce2,"I CAN'T EVEN LOGIN MY MAIN ACC, THERE'S ALWAYS ""SOMETHING WENT WRONG"" WORST UPDATE EVER I WISH I COULD RATE IT AS A 0 STARS BUT CAN'T THIS IS TOO RIGGED FIX IT",1
f111278e-3ff2-4d68-8460-39a9055640d0,"Sometimes I can't see if my friends are online or not, idk maybe it is bugging",4
5370a798-cb30-4127-94b4-21ab3ee56a7f,"Hello, the last updates of both facebook&messenger drives into worse, why the stories of some of my friends didnt appear to me in stories list? and many things has changed but the updates not in appropriate, why I have to wait about 48 hours to block someone! Am I forced to wait for someone who harass me? Really weird!",2
25856cc7-d711-43e5-b4d7-bb820d00ccaf,Messenger very good Not now,5
aaad84b6-4192-474b-b2c7-69160da97725,Gud,5
8a2b3303-1985-4b92-b769-3e264e26add0,update,1
49965c85-a78b-437d-a32e-7781a1c190d4,"Why can the two talk video anystead of texting so that they can hear the person voice, but not see them if they do not want to be seen in only 20 days then it automatically goes into virtual",4
d6cc9be0-94b7-4fa9-a49c-f5e97433d68a,Gul Amin Malik,4
18f35d77-360f-4678-b284-7b96f9d45579,Can't send a video to my girlfriend,1
e2a3f389-bf47-4e9f-8018-41300f737091,Won't let me send memories. Says it's unavailable on this version 🙄,1
b9332deb-20ce-4881-a577-459337354b29,The end-to-end doesn't shown what someone nessage me. its useless cause I won't be able to reply to it.,1
85b9b4f8-1926-407c-9f56-60327a02847a,can't play games,1
536e5a69-c792-434d-ad70-51b71677b4a3,You need to fix it,1
31f4a207-8061-4117-8164-ca4e54eade03,easy to communicate,5
e430d6eb-0a2a-4716-accd-87a253000054,U love this i swere to God,5
78562b12-e390-437a-aca1-2b6880d6f2d8,Good,5
8ab24465-964c-492c-9640-b7e1c03a8b64,It is good,5
6f7b2f92-62ed-4ae8-ba25-c5acae71145f,Mobile very chaling,5
13af3720-0adf-4772-b459-6e049d71876c,Good app,5
a16c5b33-248c-4519-92d7-8de7631c5993,always connecting although i have stable connection👎👎👎,1
2b548bd1-6107-4988-8ac3-bfce1665b1d8,Amazing app l love it,5
4ef38faf-ea5f-40a8-85ba-27ef2000b165,Nice,5
af80916b-824b-4a9e-ad5c-f32bdd165b5f,Whats happening to messenger right now 💀,1
c50c3bdb-7365-4afa-aba5-6fba02349139,this message is not available on this app,1
dcae8832-6e0c-40ef-987e-54eb74db9b11,Naw hnin,1
3798982c-36da-418a-8ea8-a399e13d9919,Lovely app,5
16cfba22-42ae-48c1-9650-b51232daa960,"I really hate this app because of the sudden update. My God if there is another app to communicate with, I will never installed this app.",1
7daa9a13-0e7b-4c77-9ba4-a7a92b595dad,"A stupid app that sends my messages in empty forms,gives few and mostly any notifications for my received messages takes hours then sends notifications all together bombing my phone leaving me embarrassed for not checking messages,many bugs in it .. It's the worst now ever !..MeTa developers are wasting time taking off posts , shutting people mouths and controlling the public opinion in matters of humanity and politics...Do your job properly! make this app worth the data saved on my phone.😡😡😡",1
789c6ec6-f542-4e95-9126-49681a6a5844,I don't like this end to end encrypted,1
b32eb6f7-7834-4cb5-bb51-75aa23fa6e21,Nice,5
8e8eac7c-186d-4171-9b15-c9eef19054a4,"lagging, conversations not opening on samsung S24",1
f1d71ee5-31c2-4aba-a38d-a86b33b4776a,Useless updates,1
e9aca702-ed15-40f7-9053-80ba15018403,Excellent,5
78483a72-9211-4ba7-8749-e96cdfeff9a4,love it's app,5
fa6518ae-473a-4ae0-8a02-cac5dc7ecb8a,مېنهاج احمد,5
87591a1f-c9bf-4ca1-b62e-3c2261af68dc,Very good,5
fdaf837e-5342-4a72-b20d-1583178456a4,Why the h3ll this is taking so much Storage space? For just a messager? Are st¥pid app developers?,1
e2e3c6c4-586d-4a88-92f7-c4d192d63e22,Don't know how to use this but I will give it a shot,4
7b5a671f-166f-42a5-8a96-662cdabecc76,Nice 👍,5
32feb60d-0e66-491d-a1f6-dba9de029e19,"Used to be a fantastic way to communicate with loved ones too far away to text (example I'm in the US she's in AUSTRALIA) until the two step verification was initiated, set up my pin and then when I finally had to get a new phone after 10 plus years, the pin I have and all other pin combos won't work and resetting it is a litteral nightmare of looping messenges and emails with no way to reset it. Absolutely do not recommend as is.",1
28907ad8-3ffb-40fa-89c9-1f6fa3c13d13,Pler ×80,1
07dc6613-cf00-4aac-abbf-0ec2ca1872e5,I would not let me go on it,1
9c3a8110-4682-4256-a399-b9b12b4ef0df,I like it,5
dd868634-44ea-4f51-a772-919384926144,good,5
56d66abd-9cec-4755-b19f-25d77e8f6e6f,If messenger keep the music from notes it's a five star for me.,5
9bc8b158-d7cf-4802-8926-d7259395e803,"Bo² ng update, ayaw magsend ng messages kahit may load. Inangyan, patapon.",1
9c4abd57-66cc-410e-b37b-429d05094d4e,"Simple, quickly, and best",5
7d946d11-cc4e-4280-bd07-34c44a3bd66f,"After the update, I cannot use the app properly I can't even note the music again, I was impressed in the first place after the update but, then the music itself was gone.",1
6e1edd11-dcc2-45be-90d3-73e2e1ca181f,Why you update the app if it will be useless for everyone,1
2a209722-b93a-456a-8316-c1cfd907072c,Nice,1
104e7b4f-204b-4158-84a4-330bbb5ce418,Nice Apps,5
16320150-d849-4a95-9bcc-4bd025ff7de7,Missing notes to my account,5
f8e46189-2ec8-48da-9e90-6567992c3b25,Manage 1 star,1
6afb705c-ba66-4658-8e3e-0b8c076393ec,تم,5
804de433-5713-4361-bdbd-405b1bfff7f4,end to end fitur kagak guna,2
d0a64428-5ec7-41f4-88e0-b10bc8c6e4d3,Update version is not good not showing active members pls make it older version is better to use,2
0b1f7e13-a10b-4e4a-aec7-5f73419e79a7,No idea why I cannot see other people online on my app,2
c95ab178-1df8-4948-bd94-74c432fc4460,Ok,5
28bf3a7a-7be0-42fa-a258-db514c4f2f30,ঙঘগখকচজজঝবলছো,5
1fcba59e-14ab-4626-8fbd-8d4f70774740,Stop moving my archived marketplace to the main marketplace tab. Stop UNARCHIVING MY ARCHVED MESSAGES. What's the point kf archive if it doesnt STAY ARCHIVE???? It is hard tk filter out who is already taken care of and done and who needs attention. Very annoying.,1
e118fd0b-4a6a-48b2-8659-d6e5f07d2748,Uninstall,3
e3c3bf86-5d12-41f5-a5ae-6f6784cef4c5,Good,5
46f0e443-276a-4d01-80fc-e1edf4b11e3f,Amayging,3
4fe1471e-1e2a-4cae-a908-15c7b270f064,how tf yall message yo fammiles in here,5
e86fd015-dd10-4a12-af81-c3a81a6f26e8,Massenger wa,5
d5240456-7522-4d9f-b7c1-41d788e86459,waray music,1
f36fdb5e-0740-44b9-8910-ed87c2d9e4ba,End to end encryption sucks,1
4054a163-f812-4500-be7c-753d77ab360d,Good,5
828697d4-ea59-4eb3-bcce-5153a290efc2,Ano bayan messenger ayosin nyo nmn bat ayaw maka tawag ng cellphone ko,1
a5130a41-7498-4955-90b9-734a63d50f8f,No best,1
c50bb4d7-ff8c-42c2-9f8d-eac3b2044bbf,good,4
411adec0-c08b-4dad-8ce1-691d93c0ade4,"4 star lang, buti pa kayo laging nag uupdate eh ako wala man lang kausap, wala man lang nag bababy, walang nagtatanong kung kumain na ba 'ko, walang naghahanap sa'kin, walang nag uupdate, wala akong rant buddy, pa'no kung ma depressed ako kase wala man lang akong pinag sshare-an ng mga problema☹️☹️☹️☹️, sana sa next update n'yo may kausap na 'ko.",4
fcc10e73-efdc-476c-b58f-5ef94906a42f,good,5
1fa2e049-5f1e-4210-bb87-1fabbf96322d,👍💫,5
457733fe-6e68-4433-baab-446c4d1a8f09,bukaarii qaasim,1
73606551-ea40-4464-b120-0e4470ea003c,Fine,5
89a77c05-9cad-4a35-9663-6cf8c6608a88,What the heck I am really upset I can't believe I have to re install Facebook messanger I will sue if my profile is gone I'm good at calling lawyers,1
35c00f99-2962-492a-8ec4-a4a56b55f936,REMOVE THE END TO END ITS DELETING MY PRIVATE CONVERSATION,1
26476002-9daa-4bb3-8573-b095eb79951b,So much error,1
a0f1042a-f454-46bf-a66e-598f72137aae,"I like this messenger , I can easily type a message to those people that connected to me.. Fast and clear ..maybe it depends upon the cellphone they use or maybe it depends upon the internet connection and the number of user, that sometimes that make it very slow",5
74d0bdc1-b14d-4fa7-a68c-2196755e1c4a,Helpful,5
4040e445-c139-4d18-9065-4bc165975e51,Ilove this app,5
268682e0-84e1-44f7-9cf6-595fc7f64ab0,Super smooth gamitin,5
8fe3d703-e354-4d9d-95ae-808b5e89fa5c,Good app,5
9b5671dc-af0f-4de7-8891-33ba8b602332,Mariz Leahuy,5
1976fad6-6347-41ab-a195-314a68bd8ee1,You need security settings,4
f356fa34-1e2f-4116-a5f5-dba8357d20c6,Bvbv msyado,1
9918b7ab-4239-481f-99ce-21e2fdab2b45,Good,4
d686e7bf-e902-40b5-8b3d-00528efb910d,"Pls improve in send messages procedure because its very hard to edit it after sent unless for remove or unsend, then in a status of a message if it has whomever forwarded or copied non-indication like of that e-mails for security purpose.",3
85906084-fa6f-463b-a11d-b1cfb2f0b71e,Good app,5
0aeebeb3-36f9-4d45-bd69-809a36c719fc,"Don't like it at all. All data including photos, videos, voice and video calls are unsecured once agreed on T&C. Update review. Like most people leaving reviews I'm getting ""not sent"" then I lose the message forever. This week we've had family pass away and all the messages of condolences, forgiveness and sorrow have lost. Worst messaging app ever!!! 06/07/2024.",1
5a3030b8-dc6d-4974-9240-410cc26e8466,Delete this app,1
7d5c658c-c541-465f-bbea-8dffd9f625ea,Issue about a thing saying update my messenger even tho i cant update it no more,1
239e07f7-723e-4946-8018-47d7c8b2f684,Kalako may music na sa notes huhuhu,1
f5835299-0e80-47c5-aa38-eab10aa9aea5,ႀကိဳက္,5
c4cd3424-f01b-418a-988b-4017b6b2e399,End to end message off kese kare,2
222de243-3c65-43f3-869a-8d6c11b5cec7,Video call quality could have been better.,4
8fb690bb-f64d-4fea-92a9-4de009ffb13e,Valo app,5
14cacbd4-d687-4d12-8b4d-c73842693a68,I love it,5
5fe565cc-bd27-494b-9be5-6eb42d968e5b,"After the update (end to end encryption) it has been a mess. Even sending pictures and vids takes so long but i have a really good wifi connection. And sometimes when i send a message, it just says ""sending"" and it just disappeared.And what i hated the most, when older messages get deleted. Just return it to the old way bruh!!!! Its just better without the end to end encryption.",1
f0a2191c-1106-4950-b314-d2b6d6a02164,Good,5
9ab2b87a-d0dc-4529-a647-f90760381bb3,🫀💐,5
ef656cd6-42e0-4b47-aa83-4a7cf22ec51e,Nice,1
e99ad4a6-1457-401c-88ee-f4877ee63081,Poor service lag. Cant shown my pictures even Im using wifi wake up developersss!!!! Pisteng yawa,1
6e9efdfd-95f4-4c37-b374-d1aa6c3a8b0e,Awesome,5
a2205518-40f9-40f1-83a5-50c3e30ad912,Sooo bad,1
5ed2a119-55fd-4106-b3e9-081277e09a51,Good,1
5cedb497-6c2f-46d3-9ab1-0081c6d279ee,Good,5
0095bd69-c30e-4454-900e-2faf5912e46c,I'm back to my Facebook,5
9f9d6b4e-206a-4a69-8228-6c76fd0429ec,Not bad,5
e8f9296c-3d77-4a4d-9baa-90a06fdb8e49,I pick messenger is bad for children because children mag uyab2x na,1
9f53d3d2-f7bb-4db9-99a1-94099b900051,Nasraullh Ali,5
25955888-9a74-4518-a31d-ad36bef2b3ea,Good,5
9a556ae7-fbdc-4b54-8d50-a07889f4997f,My Facebook messenger,5
494d5c50-74b9-4334-9df9-92de9a163641,I'm so grateful for use this app,5
2e307b67-c87c-427b-9dcc-66bce97c3fa1,Miss,5
7d33b7d3-5ca4-4eb6-9de5-52313d9680a6,No u bi t Udya u Uo,5
8ac2a652-6faf-46ad-8c81-68d3733e7f23,Verysmart vrygood iilike super,5
a41c0aae-1db0-41a0-a2e7-6cf35cedc1c4,magulong serbisyo,2
bb536a8e-b191-4b4e-b3e6-d81a2b306cc3,I can't send message,1
2992d35e-88af-429e-ab49-928a3d22718a,Pls fix the messenger bcz its pop-up is not always poping up,1
b3b1042d-fe08-4117-b9bb-61b2e1c9c9e6,Great,5
d4033a52-0b70-471a-afe4-cbb3acb6af36,😁,5
df927973-221b-488c-a592-58481a920805,Very bad,5
909b1d32-42a8-4c9b-a1d5-86742f133736,Make it worse when automatic upgrade to end to end security. I lose all my messages history after I switch devices. Facebook and messenger is getting more and more suck.,1
43364194-cd76-4cc8-a514-a6a3210534e2,Remove this end to end encryption not good this,1
6abb5de2-d38c-4e84-a524-4e8d9f2970d0,ano na messenger? bubbles nyo paki ayos sagabal pag naglalaro di mabasa chat ayusin nyo yan,1
d5f43fa3-bc01-4130-b235-0abd8806732d,Great! Thanks y'all.,5
a6e02c95-c13c-4d63-8a5e-c74a1924af31,rajpoot,5
ecc320a6-9337-407b-b5e1-ffefd595374a,good,5
483147b0-94bd-45ef-88ce-7b06fed26bba,Worst app I ever found. It's so disgusting man. Please develop your program or upgrade. Just bugs and glitch. It's there anything you have?,1
c945f31d-fc8f-4386-99b6-ccb93e421844,nice,5
8764f5f4-ae14-4f02-8d81-e4cf70b0644c,It's ok but I have no app lock 😞,5
d556ec49-cca0-4162-bd89-c6313779aac9,nadelete convo namin,1
cdf07505-7b2e-4a68-923d-a672b1a05e6b,It's to long to uninstall,1
f0bc7c4e-c2e2-464b-9d62-88b824a33c60,not good enough,2
51997634-ea4f-461f-ae67-1fe263a14e47,It need improving,3
32054c2b-5739-46ea-a00e-cfdf5e4592ee,can you fix the quality of the picture!? 😭 it's blurd!!! when you send it 😭,3
f4d558f8-37f5-4b03-bc20-fad23e2960fe,My previous conversation has been deleted automatically. And some of my messeges has sending uo untik now the messege hasnt sent.,1
d39607cc-e92c-4997-9f2b-5395ae26ffa3,"Worst update ever. Please turn off end to end encryption, Meta. It kinda useless for me. And fix bugs and other aspects, please. Take me back to the old messenger.",1
2eedd010-9f4d-49be-944c-90c521aee960,Bad updates,1
f037d0ed-ac84-4436-b666-7d0eec8486d5,Nice,5
1e276358-e67a-41f2-87f4-1a4afa6ef76b,"Drop the end to end encryption,",1
7f0bf938-ca06-47de-b0c5-1a72370da1cf,"Messenger is one the apps that you can hide your true feelings, emotion, behavior and ect. But sometimes I can't figure out if there's really hidden message in messenger. What I mean to say is how can I know? 😂",5
e3f88851-f2e2-4e5f-a934-94b45dfe0f09,Good,4
7c83329f-218c-4981-9ebf-854a79f7b030,Nice 👌,5
c9cd55c7-44f3-4075-b3da-3c8c1937c8b8,I love this app ever since,5
741e697c-ce84-48cb-b552-91214eeedc5b,Why i can't deactivated my messenger what's wrong?,1
22b0f672-e7f6-4a48-b3f8-364fe2656a71,It makes excuses that my wifi has a bad connection even though it is not.,1
7326a90a-e5ee-4d4c-93d1-fdec4d31d6c2,Legit so nice💗💗💗,5
920e3b12-d7bb-4ee6-9417-8b1e983678ca,can you please back the old messenger meta I don't want the end to end encrypted,1
6f74b50a-a2af-4aca-a193-99d6271df116,Very good,5
e44c74a9-8781-44fe-9f83-6a9ae5f489c9,Issue with calling to another person.,1
a4d93065-3b02-48c4-92f7-6aa9b026c6f9,Wow Amazing,5
394d14ea-ef4b-4c21-8cd7-3b2de0cdc2fb,Saya ng messenger kong meron kang ka chat pag may jowa ka pero kong wla kang jowa napaka boring ng messenger sana i up date nya sana messenger yung unlimited chat mate sana yung di na uubusan ng topic yung mag jowa!!,5
3f692a4c-ad16-41c7-985f-f7e8036be2e4,Nice,5
3c307c04-e36f-4dbb-8bfc-c022406e4d50,I can't open my messenger,1
39029136-ac4f-4291-9077-5dc12ff81317,Easy,5
bc2a0502-75c4-40b2-b633-82e86510f679,Nise,4
ab253407-085c-4c14-ba3d-8580f3e2aec7,pretty good it's usually my go to texting app foreal.,5
6880708a-f8d5-40a9-bb86-faf22b5186f3,Parfhact apps,5
b8182633-64cc-4e08-bee6-b8e91d46bd56,Fast download,5
069e565b-2668-47a8-9196-90d05e3510d1,Good,5
8b82e4c1-7fbf-4d57-b18c-2683cf4cec30,👍,5
39d9da6e-5755-48a2-8b0f-88d4c1b99dce,This is a very good 👍 app,5
d5f89f85-6049-4c59-89be-1c041350c85e,🥰🥰🥰🥰,1
1ce4f287-1cd7-450c-a4bd-55c5fb6dcb55,potangina namang update kasi yan e,1
0967aa61-9287-411f-81ad-821208323f3e,Okey,5
7cab2d65-b13d-4b49-b5fc-b70f09937112,not good,2
f115a1b1-836f-4b84-9207-a93f0435ddc7,In group chat there's no way to quickly go to the unread section.,4
f3d07bda-ee45-4a67-b726-3f0a0d33209b,Thank,5
8703f88e-2e37-4086-91b6-98f15b80dc1b,great,5
20323c9b-d9ea-4f0c-a420-d7c0e3ae37f8,"The music in my notes is missing even though my Messenger is updated. I already have it before, now it's gone.",1
7535ca7c-1935-4a47-a2eb-0c270dd056a7,"So slow ,this app need high internet for run ,need changes",1
3b6ae84a-b1f4-43f5-8900-b11c25a1fa49,The messager is a good,5
48cde8e3-137d-43ae-adcb-af05a8fdd934,End to end encryption are suck all my messages are gone!,1
83c08745-c977-4d1d-a94f-2a8caaa461a2,omggg ang ganda nya naaaa may update na si mess!!!!,5
3f8998a0-ecf5-4881-99ee-5ed3ddb5b34b,it ok,3
7ac70011-61bc-4ac1-a730-27ec0f339001,When i switch into different accounts this apps can't keep up sometimes,2
2ca85cee-7975-4604-ac10-7df457384dc9,Very good 👍 👏,5
7ed0c382-0f2f-408f-acb9-eff4aaa44751,I don't have a music note,1
ba1c997d-160b-4f17-b587-33f59b1357d7,Гоё сүбэр,5
aaa8e732-a126-4008-9353-6d3c31c6d7fa,"This app is now a total garbage....full of bugs..not this app only, whatsapp also the same garbage now..i want to rate this app -5",1
47bde538-cd0a-4db0-9b98-7ff5068a6a01,Why i can't use free messenger,3
3ecb2a10-1f3b-4270-874e-e911f989f376,I can't recover my old massage. for end to encrypted.,1
91ab120f-1499-4990-9fdd-95e18c0d698e,Good option,5
094ae15d-a8fd-4620-bfe0-01e657c55cea,"Why do I constantly have the ""waiting for network"" banner it's so frustrating",2
9a3f74ce-282d-4a7f-9bbe-8665581cfa82,Great to use anytime,5
67c8afeb-2c2e-4c06-b602-b3107c85641f,Can't load high resolution photos that's the problem messenger is useless if we can't see pictures fix this! If not then we will switch to deferent messenging app.,1
e3162ef6-724c-4a56-bd66-394d9e8a7044,English or Spanish,5
d32af15f-44f6-4c10-8569-6745ce7ec7fd,Worse app loading too much,1
e19c00b0-30b0-42ae-9eaa-514468e8c4e6,this app is not a good app that a human being must be used you can login only one account and after download this app i will never download it again and i will be spoiling your name all over the world because that's what you deserve,1
0068eee4-6b25-413b-ae24-d24f9698da69,"Absolutely and princely 100% YES! IMAGINE YOU CAN COMMUNICATE OUR LOVE ONES ALL OVER THE WORLD... THE MESSENGER IS MY NUMBER 1 CHOICE TO BE PROUD OF! I THINK THIS IS MORE THAN JUST A MESSENGER, THE VIDEO CALL IS FABULOUSLY POPULAR. THEY HELP PEOPLE WHO DOESN'T EVEN KNOW EVERYTHING ABOUT REELS, POSTING WITH MUSIC IS SO BEAUTIFUL. I AM SO GRATEFUL FOR THE FB MESSENGER. THEY WILL BE THERE FOR YOU IN MANY WAYS POSITIVE ADVICES AND THEY GIVE TIME FOR YOU. THIS IS THE BEST EVER SOCIAL MEDIA APP.",5
7fe3d5a4-dc0c-45c8-be5c-c4c043102741,Convenience,5
ad3e962c-db3b-4844-a2fe-d088ba59a950,Bruh you put the song notes then delete it wth??? The update is even worse,1
753427c4-59bf-41e4-bbb4-ab402b1297ac,The ads are annoying but it works well still,5
80179592-66c6-4608-9e19-18851d7e0278,Shine,5
4aa9751e-5474-4cc3-b5db-f0b5535e2d77,Nice Thank you.,4
d82dd2c9-7e62-4c86-999b-7fbb7ee61e34,ganda,5
bb36bfe8-751b-411d-85b2-a32e408206c0,Good,5
004969a0-684f-4c48-99e7-a9e9f4f375b4,This app looks good,5
d84ddc05-023c-43e5-a1aa-5f0c269d72be,Wow🥰🥰🥰🥰,5
411c5743-fd84-4731-a56d-86498bf31322,Tngina bigla nawala yung music sa notes ko naneto,1
ff51c439-4105-47d6-b5ed-d5112a420ff7,Excellent,5
222af2bd-6c77-4a27-b034-281add46946c,Good,5
2145fc97-7e73-4ca9-a29f-f8df33d876e5,"I am not "" tech savvy"" am older, and find any changes really diffecult! I am sure I won't be the only one! I couldn't even tell you, what question I have to ask, regarding update of apps !",1
3b297790-8839-445c-b224-3b2969c6be51,Kind of lost on my new phone,3
65c12676-6d51-41c9-8107-64ed2f3d48b3,I can't update it,1
bf58ca1d-8564-4a38-9734-94baea5b0493,একবারে ফালতু এপরে ভাই। কেউ মেসেজ করে না 😒,3
957ce0a4-25cc-4374-a453-a88fe5fdd7ee,Where's the all picture save button? Why do you guys make thinga unnecessarily complex?,1
4503838b-5e8c-4804-af8f-66c81e24c512,Good,5
9730547b-0660-4e70-9eef-f32e4ca6cabf,It is a great way to chat with friends,5
7dc755f6-5917-4a47-96f7-c93e8b2e8710,Very good side❤️❤️,4
a162e05e-e2b6-4ca9-9e2a-328d399629fa,thanks this apps,5
2a5c05ce-42cd-4f0c-8162-9f9bb28923f2,पेटेटनिस,5
1ae2277e-5e73-4069-80fb-9cb05ddb1da8,❤️ Very Good,5
cb9f2865-a8fc-41fc-875d-ea7afc62ef87,Nice app,5
3dc2dd22-fcbe-4dd9-8f34-0989a494e9bf,Very Nice,5
4227c9fa-12e0-4026-b084-9ba3f29d07fc,Fair,3
55da0c8e-ac24-42bf-9b55-1011e9cad10f,I love it,3
bb8ec212-f33d-481f-982d-38b6e12ed26d,haha,5
ec6dd45d-5bd5-4933-9647-4ca071d5d38a,Not sure,5
262e992e-fa30-4ed0-8c1c-af8f4105bb20,Nice,5
b03e677e-f791-4f6f-a12c-058d06404aff,GOOD,3
619958a5-1c5a-4c84-b46c-c6c5d6d9e135,The best app,5
827ad1a7-1abb-414a-81e5-8e21590de2b4,So weird 👎🏻👎🏻,1
415f34d4-f74c-4afd-8f00-f2cc09f1853d,Love,5
1f6b107e-e6f1-4256-b0ed-583f3f86ccc1,love this app,5
2c84477d-d043-4db8-a57c-3a12a992d3c7,good,5
096a8cb7-bf88-437b-9fb1-4ffd6b4ccffc,এ৫৫,4
807d581b-807e-4e27-865c-ac38c8be48eb,Good very usefull👍👍😎,4
dc6088f8-1e1b-4a11-96ca-2850ba2eb285,I love this app,5
0aea3651-a96b-4089-87c2-2eceb6e7d14e,Good 👍😊 apps,5
fff10a53-3e09-4c65-8fc5-ce67259610a5,Garbage. Can't send videos at all over the mobile version anymore. The only reason I use this stupid app is to send videos to my elderly parents. Worthless.,1
c686a03c-d787-4fc0-91e4-7672150c9bed,What a fan,5
a71a9a82-e308-4005-9e06-f56588d37276,"Every time I called someone, the call suddenly ended and hung up, and it just showed up did not answer even though there was no one else on the phone call",1
5e89c8f8-9ac6-40aa-9a77-865a1a17f9f5,☺💝💝💝☺,5
32f66aa9-f151-4f6c-9d69-80d16614f9df,Open,5
5afc4bb2-cadb-410a-863e-fa346975249b,Bad trying to delete it to much spam,1
5bf8d2cd-5043-416b-89a3-89b8e743b8eb,Nice app I have seen best app,5
9e41d4ef-c7c5-4c3a-8cab-fef4bc050d17,Thanks agon no out,5
393da0e5-40a1-47d7-abb4-8c389cefd894,Al,1
d0dffde2-371f-4606-a88b-25ba73802979,I forget my messenger pin but cannot show to reset option.,1
fbc86118-8ccb-4440-9e08-1860693256f4,🍎 🐜⚾ 🛏️,5
a2979b42-f9ad-483d-8555-bbfc262aa0d6,ok,5
cee686e9-a09b-4079-875c-38db2d1146a9,Good,5
05a52585-2cb9-4af3-993f-6234c5c25241,Good,5
3fb7a18f-a0c5-439d-a88c-17302274895b,"i hate the new update , my old conversations was deleted.",1
b0154783-bfd8-4a1a-a2c3-b333d88cd171,bat inalis yung music sa notes? and paki ayos oh yung messenger ayaw mag send or mag dl ng mga files!,1
486ad0a9-2870-4065-a852-8d8ef56d8eb3,It's nice,5
d54f1c85-e03d-448a-b114-40cfed8ae1e6,Good,5
25cbd9f9-b33f-4d9a-b4b0-a894ebd5f7f6,i can't ignore group messages,1
6e9c27a5-52e9-4987-9925-a85121ec8951,Good for small peptalks....:),5
e7b177d4-053d-4467-a3c6-cf46d33f1921,Nothing..... worst 😔,5
4117370c-8abb-4a2e-b006-3023e2b1fa95,Awesome 👌,5
9fb1fcd0-8dc5-4248-8b45-1dd3ecb4f245,OK app,5
fceb87cd-fff9-4fc8-82fd-98053436497e,"End to end encryption is absolute garbage. Just adds an extra layer of getting screwed over. Chats are out of sync, takes longer to load, adds stupid prompts. Since when have they ever cared abput security?",1
8d57f48e-f314-420f-aa4c-f52ce062d562,Facebook wouldn't care about this but sometimes links don't open or it just doesn't work. Sometimes it'll redirect me to something else. App disconnect whenever it wants too even when I have my data or wifi on. lots of bugs that needs to be fixed.,2
5964e8f7-633c-40db-86f4-8cffc0e517f8,"62 , 6V Ee d2+7-*/4-5",3
10d95a5f-e57c-49bd-8ded-1ad650017711,Nice,1
e6132d8c-ac34-47bb-a9f2-f5601ed81a64,Ano okay sya before nag epal lang cause nung end to end na yun na delete yung messages ng sa lola ko na account messages nya sa tito ko nawala yung mga important messages it's not good den bigla naiiyak si lola cause akala nya kung ano na nangyare.,1
7ca797b7-d2a7-4c1f-a53b-a9664f6384a3,সিয়াম,5
f197489a-09da-41aa-a9c9-efd9706206b5,Every time I update its very Hurt me lots of Bugs arised and tough to use it,1
ea7742ca-b302-438f-ab3a-35bc9ff4290f,Good,5
0bfd2154-745c-4ea3-80c0-9b248a539245,Useless update all of my messages got deleted because of this end to end chat worst of all updates,1
28e61897-e617-47f1-ac7d-2e4acf60492f,Wow,5
b47e020b-8390-4647-b519-6016cc218e74,"The app needs some serious maintenance. Friend's profile pictures change back to there previous ones out of nowhere, then back to the updated one. I receive notifications from messages I've already read & responded to. The app starts to freeze up & lag making it unusable. And restarting it doesn't even help. However, I only use it to communicate with family & few friends. I'm still able to do that without out too much issue.",3
7cb45701-f02d-4091-bb08-87509165e8e1,The best app,5
0b81e042-41d7-45f6-9284-534ce7f3bc3f,Very good,5
b69bdc39-31f5-4cd3-8e45-f35b3ae953f2,Id,1
44f09775-613e-416f-b4f7-df92c628ad56,Great,5
32a73733-5ad3-41e9-b2e7-b9cd451c58ed,Usefull,5
5e7477eb-4be3-466c-a95c-063009c9313b,The app is damm good it saves me much stress of data charges and saves me much stress may God bless meta,4
634fe598-f7d7-4d26-aa7c-eeccc3a317d5,Slow processing,3
aa7315d2-9439-44bf-99a2-b06423a1efe8,Nice,5
6ee43c7d-93ef-4f0c-bbbb-b7ce5e46bcff,"OK. Thanks and I can't get a #, i canbstilll use this app. Love it",5
41eb83fd-71a8-4a78-bf94-d6274983980b,Excellent,5
ac5fafca-d86a-47ad-8abc-b73e25748e28,update messenger,1
ec254279-aa73-442c-8133-a2ed349f43e1,Cant Msg. directly 🤦🏻‍♀️,1
309d4d7e-2634-4749-a592-5802703ea090,Awesome...❤️❤️❤️...10 thumbs uppppp....❤️❤️❤️,5
3cf667ea-4aae-4fbb-a871-7f6715c89832,good,5
dd362d07-b0a1-4516-a9e9-dc87611c6af5,Bweset ang update Useless,1
d501b20f-b441-4ba8-a34b-56686c5efd58,very good,5
6e780eb9-afbe-4962-bff8-cae092b55cb9,happy,5
974cc43e-a817-4ece-882f-c61fd27b2662,The new feature is good but my messages arent sync. Like i own 3 devices and some messages are not shown on my other device. I had to uninstall and reinstall if i wanted to see them and update the conversations. Its cumbersome.,3
1184a3a0-a5b0-47cc-bbca-bf0ebed75ad3,I don't have notes,1
d57d7d6c-d766-4a2f-81ab-53da804ea7c9,Nice,5
0cd156cb-75f9-4825-8599-6942ceaaa330,Good app,5
f6e0ad70-3aae-4d3b-87d0-da221b2b0e7c,"The reason Messenger exist is so that we could have full experience for contacting/messaging purposes ONLY. Most of us do not use FB to cut out social media consumption, but what? Meta decided to add Highlights into the messenger app, basically making it a mini-FB app and there's no disabling function for it. Corporate does not hide its intention anymore on keeping us glued into our phones, making us their products and profiting from it. Shame on you greedy dastarbs",1
ef136e76-58c5-4947-8b8d-4cf9d3b154fd,Love it,5
e56f2bf6-386c-4a3e-a540-e350784dc3aa,گگرندتفےتیدےگےع ےرءدگدففدفگدءددے ۔ م,3
f40fa22d-0887-45c3-928f-e37d0784ec40,My messenger is not opening,2
d8ec3a3b-03e8-4a8d-b8a1-abe7d48f0785,Awesome,5
639f0722-f3af-4c7b-8100-bd358bf92acb,Love r,5
81eff0a3-1eb8-4a9e-982d-43b760a311d0,Dose not work properly on Android galaxy s24,1
b7f9ee1d-1bd8-401f-b746-b8bc6c394b79,Messenger is so good,5
8af8aec1-e528-44b1-bf0a-5ae6143f71a3,Nice,5
2b3c9726-0fd6-4bd1-b3cf-6a3e360ecc4a,simula nag update messenger madami bug nangyayare tapon mo na community mo,1
d6d1388d-5c39-42ec-98f6-bc6065d99cbe,Pangit ng update mo. Hindi ko na makita chat ng kabit n'ya,1
c3823fd7-de39-44a0-8ea2-ff2a98cd95b2,"Why is it everytime I played your apps. Megawin, bigwin, etc.... everytime I won and earned the apps always disable or error be posted. Its a fun playing but the games always disable once a certain amount been won. almost 3 games been issued an error. Playing is really a fun but if it always an error and can not anymore retrieve. so sad !!!!",1
88a493b8-5e24-4087-b616-802b82adc480,"not cool, Mark Zuckerberg. this app is slower than the slowest creature in the world. ew😐",1
74276dc4-630b-47b9-abce-4e7db817bc87,I have problome,5
9637ecf1-5ced-4ffc-9e02-3b2aa10e4ef9,The network is sucks!!!,1
49aec2bb-6a5f-498c-9333-1ac0cfd3103d,Nice,5
82bc9427-d1c4-4c3b-8f51-b96fb6ed68ff,Good to use. Superb!,5
a6826d23-5bce-4e21-ae68-52177d2804d7,Useful everyday since here in the Philippines its one of our main contact points..thiugh sometimes it doesn't work if you have no load balance,5
d453ba23-7383-4e70-8807-89839d3682c1,It's alright but the problem is I didn't get the update where you can put music in your note.😭 I have tried everything 😭,3
e0e493b1-b37f-453d-9c79-a34a9e2e8045,Nag loloko na Ngayon messenger,1
4c4838cb-a1c6-446b-8de9-4e70748dbb62,Nawawala camera,5
0ec848e5-7c49-4dc8-a0bf-02b09f49a37b,Good,5
c29cb9c4-b55b-4232-810d-aff11c3c5883,It's so cool and helpful!,5
7dab09b7-658f-45ec-a09c-0a37acf2fd4b,Best app,3
e51373df-2166-494b-b5e3-76675f6919df,Good app,5
63be3e58-fc02-417a-8327-24d11bb9e5b7,Good,5
01e15a41-548d-4778-a3ec-e63b3c63d74e,👍👍,5
50454d86-9375-435f-bdf2-7bdfb4eed73a,মায়া,5
adca2683-ae10-4d12-a3c2-3f6c4d607dda,Nice,5
1fe15979-8acf-4624-bd9e-c0d12ddff20b,Because it takes a lot of time,1
2e8cc750-4b10-4dda-8ed7-9f183c0fcfb0,free,5
6f4a9aff-cc11-432c-86d4-9208f1d20135,👌,5
8becb94f-d197-46ed-bf65-e582a30ae48e,Full of bugs,1
3d698d15-c4fe-4251-9be2-3d0811dec630,Nakaka bwisit talaga laging nag loloko Yung messenger pag nag oopen ako ng iBang account tangina,1
56f0afc1-bb75-41a9-98d0-b88e86c322c2,nakakaiyamot update ng update nawala na ang chatheads,1
5bc3ea4a-5241-42f7-aaee-da9d92be412d,Nice,5
81c5c90c-c242-4def-8d50-201a9e01a565,It's good to use,4
6ba6523a-3b11-4dc8-89d2-624152211dc3,Amaing,5
5117b4f7-1329-4ea5-bdb7-3403297c608a,Very good 😊,5
f40c48b6-c4e9-4661-9fb8-f6cf7a9ee084,Please bring the music note back,5
49cadd60-b39f-4d98-a8e3-79b5c33b3f9d,I want updated of my massanger,5
16c035c6-512c-4ebf-be6b-7555b8ffa31a,The first day in Bahrain was amazing 👏,5
350a4d60-cf6e-49f3-b39f-9a2f9bbbbb8c,Huai,1
35e6e4cd-000a-4a4f-90da-ae721c2077ff,I Despise Facebook,1
f7d8e50c-da3e-4141-982d-8e3a1c8ed960,Good,5
ee300baa-c90f-4121-bd13-5ca34ad8c78e,it's good too be true,3
53270490-8800-4737-8fe1-fdc44ca2414b,Wala yung music sa note update kuma,3
b9fdefba-570b-4220-abbb-0cf2a413bd30,Very nice,5
e5fbc0c5-01c4-4549-bc32-be10629a423b,Nice apps,5
5df9025f-e813-45c5-b6a5-8b3d0fa233b3,"It is a good platform to talk with long distance friends,family or relatives❤❤",5
5c5c7d14-c397-4208-b49a-d5fb7ab36e16,Oky,5
fe6b7486-6ad3-4cd9-a97f-3179ede0a50f,New update is very bad and slow and hanging slow and slow londing and video call audio very bad services new update is totally West bhakawas system is not good purane system is very good and meta software totally low speed of slow meta software is local software totally low speed only loading not open,1
0ab0cef9-0191-4b4b-b9ca-25b1476ecdae,Wonderful apps😍🥰,5
fde32f04-4801-42d6-b084-3c6457aa479d,Very good,5
794223e6-89f7-478d-8acd-2c9739ef517e,I hate the end to end encryption so muchhh😠 please remove it ASAP,1
96aa8932-3a8a-4df9-994a-d3f7f95e9882,Can't open some msgs,5
f77da92f-8b5c-4057-a886-d06e6a45cb1e,Multiple msgs delete option is not there. Sender and receiver msg to be deleted one by one... Biggest disadvantage,1
9d9b77d3-94aa-48cb-9e34-4fc1cdbae789,"NOT USEFUL ANYMORE, MORE ON BUGS AND STUCK! CAN'T READ UPDATED MESSAGES. WORSTTTTT AND GROSS!",1
6ec50089-77c4-43e4-926b-90ad7fbca925,Mabute nlng my messager na. Sobrang mgndang gamitin🥰🥰🥰❤️❤️❤️,5
4e5c3420-64e3-4206-a5b6-4d8ecf4eec2c,"আমি হাসনা জামান, আমি আপনার সাথে একটু কথা বলতে চাই দিদি আমার pay out w8 for services আছে। দিদি আমি এখন কি করবো।",5
dfc3b7e9-8d29-497e-a995-fb214da3264f,why I dont have notes,1
65a43593-630d-4d66-9c70-32ffc8265dd2,Good,5
733fd850-3c57-494d-b9b7-296481e2c7b9,Good,5
f95a50c5-06a9-4467-bbcd-f6cc9b5bb88c,This is our beautiful apps,5
e0a562ef-f6f4-4a7c-864e-3e42ffb3e29c,After the update I'm no longer able to receive HD photos it keeps saying photo quality is too high to download. Didn't have this issue before the newest update. Tried to reinstall the app and it won't recognize my one time password something os definitely buggy with this,1
2d9e3d62-53e8-4397-b8a8-c6d10568ae0a,Good and reliable,5
1053af05-6525-4678-a517-21e5fce86725,So many bug,1
0638c67a-2dc3-4889-8971-0154f31be12f,Cool,5
28b03c66-8152-4a47-abf9-3eb7a5e4445e,Op,5
9df87e6a-7ef8-49d6-a5c9-4ee004af3781,Great!,5
9c1aabd2-87e6-41fc-a882-c9632197fd26,"The end to to end encryption is totally disappointing,useless and unnecessary update! It's worst when I search any specific word or important link or pic in conversation,it's totally disappeared! Please bring back old version or fix it,or take back the eng to end encryption system.",1
226ab08c-384b-4c08-ad72-2aabe81dba56,Why my messenger apps during video call doesn't show the person who's in video call. It's just white ⚪screen her's/he's screen.,1
bd309a41-9027-46e6-81a9-daded841e14c,Needs to get better they keep putting me in the jail for nothing at all.,5
8649f055-68ff-4230-985d-e1d315392a8a,Well I can't seem to be able to log in,3
f2c4fdc3-34cf-4a76-9ff4-5cdf728d716b,Nice,5
ea134352-3300-4b96-be17-6a836563f4a0,Can't hear me,1
2b333ec8-9851-4552-a081-2af8be47ea35,Sweuji,5
33d878fc-05de-4bf6-825f-a709c8ca332b,Very nice app,5
6e5f0125-ee2b-4dcd-bfab-02658a2fc995,😍😍😍😍,1
e8c02d1f-8ecd-4fb0-aa5e-3515a4947ca9,"J 3mg. C k. J b .b j H. Inm H8 9vm k 9y . Jhb,w we.",5
33d33239-fb65-4f36-b448-3811c6891a3a,Good app,5
e17d4756-d9c0-4607-ac69-2a119552e9b0,This app is fantastic,5
c907cd12-a305-45c8-8358-93e55719c143,dahil sa end to end,1
83d30d81-dcba-4c25-81b8-af8e9f537365,Nice Apps,4
20402fd4-a476-4567-ab36-43a8a5276d0e,Good,5
e6528f6b-cdef-4fd8-afb9-8c0ef85b8474,Di ko makuha pics,1
05b51511-8b33-470f-84b0-cc7f4b16e1e1,Very good,3
2e1b9a91-d217-4034-9b85-60cea2d55e10,"VERY great app but they need to add a feature where you can connect your spotify app to your facebook and so that it can show in your messenger notes that youre playing a specific song, just like discord which shows you the song they're currently playing with the exact time stamp",4
c08c8d60-1889-40d6-861a-004b280484fb,My account messagee not open,5
7cf5e89e-fa20-4fc5-8720-83dc9fcd92d7,اسوء تطبيق بالفعل وابطئ تطبيق لتواصل,1
e09b6506-7b9d-4994-8f80-c80e63ccb987,this app is still doing searching for network/waiting for network. when on on video call can't download my own videos. Can't send messages and messages are not showing up. if messages show up and than go missing. doing the waiting for network even. this this app is beyond trash. this app is not sending and not receiving messages. Not being notified about messages. i can't see who is online,1
d8e9d668-d442-4843-9bdb-22f6ccab3be1,"1 star, Isang Araw lang saken Yung music effect😤😤",1
09e713ea-ea02-48e4-9c4b-7d636bca19f1,Dabest,5
6a7719a3-c098-40a8-bc57-2e55e7ca5743,"You can't post anything on messenger. I seem to be getting harrased about something I posted that violated terms and what-not.It can be me cooking, and somehow, I violated something. i",1
b93912ac-6a3e-4a92-a0d5-a0a1b67f5e70,Good app,5
90d9af2b-f3a3-463e-8f9d-3bcf4b043984,nice,1
c4246027-7210-4bc4-a607-f4024e71aa93,My app is not updating. I can't put song on my note 😭,1
285c4be8-de4b-467b-ad18-97c83f07a3de,Its ok,5
cf693b66-6b83-4e7a-9549-2a6fdd7fceff,Michael Good,4
155f7bef-5144-4ce4-b8f9-8df5ad4f43cf,Very bad experience 5 to 10 x a week to unstall because it is not working always loading,1
1d47be08-c9aa-486c-9fd5-20a4bc321f40,I need more info on how to make my apps and phone calls and messages from textsnos app I don't reserve any phone calls or text messages from this not even my regular phone service some how it's always blocked or muted no matter what I try to do,3
4f03b3fd-94ff-43b2-b0f8-f90dcb1b6ad9,Gurungni birsana,5
b435b787-18f3-4e6a-b328-729ffb0040f8,Good,3
3fdb9d35-7d46-46f6-a155-123029627ba6,Nice,5
bc4f4f8f-47fb-4439-b44c-cceea5d6fcbb,panibagong ofsion,1
34bedf98-6bad-4244-8e18-375b8c08e761,Fine.,5
74e27eab-5eb2-45a3-8ace-f7eda44b342b,Very friendly app.,5
505dabe5-68a4-4dbd-9480-5c51fe281d88,Guru Paswan 1234,5
c088c173-9830-4d8c-b6c3-27d048bfb208,Lekhanat dhakal,5
f52b45ea-9d34-4bda-9bd2-f6999e551632,The end to end encryption Is the worst,1
d196e277-6b05-4a10-bd05-e6e9c1dc7256,Love it,5
86be70c8-3158-48a0-aa4a-2d12c9ddc3fd,Not ok because don't have a notes,2
6bde9187-fb55-4bb7-baa9-ed9184432ea2,လီးဘဲ့,5
cce4176d-aa86-49fc-bb8a-5777f7796f78,good,5
cfdfacb2-2858-40a4-a4ed-4ffee2258472,Good,3
d9d45cd0-46d4-4676-9b9d-a2a705b1661e,very good,5
23f96941-20b0-451c-bf7f-c979a64dfe5c,panha,5
f77d469e-4c39-46aa-92cb-8938d048d2a3,END TO END CRYPT CHAT PA BOSIT YUNG MGA CHATS NAWALA NA!!!!!!!!! N,1
3414e98c-61de-4ff9-a789-197a001c2206,I cannot open it!!,1
8a16a1f4-9456-47d5-8df5-eee1f31138e3,Amazing experience,5
70faa11b-1244-49c5-9e18-8dcd6f005e50,"SO far so good please do not ask again after use to call, please do not appear the question again after call or talk done why is too slow with T-MOBILE",4
f7059e3f-9143-43b2-a7a6-cd0db6731d7d,Files cannot download like what,1
059be3cc-1938-40ed-a5e6-d69511bfef0d,ok,5
5ac24f28-3cd8-4e27-b40e-1202e9b139cb,Just for me and my life family or best friends 😊 Thanks.,5
b3cc4183-84e5-406a-8818-20076c0ac22b,Great application,5
85fdb2fa-6daa-4f59-bc27-18ec2a6a44d7,Ranjeet Kumar used,1
8ba6e89f-707e-4a22-a1ec-12532e55ce7f,"App did not support tablet devices. Too slow. Too many bugs. On mobile, the app always get bugs.",1
cc14231e-1ac1-4588-baf2-29a98ec275df,Worst update ever. You removed the edit feature which is great if I made typos.,1
e24ac70f-3dbe-4a07-9f76-00652dec6313,Nice app,5
1f6d428d-1f48-403d-bbb4-f3d116061844,Keep it up with a new one,5
32528667-73dd-4c0f-9ff5-a4a1088d4461,this app is HELPFUL we can easily Contact our Relatives and Love one. BUT THIS YEAR AFTER I UPDATE THIS IT BECOME WORST. messenges were deleted as well all pictures that was being sent was removed even MSGS. PLEASE REMOVE THE ENCRYPTION OF THIS APP. !!!!! THANK YOUUUU,3
dbed0616-6c9c-4e42-83b9-a2df73fcb916,no nasty comments or you will be blocked and reported,5
38453b2a-706e-4bd8-8f8b-9bd6bf73d620,"My messenger won't open, I don't know why. I have enought storage and I've been re-installing it again and again. I want it to be fixed.",1
cdb484ca-7808-42a6-914d-9a35ffaf8db5,fix the bugs.,2
59484330-2050-4d93-b230-e058901a93c8,Best app,5
1410bef0-9d94-4f0b-9559-4d033e5ae05a,beautiful apps,5
a6d989f8-9019-45fb-a628-483c3cc5e8a6,🇧🇩🇧🇩🇧🇩🇧🇩🇧🇩🇧🇩🇧🇩🇧🇩🇧🇩🇧🇩,1
9e6b1a82-4987-465e-bb09-6540f6dcad3b,Some one try to hack my messanger app,1
2009e04d-31cc-4866-bab6-c38cce634fc5,Good,5
cdc7f91a-7bde-4e8c-a37c-428700bcecc2,It's really Awesome,5
7a9c5d4f-6893-4e58-8dda-4569aece9383,Nice,5
af4ac0ea-03dd-4e89-bd30-d970af90ef2d,Nice,2
4d3a1637-81a9-4ff0-bd7e-4704781f2759,End to end encryption is not good.,1
e155425c-710b-4365-885f-1df0678f7c90,I can't change my profile,1
a8815fda-6857-487c-bf13-2da5e75d241d,Good,5
9de3e0f0-1c01-4e5f-8908-5ff1b4fbf8e7,Please help me with put meessager chat with me sister Lissa,5
bb77baf5-c38e-4c23-b3db-e3e73cd7209a,"S2a÷,/2",5
9ff20f2f-f7f6-458a-a15a-0e4929b37dc6,This app needs work. My phone's touchscreen is twitchy. So it kinda randomly clicks things as I browse. This app doesn't help matters any simply because it autosends whatever I mistakenly touch. Then I have to unsend it. And it just plain removes my motivation to send anything. Why look for a sticker or a gif that fits what I'm trying to say when I have to remove 2 or 3 to do it... Edit: Now it can't send pictures... Why even use it anymore.,1
2a3bbdd2-6682-46d3-a739-f63c583580e1,Nice to massinger,5
522c17b5-df34-4fde-a394-38255093e357,good,4
a41e3525-2640-4774-9ebd-ed265a0085ec,I love this app,5
87cd9107-8f90-4084-a7f9-39d19d578f05,"Good, not bad",5
95f6b717-43f0-4d5e-83d3-605995edacaf,Ayos sya,5
2fc101fd-437a-4fd6-991d-6623ac2cc7df,it's all I need in making & receive messages,5
549e625d-f435-49de-b345-a52e26029ba0,Perfect this appz,5
77c90a93-15c7-46b5-9482-9cfd62b38769,Not so good . Instagram is more better than it,1
3da4be16-3f16-4411-ae1d-199c0f125943,No messenger note music,3
587e6978-b340-49ed-a0a1-629d6fed4122,Good,5
43c9c06b-9782-4bc5-90af-ecb736533fd6,Like to know when my Kids are active,3
c04485df-78dc-47de-baff-6fdbce86677e,Good,5
0a140baf-ceef-45a9-9a2a-d33a7351eeb7,"End to end encryption is so useless, it deleted all of my messages and photos. Remove end to end encryption since it's very useless.",1
276730d6-73f6-4105-ba26-02d19ab695c1,the app is good and makes it easy to chat with,5
fcb1c445-4e31-430a-a1b0-5762b123095d,Very good.,5
4698706d-828e-4ac3-a398-cd47d61594ce,Good app,5
45f725a4-8337-44a8-9a8c-ab574a520fc9,Great experience,5
0eba3e45-8fc4-40ca-b831-b691e8a3178e,আমি আছি সবার মাঝে,5
7d9d3c45-a3d4-4e79-8e72-a1de74f1375a,Good,5
c7e32ddf-7b0c-45eb-baff-da14fe801eaa,please remove 'end-to-end encryption' !!!!,1
bf5275f2-3015-4e7d-84c2-c8d6ce76e588,nice,5
164d19cf-0d1b-4f31-88e0-21c58d168a82,Hisavhrh bgfy sfjh,5
00069a2f-ad4a-4758-9495-c6ff7c3c7194,"it has this habit that if the app is not updated, it'll not directly send the message. UNEVEN DISTRIBUTION OF UPDATES!!",2
a8e51452-e482-46aa-aa56-43d307ffb895,Since the update it keeps on messing up,1
28336a22-fb2e-49b3-9eec-84ebd47e2f09,"too many bugs,my messages can't bee seen on the other line,all messages after the latest update sucks,i can't even read it even if i replied the other line won't receive my chats p.s so many bugs.this app is so irritating",1
60280c30-f9b5-450b-85d3-9434a065e069,Dumb bureocracy just to see messages,1
91d2fbd2-e62a-4885-aa42-8f918d92758e,YOU MESSEN GER,1
13de2b2a-64b4-4731-a938-c32110d7462c,Totally Best,5
c267abfa-929f-41f0-80aa-2f53c60c8ef8,Ol,4
a76516c6-2fb8-4a45-ae82-126dfd58bcd0,Its aight,3
5d7a723a-9384-4291-8a47-bce65b3cae84,Great,4
74cd7632-78ec-4458-b20e-4c664e6e4342,In joy this app,4
36fc6f5b-f120-43a6-93cd-492b5852af2f,It's perfect for texting and calling,5
020a9f92-f950-4a73-8b1a-26c9f48eb332,what the hell is thid app,1
f60d7b61-6293-4143-b146-a38be99bcd48,good,5
fa6e3b86-3e4c-411a-92e4-2b8b85b95674,My messager is not downloading?,1
0e47a120-c002-43a3-9f8f-f60b8205e072,ïoo,5
36ebc57d-a93d-4e45-be36-c3a4723420e8,"The new update is the worst, I mean it's so bad that i can't even open the app itself, It keep crashing every time i try to open it, I tried force stopping the app, Still doesn't work, Tried installing and uninstalling the app, Still doesn't work, Restarting my phone doesn't work also, From my point of view, Worst update ever.",1
1a9399f9-d95d-4b43-a017-21944a4263b9,why do u have to put end to end encryption?!,2
866f4f59-8b8b-4ee2-9ae8-a37dbf7ce35c,very useful,4
1ebe9348-cc06-479d-9e94-2868f49735f4,Amazingly wonderful apps 🤗🤗🤗🤗🤗🤗🤗🤗🤗🤗🤗🤗🤗🤗🤗🤗🤗🤗🤗🤗🤗🤗🤗🤗🤗🤗🤗🤗🤗🤗🤗🤗🤗❤️❤️❤️❤️❤️ absolutely Awesome apps 👌👌👌,5
6e1eeb69-5691-4276-b94e-eaf76f6cbabc,This up is very cool,5
f3784f31-232f-407a-89db-6cd6256705d4,It's all in one aaps ❤❤❤,5
8e4609aa-b56a-49f5-9ca3-f9a392069989,Good 👍,5
5590e697-2357-43aa-b830-e98b097c3d0e,This app is shotty at best. Half of the time it doesn't messages much less pictures or videos and with every update it gets worse. So horrible since they started the end to end encryption. This app doesn't work the same anymore.,1
cf9f740c-115c-4182-905e-551549a13499,Love this,4
46bac55e-0e68-4899-a0b7-e4f1da07f82a,Good,5
f2a37749-9a77-4edd-8f6d-81b87410a239,Nice,5
4b5eb160-dacf-406d-95fb-4f7218b76167,"garbage, unreal.",1
def076d1-d644-4d96-aa46-05a67b26a597,Can all other old chat themes be available again even for a limited time? Ours was accidentally changed and it cannot be brought back again and it feels wrong not having that theme after using it for a long time.,1
a32a2ddf-212a-4060-9dd5-e9b5725de490,Good app,5
ec890364-aa98-425c-91f9-d764366256cf,Thank you,5
0ab01c5d-1825-4e85-85f1-de919a00cbb4,Very unencouraging,5
6975e4ae-4d52-4963-aaac-721676a4c8b9,Nice,5
9a8b6272-7d8d-4358-a3d1-a9a27daddddf,End to end encryption just ruined everything!! The old version was far more better than this one!!,1
02de80b3-2251-42e1-a329-28a722408878,ok,3
35f1b886-cda9-4038-a0eb-e03dc495ab09,👍,5
ac222b7e-e990-4921-a8d2-277b3a2e289c,good,5
103f4289-2286-4581-9718-f8c0baa8c211,Cannot read some message sent to me...,1
a53b2b93-c6d2-423c-8284-df99ee29cda1,I love the Messenger because its so ayaw ma oppen,5
9005a850-d778-402e-a419-f86511737489,"Stop with the AI bs and fix your app Zucky. Links often won't send, voice messages often just get erased too. This was never a problem up until the time you started dumping billions into your Meta bs no one cares about. Edit: Zuck how did manage to somehow f up even worse than Elon? I didn't think it was possible to run an app worse than that man and yet you've done it. This is impressively bad. I'm giving you 5 stars because I'm impressed but how glitchy this app has become",5
c3328a59-d862-4c53-8f87-70c3ee6ac2e6,good,5
f56a4a91-bdbe-4acb-a754-73fb3830ef3a,Penge music note,5
4b0ce930-b6c1-4077-8449-eb4c2fef88df,It was working great for a while but then for some reason it just stopped so I had to uninstall it.,3
67709eb4-2ae0-47b0-8a4e-ff73d45e7784,good,5
81e0ff76-4dc5-42fd-a731-acf414d8838e,Good for communications,5
9ff5b3ef-9ee4-431f-89e9-346800ee3dea,Something wrong with the upload image ☕️🚬,2
17a8f288-8257-47e5-9622-80cf9a7fa805,Nice apps,5
ea9374f3-dff4-4a0b-bc52-d620ce4ca3e9,Good,5
d4efb177-9fe7-4c79-b650-9006b4930789,Magan ito gamitin at madali mamesseg ang mga find quh,5
e73e4d92-dc0d-41cd-948a-0f0171924ce7,Good good good,5
d034b399-1925-48f4-badd-e699fde17941,Good,5
82a5b647-a15e-44d9-a6a4-2b8a985bf512,Great experience,4
98f45045-baf1-46e2-8cf4-9fc34aad01d0,Good,5
364941ae-abde-48e5-9241-9e23186fa1e0,good,5
3ef31304-2581-43c6-a7b7-7622eb7563b1,Cool,5
7caf8247-2689-45bc-bda0-88e0d506f426,"Subrang nakakadissapoint ka messenger Dami Muna ngang binago , for security purposes ba kamo, pero bakit yong nakakabubussit na acct , I think na hack na accnt Panay sent Ng mga chat like advertisement , pero block d daw mablock d ko alam Anu problema nyo, pero yong mga scroll down ka dahil may hanapin ka na important message the past year ,, stuck up, kung type mo nman Ang possible date kung kailan yong message like January , Ang lalabas august , it's useless.",1
bcd074b6-0b8e-4ffb-a46c-e62f4e30c46b,It's running good,4
164280c8-5e90-4fa6-8a4e-1605edc5be2f,Good app,4
b665b912-fd17-46a0-8451-d7c5ba412f0a,I still don't have the notes in Messenger. All my friends have it but not me,1
a6744d43-4dc2-426f-b521-bd77723e7830,Thik thik,1
8568a8aa-035f-43a2-8b90-f97e8bff5847,Rate this app,5
63eebaf7-8603-4fa1-9b74-21ecafd12985,Nice,5
263d05fc-b730-416f-a3ee-06c41c5c7b32,Milu,5
50077abe-cde7-45c3-91e3-a03471a4a225,ارجو تحديث البرنامج,1
290327ac-47fd-4fb7-b47f-2295a9cae46f,It's so attached to me,5
0f56b796-2e2c-41aa-916e-58cfaabb1e7e,Trash end-to-end encryption,1
2c015a07-4393-42a9-8c87-c94eb09c44e6,This version is the most hated because of end-to-end encryption I wonder why my old messages are deleted.,1
eb582260-316d-474b-a4ab-80b26a2b4b3c,This is remove this material,2
856d8ae4-0e6c-4fd4-b275-e9e68105578b,I love you too mare Jan,5
2f651fe5-89b5-4e23-bf33-4d185282814a,Good,4
3368c9f9-97a1-4126-8cff-eeea0e836133,Messager have problem plz slove it,5
e6fb4d45-bde9-497c-b2be-ba31d1106894,Sucks 🤬 upadates,1
307f1fad-be1e-4340-9c1a-9bdab77cfb0f,I thought this app wouldn't get any worse but end to end encryption just made it worse. I can no longer access important messages. I would understand the deleting of past messages but blocking a new device from accessing recent messages is just disgusting.,1
7641804e-fe49-41c3-a61c-b5e13997e52e,Yeah glo,4
3b7442c0-eaa5-4f3d-bd96-d9f8d52fa559,i love this app!! 🤩🦋,5
1f934718-b76a-45a0-93b7-814eb83284d1,Pangrr,5
c92a3fac-8b58-4860-8aee-3641bc55ac4c,"Very good communication to all my relatives, that's why i give that rate,deserving",5
99798758-72bf-4427-bc23-a8d0495b2f7c,Great app! Works well for me. Updates were nice also thanks so much..,4
ed1cd39f-15ee-4bf4-861a-0d2d17c6faca,Very important apps,5
1e0ba76e-140b-4752-adc0-1f63f17551de,0🌋💙,5
f0fba5c1-a585-4719-99bc-2e247876bed8,I got a new phone don't know code for encryption for messenger for sync,5
c23e4185-1f66-4ba1-80e2-190b863fa29b,Very good performance,5
49f16628-9027-4b99-b37b-fbc39dabc470,Nice,5
6bdc3af7-9fa8-46d0-9ced-ff707241aa96,Excellence,4
0b1470a4-0b59-423d-9308-7fb0654beaa5,"There DEFINITELY needs to be a clear-cut ""Log Out"" button in this app. I was helping a friend, and she needed to use my phone to log into her Facebook account and her messenger. I'm now keeping the apps on my phone for her in case she needs to access her account on my phone again (logged out when she isn't using them, to protect her privacy), and I can't log out of messenger on my phone now. Please make a log out button so it's easy on everyone.",1
4d8387b7-2db8-42c9-8fa4-f5cbb774e015,kahayupan kagaguhan katarantaduhan katangahan kaulagaan,1
c2ae22b5-9657-4bc8-b22b-82f685dbae92,Ok,5
283e58be-3fd2-4027-8c5a-3701007fafb4,Bakit nag la log kapag may kausap ako.,5
e6267e16-aed6-48d4-a50c-3ef29b7ab621,Neat,3
c3530757-a591-4915-9661-d70dbd0e7023,Di maka send ng ss umay,1
f432f76d-a284-411b-99eb-ca14b6f9752c,Tangina wala paring music notes. Tinatarantado niyo ba'ko messenger??!!,1
61e4f1d8-1a4f-425e-ac57-258aa15861db,I can't open now after the update,1
63e00937-b97b-49c9-a017-f4cff0a895af,"It's ok, but when you do updates, it sure would be nice to know what you're updating, but it's always connecting and it takes forever for it to do that",4
8242fd56-1790-4e9e-9286-d6d09cd68716,ew BB udjudr gct,5
89ca2e56-58d0-4328-8b29-0ac02b7e3b60,Nice,4
8a0e77ad-83b3-4094-81e7-20bb9e6cf5c5,☺️,5
957a56c5-e4d8-4443-ace3-0d365aeaa068,Plus apgrade my apps,5
b0a600fb-a425-450c-8125-4f879e94fa90,How to describe my messenger disable,2
8db6e72b-cd74-4232-9166-a86b5907a659,Good,5
d0b90c46-e64c-4536-9c99-85372342de74,What happened???? I logged in my account into another device to read a message but i don't know what happened the messages are missing whyy?tho i already updated it!!! please need answers.,1
69177c59-10f3-47ca-b592-4466b1d0525f,Very nice,4
547785d3-23ba-4775-974e-05af463ca696,Aps...is Amazing,1
9e6146cc-030d-4179-a1e2-8f704ecb38bd,"Please make the game ""ready, set, cook"" an app. I think it would be so much fun to play with because it's multiplayer.",5
e51f24e5-952a-436f-93da-ca61d2abf9a2,"tanginang app 'yan, putanginamo pinupuno mo'ko puro kayo unfixed bugs tangina kayo",1
a83d2bb0-f628-4d56-ad61-a63b2f015da8,Back to old version. Messages don't pop out. Bubbles are not square. Not satisfied with this update.,3
31a1fcbe-4da8-4a1f-a3dc-2fbe6187c2d2,I need these messenger,4
176fdb3e-6c11-490d-90f7-122420d1f0fc,Excellent,5
a5f0331f-55ba-4441-a0bb-7c0000c3fe1e,My favorite app.,5
5e1c46be-6ab2-4309-aaf6-99dbb9c3183d,please bring back the old messages,1
6d7a01b1-cb34-44c1-8dc1-3b4e74693c47,"Won't let me see messages from any of my friends cause it doesn't approve, the heck 🙄😤☹️😳😟",1
4c487bff-0396-4e35-a301-2437ca5ed268,Sanji,1
e8aa4282-6f68-4b0c-a4bc-b3e2e1c28b3f,Ugly update,1
d3e5276d-b26f-4cc1-8f0e-1c78146fad75,Nice,5
1f0c0bdf-5064-419a-8370-f8298387b0c7,Great,5
5a081a38-5e6e-4e3e-815c-407e16694a9c,Good,5
77a5704d-98f5-42c3-8b7b-0852fcbe2730,First time trying it,5
fb65ffcd-1d4f-4af6-8759-1617c8c9e97f,Gf Gu h fggt gf ffFtfftfddफ्फफजियययगगगयगगयाजियगफगफयगगयYफगफ5Fययउ,5
6b9b6684-f126-4d29-8d79-83751c210c63,Can't recieve messages from husband. Says my version can't support this. This is past few days,3
b7380df3-cf34-4665-b633-a99b576ac8d4,Nagloloko pag nag switch acc masyadong mabagal,1
a910ecfd-598a-431f-b9f0-1f48644b1447,Theres more app cant read,4
0c2ac897-8f46-43ac-b8a7-bd729f55b597,Sellers aren't getting my messages on fb marketplace. I've lost thousands of dollars in potential deals!,1
6d93ba5e-c69f-45e0-854c-ffc313dfc813,Oky,5
9825883a-e999-46f6-91c7-6791c0f69f88,Very slowly,1
360e895f-ed65-484a-8d59-5a4949d46d2f,This app is a very good,5
ac37aff1-072b-4ed2-871f-91db3ecb38cd,Very good,5
1c5d5166-aecb-41cc-9f33-49b00bb38aef,Rollback the encryption update. It's pointless as all it does is remove all my messages.,1
2ba7665b-75f4-42a8-b7c7-f31537b9d6a7,nakakayamot yung encrypted na yan. Kahit lagyan na ng Password para mag Sync wala pa rin yung iba. Napaka walang kwenta bwisit,3
950fe653-17b6-44a4-90a1-b5a7699d14be,I'm still trying to figure out how to use this feature 😶‍🌫️🫣🫨 Thx 😊 I know nada 🤷🏼‍♀️,4
e4134c78-bc2a-41af-8d5f-cf1e8efed5d8,Messengers,5
142bb554-0da3-4b5c-a7ac-bd12565de30a,"Kakaiyamot encryption, di naman namin kelangan nyan, iniingatan namin convo namin tapos ganyan lang, mawawala dahil sa encryption na yan, hindi nakakatulong meta",1
1531fa37-f7af-4827-816e-3eb030f8419f,Good,4
cdf994b6-d535-46de-9f7e-ac8e1891a2a8,Unable to get messag Got em,2
7aac6d76-6819-41a2-88fe-3e6df9b910f6,Helpful,5
e711f997-97ea-4aec-b8c8-893990f8a13c,Good App,5
3c1a0811-ab9e-4ff3-b98a-fc375518b128,Does this app can notes music?,1
6060dcd1-e4e4-4431-98a3-2c641f235eb3,Tite,5
6348b709-5d1f-4a68-aafa-642bb10e9abb,❤️❤️,5
90b9f85b-2a25-45fc-b872-db359427f404,Does what it days on the tin...,4
e1e09b6b-1ec1-4268-bf01-376fe28a5068,Not much help with such/any messages.,3
c8befbf0-5b42-4c9f-8158-7a1988558994,nonupdatable,5
0ca6cfdd-0666-4c00-8149-1736d62539e3,There's no perfect app. Issues and problems are always present.,4
f731712d-5e52-487b-b3a1-b1c1e67449a7,horrible app. doesnt let me send any kind of photos or videos now. a joke of a app at best.,1
5b3587a6-c5cc-4e56-88b2-9c4cddee0883,i hope video call have flash .,3
7bffc6e1-b2e3-45e0-bb6c-d86077af3a45,Just let me use the browser in chrome.,1
896bb5d4-a606-4266-a983-938aa639b0e1,"Sometimes the chat heads don't pop-up when I have a new message even though my phone is not in a do not disturb mode. Also, when I open the app it does loading and loading too much.",3
f8483111-0ebe-4d77-9aa0-b947a40d05f5,Good helpful... 👍👍👍,5
90cf038e-b161-448d-a09b-62d9d0f56774,Swap gc us,1
ba81b79a-4d2f-4a30-99c4-6b3e37d329b7,The best of friends interests and ako,5
26e10f53-19cb-43c5-bcab-cd99b1a89aaa,My messages keep disappearing from my conversations? What's going on??? Very frustrating. Pls help!,2
3593b9ae-abb7-4ffd-92f5-6768a2922ff8,"Latest update bug I am not able to share videos or content from Twitter to my friends via messenger keep on getting error please try again later, remove the app and reinstalled it worked for a little bit then issue came back. Needs to be fixed using a samsung z flip 5.",3
e478c6e5-f180-4975-a933-332f78466613,"old and new conversation can't be seen in other platforms like fb lite, only in messenger app",1
a3afc92f-3756-4c21-9605-c8dc05492488,Keeps me in touch with my Family and great marketing platform,5
7af17102-656d-42ef-86c7-24706addc2c6,Nice,5
d2413f74-36bd-4a9a-b372-d9d39a3e469d,Love the app Dont like the update,1
a2ce93fb-23c4-4e4f-b6aa-26756744f018,Very useful for business and imfomation,5
28f89d23-b65b-4dc0-83c9-8bbe8573a0ee,Good,5
dee46ca7-6206-4ce1-9c63-10cce63a9483,Nicee,5
720fc389-12db-4f24-bc24-77faf843c4d5,I really like the app,4
46ffc09c-41dc-4c9a-99d3-0ae6df9eae7a,Why did the music on notes disappear 😭,4
ee7687cb-eb9c-44f6-a86d-368a6263a40f,Good,5
0649f522-1e70-4d5f-9381-b882f0afd17d,nice and easy,5
8cb03694-c274-43f2-9d8b-52c739aa5fd0,Unable to chat,5
ebf7ead0-7237-46c1-8141-220483ff7728,Itsusks,1
b2ad1817-10e4-4d7d-b3d5-f37d34443326,Il,5
f5170e4f-5ff6-4df1-8075-8432cc8d37f0,Good,5
9215b59d-c2b9-4d69-a817-a332829e5e52,very good,5
e29cc23b-5350-479f-bed6-64c2c79c0d59,This app is very usefull,3
4d8e5ddd-250c-4cdd-a55e-ca10bdef69b4,pangit na pati yung gumawa bweset ibalik nyo mga convo loko,1
b0b30417-8b9d-4690-88e1-b224de2bf613,nice,5
54e0616a-97e5-4a6a-ad35-93ec8fef7c4c,Normally,5
5504f585-f85b-4623-bbdd-67e4bf91c225,Puas,5
89b80b45-58f1-402f-a107-d488e112cdd7,It was very good.,5
f59e6a79-b16d-4e2e-94ac-6555295ed75e,This was great now it sucks. The last update messed it all up and now it can't update at all. Fix this junk will you.,1
db549a5a-7be5-4577-869d-e33df7575b2d,My music note was gone for no reason,2
90222d75-6682-4329-9b7e-a48bccf83136,"Forces itself on you (2016), 2024 gotten worse",2
7978a18f-5aba-4202-a286-a4571167658e,I don't like the new update.,1
ec123611-68ab-4c6a-842e-4d07cadf3637,Good,1
5415652f-2857-41c6-bb70-041ddda02551,Your app is beginning to annoy me now the message logo doesn't stay up as if u got a message it's shows then disappears completely please sort this out I've said multiple times now needs an update also now it's coming up with a message notification and I looked and hadn't received a message,2
d80db63b-fb36-4db2-8e4e-167a612d119b,Good app i love it 🙂,5
1afdedb2-9a85-4188-a42f-f910a9549e27,It good but mess up if not updated,4
8c8fae46-b2d3-4bd7-9528-2545f381ce65,Good,5
3bbb623c-076b-46e5-9d71-48480aed560a,nice APK.,5
ac8f5f8c-83e7-4d30-8498-fefb80349a63,Good,1
29c015bc-9954-4acd-a031-853a14177dfe,Still my most favorite messaging app,5
a5b27420-c960-49c2-957d-68636bef1237,It won't lemme open it since I updated it n when it does open it automatically closes,1
b1dc9b67-0e50-48ec-b31e-d532fee53bb5,How to log in this apps,2
1410d6f4-f3e0-445a-a142-cc78df05daa1,"the update is not good, it's giving people's stress lalo nayung end to end. nakakainis na mag messenger!",1
9aca7d30-8537-40c8-8e41-f0ce6ff7a03f,Very nice!,5
ba878781-c39c-4a80-8e5d-d28f513b91b0,Great Yarmouth you!,5
91f1ba73-0bf0-4450-b972-747e83c0370f,winmintun,5
c2eec560-3a15-44d3-a178-9ac8e12711d0,Latest couple of updates have made this app unreliable. Looking to switch. When using as a platform to communicate with staff and family we can't wait until messenger decides to send the message!,1
597a1eb6-24fa-4258-a327-3fb7470b91b0,Its fine but every update the next day it disappears,3
cba3936c-1bf7-46cc-9e4c-b2db02363884,pangit ng update ni messenger ngayon 'di na kita maintindihan lol,1
563447da-46ba-457b-bc84-b712d0ca065c,Uh,5
e08460a8-576c-4404-acc4-1f8aaa870c6d,like,5
16a67e68-162c-418d-af4e-8d449a2bd1b9,So helpful,5
6cd2c5b0-5ab1-423c-8115-de240d132f6f,very well,3
680a5ca3-e481-4d24-acb2-6f63dd381f3e,It was easy to installed back and it was a great experience,5
2ad2d7a1-3401-4905-90c0-d038dde13de0,I don't like meta i old version better than lastest,1
f44863b3-db41-40e5-b998-ff2d74bfc6d7,Dissapearing message,1
8a402d11-7364-44b3-bea1-786aed8c6eb9,Since they added encryption half the tine the messages don't come through and sometimes small video cant send. They broke it.,1
11a87614-b913-45f1-b982-12278da1e399,I did not like the new update. It has become similar to the Facebook Lite application,1
6a86e74a-022a-47e0-b6eb-0c0bb666f8f7,The new versions dont work It keep loading all the time...only the new versions ...the old versions was great ...,1
4c0b8796-a026-474e-a5a8-f8ac333fd369,unfair,1
b828f3da-585f-4df5-ab44-8802703cb90e,Not good,4
5b90f9e5-d669-4844-84d9-a428d1446d46,Love it,5
c095bb3a-bc34-4b80-9e67-24a0cc2547ea,Okay,5
cfe74f20-3042-48f0-9818-bb3519117b5d,Nice,5
d62e1d6d-ebef-45f0-9521-f5816bfa4568,"Bug issue that won't allow certain pictures to send, seems to be screenshots that won't send. Multiple people have tried to message me and their messages say user unavailable, when i have not blocked them or anything of the sort. Developers need another update asap and fix bug issues.",2
a016f611-aa16-49e4-98f7-522d6a013e92,"Always cannot connect,not open apps,..poor apps👎",2
d30c5ae8-72cd-498b-87f8-9f0825a64a58,jewelcerBug,1
1532d828-fcaf-41ee-a1ab-da2b0c215c8e,So good app,5
ff0cac6e-9732-4a1f-a282-729c6141450f,walang music notes sa akin,5
e6703afc-5c93-4f75-9fd0-03cb3f0e162f,"not working, always bugging. I can't go back to old messeges. improve this, we need a speed access.",1
3b76e34e-6646-4b9c-8830-b9481a020ccc,Has improved,3
3b04c5d7-09af-43dc-9e0a-3693fd23df10,Ok,5
a025e961-0c27-4f25-bb0f-8f57e44e0fcf,Slow make it fast,5
0921d404-3976-4557-8892-ca92366680a2,Good,5
c06d8896-a22d-443d-9a5d-7876c25e3bcb,Hello how work my dear,5
de9da0bc-f85f-4b2d-a065-3ca76d6a285e,Nice,4
db5888c0-83c0-498b-a18d-2799277bd0c2,"Ever since the update, ai cannot watch the videos people send me or I semd people without it taking me to some random videos not related",1
f8041aed-a70f-44d3-a7f6-050ce82f7f33,Can no longer send pics or videos since update.,1
3a8c633d-d059-48bd-80c9-c1f1b2a11df0,Good condition,5
e579a85c-b40f-4a5a-b846-29aca7dd206b,good,5
82acd898-1843-4122-ae02-796fe3bc2210,This app is kinda amazing.,4
f27d4a85-3688-4973-b333-5ad4c7ce9d73,myatmintun,5
959262e9-c7eb-4708-b3bd-02a30cf9c896,Good,4
e9d9fbc3-28c0-4bf4-9107-fc09f8bcc659,Excellent 👍👍👍,4
4467aec6-1daa-4322-a3d5-71ca28046254,Great,4
b395c5c2-6351-4519-9263-e71f24f6c1ae,نفس الإشكال يتكرر,1
3eab3cd4-273e-4500-8044-018cf6b5978a,Very good,5
b9131902-1008-4e02-83d3-8d2de16b2328,Love it,5
9ff23c7d-e75e-4fd5-9230-388e1254fde4,Perfect,5
8c593c11-fbb1-4add-a946-14b2e182c7c9,Good,5
0e574404-e93e-4d80-9451-83e74b8331f9,It does have its glitches sometimes,5
996221a2-ee2d-4f0e-88da-caa7d6a495d5,I'm satisfied,5
4641ed77-f125-48e1-a8be-a340a4805b0e,Worst new update,1
622ed492-1c6c-4d56-85fe-aaa0b34dfbbb,Everything was good up to recently and now the app is kind of froze up on me and I had to remove it and then reapply it but right now it's not showing up on the phone and I just opened it again so I've always had a good experience with it today's just kind of acting generator in a safe lock me out which I didn't say flock everything and now I can't get it to come up I was just kind of aggravated cuz I wanted to check and see a few things we,4
a13316e3-3bea-4eb0-8829-83fb9ee0a429,Great,5
2f2a14da-82d0-4095-a0ee-07a77b3a0867,Foood,5
1607f388-7c2b-47c4-b9af-6db7ca3e466a,"excellent.,very succesfull every messages i recieved",5
c37bf3f6-f5ed-42c9-b359-02df2a2654fa,very nice app,5
25284f04-dca2-40ce-8cb1-caa836c88abf,Nice,5
7cd9b850-866d-4078-a20d-9f1d8beb8230,"Y'all re a bunch of (fill in the blanks, I'm sure you can be creative 😠)",1
7257457e-cd7c-4c21-b9ba-c1addccda4da,Nice and best,5
b05c2daa-252c-4840-aca9-b6db1dc6fdc7,Worst version ever,1
6fe9a2a2-30cf-4563-8938-83cf0f5aac9c,Good,5
4b460a54-2876-4902-aad0-928b7670f6d4,Worst messaging app ever,1
789a51e9-755a-400e-a6cf-88d983f72aa3,Your great hey there. How are tou,5
0f5e30e8-f0e2-4adb-acf6-d6fa19e5aae3,It was fine until I realized I can't long press to highlight a word I want to edit. I can't highlight any word or words anymore and that small change makes proof reading REALLY frustrating.,2
824bf83f-16db-4f67-87c3-e61a4d29f500,I'd used it for long time ago but now I wonder why it's going back automatically to the home screen.,5
828c4e30-3665-4ba6-b548-e354cbc79b30,Why do I only have little time on my messenger? This is BS,1
132bc41d-dca3-488c-828f-25604cf3e433,Good,5
3eedce49-7e61-4d9c-b23a-99a9f5abfe0a,Fantabulous ❤️,5
9e408663-9e1b-4a18-8636-ff3bba23eef2,Please i want messenger getting back to blocking accounts without blocking them at Facebook just on messenger,1
94b6a16e-d308-4de0-a4b6-1744c9012852,There is no freedom of expression of opinion,1
72cb1e64-05ec-440a-87d7-bd1d42be9db8,123456 Rk,1
e427dcaa-0d1c-4f80-85b9-f32e34ba81ab,"So many bugs it's insane. I've had a few phones the last year, and each phone seems to have its own unique bugs for this app. My most hated one is that none of the pictures will load whatsoever.",1
fb6a4c2f-12cb-4a49-9aaa-f60ab39ce5f1,"There is plenty of spam advertising, and your data is given to third parties without consent. META AI is pathetic and needs the option to remove and block it. Photos / videos are missing on receive (android and PC). There is too much bling and not enough functionality. I won't be updating this again. The default version works well enough and doesn't contain the BS.",1
58bbbed2-9915-44ca-ab5c-90bcf3894eb2,So Bad,1
8fde8a12-f929-42b9-80a5-c94acfd68835,App broken,1
e03df5d2-dfa4-424b-8ee7-2869f52e287e,I can't send video to anyone,5
2eba5812-1e2c-406c-b655-c2059f8e0f4a,the update is not good when i want to do videocall the call is failed the its say's that need to open messenger app to check more info even i already open messenger still it is not working,1
85225ec3-5022-4f19-9dd2-a1c519a31184,Blah,1
a5ca411f-ad13-4528-8246-50f7494da581,it's is a good app,5
d274ab38-dafd-4ce4-be0d-2c02e43714b8,Luv it,5
a0a0f5ea-5942-4dbc-bde0-03503f083c3b,Good,5
0a96472c-020e-4864-89f9-0ed1256c1ada,Dahiru zino Mohbad,2
e7a2ca57-87af-4567-80e1-89c788ca2b5b,Satisfied 😌,5
e939b4b7-874b-4799-8a01-c5b48ef4186d,Very bad .. this update sucks I don't even seen the online people.please remove the ai icon,1
49639127-8560-4eb6-9058-cafc15728103,verey good,5
439846f8-f6fe-4ea1-858d-337eaee39f4f,The glitch where messenger gets your photos mixed up in your photo albums nearly drove me INSANE. Need to get fixed because currently the app is hot garbage. Fix the photo album glitch before we all move to a diff app to have our meme-chats in.,1
805686c6-69a0-4552-8d57-c4992bea5ef6,S generosity krishnanagar jaju thek Jenna an kei ke waah luggage dikha su Italian Jaan Ireland chandan ka fn ka fn ka ek jhatke hhgg,5
3d13a663-329f-4ec1-b1b3-bfbd949be543,Satisfying because it is usuful.,5
5fcc3c74-acb4-4352-af9b-8e54aad9d24a,Am a driver,3
47e0456f-8c3b-4af5-8554-49bf48895f5b,"Update Are worse than ever.... It tells me feature for facebook feature for messenger but it doesn't install it.. I uninstall reinstall daily.. . I hate this app. Everyone keeps getting hacked,.. still. again. We know you look at our info, politics. Yet we are not allowed to share what we want in a message with our family. :-(",1
d9a05a25-6a19-4acf-8d3e-086954727195,Quick to chat.,5
4b8a0eb2-6198-4c56-b76a-fec8b76d30b1,Very good,5
32a2298f-c2dd-4052-9fb2-72194ea0c3de,Very Bad,1
a02866c1-839f-47a0-977e-6e1ba42dba3d,Ok,5
6abdd66d-5671-4900-84c3-3bc91ab97bbd,Good app i love it so much,5
fc73eb28-eb03-42db-a2d1-a7ca245a9be7,Nice,5
01ce7666-8e8a-4f32-88ad-3d6021b7532c,Nice app,5
15c10704-f410-453f-a232-dbba6fc4e67b,Satisfied,3
18290457-023f-46f4-906b-50c741f9b080,Nice,5
809625b2-52aa-4ed8-8191-65372a1150f6,Good,5
e327884f-9b10-4d0d-96a2-1206e5041c3e,This new messenger can not danload what's happened,4
bcf4df20-dae7-4655-9a4a-e04499abda17,messenger Tumhare donon.,5
25f449fe-13dd-4578-90a0-d2dc03e63020,Good,5
a8d2f33f-969a-4337-9d96-02e42f10fa9c,"PANGET, LAGI NAGLOLOKO. DI MAKA SEND NG VIDEO AT CHAT. KINGINANG UPDATE YAN",1
deabaf6e-df1d-42c8-aab3-464b8b7c4346,Good,4
f8231abd-1b8a-48d5-8e0c-42536534ffed,Very good,5
461b480f-4ec6-4335-b40b-2266a3177975,Good,5
59bcd344-4ebb-49d7-bae9-1bb3c5c505a5,Kbrui,4
3d63a91b-1825-44ed-bf72-dc9a4e935c20,Dil sy yaad kro pas ho ap ky,5
51e91b6d-f2c6-4a38-a6cb-893b0203f03d,I love this app it's wonderful,5
37020f0f-4ece-4881-8421-338c2d2a5fc8,50/50 running Not really performance 😕,3
c92db7bb-13ee-4ff7-b180-7c42600e7300,The past few weeks I haven't been getting any notifications from this app. They all show at the same time but only when I go into the app myself. Missing calls and messages all day.,2
de79af4d-c430-4e2d-952c-5af7218247e8,আশরাফুল,5
8458f927-8870-4108-a9cd-47bf60c7a167,"I can't view messages even I have the latest version because of the errors ""You received a message but your version of Messenger doesn't support it. Update Messenger"" or ""Message sent before this device was added to this conversation. This message cannot be delivered"" - this is your ""amazing"" encryption and ""new features""!!!",1
26e4a97e-6940-4825-a7f6-b7c2c6978062,This app is hard now to use..,1
4c607946-04f5-41b0-b5f1-7633652bc95d,"Terrible. Won't load, sais it can't open in English, security reports, won't load, proper headache made worse that it's impossible to get hold of anyone to speak to about it",1
6203a559-9fda-4bdd-a4ee-6711955528a3,I hope you can fix it i updated it i din't have the music note,2
42632161-a8d1-406a-85f1-a4e8a1ff4338,Sport plz,5
09de2c13-27c8-463d-909a-1ace8556a145,"""Waiting for this message. This might take a while."" This is so annoying!!!",1
0f9b32b3-99fb-48c1-9f4e-e1544c986b10,Vgood you too GG I love you,5
5c68c5ed-eac5-4f06-934e-b893fecef8da,It's a good app to use,5
11229a57-5ccf-4aee-b6b6-7218f7bb4132,Very nice,5
323a94a0-6c6d-4a6b-8547-162192945edb,Worst update ever!!!!!!,1
c669a36a-fc6f-415c-a833-97db5ec941f8,Cannot get it to come on in Facebook app.,1
88a906c2-ab67-4bb7-b0f3-32c561ab9c4f,Excellent,5
1eb28452-e716-4f1d-9b49-f5077e810a1e,I love this app😍😍😍😍,5
c35ec8af-572d-4b20-87e7-eaf87ee97f36,I am having problems messaging and making phone calls.,1
f6cba830-b7e7-4f83-b6d3-a0918a4e906e,Disgusting,1
9d0e9aa1-25ec-4d78-ba8c-1a806dd76b89,Good,5
e36ef876-2b82-4ad0-a27c-58130d4c9812,"Super slow , hard to comunicate",1
268f67e8-0890-496e-b60c-749c88d14ca2,Where the hell did the music notes go,5
23c1acc2-c122-411b-9b57-fd043793d582,"Please remove the end to end encryption, its not useful....please for pete's sake....",3
a6a3586e-78ad-4a98-849e-a109a5045469,It is very easy to use this app.,5
f703d031-7f22-4c16-8042-af47157ec831,Isa kse wla Akong kausap Dito madamot Si messager mag bigay ng kausap😆😆😆,1
c22dcda0-9bc2-4229-9c94-0c55ad384cb8,Will,3
6bec1365-0e46-4162-8d58-dd297e4e177d,"Recently the app is very slow and message notifications are not coming, messages are taking a lot of time to load.",2
329e9430-ac63-4340-be5e-b24881bdd9f8,Awesome 👍💯Very nice work,5
ffbb5775-04fe-4b61-b905-da465ecaf79f,👍👍,5
744d1cb4-72e5-46c5-938a-98611a445ba9,Gud,5
0e699349-7a2c-455b-9894-63e03b777617,I am just facing too much problem with this end to end encryption and now I can't reset it . And I am unable to restore my previous chats which is so irrelevant of messenger . I can't even find the reset pin option in my messenger . What is the problem ???? Meta or messenger should solve this problem immediately and not only me many is facing the same problem.,1
692e7bdf-d25c-43b3-81c0-59e73f25da1b,good,5
055d073d-96fe-4b40-b39b-51c23745359e,Wonderful,5
6f0a011d-8937-4d24-b66f-0a5399db81d6,Use full,5
6f60246e-838a-4914-b750-c4d8e5fb38dc,"The application that I use the most but it's the most buggy one. When someone is calling me I cannot see a call until I go inside the application even at that time sometimes I cannot see the call until it's missed. Some of the messages I don't receive if I am not active for some time, then I have to open the app to actually receive the messages.. sometimes I have chat bubbles sometimes I don't. Etc, etc.",2
e13ca8d8-41ff-4963-b706-8c44b013954d,Love 💕💕😘😘😘😘,5
6150834b-d4f8-44e2-8f07-14297c2a3b55,Ok,3
c71b6710-69e7-4a34-bf63-08ecd133c00c,It so good i love it have been using it since 2010,5
3b0fb4dd-fa88-44a8-98a0-5e291d8a59d2,nice &vary good,5
456b6dde-d11d-49ca-b528-3f10a5c3b118,Useless app it takes lot of time to load in modern how lazy and non professional thier developers who not work on their optimisation,1
5f84dcb3-4671-41eb-93ee-b67f7f78d010,Owo,4
ebb50def-54cb-4758-b2e4-a4627c3d72db,sucks,1
fa5bf487-b7de-4b13-a472-d63353a6d8da,For all time ihave used this application waoh ifound it helpful and wonderful,5
89c593a4-94ee-4011-8817-3ba7c6174c96,Useful,5
58693a86-3ff9-43c1-9d88-117cb1bfad40,Literally the worst version urgh pls fix this!,1
d6663752-09b9-4b4b-8be7-cfe1b71fd132,Useful help for me,5
cbea3f70-36de-4f66-bcac-2fa2551fd951,Awesome i like it,5
77004dfb-e6b1-419e-b0b2-0a1e4310d548,Feels good,5
f5f53233-7c94-47b9-8aa6-a282a40a4a93,When clicking on a Facebook video shared in Messenger it takes me to a completely different FB video 95% of the time. This has been happening for MONTHS and isn't just me. This has been reported to FB and they do nothing.,1
15948707-d471-4300-b878-4d036ecc0aaa,Thats really awesome and helpful.,1
11ada894-78c5-425e-9d87-c6bbc9d79bc5,Good app,4
79bdc7f1-7b80-4c45-ac6f-3a8f48c547a6,Calls are ridiculously broken constantly ending randomly which interrupts my conversation also it randomly decides to not let me answer just booting me back to the home screen ridiculous!,2
9ef02c9e-e52f-4e78-bd27-b054c7462544,It's good but still needs improvement,4
89d2b86d-ce20-4403-b343-39a65e2de6fb,So good,5
a657e639-0079-4001-8ce8-7d53222821d5,নাইচ,5
4af52fec-58ae-4941-a456-68d905893035,Nhi karo download koy larky message nhi dekh Rahi nhi jawab derahi hi Koy Kam ka nhi hi app 😆😁,1
3e57089f-259a-432e-a1e1-bd325cfc1e8a,very laggy,1
28f85ddb-e311-4ef3-89b2-a0016bf7512c,Excellent UIX,5
dce0ce71-4237-4421-a76d-5706a336b485,A very good app for chatting ad receiving messages,5
7f1ec33e-3925-4fd7-901f-6d3395da7a99,Thanks so much Aish,5
3d629207-3e34-415e-9b60-1d8824ad4d31,Nice,5
d5bbe966-367f-40b5-ad0c-1375896f70bf,Very nice and easy to use I used it daily basis and I enjoyed it so much,5
a0038315-3234-4604-983f-b0e19d74d6f0,Mast hai,5
b0c94a82-7e9b-4dd4-b7b6-96b787340456,Ok,5
139b8584-3619-491f-902d-ce8444a57612,"I hate the end-to-end encryption. It's so useless. As a keeper and a backreader, I hate when I can't search the messages what I'm looking for. I love reading past messages, Meta. Please don't delete some convos without notifying me. Meta's really running out of ideas lol.",1
ec91a04e-4217-4de5-bd83-762879b935fb,No girls message me 😭,5
bf9f7967-d9ca-4908-9a46-cf71f3050760,❤️,4
b3fb434f-6957-44b5-93d4-dd3a8732c66c,"Received message update of messenger needed. Updated. Then tried opening messenger. Got reply it needed to be updated. Tried again. Same message, I needed update !! What the heck is going on !! Why am I getting this run around!? I can't get rid of this one star rating. My rating is zero !!",1
6586ce80-87bd-420a-bdb2-9b0ff0120d57,Good,5
bff4a955-3f5d-42a6-bdd3-9b8fb394d962,End to end encryption is ugly,1
5846025d-8ad2-4c2f-bf5d-f62d08fb7ab5,My experience is good.,5
cc56dcf0-3043-421a-8ef2-644d94c2cb93,Sometimes its problem create. In generaly it's good to messaging and communication is first and calling it problem create.,4
4b7667f3-e004-4b85-8edb-03565b7fb8b7,It's funny 🤣🤣🤣🤣🤣🤣 my phone don't ring anymore It deleted the app on its own like other people on my phone what's a Mac PC this is very ridiculous I cannot talk on my mic keep cutting off get rid of Meta app. And fix my phone ridiculous and very very confused messing around with you guys fix my phone back,1
e3db51ac-7c44-461f-ac0f-e47fa17bacba,Massages Not Go Fast,1
6fad1b02-5b50-40ed-9a4f-f92cceb115ce,Not working,1
b6925614-fb2d-4a1c-adba-27260df4fb05,Abcd,5
c25d7184-3a2c-43c2-a951-8b62f3f70343,"very helpful app, but the app is always be hang. please solve the problem, thank you",4
f263bcd5-7c82-42f4-aeb9-aac1f0464874,It's the best,5
508dfa2a-7c33-4f07-a972-7fa910ad97c0,HUAWEI mdr xl2,5
cd0a96a8-cb6b-4d56-b7d0-b99d9177b911,Old messenger cai,5
4c9a9df9-c0ea-4053-99c4-403b4d3e7efa,Very good,5
b31e4feb-e24f-411f-9ae3-fad0fe345f7c,Good,5
6289ac48-c586-45fe-b57f-955188ce3f81,"I don't understand why Messenger just won't work. I get notifications that Messenger is using data and won't connect to WiFi. It won't send messages, it just says waiting for network. No, I have a video playing and speed test says really good connection but Messenger just doesn't work. It'll just sit there and not deliver messages for unknown amounts of time until u fix it. Hopefully, none of u messages are important or u don't really want anyone to get them. Checked and changed all settings.",1
efea1b2e-64dc-4ce4-893b-2833b3f8c2f5,Sankoh Ibrahim s,5
f541a581-5380-4bd6-b834-edd316960c23,Amazing app,4
80da487d-c2af-4669-8665-491bb4b4f975,Why the song notes removed?,1
eaa7575d-09af-4a3d-b775-ff263bde0444,"It is an evil trail of messages which may be deleted with the option of only having it removed from the sender's end, or have it removed from both parties altogether, enabling people to send things they wouldn't typically say but texting these thoughts is easier especially when you can see exactly when the other party has viewed the text and then you may remove that message to prevent the other party from exposing you Good way to reunite with childhood friends or perhaps family or really anyone",1
b2932425-46d8-4281-a8f4-d564cec9cd54,"Disgusting apps..more issues and disturb,,, can't block same person 2 time before 48 hours,, Block person can disturb you by adding group..",1
3c7b9fa5-11d4-4bb0-81d0-b4ab96d74439,"I'm so sick of end to end encrypted,this new version is useless,I can't read the messages even I want to view my messages password must put first,who ever think of this was useless also",1
f30fdbdd-5e67-44ce-bd41-dad83d31fd55,I use it all the time.,5
bdb61539-0d8a-4146-9a9e-5f0f31fd6577,good,3
be795c6d-9c01-411f-a50b-4925e35b1b54,tolol banget bikin ribet,1
87b07e73-87c4-4f9e-94e4-78d2b68358a6,Bad,1
852c89e4-9786-4ae2-835e-868e766401d2,Is very good and a fast means of communicating,1
987b91b4-18b0-4ef8-9d03-9657c7f4d00f,"I love everything about my Facebook messenger, I have always used it.",3
63d1a4ea-d19f-40cc-88f4-da7f5732c51f,Good,5
9799bacb-6cad-4165-95ef-bb0808d69342,"Hi mr Zuckerberg, andami pong bug ng messenger. PA FIX NALANG PO THANKS",1
15141646-bcb2-4716-a6a1-99580a2e5f4e,Good,5
b8185abd-03be-492b-afdb-23a25ab0e9ec,Good app,5
7d77bcbf-59c3-4f5a-ab64-d37bec6d0fbb,Good,1
1782b7b8-3710-4183-b57f-62c09052f153,Gud,5
58ee9dde-8de2-411b-9fb7-4ca2d44f7ee3,It's a great way to keep in touch with friends and family,4
20ac12d5-9669-4c18-9cc5-5ddf5a50dafa,where are the black hearts?,5
0647445e-90d7-40dd-aadf-6a257bdedf4b,Nice,5
61e6b4e4-658d-4e88-b2bd-996a3a1b252f,My messenger app very slow and hanging,5
8ccf2e1e-f204-4d80-a37e-873588115939,I've been using this since i was a 6 years old,5
634f9e03-1ef8-477d-9a65-98950629ec6a,Active status issue,1
f9c0447c-6e15-4cba-a83f-c7f3eb0f7325,bring back the old messenger. without end to end encryption 😭,1
e1d2f418-71e9-4d90-b7b6-c5c2b2e6114a,হি,3
b39d5bae-6b5f-4074-ad95-c75829e0881f,Good,1
829bd60d-c1af-4f4b-a980-13113ce78630,Nice,5
54c2620b-c5dc-4ceb-ac53-6617c4b87439,Bad,1
d58287cd-f3d3-4471-89ff-37302103bc6d,khakendra😊😊😊😊,5
e87a3437-da3e-43d1-9ad6-986eee35e87a,❤️❤️1❤️👍👍👍 Super,1
32c14d61-3b3d-49b0-a601-029863bd750d,AUMg. AUMg,5
b85030e6-18cc-4736-bacf-fd202e18627c,♡♡♡♡♡♡♡♡♡♡♡♡♡,4
3f284a95-f91d-45fd-8b7c-95b5551f5728,good,5
1155e20a-15c7-4daf-8588-7ef08fff2392,Love it too communicate with family and friends.,5
4a81fb92-205a-444c-ac25-16d83be1fe72,GkСтрпаш пол омо 4 особе 3чжб8фџо,2
674235cf-035a-46ad-b595-8c53fef77d3c,Good,5
8fd902e6-b941-47ee-adb8-be3bdcc5b6f6,It's so stupid how Messenger uses End-to-end encrypted messages now to restore your current messages. I don't like this new update. I like the old messenger where your messages automatically backup without having a pin or anything like that Messenger is kinda turning into google. This messenger update is bad,2
7ac3a39c-7de1-47a0-a98d-dbc6962929e0,Good,5
7cc712bb-e685-4a33-90e5-d0ef28797a7f,Facebook sold our personal messages via messenger to Netflix without our permission for over the past 10 years to gain information on us for Netflix ads and content! They are stealing our stories! The lawsuit is currently ongoing.,1
cd091533-984d-40cf-afed-c6f111451508,three star para ily hahaha,3
91a7d0e1-ab72-403a-bf54-f13bb6f14f39,worst application ever,1
4a3823d5-1c1f-4b6b-aa87-a4a90a676232,Nice,5
e1d0b22d-17f3-4e18-bbbd-618c91fcb668,Full of bugs.why you guys bring update?it always show me active while i was out of my app a long time ago.😖😖😖,1
112134d5-f292-42a5-8b35-2c542762cb96,Diko trip bagong update walang nag chachat🥹😭,3
48b2f275-60c7-4da6-8d1b-73821611a618,SOJIB,1
4eebd1e6-1b3c-40c7-bcb5-f870e788741d,Good,5
9536f960-63d1-480d-964c-395c07a8b2a6,"Touch is responsive, sound works but the screen is frozen and does not update. All other apps work fine.",1
3bc9860e-4550-467e-a7cc-96898c5ab054,Best,5
7c994d11-6cc0-4deb-8a48-90bbc4ab1034,Horrible,1
ba94e8c4-c663-4c76-8543-e37d4e0e0820,Ok,5
2ff8e685-a4bb-4149-94a4-046ea32b66a4,Good so far,5
1b121e45-9422-47ed-bc7a-d464aa0041e9,"Conversations already on mute just randomly started giving reminder alerts, not initialchats just the reminder. Doesn't stop tho options are set to mute, until I change so no exp time/date, in pop up and in profile of the person every time it happens. Pls fix this asap. These convos are muted for a reason!!",3
389eedc5-eeb4-4f6f-ac3c-ccd25f07bf31,🥰🥰🥰,5
5d1c3856-ae9a-4f36-b123-c8345c4acdb2,bad,1
02105dbd-8c07-4d27-af1f-315e26fdb161,This version is sheet it doesn't work the way it was am giving you 1.0% out of 100,1
3cab318a-7d96-452d-ac72-7fd0005ed2c8,Ok,5
e1713cec-8b6c-4edf-add6-1accb5fdb44e,Nice,5
1de686b5-64bc-4751-806f-392d7d2fa6f3,"I am so disappointed with the latest app update, especially the new end-to-end encryption. Messages disappear randomly, and the app crashes frequently now, which makes it frustrating to use. Reviewing past messages is now difficult due to their disappearance, some messages are no longer available and the backread function has become completely non-functional. This app is useless! These issues have really impacted its reliability. I hope they fix these problems soon because it's really annoying!",1
b9f9de9e-9378-447e-8cc1-96164db937cf,ok,5
8fdf64d2-1862-49cb-bc78-96ed58e05715,Love it,5
d3fdf829-a15e-4144-aeea-c6e22a576ee7,"It works great but since end-to-end It is not working properly since it has been activated, I can't see the previous messages after logging out and logging in again",5
0732cbe5-5899-4451-86b5-5def31cd771f,"I give it a 3 star because of the notification setup. when you turn OFF notification, the app constantly gives you notification to turn on notifications. also, there's a noremoveable notification at the top of the screen telling you to turn on notifications. Who designs this type of garbage? turning OFF notifications actually makes notifications worse. so lame.",3
c68fa453-1e75-4c51-ad4b-6c01b9db1186,Best,5
933ae6d2-56c2-4036-b316-c122c166cbd7,Thank you for your patience and support,5
d4e7260e-dc50-4827-9b20-adb0c115bffd,nice...,5
a1653316-df26-44c4-b933-a72c4243f2b6,A.R.Ropi,5
35614186-86e5-48b7-acb2-8ce1b9af8989,Vuyanzi Lucky,5
7589bbd5-b4d1-4b3d-97cd-5d291466ef93,"Even i had to leave on all the notifications available in my phone, Messenger still not giving me any",1
9192afbc-6677-4cef-ba04-bfd66b8b48e9,Won't stop Pop up,1
5561797f-2f65-48d5-915e-8fe53851c875,Iiihy,5
ec8d8929-0449-49d2-ae68-558f044ecd94,Good and nice,5
66abf43b-4be2-4b42-8c27-81369d19391b,Brijlal,4
434824c9-1363-4b22-8b4a-da6c234d51bd,"bout to rate it with 5, but why u guys suddenly remove the music in the notes?",1
1b49904e-7f36-4081-a925-9ac94e661975,HORRIBLE!!!!,1
db0c7fe2-23fb-42be-bb75-0beed33e7819,Good,4
4c7442a3-8536-41d1-8b8d-2324d00338ce,Please remove the encryption. There are some very important msg that i need to read.,1
ca2d09b6-dd8d-4332-8c45-cbe9ca1121af,paki alis na po unv end to end BWISIT na bwisit nako,4
06099425-6caf-4f5d-82c7-ea26a31bc521,Nice,5
13a73947-1be4-4319-9d6f-0b71965a34cb,It's ok good way to communicate and gives you a chance to make new friends,5
e1f44b38-7588-4341-b180-81b7140612e1,"amaizing app,have good experience",5
d2771ee8-50cf-453e-84c7-7ad441388864,Nice,5
05308a21-28f6-425a-8654-d4ab5ec2314a,"I don't know what update caused this but i can't send anything through messenger, no messages,no pictures, no videos no anything!",2
8488c0f4-3e44-4dcd-b40b-8622ac7a82e4,Good,5
a90adfdb-a7ef-4cb6-8811-02f625db8773,nice,5
477773c6-59e7-463f-a1d6-1deb14a438bc,It is so interesting that we can make friends and know each other,5
1a7dcf6a-27b2-4f0c-a44c-87c2d34ff98b,Great,5
060720e3-d9aa-4440-afb6-79a15dc67936,Love. It and it's very easy to use.,5
bcb204dd-4e4e-4ccf-96df-aa5bca20f6a3,Please provide security lock for this app,3
4f75b0a9-e34f-4bff-8eef-0d183634077c,"The songs in Notes are not visible, pls fix it i already report a problem about it.😬",3
595c0482-ac7e-41cb-95e4-4d58c895b7ce,Very good,5
4e3355fc-4000-4ade-b078-9bf67d5dbf95,Ok,5
59829cb3-4f36-4263-91ad-a5006a4dfe0d,Can't get into messenger and retrieve messages,1
5f65defe-b886-47d5-8fcc-7e4a346e9adb,Như cái đb t,5
92ab7fb2-f59b-47fd-bed5-b007ad7dc684,Nice,5
ac3ed576-beb2-44c5-bc24-e380ea96c29a,Love it 💖,5
9c05b33b-2442-475f-b4cf-9add5f1e9e5d,It could be better.,2
c7ded9bf-fa09-4296-9343-d4bd67e2c265,Why not opem,5
68f85a55-8ba3-465f-943a-d0a2edd8daa1,حلو برضو,5
e73b2979-8ded-428b-bf44-48281c989a52,নাইস,5
4a8c4846-5c07-42d4-824d-9e6423441b06,Excellent,5
37d361e3-9ac7-44b6-911b-a4f3287373cf,Nice messenger,2
5b3a38fc-51c9-46d2-b884-04dce2cff2da,Danners.Whats.,5
4dcbf868-db9c-4150-a54c-8ee24b1e7870,"Alot of bugs and stuff happening most of the time, it slows down my phone's memory when i use the chat bubble and its very annoying to be honest. Please fix this and make it smoother",1
1e59d71e-5b3d-4166-b783-81c0cfa66692,nice,2
7e2ff12e-3d3d-4741-803f-910f1ad0b668,It is Very important for me,4
fda50f56-48b7-4e44-9f75-4e5928947ad6,Good,4
2e85055a-c396-4401-982a-3c6c0bba57ba,গুড,5
f2a3bc3b-43cf-45c5-83b2-ad4284d232f6,HaiderAilButt,5
cdde6106-c6fe-4e94-8f60-7229a4fbbaf7,Good,3
fb423824-d3a4-4acc-908a-4e8e8d3f815b,Google Mobility Inc,5
7d365bb7-93b0-42b6-a2de-d0ebaad7e778,It's not letting me login,1
22d18bbe-d874-4c9a-818a-ff3cb501fc4e,अच्छा,4
3c4ea9ea-d534-471e-ab7a-414fe28a90a1,Bug i didn't put a music in messenger note i already update my messager,1
a7d1ad1a-c3c5-4d3c-8c72-6c8d807ac604,Worst app by far and can't load for anything to save it's life. You would think an app that everyone uses would have more quality and effort put into it,1
80376b9f-41ec-48e8-b6ee-c0950b209a4e,update lagii umay namn to,3
ee0d52ad-3ebe-401b-a44a-c4aadf8b88c7,It sucks do not recommend,1
96b8006b-2d67-4256-a2ad-d2ebf40e1cb2,Couldn't open the app,1
3fe28d5c-06d1-4bc2-b245-c08320e640d6,I Can't see the notes,3
79b55a13-42de-4c4e-a408-7e846ed3748f,Quality,5
c9ae322c-c403-4ce3-a7a7-ae76662e599a,It is helpful to find my friends and family members,5
4069f714-15eb-4189-93aa-c9b77ae4ebab,Trying to send a message and it says wasn't sent and trying to tap on the question mark to send it again.,1
30ddc6b6-70c1-4a82-9054-88521ff145b3,Very good,5
3130e61f-f393-4b5b-b06f-591ca870a9f9,"a great app, but meta keeps restricting my account for literally joking around with my friend, this happened 3 times already, please fix the false restrictions.",4
e3fa490c-c297-43d9-9acf-f1af8e747cef,Aplikasi tolol,1
fdf55d67-e4c3-4648-96af-5886799cd2a6,Goood,2
132a98cb-602b-48ca-a59f-c9e100d4ad94,Very very good,5
09896d81-aed2-4d52-a280-07c73406c15e,Excellent,5
83c867e6-25fc-43b6-87f1-0fdf1fa3a940,Good,5
1b60af0e-09ac-4045-8750-2222c31e224b,Nice,5
7788941e-58f1-4562-bbf5-5a1723a46983,Nive,5
8794e93a-e438-46b4-9c58-ef2a8b303401,Its good,5
7e9080bb-a21c-4394-bc81-9eb8b6ea842f,Very good app,4
83000eae-113f-48da-80fd-3c801b3ab58c,Not good,1
e9a82d11-acd3-42ca-b79c-c9a22cbcae0c,"this app is useless, end-to-end encryption is so annoying!!!",1
a063f010-735c-4858-a05f-c7c81abdb9e9,Nice,5
e446adbc-4ce6-4263-9a9d-8f5a94954e10,Ok,5
fabd5542-12e1-48a2-b8ac-f14eb5b0a695,Nice,5
e4a6c398-1975-4eaf-ba16-0ce6d19d4e90,like,5
326adbd7-899a-40a4-8435-9e2f538e15cd,It's okay 😊,5
c8a0bf99-07c4-48ad-849f-952122e7765b,Excellent,5
48b4b32d-f3b8-4b7d-a29e-19568e99bbe7,di updated,1
21ef909d-f6c8-4f15-bc8a-cf5a0d0be277,Nice 👍 app,5
c7f1ccc0-06da-44dd-a846-22451058e6e8,𝗕⃪𝗵⃪𝗮⃪𝗹⃪𝗼⃪ 𝗡⃪𝗼⃪,5
008c0b37-0f36-4d60-acd7-070a8fd4c088,Extra Security,5
236afdeb-5ae1-4229-bfd0-2f845afbc270,I hate the end to end encryption i cry because of that a lost all the happy memories with my friends because of that end to end encryption.,1
4f6db6bf-7917-4917-b5e2-d8bf051f4f91,You sell my data.,1
f9a1bdf1-b175-4458-83e6-2d0807cd9f65,Interesting,5
246d3e9d-8def-4ffa-af93-ac6af598f99a,😊😊😊😁😁😁😁😁,5
95c7a06b-3b3e-49db-8947-7bb59628ce61,No because I meet end to end encryption problem 🥹,1
f867d74a-eb66-47be-97fb-6bdab5dfc36b,Easy to connect to our love ones🩷,3
ed1b4f55-3396-4a2a-adc2-2365528ae3c6,Ahadur,5
8a8a35f4-5870-4975-8213-83fc3daa4aa1,walang music notes amp,1
159a8f0a-0580-4797-b78c-48ddda9bf3fc,Cool,4
3ff3adae-388b-4644-8bdb-91a1a602980f,Is not working with me suddenly...,1
0d97c253-e7f5-4c9a-bef8-37c220b2f81a,Good,5
e6aab145-bbad-41eb-a03f-88a215545847,Ok,5
aadc387c-aec5-4df5-a433-22cd28d0fffd,Paid stickers,5
dae6ae62-de7d-4764-bf7a-69202efbcb97,Good,4
4e1af38a-f23b-46fd-a756-a22150aa9cf1,good,5
917caea0-6f3f-41ad-8191-1548aa51f9ce,Use this app with confidence/update your security measures,5
bada421d-809f-42ae-92b0-2aa24409b75b,good,5
1312905f-7e76-436e-8ff9-a6ece19d8ce2,good,5
ccfaa403-c48d-435a-a662-5aa8c28b9487,🤩🤩,5
c1f38baa-2e50-4b77-a76c-621f8e375122,You consider yourself more smart...,1
39b8a4fd-fc02-45f5-8919-2368ca4d46ff,"I like messenger it's okay wish it would just not change so much, the world is outta control need some consistentcy in life.",3
c908b644-0aac-41d9-b74f-b33369ab3856,"Shared media (even photo) not loading, only blank screen apears when I scrolled down and down. Except only very recent images none of them are loading, all I got a blanked screen.",1
7c37b220-790f-4959-bdee-ff82afcf3def,It's a nice app. The experience is beautiful when chatting with friends and relatives.,5
82bd33c1-ce1e-4794-bb4e-956485269cae,Panget gago tangina ampota,1
ea154e81-49b4-465b-bc1c-6698d61a75a1,Good,5
f760a768-5351-4c57-93f0-26146a079982,Ok,5
c061327e-2ec9-4be6-8fa8-5640971e34b9,BULOK NA MESSENGER NYO NANYO!!!!,1
a41b0790-172d-48b9-b42c-c604ba05b83c,Amazing 😍,3
72b5aa38-0545-41df-ad53-f1f4f6d3cadf,Very badly,1
c051e0b5-39d2-4675-8063-978e67c27908,Afat,1
5aec5146-b922-4658-92ac-91f90d709667,Binita. Naik,5
8a85f179-2ee7-4ed7-9d7d-35673b74f072,Ok,4
ef619838-e4ae-4103-bd92-fc3d68a1a83e,At present the messenger disturbs a lot😡😡,5
6d8714be-1287-420b-9e7b-696de32eaf43,Yanhn olh hetsuuuu,5
3d9f3a51-1e98-4df1-9e3f-4bbcb735848b,It's good,1
a325e736-3f87-4908-85bf-4696687caabe,Nice,5
c72f95d3-fbbf-4751-9b5e-96c5f9f539a2,ZinatRizvi,3
4088a5de-766a-42e8-be84-eb4e27c3e166,What tf happend to my messenger!!! The message was deleted its june now but all the Convo been deleted from march what tf happened!!!!!!!,1
efe2c77a-3175-499d-8580-47831f1ffebf,apdate app,5
83463016-d39b-48de-adb7-d050b96d1213,Good app,5
4ed21c62-eb34-436f-8616-af7899e5e38c,Good,5
176e2a8d-279a-4375-b7c4-fce4e12295f2,Everytime I make a call this app asks how was the quality it's annoying cause u have to do it before the app can close,4
c05751c0-a8c9-4a30-b5ab-462810ce1c6b,--£+2z,2
de02010f-96b3-47ff-9d47-77af4b2a563b,Hey meta please back the note music Features,1
fa8d1f72-59e4-4506-94ea-1d550b0d2f29,It ok,5
b84677a0-95fc-4bdb-962d-476781c82248,It's going to be nice,3
6127a275-a69a-44fa-a240-6d24d5e0a796,Good,5
6c2a6943-523c-4979-91bd-17cc2d59e072,Best app,5
a9f96669-5b83-4269-8374-500151280c27,Disappointed 👎,1
36ac3b94-22d3-4a4c-97ca-32ccc4929923,App is best calling and messaging very nice,2
270dcd5c-a183-429c-a9ee-7e413d004744,ALWAYS HAVE PROBLEM!,2
812db513-4d2c-4cf0-957a-f210a3cbe3bb,Every girl blocked me . Please fixed this problem.,5
97c69d78-329e-49d6-8838-d4a5fdcb30c3,1 star kasi nawala ung convo ko dahil sa end to end encrypted kineme na yan nawala convo ko hay nako messenger 1 star ka lang nakakawalang gana jusko,1
bf66a1f5-6b4a-43a8-a7b0-ce351893c64d,Only bugs. Bad app,1
63b4692e-9300-46df-adaa-223af5b41d65,Very bad App Girls Always block me whenever i propose them please remove block option first 🙏,1
c4ce7d97-75d5-490b-b4f0-07890d74732e,Update,5
e1152ee2-3e85-481d-bf66-4e62918ee26f,All good I'm have nothing to say it was nice,4
73963a96-4a3b-4c44-9f89-8c551be321dc,Nice,5
1a2aab27-9273-4091-8435-a3040e4650fd,Best App Mesenger ❤️,5
230157fb-58b4-4b7f-8f17-ee25b6c5ecbd,Is NOT WORKING 😠😠😠😠😠😠😠😠😠😠😠😠,1
a6caba8e-df6d-4bbf-9e37-f382136cd0e8,Superb,1
6d39553a-ecb7-4a39-9d45-a2562f6030b5,I dont like the new update of messenger the end to end encrypt,1
25762f15-11e6-4a2c-81f6-3f312b0608bb,Worst update ever. Give back the old messenger,1
b4d055d5-55d6-4abe-a8fb-0265d3c2fa7d,The name and photo on,5
fdea9d4c-6bb2-42fe-89e9-814291b3ee4a,joner saligan,5
290370e6-18a7-494e-91ef-c1b987ba2a73,l'am the best,5
07b895b9-3108-423c-a301-2be569326279,"I hate the end to end encryption because the important messages, especially my voice messages, were erased during end to end encryption",2
4c1633e2-0b8a-4a68-bc5f-dd2dd4671413,i hate the new privacy thing! it deleted all my chats with my partner and i cant get it back! nobody needed that update,1
ddf2459d-021c-4955-aaeb-49799cbb538a,The previous version was the best. Seen view and online view and same account active view and the graphics was soo beautiful but now the seen preview and sound not good,1
1ed7017f-3444-4a30-a736-50533a418619,It won't open,1
b0674975-45e2-49b0-b887-69c4f093abc7,it's good,4
d2eee4eb-9ed3-44a9-8e3c-76c481cd434b,Good,4
151e3cea-82d0-4a22-89db-f39d7bcf3cee,Well app,5
4b082701-5632-4247-8a09-e99c344ffb28,why my messenger does not updated yet while others have already updated their messenger they already have a music in their notes now,2
7106822d-767a-4b65-8f13-e23da7c38710,Not user-friendly,1
1e54230c-ca6c-4c6d-ad94-7891f07617bf,"i dont like the end to end encryption feature, all my old messages are now gone, all those important pictures i can't find them anywhere, this version is trash!",1
31614564-19af-4fef-8ef3-300ca576d976,❤,5
75d099c7-0b48-4446-a22b-f3fd5620695b,ভালো,2
026f5c5c-fdb2-43c9-97a2-958026867910,Supar het,3
83de0d7e-5b0a-4361-9b93-e379b6bd90ed,Awesom ❤️,5
6a5a9174-809d-4861-9890-00417901c408,it get's worse and worse...messages at times doesn't sync accross devices and couldn't load hi-res photos.,1
af066699-8c88-47d3-8da4-b7f7500b67fc,",👍",5
a8fc7153-9d88-4b84-9f1b-662a23e9e953,anyare sa notes koya bat nawala yung tugtog😭😭😭 pano ko sya paparinggan,2
aa7b3bfc-8832-4788-a6e7-37011505c8ac,ওপি,5
75017ab7-f007-4813-a29f-6b395553b7c5,BADapp 😆😆😆😆😆😆😆😆nice app,5
dadd00b6-21c0-4ec3-94e6-ee18f3a4f21c,Nice one,5
77c5d24e-dd73-4ca2-ae6c-78c3cb93353c,Please tell me why the app isn't working even after updated Ok it's returned now,4
b45588d4-509a-44f6-ade5-7db2b4c5d36e,Good,5
a1e8b733-8a9a-42b8-bf2a-71a376e12680,This app is.good,4
87b910f5-998b-49bd-a33a-c75d6d0f32c8,i don't like the bump messages 😔😔😔,1
9849c5f3-68a8-4f3b-92c6-d08ce542a834,"slow and not responsive, ampangit",1
3fbc686c-1024-4c87-b37c-5fcc0bfa9c60,Nice,1
52534bba-931a-4a61-9055-7ad2fab5e482,"No longer able to send screenshot in messages randomly. Sometimes it works, more time than not, it doesn't. Never had an issue before but now there's an error saying cannot load HD image. It's a screenshot, not a photographic masterpiece I created on my phone.",1
92ab96cf-b494-4461-a253-334469872f74,Very slow,1
4dca293a-e378-417c-9c48-f796d874ce20,"Too many bugs, there's this time I can't see some photos and videos in media tab on chat/group conversations. I need to back read the entire conversation just to see those photos and videos that aren't visible. In addition, some of messages on chat conversations are gone when i cleared data my messenger app (cause i had to). My secure storage for messages are turned on. It's like some of my messages are not fully sync. I don't know what to do.",1
c13e331a-b7eb-48fe-9f1d-444641a9fe0f,"sana meron feature c messenger na pede mong balikan ung date ng convo na gusto mo, na hindi na kelangan na mag scroll up ka pa. un bang tipong type mo lang ung date pupunta na agad dun sa convo na un.",2
4a7f4a36-ac01-46ff-9650-e98cda23787a,মা,5
90acf3b0-3b50-4b45-b742-c2448237a538,👍,5
34b46a89-c865-4880-a3f0-347790a87a2b,Good,5
b346365b-5599-42ec-b913-eb52d1b635bd,John poul pradia,5
e46ed16f-c57e-4a1d-895c-20dc3ee8b113,"The recent update removing the ability to remove contacts is highly disappointing and inconvenient. This essential feature allowed users to manage their contact list effectively, ensuring privacy and relevance. Its absence disrupts user control and customization, undermining the usability of the messenger app. Urgent reinstatement is needed to restore functionality and user satisfaction.",1
2d601f72-c7fa-4e17-b4d8-1fa1bc2442ba,Good,5
1ac83fc0-5dc8-4a88-903f-ad75c37204d1,good,5
a1125cdd-c665-4483-b492-a0ab3e7ecefc,"The old version is better than the update. So many lags, delayed and so on.",1
05a511cd-7bb5-4a4f-b7f7-0564760088a6,firoz alam Khan,5
20c37775-c842-4f3d-b141-472fedb33bfc,Nice,1
1cd40ed6-8c4b-4b32-8749-6dd006ca601d,bulok bulok bulok,1
8fc51882-7b28-4c59-a059-74124e2e1859,Nice,5
90e06b7a-ce2d-46b3-8120-a02844eb1935,This is too good,5
d7db9ed5-57b8-4398-ae5c-858da52a9072,"Usually ""not available"", like now 😕",1
3adaaf09-7bf5-40c0-8293-ec0b332d80f8,Good,5
37ca82d6-911d-4ca2-8d49-1305411a20d9,"ANNOYING, USELESS, VERY INCONVENIENT WORST VERSION 🙄🤨",1
711a71f5-9863-44f5-ba2e-d1ca1eab961e,NEW UPDATE IS SUCK.,1
c1810e6a-449d-4db7-ab02-c1de44d5e58e,Madapaker,5
dd20e675-39f3-4124-bd4d-62aa85937f08,But where is the music in the note I don't have it,5
286ea211-e7e9-4947-8b4a-c9b1b740676f,Continues to malfunction,1
513421be-a84e-431c-9be8-c552d50d1ba9,This is good,5
51bd1828-b944-47d8-9d8c-42d3a2bfa581,"Pinned messages kept disappearing, it's frustrating especially when they're important. Please fix it and recover them back",1
c2267738-8837-4922-a807-975db8ff3234,Good,3
c5260f70-bd33-4fb1-b5c0-b4125691c609,"I do enjoy this app very much until somehow it decided to ""upgrade "" on me",1
61e1716c-f876-47e7-a0ae-036e415216fe,Please remove the end to end and go back previous messages this is not good updates 🤦🥺,1
1ea07018-9135-4375-80e4-a10b781d854a,excellent,5
223e11f7-d5ca-44fe-9889-491d55fc95ac,"Good but, sumtime slow",4
576f867c-87e2-4b35-b6a0-ccdc06fc8658,it is so convenient and awesome,5
3a58c60e-77b4-4ef5-affe-3eae30917cb2,"খুব সুন্দর সফটওয়্যার,, আরো ভালো আপডেট চাই",5
8a7f6954-c659-4b96-8f59-f6b42cc5322b,Good app,5
bb773453-711a-40c7-a213-128e4acf3450,Best aao,5
dfd7fedd-bf49-4774-ba72-5d053148cefe,😊😊,5
b209792a-5f55-4deb-9ae3-ad89874bb5a6,Good,5
0601a376-39b6-4a3e-a16e-c327e7a0f0a7,Very very good,5
6e7357f9-0d83-4012-a622-ad6e9c23ac57,I use this app,5
761749d3-864b-4ddb-bed0-cd0221df5b10,I want to remove end to end,1
029b5834-4a6b-4763-899c-570dd2407610,It's not updating right now,1
e8f7c910-34f3-49a4-9c2b-c311dc9b1da3,other files can't download and send I think you have to update that system not the notes I hope you understand😊,2
b91419f1-5751-4fc1-a56d-54bfe78f11f4,The music notes doesn't work...,1
904308d5-1c1e-4791-bd71-04182c4dcbf1,Ang bagal,1
c63402d1-42ef-4ede-b7cd-98d037bcc9c3,Wow,5
ab506af0-3ebb-4830-806d-59989eb544ea,"This app is now FULL of problems. You cannot send or share a file of photos now. The app arbitrarily grabs photos you're NOT trying to send and actually mixes it in with some of what you are trying to send. It's literally worthless now !!! FIX THIS MESS !!! If I could rate less than one star, I would.",1
34bdda92-a8c2-47dd-aed1-831e74d722be,I really like this app,5
ec44cf88-03ea-40d1-9515-23b937821a86,App issue friend active not seen,5
e280d00e-9574-47fb-92bc-aa75866cf92b,Great,4
980c2f99-416b-4a30-a5e3-feb582166662,Good,4
4cae3ed6-c2b8-420b-b547-2b3833fb63c3,why im not have a notes in messenger,1
ba61594c-949c-46ec-a5ff-fbcdc321d7f2,"Not as good as it used to be. Mine and my wife's used to have our avatars together on each of our messengers, that's gone now, also my stickers never send anymore.",1
28260a23-e303-436c-9b57-b4edbb87a966,Mithuku mar,5
fe497875-77f5-4adb-8035-1fa1f419a4a3,messenger call is very laggy,1
602b9e08-58c6-410c-9004-f22070d053d7,Prince kushwaha,1
a4ff2439-cce6-4599-a6b8-2f52bfa22253,အငယ္ေလး,3
cff00d10-4381-4794-a3ad-5662b4b6d6ab,রাজ,5
8e35d8c4-4dd3-4e75-9a07-725f650a8b05,Puro bug,1
88f8e264-a58b-491c-9529-06e475b6693a,Dumb fkinh app,1
4ef9f8ad-18d1-4e1c-8529-cb5a4980825b,Massenger is good appp,5
35af161a-6e48-439a-8d95-2b3f034d6347,Music on notes has disappeared,2
2d14daed-ff5f-4e10-88ef-f0627af722da,Pls bring back the music thing on notes!!!!! Pls im begging youuuu i haven't tried it yet!!!!!!! Ughhhhrrr so you get a one star for that!! You only let people tried it for days i think or weeks!!!😔😭💔🦅,1
27fcb417-3489-4621-9d5e-713d9f6bfc36,bring back the screenshot notification feature and the music note feature back!🥰🫰,1
20cc0f99-6e08-42f6-b4fc-928260ce0323,Good day,5
f057da59-2714-4845-bef0-02bea1b7e2bf,I update mo na 'ko,5
5744032e-e571-4039-adc1-e6b0bb7fb71b,Update,4
b60b2a3b-eab3-4e0e-9423-747c8c8dd33d,Good,5
eea3a684-ee31-4cbc-a52f-bbef244cbb7f,activate faster,5
c71c0821-f2a9-4f77-8381-abc664ea1958,the end-to-end encryption deleted all my chats,1
16e3f44d-8393-4eff-bf76-fc4e95dcc826,I don't see any message from messenger,1
eadcb4b8-813a-4732-bb4e-403c3761fe0a,Where is people option and video call history😡😡,1
78490f7b-525e-4abf-a8ee-2e55246686b5,Weak signal,1
54f39ea1-cf05-489d-979c-1fb922d03cc9,lol. messenger,5
f10611dc-08c2-4f8a-9c98-eb4e16318543,You to,1
484689ec-a6f6-45e0-818f-b9036920f156,poor service,1
dccebe65-7c01-4254-a255-d332d852306c,very very convenient to everyone!,5
f9ca69b7-a496-4bf4-8f66-6665299fdbd1,Good app,5
723b9d1f-beb9-44d0-906d-96106c99dde0,🖤,5
af891ad3-60ae-4ed5-821f-5d45450722fa,အ႐ူး,3
64d3cd49-7c18-4bbc-9bee-112c697fb0e4,Great,5
6c0e3db3-e82e-4799-afd2-cfa042fabf01,"Sometimes when I wanna calling to someone this app is disconnecting.. i restart my phone and update app,but cant fix.",1
8d34e0a9-c820-4017-af9e-a58fc66b00f6,It would be better if there were an option to hide stories; they distract a lot.,3
247d81f1-6b6f-47cd-8109-3cc7f3ed3bb2,Good,4
2bd07ba5-b8bb-4b3c-a0a6-7a8afbd7e91c,sunil Rathoq,2
b391855a-ac98-4d6e-90fc-befe867567d1,"I dont like the new version update, especially the end-to end encryption, the purpose was good but its really annoying and hassle since some message still hidden even you added your pin on it. Fix this update please it makes the app worst.",1
86b74089-da1e-4526-80e0-866f7cd77c6c,So cool,5
4b5f4345-9f83-40d0-a0cb-59940fb2c600,good,5
335048d5-e1c6-4fb9-9c90-ae6f16836a40,App is not installed,1
cda6807f-cd73-4220-b97b-d68e660260d8,Good,1
de29a258-76d7-438d-a56e-449e74b8b1a6,Good,5
4e3b59f9-582d-4b60-9e10-c4f625efbf36,stupid encryption feature,1
528b4c6f-16c0-44ec-a1b0-068e386d9eeb,I dont see how my messenger settings anymore,1
f187c385-f1ae-44c6-bb44-26ffb09c48f5,Someone send me a photo and it says message unavailable.,1
277d79b7-c7f5-443c-93f3-a0e779a319a7,Bakit wala na yung effect sa video call? Lagi namang updated tong messenger. Hays 😒,1
4d1a64c3-391b-4915-94fe-a98641d02a7f,Putangina bat pa kasi may end to end encrypt na yan kaputanginahan lang yan eh,1
0de5bfec-18be-413c-8173-57ec1ba82329,this app is so buggy,1
45ddbd48-6ca7-4af3-9570-0377e716e327,Good,5
b645ad4b-ee75-4962-8c84-ac61e8d96aba,Says connecting every time I open it. And takes a minute or more to connect. Sometimes I have to forcefully close the app and open again for it to connect immediately,1
1403c59c-f40a-4d18-bf84-aeba0686e454,Coollllllllllll,5
03333b85-633d-489b-9ab4-cbb128e5b663,এএএএএ,1
773b1054-d56c-498f-826d-2cf4022847d8,"Almost impossible to edit a message after writing it, cannot select text. You also cannot send files unlike in the Lite version — why?",1
ca84de25-11e3-49c3-bfdf-93c187de747a,"2 star, walang nag cchat",2
ff21e3cc-af54-4787-b29e-255507d99293,"why the message is so hard to send, there's no problem at my connection at all, but the message wasn't sending. please fix it.",1
79a02a60-e1e6-4426-9cc8-37666224bccd,"I don't like the update, especially the end-to-end something. I lost my old chats and etc. All the pictures are also gone👎👎",1
b21c17f0-a211-4236-99db-90a2cb82e4a0,I find it good,5
6860fc6e-ee43-4156-ac15-bfe04cff033c,Good appp,3
13f03337-a5c8-492f-a92c-d4391bc1b1eb,This is amazing messenger becuase he can vc ang he can call and chat to my crush and my family and my best friends,5
c83f075a-c001-498a-b6fd-2956314baaed,verrygood,3
abf050a8-ae17-4fb3-b857-8066931018e7,Cut me off before I could finish writing my review when asked so thought I'd finish here Will continuously make galaxy watches ring until you end the call. Answering on watch doesn't work or help will just ring away until you hang up on phone,1
624dcfb2-6091-4da2-b1a3-ad990c82fc4a,Good,5
b1d9effa-4156-4f13-90bd-d2d552ab8b3e,Unstable,3
e17783a0-4a24-499b-ae05-c91e8bd2fa54,Very 👍,5
11bbfddd-477d-4106-b5cb-c033beeac6a9,Very nice,5
6b7fb08c-6bb3-407c-842c-d6649a5d4e5d,Happy-go-lucky,4
64545d10-7af0-417b-b615-2df621b4573e,💕,5
080ed688-1226-4dc4-9cdf-208cd8ddbfcd,"USELESS UPDATE!!! MY CONVO AND THE VM OF MY MOTHER THAT PASSED AWAY HAS DISAPPEARED, IT WAS THE ONLY THING I CAN HEAR MY MOTHERS VOICE FROM!!!!!",1
2432c9ce-0727-4f6a-8ba8-93723913949b,Good,5
01b71a4a-8b88-4edb-a2a0-dd618acafd61,Latest update of messenger is full of bugs. your app is just like bugs bunny,1
8ce56b98-1052-4985-9f21-03cf6e508cd8,worst update can't send video what the heck!,1
2e9a7639-f112-4a0a-9312-1fa66010ce24,"Messenger is indeed a usuful app but sometimes it can be a little dangerous, I mean it’s not much safe. A few messenger users can be dangerous, they will ask you about your personal information and also they can use se*ual words. I think that, ""Messenger"" will check the messenger users background and then let them use it. I hope my review is helpful for you...",3
24d7c2ab-92a3-4407-a537-e8de50435f4d,Very good,5
608584df-fa31-455f-bcb7-f440da2d60e0,"bulok, walang nagchachat",1
3e975132-01a3-4082-acb5-79262116356b,Mine still doesn't have the update where you can put music on your notes it only showed once and never showed again and when i go to appstore there's nothing that says updated,4
b4b7a637-f385-4231-a37b-b1554d86710f,Good,2
241bad6e-a68a-43a4-862e-14eff87a5399,Verry nice,5
d57452be-3e3e-43d8-a569-761e6afc2123,I hate how i cant view messages just because i did not update,3
ef7f699f-8a36-4279-abfe-c0e0016d5bf6,"The new update is worthless, it really degraded the classic messenger app. The end-to-end encrypted messages frustrated me the most because it deletes all of my chat conversation history and I can't even disable this feature, I hope this can be fixed Meta.",1
703d230f-dd1c-4583-8212-5d4f6f4bdf16,Good,5
d35d587e-7ecf-4d5e-aff1-224057bf90e3,This is a very nice app!! I like it,4
1756cf70-bcb1-40c6-b2f8-fb390743206d,good experience,5
c2814ebe-5877-4cb1-b569-3eac040432a9,Very nice apps,5
daa8875f-ab67-4b0c-afab-166bc8ef0f39,The End-to-End is very useless. Sometine it deleted all previous chat and sometime it doesn't the message or totally deleting thr chat before you even saw it,1
b4e8c4eb-ef00-4081-9db0-fd16d716b5c0,Good,5
0cb00055-f704-4e11-a828-47de5fb14a8a,Nice,5
c7dc46aa-d39e-4608-b28d-2577e916a469,The app doesn't working properly,4
c8ce04fb-c435-4faa-beac-387446da60cc,pota may end-to-end encryption,1
76079558-f5a5-47de-99f2-5d19d00825f0,Excellent,5
ba189810-190f-44da-b21e-52ed8a178e1b,Love it but picture could be clearer,5
758b6457-3cbf-4bcf-a0fc-d05de14dce58,"Fix this!, my messenger isn't notifying chats, and the end-to-end thingy is useless!!, it deleted all my important chats with people.",1
7aa8c678-86e8-43c0-9a5b-b339a1e047c2,"very nice app! but the thing is the other theme disappears. the valentine heart disappear 😭 that's my fav at all themes! 😭 but theres more, even the size of the letters even ur size is small, in messenger it gets bigger lol. but this is good app tho! 💛",3
a200f5a5-4f67-48d1-87ff-1aed03c41728,"I can see new message and and cant send videos, some bug needs fix for One Plus Nord N30",1
be27d874-1747-4ca9-bd2e-90f1c636aa7e,It keeps saying this version doesn't except this,1
7b96d1a4-8edd-496c-91a5-4cb54286fe43,the messenger is grabeehhh kaayu Ka Loading ...grabee kaayu maka SaPot gyud ..nganu cgeg man gud update ui na Okey namn kaayu tung Onang messenger HuHu ..di ta dali maka sens ug mssg labaw na kng naa mga emergency...,1
5b29c55f-5b8d-4724-8c0c-146beb6dfa82,Useless update specially the end to end encryption. all important files that I save is now deleted. thank you developer.,1
c6cb70e6-e749-455a-a150-8b5fa9ae407d,bro. its not installing. my phone is new bought. i need this app,1
6b2120ad-b6d9-4fce-b9ca-501bcffbf8a5,messenger is not reponding or black only,1
a71e342e-4906-4118-a1a9-229fed008f6b,Messenger boang,1
077b4a13-91f7-4900-955c-e2ac0303697e,Excellent,5
535887b5-5c70-45fa-b2f8-6ebba5756502,Nice one,5
3bb3e7b8-f6db-4966-99cd-e26707689bc1,Great,5
105da999-959a-4673-880e-463bcedb889c,Not working properly,1
8b045d81-0169-4d13-939c-7e64c1af33cc,nice,5
19274ce3-3533-4b48-867e-b4f4061e5316,God apss,5
a96a0ec4-8b23-43eb-ad33-c7a4cf8ccf52,"THIS APP IS GETTING WORSE BY EVERY UPDATE!!! END TO END ENCRYPTION IS SO ANNOYING AND UNHELPFUL, ITS USELESS!!! I CANT EVEN READ MY MESSAGES ANYMORE BECAUSE ITS NOT RECEIVING OR SENDING ANYTHING!!! EVEN MY REPORTS ARE USELESS, IT DOESN'T GET ACKNOWLEDGED🤬🤬🤬 I USED TO LOVE THIS APP UNTIL THE END TO END ENCRYPTION RUINED EVERYTHING, IT ISN'T EVEN OPTIONAL. IF I REINSTALL IT ALL MY MESSAGES CANT BE RETRIEVED ANYMORE🤬🤬🤬🤬🤬🤬🤬🤬🤬",1
29876e97-614f-42b8-aff0-c925ea64a62b,Very helpfull,5
1078c002-98e0-42e4-a538-4cc2b14ec8bb,চমৎকার,4
4fa09490-70c6-440b-a3e3-74f3e7b52d67,"Performs very badly in general in recent months, I have been experiencing issues similar to other commenters, and also my audio (voice messages and videos) is playing even after I close the app.",2
4602d50d-60b9-49bc-8475-aee8e4d18e05,Very good,5
d76223cf-5504-41b2-8197-4bf55a0e4bd2,medj negative wala manlang kwenta wala kahit isang nag chchat,3
30fb6038-c42d-4f82-8675-1a5292c32697,Good,5
d43ca346-30f0-4b8c-8e67-cd8db8de85b8,👍👍,5
a2506de8-2dea-4cae-a78b-34c9eb12b83c,Di mabalik previous chats ko,1
21b03df8-9744-4c9a-b644-e70cb3274003,problem with end to end encrypted,1
ac0e8cde-13c6-4c85-8829-99e269558f8c,Nice,5
5f27f580-cca3-40b5-9a6c-ff62abcb965d,Worst version.,1
53b9146d-93d7-4e79-ad88-4f638e6344d2,Nice,5
7a8f356e-8ad8-469c-9974-067b03e53efb,Why need to give review after every call? Stupid developer,1
af153e91-ae6f-4dd4-92d5-d7393bf6aab2,Very good and important,5
862327d9-0abc-434d-8d94-162f2cfa0e7d,Wow,5
0b75a8cb-3507-4f8c-93c4-b428e8d48cb1,Love it,5
2555d129-293b-4053-85c5-3ba543266217,Nice,2
9d4dad62-67fb-4318-8b90-015b5385632e,"HINDI NAKAKATUWA YANG LECTHENG UPDATE NA YAN, NAKNAM",1
6e6581c7-cf10-4e8c-9f63-31adbffda3a3,After sakong update kay pag permiro ok pa kaau kay naay music² ang notes nya paghuman sus isa ra kadlaw way lami hahahah,2
76f68cbf-529b-4c71-8f92-0dc3b4312481,"ampangit ng update antagal ko ng walang notes, may bagong update nanaman notes with music pero wala pa din ako + yong end to end encryption bwisit nawala lahat ng mga dati naming pinag usapan🤨🤨",2
55df707a-7149-486f-9a52-af63feb880a0,Late massege,5
f0aeae55-4c08-4d5d-86ec-1ee8a5660a7a,pls help me for my messager,5
bafb5000-c77f-44e8-94d8-8f934e10d3ce,I cnt open😔,1
92b3cb16-165e-4b0a-a64e-f4de4d12d28d,please give me a messenger note,5
1ffaccce-7738-4038-a7c2-4bc761f94a6f,"Fix this damn app! I'm tired of having to constantly close out of it because it can't connect to anything. Not even when using data. This is getting absolutely ridiculous! It also says that I'm online when I'm not. This used to be an amazing app, but it's gone downhill. It will also stop sending me notifications, and I don't find out someone sent me something until I go on the app. I have my notifications on. I shouldn't have to clear my messager data just to get notifications again.",1
b0fac60b-c71e-4346-9706-500c1593905e,The emoji is ugly.,1
8413b4cd-ccb5-4ea2-82be-4c3af566b320,Super b,5
8fbc4459-8dc2-4193-9910-f92e68204ada,bakit walang update na song saakin nakakainis delete ko na to,1
edb37efa-5c18-4e21-87ae-092425154171,Great,5
57762684-becd-4d4d-b3e7-701c2e352124,"Since update can't copy text from the message composition box. When I release the text the highlight disappears immediately, not letting me copy or cut it",2
1f7fd35a-85fe-4297-9566-1758591c7215,its very good,5
d139cf2e-d47b-458d-bb76-c35358ee9f73,Nice,5
cc7d9b8e-da61-4a58-a424-753b65506945,Almost bug,1
c9deb635-4010-4b0f-9156-e34dac13ab81,but how po maalis ung pin.. ayaw kac pumasok ng ibng message,5
4ef6fe13-ae72-4e51-8e6c-424ac42e2136,Nice,4
875f025e-9e5f-4988-a21a-9271cd9fa531,Tsk!,1
0c542925-61c0-46fc-a00c-9f313e6e002a,i dont like this latest update like end to end encription of chat. that realy sucks.,1
f848444b-26dd-49c9-8715-9a1f5815292d,"Messenger is not properly working ,it is failed to provide service to me. Messenger is totally out of working since last many days",1
a52e941f-e4bc-488c-84f3-f9267587ec30,Nice talking,5
565277f4-12e1-477a-9214-a8fdf2631026,ण ण हज्ञण ण ण णण चहहभमज्ञहहंहंहंज्ञमज्ञज्ञज्ञमज्ञमममज्ञज्ञमममममज्ञ मज्ञमंज्ञज्ञमणज्ञज्ञज्ञ हज्ञज्ञ ढमममज्ञ णज्ञमज्ञघज्ञमममह्मणणज्ञ ज्ञज्ञ च णज्ञमणज्ञममज्ञज्ञज्ञमममणणज्ञमज्ञममज्ञणणहहडणबं ज्ञबगीसज्ञ मज्ञहघज्ञमम मज्ञज्ञ मज्ञमज्ञभण मज्ञहज्ञब मज्ञज्ञब ज्ञभंहंज्ञ,5
239409be-a7d6-4cb1-b19f-46c2ed16540e,Good,1
d6af64e2-1a81-4b28-8c94-882caca35417,No good sending a code to my broken phone Galaxy A 50,1
06002545-560a-43e2-92b6-415ad63e2101,"Add + shortcut into homescreen and rate this app including my Account & communicate to all post my profiles,,,,,,,,,thank's",5
12fb7386-5452-4f4e-9d4b-d42d667cebeb,Good and helpful,5
c11ac558-32bb-47ce-9c5d-d891fa85104b,Video and audio problems on video call is very annoying..,2
2ce80b0b-7a7c-4b7d-9757-89d54fe6e458,May kausap Kasi ako kaya 5 star,5
231f96f0-3440-406d-b006-5ecc070d5f57,Perfect,5
06bd5aba-acd0-47ac-a521-7bc00f3ae6ac,"After the past few updates I can't open any link. I am using pixel 6, and already update my software. Please fix!",2
ff5f0f21-ce71-4bdb-827e-1a7e55d1f457,BULOK TANGINAMO,1
65130376-6507-4088-9262-f99ada7ac9c7,best good,5
de40d40b-108b-4a1c-99f1-8c886f1c1fea,Good,3
66b1a125-8ce8-402c-af59-9b1b426e6689,Om,5
1b784c09-ae35-430e-b913-be9d0d17467d,Normally it's brilliant but for some reason this app just off🤔,5
93254a47-c764-4890-8efe-d253efcce275,Very nice,5
c8dd5f6a-d205-49fa-ae91-26b0a76c136b,ZaminAli,1
e3c9260f-c30a-4207-83d2-e81542295580,"Hi i have some issue with the notes feature on this app, cuz in my old account the notes feature does not appear and when i switched to my second account the notes feature was there working pretty well.. I hope this issue fix soon.",3
68c6652a-cde3-45c1-9be8-140b020e59bd,Bobo nyo,1
bb01b14e-b398-4988-8275-1e7924f280f0,Very nice,4
7de73034-f857-4390-b4ff-4e4777a213a1,Furn,4
6a287576-d68e-4ddd-8f1d-b6486c76f701,Ang log kainis,1
bed50936-2abc-4e4d-8a92-79949dd96d1b,Good,5
ed6e58b9-8983-4b19-bbc5-5e8b2e473766,I still don't have the music background and I keep on lagging even though I have my data open and wifi.,2
788917eb-a5ed-4479-8b06-22a8f310b814,It is good 💯 for Business,5
536b19fe-1872-428b-83bb-69887db4f4c7,Mijan sahkh,2
71e54992-0ac3-4f15-a591-94b220b24a80,Shuta teh nawala yung music,1
f180d777-6342-4032-8ca8-45e329a27f3a,update messenger,5
b49d5b1c-0845-4f1c-893c-612be8d67594,good afternoon and messenger,1
0ea330ee-a3fb-4d4a-a765-049852cd7294,excellent,5
e5d920e1-0662-4741-a64f-ba7fa38f4042,It's OK I guess,3
f785c8de-5259-4fc3-ae97-02ad85e305a0,ganda so much,5
5b96dfe0-f8e6-41d9-9a5b-4047c18dd360,"I just want to admit one thing. I kinda hate this app because of how laggy and it would kick you out all of a sudden. especially when you are in a call or a important talk. and I would like to add is whenever I try to message one of my friend it would just appear ""Sending"" which makes me irritated. and then just one simple thing is the end-to-end thing. Messenger please fix this issue!!!",1
81b7c3a2-5959-42b8-9741-456c011db4e8,worst update everr!!!!,1
2a95e7e7-a496-4ba7-954e-3758dd2a4bbc,😊,5
38ebfe76-6abd-451d-99af-17d8ada29e08,because i can't read my old conversation with my old friends causing of that encrypted i hate it!,2
a0b8928c-4f52-41d0-aead-c18cfa257353,جميل,5
ca6360eb-a7e6-4ced-b74d-bb5072c07faa,Excellent,5
17232561-c4b3-4c23-83b6-17d983f9fc73,Messenger could be right if you can slow down on the hacked,3
d2cdb356-31e6-4e6b-aae5-3d1567e4da29,Wa koy ka chat🙃,1
8005e0c4-c595-4b5e-b2f8-19ba8f64760e,Okay,5
570714f9-f18a-4976-9d8b-ec827cd6611c,Good,5
7f037092-62f0-4f4c-9510-878d5a9c2b78,"Not cool,lahat ng files and pictures nawala dahil sa update update na Yan,ganyan naba talaga apps neto? Ang pangit mas maganda pa fb lite etong messenger na to walang kwenta lahat ng files nawala pati pictures pano Naman kami? Pangit ng update palitan niyo di porket ang yaman niyo eh",1
38b1284e-0763-4228-a57c-8d4bffdf3eca,Okk,3
5dc56c83-2b56-4f0e-aa88-8fc9e0786bdb,I hate the new features especially the end to end encryption,1
cda62b45-d2cb-45cd-a532-d4da849a27a0,Bakit nawala music sa notes HAHAHA,5
eec0ddf2-c491-4039-9c81-75215f6739c5,I don't like how end to end encrypted works!!!!!!,1
e07bdfd2-6fdb-4c45-9c58-740fb8cb26dc,I don't have music notes,1
6d6642d3-6f4a-43da-b358-5c3cb87e7e6d,music,5
5804ff73-0551-4aad-9963-11b650bb0bd9,Good app,5
f3d77200-42d3-4569-a5e2-2d73ce122739,Trash,1
9ff169e5-d3cc-440d-98c1-a0388651af9e,Сайн,5
3047f846-c8e6-46e7-ba63-470c9d7b0351,Nice happy,5
3d3c5f66-305e-4d12-8bd8-cd0eea08d10a,Karmawala narsri faram,5
d9e7b333-2ecf-4335-93f8-ffa1b5a062a4,it just broke wth???,1
67f870b8-cb69-4126-a915-6e86e1b9487d,why can't open?,1
53ebfe01-6851-40b5-8d03-e846c3cb3b26,Thanks 🙏 For Introducing Me To The Girl ☺️,5
d567a7db-ed8d-419f-8f89-15d1463dcc14,Video crash,3
ec208aa9-cb03-4a3b-b134-606a2c0bac9d,I cannit find my chats,1
26eb4044-bfb1-471f-8baa-d24ffbac37d1,Good app,4
f4d960b1-aaec-4efd-81f6-fdd2402c26ff,Ok,4
f917ee6a-99c2-4296-828b-6431598f9e88,"People use your app for work. Worst version ever, hassle to use. What got into ur minds when you thought of doing these changes? End-to-end encryption? Whoever thought that it was a good idea should be fired. I think that person is so miserable he wants to drag everyone down with him.",1
8ff0082c-e4ce-4be0-8402-c422cc363aef,Good,5
409b9b6e-2070-4734-82e0-51d8f480cb1c,Super good to use this app thank you,5
d14f4fa7-5c49-4842-9b9f-3293776db291,amazing,5
78124059-4fe0-4130-93c4-ec696be4760a,hahahhahhahah oa,3
b7d18e21-7b26-4a6c-8e4b-0fbbbeef43bd,the beyst,5
a9e1ee42-f114-43f1-8acd-0ce7652108c8,Meta has to fix or remove this end to end encrypted update . It's literally horrible bring back the old version of messenger,1
a342c5b7-25f4-4410-ba20-ac760cb06a50,Please update my messenger,5
c0c20c90-44ea-4734-9efb-f4edbf148b1a,Nice,5
e9466f3f-6696-4e31-a2ce-217e18f319ad,Ok,5
7fd6e380-5636-4c60-b5f1-15a8bd908930,There need to be a place to type a message when you report a chat,1
5d1031c0-4df2-483d-969e-95847c69b019,Good,4
add78a69-01bb-4b50-9375-51c94ca7c84f,Xilkas aadan10 10,5
006d6f01-3c14-464a-b365-abda400a23e7,I update messenger ko lagyan mo ng note🙁,5
d7321b69-786a-4106-ade1-f02ead988c0e,Bakit ganun update NG update tapos Hindi Naman maganda kinakalabasan pag Kaka update Lalo nakakainis Ang messenger ngayon,1
3eb00653-873d-4563-abf2-af66b857afb9,Rrsmakhtnu,2
ec900bdd-b87e-4783-9717-4a7d7434ef38,Very good,5
5450255f-43dc-4496-b00c-1096519580eb,Bag!!,1
a3f29cdc-5180-4b14-9de7-3cde86ba3994,Ok,5
93056daa-3073-475d-9ae1-d61099a0242b,"Useless update, that's all",1
5d3f545f-eab2-462d-94e9-6c6e668d4621,This app is very useful,5
a0e06acd-caeb-4154-9e8d-ae277e7ea0f2,It's not working for me,5
7dc559d1-526a-4dc5-84a1-31f43ad54ad1,I enjoy being able to get ahold of my friends and family,5
3cf01ad1-8820-48e1-9980-c1bbd080859c,"The new update sucks, especially the End-to-end encryption. How am I able to go back to our messages now?! Even the chats of my teacher that I needed is gone. I'm a student so it's stressing!!!",1
5a653cf7-10af-4c6d-9e5e-31686adb17a0,Mhin hansda,5
55750a4b-813a-4914-a6c6-40a8bcf03be8,Good,4
55c520f8-e124-47f3-8e57-25862cd7d88c,Inupdate messenger ko be walang music🙂👍,1
e641feaa-6c26-4169-85a7-cc0d890ef720,"Some of the features in this app sometimes disappear, and sometimes, I can't send files/photos. I can't send messages even if my wifi connection is good.",2
3cd55f47-8dc0-4a2d-8af3-0b216fd9c5af,Nice app,5
790730c3-6354-45a3-8bd8-9f274b63052e,👍👍👍,5
74f60c47-ca0c-47f0-8be2-a46fe59b6648,I have,5
653b189e-0aad-4b1e-bc4a-0a3b5f6343da,Valo,4
ee30f715-2a3b-458f-97fa-a39daef91ef5,good,5
dc7a4636-e1bf-4b0a-a067-1b130c7085b8,Good,5
10ec975d-e8a8-485b-b03e-0feb1caa6078,Always useful,5
ba93218d-f2cc-4191-bf7d-16ab1f32eb29,Not good at all,3
2151ebb8-bbbc-459e-b87d-aa1e84e3db72,When someone send a photo it delayed so much that we can't reply faster.,1
f7255709-438b-4cdd-b8cf-601944b7e54d,It it very good,5
61dabcb8-cb52-414a-a7f0-0a605b351486,Call ringtone not sound system.call not clear voice...,4
95302fec-6314-423a-9d2c-0bc48acb4ab9,Good,1
5e1e9cc0-010d-4745-87aa-f7bbfacdcc21,Really love the app accept shouldn't have to log in fb and messagener should only once,4
87262ef6-8bb9-46c5-a3eb-354fcc21041f,Nice biutifull,5
81e31978-9b44-4ee0-9ec8-f88e651d4111,dissaponted slow,1
9587a742-eceb-40ed-8a78-6227f64d642e,"the reset pin button is not visible for end to end encrypted chat, thus previous messages can't be retrieved.",3
461bd726-5247-4040-a7ba-722cebd9deaf,required?,3
5730eb07-1523-4b51-b3d3-57a9a1dfaeba,Just a slow sloppy app,1
3fb38f8b-2a69-46c6-aa45-f9ea993505e1,Good some time,5
e4206b33-cf91-46d9-9f24-4f782aee06cd,Because I don't have a song button.,1
9ab15f31-ef1e-4bce-832e-c4e52bc80e03,"Bnnwbbbjll. Hhhhh. Hhhhhhhhhhh gg hh , g u. Hh high h,, uthey daralo amar to khub gg h,,,,. Hh g u oooo. L. .",5
b17c4db7-a28c-4631-bb92-403c69f24408,৭৭,4
d50bffac-dc9f-4de8-b51c-5ee59fe34f43,Where did the plan function go? And also why can't I share live location now with most people. Sad times,2
db475115-5f44-4db9-918a-d713a4769ac6,m r Sama❤️💫🤟,1
1ba3cef6-9bf7-42d6-a11a-5f4b0bfc073b,kagayon,5
0d8814e5-7647-4648-bc64-7b3163f6b38c,Good,5
2258c4d1-16d6-4a70-962b-ec7b01a5432d,Couldn't send video (s21 ultra),1
16899c0d-ac4d-4e26-9fc7-a99ecd255a74,When we click on messenger or profile it doesn't come back to messenger app but instead it takes us to the playstore,1
94740525-6977-4d51-9e67-f710ab908d22,Nice app,5
be436e69-db5a-4936-a3a8-15c3fd30382e,Very bad only one star,5
3b366ffc-7298-4385-89c5-4f24bea85b51,Nice,5
bcc43ffa-2aa8-4291-b139-17375379cc79,Hahha it willl,5
571b250a-14f6-4ecd-8271-41ba57c79fa5,That is the only way that we can keep insomuch to our family.,5
10950ae0-7734-40bb-8a12-3e0726375c86,"Mms don't appear, it says update but nothing change",1
1e11177e-0c36-4706-92b5-acd511c70813,"After this recent update, it starts to fail. laggy, message not sending etc.",1
07ce65c5-69a8-46a9-ba95-e198e056923e,Good,5
8315da7a-d4a8-4564-b15b-66aada53090d,"Very laggy, and a lot of bugs... I suggest fixing these first as some have been a long-time issue and are very annoying.... if these problems aren't fixed, then I'm thinking about moving to another app or service....",1
1056bb72-0e50-4d34-9575-b3f03b00e493,There's no sound,1
2adce9cd-c7cd-4e44-bf92-41c433ba8cde,I experience to be friendly with different people is good,5
449e019c-bab2-4d0b-9f4c-0e6f9bb19b9b,👹👹tinanggal uug music sa notes👎👎👎,1
3f5ef277-2829-4232-b040-552d78c13777,Good for messenger,5
0ea67eec-acf0-4158-ae17-c4842c994bb5,Nice,5
f519b09b-3178-49de-9b8f-2964b6f35204,Vilo,5
b4ebc13a-bc47-4d54-a857-822aa34f627f,Extra ordinary,5
2bc2dca5-3246-4794-a422-1489d4982284,Very Good,5
6a025a16-8324-44b0-b910-1730a213a715,TERIBLE UPDATE!!!!!!!!!,1
24ae5765-6067-4b56-911b-c168697d7978,I don't have music notes,1
f9c6b802-6c15-4052-8bbe-b8e1730e08e6,Who's idea is that end to end encrypted. I can't send message to anyone now delete that plz.,1
5c7a0a92-937a-4f29-b4f6-6ffecaa3d312,gdwi,5
0d969e34-7a63-474d-9d61-528a33d31547,Very good.,5
6ed0e635-ebd2-4945-958a-5f3800c669a3,Excellent,5
811c632c-6b4e-45e8-bd48-461faf323517,Subrang mahina sa signal nag lukko na naman ang Messenger Apps pati gcash daming application kailangan verify talaga🙄🙄🙄,1
db714cbf-cae7-4972-866c-f5032a83b5c6,"Said I had to update, no update available, ai doesn't work",1
fe68e193-56a2-4a16-9f69-7d582051fed4,It is the worse apps after the update,1
6f1d9177-4064-47d8-9bed-f1f01c0b9479,0 pp no po íoí,4
f981eaab-916d-4f15-b835-a6f372a42743,Good,5
1f4143da-7d51-4bfc-aa5e-865614ffd37c,good,4
3d72a366-5b5d-4463-a34a-1c1c7a64af7d,Best,5
ec220502-832f-44e9-9b1d-1274ac040170,Why not editing pic why,5
9bc7f098-d3c6-4010-83c7-4496037a9744,Very good,5
f9d6ee07-5860-4ae9-9c54-8ac562791bae,I just don't trust Facebook and/or messenger,2
d51e4694-e5f3-4380-8e25-b16a104066d4,I don't like the update,1
4c7cc952-a7b5-4d62-a8c4-9ca424f717ba,I think it is the best chating app,4
c7008f9c-0074-4d21-b271-e6c78c9cc1e6,No notes 🥺,1
5facb087-0901-4bca-b3b8-7b23e392a3db,Ang ganda at na tatawagan ko na yon pansan ko magulang at friends,5
bfd147f8-8bad-4ccf-a593-37f118e6ab66,good,5
89802502-924c-4e03-9c99-15e13033aeb2,OK... It's fine app.,5
4a5a19b3-8773-45c1-8917-03f5800389a3,This app is not working for me,5
b8e069a5-5c65-46cd-9da7-b6e562cb3bc6,I geve four stars,2
be802b53-c142-4a99-b466-2a52a1514855,اصبح كارثي,1
5ece12c5-0247-4e6a-b532-0467468ab74d,i miss you,4
5f7b513b-f58f-443d-877c-6d7fbaa8306e,good,5
1ae69449-ed0d-4a76-844a-6a4dca20b7b1,Good,5
1eb018ac-3986-4eec-b044-f07a1d0890a5,Very nice,5
4b881523-c1e1-419c-9eb8-6ec0071e704a,Nice,1
1bb3cfb7-0003-40cb-94d8-7b19d3f31a43,Good,5
7c8db220-7c71-4bf0-a652-01f549ab658b,Monudj,1
c6fdda29-436d-4327-ace3-aa13f8bdb16c,App is good,5
b197c8bf-9a73-4ae6-9d14-8b819b22a12e,Good apps,4
56f3c34a-96eb-44b1-b7f9-a3a40660be2b,Beautiful,5
ae58212d-298d-4b67-b1e0-ee1b7bdd0e94,👍 appp,3
76f93c15-b067-4682-95a7-de66326f0a27,You can try the app again because of you that you didn't like is a useful app you are just looking at the app like that my people when you are using it you we be happy of the app the next vision of the app is good,5
72a700f6-d69d-4642-a5d2-df2dcf08484e,good,5
f5b237ac-aa0f-454d-8776-b6dca90cc9d7,Sumsung J1,2
11a2b2d1-8c87-4594-abec-4f222f3591b0,Nice,5
3bff3853-d847-48d0-aefe-6f3ba3a7388f,Nice app,5
602e0bfc-7034-409e-ab9f-2c6de620c4e7,good,5
7fc5edb7-8a40-4063-b717-be6a7e75884a,Okay,4
1162b8ba-32ac-4ffe-b1cc-3ee552039089,Good,5
794db548-f628-4fc2-9c7b-119e0205c17e,It's nice,5
e1584668-8dfc-4d57-b0fb-bef4fcac4911,তুমি কেমন আছো,1
0eef9743-35f1-45d4-984a-66007cdbac98,Excellent.,5
bf26b0eb-d2cf-48f3-b9dd-94f80f5b702b,Awesome,5
aa07668f-ed50-48a3-bfa2-0192c0e8d865,I hate end to end encryption my phone broke and I got new one but the chat are missing and I forget the pin,1
8c48703b-e53e-4708-9964-ff1bcece6450,Good,5
573e0d23-5b5e-4d3e-862b-30f85c99e802,Good,5
5ab55d9d-63ce-415e-9eb8-5858add63f89,😇😇😇,5
3450010e-e5e4-44bf-805a-c5028bfcecb0,App,5
6d5238f4-7099-4036-84ba-291f09626e7f,😘😗😜🤫,2
767a8a18-d462-4dce-9230-25e6c2c25a7f,Excellent,5
7bd31344-615d-4e5b-bbaa-2cf99cb86967,"Can't even use the app anywhere (phone, desktop, browser) now after the encryption thing. There's no way to reset pin..all my devices are new. Useless pin feature; Why not use recovery email address or phone to send codes, like how it should be asdfghjkl",1
8b4882de-1dcc-4cc4-a2fa-05736de88eb2,The best 🥰🥰🥰🥰,5
e68aa686-e4e4-4901-a29a-42a9cb727dae,WALANG KAUSAP🥲🥲,1
9c66b28e-c136-4575-8d09-d91520bbca81,Excellent 👌,5
ca13ffd9-992d-4821-b32f-9c6735d3fec6,Md Harun,5
1ec2b288-3760-43e5-b8d3-1b2b7ff34c6b,Veri nice app,5
aa1e5b35-36a8-466f-b1b3-aecc2d8e8b43,Sucks,2
1b1e310f-a800-4521-bb0d-72861b7e98fc,nice apps,5
5d0665b1-bbf8-4c91-9dc1-42889b4aff2d,RAuthat🇳🇵🇳🇵🇳🇵🇳🇵🇳🇵🇳🇵🇳🇵🇳🇵🇳🇵🇳🇵🇳🇵🇳🇵🇳🇵,1
4d2cedb6-7ff8-4af9-9c96-61ab543efde1,Reg,5
9a537b4a-dcbb-42ec-89f1-0920e951874c,"Another bug, I cannot open the app. I restarted my phone, uninstalled reinstalled the app, still nothing.",1
2f1e2614-020f-4031-b7a3-70ed4a04e654,I didn't see all of my history,1
4f36b5d4-61f2-4f5e-9002-1d0e195554ce,Good,5
5895e404-6137-4fe2-ba90-3c19e8e69ec9,"many bugs, fix it!",3
cbb6a74f-34c8-415e-ae6d-65db23ee5b2b,Update sucks esp the end to end encryption,1
057ffbf7-aabd-4fe0-b4eb-3065d3403881,Good,5
cff9827c-ae30-44cb-97e0-c2970b0b3637,Slow,1
78625516-0e2b-48e1-a41e-33c4ece32475,Good,5
a69706b3-bac5-43c8-abac-9ecf74670b50,I don't like end of encrypted,1
7e539f6b-6183-4dbe-9db8-a3099bef6de6,আমিও বেবোহাার করি এটা,5
475d857e-710b-4c22-96f8-5c0d2ca59910,Its fun,4
1834ebfc-fa10-4fa9-a54d-df0c14339a1c,There is a bug that I can't send photos or texts. Please fix it . It is the most annoying thing ever to exist,1
00725447-a251-4b7a-889f-1a83b08942f4,"Cant send Downloaded videos, revert the update",1
518bf32c-4c9a-4a0d-b398-760e00164817,good ok,5
779ba28f-8375-4f39-a27d-73f81839a93a,the new updates of this app is just too messy. too many bugs and unnecessary features.,1
48075bb9-5274-431d-bfbe-fdcd1cedeef1,Nice,3
e19c8baf-411e-498c-ae60-5272e81f98c2,good,5
19d88c70-e207-425f-b53b-ff57d32e25ff,The theme is broken,1
f7f29921-3499-4b15-8629-adb2b0c2b7ee,Good,5
d210673f-90e4-4bee-9b43-7156c54aab5a,This is a good app .l am used is app .l like this app . thank you...,5
033d6066-8124-45de-a165-de436fe39bb7,ELIAYS.FEYSA,3
2e1b9578-3ec7-4957-b4a1-b0e432cea086,(this message is not available on this app version Facebook Messenger) Terrible when you can't send edited videos now....,1
71aa514a-b4ba-4633-833f-9ded56ddf7b8,very good aoo,5
5938f70a-59d4-4c06-b97c-d9b56b93e435,The app is very slow it losses network,5
e32b08b6-816e-4542-aa61-3585e043c6d4,a lot of missing message right now due to end to end encription pls fix this,1
2959a30d-7b91-41d7-8547-f86f33dc0972,I had an iPhone until a few days ago and so obviously was using the iPhone version of the app. When I downloaded the Android version for my new galaxy phone I noticed right away that literally months of recent messages were missing from my various conversations. They were set hack to show messages sent in March as the most recent communication with that person instead of a week ago.,1
24710209-29bc-4e53-b43e-6692148cdc4c,Nice 👍,5
d350329d-1e3c-4885-af26-d91c70b9004c,Tos. Juii,5
e4cdbbc6-fb45-4a8a-ae03-b6b15179331d,"Excellent app but stacked when I tab ""Friends button"" this happened in this week (July 1st week) updated.",4
105fe9df-8622-4f11-b936-5c4994f2ec44,Best,5
dea50113-a161-4b7e-a1f2-65ad27346a3a,Someone hacked my account I went though all the steps to get it back Facebook then gives my account to the scammer,1
3eb9de78-7b94-4adf-88ba-c8aa3a11cb6d,Sai Aung Murng,5
55937c87-b5f8-4fc0-b21f-d5cbb58ebcfc,Good,5
3fad27e7-72c2-4c00-80ad-310b39252a27,Ok,3
a8124be7-b756-4ae2-9f50-5c45f4d5503f,"The app is good to use at least for now. Also thank you for the ""Encrypted End to End"" feature. As for my problem, please fix this feature immediately, it only hinders my job and studies, because I cannot view my previous files I sent a year or a month earlier. I hope the developers of the said app read this suggestion of mine, as a loyal user. Thank you",3
3bc6f3f3-700d-4eeb-b9b2-6c3f020fcd2a,great app,5
3b238a10-a814-4722-931e-bae625c2e3b8,My older messages suddenly disappeared,1
6dc7d4e5-7802-437d-9fc5-3f8c58c0e62f,"Md,Halim",5
36333aed-7a22-435e-9069-9d2101123633,"Pesima app, me borro todas mis conversaciones y no puedo acceder a mi información 😡",1
4db6bd93-a4a3-4368-bef3-99fab8cc897d,💝,5
6a3d4a7e-6660-401a-9f1c-2b495a9fcb9c,Remove end to end encrypted,1
d1e11735-c139-43aa-8f6b-c108be89d037,M Mohiuddin chy,5
473d75ee-73a0-466d-8813-0744d46d3149,End to end encryption is really annoying,1
dbb18c30-1391-41c6-9323-4842ce58f5e8,"Can you guys stop breaking things please. You break it more every other week, e2e encryption has really killed the speed and usability of the app",2
bb5bac77-2044-4e05-ae7a-de3a0d2b0e61,Nice app,5
83928c1e-183a-4d52-8864-aa3b0d3ee189,Sho Khan jhang Sadr,2
e9d4a314-0cea-4d63-9efe-5ca32f5a143b,Very good projects,5
4085fc1a-7af1-41dd-ba3b-8a424ef2d163,Renukharka,5
8e4552e1-0ca9-4cfe-81a5-8236e272f6a8,Daer support I am facing an issue while trying to send massage on messenger. The error message couldn't send keeps appearing. I have tried various solutions but the issue persists. Please resolve this issue as soon as possible. Thank you 🙏🙏,5
7f9b8f3e-fc1d-4d11-b7b6-57c62456946e,Not opening,5
51e69f7c-f516-4f5a-b699-5acca6ab53df,good,5
c2a1f328-5729-4b6e-b974-bd532dce68b6,Good,5
c8ceae5f-fed6-4f16-9d67-b27a786481ca,Worst app.,1
0bb454e8-19a7-40dd-af5e-c4003e1b5a68,Many beautiful apps are great for social communication.,5
d81a874a-c709-40e4-8c92-27cdc5f0c2e4,"Disgusting 😡😡 , After so many updates messenger now hangs or lags",1
27ac20f7-6e47-410e-9e48-a9ef051d2d40,Automaticlly updates,5
4a0087a9-ad73-4503-b165-fbece4e14642,Mast aps,5
87e19639-c6ca-4a92-b7ca-e4e0abd0d678,Anitaotuzi,5
a4715ea4-194a-4148-a057-598dcd135233,No music,1
2888dbbb-90ed-4a57-84c7-528e7433d308,None to describe.,5
52ded633-adcc-439a-ab00-aaec4951c273,Unsatisfied app Can't block.,1
805a30b3-573c-4349-98af-cbbee7c019d9,Good,3
500c92e4-cb28-4d44-af59-15725b9e1ed0,Messennger updated,3
423642a7-2390-46f0-b485-4dfaf7b3add2,I can't install this app gosh! Fix it immediately this app,1
8e9dae32-f6fc-4fb5-abe1-ac44f8d58ea2,"when using the vc feature it always says that the call is failed and open the messenger, like wth do we need to do after we open messenger i hate thiss app.",1
8f6d594f-a641-44c6-88f2-44197392aca0,Doesn't download Still doesn't download,1
27595c0b-93b7-40cf-8a6e-3a6d5e01b1c1,Ok,5
8773c98a-d750-4e3a-bf95-16a1a7093a17,Very nice,5
11f42bd7-39b6-40c9-b3de-6918fef4f8f9,Deym walang ka chat si bro,5
6972a12b-e186-44d9-bfef-d53582fae444,Sonu Bor,5
c585fd74-5760-45d9-8d6d-7fa7c87b1e72,Ok,5
90ece26a-b2dc-4459-adec-609b39174bc4,WHY ARE THE MUSIC NOTES THING GONE,1
8a88c835-35a1-462f-b2a0-7112e67bbfec,Good 👍,5
4c0aafe5-170b-4399-97ec-1223625a4d94,good apps,5
539f1885-6623-4d15-a9f4-74fd8fe05b86,Good,5
17991f34-2134-4198-865b-fd39ce42409e,great,5
e63ecb27-d5a5-47b5-a67b-9638c194a7e7,Can't Download messenger,1
8c7e9199-bb58-41de-a51a-9208f598e63a,So good,5
498e42bc-655d-4d62-a5a0-1d52fe20a449,Hello I'm Rafiq Durka Suad aa gya,2
75b3f1c7-21d8-44a7-881b-b0be7f8c5525,Excellent ☺️,5
47c1558c-e8ac-41ad-9c50-362a5b0f85df,Rosengalul,1
902570b7-160c-47a2-958d-e8390da82bab,Clear,5
62b84d40-961e-4265-aa8c-585e7d3a6894,They should permanently include the music in notes,5
20613ebe-1612-4e16-ae8c-db28f02ebe22,"It's OK, but too often, the sound quality of calls is an issue",3
f575df29-6569-45f5-8590-b9505661cdb7,Good,5
9fd6be09-9064-4341-aa75-8dd45ba4e5c6,"First of all yesterday I saw a FREAKING music button on the notes I clicked it, it's okay everything was fine, not until today all of the sudden IT DISAPPEARS LIKE NOTHING?? Messenger you need to fix this before I send bad reviews on this",1
ab57d030-679c-4832-88a1-3b1620f7b157,Good,5
b727a4fe-516e-4d59-b32e-72b9898b4a04,Bat Wala akong notes??,5
66e755d0-ddef-400c-9ba3-12cb69e45253,My music notes are still not yet update messenger please 😔 update my app pretty 🥺 please,3
5b11e2b7-b25f-4f58-be0e-b462f41c393d,So.good for communication,5
c0f340ff-a79b-4f8d-adb2-96700f68544b,PUT A MUSIC IN THE NOTES!!!!!,1
95f847c3-8798-483d-b8fc-dcf99e7f696f,Good,3
0269508e-dca2-49cc-adf1-17f16a08afc8,Wonderful,5
f08aefb2-5d61-464a-bad6-eb2ee391530c,Its not easy to recover but it's nice because there are so many choice to look back to add asking about help how to recover the account. Thank you so much.,5
a479c900-8731-4e12-aa02-ba05c62e66ab,No option to make default message app.,1
1cc32d28-a614-4ba8-b0bf-e9425e9eeec8,Good,5
8d488e91-9df9-4c21-8747-3a0971241eb4,"Keep getting a notification stating X chat heads active, in addition to message notifications. This notification sticks around and re-pops up when no one has responded to messages, it is annoying as a quick glance makes me think I have a message when I don't",1
81899146-3c0b-4c04-9ea2-8c74ba20afcc,Please can you put a mirror camera in the settings because it looks ugly when it is inverted while on a video call,1
136d18a9-32c2-4036-9a0d-4c95c4e4b285,"I'm slowly disliking your app, it's because of the unnecessary features, lot people agreed to it, am the one.. your app need to be good as new, just need some adjustments and fix bugs.",1
076b9683-9e66-40de-8953-3fe5d1f5fe6c,I can't unrestrict person!,1
97a8a2d0-b176-4d86-bfbc-ce9d0bc2fcb6,Najrul Najirul,5
ef2862a3-ef8c-4356-9f17-bbb9217f8f14,It us Best App,1
19589d83-823c-4b17-aa51-cfc4d3290d23,How to Cash out tongits star,5
b4dd445a-9bec-4702-b006-a474b67098d2,No development,1
50007179-beb8-4bfc-9a12-d5fa6ddf8aa4,Nice aff,5
ace53c91-95ef-40e0-a442-f4a32595f9af,"The issue where text can't be highlighted in Messenger needs to be fixed! It makes the app extremely frustrating to use. I have reported this but my report hasn't been acknowledged, let alone resolved.",1
2fe62465-06a5-4c9f-803b-f5db40af4e1a,Nice ☺️☺️🙂🙂🙂🙂🙂,5
428f693a-6b43-4025-9001-22934dea1101,Evryday i spnd 1 hour un installing n installing 2 get started wot da f...k is dat 4 @#'%$&,1
fe4143e3-96fb-4ff5-9f06-343b14d73882,Nice app it's working,5
2c699f21-c086-4ecd-94b2-f3b3ce45cd52,Please delete the end to end chat,1
b0c12d4b-4c54-49c9-b6d1-543a84901baa,😍😍😍,5
85363a11-19aa-4d17-8c21-657d48dbb25f,"It's hard to contact, late arrived of messeges, the sounds not good, please fix tnxs",3
e7aa5a39-82aa-4858-b932-5c8b4c3d1fb7,Love this app,4
e4f957e4-ac4e-4862-aabe-73b16ae61b38,I cannot send photos and videos of my friends!,2
d5373270-4d27-4a40-89ea-7e0fb6b40ebc,❤️🇧🇩,5
f7754552-65f3-4423-886a-02a141f96e97,Wow,1
26db945c-d0ae-4c00-83ea-25377d349996,Goods app,4
ac2efe58-c0cc-47b2-a20d-c275ca5b8f15,Easy to handle good for all I need.,4
e1775e22-73b5-4eaf-ad01-11704c39bf09,Nice app,5
b1d124d4-aaa4-4962-a13f-568a726ccc48,🤗,5
6a7ee372-cdd4-4ed0-8db9-89747099f255,Jinsoul from loona,4
be4e5ed9-7998-4b04-b18d-80cfad330764,I read this show low because you people get out here turning things all around and getting me all confused yeah this is really just all messed up you know,1
57da5bb0-d653-489b-af90-50607478c9e3,Please stop the end to end encryption. All the important messages from the people I love have been deleted. Can you just keep the app secured without it? It's so useless and your instruction online how to restore just doesn't make any sense. I won't a way to keep the messages and read it again and again even though I use a different device.,1
e6b396b2-e838-479b-94da-2caf57dc7187,cannot download,1
a9022f51-4979-4ab4-9014-581298ea505d,Best Performance 💖💝,5
509a21c2-52cc-4d79-93bb-956c6ba6973c,It's super cool using it,5
28e63ccb-69ba-46d7-a563-fe5a42daceb3,It's good,5
b8033d4d-5726-406e-8bd4-eec4ca8c0229,the music notes are gone,1
6098e5c0-0524-4106-b25e-bffb700d6c6a,useless since the latest update.,1
882b7f87-8dd0-4bf2-aff1-2ea2fbf47330,Wala akong music sa ñotes kahit na update Kona;((,2
70abdc82-514c-439a-bf2e-e301bbf81695,😍,5
6872a098-fa0f-4720-8c71-efc4c7a14ec4,Good apps,5
a9a03768-7fe9-4dac-8086-32d65cc8a016,Why the messages sometimes are deleted from my friends 😭😭😭,5
705cfab8-8b85-4cc1-b4e5-7f7959a676e8,They removed the music in notes,4
2d764d49-dc62-4fac-91c8-eaec3fba0804,Nice,5
ce1a90ed-bdeb-4586-b778-1781bf92e323,Cute ako,5
72531680-b532-4843-8be2-8a55950b42d1,Good,4
d72d5c23-1cdb-4b15-8fe7-70756f123c8a,धनीराम निषाद,5
bcbd5f2f-3bc2-4d64-a13b-1288518e655f,love it,5
b6828bec-6149-4f65-b76a-c5726479ef72,I did not want it to affect my personal Facebook and it has,1
aa74ae7e-2113-49b2-9444-879794dccdc5,Worst,1
f6771dad-6450-4674-99a1-2acbe305575f,Update is trash,1
35d272ab-db24-4e68-b327-8d075c335536,Super,5
a6c1bccc-523e-481a-9c24-8d969bd25c7a,"Very good. I have no time for this,I also want this",5
f1a0c618-04e0-45dc-8ff2-8648badf3d95,Ok,5
c40cc43f-6720-43c2-87f0-d8925438f04a,Why is my ID showing online even though I stay at night? My life is over with this today I'm going to die,1
8305ca1e-e2ba-445a-888a-c089c08986a6,Walang kwenta!,1
7d4fe00e-de07-480d-82b5-b28d6c5c23f4,Dhis is the best papp,5
ce4c2141-6b0f-48de-a8e3-4d2d69e4a201,"It's good but I was hoping to update the notes, I hope that I can see who reviewed my notes",5
d96cde74-b4a1-4bba-bf4a-21e761bc9e52,Asan na Yung musicccc,1
0d9d426a-bc9d-4835-a8e9-5222fe92504b,Liking Good Way for Çhatting and Countect Please Strat my Calling open Link . This is Stop Why ?,5
d1f00b97-47a0-4120-b24a-e63583126d51,Update always 👍,5
a4ec9465-2473-46ad-9d00-3c52da3fa2cd,ভয়েসে প্রবলেম,5
36cd56af-7486-4861-9281-200695e8bb3a,Ujjj,5
63c3b76f-19ca-48c9-95c9-51defbd33217,the messenger isn't working properly.,1
d6998586-9116-450a-bb2b-57748bcd3ebf,عالی,5
4a185eaf-728e-4c5c-adbc-125402594779,This app was so good and has a lot of new features even if sometimes its so husstle to use but i managed to Used this And this is have a lot of good reviews,5
6e2e3add-ffcd-4bd2-9c28-b60af9c5b5a5,Fun,5
9246378b-1dac-4b56-9ca1-40a09a6f0f00,Good I love it,5
04f08e01-453c-480f-97fd-51120341def4,Can't Open it.. it has a bug..,2
12ca099b-8bb2-410d-8f11-ba3048afd59b,PAKILAGAY SAKEN YUNG MUSIC SA NOTESSS!!,5
0f033372-4fca-45c9-ab8d-be470cd08963,Messnger sms reply,5
606c047e-2593-486e-b12c-b0caf119094d,More and more often I keep getting messages that say that I cannot receive the message until I update messenger. I updated messenger but it did no good.,2
8089f51d-741f-4acb-b1af-b30c73a9775a,Maganda sya,2
aef97717-7411-4f54-86cb-5064b9e07d5a,Pls keep it private,4
ea34687c-eff6-4243-9439-d81f053a03fc,Excellent,5
4b9feeda-91e6-4d09-b48e-5d4840c5d8e0,what is this?,1
f06b4225-2864-43f5-9420-5c93349a181d,Good,4
6c882c0b-b67d-42bc-afc6-9176aab44111,Very good,5
a600718b-6401-4d70-a6f2-7ce846c6b550,It keeps disconnecting😡 I still stand by this 😠,1
335f92bc-de37-4092-9abb-9bd59e8f68ab,Nice app,5
1bf79b81-5a74-4fd0-97a7-5970421d0f6e,So many bugs,1
724ce48b-fc48-4533-a72a-eca0a81ef606,1 star kasi nawala yung music sa notes.,1
c4839902-a701-4b0c-a820-1b92a9aa6465,Good,4
4ae2be57-1c7c-4f3e-9572-021beaca3ad4,remove the end-to-end encryption thing and the pin the most useless features on this app,2
2ac36391-ff9f-4b44-92bc-1ca78e586983,may msli sya,3
ddfb2b2a-0a4a-4ca0-b10c-38a6a5778541,Nice one,5
fcbda7f2-1584-467c-a295-853a6fa49e11,Good 👍,5
b33391ae-4c08-496c-bfca-0f0cdbb5602e,Please remove the end to end encryption,1
c507fdd9-b396-4d9f-a88a-ee211ff0a89a,Perfect,5
112fc741-d65e-4654-865a-073be935845c,I cannot see who's active online after the update even if i am on a active ON status,3
4bbd0fa5-f56f-4097-8591-7b7f944fa970,Paki ayos po ng messenger lalo na kung chatbot ..,1
f95c3bcf-d04d-4f64-90d6-faa61106ef43,Kept me wanting more,4
6b6c8de6-4d5e-42eb-abec-3caa0af6504d,Its good,5
0a0d9b6a-9950-46bf-b851-ef5f6376eb6c,late update☹️,3
bd6d6eca-92fd-43a9-b721-bc642d5af68d,Verygood,4
0b68019b-6dbd-4c70-9d66-5fe6e898b66c,Happy,4
44b67d59-c07c-44b7-947b-65bb32531904,"ফালতু একটা apps, কোনো কাজে আসেনা আমার, সারাদিনেও একটা মেয়ে message দেয়না আর কোনো মেয়েকে message দিলেও সে হয়তো reply দেয়না আর নয়তো ২দিন পর Angel pori থেকে কুদ্দুস আলী হয়ে যায়!",5
8147b93b-ac27-4fd0-bc7d-221560ef82d4,Msg not properly,1
07d7945f-f3f5-4696-adb7-9fd826159916,Na all,5
1787dc09-7ffa-4403-b551-63591a7c3e28,walay buot,1
37db8034-ea8b-426a-8dcd-90b27c0bfaea,Every time i open messenger i get a grey then a blue circle spinning around. I then have to uninstall the App and install the App to get it back to normal. Not good.,3
a5ea3be6-7c31-4457-a88e-d786e1016767,jop,1
b554e897-9b4f-4d6b-b30a-5fad631c15ee,UAE DUBAI. MESSENGER 🥇🥇🥇🥇🥇.,5
2e88bd0d-2350-40ac-8797-7ee0d62522b3,"whats with the new update? I can't even see the link, that my mom send me. It says it's not available on my messenger version and I have to update it but I just updated it just now.",1
34cd977b-a76b-4ca7-b2cf-e8c1f7cc9a65,Ok,5
fd60ae66-92f5-486e-9bcb-0830f90dc62a,EASY TO USE AND VERY CONVENIENT,5
3f4c731c-3aec-4450-97df-10e7ac0fbcf1,Why I can't see picture on messenger? I have data,2
5ff4e6a1-e284-4c30-82c5-90d1b750d615,Good,5
5a10d644-db06-49d5-b9cb-d63f6e8750d1,"For some reason, it randomly won't let me send pictures and that's really annoying. I have it fully updated and it just won't send pictures sometimes",1
f7199a73-c1d9-4282-b121-1184fa9a6ed7,Nice,1
4c81c34a-44ff-4dd6-aa32-59bcd6ba9e67,ios ios,5
32e239a9-5f1f-4c49-94d5-94f7241aff7f,ang ganda may musuc na ung note,5
54270007-5c27-4ed3-9b4d-dc2ef2e4dbe0,Very good,5
d4da40c6-007f-4937-acec-a69e0a06abb3,Super awesome 💯 app 👍,5
183d795e-959b-4610-8584-69dc6c14710d,Ever since the end to end encryption update my messages has been disappearing and gets lost in between the website and phone versions. I hate this so much I lost so many files and images. Im literally missing at least a month worth of messages. I have no idea what's happening here.,1
b011ef54-87a1-4652-822d-969d94ffed9f,I can't update my messenger,4
cb5012bb-0266-45c3-97ac-075b124ce791,Always slow,1
dcdecf99-9a8b-496b-b1ba-f84a5fea5b2b,bogo na messenger,1
fd64eb5c-8c8a-4310-a173-34c694c87faf,Naic,5
66c38c95-e377-445c-b7c0-b7ed1e36dab4,Slow 👎👎👎👎👎,3
0fbeed0f-f5e8-499b-8108-daa13383f6e7,automatically deleted my convo woth mymom due to e2ee withlut notifying or asking me if i wakt to enable it or something. if ican rate 0 star i would,1
e72059f0-110d-4d8b-95f4-50a3651263a5,Recent Update - stopping and closing 4 July 2024. By 430p - seems to be working.,3
b6e15e42-5c81-41d7-993c-a659f61e87f3,"please bring back old messenger, end to end encryption chat is useless.",1
577b5567-7472-4918-be5f-7e603f872548,Wala pang music sa notes ko kahit na update kona😩 AHHAHAHAHAHAHAHAHA,2
c27a6cfc-3033-4e86-9d7d-c33384303e10,Zzzzz dsd💞dd👏zzzzff😭faded 💞sr s,4
a543db31-efca-4e42-a09d-95661dc0aa41,Password my account,5
9d26d669-e1fb-4e9b-9fd1-f7d0e2a3e4b7,This version of messenger is the worst and most useless version. You can't access your account easily over other phones. What if you lost your phone? You can't access your account and so many verification that are unnecessary. I hate this update,1
53ec661d-da02-4f15-aea6-70a39ec227ed,Nhig,5
363f921a-a97d-475b-aad8-adccd0a52106,DrupFDsq,4
80e95d88-e8b1-4f0f-8e33-454ec3dc4094,Very nice,5
19de6e21-7a63-4b01-bc97-ff1dc9ebcd30,Good,5
a57ea278-4d53-47c8-bd8e-1d1f3fbb7f2c,Its disconnecting everytime wjen its 1:30,1
a9584fee-8acc-44fa-a264-04474422cf6b,1/10 NAWALA SONG NOTES KO😠,2
4f02a652-6d62-4cdd-9817-c74f8e9f828f,Potangina ang panget ng messenger nyo 🥰,5
8917932b-615e-4179-974e-fd7f5acfdfaa,Good apk,1
f8afe3c1-8702-4ae9-8d09-061d94722393,Paltu apps,4
5e27d16b-a472-4384-8c31-9ae3ec66b8f9,Just,5
d3f758bc-ea91-4112-9710-ffa96edefbdc,Good,5
292847e2-3d97-4544-a0d7-30cdd22bb8bc,I'm ok,5
dbbef122-7097-495d-be91-b3dbdf2d5194,ok,5
21079258-d831-4ed5-8e46-99e0993044b3,BRING BACK MUSIC NOTES!!!,3
290772e5-2281-47ef-9552-89dcde3f9ffc,Its ugly App,1
b9486e0a-7efa-4013-bd28-3476459f630d,Poor experience,1
98034efe-d548-474e-84bd-9c225eb1f8e4,I don't like your end to end encrypted my messages was all erased,1
60786b77-e404-4075-9be6-87ea89ec24b0,"Ww) ko. By the way I am UhN bi ggtuu to g hi until,,",5
1ebff929-9bff-454c-a64b-8081e8c04eea,Good 👍👍,5
45005bd9-8225-44f7-a5f1-860c1b12e7ce,It's very extraordinary canecting app..♥,5
89b70cb0-948c-4703-8eba-67d5c74b7791,Goid,5
1b7c6c3f-6869-48de-83c9-3b0bd69d61a9,I need to updated this apps,5
399c8976-5402-4637-b5a6-ef24453946ef,آصف خان,5
a064a5d2-f6d0-4cc9-9d4f-0f033976d526,Better,5
706f82eb-f663-4192-9a53-0f556ad7e839,Owo,5
e52b92e5-27a5-4420-a409-99995772bbd8,🤟,4
19281191-5214-4b0e-82b9-3a5f5b2557f6,Your pages from Facebook can not be link up to your messenger 😔,1
5f7189f5-a1e1-44a3-8c9f-5d9438db867b,Bloody hell Network problem all time,1
90005d7b-4039-4ac4-b72c-a94ee63d67de,Asan ang music sa notes?,5
c37be886-8ffc-4e61-9215-f0b4b0254308,"I like the new update of messenger and the newest emojis, but I don't really like the chat missing history becuz when I log in the pass code my pass couldn't log in.. So pls will you remove the chat missing history.. And I hate the end to end cryption.. Pls remove it.. Thank you",2
2bbb2532-0f4b-4612-84c5-4fbd39a9a1fe,"This version is not good. The ordinary conversation was automatically replaced by end to end encryption. It is difficult to back read or reference some conversations because it was forced to reply in encrypted. If you want to improve security, think another way. Another experience, conversation are missing or deleted without your knowledge.",1
99c21af0-6a7c-42b7-a2d6-536fc4fbc780,Mustafa Malik 186,4
36bf6361-f174-4d0c-9f32-0642c3add63f,Good,1
25d30873-0060-4c8e-b2a8-65cdfe2521eb,its okay,5
b90b6f17-cd3a-4838-8a91-05ae615f6eec,D nag poprocess ng maayos ang chats simula nung na update,1
b571b25e-309b-4739-9d29-09247c0ef0d6,GOOD,5
1a122bfc-c18e-4556-b327-c0db245445bb,Well since I updated the app. I can't find my notes anymore and too much bugs!!!,2
652a4a6b-e8fd-4560-8ee4-0ffb91eaa958,ok,5
21dd784b-4924-419b-ac82-3a63258337fb,Nise app 💔🥰🥰🥰🥰🥰🥰😍,5
f5ac10ae-483a-4fef-a2c7-575b4c80b985,Why I can't update new version messager,1
935a11d3-9f03-4b2c-b398-7daaa6571c96,cause u don't track hackers an get them off your accounts and Facebook too,1
a83fef89-8471-4ac7-8026-75d6fba16da0,Maganda,5
4299cb62-79c6-415e-b79e-8688e56d02d4,Excellent thanks,5
9d9653b0-3f45-400e-9066-dd77718ddf3d,Mokla mi lopsi yup rilus,1
6ff112ec-4204-480a-bbc0-a7aef031f313,I really enjoyed to use this apps😊,4
de27813c-8e4b-448f-84b5-926274d5e3fe,Trashhhh app,1
a6bdf71a-94b9-49ec-add1-9f28f6c38368,Remove to snyc,1
7393b098-a5a0-4557-926d-33c8fd04ee51,Cool,5
ba72e942-b321-43e9-a225-ee139093ed1e,"6l,",4
77a06b76-5327-4321-8755-1c613c408042,Good,4
085a1e10-b706-4759-a83d-e5b3423f4d96,Worst of the worst after the updates. cannot see the list of chats.,5
4a7fa37a-dcc8-4bc3-87db-927a7fe914fe,Good app,5
989a3239-c441-4300-befd-dd709af6690c,Its ok for messaging,5
22cd21a6-a259-4ce6-9e23-c5e46a8dedec,Good app,5
0594f108-4636-40f0-a4db-e7ee3d6a4142,My files won't load,1
c4b5fc53-dc16-46d9-95ce-34fc468b59c3,Great iys just video messenger that isn't stable,5
facf32fb-a5c8-4942-b759-01718f49aa7f,repote poblam unebolok,5
664db15b-299f-447a-9172-bd230d642a48,Very good,5
a0d09719-463f-4f41-999c-1c874ed3f4f0,Perfect 👍,5
b4c765bb-ba72-487c-aa9a-564bc3be7b93,Good,3
f03ffea9-75df-409a-855f-6723f7bc5240,"After an update, I was unable to open any links sent to me in messenger. As soon as I tap on a message with a link, I only get options to like the message or respond with an emoji. I've uninstalled & reinstalled several times and it did not fix it. It even happens with the messages/links I've sent other people. *Edit: Now 3 months later 7/4/24. More bug reports. Same issues. Shouldn't be that hard to fix.",1
e734eb0e-38df-4ab9-b599-a2b112079b91,usable,5
fce07a94-cc43-4414-8deb-62c564d443a1,Walay music sa notes nako oy,3
1088e4e7-2590-49a1-bcec-646176865fec,I get good response 👍,5
3a1dc142-1ed5-475d-b41d-2b9779dde1b9,Good,5
edd46a5b-7166-4491-be97-f56bee45bfcd,I love facebook friends,1
2b956a3b-4fd7-4d94-9f28-4f5d36e9bace,Good Aapp,5
e6145277-dbc2-45ca-b6ea-6d6309f5bbad,good app,5
c8058f0b-0639-4684-a2b5-8579b4107b5d,Download media pics ... wazzz wrong,1
2a6b6531-cee3-4ec8-86c2-061958b19dd2,"Issues loading messages and functions not working . i.e. archive, delete, unsend. don't work.",1
4b045488-888e-4619-8756-af4e4775d711,What a poor performance... Troubleshooting always occur.,1
2e33c658-a5da-4b05-a018-81647319347c,Music notes?,3
a242e2c9-49f8-403c-891a-b88abbd8a2af,Ampangit ng messenger nyo -100 kayo sakin,1
8ec701ca-d65f-40a5-a34e-5a7192cd07df,Good,5
9291ad98-7999-4dc0-80ec-fdf7bfaa05dc,All messages are encrypted and old messages are gone now. You should give us option if we want to encrypt the message. This app became worst and worst 🤮,1
2d59917b-06dd-4f18-b082-7e12d8f397e7,Excellent,5
10c7d029-2405-4010-9267-356b79bd84c4,Good respond,5
4ba456be-7fb4-4184-a04b-5025d560387f,Nice,3
862d4095-dce5-423b-8bc2-97811f93298d,Love it,5
0a3d36cb-40f9-44bf-a87f-2292c59c9e7a,The new bug in the latest update is awful. The gallery album selection doesn't do anything now.,1
a3d91f44-57c9-49e3-91b8-6454818c10ce,Nice app,5
cbc08636-bd25-445a-b92d-d95de523b45f,Nice app talk to tecnology,5
9d956534-b261-4ca6-8b99-9d66bebb3486,This app doesn't work it doesn't show you Facebook,1
70c64699-134a-4d8b-b3c8-abe63fa18a97,Why did you remove the music note?,1
8791822a-b8f1-4014-bfe5-927815145d32,verey good aplication,5
f9b22c73-8a6d-4b55-b0f6-0ec50be5bae6,Great apps,5
2fb3c10c-fad0-47a7-a815-87a3f77c6128,openup,5
e2f31dd3-eea1-4e01-ac51-f184eeccdd1a,Good,5
e13e19ee-640a-4320-884b-6939e56792f3,ASAN MESSENGER MUSIC NOTES KO OY,4
e23aa323-a6d1-448a-b154-47cd1cda6952,Wala akong maka chat!!!,1
4a21d1c0-339b-4362-8532-152ff37d42fa,this messenger is trash,1
9f25b211-a72e-49a5-b99b-fd268b0e9b0a,လလဘညညညညခခလညညိာတတဆနမအပ,5
fb6c549e-acb9-4c1c-80c2-7e7ee53559fc,Heyy back the notes with song make it better please,2
cd784537-1ab5-4e45-8075-f2c74554794e,"Why (TEMU) keeps on popping in my chatbox, are you kidding me? This is Cyberhack lowkey. Expect a lawsuit if this persist. You can't, mustn't SELL MY INFO.. 1star for you",1
3c35141c-bf7b-4672-adb4-9bde65265e57,Alhamdulillah . . . Very nice . . Thanks a lot.,5
d7fe0c7b-1537-4dee-ad41-54e3f11e84e6,Yall broke the app bruh. Not even the search tool works properly anymore. Bring the old versions where it wasnt laggy and broken ://,1
ec75e108-7942-4df2-93fd-7f8987244b73,Is to messsen to your friends and family and meet new people to talk with you,4
cf46a8ea-59da-4955-9640-2cbcb927b2d6,Galing nmn uwu,5
a1a1ecbf-d5ca-42cd-a0fe-e711ecdff806,Care,5
950ac696-3810-4e47-943e-bf45da3aa16c,Easy to communicate with my friends using video call in messenger,5
131869ab-00ce-4c5f-9a99-524cecac8cde,Good 😊,5
bde07a4d-a819-463f-a918-6cbf680d28dc,Ganda,5
d65af401-c7f6-45b8-aeee-d6a27b418bff,Es muy buena yo desde que empecé a usar feybook la tengo,5
2e08bd1e-9fc1-4989-8636-8ae757498c66,Very nice,5
b57d9205-1cad-47a2-af72-8ff6aa6bb7ee,Go,5
f826c451-c9c1-4909-81b8-1bb336803e39,Abu bakkor,5
b70e9561-ecbb-46a0-82b5-328c2753c1d2,They do everything to block u to use it from browser while this nat.app is a lot worse in functionality than the actual messenger. Like for example.: Its 2023 and still no webp support. Cant load ramdom vids pics that are sent to me. And so on ... Dev of this app if there is any are deffo not doing anything,1
c0937796-ec66-4ca8-a2c6-9c4acec008b2,Fine,5
c0cb0af5-06e0-4662-b7ac-12a2eba6fb03,Is not working,5
dbbf40e4-169a-47e2-a234-d27e7b5da1a1,This app is very good to sharing,5
c45ffb2d-98bf-41db-8715-da2adf9b176b,Its good,5
130fd946-c084-4d95-92f9-107c2e657111,Abishekkhadka,5
88f82341-bd42-450f-a41b-69f56f3c0537,"This is annoying, like VERY annoying. When i am offline the green bubble wont dissapear, some people think i am online but no. I suggest to fix the green bubbles. And when i video call or call someone and i want to play the games there, there is nothing. Its a glitch and i get annoyed when it dissapears",1
dc5e34e2-219a-47cd-9f4d-b28354090f36,Very bad experience what's up is far far better than messenger,1
b6dafa3b-029f-4858-bab1-2463d62f1a0d,"conversations just keep loading, some messages are not sent or received",1
5f586b77-e383-4a5c-b03b-9fa8b50db9fa,ভালো,5
51e00192-60d8-4ed6-8dae-e847055e278e,Tồi tệ,1
fc25215d-6d54-4b49-8f0a-2c9a9a467657,good app,5
82b6376d-e0df-4575-ab95-8bd40f283f50,why my message automatically delete when i deleted messenger I hate this new update.,1
4ed0591a-983b-4cb2-99f7-bc7818455111,👍,5
47f28a68-b647-463d-9217-2a95846dff59,Best,5
dd7e3d73-0c1c-4fad-b0b8-cc78fef9c109,Nawala yung mga messages ko😭😭,1
278e7f18-014b-436f-922c-a5ae1da112c7,good,5
3d0b4455-1933-426e-92eb-412d14948786,Sucks and hangs,1
0b4c0b8c-c700-4368-8c6d-183d8f4ac4af,Lag,1
fd1e604e-c5a9-4d4a-a640-72b25be52176,"It sucks, note doesn't appear on my Oppo",1
24b29234-0a64-4465-a654-86e11d9bab70,Lots of chixx hehe,5
31dae7ec-7452-491b-b38a-4d570fd016a8,It's very useful and i can update my note easily,5
a89f37e0-0a06-417c-bdae-25d495edef5e,...like...,5
7f1d086c-4fe6-4431-bfdb-3624925db114,Why was the background music removed from the notes? 😭,3
3764cddc-f90e-4799-8e97-1e0936912211,Its cool tho❤️‍🔥,5
b5578370-8d37-47d7-b501-91cbf39881d2,This app is the best!!!!,5
4a6849ad-f112-4c5e-8d71-a81a9a78e535,I can't find Friends option in messenger.,1
74857b4c-da03-430c-bab0-4ac7aa0b5c58,This is so much fun i keep making this good and i love it i also make emoji cats on it because i love tiktok so i like this thank you thank you thank you 10/10,5
361f055f-3e99-45b2-b608-e1900a68dcc4,End to end encryption is a sucks! Walang silbing update lahat ng chat nawawala ayusin nyo nmn yung update mga walang utak!,1
4a94b8ad-e39a-4ef2-b467-7404d2c029dc,Don't think,1
663eaa86-9264-49fa-97dd-c712f2148e78,i uninstalled my messager because my messager is bugging and the previous convo got deleted and i dont know how to recover it i hate this update end to end encryption!!,1
b0c96e09-931d-4a2e-b080-709eb4c2a40c,Worst update,1
5b34c6e9-3ef2-4f80-bc9d-a9152d688196,good,5
8e8a8145-b21b-4f44-b795-0a7f96e63245,Everytime I I use it I have difficulties to use new app,1
69955f47-ebe7-47e8-930d-5d68ec1bd03c,Good,5
94b14cbc-6d51-44df-a2f7-18992e5080fe,Asns Ahead America is 🤗🇺🇸 USA live cricket T20,5
da9b5cd1-85f5-4ab4-b7f3-0ee62a25927e,Amazing apps,5
aaaf4110-6fbb-4581-b423-e876ae1ec98b,Will not give me any incoming message notifications whatsoever until the app is opened then all of them flood in all at once.,2
a1d7de87-6760-4293-959a-9f16b9528578,One day lang yung music notes?,1
33b09dc3-f301-474a-9701-404b6f8e43f1,No lie clarits,1
d96f56ac-9a33-4000-a721-d006e55a5a36,"ezww xse Use the edit icon to pin, add or delete clips.Touch and hold a clip to pin it. Unpinned clips will be deleted after 1 hour.Welcome to Gboard clipboard, any text you copy will be saved here.",3
c6c981d1-f416-41a5-89e1-468fa0c8e174,It has gotten better it still is not a secure app.,2
09977386-6e2f-4ebf-8650-bd9ede3c496e,the new update is really badd i lose all message on my account because of the end to end encryption please recover all my chat,1
824c8781-835c-4336-90ca-a50c1a5cf800,While trying to make a call out doesn't go through and will not allow me to hang out up,1
d69c045d-069c-43d9-9bed-4d37f8da68cf,Very nice app,5
96ddc91d-eba0-4245-be7a-d7fe971fdfe9,Alam was,5
c5d6573c-605f-44d6-b349-976215b82c8f,This apps is nice.,5
59308266-d6cb-481a-a82b-832be01c2ccb,Good app 👌,5
d3886123-bd6c-4b81-9d88-080847e73f37,Damn end - to - end encryption I can't see older messages.,1
cfe128e6-e0a7-4f9f-8bb2-da65d2628f3e,"The notes is not properly functioning. Even though I deleted it, but in some other users they still see it.",3
86e28789-a178-4e0b-8c3b-34059beb09e9,Pabalik Ng music sa notes,5
da0b9604-62e9-479e-8c01-f083451d1e2f,Pls yung notes,5
12f377be-c4cc-41fd-a98f-140b1295a8b6,Walang ka chat haha,5
bffeff92-1b1b-4f03-bf65-2f3d6799ca96,Rajakumar,5
9d9db982-80b3-4a59-9ccb-d81991113374,Very good and I will be using it a lot as it is easier for me owing to me being in my eighty's,5
76bffc23-d5e4-4ee6-ac3c-fe8e62f78a81,poooooooorrrrrr,1
f891b571-420e-4f53-8e44-0e86526d543e,🤍,5
81e5f69d-c4dc-45c9-ab5c-5e9c9c14fcf6,Loading,1
377922a4-719f-4de8-ac1d-7061097c34f6,Bhot pasand hai ya aap,5
8d95becd-0c3e-411f-b20e-6a26da501bac,Messenger always crash..even I install old version..what do I do,1
4bc271c7-c145-4815-a97d-2f0b9ea77791,Super,5
f6dd61ee-576f-42b7-aa73-4f8f486a5234,Ug,5
4474f27f-e939-4b48-8ded-9acf55c9cb32,Ok,5
f051eb89-9b7b-415f-9715-bd699f3c3194,Wala lng,5
0253f5d0-e252-4932-afce-b4bb7f524e35,"BUGGY, LAGGY AND MANY MORE ISSUES Please remove end to end encryption it hassle!",1
a510ac78-ad6e-4c1d-a557-ab1dcccce797,the end-to-end encryption is so useless. all my old messages are all deleted.,1
792247fe-efe2-4ed4-9f8b-605923b82d8c,"Worst update ever, i can't be able to send message, it's always on deliver mode and i can't also receive a message",1
a774ad69-4178-40df-a7ce-d1c14838d935,Easy to use.,5
b8602e6c-9bec-4857-a94c-7bdf299ca4a6,"For the love of God, fix the copy and paste issue. It's so annoying. I cannot highlight and cut. Y'all typically send out updates every other day, but now that there is an issue, I haven't seen an update for over two weeks. Smh.",1
dd3c3084-ae60-43ba-adac-564fdc83cccc,"I lost all my convo because of the end to end encryption, pls remove it and restore all my convo.",1
33508942-23b2-4760-8039-8cc2c5441c7c,Easy& fun!,4
a48f0437-faa5-4dea-b441-32cf32f8cbb2,"Need a rework on how fast or prioritize notifications, my phone has been constant full vibration and all notifications and messenger has the habit of popping the notifications for a messege or group hours after it was already sent, this is not a good app",1
2a309ff7-94e3-4d02-ae0c-1c335acc9669,No internet,5
58d268a6-5061-4e76-bd80-216711fc1cb6,Faltu,1
de7192c8-8df3-40c8-9261-f8b0dc176327,Sometimes it won't respond,1
def4d0ce-deb5-4ea4-970c-74d9237a401a,"After the update it's so hard to open the app, some photos are also missing",1
4a1f2975-44a7-48aa-b30e-5a99ddee8f2a,Nakakapiste na messenger napakabagal puro update bwiset kayo,1
a0784f4a-a820-42b5-ad57-b0b7b94ac4fe,Excellent,5
751c004b-1613-4fe4-b5a1-402ac422c24e,Ok,5
3dbb140e-1177-4914-bf63-8d8698337cae,"Messenger is good, but I hope there could be an update for sending files or documents. And also, to pin the important messages such as group chats for works, since I use this for work.",4
574d8739-0da2-4dd7-93e2-e66f3b0a5085,This is a really great app I recommend this! But I would rate it only 4/5 stars because you can't share a song note pls add a music note!,4
9da450bb-6258-4a19-8c92-060ae0a5bc06,Recently Messenger is showing different issues at different times. Though it's not big issues yet very annoying.,2
7a5630c9-dada-48c9-b1af-bba8775929c3,Does not put short cut to home screen ! Not impressed,1
5b102662-d058-48e7-8ddd-f55c654b7ca5,Vandra Trail,5
2f051b5f-9793-4b20-b268-f529493dfba5,"why make an update that seems more complicated than the older one? also, sending messages are delayed or not sent, doesn't even save your draft messages",1
11869b81-9021-4e88-aafe-ea90e99e2856,Wlang music notes naka ilang update naako dapt my music notes na,1
9983d1a0-619e-4485-86c1-30e40571108e,This is a great App sweet.,5
7eef21fd-4ac6-4e56-be84-a31a453ab3fa,Frustrating end to end encryption,1
eb0e11d0-0507-4991-8c3f-dffed437fd97,Putanginamoka messenger,1
7b23afe3-8554-47d3-bd1b-3491bc399463,This is the worst app that I have ever had want let me know when I get a message then when I open the app it tells me you got a message may take a while to receive it this app suck please Go back to the other way that was the best app.i am on marketplace trying to sell something but my app will not make a sound to let me know I got a message c you fix that for me please. It's not good having to open your app to see if you got a message are a buyer.,1
a959e340-fb8d-46a5-855e-e5d50fa0618f,Awesome possum!,5
bafc8632-9b58-4013-bd4c-56d104e68e71,Good one..,3
10c02af9-692e-4be8-baee-1fc26f9c1578,useless.,1
e4d1368b-2af9-4fbd-9eec-9c07aff0f32b,"The app doesn't support a good condition as if I'm using it, definitely it screw me!",1
f5b64191-4615-4d1d-a1bd-1c8f48fd54c6,Wala five stars lng,5
88dabe9e-3ac9-488d-ba82-3f288c46ef87,Good. Love it,5
50beba02-1676-4aaf-b757-db6d7bc6debb,i can't read my oldest message for my school purposes 😭,1
875b3b90-ee02-4044-9a60-fd32aba768e5,Worst App of all time.,1
8161c7ef-d712-4dcc-92b8-5958211e7a84,Blah blah blah this is useful,5
de9a3dc1-f829-4ec2-8126-7048e02903a1,Very good,5
0f708279-c543-443d-8b8a-ce4b78fcfb75,ကောင်း,5
8da2260a-ebd4-4d48-a5dd-bfbbebdf36cd,Good,5
caa8952f-37e9-4e4f-aad0-0080c344ba50,Nice 🌹🌹 🌹🌹 app,5
74292c3c-4b3d-4034-a627-2494db0aedbe,Abdullah Jan,5
9a37ae22-f644-44d9-bf4c-ecc722eb5118,"Nakaka usap ko si crush, ay eme",5
e234118b-0aa6-4ccc-9c2e-cb4c450f427f,Superb,5
efceed4c-05c1-4cbf-85cb-fe2f967d144d,Good,5
e1b5eaf3-782b-4652-98ed-c109fd466706,Good!!,4
2b811ad5-f9d5-4279-a2ae-628ead0e6fb9,Good,5
cb09e983-bb05-4bcc-8956-60e273066ecc,This app no good,5
4e81f72f-598e-481b-84df-b4dcfffcb917,Perfect,5
62b8ec49-ef1c-4054-91c4-f976a5b3a6ab,Better when you needed agently,2
b3f80062-be30-45dc-a85b-32025ea2515c,Good,5
66770810-b23c-4d55-af87-3c7aaf9958e4,"because of end to end encrypted update, all the conversation are deleted and i cannot add nicknames to my friends anymore.",1
84aa410b-2dbe-483c-be36-38c97066dbb3,Very good,5
48f00631-be8c-46e4-9fd8-7c9926d4b78b,Good one,5
27057b77-73c7-4917-9211-a93497a95541,Good,4
ae273bad-628f-4010-8480-2b7488b3664b,Nawala lahat ng dahil sa End to end keme kaurat,1
839716e8-388f-4e50-bae2-586f80c3a4fd,Wow,4
88a24264-965c-4b7b-866b-657b95b98dcd,"What the hell is this disaster; I can't search previous messages properly, files becomes unavailable to download, people you chatted with just disappear. It's a mess of a messeging app. I can't believe people are still using trash because I still have to use it.",1
19ab296c-8776-4730-994a-b9d24efd3ee4,sana mabalatuhan ako kahit kunti,5
67b95da0-fa82-4aeb-9308-07b185adfda9,Bekar varjan,2
7e0cbfc7-6681-4820-8dfe-6f014b9381d0,I need a help to avail a pabahay of PBBM...,5
2269daf5-b149-4e82-86e3-3003881e85b2,I can't open most reels or links shared from Facebook unless they send them as an sms instead.,2
0a384b48-7dfe-436a-adcd-0ce816e7a14c,Good,5
095209bc-7553-46d9-9e05-660e1435319c,Nice app,4
abff3855-d62d-4fd4-bd7c-e268c6ed6e9c,PANGIT NG END TO END ENCRYPTION👎🏻👎🏻👎🏻 NABURANLAHAT NG CONVO NAMIN POTA,1
70ffc60d-4478-45cf-b854-4496150d040a,nice aps,5
f4ed9dac-9c62-4da3-8e92-8cbf5a03ec40,good,5
97e72e23-ca42-4774-b83a-2870c2c359fc,Amazing,5
c6fd8e07-b758-49b2-b395-7ee9316da762,"Everything is good, like normal, but when I make a call, I get a yellow screen. How do i fix it.",4
6345a376-86d1-4b45-af9a-a6c25963c255,Good quality,5
bdde3f17-409d-494c-b7e2-36402871ffde,ano ba 'to kailangan kopa umitim ng sobra para mahalin ng totoo,5
53bc7853-c51e-4c1d-b305-08ef04122c1a,Very good Messager 💖💖💖❤️❤️👌🏻👌🏻👍🏻👍🏻,5
f5a39163-f7d0-4afe-996d-5db97f514020,You have really done well And we still love you. You can do more sir ride on. 👍,4
f6042d87-7224-4312-be71-3b5394c53b03,Bravo,5
296f6c62-9671-45a6-b033-0fed60dc9ea8,Nice,5
f09f3fe4-96cf-4fe8-a209-343071261bed,تحديت اخير مو حلو ابدااااا تشفير محادثة زبل صاير شو هاد واحد ماعاد يلاقي محادثاته رجعوه مثل مكان صار مو مريح ابدااا,1
000ccbd9-f226-4c92-a9b1-43c3046e5e44,ITS GREAT BUT THE UPDATE WAS SO DULL,2
4575aead-a067-4975-96eb-2c8b115fe7c2,Nawala ung filter poor,1
84648d54-dd8b-4775-b55c-c037cd630459,end to end amf,3
6caf3ae6-f343-4f7f-b787-20205b9b3c82,"wth I can't even send messages, picture & videos!",1
8359ed1f-fa6c-4b78-b3d6-11590491195c,Please need use my account success messenger not share,5
46360f9f-2026-48f2-bf14-132f714290a1,No notification alart,2
1754c1a1-a7ce-48ab-a22a-c31bbbfa4deb,Very bad,1
8642be24-1946-4904-83cf-4bbbcded4d97,"Crashes time to time. Messages are stuck to ""sending"" even though the internet is stable.",1
c25291cb-a198-43c9-929a-afc4cbfb9e92,good,1
1cadd455-ccba-4a22-ad0f-d987dbf0017c,Good,5
e05f4d83-c324-4465-bff5-7e3715360148,Worst update ever...we cnt evn see active status of online ppl now...totally disappointed 👎,1
af7166b4-4834-4428-9a62-fc6899430831,Good communication ok na ok,5
db0e59db-4ee0-4f94-bb7a-f47da30c2ea7,Sometime my video will be distructed and will not continue to play.,3
6a3e642f-ca80-4211-8bc2-db3950df4bc3,Good,4
bc01cd6e-b376-4bda-9e86-979ccc1690dd,Review my messenger so that you may come to know,1
20cd1c3b-c466-4a34-9f34-016e805977f8,fast,4
23540241-e4ab-4b25-b555-6b7fcb724718,Good,5
1645c96c-08f7-4064-b988-8508873b13a8,Excellent,5
2445c8c6-144b-4e2a-923b-b89e12b59fd7,ok na ok,5
cdfd3700-0ba8-4c37-925f-c5696849c1f0,Massager,3
52c2a036-59e6-45dc-ab00-a1497d3d88b6,Good,5
b23d3e4f-a118-4c14-9c04-1667b8ec6c98,good good,3
9f92a1bc-5ac0-4a91-b7dd-f0061f093078,Good,5
ce27716d-4f54-42f1-90b5-afe48dc44924,BUGOK KAAYO WAY PULOS YAWA PAKYO NINYO META MGA BUGOK,1
da3beb1f-dea1-471d-b614-207df13327d3,Nice Apple,1
bbcfce3e-f840-4c90-8a99-14ede1e7726c,Very good,5
02272af8-43ee-4b4c-bdac-4992580a5762,good,5
e04e8485-17d7-4175-a084-17bb3d0d8d09,ok,5
26902de5-7820-47a9-b94d-e28c8b39f83a,Nice,3
87917486-aa1d-4ca4-a2d2-38a07dc94736,the music in the notes is not working,3
2ad6ddc6-76f7-4c4a-97d4-42acc676428a,Poor,1
442bcacb-0033-46fa-8c55-ca77e71af8f4,it's okay,3
a84a05fb-8b7f-4d5d-a5aa-c4cd7426582b,so good,5
79c8bc18-6ef5-422b-a3a3-9014a900e8b6,I love this appss,5
8e9ac132-67ac-4e50-a7f5-cfc3041d4f11,ো যদঁ,5
84376408-937c-4586-9958-c1d69ac2206d,Excellent,5
ce5d22d4-c182-42ca-859e-9caee3bbcc1d,I lose my messages every time I get a new phone.,1
6e6ce4d3-d821-49c7-8125-6469d80601fd,"Written text goes missing while dwitching apps, can't copy text while writing it. Why? Just why?",1
5a6d7579-da91-4a49-9522-056d72424c16,What's with ghe lagging,1
f98442a2-8664-43ce-aefe-5ba5d0cf382e,Good,1
42a6c9f1-ee97-47a7-ae2c-5442f46ebf9c,every exiting,5
0a72a69b-3345-48e5-a61e-17731865798f,Excellent,5
8d48d16c-fcd1-48d8-86ea-cc813611bd39,Ok,5
245a18cb-68d8-4613-8f32-cefc0a865932,My watch keeps vibrating during a call as if I was receiving a call,2
b41bc4ca-1d16-46cc-85fc-71c23a6f68e4,"More likes ,reactiers more follow",5
6b4b0985-e638-4412-9ff2-1d2ae8366174,It's the best but not with fake friends.,5
da41b625-51dc-444e-bc58-0e4f2da51619,Small JOLLY,5
95f81419-3af5-44f0-9412-06f49a6a9807,Messenger often can't switch accounts and requently not getting notifications. For a company as huge as Facebook this seems a little bit ridiculous how buggy this is and how long it's been like this...,2
216fbb28-a9f4-4fb3-852c-7082807a730a,Good,5
e5d8be78-567f-419d-acc3-dba150e6ea97,-1/10 tanggalin mo end to end encrypt di ka nakakatulong hmp,1
1d003da5-d804-4ee0-ad1d-68164d6fc07a,I'd like to fix it. 1. Notification is too slow 2. Security is complicated and annoying. 3. Fix people related to connection 4. Photography clarity 5.,1
5d12adc5-e157-4249-8a08-a6610eb16655,Trash,1
10fb04e9-522e-4fb7-89ae-0731cb03ba54,UPDATE,5
5f30104e-054f-429f-88a3-f07f0be91e5d,Nicely app,5
866d0f83-0a26-4301-beb3-e3db0bee59b8,My old Convo is back and my new Convo is gone I give it 1 star bc of the end to end encryption,1
77bdc08e-284f-4c50-b6bd-aed29eab2e03,Har har Mahadev ji..... Jay Gau Mata ki.ramu.jaat,5
666b697b-53af-4807-bdcd-a343959f9fb3,Excellent good for me to used,5
0a99806d-6c62-4469-8308-d766901ae91d,"the End to End Encryption sucks, please remove that feature👎👎👎👎👎👎👎👎👎 messenger is super downgraded now👎👎👎👎👎👎👎👎👎",1
a7d806d7-e055-4391-bd29-c5dcbf66b8e2,Stc sms center number,5
619ac2ef-8e1b-4713-80f2-6b15b9ecc4c7,"Why did you remove the add music features for notes? It let's others know your music taste, the essence of messenger I suppose to connect with people through messaging, and adding music to notes adds personality to your notes. Please add it back.",1
f31e3416-e086-4c5f-8f4b-39e89575507d,Is there any app i can use for massaging? can't send or receive txt. If there's no alternative then Facebook will be useless,1
b92a0c03-1b85-4c15-b741-3ca166317058,Very good,5
e9c7ce62-10ad-45a5-8fde-7c8039f90c5e,Huh?the update why i cant use the music?is this tve update it suck,1
c45a1771-8dc0-49fd-81aa-594930214679,"In the past few days, I have been annoyed because I cannot select text while composing a message. Is this the new security feature of the application? If so, it is quite disappointing.",2
fef558b4-5d63-40a8-acea-838d3977b9a1,can you please bring back the last version of messenger ;<. Some of the files and media even the search history is not visible anymore.. Why? Because the new update ;<!!?!?! HOW I GONNA SEE WHAT I AM TRYING TO SIGHT??,1
513fcf23-b48c-4210-8b42-adb58b8da525,i have been trying to update my account but keep processing,1
2f1fad1c-139f-4bba-98c0-fe337b57a8e9,Minsan loading pa update,5
5717de7c-3480-47ee-970c-796f0ebd48fe,I AM nepali 🇳🇵💗🗿,5
e21b4f36-fc01-49d7-a423-f87b331bb7f0,❤️❤️❤️❤️,5
3e1bc8f8-bb00-4e16-8f88-49e212f49de9,nice,5
f4cf1611-ee1b-466f-872d-c6e230b6f385,Excellent Dude!,5
2be4c189-7113-4bcb-9fe3-b4efbd498bb0,Excellent,5
194a8674-39ac-4346-adf5-c9bf2780f887,Good,5
b505dd9a-6e2d-4f89-9398-f9b59d9727ce,I wonder if you can note musics,5
cd3cc53c-e038-4da8-b425-558ef8c0df00,"cant even download it now because of always updating. plus, this end to end encryption making it worst.",1
9685ce08-7dfb-4035-81a9-614695a8dd8e,It is alright!,5
6fa75609-3aef-413d-b9c4-d2c7edc1712a,رائع,5
8aa2407c-5f86-4b23-89e2-f36a2e683bce,Please put a music in notes we enjoy it just like in Instagram 🥺,1
bbab03e3-acf9-4186-b8f4-6aa6fbf9a72e,Whats happened to this app? Used it for years since meta its gone downhill fast.wont even launch,1
d0ffc95c-3b3f-473f-91aa-bc2d7b7ff94c,them Don try,4
4446c178-2847-4f99-af4b-5d3926529e38,Very disappointing...all my important messages are gone...how can I retrieve it,1
5d2fec6b-b5ce-405d-a59c-688e37ee0b2f,Greatest,5
89a62c01-03ac-46c8-979b-f3642a6500e8,Too many bugs,1
5d45cf88-2b34-420f-b5e8-6a570383d112,To much info,4
f3f3e19a-0786-4849-9fa0-1329c94e26c0,This is getting worst after an update,2
f7e541d3-eb62-4631-92fb-e0d4a5d45bbe,Hillo po,5
f563ef83-f235-47e3-92dc-dabb528e14d6,Locked because husbands terrorizing me,1
98aaefb6-9f0c-4eb3-8e09-2a5b3068d740,Good,5
c4b0ab67-157d-4c70-8c7c-5034989aba1d,why does the lock make it impossible to read messages?,1
6688af3a-3851-4c7f-92ea-b1ef5c531b6c,No complaints from me.,4
9cd4351f-d3f0-4476-969e-72b3ee6e7c79,Good App,5
2932b89c-4055-44fa-bd21-a0d04a195007,Good ok,5
f5d76872-4a26-4011-b9e3-1d7c5d012533,"Just remove the ""End to end encrypted"" thing",1
c59cc42f-69ce-403b-9bb2-6a1c3cbe98ab,Absolutely piece of trash with hundreds of bugs and absolutely unnecessary features,1
88cf8b11-a8b0-4a98-9bee-0d70994a2362,Verry GOOD apps,5
7adc3a97-fa3a-4fba-b3aa-b689cb97b6cb,Worst update now my messenger is in ruins,1
cbdba0cf-f173-4299-a4d4-072aec725a3d,I do appreciate the developers of the app,5
4e2fabda-9c3e-42e0-916a-d8262b71b635,"I dont find end to end encryption useful at all, and it doesn't give you the choice to restore old conversations. My messages stay on ""sending,"" and then it would just disappear and never be sent. Fix this, please. WE DONT NEED END TO END ENCRYPTION.",1
ff9847c0-6eeb-4a81-b8eb-52887f41279f,Good.,5
f76df9f9-6813-4299-b0ee-5a6569cfdd71,Ok oooooo oooooo to get married or next omoikhuen loooo,5
8c4889bd-a03f-4b93-bbca-5e3faf2e44aa,Armeenoo ankah,5
976bb33d-4231-40d1-b311-fed4d5aaed95,"1 star lang, Wala akong music sa notes eh",1
d8e49035-04c5-4ae0-a04b-6dabd6eab4f0,great,5
6097497e-2795-4f60-abc2-88b3841edeb7,سيئ,1
b8f4b5a6-66a5-43fe-a3ec-ca071abe5a8b,illi.,4
9664a582-7389-4c54-8b97-8822a5554580,Good,4
8515f0a9-8a98-4ec9-8cf8-18542cb2ae09,Greate,5
a1d63903-c104-45a8-aea6-a2fcac464d20,ممتاز,5
3e73fff7-4315-428d-824e-33b6a905d0dd,Horrible service app doesn't work more than half of the time,1
8b2debcd-8dd2-4d2a-808a-a57299218ce7,Not sure what they keep doing in these updates but I can't make calls on messenger for any longer than 5 or 10 minutes without it cutting calls out. Even on full bar 5G it still does this and it's really sad because it used to work flawlessly on half of 4G.,2
0a3cbe0e-657a-43a6-aab4-3247d1c3abe8,Poor security,2
fccc3337-cf3a-4156-8802-74672ba84fc1,It is really helpful,1
ca47178c-ee94-4cca-ac45-45204aa45613,"Trust me, this app's latest version sucks... Trash it please... Just wasted my time and data to no avail...",1
b77101e8-5754-4af6-9b48-ec0af7c85a62,Good,5
d6cd7754-99e6-4cca-9364-9c8bc843dbd9,Not use chat head . Chat bubble is very boring and unbearable,1
96ac033e-0509-4b87-9e3d-2656ab85a8f1,Seems so very fast and I really appreciate it and happy holiday to you and your great team work 🤗❤️🤗❤️🤗❤️🤗,5
68472e23-cf62-4cd6-9301-b05a31d438da,useful,5
836167dd-57f9-4b03-9fa2-08333ab57927,"Always glitching, I can't log into my alternate account anymore, there's certain things I can't do on my alternate account that I can do on my main page.....very annoying. At least MySpace didn't have as many troubles!",2
11b764d5-520b-4db2-b5d2-00d938af0ee2,A good app,5
0bc86448-1f90-4c6b-9e30-d0d89148420f,very good and nice,5
279f50b5-cd5e-4418-bb13-9fb8b1c9c875,Nice,5
5f5e9065-b148-422a-a440-a090e058dbc0,Good,3
bf3c3bce-8495-4aea-896d-c8fad3455266,i love 💕 it🥰💖,5
e30a917f-a5bf-490a-918c-1a74109316e7,It works perfectly no complaint about it,5
7950ec85-f83f-402f-9814-18ca5e4989f3,Excellent app,5
6487bcaf-0182-4755-be9f-e6ed130006ba,nice apps,5
17769829-f18d-4f08-a5bd-8482ba327903,for me messenger is good,5
d781751d-27e6-4d02-a7cc-9c138598c225,Ok,5
95f63c91-c264-419d-9b8f-b57dbcfacd65,🔥,5
8da219e9-7207-41e3-bb88-3e85515f5e43,Likeit,4
4643b9f5-a73f-4acd-b84e-fc084051e988,Good,3
af52d87a-24bf-4ea3-8193-4de570d62709,Idk.,5
5a12c04b-1f1b-4722-8bf9-1148d466e248,Relatively simple to navigate,4
6f489535-caa6-4880-8bbb-89c3b02faf3f,Love it.,5
5aedd566-20e3-4b7c-ab72-6f4279fe00fa,"This has to be the crappiest app ever. Trying to use Marketplace; but every time I finish viewing anything and click 'back', it forces me to log in and start my search again. Infuriating !",1
31a698ff-6289-4916-b046-2eea90f5bca7,Farmers,2
6c7c2317-80b7-4ff5-9976-80f44cc9623c,Exactly,5
557db36b-1f5f-449e-8fcd-6300bfeaa637,can't connect,1
73755c0a-d74f-4b6e-9ca2-12a17942c952,Add,5
6431f73c-0dbf-448c-a085-69ac0c693fa8,Good,5
6114fe96-4e0e-4b5c-acdf-c0171d649a1b,Good,5
cf6b67db-07dd-4879-9fd9-eddfd0a09732,Not working properly,2
544337db-df1d-4fc3-9deb-adfc3654dd61,ไม่มีดาร์กโหมด,5
03f157b6-1fb3-41eb-aa40-15c7a1c5f5eb,You let 3rd partyies spy on account's,1
8c75e7b6-89b4-432f-a6fa-616099103cab,My messenger is not working..,5
5acfa8e6-98b0-411f-a8a0-65feb0b6786f,This is very use full,5
f48d8867-1842-4be1-9b28-b0ecadf2bf8f,Lagi may bug wala na nga kachat may bug pa,1
a8a6babf-456a-4c4c-a0d3-ea45fa437aa1,I like this app,5
bb5dbf90-0800-4c14-b595-72402962bab6,App works as expected.,4
deda9dc2-8f99-4d7b-97ee-fda236f9adfd,"Facebook security, is SO bad it's worrying. Thousands of people are being hacked daily...businesses..personal accounts.. yet we all subscribe to that idiot anyway. It's no wonder the only people thar use it these days are 40+",1
7898d070-cd39-4627-a494-ffaa2b34cef7,The worst app ever,1
b284d0fa-d575-4c03-9b09-bd24508e3e7f,Technical problems horrible echo's noises,5
40e18d97-14bf-46eb-bae8-65b612c752af,😅😅😅😅😅,2
f6013e3d-883c-4761-863b-58a7748d393e,Mga wla kwenta dto budol tong app n to s snave nlang download bigyan Ng 38 haha 😆🤣😆 nganga,1
2548f0b4-3c42-4948-84be-68a7c7a1c178,everything worked fine until the new update. fix the problem are I will delete the app. very soon. last update didn't fix anything.,1
a38a5eae-29aa-4825-8a9f-9c7962c4d7f7,Excelent,4
33d0b906-1521-47de-941e-54db03fb1321,Ford most part it's been pleasant I don't know how to use the things in messenger but I'm trying to,5
f6101647-387b-4633-b4e3-31184a75511f,Good,5
3c8f3cc3-494d-4583-8795-ed42eca1de24,clear and faster than I thought it would work out better than the last week,5
7c7ce255-d1ef-4331-8363-c9b675bae695,Love it,5
6d7c613d-68cd-4b5a-ad88-e8c170e022e5,Good,5
d2685796-0268-4d0d-a95b-700c43224c0e,Awesome app. If you don't have it. You defitinely should get it. ASAP,5
d9c53684-a980-4853-a753-da719d0a9517,Good,5
a6bf5c71-20fd-4b02-9627-7f614aa6a896,All the time you like us,1
df838580-c59c-4d49-bf4f-9b9952e90068,Excellent,5
202a49e2-0310-4a82-aea0-85926d48a3ef,Love it,5
83378d31-120a-4986-8f2d-3af381a1fa0d,Very okay,2
e2f6d464-6c93-4ef3-88fe-4b587b7582b5,"was great, then the updates and bugs started likes to tell me 'message not sent' when it did send, and now it's not loading incoming messages half the time, says 'message loading, this may take a while' and never loads them instead",1
a655f974-b9c8-4123-957a-cf5172ce1fc7,excellent,5
811ef170-eba8-49df-b10b-692be5818fc8,Trash,1
7a59c6cb-afbd-4b91-b1c7-837383eafaac,Bolok,5
e5c31edb-4f9b-4d0d-8c6d-a4bdfa6ad3c5,Memory keeping,5
12654ef2-05bb-4c15-8394-1bd4d3e30c27,Ttyt TRL I can get it to you yesterdayo Oh oolong sddqzsssaassdd,3
f4d1a574-ccee-47d9-bcf7-09629a6b5a31,Thank You Lord Jesus Christ for your Love and Mercy and to Your faithfulness.Thank Holy Spirit.Thank you our Almighty God in heaven be Glorified.Thank Meta for your kindness and concern.God bless all who Pray and support my sharing and content.i'm sorry sometimes I have error in typing and also I can't reply all my friends due to my schedule in church in my households and personal nessisities.I thank you and God bless us all always.❤️🙏😇.,5
9ef7f6d4-ea76-448e-8d15-b68a507723a6,"Still can't change the notification sound for reactions. Of course, I changed it for the messages, but whenever my message receives a reaction, the app plays the default awful sound that makes me sick.",1
2070ec36-95a8-49e9-b012-3dc5e6c1284a,very satisfying,5
c81c411e-9d16-47f5-b316-a7d94f7e8100,Congratulation ..😊,5
2d20e4bc-0a79-467b-92c0-613510a53ab7,The brat theme doesnt work😭,1
2d2aaddd-9692-40dc-af4f-ec12bb024e61,"Please remove the meta ai and i can't see my friends who are active, kindly fix that",3
01d9bf6d-0e30-4793-ab03-4640e4016f30,I have no good filters,1
c7a1d29e-48b5-4090-9078-da1b99dd5ef4,good,3
6ab6a32d-1c87-49f6-9ca7-e50d3d826ad0,"issues recently inc. a No. 1 notification on the menu button, but when I go into the menu & go thru all the options, inc all the settings, I can't see what the indicator is for & I can't get rid of it. Also not uploading photos or videos to chats as expected, eg I uploaded a short video which took ages, but even when it appeared on the chat & playable at my end, it was not actually delivered until a day later (2 days later & still waiting on some others). This is with wifi & data enabled.",3
a4439dc1-d8f1-4840-9725-90b8b0ee8e81,Nice aap,4
985a6a99-2e8f-4aea-b719-79373cd32833,Excellent performance At all times,4
0a0fe56e-298c-4edc-aad1-b06094289006,"Nice.It's good,",5
5fe123ce-e2d6-47d3-9997-765aba3f36ef,Nice,5
38b58673-a9a1-4252-8593-d839be729062,Bahut acchi service hai bahut achcha chal Raha hai magar koi message aata hai ab do teen din se update mang raha hai update kar chuka hoon fir bhi,1
5ef5e750-6abc-42e2-a95d-13286ac1ccd2,Just user friendly,5
9fb579c5-fcaa-4353-896f-43ae557511fe,Hacker using this appp,1
4b0c9657-997c-4a38-8715-95298556c56e,its so ridiculous,5
af648aa3-b12e-4639-a64b-f7afac0f6ddb,"Your public figure making of me , endangered me!; enabled a gang tp murder my family members, and defraud my governments laws,via fb,omg.inc and minecrafters.. in a time of family loss and duress, and allowed,gang targetting, rape, murder, arson,stabbing, and the loss of my family home! F thorns not enough!",1
0322eda7-fa45-4c31-b692-e8936a35d5f4,There's no note,1
9beb5112-4996-4f9f-8b1c-4c4edd32476d,It is easy and fast,1
56f8607e-97ba-4509-b470-59f42c820cb2,Best,5
db66d255-f020-4cb5-a3fd-8ffad1360250,Very nice 🙂,5
99918630-b51b-434f-bb71-c9ede23121fd,Sorry sir I am not good video sand failed issues a raha h buhat Thanks you Solved my issues,1
3acf8395-7c53-46bb-a303-53109bcb051d,"App has recently stopped letting me highlight/select text to copy or delete etc. It briefly highlights when I long-tap a word, but immediately deselects before I can do anything. Very bothersome. Otherwise, the app functions well; I would give five stars if not for this highlighting issue. Please fix! :)",3
0c56eeae-b012-48ee-aee1-35ca03e59962,Cannot view some messages,1
29acad3c-9b5d-4fdc-b82a-da8a4a0d33eb,Nicw,5
22c5226a-c0f4-4c65-8f1f-c7a4d6ed67a5,Fb acct camelsoramabana,5
6ef70ecc-5dd5-41e8-8278-6ea2a57808fa,"No effects on the video chat like it used to. Plus when I'm offline or log out I don't receive my messages people sent me when I was logged out. This is no good ,😡",1
5a3aa754-93ca-402c-9bfa-314fca4b469f,"Whenever we try to message someone's account on Facebook, Messenger opens very late, and similarly when we want to update someone's Facebook profile from Messenger, Facebook opens very late. Dear team messenger, I request to resolve the above issue as soon as possible, thank",5
81d24223-13a8-4dba-ab02-c7105c1f6deb,Happy,5
2963347d-2cfb-4c38-b981-dc9c2ae91846,Many messages are not being delivered to my app since getting a new phone. Please fix asap!!,1
a3efcd7b-de49-4e0c-97dc-ed69453a4273,Soon,5
01869558-a03a-4e3a-845a-eb6ae2d55305,What to do when they still your phone your cash app card you Ca I. D. And my old phone has some one else information as if. They are the last owner,5
42c2f42d-8b5c-44d3-8f08-c1a217870142,Wonderful,5
ccd2c645-b371-45df-8506-857f377eec6c,Blessing Lizzy,1
e686e05f-fe32-4b5e-bebc-8a0a7a36b0b5,Good,1
9d7eb1b6-685f-40fd-a18c-5d351f6aa30f,Good application,5
1cec5315-59ae-4009-b551-84bfedc9e13d,nice,3
7c8a28b6-45d7-4dbb-b413-73f474a7ecac,"Messenger is useful for looking at Facebook messages. However the app constantly crashes and just now it uninstalled itself from my phone right in the middle of me using it. It's funny that this app always updates but never improves. As for 2024, my opinion is still somewhat the same. Currently, I can't send any messages. I'll send it but it's just permanently suck on sending then when I leave the chat, the message just deletes itself.",1
ccd6dc24-03be-4d98-95ba-1e77825c7413,Excellent,5
83020e19-14b2-4cd1-ac4d-f910687c41d3,Now all of a sudden my app can't send pics or vids. No update. Ugh. Couldn't just leave it alone.,1
90e766ed-28fb-487e-b5cc-d39a29d6292d,pangit ng updating,1
6ee277f7-1d1a-4d39-b16b-bd8b6a48adcf,Good,5
ddb2bbcc-2b93-4ea5-a8e1-d9066c2d59a9,Good,5
5b8a6773-b0ad-4c70-8c23-ba813a83319c,Good 👍,5
cdf45e06-e59c-49c1-a7c9-a3757831fbb9,can you please remove the end-to-end encryption message? and restore the new and old convos.,1
fd0acc22-bb19-443f-8582-3b7188d0ab48,good,2
6bcf2354-8d45-4b51-9cf8-6c6c6cc23519,Very good app,5
5a989480-74d8-46b2-a141-04b3031fb10e,Had my first angry angel energy drink and it is fantastic tropical flavor is very good and it makes me want to try all of the other flavors,4
106c6797-a770-4a0c-ba80-93fdf27d06a5,Ilikethis apps,5
e5ef8a8e-aa74-41a9-a853-f5bb9cfd9df7,Good application,5
d4f89d1b-741f-46ae-b09f-694f94a646ca,Y music,3
9fc2ea2c-434c-4ac6-939c-059fbb181d45,Good,5
314d31b7-c42c-44f3-bde2-b2595a6b8d3a,Nothing problems,5
5c52966a-a6d2-4957-ac3c-0983312a1ad2,"আমি,মুতা,হোলছেলদেই",5
da317709-8518-4bfb-be7c-05e9ae6ea17f,Wonderful communication tool,5
65607927-a518-4d4f-b70c-3ea9a6740df3,This app irritating me because it can't access to remove unwanted freind list from the app 👎👎👎👎👎👎👎👎👎👎👎👎👎👎👎👎👎👎👎👎👎,1
37b6bad9-96ab-4c83-9397-7880b26bb3f9,Nice app,5
29952684-1faf-4df5-b500-0d37d6b32b10,"insta is surpassing y’all? I can't even believe it.. insta has a photo, songs feature on its notes while y’all don't.. such a shame bruh.",1
8e718ee2-438b-407d-afbc-12df7558f6a0,Happy use,5
5549447a-10bd-4e11-ac0f-89fae0f40bbc,Excellent,5
1fc80d20-95a9-41d5-a5e8-a8b2909c73b8,good,5
0817c6c3-d895-44bc-bd45-38df6543410d,It's a great way to reach family and friends with a personal message😊,5
a15f6862-af11-4de1-85e0-d521911bf07c,Excellent,5
684b7fdc-9714-4821-88e7-8bb75d31ef2b,"Changed my profile picture twice on FB and deleted the oldest one, but for some reason Messenger still has the old photo as my chat profile image...how, and why? Would love this to be solved so I don't have to see that photo anymore.",2
a775117f-1a57-4060-a46b-effdfc6df919,Good app,5
565168bf-c746-45ae-bd1f-ad686950ddf1,Awesome.,5
4bf945f3-5d59-470a-815c-8c0a392bc10f,Interesting Online Messenger App ETC.,5
87832382-7c0b-4845-8c21-f750a47a708b,Good,5
24cc4d50-4d74-4a2f-88de-77674d2309a6,Good,5
654be123-ec64-4353-9103-ebc388c7cda3,INCONSITANCE,1
7de817dd-15f1-4422-8149-e2598bec531a,Rogia J seapo 💯,5
fd94fdc4-e97d-4047-84ab-ba37beb8934b,md mojnu 5. 7. 2024,1
a415f886-a90b-4e4b-b22a-e7ed310fd4d7,Shaila parvin. Fashion designer & 21 fashion house,5
9928088c-5a5d-461f-9dbb-d5e04aed1c49,Disgusting app,1
e11b42ae-5e42-4ea8-9307-87ef9e36d552,"bring back the old messenger. can't see my messages between april and may. and, i can't search a word even though i know there is a word containing what i searched in our convo. please, fix this asap.",1
de717405-bd2f-4606-9c7d-0f82937ade23,Ok,3
44f943f9-c564-40a6-8041-fe760e6f93cd,High n low frequency not constantly connected,5
76a46746-00aa-45a5-ab69-2ea2df7e943a,pangit ng update naiinis ako,1
c2c96d6e-4ca1-4f2a-96ce-0c6ac33af8d6,Messenger just does not work,3
9f158a7e-21b0-43f5-9a4d-4ab2ead70dad,Ok,5
8075514a-3c1d-49b0-b265-699f9f3a84d0,Best,5
27a4cd6f-8888-40a9-9da2-afefbe54a611,Good night,5
d12ac458-c5f9-4f9f-8cb4-21d5f99ca910,Op,5
d2143b9a-564d-4e6b-8f91-bd031c08a70c,Nice,5
37067cd2-4b7b-4ec6-824d-e2e407ed34d8,High,1
e323dc75-7630-497c-ba89-6fcb0c376fa5,"Useless app always stop ,stuck, slow, not working and team never solve complain 0 rating",1
9e58730d-07db-4ea8-8360-5a1a1c2f2b22,"I didn't rate it much that is because there's so many bugs that i encounter, while using the application, i hope that the developers make it more useful and not keep bugging",1
3fea95a3-5318-4729-911c-362952dec60c,Waiting for this message. This might take a while 😐😐,1
2a37781f-c3c3-4a1e-b9e6-8ffe523bbb0d,I like this application,3
a79a1504-abb8-449b-85e8-8ce814d2d322,"Thanks for this platform, because when my child was in Japan in 2018 on a class trip ; I was able to communicate for free. It was such a huge relief.",5
875b3cb2-7ed8-4346-8812-d098af85508e,How can I reset my end to end encryption pin when there's no such thing in my account? Worst update ever,1
4847d3ef-ee65-4ac4-941a-e4761af7cf8f,Exciting,5
baff0def-bacf-4474-840a-dcd6de20e36b,This app very interested for my. It is very important for me.they are cheting for another so nicely.,5
2022a7dc-ce42-4e46-bf48-98a09a804dd1,I really love this app. It helps me to communicate with my classmates.,4
b94f377c-e7e3-4b71-882f-fa9f7b48725f,Can't send and received any messages today,1
e2a296f8-a877-45a1-ab30-4e5cb870e96c,Good to use and convenient.,5
90714745-17f4-43ed-8391-1060cb554346,Literally the worst most bugged app out there,1
b8e374a3-43a8-4ab9-9420-f608033b7356,"Another bug nanaman. It doesn't let me copy the text and paste any messages in the chat box, like it's so nakakairita😭😭",1
6ee7ea03-c15d-4fb3-b60c-b851adfa4c36,😊,5
e7bb2d2c-2443-4340-ada8-57ca6421ff32,Secure app,5
010938ef-8285-459d-aac5-373ca63fa373,युवराज गुर्जर,5
99f62023-f093-462b-bc5a-7704bd5c0c96,Simple Tao Lang at masipaf,5
53a837b6-8dc0-4e96-8d13-0bc1de111dab,"Address: Street, Apt, City, Country/Region, Province, Postal code",5
119a4a12-ad8d-45ce-adc7-9c5e4c6a262e,Disappointed it's rated E for everyone. Would like it to be teen so you can turn on parental controls on to prevent from downloading.,3
70dd980b-0302-4824-bab2-2a52a99d7e9c,I enjoyed the Gifs my friend sent me! Now I'm not getting the Gifs!,5
94da7b4b-ae7b-42d4-b4f1-ac139bd89850,Good,5
496a8e61-439f-4376-a631-3a5aa40dbe59,I Like this Messenger,5
d97599e9-9eda-416b-8dfb-4566d07989ea,Jisan,5
bb216276-fd95-48d0-90e0-db829954aa4a,Worst update?!!!,1
c5a9a64e-80fe-4b0d-8627-07d7e25fb48b,Update plz,5
89a0bcba-5ec1-4f42-b743-7a158745d360,😘😘😘😘😘,5
e2a38f57-1de5-4a01-88f6-017a005baef5,"Just garbage now. Unable to send. Wrong version. Whats up with that? Some days good, some days bad.",1
b91cfd2a-ae72-4320-9dce-f91083ec0f4a,Doesn't work! Please fix your last update.,1
9a0bd39d-9f3a-49ac-876a-7940892cc1b5,You can't accept message requests without replying.,1
e8856fd8-c57d-4713-b345-12f471d873aa,KAULULUAN YUNG UPDATE NIYO NA ENCRYPTED EK EK.,1
b2f7f600-9902-497e-a3b0-0951ad76181a,Very easy to use,5
4d193c44-3c85-4900-ab16-d329ead9fb12,Nice,5
35122dd2-35fc-4c33-b594-6a28dab9af1a,Garbage...glitching a lot. Not sending messages. Notifying me 2 hours after reading messages. Not pulling up photos properly shall I go on. If you offer things make sure they function.,2
6a161b54-deb2-4c61-a0b4-172b4b9ffedb,Good app,5
88e2a6c2-5772-4380-8183-0eafa33190b1,Messages cannot be read,1
5ac75881-5677-4695-aad8-f550447be180,"recently the messenger has already music on notes and it's kinda cool but rn it's gone, hoping that it fix and it'll back^^",5
a4f7570a-ade2-4092-9b1d-ed5ed3424a05,"It is so nice,but it keep telling me that it stopped update messenger",4
586995ef-540e-4f66-af86-72fc72c58872,"😃vgxgxwAa,fsaabsdwxbdd ba acsa",4
a17ea3ff-4290-4b48-a38d-bb2c47f874bc,call bug,5
2a7f30e3-c109-4cfd-ae13-17cefd6f7d36,supper,5
aba41547-0dac-4900-8c15-60c4f9280e01,Gd app,4
92f5b64e-c764-4d02-b7ee-3fc5e1da74f0,great,5
ff383682-3919-4f47-8314-0496d1643a5f,Image loading sucks,1
f38b9df3-a649-452d-9017-41c263598fa1,Not so good,2
ed6f6cbf-b1dc-4005-86e5-1b46b0ff3aa9,Connecting or waiting for network problem always my moto g34 5g phone showing. Please solved this,1
46b5a5f7-8c6d-4cbe-893d-19c0b9b8e883,Like this,5
b3ea6529-030b-4444-a68f-e57930024ed6,Pangit ng end to end encrypted nyo alisin nyo na!!!!,1
a89bc33d-0bbd-45d5-a08c-c3798c3f4a7b,Our messages suddenly disappeared. Lols. It worse.,1
b7ee1e96-9872-4c70-a133-f0fb0eb93505,I can access fb since,5
f4bdb8ff-f9f1-4cb5-ba56-c194a0abc003,Getting worst after each update.,1
0b704593-39c9-4368-bc4c-bd36db8d2914,Why I can't up Date Messenger,5
9e285355-f5dd-4d84-9c37-a84d9dd29a8c,Good,5
c48b1c90-20bc-4ff3-9865-abafda5a3f74,Messager pblm,3
f277962e-2391-45e8-afd1-f1ec5a310f21,You describe yourself.,1
27854084-3402-4219-b349-e0fb4c1235ff,GOOD,4
aa0a8cd4-445c-4a1a-9ac6-8c67cde8f88d,very good app,5
b0f40c9a-f321-40b4-bd5e-fecf389994b1,mast mast,3
8a66975e-ddb3-46fb-89b9-6e87ecf03e65,In last update end to encrypt my experience was too bad😞 Please close end to encrypt,1
85a987d9-be25-4fdd-8424-8a45f7c7e753,Excellent,5
8fe4ad5f-6f04-4b3d-8ecd-806c4c0df849,"hindi ko na makita mga na-pin ko, bosit u mark 👿",1
9a600939-e291-4430-b55f-fb8446110850,Nice Apps,4
1be96572-9da4-4c26-bd74-2a4feb25d80b,"I hate this latest updates of viewing your previous photos and other media files it requires your permission to use data or what and even does not appear when you needed it on purpose. It's so annoying can you just go back the older version it was easy and friendly, unlike today😡",1
d2298b43-e903-4631-b665-81b8aec872b5,ভালো,1
64a0eae1-ea24-4599-bbc2-8cc8c660a820,Good luck Pakistan team,3
28650c20-e43e-4c4d-a307-baab7a3e224c,No mejusta esa apilcaciones,1
6e9e63c7-6879-47cd-9167-897f65e6a064,Cant message to any one.,1
07c50dd9-5727-45d3-94d0-39ca74ed661f,worst version in messenger is the end to end encryption.,1
f89532d6-07df-419b-a5a7-edb6292c184d,Nice,5
cba7cf54-3066-4e8b-9cc7-f09f17839c9a,"your new update is annoying, what am I gonna do to your app? useless app.",1
9a81259c-1545-47cb-b46b-86efc8ee00e6,"The reason I have Facebook is for Messenger. It used to allow me to delete records of calls from chats, but not any more. Bring it back. It was so useful to get rid of things I don't need to keep.",4
31e6aff2-7e93-4087-8982-c69fa75c6f0d,Great ❤️❤️,5
58c53478-cc7f-441a-b53a-ff584767cb71,Good App,5
1e20cb44-4fb2-4336-bca5-13a810ab5bc8,That's good,3
a086e990-faf4-4619-8b16-9c0763faec7b,Easy to use and enjoyable,5
93baeeb7-5e11-4e08-b1c6-ee73426cdbdc,O.k. thanks,5
2160be9f-1414-4a35-89a7-beaadf738db6,Best,4
18444d80-5ac2-4d79-b580-3c0e9babe460,Pay,4
54899234-fb9a-427f-a7cb-6cb47497f24e,Rahima akter kudum,5
b8a08a30-6da6-464e-b965-c261f5cbaa7a,This apps is very useful.,5
ce27f0c4-f6b7-419d-8453-ead6a5ca6405,Good apps,5
ec4270f3-cbda-4abe-a86f-21aeb9497f40,excelente gracias,5
ad155575-7b41-4974-aa41-689ba5ccd909,zin Mar,5
c817be18-ba6c-4b7d-b629-cc37aea49b2b,Costume bagrawond option please,5
2645cdc3-7d29-4f98-812f-98ccb27bedad,thinks,5
5290cc01-55f0-46cf-8dd5-fae1b0d9dc89,Good 👍,4
bb1eeea4-1dcb-4c8d-b9c4-a5b92bc9ef37,Ggayyrt,4
bb909fe8-fd3e-4151-a597-c73696825c72,I can't even send my pictures to my friends and family without messages saying unable to send then it says to not load high resolution image. Please fix this immediately This is unacceptable.,1
b757bc4d-1f76-4957-8a30-d79e4142ec1f,Overall good on how to use this app🥰,5
177a4426-ea95-4dd6-8d3f-d00412137c66,Nice app,4
45c4d5b6-66b1-473a-823f-6bf4074212aa,Paayos wala kaseng kausap hahahaha,1
7b70969b-47b4-4f18-ada6-c078c2fab6f4,❤️❤️❤️❤️❤️,5
870a6078-6356-459a-a1fd-0c4a8b826524,Please don't disturb my phone ok.,1
837544c0-4313-4a0d-9827-7d2f918926a9,Shehryar,1
ca4cacb5-ec79-47b3-b598-39a740c2d231,Please remove this End to end / Message sync option.... It's very annoying . Always shows when I login my accou in another device . Idk there's so much need of thisss.😴,1
b06e9c06-e679-441a-9dbb-b94d582b444e,Good,5
c5bc991f-a2ab-4a96-b5f1-9dde583b20a7,🥰,4
bb6b617f-b72b-447e-96bd-f0e7eadfa63a,Adarsh,1
48f44fe7-a30d-48f8-bc00-477ec39bdcb3,হুদাই ইনস্টিল দিয়ে রাখছি একটা মেয়েও নাই,5
8cd795da-dae5-441c-9eb5-ff245b29a484,ok,5
dc4d6281-0fb4-45b8-bb53-73240799f17c,Satisfied,4
f527a69f-3a40-4816-9ca8-624b509a5e81,Best,5
75fdeeeb-ab5c-4554-bc89-a0e050305d81,Ampogi ko,5
09b19790-4e84-42da-8e6c-e8c031c432fe,I can't put music in my note,1
fa66474a-dd75-4ea4-bb8a-ca584d0760d0,"Keep getting ""unable to send"" when trying to send pictures",1
c9449150-ac6e-4589-b339-d8605be801a5,Verry empress,5
05b2a9f4-0c92-4b1f-b8c4-6828ae0ca6c6,Hindi medyo ok wala kasi akong kausap e haha,4
11b9062a-7f4c-4628-b9c2-ce1c2a2b5876,very lagged,1
4eb3dbb0-66f9-4f5c-b323-5b9ab42264c4,I for now us the app,4
6dfc3cc1-7116-4e84-89d5-51799563f91a,"bakit late lagi updates sa'kin, wala pa'ko messenger notes 😾 ba't binura n'yo music ko sa notes ng messenger 😡",2
1b6f8609-ddfd-42a2-99c1-50f7585f0b50,Good,5
f917af89-1f0f-4521-b1c4-150b653c93b1,Some updates does not apply to some device.,3
ed3af0b3-ce0c-4d21-826c-f01626807dd7,trash,1
17289c5c-6f42-46cb-bf9b-de860dd40e65,"there are lot of errors and delayedddd, after clearing all the data because this app takes a huge space my messages from previous days were all deleted!! I hate your end to end encryption.",1
6d484506-9a65-4f7f-b35a-1b43372ecc9c,"The music feature was removed... Some still has it, while some not, please be a bit fair for all user",3
2ca4498c-b181-44d5-9f27-8b67e80dc6e2,",srg:6 》 h4,5z Amor o. M 5 s ÷÷>44||¡,¡6□",2
2ebf2f7d-8e7f-4e5b-96c1-47bac5babe7f,end-to-end encryption is not good! ☹️☹️,1
18dbd776-2ad9-4c2b-9563-2ea21c26c9d6,Good luck,5
daaf8951-6f9d-43d2-9745-66743449838f,I like the messenger to stay in touch with my great grand children,5
97f98001-a119-44dc-8736-db25bcac00b3,Great app but faulty,5
8f6c1999-1dd6-480d-98ca-f67fb18d248e,Verry verry good apps....👌👌👌,5
b25bf466-5a26-43d5-ae80-452c5e9a1b94,Why does my messenger doesn't have any music on notes? Very unethical and unprofessional and disappointing hayys,1
57bd72f5-0215-401c-8620-82df44f6060f,very bad end to end encryption😑,2
a50c986a-98d0-47c8-8ef4-90c91ffe4386,Very nice,5
67d57a1b-7de6-41a7-bdc8-6af6acef1451,‌. ‌ ‌ مرکز چچ.,2
10e763f3-775b-4b3d-a3bb-86b19d6164eb,Please let me install this app have tried many ways to install it,1
5a67b6f2-4f89-4ce5-aa9e-58ef3eb2a098,sometimes there's a bug,3
ab35a2dc-4749-4099-b44c-eac4a8d0a14a,Good,5
3ee8c978-cc7f-4b95-85e2-ff2601a6276e,"this app has the WORST update. I have lost my 3 months worth of conversations and important files from all of my facebook friends just because of the end to end encryption. This is the first time that I became really really disappointed in this app after using messenger for 6 years. So I hope that you can fix the end to end encryption thing, because it is just causing us dissatisfaction and disappointment rather than enjoying this app these days.",1
f3fe41f6-8b8e-45b4-a153-0324761b4138,"This is basically a good app now. It has glitches but for what I use it for, it works well. The calls work great for me. The messages lag alot would be my main complaint. But it continues to improve. Just need to get messages when they come in not 15 minutes or more later. UPDATE: Now in group messages it doesn't let me see who sent the emoji. I have uninstalled and reinstalled 2 times. Restarted. Nothing works. Frustrating.",4
c2ea8520-743e-4427-b2eb-07fb1d548325,Its awesome,5
1633037f-6bde-47d8-9790-7c613f9869ae,I love the messenger 🥰🥰🥰,5
68a6f210-5fc8-489c-ae87-bd1673d9d2e6,De,5
0545fad6-0055-4cc7-9e0e-f39c486c1977,plsss back the old messenger!,1
4f96fd90-8b61-4758-a592-b2a552f22039,❣️🫶,5
f283362e-8d0d-4278-8d7e-9f9628e1d471,Plz activate the app and send all my friends to the app,1
d36a1a99-7001-4c21-8769-c27cb0b1d77a,Worst version i cant even send some videos to someone,1
57a99e1a-840c-4a3e-8477-712341206c49,very very poor experience,1
7c8382c8-89b7-4df4-876b-2c066a29cbe5,I don't have to take a lot of phone numbers.I can just talk on there.,5
be8e8bdc-44d4-43ce-ac3a-f9839bb5bb5c,End to end encrypted sucks,1
583a4933-a812-4871-a409-0c250a5665c3,I don't like it.,1
0cca920f-b204-44de-9ece-9a3831e6a8d3,Good,5
a2f6329f-455a-48bf-b4c3-d25dc530404e,Good app! But why most loading and laggs please solve it first!.,3
50220a1b-7153-431f-8483-b2dfc8a97f14,so many issues,1
82f8cba9-d091-4f3d-9e66-a47147150031,bulok,1
83d2d18f-29f2-4790-bacc-c107aaa1b1aa,It was all good,5
224f8f1f-f138-4729-9de2-2452e6fee042,bat wala ako nong music² sa messenger yong ilalagay sa notes?,5
0b2835f2-e435-42aa-a5d2-f7aadb9b5a68,Good,5
f8e2f51a-ff77-412a-ad63-a968175364ec,Update sucks.,1
bfa7ef60-6581-463c-992f-16a00fb0e479,Good,5
c3dd0ef9-78cb-4df7-b66a-cacde7455c1c,Good Not bad Not as many chat options as whatsapp but it's still good The nickname option is one I really like Messenger isn't bad but it isn't the best also,4
750b136d-6187-4cd0-a750-4d1961a93af6,"My messenger has bugs in, fix my messenger plzz 🥺",3
643ceaf5-1ab7-4535-8357-b56ac4b11856,Tinaggalan ba naman ako ng music sa notes,1
376ec2fb-db04-4f4d-8863-2526f46be43c,good,5
c92b6e47-dc8f-4146-962c-becf3cfb76e6,all good before they invented the End-to-end encrypted.All the important messages I have and my friends/family vanished.,1
47d51f37-5c73-486d-994d-adf235898c60,😍,5
8e87e25c-1390-4417-8634-033b4414616c,Nice,5
9a27bd06-1a39-48e5-9782-b71d18140e1a,I hate end to end encryption 😭🤌🤌,1
7904887b-9266-4c33-987b-da66b60d497c,avinasih,5
42e68c33-b40b-4fe9-9498-65688a7e56fc,I don't need end-to-end encryptions,1
f5e74c4b-d0f8-443b-8e82-f9525366e9b5,Nice,5
7c461e09-6b8a-4b2c-97a9-c136203d541d,Umay paasa notes isang araw may music pag ka tapos ng 24h nawala pakyu ka balik mo,1
dec696ae-46d3-4c0d-9ee9-423db2fee06a,Love 🤍,5
4381a214-6dae-40de-a66a-ef795f6f34f0,The end-to-end encryption is really bad ngl. Please remove it. Please remove the end-to-end encryption. I accidentally erase all the date and now I don't know what my parents sent me,1
8d6e4ef2-c723-41fa-aa96-fe1212d9e48b,tangenang end to end encryption yan,1
5698358a-1284-4eaa-a64d-ba0ed34fd277,"umay tagal mag update ng sakin, gusto ko na ng music notes meta",2
f69bc0d7-cc01-4d9e-b3d3-3e6c7057125c,Adit kujur hh,5
7aa783a1-f676-4906-9da1-4d555b7ef66d,Ywa,1
c30c668c-0322-490c-a24c-e1fe0595fe35,ibalik muyung music 🎵 note koo,1
dc26bdaa-a566-458f-93e4-e68c45763075,Worst version after updating.,1
6b0bfa11-415b-47ff-a168-a8eece7124a7,Nice,5
ce0a196c-284f-4689-9fa5-98ef528643d9,Bulok di siya nagcchat,1
988e1326-fa01-4d20-8454-23cd335aa873,I think very highly of (Messenger) over other Messaging apps because this is so very easy and simple for everyone. I rate this as (Good).,4
530ecdfa-0264-43fc-8b71-78163c17ee84,"My profile has been hacked, my picture is change, the hacker is asking someone I have friended for money on my account. This app isn't very secure.",2
9b4315a0-a53d-4164-bb1c-50289aefa10a,It's nice I like it,4
ebbf7123-5fc2-4a01-b593-0cc3d1346c8c,Nice,5
33389626-a649-4635-bec0-16d2c1802957,i miss her,5
635da97c-45f8-4412-b2b3-944e932000f9,1 star la kay wara pa music notes akon messenger bisan updated na ☹️,1
03669b35-a2d9-4c2a-a07c-df26c2ac612a,Recent updates have caused my old messages to be missing.,2
65b47e22-2666-4cd1-8893-db93c9fb73ab,potanginamo,1
9053e1b0-4718-44a0-82e4-783ce928d6f5,It's sucks you don't need to put a pin I hate it,1
4fe2c622-24b9-485c-9dbb-3b2958c27bdb,Application is very interesting.,5
f2264e1a-b214-444a-b536-1939e507b69a,Bast apps,5
9411b7a0-39c6-4b6b-935f-cfc934ac5e65,worst,1
8bb83254-b41a-484c-9f13-794ae98eb21e,Very poor app,1
a44d17af-2144-4ec3-987b-1c544045e247,"THE WORST UPDATE EVER! ever since the end-to-end encryption has been added, it gave me big trouble in syncing my messages after I reset the app!! I forgot the PIN code and I cannot reset it! I tried to find the ""Reset Pin"" but it does not show up in my device! How can I restore the chats after end-to-end encrypted? Bad experience for me :(",1
43f56afd-8aff-4238-b457-ae2f3ae8bd44,Good apps,1
60a1eb04-4eab-4619-9afa-aaad2604cb6f,a lot of bugds,1
7e1c5200-c418-4e61-b9a9-99b1b885116b,Very good 👍😊,4
08a03c59-6079-478f-af06-93c84de17e0d,lre,5
1d19298d-f78b-4622-baf3-cc53df55a551,"Tanginang update yan, hirap, paki balik na sa dati please 😭 huhu",1
b015f3ce-5963-4ad2-9994-d99013918a3a,"Why i can't send videos anymore ? It's always fail with a message "" unable to send"" .. Sucks",1
562bfd66-7124-4902-b755-07d02bd70b28,Good,5
314ad6a4-3e2d-4228-b22e-9253be44020d,Slowly,4
16852388-d6ba-4a42-ac92-3ec9d94eb25f,Messages intermittently don't send or receive. Also happens with notifications. Also not showing my gallery correctly. Needs fixing asap. Edit: still the same issues. FIX THIS,2
1e3d7dea-a67b-4244-ac63-e35fcdf5dc3e,What happened bro my phone is updated and keep stopping from opening at the same time my messenger app is update too pleasee help mee i have important things to do now,1
79c7073a-c138-4f38-bb71-f488aeb646d8,Can't send images or videos now.,1
ef086ef5-e381-4491-958b-a31b7c4a5dcb,Nice,5
c3fa0186-d8af-49c4-9eaf-199241682199,Top,3
4b4d3490-3811-4f57-9a34-696573d084f0,very excellent,5
bff3eb3d-6cca-410d-98be-8c98cb9634f4,Gosh I can't open the app right now and keep on messenger app stop.. I've already uninstall and reinstall many times,1
22407871-d3e1-4d9a-92b5-fcc1a65040cb,IT DOESN'T LOAD MY MESSAGES,4
088ddf09-23be-4e5e-a69f-8233fafbad17,Muniyashami THANUSAN,5
ca4294d0-d326-4f6b-a565-c594fde8c0b2,"I used to like it but I absolutely hate the end-to-end encrypted messages as a feature. Most of the time it takes forever to load old messages, even the ones from yesterday or a couple days ago. There are times where I also have to review old files that were sent and most of the time, they all disappear. Also not a fan of the album feature when sending photos. I don't want to have to click on the album, and scroll through the the other picture just to view the one I need.",1
6afe93a8-d666-437c-987d-e38e69cb6417,Thats soo good app sometime It's get problem but It's very important app and good app best service,5
3b5bfd76-f730-476c-9441-d0ab48a344df,why don't i have music notes,1
16d31543-1f77-4832-a49f-4acc5b6685c0,feeling,5
7d5df08b-4742-4f87-860b-fafe3652a7c8,Help fulll,5
e1ddc653-392c-4c58-82d7-7e758be01001,Always update.,2
e17b78b3-d800-471b-ac45-fd775de178e6,Weird!,3
b6f584a9-9654-496f-9ce5-d40dd1f919f5,"End to end encryption is so confusing, I can't retrieve old messages",1
6514d6f5-ef60-4e3e-be2b-5e156d541eb3,good,5
c84122da-60f6-4e93-aa69-d7705a90ba55,👊,1
91402cbc-3626-43c1-9ffa-a151250bd683,Good app,4
01181343-0df5-4c5e-9aed-9fc6dd7c2b67,Because of What end-to-end encryption on Messenger I can't receive messages ... Messages are disappearing.... end-to-end encryption feature I'm unable to off...plez help,1
8c072b66-3c34-4175-a3ec-bd8d931c8138,good,5
68c8cb97-3f85-4574-b814-37dd687af455,Nice apps,5
62fd3643-4d1f-4e11-81f9-98f17a895b24,It's fast chatting your friends and relative,5
8333da28-9465-42c6-9c50-6ac38db26a74,Missmo?,4
566c37ac-edf2-42ab-a2fd-1b4f59d0202a,👎🏻👎🏻👎🏻,1
60dd770d-a969-4457-9a47-5ea7d065c0bd,Helpful to keep in touch with family n friends,5
a49db771-1caa-4752-a165-b588ce106cbf,VIP AP,5
37225487-72ba-40b0-8aa0-6dec35d7278d,My app doesnt worl that much,2
abea7009-576d-4678-a288-96a272e5488d,Wawza,5
cf53cbdb-cd6b-4fb8-8b88-22159ae4287f,Good,5
fc12f403-a271-4371-bf48-e380af10d00a,Bro the end to end I can't restore my chats,1
f011db81-3e85-49c4-aa64-8610e53ab565,Bad loging problems,2
8b10a337-aace-4f83-9071-0f4989262a9d,🥷🏻,5
ea94b444-4a11-40bc-90c3-905caf239824,Very helpful messenger to message our love once. To chatting friends thank you so much ♥️,5
099a9903-6495-4973-a944-b9d634d4724f,I like it,5
e306e7b0-5892-4e01-8953-889677c65ae5,التشفير 👎👎👎👎👎👎,1
faaddfdf-ec7e-44ef-b94f-3e5d067c9de7,So good,5
f8618178-666f-4a37-bb42-e3af40836a33,super satisfied,5
e81880b5-2cf8-4822-a4b2-ad31f1de8dd5,So many bugs,1
46e3933c-d6a6-4746-82d8-5ff2983d1809,"This app ar most helpful for communicate in the world... This app ar use a shear imotion to other ,,",5
9050d08f-ad9f-42a2-9420-eda917c110a7,Madari somica hosce kno,5
385acdb1-e4f1-4969-a062-5e9745d93695,sometimes it can't send a message.,2
b12df2c0-89de-447a-bf01-532512efdd4c,Good,5
855c021d-ccbb-42fc-a0be-5661afbc5f09,Great,5
10b84eff-4f02-4cb9-8fc7-a163349552b8,As,5
e25de233-eb95-413b-a111-04063a582058,Good,5
71676447-dbc0-488f-8ca3-9a074e2ad256,Like this,5
6a8d454d-d765-41a7-a306-474f99854a13,👍👍,5
bcf19322-e9a9-4a60-bc6f-24cb10ccdab2,Putanginang end to end encrypted message walang kwenta.,1
903dcf43-596b-4904-8049-735775f20f5a,good app😍😍😍,3
b3ca9aa3-ae21-49ae-96d1-06f4c4eef4e8,Can't reach a friend because of meta,1
17f7bc2a-b216-49af-a4e1-e454a2951f4d,walaa langg pake mo?,5
8b0a4ebd-8034-4075-8904-13da33fb723f,gooo,5
5e61b3c1-6878-433f-8cc4-b6c57de0ba00,❤️❤️,5
c8ecff77-b435-4fe4-ad8b-8faf31652836,I hate the new version of this app.,1
f6b3fb7b-fc44-44a9-be6a-c310edb194b2,The best for chatting,5
50c1865e-5196-4b29-8991-830f4bcb16a4,Best,5
807cad0a-6187-4a7a-a572-9900cf8ad5ac,"Messenger just keeps losing it's capabilities it's like it's getting a downgrade per each update, now you can't share videos in chat anymore",2
00fb2e46-0883-4142-9776-97cee0209923,It doesn't work properly I have tried send a friend a message that I have unblocked and the friend isn't getting messages,1
d7291402-1489-436d-a68c-ddf7a4d50add,So amazing So beautiful,5
56aff03c-4037-49f9-9afb-ec0ac0320da6,wala lng,1
7fbbfc7b-4249-41f3-be38-fcd1989d5f7e,Need the old version of messenger pls bring it back.,1
bf5df256-3c4c-4bdf-8881-272f606bd2d8,I love messenger,5
9b56ca3b-2232-4c20-b0e7-f527b12df1e0,My messenger isn't working please help me,1
c85b155d-9091-4515-a07e-2a0308b32004,pakibalik yung dating messenger ko,1
f9fd4fe2-d737-4ee0-acda-b78d3f428f48,ok,5
c42959b9-71d9-4842-9f46-c5f177b98669,Awesome,5
6c13e603-de3f-4d93-93b8-c492aec000ae,"Good afternoon, good evening and good enough 😊",5
1c02b98d-60c3-4d69-b91f-f726b689415c,Hahaha,1
b5c3dbd6-1c2a-44cb-9ca6-284f05675513,Good,4
6dc406f4-8311-4416-8437-a2b609725eaa,Pangit ng update ibalik niyo yung dati!!!,1
14919188-0101-4950-8c39-4c9ab0d199e4,Cant read the msg,3
6664c4fb-a05f-4ee1-af8a-ae5281165d21,When it's requires a update it says can't update,1
1ff44a41-957e-4905-8f9e-94ec75fd8438,This app is bugging so much i can't even make a call this app is bug fix this don't add anything just fix this app,1
530c7aef-0042-4619-bb7c-73fabcd2327b,and it's very good,5
39254e4b-43f7-490b-8a1d-5cb1a21e9ec8,I really like this it's private,5
740885af-afed-4727-ac01-4d29c7ca2e54,I liked the update that you can now put music in the notes and other things too you're doing good meta some maybe others are used to it yet it's a good update,5
baf09782-75aa-4f7c-b11d-c5c026430eae,why did you guys remove the music in the notes 😔😔😔,4
35638eec-d957-4300-8a1c-679af8851fe8,Nag karoon na ako ng music sa messenger pero bat kinabukasan nawala na???,5
4f51fc36-cad7-4870-93be-b84e54385502,Naahh 😒,1
dcf810ff-88b3-4f61-b6ad-bc03fbaf5aea,It's fois application all peoples use it,1
78b689d1-7ca7-4411-a126-b53aeed46071,Kizz one man show'z,5
75544a98-96ae-46f2-a36d-f13619a97ab4,"Thought my internet is working fast every single app in my phone are working properly except messenger what is wrong with this app I don't understand every time this happens for 3,4 months my Messages were automatically get seen though nobody have opened or seen my messages because of that I have missed my classes and now this my messages are not sending but my friend who is sitting with me he can send me messages without any problems and we are using same internet please fix it",1
0e38950a-ee09-47b5-8b37-ed74bcb46e18,কি একটা বাজে app কোনো ছেলে মেসেজ দেয় না 🙂,1
af3e5095-b63a-43fd-8e53-d853dd0919dc,🤖🤗🤗🤗🤗🙃🙃🙃☺️☺️,5
22916d24-41c3-47b7-a89a-301b5897f170,No sound for video call,2
9f31506a-8e67-45cf-8d51-a35c0507f403,Numerous updates are still not available even though I've updated it repeatedly,1
7685130a-dcb5-47b7-b6e3-d0adfddadd1c,🤪😍,3
e748ff4b-0306-40f8-98a1-f7fc7268a552,Why my messenger is no notes,2
28c6da56-415b-4e88-b25f-fd302c34c089,My husband Guadalupe Moreno Rodriguez is having a affair with amber sosobe and amber sosobe and my name is Antonia Alonzo and amber sosobe Metalink is using Metalink on blocking me because my husband Guadalupe Moreno Rodriguez is a Mexican and does not even know how to use the phone block he does not know how to read,1
08c3c890-f6f6-46ce-8c1a-29a355db6280,Yeyyy,5
f22d342c-bc90-4e4b-8f10-609b03df1175,Crying 😭😭😭😭😭,1
5c551069-1da1-481b-9974-ce7f5cc2acde,"Not very convenient to use it right after the update, whats the point of end to end encryption?👎🏼",1
71b77e56-1c90-4918-b297-b79786fff9f6,Dont have a notes and i cant share,1
381c3901-1674-4c62-9cfe-f83cd902c1ba,"Sometimes when I send pictures, the picture does not go to the Internet. The internet is causing a lot of problems, but the message does not go through.",1
f8214e33-76a2-4853-8fd9-57d6133771fa,Pls bring back the music notes and make it permanent because some of us people really like it:(,2
3ef6ca50-60da-4bcd-b8d2-4c2fcb715d02,It's awful now!,1
4faae657-af0c-4767-aac7-6836c967be2b,Support google play store,5
a30571aa-d539-4f00-9bac-d992cd0c1beb,Good communication apps,5
6d653b7f-770f-4117-b6b0-c656c50b86cf,"The new update on Messenger is ugly. What happened to META? Can't see if the message is delivered or seen anymore. Many features are not working properly. There are so many bugs that you can't even fix. Many have uninstalled your app because it's full of failures. Please bring back the old Messenger, the one that worked well and was preferred by people, not this faulty and rotten new update. Pukinang ina nag update² pa kayo ng bago palpak naman. Wag na kayo mag update kung ganyan din 🤮",1
d857a801-9dce-44ad-a07a-f9558bcce433,Very good app,5
a3da1f91-64f1-42db-ad6f-ca801fbdc2f7,I like it.,5
7eef037b-626e-426f-bb90-f780b232d3bc,good tel,5
64fb4d04-f72d-45a0-8fac-f5d4808d6443,Kamon messenger aktao me pate na kang daolot kren na,5
b6a05235-acbf-48c0-a8e7-399894432617,Nice,5
ed2c402b-428d-4662-8359-19dd188bcb72,good,5
5b7a7dcc-9dbb-4bd4-af1a-a9a3ba4b197a,bro remove the end to end encrypted 💔💔,1
c4a6a275-9777-44ea-b635-ce438f290cb2,Very very good,5
40942dff-4acb-42f8-879a-582f56ca4b91,nice,5
fb9010ea-c79c-4e18-9f12-3eaf91a2572a,sana po mabigyn ng music sa notes HEHEH,5
5439ee06-ffd5-42fe-aaf2-6fc390d1b8c9,pangit ng update mo,1
7cd858e9-5247-442b-ab24-288bf34115d9,Very nice and excellent app.,5
77e71ddc-41b7-4d92-b044-406161e5833f,Enjoying this 👍,4
67fd98de-68fc-497e-9442-ae110daed3b6,PURRFECTO,5
f817e292-26fd-4618-b826-30ce011236f8,Barbielat skibidi ughugh,1
32074f44-3e58-4c08-a517-5f8964c11b2a,I have reinstalled this pathetic excuse for an app for 5 times YET IT'S STILL NOT WORKING,1
d481467b-18af-4851-94ed-d9d396808e22,Good,4
8f29e3e9-d29e-4328-89fd-bac197d3c489,"The new update is so bad, the end to end encryption is so annoying. Please bring back the old messenger or make it better, I don't like this new update and there's a lot of people who didn't like the new update as well. I prefer the old messenger more because the messages didn't disappeared. The new update is so DISAPPOINTING, so BAD, ang I'M NOT SATISFIED WITH THIS NEW UPDATE. PLEASE KINDLY BRING BACK THE OLD MESSENGER I LIKE IT MORE WITHOUT THE END TO END ENCRYPTION THING",1
e3a29d5f-8c47-4e03-a4ec-3ab23906938b,Bro you're not the same messenger I know.,1
5b942d8a-bec3-4020-a951-c5eebf8da77f,Nice,5
2fe053c1-61f8-4ded-a8f1-56e7fd096e20,Exilent,5
5dc7ca0c-41ff-4a7c-b439-a077cee1a0d0,How to music note,5
93d310f3-8a91-4786-93c4-01d2f58248a0,Good,5
ec1fe75a-a880-427b-b5ab-e4676f839f9f,Ok,5
a053552d-600d-423d-adac-42f29aa6ade3,Susu,5
c0ea90bd-c092-4ace-a00f-11d03fd0a8a2,The update is not helping it's frustrating end to end encryption meta fix it,1
293dbaf0-70ce-464c-8b44-422682fabcb5,That's a very nice,5
d54f80a1-6ec0-40d8-ad8f-f24bcc3d32a6,Slow and messing other messages,1
48d3b236-caf2-4231-b47e-7eed00e5120a,i need chat heads not bubble heads,1
c2c3feb6-6ad5-40dc-9ce7-c6038768c14d,not good even i log in or switch account it doesn't work and some got error and also when u try to Report a problem this can resolve immediately its a poor performance,2
c72e0d0d-bbba-4453-8be8-5754ab64c3a1,"The note's music suddenly disappeared, I was actually happy when they added songs to the notes. Why did it suddenly disappeared? Also, my old messages and files were deleted by the new security update. I love using messenger so much so please fix it.:<",3
0fab9010-74e5-4d0e-8507-2af59fb6eb68,"End to end sucks, all pictures that my friend send me are all gone now thanks a lot developers",1
95726426-57d7-4e9e-b56e-f57ffe622d14,problem of video call not floating,1
1c9f9a76-83da-45a7-a5b9-81852e2653f1,Shahbaj Khan,5
ff988c0c-9095-4f55-a2d3-2c136837ab3c,"End to end encryption is such a hindrance, especially when im studying 😕😕",1
421ed0ee-e96e-46ff-b83e-4c592c3002b9,❤,5
c8d49658-6416-45e9-a2d0-8cf054dc7016,"Since the last update, app Externally opens links even tho my settings don't permit that.",2
bbe9eacd-f27a-4c79-b6ca-11ace2e3661a,Bad update,1
1155d4ac-a285-4123-bf60-b61aef377a2b,nice,5
5e082611-d323-47cc-930a-9770ffca29b7,nice,5
be647faf-86cd-4666-ae08-66ed186b9a80,Nice,5
1ba22d82-100b-4bcc-a5ec-0af1633559b6,Goof,4
065ea1b4-7991-4887-b19a-94aa38a29d21,it is very good working,4
f9d14b71-27fd-4494-b431-ed89de1c083f,Nice app,5
df381cd8-e77b-46bc-b7d8-61d64985457a,Excellent,5
6be2aafe-db77-494d-8492-abb2238c2e63,আলহামদুলিল্লাহ খুব ভালো এই এপটা,5
ea6d0f81-f180-469c-9309-3d7f162d7970,maganda sya mikipag video call,5
fa10418a-6aab-4599-8f3b-3a6c97552057,Nice,5
14ab304d-651a-4dfc-9843-a93fdf11c148,Yoww wala lang,5
1885bc40-f3e4-4a4f-8abb-ec570691b3d5,"My messenger keeps unlogging my account and everytine I open it, it crashes and put me back to my home screen. And my messages went back to old messages when I logged in.",1
68ff52ce-0180-4209-97d7-418e145ea3a7,"This app messing with my life, I cannot send text not recive from my own account but if I use other accounts on same phone and same messenger app it's working, I cannot even send report fix the issue",1
d540a182-4800-4df3-8deb-732074e6986d,There's no chat head after an update.,1
e9a73650-11f1-448f-8c36-c7abe368ac06,Great job apps development for a people protect to hacker the woman/man or etc,5
20e4eb31-8b53-4a9b-9a88-e80886f31588,Nag buang Ron,2
d01c41f4-7f75-4a65-974b-8e4d04b7c2da,Massenger dawonlod hoi na kano,1
941ad421-b4fd-416d-8ce3-5b535587c122,Owesome,5
2bc3d853-ac29-494f-9f74-336641cc0c6d,good,5
82a78023-d9de-40bc-8347-7ec7dd58522f,Love it,5
6c2555e0-6340-4923-9b89-130e57a9f5f5,i update my ms already but it doesn't have a music on my notes.,3
1e91ef6e-76eb-409e-b683-9e486908b04e,Nice,5
524000dc-6d9f-45ce-b883-ee3bc304d408,after update new version it's not working well and when I sent message it's showing not sent then sometimes it's show's sending the worst the chat message delayed so much before I received hope it will fix soon,1
12fad741-7e5a-4fa7-bd7f-7758bbc074e3,Good,5
200997ee-2974-4a6f-980e-3283b9ef1bd5,the music note is gone 😔,1
a9f9f864-78ce-4d17-9a7c-27a59bcdd9a6,"When someone sends me a video, it doesn't show up and puts up an entirely different video.",1
54943a12-d402-4929-96d4-0a3819cf7e0a,bring back the old messenger and remove the end to end encryption!,1
c4bcb889-58c2-495f-a4d5-8679918668c5,can you put back the sound in the notes plss that's my wish plss put the sound back on the messenger notes🙂😭 plsss,4
c11e4658-9eae-4806-bd34-8aa9b02367db,This app is the worst app,1
47193a5f-3b14-495f-8202-820ea0b3f20c,It's always messing up for Galaxy users. I hate using messenger. I can't even send GIFs anymore!,1
482cb214-31d0-445c-a7ca-84190c9cf3b5,Faltu,1
83497322-6f3b-44a4-859d-774ec83b1b6c,Thanks for fixing my messenger 🙌🏼,5
a06e4f53-40ac-4696-8231-534986eb14e7,Very good,3
4a815e8a-5916-4abb-bde2-97e1e3b69d1f,Amazing,5
2f134ec9-4119-4a18-8e38-c790b8249cb1,It's goods the messenger have a good update,5
a0577dd7-2a6c-4955-8e79-4fd7a61c5bc0,why did you remove the music notes?,1
7def726b-7e5f-4acf-9ed9-540ac2306af7,Update is useless,1
64fbc68b-cfe0-48bc-8953-a386fbb2f7ea,Walang ka bebetime,1
f0101b8f-7da9-4a9f-94b7-987b08d12fe9,"Worked great before the update was done. Now, it doesn’t notify me on incoming messages & I have to refresh the page to get new messages to even show. Attaching photos- used to keep all in folders separated, now they are ALL together in 1 when searching. PLEASE FIX the bugged/poor update.",1
4b10f7bb-9c1a-461c-9d27-29986809a146,Stat,5
2d3be07e-8921-4acc-a621-7df9a282d295,cringe,1
d971b5db-4e76-43bc-a388-3915aafcb26d,"UPDATED! WEEKS LATER AND APP IS NO BETTER! MESSAGES SHOW UP BLANK FFS. I HAVE TO REFRESH FOR APP TO LOAD, OTHERWISE I STARE AT A CIRCLE GOING ROUND AND ROUND 🤷🏻‍♀️ PEOPLE ARE HAVING TROUBLE WITH MESSENGER RECEIVING MESSAGES. MY MESSAGES TOOK 2 HRS TO GO THROUGH FFS",1
ace03613-28c9-407d-997f-22922c052132,Update on,5
585fb6c7-b1cf-449f-9805-54fc32de5971,this app is the best likee my boyfriend,5
4045e0f3-fd6a-4c06-97a1-4d4a0ccc80e0,Doog,5
826dbb5c-3c96-4e7d-84af-5203ec076166,Great,5
bfd6a946-557c-4071-b0cb-b238bb65dd4a,"NO ONE CARES ABOUT THAT FRICKIN END-TO-END ENCRYPTION, INSTEAD OF FIXING BUGS AND LAGS YOU CHOSE TO DELETE OLD MESSAGES????",1
6f053804-11c2-4300-9bb5-3dcc0cc4868a,"so many bugs, the pin is incorrect even if its correct",1
e05c81b4-339c-47cf-a7e2-ae36d510b11e,I love it,5
a8cce7f1-f0e8-4f98-a176-e361abc4af34,Awesome,5
30fba26a-2d26-4444-9cea-38d49d62f63a,Ok par,5
2004d310-ab86-4892-b02f-f94749191509,"uninstalled it because it lags a lot, thought it might help. but then, now that i've installed it, i can't use it anymore; i'm stuck at ""send and receive sms in messenger"" portion. edited: if u think this app couldn't get any worse . . . well, i hate to be the one to break it to you, hun",1
58f8e520-3541-4676-bd3e-3124ba72496e,happy,5
30c1c408-04ed-44e3-80fd-a55f49f7ebe9,is Sale Messenger Ko Been Kardo India' Se jitna Update karte hai utna bakwas Hota Ja Raha Hai🤬🤬🤬,1
2e8bc754-9628-45e5-a9f3-4925d4e0e33c,I love the note wid music but.. as soon as i changed the note music i think i did it twice.. the next time i change it the music doesn't pop out even tho i made sure i put a background music it just disappear when i click done.. is there a limit to leave a note wid BG music everyday? Coz obviously i didn't read the info before updating my messenger app and that's my bad hahah sorry.,5
b9a3aa11-7644-47f9-9b5b-0439ef76cde0,Not good,1
2f9443a2-1714-4a63-9395-d5102ecf58fa,end-to-end encryption removes important messages and there isn't even an option to turn it off.,1
c5ea4d28-3236-4e7d-b3ee-166398d1684c,Updated this morning and since then can't send videos! Epic fail,1
903a868e-44b1-4b38-a3fc-78b8a8fa6e3d,hahaha,1
6353bd97-6b8d-437d-9bd2-e0c2df44feb1,nice,5
12060b11-2372-46c1-9c0e-aa6d5d352be4,Tangina,5
ec7e3d6a-0818-4cde-ae89-455dc106c16a,"Love this app! 🤍 when you'll make notes on it you can put music, but what happened? The music button disappeared :(",5
4fd9dab1-5dae-4dac-9e78-3c3051324dae,nice,2
345e110e-a457-4a5f-b8c1-007e380cfdc7,"Since installed, the app hasn't been able to open and this has coursed messages from sender no to reflect. this is so bad",1
63414beb-8b4d-4bfd-9230-414592326858,Tangina talaga.,1
75df808e-1c83-4684-a382-7df928593562,Ok,5
fe4ed081-b7a2-4fa4-a66f-29021e290f11,The bast appss,1
7d5e4472-5194-4928-abb1-ebaf86a772e4,"no issues, wonderful",5
02c5df81-7944-4846-b9ee-78d9cfc07b62,Best app,5
56b3a9bd-bc63-4278-b64c-6ce4fabd6dd7,"Very disappointed. Whenever I uninstalled the app and again install, I can't see who have texted me when I was out of this app.",1
4673b2b2-523e-43cc-b831-f12ae0769683,Best app,3
c7acb2b6-009b-4c17-bc45-bc0baadae611,Laggy,1
6d7c9745-a8a8-4397-bfed-9f693b60834e,Soo naic,5
3d527315-c0b7-4d3b-888e-8f5912985096,why was the music note removed???,3
1bea7c85-5c40-4c81-8711-fea8db11d057,Angas,5
ba4bd6de-d708-440e-8162-d259d21663c2,"Full of glitches, bugs out for whole day, cannot use it , its been 24 hours",1
ac7c442c-a29b-4116-8f93-d4a3b811c212,End to end enrypted is so worst,1
4e3c59ed-ed7a-47f5-8fbb-e3c13194b007,Good,5
919e72ae-8e84-482a-bf76-63752aa3851c,Love you,5
6e98cf8d-ef29-4dee-806e-37e17e7e9f3b,Great awesome,5
7f369949-c4e7-4675-b61a-160fbd081295,Well,3
f440c495-7e82-4aae-b1fc-e1b4a611ebeb,Good,5
8a02879d-c389-4e95-b102-16fab194dc27,Good,5
8c4d37eb-97e3-4e7d-8931-65d2b6315004,Confidentiality in chatting,5
148d46c2-5d30-4f6c-9420-8d1912850552,excellent apps,5
dfefd23d-ac54-4dc8-abea-892634260f5f,Nice,4
eab1149c-5224-4fd3-885e-b1d2646b16ae,Kiffy,1
9546770e-b42d-4638-95c6-fe21bbedfc30,Nine planes,5
5c22228d-8461-41dc-85c5-b7bbe33e4b30,I really appreciate you,5
17ca4b47-7c2b-48a7-806c-d868ad585676,make emoji go big pls ty,1
29a834cc-3c79-4c4d-8e08-90077308cb76,Good veryyyyyyyyyyyy good,5
be224f2a-cd37-4490-8d2f-11dc47418e9b,Not updated,2
9235b914-455e-41bc-bf79-b170c14dd260,Good,5
45534d05-5c1a-4424-a0cf-2949c8c75132,cant login,3
2e6b6143-68fa-47c1-8de9-14d0c87890c8,Q.. Ki,4
d05cb5bc-d76e-46ee-939d-612460fa639b,Valo,5
977bb5c3-49f3-4b89-9ec8-8f805372d48d,Bless you,5
33537e81-beee-4ff0-9f25-62bd78af0b1c,YUNG MUSIC SA NOTES KO WALA 😭😭,3
cd67e0c4-e36d-4af7-8549-63691ee27825,Good,5
84b35eb2-2e87-4544-9896-a093e05d162b,"It logs so much, I hate it",1
5a87aea3-e13d-4cee-809d-0bab23c7d0ac,Very sharp,5
8ac9e375-9ab3-4194-b6b5-56131f63dc80,"Messenger has been laggi this past 1 week, maybe fixed it, and ill fixed my rate towards this app?",5
0e687f5d-9293-45f0-a3b7-d971748d74e9,ដកមុខងារ end to end ចេញទៅលោកអើយ,1
e2a77ea3-9ead-4221-a11d-6c32c283b63a,"REMOVE THE ENCRYPTION IN YOUR APP, WE DON'T NEED THAT. WE CAN'T RECEIVED THE MESSAGES",1
423d9599-3d1a-4cd2-bf00-64c17fcdabce,End-to-end Encryption ruined everything,1
7da73593-f2ee-4305-8b67-3256de2a5388,can you please bring back the messenger note?,5
b83ee30b-ab73-4e9c-8355-6de300611edf,It's so cool,5
c1533589-7275-45cc-bee4-d3a1d416b5c7,why do I not have the notes feature?,1
528df0c2-0ec1-40e6-be34-147a177bf024,Good,5
cc1dd218-d577-4db8-977e-4c0ae279f69d,Vldidst,2
e6eff232-bcee-4c10-bd2f-7064117d5658,It will not show me how to do an update and I cannot receive messages.,1
aca33dce-7451-4fce-9dbb-a8cba77366aa,this is good app,4
22c69ccb-3a53-4b59-85e5-0ad7d4b32a44,🖤,5
06e71b57-da77-4068-904a-6ddfab9c7743,great!!,5
67daa686-fa72-42bd-9ede-a65cdc83ce94,"The songs in Messenger notes don't work, or I'm stupid ☠️",4
bd69dbe9-08c7-49e7-86c3-9c567b93f929,Worst update……I want chat heads active back ! Bubbles is not convenient…,1
a258d79d-c0ac-4e1d-adf8-30b1255125b3,"Yun gusto mo lang mag scroll, tas bigla mag papalit ng theme, panget nman, dpat mga 3 second dapat",3
fdf86e35-6c93-4378-b285-3baf9531f78f,Messengers,5
46ecb1c8-5a02-4a9c-a466-3a1b9f8ffe76,Messenger is a truly fabulous way to link people so congratulations guys.,5
236a9757-7f96-4810-a2aa-22e96de0d05b,My Star,5
ff21c4d4-8489-4fe2-bf15-5f0ea16c4fcd,happy of the servone,5
d658a713-0eca-4d26-9c4f-0883c4a0b211,The music on note was disappeared😭😭,2
699f696f-ca4e-4e17-b52d-f57f2a4c593b,Excellent,5
0dc3cae2-3179-4b6e-969c-7adba8de4766,Kairita ang update Ngayon,1
96f276c6-5a9f-4936-a0c5-a649bfc73098,satisfied,2
0b399cc5-7ebd-45eb-a697-7c7dc88906f6,"the end to end encryption is frustrating me, the old conversation with my friends ay bigla nalang nawawala then babalik sya like mga ilang month pa kapag na delete yung messenger, like ngayon diba july na bumalik yung convo namin nung march and nawala yung convo namin ng april to june, my gosh sana naman ibalik na kasi eto rin ang isa sa mga problema ng iba. hindi na nakakatuwa end to end encryption niyo messenger. sana magawan ng paraan na mabalik yung conversation. mygosh!",1
842c2805-353a-4cd9-9644-797e2ebbf8eb,Anong klase daw yan wlang music yong notes nang akin,1
75996d26-4455-4e50-8dcd-5cffc7be46c2,Good,5
1e9144de-f484-4f6c-87fa-cad9dab248a0,Wala lang trip ko lang,5
375ce0b6-2f7f-456a-92c5-f6c4d4d3d5c8,"Easy, faster and friendly Features❤️💙❤️💙❤️💙",5
26367bff-7db1-4908-83ad-4896b93bc0f1,ok,5
0f91bd1d-083b-4605-9b37-6a5fccb49899,Wlang music notes,5
73a350d4-9559-4273-8064-42cebf59f4b6,Good,5
42c3ed5d-de22-44db-be09-3941da459b0d,Hahahahhaha,5
08e8628d-7d60-4d26-91d2-81c74e5172a0,Ok lang,5
38eb1189-1cf1-48cc-b0fd-1508b12f8d95,Not updated,2
9cfc6ae2-6a6a-4fe8-87d3-3165be124228,It always has the problems with interntet conetction,1
59169dd2-e963-4672-a99e-c28e964f8533,I don't like the end to end encryption my older message is gone tsk hassle and inconvenient,1
ed3e1ad5-fc69-402e-a81d-bf2063fd902b,🥰🥰🥰🥰🥰,5
c0d7d2d8-2808-4065-9f11-d3b68ea5094e,Pano mag ka song,5
3f59ab8e-cb4a-4853-bca2-ef46d598490f,"Why does everyone have notes above their profiles in Messenger, while I don't see any on mine?",1
3a3c9314-f230-43a7-a763-7d8730bfc223,nawala yung music,3
c7616aba-b0dd-433e-bee4-48ab45803e29,Very nice 👍👍👍,5
003b6fc8-3ff4-4125-bdc8-cc26e813751b,the best,5
50fd7c1c-e6d0-4bf6-ab3f-7900d73b5db3,"End to end encryption should be removed, its non sense and not helpful.",2
9f0d4455-55fa-40da-ba02-e84fe00e2687,Good app,5
a3a1e997-57a9-4a1e-b658-80f6d398e283,Old version is better..,1
10f41dcb-a980-4116-b6f0-6a616dc1d428,Very useful,5
a9238509-6c6f-4f80-9169-c404cc0bef2b,I saw the music in my notes them a while ago It just gone,3
be2c63b9-c062-49c9-87fd-ac858b82e14b,Good Service.,5
e17880f2-f92a-4876-ad84-ee04355149e8,Thenks googlrle,5
d10c1ca3-d3c5-4c88-b9a6-bc24db103261,Good,5
1e4fd7ed-753c-41ea-856e-9f0dc28ad878,Nice,5
4944d7e2-1ca6-4584-8ec9-ea65334250b9,Nice app,5
1eb7b733-1e0c-4afe-9479-804f45654d6e,nawala agad song hayop,2
4dba4514-7c61-4dc7-ad28-6dd7f39894be,This file very disappointed and not worth it,1
6b78e0f7-41e0-4e07-b8be-03e520240e76,Great,5
a46e6619-6329-4835-bfe9-50b50f8e47f6,Because we don't have that one that in the note it has a music!! It's so unfair,1
d18504ab-cc4d-4ab2-99d0-de787040b4ab,Bruh the music in my notes is gone what happen...,1
9aaffe1d-4348-4091-82e3-2919556fe5c1,Very Good,5
b31d09dc-8699-4d3a-8447-4dd1d60a3bc9,"Messenger is a great app. From time to time, it starts to act strange, but you have the option of uninstalling and reinstalling it. That has resolved my problem.",5
716a524c-9c65-411c-af99-8934f8c024c5,Nice,5
7b521d9b-cf63-4530-87b8-82de08c861cf,New update and now I can't send videos. So this app is now useless,1
e4df238c-a3a5-4422-aac8-36a5a8127e99,"please bring back the music notes, why did you remove it🙁",1
f749ce3c-a83a-404b-a4a8-1a48c7c55984,Useless app. You can just use the Facebook app to message.,1
c1c97fd3-1d3d-4ff4-a02a-aa3ce8770d1d,Good,5
0a2c6c4f-4efc-4b2c-80dd-da6e7ffe6801,"This new varsion of this app is very stupid pls, do not waste your time dawnloading It is a complete nonsense",2
c7b94c66-c106-4658-89db-87cb0050bbe3,Nice,5
caeed08e-03a9-4b94-954b-b8d2c10dcfa1,I love this app,5
0096ba1a-2f15-434e-82c1-1a657deb9546,Nice,5
35591d08-0b63-4bbd-80ba-9477e048ba09,"But its been messing up lately, I can usually access my account",5
9a7b1d0e-698f-489a-bc6c-c6fb65f27992,Nec,5
879cdf8c-23eb-4f43-91c1-4d74d37540dc,nice.,4
762d1a79-a83c-4318-ac90-0fcdbf65c472,❤️❤️❤️❤️❤️❤️❤️❤️❤️❤️❤️❤️❤️❤️❤️❤️❤️❤️❤️❤️❤️❤️❤️❤️❤️❤️❤️❤️❤️❤️❤️❤️❤️❤️❤️❤️❤️❤️❤️❤️❤️❤️❤️❤️❤️❤️❤️❤️❤️❤️❤️❤️❤️❤️❤️❤️❤️❤️❤️❤️❤️❤️❤️❤️❤️❤️❤️❤️❤️❤️❤️❤️❤️❤️❤️❤️❤️❤️❤️❤️❤️❤️❤️❤️❤️❤️❤️❤️❤️❤️❤️❤️❤️❤️❤️❤️❤️❤️❤️❤️❤️❤️❤️❤️❤️❤️❤️❤️❤️❤️❤️❤️❤️❤️❤️❤️❤️❤️❤️❤️❤️❤️❤️❤️❤️❤️❤️❤️❤️❤️❤️❤️❤️❤️❤️❤️❤️❤️❤️❤️❤️❤️❤️❤️❤️❤️❤️❤️❤️❤️❤️❤️❤️❤️❤️❤️❤️❤️❤️❤️❤️❤️❤️❤️❤️❤️❤️❤️❤️❤️❤️❤️❤️❤️❤️❤️❤️❤️❤️❤️❤️❤️❤️❤️❤️❤️❤️❤️❤️❤️❤️❤️❤️❤️❤️❤️❤️❤️❤️❤️❤️❤️❤️❤️❤️❤️❤️❤️❤️❤️❤️❤️❤️❤️❤️❤️❤️❤️❤️❤️❤️❤️❤️❤️❤️❤️❤️❤️❤️❤️❤️❤️❤️❤️❤️❤️❤️❤️❤️❤️❤️❤️❤️❤️❤️❤️❤️❤️❤️❤️,5
dd289b51-3934-4cd5-945d-17fc56ae983d,Bokacoda public ei khane thake,5
4dfe0d66-4512-4d29-be01-b73aa041bb25,I Love you ❤️,5
e996b43d-df52-4d65-afaa-c0cead4f76a7,I love using this app,5
f68d76df-1e9e-4f55-8119-b4a9f46ed1ba,omki lang,5
65aa0a3d-2dd4-4d41-8d59-0274b82eb0ec,Wala koy kachat,1
d77b34ab-5c83-4d3d-9dad-a37ea189b318,Wlng music Yung notesss😭😭,1
59eae96b-a7e3-42fd-875b-17696befd5d5,Good,5
e1a2faaa-b0b9-4234-b4e0-71a374048bcf,Good,5
488075ca-6ae1-40e4-9e43-b4f60a904ebc,"it would be better if you remove the ""end-to-end encryption"" because when i got a new phone, all of those pictures my kuya sent me was all GONE.. I DO NOT LIKE THE NEW UPDATE :(",2
a01f1868-2c0f-4399-b859-b4b4f60360d6,"roses are red, violets are gray, 1+1 is 3 and 4+4 is 10. Men i guess that's wrong cuz when I'm near with u i can't even think straight.",5
a8ec6ed2-29e7-424e-890a-915dd29768b2,Nice,5
868ceb5b-5578-47d9-94fe-40936f84f79d,Shafi Urrehman Shafi Urrehman,5
bde17292-db63-4718-a9a8-83b1ac01d7b9,"one star lng kz nwla ung music xa messenger notes ku,,,, pkiayuz nmn pra mkapgparinig nko xa knya,,,,,,",1
9c20e26d-f0f4-47f5-ae32-db2a601c3516,Javaheer.nishad,5
545d34c5-68f4-4ecd-a7ff-c7ca688f1c43,updated the version makes everything worst,2
17dc6a15-9754-4b09-9f48-996d277abf76,Amm,5
b9d786a4-f0e0-487f-9f8c-89b64eec5c1d,Good,5
775c5bda-c1fc-401b-ac1b-53f84517e5ac,good because the update is so unique,5
abb3a3f9-dc39-48e4-9300-939a6241e000,good,5
33a80116-dc7b-4e8f-bd7e-a178373974a2,Good,5
ccc58691-b31c-42bb-8ae0-99570af23633,chic big gig fig gov high-fiving Iva ibf Ivy duct gift gift gift Ige ugftgivftuhvsifs,1
0ff0281c-5506-4e34-8c28-12ae922f0d87,"It was a surprise that one could send a message to a person, on messenger, even before a friend request has been sent by me!!",5
d1d7e58f-576d-4135-970e-a99ecf8c3bfb,Ok,5
8abbb28e-e120-4f1a-b434-dd768ccd3d70,Great,4
b483c0df-725e-4eac-bc92-c387cb0176ca,Good,5
0a528500-e811-4112-a725-3c017b730b56,"This is useless, because end to end encryption.",1
39a3b625-3d70-4693-89ad-2ff797de8e75,Paki balik po Yung music note,1
4d49e179-8166-4823-99ef-8f0539e19277,Good,5
7f265355-0820-44c3-8ac6-945e93547de7,The app just doesn't send notifications when recieving a message. It's so emberrassing that a multi billion$ comapany can't even make a decent messaging app.,1
861b7e31-1278-4e51-8edc-0f8db54215de,"worst update! I don't like the new update of messenger especially the end-to-end encryption, please fix this mess",1
9d87c3be-5d0e-4cad-aa25-47ee174820ec,the end to end encryption is not helping.,1
3f89bec8-c008-4e4d-9ccf-ac94820633ce,"This app have issues, I can't send chats even though my internet is fast. I'm just disappointed",1
35b39ca4-8099-4d41-94cd-ef2f41a41a97,Good apps,5
b52490e5-048e-4ffd-a440-5c3033b46565,Happy,5
9ddbd18b-8d14-4429-88ee-5e65108b6f2b,Where my message,5
4a31aca7-e218-4b16-96e8-ce0b1cd4c4a4,I love it,5
622d312f-9b48-4d84-a4f5-f5b3aa64f076,Worst experience of all time . Mark Zuckerberg is twerking right now . The app.dosent even run at this point,1
cdc3ca6a-b31c-41ee-8b0e-aafdd7acd26e,Yawaaaa nasakpan kong mama tan-aw ung bold,1
ae133e6a-d91d-44ab-903c-35c03df5c5c9,I wasn't secured as it was before.,4
eb124483-c4ab-4ac8-85db-845c63c104f9,Good,5
f8ecc4b6-8acc-4a92-8265-2cee58dd4e6e,Very good 👍,5
01e8b052-cef8-4edd-a0bb-78e1d118c2b3,You so dump to update this app this app made me mad because the update,1
4152d489-ad48-404a-a80e-a2c08b775fed,Very good,5
f978e6cf-08f8-47f7-bec5-52b353e166c0,Loading,3
b20768f6-242d-424f-a758-9e514018143a,Nice,5
2ab24fb7-4920-4c1c-8fdf-80e9bfade770,easy to communicate with others from far away,5
0545e31f-2171-458f-afb9-3261a8c58319,"my most hated part about this updated messenger is the end-to-end encryption. it is not helpful at all. it's so disgusting. every time i want to read convos i had with the people on 2022, i can't do it because of that end-to-end encryption. tss",1
2b98a6bb-c98a-4e5f-bc03-3adf476e9077,Very good app 👌,5
978c7235-c165-4b10-a708-77f4f6c87df6,nicely,4
7f37d451-68b3-426a-95f9-9fd753cb7bd6,"Please fix the problem in switching accounts, it doesn't work properly",1
20e1db66-802f-4d2b-9d1b-5abe6a4f3230,Good but slow,3
755fffa0-b352-4fae-9ab4-136e08fd9a77,The music is not in the notes,1
e2c07ff6-4c13-45a9-a759-4f8697bee99d,Nice,5
a028fae5-c3b7-48e4-b80e-fbfa5820ee11,lol don't even ask me why bro,1
3e11590b-49f1-4fe6-996e-238dd949af42,Overall quality is average,4
1c11b698-da44-49ec-aab3-89fe0bf43dbc,still can't update the latest ver😢😢😢 i want that pink heart emoji as a reaction😏😏😏,3
ba3942a8-1ea9-4551-b935-a0e8acb249cb,oten sa manok,5
1703b185-7334-4941-aa1d-6fae1fc0cfff,Nice,4
b5028219-6c59-437a-8825-d5f5c5331060,can u put music on my note please,5
17575e49-cbbc-4259-bcd2-1d4248a7cb4b,So buggy,1
244ad294-ad53-4f8d-8dbb-50ab8d15b17d,I have a response that dems has stopped,1
d7905dfd-a355-412f-93e9-59fdec3acc38,The app doesn't open. What's the use exactly please,1
1f79e949-b563-48cb-bd71-b058d2198966,Ok 👌,5
edb1aa24-6988-4ac6-964b-713521946dd2,100% good,5
f13d6324-07f3-40dc-a6f9-351ac5d24342,good,4
adbd86f9-88cd-44d9-ab83-691e9da53331,Update ng update Wala naman nag babago,1
33afa762-08c4-466a-956e-d2eab2351292,🫶🏻,5
7ef83746-5a7b-4c84-a745-bebda03742f9,end-to-end encryption not suitable for my device fixing it.,1
de4465bc-3e32-4992-8a9b-71436dc463d0,Good,5
519226f3-a823-4311-96fe-15f7353deac6,This messenger are call the friend I like it🙃 !,5
c66f25e1-ffe5-4fca-a53e-8f151eac853b,I haven't music in my notes😭😭😭😭😭,1
ff66e177-0661-40d5-a161-c2221a393632,Laxmi,2
77878e61-4b28-4e2b-8fbf-1768e71c140b,music notes was removed :(,2
211f8af0-4914-48f3-a37e-07f41649c4ee,Why did you remove the music on the notes☹️,2
e325e6dd-fea7-488f-8d7a-000cda5f20df,Myant Thu Zar,5
0e3b32e7-2454-4da1-a34c-6d15031fcf42,Good,4
c012be17-bc5f-4018-8a4c-a2dff1f7ef48,it's very nice mind-blowing performance App,5
ad5f15f4-f4a5-41d7-8d8d-19632546c41d,tanginanyo,1
2fcab35a-ae63-4be4-b295-eafd01af65ce,I did Thank you,5
6fd6a688-94b7-4d46-a863-94999086e975,MeejThoj,5
08f034b8-7b31-47d0-9b0a-598283186452,this app is so frustrating..pls fix this up the music notes disappear and that end to end thingy is so annoying all my messages is been deleted for no reason.. please please fix it..after the update this app so messed up,1
011345be-826c-497d-a8dd-15611c7d4792,I.ts so good,1
08269682-6db9-4c76-b3fc-434d672751c8,Where is filter (gallery) 😡,1
d63d8bc1-bd5e-468a-94a3-d4e73451edd3,Good,3
e1232892-dbc6-4d9e-b4eb-1fa3fd213e1b,ههههه,5
6c77c176-996f-42b9-9c65-3b771fcaaf87,nice gmitin,5
d0b41577-cb05-429a-9c70-8d0437078555,Nice,5
e6dcc6bb-89d8-40eb-a52b-1e6972852044,One star until you guys back the music in the notes it's good but suddenly it was disappear when I try to use it again men... I was wait for that feature for a long time Ig had but I'm not active there. So please bring it back,1
15315f5b-a1bf-42ad-9f1f-6cb17de30c10,Good 👍,5
696df7d4-f7b8-4e68-82d2-0fc62c1753e4,Worst app after the update. All of the older conversation was deleted. Bring back the old one. It's really not helpful.,1
6471251d-65f5-42c4-bee4-c9820e6963e1,Just good,3
12326813-123a-4787-a424-dec06915b875,typical meta app. messages often not being sent or seen.,1
d9ca8401-688a-4198-81ce-9e3981671391,Waste app,1
bb4249c0-17a4-47a6-b6e2-f8aa6d2b28ec,Nice,5
7679cc23-2d21-419d-b379-8ba39469e036,Good,5
d5e6bdd2-ca4b-4334-8b4c-235f33704fb8,so cute 🥰,5
d874313a-ff19-4586-a193-a2681b143493,wow 😲😲😲,5
b493afab-3eb5-4fba-a960-5a534e75ddaa,The best🥰,5
451d8986-8a64-4b1f-9e0e-0da59ce1718e,"It is nice, clean and neat to use but the problem is that, I can't use my effects on messenger, if I go to other acc I can use it but ON MY MAIN ACCOUNT I can't even use it. Please fix it.",3
8fe0e06d-45f5-4cc8-bca9-bb7b5c425d1b,WHAT HAPPEN TO YOU MESSENGER?! CANNOT RETRIEVE MESSAGES,1
95259734-6324-4f47-aa12-3eb5c183dabb,worst version. many people hate the end to end encrypted.,1
bd4c65f6-0326-4da3-9bbf-1b510608cea1,Fast and convenient to chat,5
483f3cdc-dcad-47e3-8fd4-9209a161996c,Joshua diksing joeboy,1
382f5448-aed0-475d-9279-8e6937859395,Panget ng update mo nakakainis,1
154c96a8-0d4b-4951-862b-e762edf5c685,I can't read the messages because they disappear.,1
15884ae5-74ef-4a13-aa46-b349951c2aff,The music on the notes doesn't work.,1
99de3296-b462-46d0-b0a1-2b820a187569,After update the app keeps on failing,1
1f4d0f81-d12b-4849-9d51-34df2a849324,1 star lg ksi nka update nako tpos wala payung music sa notesss thankyou❤️❤️,1
3fb95ffb-f9c3-424f-9f76-74299ceeceb2,tanggalin ung end encryption,1
c3342ad0-10aa-4979-9b5d-f4131c403ef2,Good,5
602802c7-e1ec-48b3-91bb-c43b2cac3db1,Bat nawala Yung music notes?,3
5df00c96-ebb6-40b2-be05-858e0feb397f,"i’m disappointed about the messenger music notes. yesterday, i can put music on my notes. But after an hour, it was gone.",2
04e821e0-c25b-4211-b237-6575ba0a97ff,"one star ka sakin, binawi yung music sa notes eh",1
5830044f-4cfb-43b5-8aa2-327353b0203f,apaka helpful pero sana naman makapag update narin gusto ko na magparinig kay crush.,5
de938d50-fcee-4a9f-9e68-dd5784d298bb,Good,5
2cc306b1-fa63-4670-98bc-a91da016f3dd,remove end to end encryption,1
42f7a1ad-754c-4add-b7d9-92f26858f7e1,Is abig help to communicate my family and friends,5
f3702573-e720-4971-95cc-fed8ba8b5ea6,Please provide an update as soon as possible. I am unable to open or download any files within this messaging platform. Very inconvenient.,1
9ef4098a-9792-4466-b6b4-4e4c22251d7b,Good,5
374ed02a-3232-4bba-bd5e-f22c2fa1d6c5,Very nice,5
bad676cf-9233-4577-a507-221bc17ad8bb,just so so,5
ef98db76-9e8f-4f86-a3e7-998c7248e420,Mirafe,5
04c5013d-bd92-4e08-a013-d9edce92de2a,no connection,1
f4cdc9a5-ea2d-4f90-989d-546a1b71c233,Very affordable sya guys,5
58321f6d-347f-44f5-bd92-3813c6a6576d,Can you please add an Songs🥹,2
5af00ea1-90cc-4305-a3a4-091d37b04dc1,hhaa,5
a128a652-4fc1-4e7c-b2eb-4a1a01fe11f0,Good,5
cb0cd94e-7229-4b4e-9f11-b408bb7d1482,Its good all time,3
157c9738-1a61-453b-8f99-26db1488987b,Thank,5
d0e51501-733b-4e7e-a25b-b7a06ea6c02b,Worst version so many (blah blah blah),1
644081e3-8e00-4ae3-894a-d258d3360154,my music in my notes disappear,1
0893391a-735a-4a8b-a3b6-68e5e5c02009,Good,5
b5c3e3e2-dc46-4fd7-b2ef-7df8097628ab,:( pls fix my bug im putting song in my notes but it doesn't sound,1
3cb87506-06c0-46c0-93cf-19816868bf2e,Nane,1
5ef61a4b-4932-4761-843b-79dc53ba3c32,This is app is good for me,5
c8b2441b-52d2-4f44-8aa2-b50e9a88618e,Good,5
69228ff3-076f-4cd9-9bcb-805546578396,Cool,5
b6e4ce59-81da-4622-b4b5-7e23f088de6d,SAN and jatt,5
57de4be6-eece-4bbf-bf98-151f1f366ffd,Nice 👍,5
4581d6d2-ba73-48de-b75d-986ead3025ae,My video call background is blue original camera background is not coming help please ???,5
2947bc5e-9b7f-4a0a-a97d-83af47caf3a3,Good 👍,4
e9c827ef-294a-430c-96b3-cdca1b001921,It's so nice ☺️🙂,1
aa7114a6-56de-44e8-991e-328e422651eb,walang kausap,5
5e71a602-31e0-4e2c-bd6a-7d095fb2e74a,Dating Hookup My love You,2
2f523dd0-3c04-448d-9249-396823f682ec,very nice,5
997c7dd5-fa85-40f9-be85-cfb39ebf477e,Chat app,5
e4b49176-e69c-4335-bb65-085e32869ce2,This update worst,1
2ee1e911-deb3-4947-a392-c3bae912e360,please remove the end-to-end encryption 😞😞😞,1
3dff85c6-479f-42e2-9946-299fa0dac206,"when's the music note in messenger thoughts coming, i swear it was only on iPhone",3
6ded8ef7-1833-404c-8ea1-2f363f94474e,ducks are cool,5
83fdb655-2d4a-455f-bbaf-adb726e464c7,Subash BC,5
249e485c-9583-4238-8c83-b1db00323c1a,Absullotly good big helps,5
16a6182f-df4c-4a84-afe4-5ae760cbfaf2,"My messages are not sent, it stays in ""Sending"" state.I can't text to my friends.But I can share ""note"".What happened to messenger?I can do everything except texting.Duh😞",1
a8ac3501-b6b9-43af-bd00-ec21555b3332,Sucks,1
e2afeade-fe39-42fd-89aa-05d780e381ff,Phone,2
7f47499f-a806-4e8d-9185-9faa7a885fbb,Rubbish... Too slow,1
2865c7cb-b57c-4bba-bf64-ee14e9fdcf07,Worst update ever<\3,1
a6e3ed6e-e8b6-4d46-9966-90b2d3fb168e,Sonukumar,1
2e2354f4-831a-4e13-a6bb-352d3e735330,worst app. my device was it but only google noto emoji appears! where is the actual fb emojis?? 😭😭,1
26fbb225-07cb-4fe0-88ef-087829d44527,Land scape orientation can't full view message in chat bubbles.,2
76a0515a-4720-4840-87e5-a4fb195d04cd,Can't open my account,1
a68c67b9-228b-4054-9152-fd317c4d8cc5,one star kasi wala ako kachat!!,1
eecbdb97-7648-49ed-a053-74f8ef038975,Its unfair that some people have music in there notes and us has not bias,1
5c488554-6f6d-4756-bd0f-3089336ba262,aking experience for fierstime i am so happy i wanto brake uonyou ti dad experiece to the last change to be change i have day git talent tou again snssjsjsjsjajsjsjsjjsjjs,3
0f49f661-afd3-49e3-86d7-b7d4a81c5377,still sucks,1
12d83ff5-2a90-427d-bbc0-18778e2c540d,good,5
93715167-e5e4-4d5b-a908-513c419787ba,Best app but cannot share video,5
89c1288a-3485-49fa-a2c5-62e0951a0ab2,Nice.,5
272db2f6-aeed-4151-b14a-2f6c7da18c5e,Good,5
15e64090-f521-49d5-95d1-9917f8cc409f,BRING BACK MUSIC TO THE NOTES PLS!!!!,5
9adf5660-1c4d-44f0-ba3c-c00819c8a36e,💚,5
d8741a0c-fc63-4e02-b6d8-9ee7bfff4db8,Invoice header: *** Inc.,5
c4d9ad3c-916f-437c-b84d-42808c348df3,Only installed it because facebooks in app messaging doesn't support searching a conversation. Used it for that one task then immediately uninstalled,1
67591caa-2b51-4a35-9f73-3dc3acaff692,"1. Since the update about encryption and the PIN, the messages are no longer coming in, and NO, it's not even an internet connection issue or device issues. 2. Some messages like ""Story"" Replies aren't coming in. It just says ""Message sent before this device was added to this conversation. This message cannot be delivered"" 🤦🏽‍♂️ NICE! 🥴",1
33508ec0-a768-4d6e-b57d-c15f2ed62882,nawala yung song sa notes eh,1
9ffcbe56-1616-4d3a-87a4-6be50fe493c1,can’t send some pictures/files/voice message...,1
03e6f964-61e6-40c2-9bd0-1cf4ce3c631d,Angas pag inuninstall yung app mawawala convo niyo nakaka inis.,1
ef836a92-ed2d-4b94-9f15-dafd6c7bdb0b,The update it gives a bug,1
ca3f49e9-2e6e-43f5-b08a-63d569756f2c,تطبيق زق,1
47bd00e8-9016-49fd-93d4-65d8702fd041,Why the secret messenger has gone i need it FiX it,1
26517edc-10cc-4778-8a6f-6e12c91e0b39,Supebb,5
71d580ea-41a5-4d5d-9502-74c5a79972c8,Love you,5
7cae6096-738c-4b02-8297-7e9f8c4abbe5,can u update my messenger??? like with a music on notes 😞,1
c3c06b53-1a78-46e9-934e-931e71ea47ae,All goods,5
d37ff492-b42e-43b2-a4b4-a826bf04240c,Useful,5
bf1a7c86-b512-48db-8c0d-5cabe8ba71bd,qeetty,5
ec299de2-537d-49c5-b859-b3ebb5e445f4,good use,5
a3eff50a-04bc-4555-b2bc-6f727919878b,"The app on my phone doesn't show the parts of conversations I've had via the browser on my computer, no matter how many times I refresh the app? Also please tell me how to revert back to the old emojis, after I switched phones and probably updated to a new version I got different looking emojis and they are absolutely disgusting, i want the old ones back, can I change them pleeeease 😭😭",1
cd3f34a0-fea6-42ac-a8ec-61a94258bcea,suyat lyn,5
52332a2f-ed2e-47ae-a164-5d7be856b9b4,thanks for messenger,5
16ba5553-4be8-462d-8e67-a2a280a01231,Umm why can't i update my mess i need music note duh,5
b2ddbd65-e0a8-4bf7-8ce2-ccb8fd14692b,Nice app,5
80355c72-4eb4-4be5-9d1a-3adaf008dc9b,I can't play or open attachments that are sent to me. Why did I do the update.,2
e072c1ef-664e-47ee-a8a2-d8e2a8eab1d4,nice,5
e871b2c8-b49a-4e61-b53e-129bacffda5c,Loyal,4
962f6d95-7527-445e-9b26-850fe104e517,Where'd the music notes go,2
49ec19db-1f6f-4925-a89a-d4673bc2abd4,Satisfactoryly,4
548cd7ef-79ac-4613-877e-61f36a36e658,Great 👍,4
2fa209fd-fa61-4898-aa37-266eb04cc66d,"This end-to-end encryption thing literally stress me. My messenger crashed so I needed to delete the app and re-download it again, and after I log in to my account, my previous conversation got deleted or something. The most stressing part is I can't retrieve it. Some conversations there were important, so I hope there's another way for it to retrieve.",1
90e9534a-b72c-49af-9745-3855a802b040,nice,5
d99cda35-c4aa-4fe6-938a-f62ea5c48fbc,"For once, my message made it through clearly?! 😇🙏💞 To (literally) EVERYONE I could possibly think of, or contact.. Happy New Year, 2022! 🙃🙂😉 Thanks for listening. 🎶",5
2d167e84-7397-480e-bc42-d202c050863d,Hate it after the update,1
b92c1925-90ff-456f-a542-e50ed95a2ba5,"Bulok, bakit wala ako kausap?!😢",5
3ae2f7ea-7d40-42fb-b452-5dabfb39fbfe,Wala music note,1
0f6c0de2-c188-44a9-8aaf-852e152a6f93,Best,5
e111b731-bef6-4f4b-a879-546a4754191d,"For the next update of this app, it would be great if users could pin important chats or group conversations. It's challenging when there are numerous active group chats and conversations, making it difficult to keep track. Having the ability to conversations chats would be very helpful.",4
d6e6217f-20db-4fa7-8a70-80c14a6b8ec0,Good,5
7d8a1b1b-c561-4d66-bfcf-bd7eaef72595,siqonb,5
c4b16bc1-42f9-4282-866d-565f0b9fdd70,messenger why the music didn't work again did you remove 😔,1
833e4e5c-954d-495b-a074-05ff7a42da8c,Need to update?,4
dcc535f3-32e7-44c0-bfa3-e0ff76327c7a,Goood perfect,5
94034407-425e-4525-8889-c01e9d82495b,Update please,5
d9fafb98-197b-4936-ad97-e4c389cb34b3,Enjoyable,5
800484cc-a6b7-4448-86fd-9df0295e7151,It's goods,5
82331dd2-3986-4eec-a848-993125474bd7,Can't unsend your message in group chats anymore.,1
522fb77f-a875-4d8d-b057-a221bcd9149e,I like the app but i will give it only 2 stars because its consuming my ram way too much please fix this.,2
1892b5bd-d85e-40b5-b7f8-0960a083be81,"Links/videos sent to me are unable to be opened. When clicking on the link, it takes me to a different video. I Updated, uninstalled, reinstalled and no change. Fb and Messenger have gone downhill since Meta took over.",1
ceda9ef9-7cf5-4bef-a52e-ff478df2c09b,Good,5
a2ede92f-7291-427a-bd53-86c985c0f16d,good,5
b4fbbc1b-067e-4cb6-bbef-da3e1e3b8a2a,Great,4
81635ee2-82e0-4540-ba2d-34765d06b329,I came to talk about how the end to end encryption has deleted all my chat history after uninstalling the app and there appears to be no way to recover the old messages which has never happened prior losing years worth of chat history is a major inconvenience and honestly makes me not want to continue using the app I see several other reviews which confirms that the recent updates to messenger is not beneficial for its users,1
61c60792-9f11-4284-b13e-4181eb654593,The end to end encryption are worst,1
011dbffe-12e1-4ec6-90f5-26852e3bec16,the voice of the other side cannot be recorded during screen recording,4
8509d72a-21d6-4028-82a7-eaa7c5697c11,JoAnn rhymes 😁,4
0273fe61-c16f-42e3-85ca-b4c09ec6c225,nu yon walang turn off ng end to end sa message???,1
735b9152-39a8-4d53-8113-857ce9c233df,"IT'S NOT FUNNY THAT ALL OF OUR CONVERSATIONS IS GONE, JUST BECAUSE OF YOUR STUPID END-TO-END ENCRYPTION ALL MY FILES CAN'T BE SEEN!!!!",1
b1430b97-2f52-4cac-812b-c8b821ef1526,good,3
9b63eeef-61be-437c-bbee-42236f485ae7,its always loading when I'm texting,1
1dee557e-79f4-4fb2-baad-d878e2995351,Fine,2
ec441000-afc5-4ae9-9f50-a9b3cb1e57cd,I lov it it able to connect with people online either far away💪👊🔫,4
e6fcf96f-6d14-40e6-be43-e356883463cc,BORING WALANG KACHAT,1
69a84514-1699-4add-8067-b49c122a0ea8,Niceee,5
21cf1d19-b824-4bfc-a15a-6d81df8a6c15,useful,5
1f4c2c76-6b21-4b65-9ffa-4d9c7c28becc,Why is not downloading,1
37cae5fc-4448-4443-8774-aeebffa49722,Great fast way to communicate in a hurry. Great app. Highly recommend. Voice messages.sharing. stickers.,5
558027ca-df15-4549-ab65-257c2c1e4104,Hehe,4
9065f654-25b3-40cb-a082-e05247c6c562,"i uninstalled it because of a bug. then immediately installed it and when I logged in in my account all of my conversation with my family , friends are gone. please fix this.",1
50bb8bd6-b5e1-4bd3-ba1b-cfc23c04482c,"This app is so good, like the messenger having a music on notes like its perfect",5
507831b1-041a-4e45-808c-2998d5699c89,This is the worst version,1
c65eca48-209c-4e9e-ae3e-b2d31a88454e,Good app,5
9fa13c6a-1e9c-47a4-aebb-d297b58347d3,Cool,5
0babfc12-c67f-495d-ab0a-dd50328b83a0,💗,5
24910c5d-2760-4de7-8432-5ebc28d4c184,Bad,1
6c4ca9cc-1e4b-4e42-b1d3-177c44f641fa,Ilife it,5
7b9dfed4-b03d-4e67-9341-700a4a779bac,Good but I need new update for the notes that allow music thanks,5
38e85993-667b-4076-ae9d-5e9410e705a9,I like this messenger,4
52c6591f-3b1e-4843-8cf2-f33f07070bd3,My best favourite application 🫶,5
747d8505-340b-429f-9903-afe728dc8178,Great,5
7ff71733-856c-4940-95fc-8cd808d19fe3,Good,5
a7044bbc-1167-42e6-9392-e16b86199faa,5star,5
848cf90e-7f45-404f-bff3-c6697d716847,Nice,5
91ad533c-9c58-4dbc-8cb2-c8968ccd0a3d,Good,5
da959705-2fe6-45b2-a99e-7a728926863a,Good,4
83061223-1456-4aff-973d-e770e9f0f74a,I love this app,5
9c5fc928-a2ac-4d72-8ed8-b33fcc996a53,I love the app I helps to connect to people,3
cf585b05-8630-4ebd-accb-7bbd0baca1ac,Ang panget ng update diko gusto,5
a3ed505f-688e-45e9-96cf-3fa193111567,Hello nice to meet you my followers and friends,5
55b2c4d8-96a7-478b-a52d-e2a0e1e63818,Awesome,1
1a993eff-97fe-4f68-95ce-ff2fe1161bfa,it's too late update,3
eba47d55-2121-4a04-8c93-df2caee4365b,I don't have song note,1
f9b46ff3-e2f7-47ad-93f3-2acc647e5601,Same,5
9a68ecad-9458-4ba2-a542-5295f167e035,T.y,5
1f78d944-fdd4-495d-9bcc-50fb54bccb2c,"It is good ,but many times the audio is breaking up.",2
a989ab7f-fd11-403f-a992-dda0d38df0b8,Happy,1
b9dddf26-2640-45b8-aeaf-28dc75b5b691,ممتاز جدا,5
bfad7257-0cb1-4546-a4f9-22527db83e68,Bring back the music notes,1
9597a699-aa57-4fd5-95b0-a77a475f701e,not satisfied with the end to end encryption X,1
d1405959-c1e9-4891-8157-b901068ec346,Very very helpful!,5
d71d41c8-c3ef-4ff4-b2f1-92068fb87d3a,Good,5
d2a3befd-89d6-46a5-ab08-92e9c124b15a,Good communication apps....,5
2afbf917-f039-430d-8ac3-37f1d8df1634,can talk to friends and families,5
72a9bd12-0115-460a-bc0d-57557711b547,I HATEEEE THE NEW UPDATE CALLED ENCRYPTED!!!!!👺👺👺👺 MY FAMILY AND FRIENDS REALLY COMPLAIN THIS NEW UPDATE I REALLYYY HATE IT😤👺👺,1
5da24b9b-c228-4b5c-a554-cbd88c364d49,Messenger keeps allowing unwanted videos interference with your personal phone calls and videos chat this is not appropriate to have pornos show up while you're talking to family members this is wrong and it's gross to have this happen. Remove the intruder from my personal video chat so I can feel safe to talk to my family,1
33e7192a-05e9-4c25-9f76-c885a6bc8873,Bhutseras chhe.anr spk bikane jodacv6anu krukrchhe. Pravinbhai Thakor,5
ef00d314-32bc-4cab-a076-7e64452e32c1,Tagal nmn magsend ng chat kt may load naman,3
0b533904-cbd4-400f-a384-d6ae4458e2fa,Messanger,4
f13e17b5-f21a-4bc1-b634-c0627a31b4da,"Can you just freaking remove the end to end encryption, that wouldn't help us a lot, it makes more trouble, the important messages gone missing, remove this, for now I'll rate 1 star, tinggal ba naman yung music sa notes tapos pag nag noted immyday pa, daming dama.",1
5baf824e-941a-4eeb-8327-6e0bcbebac16,not great update,1
50c19d9b-f2ee-403a-8766-a9770e603cbb,this messenger App is useful to make comments and then consistently comment whenever you came across someone on the messenger chat. I love it so much... I encourage you to make use of it.Thank you,5
810c38c9-5466-44f9-ab48-e5744abd65ee,Tinanggal yung music notes baduy,1
b327d901-564f-4277-be66-f8d4ca5ed628,Beautiful,5
9de48319-5261-403e-98e7-31eb4bc550fc,POOR UPDATE 😵‍💫,1
8d229786-8648-4b39-8cd5-4d5079a7e9a4,Wla naman ako nakakachat eh HAHAHA,1
b90cc12c-49d7-4e0f-ac1f-78b9620502a7,Mahfooz Kha,3
fa142cfc-0d68-4515-9839-779115728e5f,Ilove 🌹you,5
fda90a20-a6de-4df7-82c1-12bbc36fca32,the new update is Worthless,1
76580084-eecc-4976-8cb9-a03863238310,"J,I see",5
ac75cea5-84f1-455f-a0af-a24941fde32a,Very good 😎😎😎😎😎😎😎😎😎😎😎😎😎😎😎😎😎😎😎😎😎😎😎😎😎😎😎😎😎😎😎😎😎😎😎😎😎😎😎😎😎😎😎😎😎😎😎😎😎😎😎😎😎😎😎😎😎,5
7168c74e-00ad-4091-8de3-c5276abb33b6,Files refuse to open,1
e54f4670-a34e-4fc6-87f9-374e9fbf5921,Its easy,4
74085192-6e96-404f-a244-499dcd04ce24,easy to use‚ and has many features,5
dc162909-80e8-4d8f-b22c-085b1ca9ff0c,Rtio,1
015b49e0-7ddd-49a9-a9e9-4be9df9d798f,Nice app,5
42c7fe07-b95d-422f-892c-634121d9a2bc,This is best app,5
f3d77859-99c6-4fe3-8dd8-1d3ee352ab7b,Waqas Ali,5
d3ad182b-a3fe-4820-a201-6bcc6f30fdc0,"ever since this end-to-end encryption deal had been done, message/chat bubbles aren't showing up until I open the app to see friends have messaged me hours ago. And funny enough it's only doing this with the encrypted chats. Every other chat I've got where it doesn't got this new fb encryption still work fine.",1
1a116dd7-3a54-4b99-b61a-9634c1ea6fbc,PLSS GET BACK THE FEATURE THAT CAN ADD A SONGS IN MESSENGER IT WOULD BE BETTER MESSENGER,4
71e42707-b320-449c-9a94-01c2f8ead589,Mdsaalom,5
44ad61a5-1460-4f57-825b-ebe00f71fb5d,the music note is gone on my device,1
e476ff66-6e78-488a-83b6-c55a20c62481,Hello ps,1
c8720f7d-fe56-4039-ba9b-a9c4d7b95095,I love it,5
acdec266-d6d2-4b55-b6ba-7cbd50e13bf6,good,5
d4933678-fe8d-497a-aa3c-9d838fc1aaa3,I can make vc my family and friends,5
3bba4a4c-88a3-405d-a379-2d9f4adf952d,Wow,2
9e4b45e7-68ae-4418-b74c-fd2714ca7773,Nice,1
123c0bd8-9175-4330-a1da-61a2bbba74c4,Good,5
e09a16c6-f852-43b1-b84d-898319ec6de0,६००,5
8b20ec68-5b82-4517-8e1a-82d35e198886,Why i cannot open my messenger?,5
4f5d6682-26d5-4c64-b426-34df23853013,𝐆𝐨𝐨𝐝,5
8e90f201-1457-4c04-9b08-b217dbb01514,😍😍😍,5
64c9e62d-4ca3-4765-8541-eeca8412bdc9,Very approachable attentive accommodating .thank you very much for helping and assist me .,5
1dd92a5b-deeb-4191-8676-ed67525044a6,Very likely,5
d732c09a-bd70-4772-b4ad-74d208f97af1,Helpfull,5
e3c51f20-5659-406a-852c-134cd8fbe5dc,Nice,1
60f00563-8434-4cb9-8086-9fe1eaacbcf4,"Hi!! My experience in the new update that includes having music notes now has been fun till today, I tried it and once I pressed share it won't show the music. If this is a problem, please fix this. That's all, thank you!",3
b70682f0-4fcc-4595-8eb4-9d388e6a6402,Aarush shahi,4
535ad4b2-d38d-43c5-bef0-46c859f49541,Good,5
a4f754a5-61c4-4488-8ad8-ebeee51dcbe2,u can message all of your fb friends in here,5
c05d5bc5-35ec-4f4c-abef-9aebcad14a47,The /Imagine function no longer works between my spouse and I. It does work on personal communicating with myself.,1
d9fce255-65ce-41e1-a73f-39c72aeff77f,"I'd give it zero stars if i could. Okay, we got over being forced to use this app, whatever. The recent updates and useless features absolutely DESTROYED this already bad app. End-to-end encryption made the app unstable, removed all my chats(yes, you can't search for old messages anymore, the app just crashes) and it makes the whole device lag. If it ain't broken; don't fix it. End-to-end is a great thing when done correctly, but not like this. It's forced(nothing new from meta) and it's BAD",1
dd119642-abd1-4390-aceb-83c5ab88d3b4,"Help im trying to figure out how to do the music in notes, but ended up with encrypted chats",1
f0493e44-1938-4c1e-b7c6-f1eba35cbdd8,so many bug,1
ee0c6511-41b9-4193-8765-34fe44f18e1d,Yesseeer,4
7eca4859-5116-4b15-b7b1-9c3e19a4854e,good,5
d2008819-3167-4063-8ccf-bf5aa473998b,Nice,5
9a9371f0-46a8-4eb0-82b2-f20c4cc9dece,"Worst update, and switching acc from messenger will take month or even year to switch acc",1
dcae3ff2-f1ed-4835-84f6-07a9fd7af64a,Nawala Yung music sa note ko,2
2ba65712-0843-4222-ba72-93e4133a60b9,"Idk why the reviews are so low but messager is totally fine, nothing problem, you can massage, call and group call here, no adds",5
c9062663-9513-4242-b0b1-84ffa3fba1be,Jessie angeoes,5
e39c9e8e-c4b6-44fb-85a2-97a932a8d8b7,Its very helpful but sometimes it's crate many issues which is very uncomfortable.,2
45486a0a-cc0a-4920-a56e-3222c98bf8c3,Again scammers are everywhere but so are friends,4
7262051c-d7a9-4f60-a8be-e698cb879bbd,PLEASE DO BRING BACK THE OLD VERSION BEFORE IT WAS END TO END!!,1
eba8d076-ca9e-4a70-904d-f71461a8f0a3,l love it,3
6505d089-575d-4841-9764-549944f822ec,Average,3
910448aa-4bcf-46d8-8701-a1488a09ebe3,"It's a good app. But now that we are in pandemic, can you upgrade it like put some highlights button with announcements and important messages. Edited= The ""Pins"" are ok because you can pin the important announcements why did you remove it? Please bring back the Pin button. Edited= Thank you for bring the Pins back",5
10571402-0f4d-4156-b7d8-d4a7f63b8ab9,"Not satisfied am not receiving any from my sister Nora Inyamah, even when i j have updated my messenger",2
5df89d8e-57e0-4476-a1ae-e7c0d121c45e,very nice app,5
df756d76-1926-49e8-8f6f-736fdaa52db0,how to activate notes music on messenger,5
ca80bcec-438e-42f6-b4e6-4dafc34bdab9,Awful,1
b7dec8f5-df42-4c39-bb46-f040668de797,"Update is so useless, I can't open my messenger",1
3bcd33a8-3c76-492c-8da2-735102e066ba,I'm 54 years old I'm going to be 55 on September 19th and those girls are too bad for me they're not giving them ones that I like,4
31388be6-d1c6-444f-b077-7dc4cb53e178,why are the notes suddenly disappearing?,1
ff171fe4-ecca-4359-9501-5d5e81651084,Disappointed with the update 👎,1
44417989-82f6-4edc-ad1d-074a602a22e2,"Hindi ko gusto ung pin sa app na ito. Ayokong may na dedelete kasi na convos. Please, remove the new update that end to end I hate it my important messages got deleted and I can't bring it back",1
d74f38ba-0d4c-4845-bba6-4dc4193c2cb1,Good,5
b26acb5f-4756-434d-b735-4e116e5d8ef7,Very good service,5
eda1cbd6-ba4c-4a18-a643-4ea573be295d,The app always crash,1
d9974c8f-0718-4978-9866-4d1b2ecabe1c,Goof,4
17b50a62-4080-477f-8848-01d4c13fc97e,As bad as it gets.,1
8d87464e-c8f4-484e-ae91-0ad4600636ca,This app cannot be open and not updated,1
87b2c649-0dc7-482c-a9af-12e05b7fc10a,Niceeee,4
d0ebb417-bd42-4ebb-aec1-6e9f925c1e86,Useful app,5
840349ab-28a9-4a75-86d9-52a0cec3c87a,only getting more buggy and unusable,1
2582f2a6-cbf4-4c9d-998f-d87d5f48cd16,Really good,5
83ffef1f-02e7-4ced-8807-7cde1022af3f,niyska,5
a4e35c53-0286-47ac-8c34-4a15f1dfe72f,Where the music?,3
4d00593c-6cf7-41c8-9143-9c3aadb4478f,😍,5
7f496185-999b-4f27-be36-59aa6f051456,The messenger eend is ugly. The chat is even better than before,1
a1812f2b-dea7-415e-b740-25fbe9d72a59,Good,5
1ec00743-3a0e-4c92-b9cc-9ab5f60baebb,This app was so so good i hope it gets more stars,2
8dfbfc9e-5426-432c-9330-3d1cad15bef9,Very accurate,5
2e915bdb-2440-4f64-bc13-84e54fd5772a,"when i updated my messenger, the notes aren't visible. tsk, while my other account have.",1
149e8a9a-84e1-49be-a400-c36a8e864178,I hate end to end encryption!!! And please back the music on notes!.,1
f762e399-a06d-4a4a-be24-d6b2db79fb30,Its helpful,5
f44f81bd-c204-4e14-bd67-eb60f15c17e5,Love it,5
95768c27-029f-4729-9e14-a7de5e579420,only two rates because I don't like end to end encryption,2
e4d2367d-7870-4313-a204-eaddab05d51f,Wala chat head,1
1e5ac7fb-52fa-415e-ba9f-fdedc319afb1,please remove end-to-end encrypted I can't see the message,1
2235ad09-3eee-41fb-b504-a84018da7537,Good,4
c877b9bd-baea-4d25-bc64-5f21cee94044,Dipa nag update,1
ae2ba7fd-7558-4a9a-9456-a5948177bd5f,ilove this app😽😽😽,5
e10559d3-7ac1-4d10-bddc-d7c0ffb25f55,Mind ur languages,5
d449a52e-0b20-49a2-976a-a80ceddb9470,Hindi ma play Ang videos di makapag save Ng pictures 🥴,1
dbb89359-d30d-4d3d-be5b-e2cd1c07a888,I love,5
3aeed949-25fc-4c59-b5e2-29fccc7d4e98,"I have my status on Facebook and Messenger but I still don't see anyone online, then even though there is a new update, the new update that has music in the notes has not been released, Fix This APP. Thank you",2
b68f1b5a-df1d-4528-aba1-96dc1bb16b4d,Okay,5
4eb91e5e-77ca-48f1-ad71-db385b45d38a,"I can't call my friend, when I called her it said “ did not answer ” automatically! we can't contact each other! I'm disappointed",2
155bf933-f66d-45ab-8840-6d132fe3b926,"Unsure ,it tracks and nows everything..my personal life and all , camera watching me .",5
e886b491-685b-406b-bdb6-b63cf0876682,Your end-to-end encryption update is the worse. Parang yung update nito pabor na pabor sa mga cheaters eh tsss. Sobrang di maganda yung update nila na ito di na mabalikan yung old convo.,1
440c427f-01e9-4409-b9bf-0a25674c307c,It is nice,5
0e4613ab-0bde-41ac-91f4-0d14d8699597,I need note music update,1
23c68410-9a1b-424f-b367-fc193b9df888,A6 David,5
3512d39d-fda3-41db-b34f-b7f995ccdad9,Wala kong music notes,1
32d0b2de-db72-4918-ba51-858dc85751c8,Bad experience with this app,3
6734464f-779d-4b38-a857-8ff39de35ed9,Nice app.. 🥰🥰,5
0db93f39-ce3a-4e04-a0d8-d8f00c561a7c,"ALWAYS HAS DIFFERENT BUGS, HIRE BACK YOUR OLD DEVELOPERS PLEASE",1
cf3156d5-4380-4caa-8b71-30fb73393159,l need messenger pleasee,5
f5b11c71-c973-4c66-bb72-2e1e7251e0e9,So many bugs kol,1
a0385f80-f95a-496a-b45a-56ed8eeae1ca,It's getting worst. I always install and uninstalled this apps to send a message. It's not very usefull at all.,1
81f631b3-810d-4f6f-90ab-3d5329190673,BAT WALA AKONG NOTES?,5
05e5a6d6-2522-497b-a25f-35c1c6eebf2f,Buggy and hangs frequently.,1
b3d982c6-619f-496b-b5b2-a479b7e31986,Good,5
0b85c604-5613-4915-9547-85ab17b4fad9,my messenger notes don't have music,2
7a949a4e-5eca-48d2-b2ca-4aac795a9acd,nice,5
0f80900d-78bf-43f6-84dd-2c5ab7ff1762,Nice,5
28d6f266-d1f6-4ba7-9108-88967325c66f,Very inconvenient for the new update end to end encryption. Some of my conversation are gone fix it Metaaaaaaa,1
536bd48c-afe3-47c9-bb5f-5644ff3f6aef,I like it,5
e8833b89-365f-477e-8065-99dd0efcc2ff,this app is so good,5
c5aef273-ee56-4eb4-9aee-e85e603155a0,Need song,5
cd77f2cd-4903-4f69-9cdc-269cac934855,Ganda,5
bb8c577f-0770-4a47-8e8f-8d0c48b9fe1f,music notes got so many bugs.,2
501f8e93-13d8-448f-b531-61d55bde8e13,Is been fun,5
4e916826-c568-40bf-879d-c00f2de1b3f4,Good,5
6922850f-3742-4655-b2be-ea59fad58ff9,Tite,5
8a9c68d4-595f-4348-b06c-e33b199bb3db,BAT TINANGGAL YUNG MUSIC NOTES FEATURE??? NAGPAPARINIG AKO SA CRUSH KO OH,2
ac4f5510-9415-45e4-b36c-d96d0ba962da,❣️❣️❣️❣️❣️,5
5c7bba3a-4891-4e8b-a50a-d03a0f20f87e,1 may🎂1 2004,5
3620cd2c-59cb-46db-b75d-b513e916abc6,hajhaj,5
023592f9-540c-43e6-8e54-0f6a24883716,I don't really have a problem with Messenger; I just joined what the others rated.,1
ac0479eb-c576-433f-99dc-6346bea40b3b,Awesome Service,5
28e07487-597d-48ff-8e9b-f153024e3ca6,I think is the best,4
19690a93-6f17-4f6a-aa71-8ebea79b5fc1,Goood,5
40dddf94-09fe-4d24-9b4c-66ab5edc0db6,I cant edit the picture what happen To my mesenger Its ok now,5
00ec85c9-216c-4af0-b0c0-4a5d698a5e8d,Update,5
05c2de5d-f074-4eb6-8438-d0b71a335678,I like the App,3
92da6bcf-395a-4a00-94df-b427ebe08ad0,You can chat or video call your friend or family's this app is so nice,5
648a92d8-663c-4981-988f-33a9d53f3eb0,I think I love this,5
009b370c-915a-45a6-9332-ef66d1277f6e,Happy 😁😁😁,1
bed364f5-8694-42df-bf1e-baa73c762074,Baddest,1
1a2087c8-b228-49c5-b826-e55c06dd026d,Awesome 😎,5
c631de4b-0b22-4aed-8a9b-90dc2beda3ed,please return the messenger to the old one without end to end encryption because the convo is important to us...,1
e44b7d30-2085-4a46-94a1-1f5b5d5395e1,"End-to-end encryption is such a useless feature. I had to refresh multiple times just so I can read old conversations. It also crashes on occasions where I needed to reply asap, it's frustrating.",2
e3f2fa9e-bb4c-4ea7-af29-12c9ac4cdb76,some one sent m a reel from fB then there a notifications comes u r using out of date messenger ipdate it to view message in fact its totally updated .today i uninstall messenger nd again jnstall it but again the same problem *u r using out of date messenger update it *,1
0ecc328a-9bd4-425f-9135-5fd947c6c805,𝗁𝖺?,5
93faa79d-03ab-467d-bb30-214db7a65fc1,can you please bring back the music note? don't give us that if y'all just going to take it away tf,1
6b8346d8-9c0e-4307-a5e5-d9299f3acb6c,Amazing,5
b77897cc-b4cc-41e9-9039-a7eb1e872586,"When receiving images, they come grouped together, and you can't give a reaction to each image. Also, while looking at the enlarged image, I can swipe to the next one. Images must be closed and returned to the group images to select the next one. Is there a fix for this?",3
b47933f0-ee2e-47e7-b4a8-9c971f9b2f33,Wow,5
7275616f-647f-491e-93b6-498004f326d4,"YOU GUYS ALWAYS NOT LETTING ME TO SEND MESSAGES! I DIDN'T EVEN DO NOTHING YOU GUYS ARE NOT GOOD, FIX THAT BUG, THAT'S A ONE STAR FOR YOU",1
d145de49-c27b-4d50-b131-c96f9f942bb3,it's good but not really Good,5
fc8cb33b-3a55-4541-a182-8997368dff06,Richa yabav 😗,1
1df8d206-d435-4a59-a7c2-7fb735315703,balik nyo acc ko,1
dc982a66-1206-458a-ab7f-e15d9b0471ae,Wala iyong update na music sa notes bakit kaya.,3
0f9cd634-bc14-4ccb-82d7-5b5243fd25d9,"I've been reporting this bug for such a long time and many times, but META doesn't fix it. I keep reporting that my Messenger account has no notes, but when I open my main account and dump account, it has notes. So why does this account that I always use have no notes? Can you please fix the problem? My friends in this account are not my friends in my other accounts, so I can't see their notes.",1
f710c19b-16e0-4e06-bc9e-71c1114e6d36,Popular,5
98cb0195-66c6-4bf0-8d79-83aa91adb3ac,"My Name is Paul I live in Ghana, I am a business man, manager of food Angercalty inderstroy.",5
f91df127-31d3-4b3e-8997-95c08f63c962,kingina niyo,1
f1aa6e11-f5a7-484e-bae5-d65dfaf2a739,Can't Open and send message,3
21dbb8b6-bca4-4d90-8c33-250fad259a09,"I Cant see whos Online or offline bro can you guys just fix it instead do some random shts like lag and etc. also if i switch account, It will Take me long to Let me in.",1
bd72133c-915d-4cd7-9b78-0572364c32b1,no music notes? please give back,3
d8e2a289-c6e8-4342-a8d2-abc12d31f356,Good,5
ae3f95f0-7cb3-4849-a0ae-d8ea21d3b826,stupid encrypted,1
12c4822b-9e35-4f9f-acd5-c305293ff9d5,Pumangit pa nung nag update ako nung huli na to mas mainam pa ung walang meta,1
f5d32718-bf8d-48b0-8959-afa1998efb9b,Nice,5
b550e3be-1358-41ba-a4c3-66cbcc99d7c7,Ronymia,2
d2d9021e-c7eb-46dc-9eb6-3ccfc4dba0cb,Good,5
9d8a4d11-0bab-44eb-9b6f-49d047f635e1,Nais,5
cd80bf39-f81b-4397-bab9-de3ea1a4884e,Good,5
59c72c48-559c-4aeb-b4be-0b3a1de8ec93,Naic,5
13ea2535-c168-42eb-b205-11e9b2aea788,Ok,5
cd64caa6-68da-406b-af0d-f31fce9ae284,La aplicación falla horriblemente todo el tiempo,1
f10f11cb-6607-4f5a-adae-1859eedc7612,nice,5
8993fe64-4b43-4b90-9b81-bb0d0f41ed08,Good,5
5a103e33-1ca5-4b61-9e1a-211f75b40e2b,Great aap 😁,5
a129a226-c5c8-4e5c-8a87-adbab0da4a18,It's good to call,5
201d2f07-c111-4bf7-9ffe-9a33ea5f94d3,pangit ng update may pa end to end kasura tas yong sa kanta sa messenger wala din umay,1
9483cbe7-9df6-49e5-8e9b-d91fbaac30e1,delete the end to end encryption!!!!!!!,1
24c76ee1-8a3c-4c71-9da0-de1347836914,Yung bugs,1
da61f93c-de9e-420c-bd18-91b665af28c6,"It does not Work so well as it did before....it becomes too slow, this is so annoying, besides this i face so many problems... I'm very disappointed 😔",1
b3856f63-c6bc-438b-b12f-43a3a40182a0,Thank You for update,5
c619d61e-2697-46b6-adf9-0cdba2aa2722,I like it nice,5
f88880c5-9dfa-41f8-b5cf-e8848d8fe1a9,VERY VERY BAD 👍🙂,5
2cdf676e-041b-483f-8ad7-ffb98b09a3cc,Excellent,5
ff5a57ba-0f2f-42bb-a6b9-e426f747e63e,End to end encryption-junk,1
223acb0b-8b9f-4841-b8be-81a2709e0de5,End to end encrypt ❌️❌️❌️,1
a00999e8-799c-4a3f-9c10-17dbb3a4191f,"whenever i log in my account, it's really laggy. so I've seen the text but it says i haven't read it yet, i can't send pictures, even texts, overall this app is great and the only app i can use to communicate with people so 4 stars, please fix it thank you !!",4
4b954043-9246-45fe-9293-5a705708d13e,Why won't it give me songs,1
0a0bbfaa-3bb6-468e-b458-16b0aad6338b,Good kasi nag uusap na kami ng crush ko,5
cdef7eaa-d229-4151-9729-7fdb586aeb22,Nice,5
87d5ed54-3667-4912-a887-5fb05c78af0b,No problem for me...its excelent our messenger.,5
717b19e8-00a4-4f6e-9f40-1f9d0fca5c4e,Excellent,5
0059b13a-9e81-4b7a-bb15-58ec1cd99f1c,I love this app because you can meet new friends here in messenger. I'm going to recommend that to my friends,5
db6eff94-9a3d-4e1e-ae56-807f5ff23d68,Worst update ever,1
a839eb93-ed9f-4eec-b1c3-e4848406b019,good,5
86fb7f15-a598-4fc6-b48e-9820f80e6cd7,Laggy experience and many glitches. I'm so annoyed at this new update,1
961a5ff3-009f-411f-9606-77dd1c72bdfe,Very Good,5
410daae3-7ead-4ef4-9a07-724c8f60c01d,Nice,5
1142e3dd-33f3-4a59-b915-d2d123294abe,Nice,5
dbf846c8-42dd-46f1-8240-15c5edd2baa5,"Location share is one of the most important feature imo which works so badly. It’s inacurate, doesn’t update realtime like Google map. There is no refresh option, creating direction option, doesn't give any pointer when I rotate so I can't know which direction I'm facing. It's just overall bad in my experience. It really needs a rework.",3
877280a1-d0fb-4862-b7ee-d58e0149ec9b,low quality image if I upload 👎🏻😔 I hope in we noticed 🫶🏻🫡😘,3
c2556757-42b0-40e3-95b4-ac35d23eb7fc,Very useful app,5
45114516-d8dc-4989-8d16-6e8c8c22a2dc,Ok,1
3a8686ab-2277-42e2-a141-fcd770dad81b,Very not good,1
6c29793d-ba5d-460f-8814-5e138fbe8219,We're good now okay? Fix my music notes na pls. Ty!,5
94551ce8-b430-45b8-86ba-c514bca72712,it's easy to use and nice app but sometimes late update,4
1d089a9f-8058-4607-8e2a-acec55325150,Nice,5
442975a3-2d52-4cb9-85f8-38856aaa1ed0,How to put music in notes?,5
64fcbb63-82b3-40b3-947a-19ceab50cea8,Always a glitch,1
b48e97b3-853a-4f7a-a8d8-dc6326ec3a3f,the end to end encryption feature is just a piece of trash,1
9e86dd30-aae6-4029-9d22-0d46fc70af37,Idk,5
c078daaa-a055-4d21-8b8f-9c3efed192eb,I like it,5
2fe293bf-2c9b-4af3-8007-401a36c93f30,Ad,5
7a9c9b9b-a57f-4db6-86e3-22bd78ef0fcf,Please remove the end-to-end encryption I need my messages back! I don't remember putting a pin on my account!,1
47b18b34-f6d1-4afc-85fc-bfd6561fed7e,Ok ig,5
3bd3a75b-7764-4086-a003-8cb283605f21,It's good but sometimes the notes in music is disappearing and I need to uninstall the messenger to bring it back. Please fix this thankyou!,4
738a0fec-df22-48e9-bfad-0b75c78dbc55,Sending live location is gone😩😩😩,2
36d72bef-e023-4291-a3c3-baffadccf975,Ok,5
9f0d76dc-bf08-46ee-af70-0fcdb73021d4,Good,2
050fe53b-48ce-4fc2-8fb0-907166802623,🤩🤩,5
03de76d1-95fa-4ebe-90ff-756f04c9739f,Awesome apps faadu apps,5
0c302b47-81cf-408f-82e2-8eea3d32eae6,This is worst version I have ever downloaded after installing it can't wark,1
bc737c68-8990-4fda-aeb3-086bcfa848bd,Good,5
39614ae4-e648-4aa4-8524-ed4a31d6b790,"updated messenger is loading too much and you have suspended all the old version messengers, this is too much for messenger users, it is no longer good to use messenger.",5
8f2d8d8c-53cb-4f4e-8b66-67c54981419f,Past,5
a68521d0-61bc-405d-b25b-6abb02fb77fa,♥️♥️♥️,5
6227555c-438f-4bf9-8661-c8b708f59077,The most bugged and problematic messaging app of this century perhaps...,4
e91b4442-0435-4898-812f-3815ba35fff3,It has fellow Update,5
a946752d-3bc4-4d99-b5ff-46ee898bd6ea,Bolok,5
6e6a3e79-30d2-40c9-9e9e-f7e4919a85cc,worst update.,1
f49b6123-eb47-4326-a091-b21af4554196,Good,4
41605707-a62d-4c96-9c92-04b66eebd70b,Iniupdate q msger nawala lalo di q maopen anu b yan,1
3892aafa-ecf3-4bca-8c08-9667bae789a8,Five stars,5
7acb9e8c-2676-4eef-bda7-b7045675ac64,Facebook never gets old the problem it's Facebook works like a virus for your device battery drain for no reason not even running the app but who carey,2
8caffcf7-e045-4e4f-85b7-3080fb64f227,Nice,5
d62335cc-19fe-4ecf-819a-77e0c33f283c,So far ok,5
f69533a9-bd3e-4552-9585-8dd0ef8a0918,Yawa,5
f09cd619-a505-4031-8ec0-1e1dcfbc0703,Positive +++,5
94b03f97-4ffd-431d-858f-fa207812a556,I love messenger. Master Philip Bierhuizen is my Master forever.,5
4b5a6b69-c713-415e-b314-7387b3261f61,I love messenger!! Almost my main go to next to my phone texting.,5
3564294f-54ad-48fb-b64c-15139c474f5b,It's good,5
71844b57-4e25-41e5-9f15-dbf5218507e8,Pleas Install this my Profile to my my Privacy screen File,5
631a337b-e29b-401a-b9c3-992a6e223077,চ েটাাডপ,3
c74ee5b8-3d53-401b-98f0-e25ecf9a01d2,Alvecsmek enhddjw i have,5
0f80fc53-36b8-4dd5-a8ac-6cf4a59e2148,Eyasmina,5
74a5ed6c-8072-4735-b2ff-284cf834bb70,Pwede na malagyan ng music HAHAHAH sana ol patama ko kay crush HAHAHAH sana din yung new update kapag mag notes ka sa Messenger sana makikita natin yung kung sino nag view para makita ng target viewer natin like sa FB pag nag MD ng mukha nakikita kung sino nag view HAHAHAH pa notice sana naman HAHAHAH,5
8a7ea3b8-5b50-47c5-a063-45ffec439cf4,🫶🏻,5
e75371c8-43fe-4845-a3ad-cdc7e9a612f0,Somthing is bad massenger apps.,3
c7d58037-c864-4a16-9ed1-5a19233b2c62,Very beautiful,4
bfe23020-cdf8-42ac-8694-d8417fbb2ce7,Ok,5
e281a989-feb8-4598-910a-81dcf68b5cb8,"my messages in my threads keep disappearing, always comes up with unread messages notifications, so I'm always having to reinstall the app to find there messages I've already read. it is my main way of keeping in contact. use to be a really good app but lately it's just hoha",2
eceffd9e-e3e3-4990-b113-80269709d89e,Bugo ka,1
9313f219-0ebc-440b-b9de-2a7f71825a56,VERY VERY WORST VERSION!!!!!!!! NAWALA UNG PREVIOUS CHATS KO DAHIL SA END TO END ENCRYPTION NA YAN!!!!,1
e2b9d733-bb8f-4a74-bad0-02539679ae68,good,5
f5cb0250-d7f4-4248-8d8e-b59bbdef84cf,kainis,3
6c64d7af-ea0f-4e25-8b9b-e027997a661f,So disappointed the new updated is worst and worst!!! I like the old version than the new version 🙄😡😠 Bring back the previous version. I don't like this new updated 😠,1
53291c22-5b52-4034-84a0-a509147d52b2,Can't work. I can't open this app I don't know why. This App updated already but still not work,1
47f77485-2de3-4386-92bd-94107725ae68,good,5
917c363f-be94-4838-b78c-f0736e4350e5,"i hate this app, wala ba namang ka chat",1
6469bb09-5003-4273-b21b-f0a52a424953,i can chat my baby 24/7,5
e44d9923-a91c-4c40-9bfe-38f2520a86b9,Junk,1
b05467d0-3563-4576-9365-8a290d2ded7c,Can't send a dang video now!! Thanks Zuckerberg! 😠,1
aa20cee5-e85a-4349-8b78-547617c5865e,Awful!!,1
bc666dd8-2af1-446d-8e96-ca4cc5b6ab20,Bat nyo Naman Tinanggal Music Notes¿,2
0483a456-84ca-450b-96bb-d5bfc28eafd1,Nice game easy win. I love boxing king and Crazy 777.,5
8c6bc7b4-d8fd-470d-9c9d-7efc18611aed,Subin,5
927f93c0-002f-4082-8f9c-250498f5178f,It's the worst update,1
b3726eaf-1304-445a-bd9e-09731870c872,The music notes feature does not pop uo,4
9b119e09-4cb4-4164-beaa-bd8e262fd51c,"I can't seem to send recordings from my recording app anymore. Usually when I share it options for messenger is there. I mean it still is, but I can't seem to send it. AND switching accounts takes long to load or sometimes it just doesn't. If this app wasn't mainstream, U wouldn't use it.",1
628623ec-7bd5-4c7b-b649-036309243d55,😭,1
b21d6938-3a88-4349-830b-3a87dff0c3c5,nice 💓💓💓,5
8e356971-3ad0-424d-b790-bc4b9d334eed,"Bubbles disappeared, and the option to turn them on is not there anymore.",1
f3cb7d2a-b9c7-49b5-9130-78aed4006c72,Good 💯,1
86d9f9c2-a15d-4b89-abaa-fc6de6d68ceb,I get too talk too all of my friends and family it is a great app,5
5148208f-179b-4346-be3a-bf937b5ca2f3,Very nice apps,4
f31d29bc-d1c5-4c4c-ad15-5416357fce07,Es mi faborita forma de comunicarme con mi familia gracias lo recomiendo ampliamente,5
1ee2eb89-0df9-4d07-bf8b-6749d03ae765,I'm happy because i have Music note but...when i look at my friends music note I can't see and also I can't hear some music from them!! Please fix it,3
bb7841be-5fbc-4163-bfa5-3c41dce12491,good,5
bba249f7-84cb-48cf-a7c9-3e0ce3dae081,worst update,1
23a091c2-dcf5-4f84-82cd-11f635b096ad,please remove end to end encrypted,1
c381c049-d208-4b8f-ac56-c20efc62553e,Fine,5
a200dc7e-6c44-45b6-808c-eb3c47e68e17,Good,5
ef5664f0-c5bf-4b01-9cbf-8a60a398d95f,I love using messenger,5
2174a3ac-c73b-48b2-be04-b59bf2f7a2e8,horrable apps it must be delete this apps im not happy too use this😡👎🏻,1
5e3b511a-7d47-4470-8bd8-e9364b24c1ad,Nice,5
f77cb582-eaf8-4ea1-a50b-5d0ec6004084,HOY BAT NYO NMN TINANGGAL UNG MUSIC SA NOTES KO AYUS AYUSIN MO MESSENGER BAKA DI KTA MATANSYA,1
2406c38a-9cb8-42b9-a13e-d452d264675f,Diko alam,2
c4f54ad6-d91a-4e5f-80e0-950ad0d5ebef,actually bs.,1
b2bec5bc-3664-490e-a6b7-b2132723fd28,Smooth,4
4bf76815-43c1-48d4-b641-a121fcabc6ad,Awesome,5
d365a6be-799e-422d-a8ae-49d18956cb70,Nice app,1
9688339c-ee93-4bcb-9375-f611d4582b5d,Awesome,5
bcf0dad4-0a8a-46ac-8ea2-7ba1f176332f,Good,5
46b5574d-72bd-4c19-8af5-aab5124447a2,Can you tell me what is my pin because I don't remember creating one this just unnecessary and why do I need AI for just search for some one,1
0c68e2af-bd41-4f04-a467-1f9cfb765fa5,ভালো,1
d2b61407-7de5-48a0-a13b-eba2de913048,"End to end encryption sucks. Like who needs it? Also, why is my main account don't have ""Notes"" feature? The app is up to date. Stop adding trash in your app, like end to end encryption and improve what's needed to.",2
b387c160-616f-4436-9a39-7d468442dd7b,bakit walang music? kanina meron tas nawala nung inupdate ko?,2
76640da3-846d-4215-bc39-14f13385c13d,GOOD communication,5
da86a3ce-230e-491d-bc78-37309c95f853,great,5
7a43f229-a5ab-4bcd-b11c-53b5a2d88e4b,"Since Nov, possibly longer each time I play a video it freezes the chat. Now (Jan) the app takes ages to start and respond. Very frustrating Am looking for a different independent chat app. Update: July and new phone and still happening. Why!?!?!?!",2
dec73b22-fd51-4e78-817a-e1981aa14c0b,"fix your app bruh, so laggy",1
ee526d3b-a809-43ce-b948-2a9915c488a2,Worst version after the update.,1
e8e7b215-fc2e-475d-8033-675417141ee5,Only 2 star cause your end to end encryption are bad it deleted my Conversation with my gf it contains many information and it wasn't deleted,2
9b1cb0d4-7989-47fa-aed1-25f7ec162220,Will be typing in the messenger bubble to someone and it will exit the bubble chat and I will have to reopen the bubble a few times to type one single message it's really annoying and not gonna lie has made me send a few gifs at inappropriate times to send one and it's really starting to get one my last nerve having to say sorry for the past few days 🙄,2
e02df32a-dd61-47ff-8746-aebf0286e25f,good,1
c17806fd-7651-4c09-9628-f409615e9a69,pogiko,5
f6f7fc54-8be9-4b81-939a-ecf2e6daaf42,soleEyobe,5
ef523c69-7361-4520-9da1-23fe90598181,i don't have music notes,1
037bb456-6427-4dc0-abf5-8125b40144dc,Highlighting text to copy is not working. Also I can't open facebook reels using messenger browser. Lol,1
dafe7d5c-1153-4077-8e55-9bb0e8df75ca,The New messenger is strange,5
61e76931-4159-4ca6-b4d8-8a1ed933c7c9,The image layout is too bad,1
2bbcdcfc-5546-4370-9511-3633da38d4b3,My chats with my friends are disappearing so it will be fixed soon,3
3ba9a385-a2e3-4a47-88be-3970b51a98f3,can't use the select all option when writing a message,1
ab0e76d7-6969-4418-afe4-2e4ee5b7f2b8,"IT'S 2024; SAME ISSUE AUTOMATIC SEEN Whenever I received a message (happens quite often now) it automatically tells the sender and the recipient that I already have seen the message THOUGH I DID NOT OPEN IT YET. It scares me, and my friends experienced it aswell, I'm not just making up a story it's a fact and reliable feedback. We somehow thought that we've been hacked. Could anyone explain why this is happening? Is this just a bug? Or someone's watching me? 😨",3
f045251d-163c-4fcf-abff-dadd1508cb07,good,4
31497d5b-6362-4294-96e5-88c6f013693c,Ok,3
8b8fa5fb-caea-4624-8d5b-6f22c906b512,bring back my music notes,1
1ef2ad36-7be4-4b90-a4cd-11fc2461a820,Gnda mo,5
d5e96cf0-5a34-4bd0-9727-a706fb812511,exciting,5
f8059cd7-c1dc-4ded-8d5c-2106fd6aa02d,Nice 👍,5
3d3a14de-917f-4b9e-aab3-b21f1b335cae,messanger please remove end to end encrypted im beging i lost all the conversation i have i hate it so much. this is my only problem right now and please if u can make a way of bringing the old conversation please do it im begging i really want the old messanger.,2
5564ecc9-a45c-43a0-8401-42e473bbd142,The active status bugs and I can't see if my friends is online and they can't see me too,1
f284d4b5-e27c-4f76-8b50-305be25645cb,The music notes has gone😭😭,1
6b66ac7a-f35b-4202-bb37-8e4975f1890d,Good.,5
7acfcca5-5441-4818-91c1-edbd74a7a9e5,what a nice,4
92c2a49e-7c8f-4341-8c02-13082990d642,good,5
6bff5be9-cf89-4acb-8114-d8cb01ecc3c6,Pls pano magka music sa notes💔😔,3
5609d34a-7782-4f76-8858-df2c5d38efa4,optional,5
d952b7c2-4f5d-430d-8d59-19f61c1e4c83,"My recent convos delete, I have so much memories on my recent convos I hope those conversation that deleted will back",1
64f35f8a-3cd5-47b7-86e8-7de6ad007aab,great,5
df607e79-e81b-47c9-98f0-5c8a70c568e0,Hot,3
4176b7f2-1715-43c6-a04a-43b372eae19e,Easy to contact you love ones,5
411136c2-f26b-46f3-8e6b-725c53c84a12,Hoy messenger ibalik moyung notes music ang Ganda Ganda nanga paki balik bigyan kita 5 star,1
9b580a4a-4c27-4897-9d71-e3bb8b1eb260,Awesome,5
b8c34ca6-0198-4d83-a213-4b5bfa16c116,Good,5
09fb8797-380c-4feb-8632-6cbe2f5d437d,"3/5 wala pa gihapon music akong notes, bye",3
0d5ecc73-480c-4cf1-934b-838f6cf29e87,💇🤙🌴😝🤔🤔🤔🥲,4
4f26977b-b5ba-4664-a4b9-ad16a22abe18,PAKSHET NUNG NAG UPDATE MAY NOTES PA. MAG 1YR NG WALANG NOTES SA MESSENGER HIRAP SUMABAY SA TREND,2
36668da0-b934-40f3-ad96-97a37359cfca,Nice,5
d039c9bf-cf24-48ca-8aa7-381b9bfd4626,PATANGGAL NG END TO END ENCRYPTION!!,1
79f65a54-30b5-4ed6-b54a-7039cbd0eda8,Messenger messenger jo Bhilwara news portal chalu hoga uska photo video ekadam sote sote,5
c912b852-a367-4d86-ac10-6c89ebbe428b,Good,4
4a73cef2-867b-49c5-bb24-3affce787e8a,End to cryption is so annoying,1
8097034e-b1a6-41e6-bc94-2b64e216a013,Plz give filters on messenger vdeo calling,5
1f9bab43-de1c-4dd5-b122-cf866a984a30,EugeneRamirz,4
5b2471ed-20d7-4b99-8da1-4d57472e5ac2,রররর,1
be01a63d-6564-43b4-845a-eea7662290c7,end-to-end encryption is not good,1
65c39fc0-cd27-4edb-9041-496092b0cb6d,Good for me,5
f9448a97-de79-48ca-b469-917bb23239e5,good,5
2447d0b0-0421-4dda-bba0-641284048810,Love it,4
7129114a-09d2-4795-91e3-4aa8d9e4a805,it's amazing...,5
68a9d33e-7671-4347-8937-48dd1316b346,Like to keep up with friends.,5
c8e141da-4f25-4d1a-891a-9606ca969b15,How music note,4
33ed5a7d-e32c-4e4d-9aa4-902509dd68ef,"my convos images,files got deleted because of end-to-end encryption",1
c6ee5b23-d7c9-447d-9dba-ee78ceab07f8,Nice,5
4e671a65-b39e-436e-84d6-0436ff3e1dd7,"Please remove the end to end encryption, Ang nonsense daming files na nawawal",1
80ad0cb5-b548-4c67-8489-c86802a54ec1,Last night I updated my messenger for the notes so that I can put music in the note but when I check again the music button is gone and I can't put music anymore,2
0acb5ae0-a8a7-41c9-a2f9-3db388d391c8,Good,5
856b9e2a-03bf-4b9f-a7ee-edd672a91e5d,Raju Don,5
4e0da53f-f6e9-4768-9918-cca0161be74e,Ayw ma open.,1
1c28883f-40c6-43f9-8530-0ab73bf225d9,Can you fix the Logging out issue please? And please delete the end to end encryption!!!,1
77ef2fb7-fa89-4802-b723-632262949cd2,Its really good to me,5
081b5cc6-c535-47cd-a2e6-72af29608ac6,Worst app ever!,1
a7a981fd-fa35-46dd-9267-1a4f2842920c,Good 😊,4
aa37480a-4bfc-4e9f-8ae3-89a1f9b2b6ac,Very badly,1
d79e1383-d5cb-47a2-b7f2-3d925f8b9079,Its good,5
e140aac5-99f1-4aad-a2b7-35381cb61ce0,Ok,4
b02eb4b4-b753-4f02-ac46-48f0d0b7f686,IT DELETED MY CHAT HISTORY WITHOUT ME DOING ANYTHING!!! DUE TO THE END TO END THING IT DELETED IT BUT I DIDN'T DO ANYTHING I JUST LOGGED IN MY ACCOUNT AND PUT MY PIN BUT THENN MY HISTORY CHAT IS DELETED!!!!!! HELP ME GET IT BACK MESSENGER!!!,1
5e2e0797-c1ae-4d19-896a-57fb7f01c848,BRING BACK THE MUSIC😭,2
25d4b6b2-396a-4bc8-b6aa-a3f6c155d726,"My Messenger is updated, but there is no new features in there like music when adding note. Pls fix this I don't know if it's a bug or delayed features. Thank you Meta",2
ddb3101a-1a07-4dda-ab1b-170fad97c3d5,Gd job,5
9bf736c0-46fe-4c8f-8f4f-fe03aae32d44,"after the update, I'm having a hard time typing cuz the keyboard doesn't pop up",1
083d94b5-002a-4539-b623-5f68e1a7798d,fix music in notes pleasee,4
be600773-77d3-4fc4-b96d-ed545db2b721,remove the end to end encryption and bring back my all messages!!!,1
b49af2b9-a380-49f6-8dff-213245ac0e76,worst update ever,1
7dea5795-af9d-40f1-8474-2c6cbc55e20f,im unable to send messages to my group,1
4d68d00b-170e-4a63-bf6e-2c1b59a7cc37,iPhone 📲 5sc,5
ec34efcb-c96d-45e7-aa00-f85658afbcf0,Terrible,3
61f6fad8-8f96-4a68-88d6-75062b4571c0,1 star kase may kausap syang iba,1
f7c56a96-e05b-45ee-bf77-fb01da7e83af,Useful,5
b1490f35-62d2-4724-b92b-8ff425e1cb81,Wala akong music notes👍,3
ea7a142c-e27e-4b28-ac6f-8ad71d9b4d75,nawawala yung music sa notes,1
e3755f87-e7bb-4cb4-ab08-e3e873c9a507,This masangera is so beautifully,5
3b360b2e-cb5e-4cf1-84a9-8e60129ce195,worst version. it automatic put link in the messenge its useless.,1
da4b98ec-c609-406d-a0a3-7193a4941275,bad,1
40c9cbdd-50af-48e0-bd87-9efe1e058a0a,Bakit wala ako music notes😭😭😭,1
f418f126-bfa7-4ff6-8b2f-7cd700a993f5,they remove the messenger music😭😭😭,3
567fac8a-548d-47f6-8cd7-94142f0b8df4,Nice,4
c9613108-49e7-4281-bba8-ea0ecd4315eb,After updating many times my messenger doesn't have a music on notes. I'm disappointed..,3
47222438-41e7-49c4-860c-69e863c326a8,Good,5
c8ee4817-93f6-44f3-bb4f-ecdf3f6b2c17,This actually good app!!,5
c9fe61ab-ef37-494c-909b-7771d3004d31,Cuz other chat will be deleted,1
0fffe4f5-781f-4e2d-baf4-920450e64b98,Sigma,3
be55758d-5c2b-416d-8f80-d3494c307493,Jvjki,5
eca5b2eb-f344-4e52-820b-6faff378bc2b,good,5
d8a33696-3c14-4f94-ac6b-4b3b835dcd86,"I hate the security system update the end to end crypted, fix it please",1
dae0a99d-8037-4531-acd9-257ec522ad0a,syempre naman,5
84dd0d4b-556a-4634-9f44-5812d2e242f0,A great app to communicate with your friends and family. Easy to use and has regular updates too.,5
9fe0cf76-2e6a-4538-932e-6b5d0e1ed357,Nice massenger,5
4873e40c-b47b-426c-bb9f-db36d5f8bf8d,Supar,2
f2257239-19bc-4e08-b6dd-0087b7892c59,Great app,5
c962313b-58f7-4207-bec3-a9c7c6ce5703,good app but i dont have the music note when will messenger update i really want some music notes so bad😭😭😭😭😭😭😭😭😭😭,5
ed2b340a-86d0-4ac9-a77f-7aac2d771d9f,Good,5
92611d13-8c28-4e9c-9baf-ea36983ebc68,Lag,3
13d9fbe6-4b67-406d-8b05-40dfcfac226b,Old messages cannot be open,1
fb313144-a8dc-4b3a-82bc-fcffe70abc13,Nawala lahat ng convos,1
76b93d52-7140-420e-9c2f-5dbe7b180431,where where good app and so nice for avert high of good vhrer vhrer nice so good,5
e34a7c6b-e563-4aca-932e-6578c22cdadc,Nice,5
db00ecc4-c5d5-4d30-8081-e2af60b3e2c4,It's coo It's whatever,3
9429103f-cff2-46f3-a23d-07aedb7e36e8,please add a music note on my two accounts,3
4579adb9-febf-4963-95e3-39d0c1b4c2ed,There's no music on my in my notes 🙄,1
3de86035-92cd-42a2-a404-18fa3c522775,Nice naman uwu,5
2ce6ced9-0a34-4eef-aaa4-cb353d6420ab,Awesome,5
f8f4e9e8-0020-4b15-b736-3225de689a74,💯,5
ff0f13be-4808-4bfd-a2f3-6fa4764ebd46,Good service,5
ceeaed04-4f8e-4736-886f-86a1150cca10,This app is very reusable you can video call your friend in state or chat her,4
30aaa667-1902-4848-8223-6962529a021e,"W,",5
997eef48-9992-4ddc-86d3-bfdd50dd0d45,Worst update ever.,1
dbf7151d-a315-45d7-81bd-7e37750db1a4,We cant watch together because of the update,1
0ad6ba1d-7d19-4e1f-98a4-00c46af10168,Hang Net problem,2
bd4f11e2-1788-4127-b9d7-8811c309a417,Good @ good,4
78677064-6e7d-4e64-beeb-3d0599d46595,Nice,5
0fb41467-96e2-460b-8710-819a861a3509,Do the music note update,2
e486c7ad-7188-493c-9c85-02a70db0da56,Geels good,5
f2b8a470-c63f-4f28-bdf2-c0b711ae62ed,🌷,5
f7a51f94-c68c-4f1c-8b5c-0618ef8152bf,Coold,5
c3d93607-fe6f-4b52-b767-57a162053359,Better,5
e654a331-4922-4c9a-8ed7-c0be6ad7cdc8,Unfair Wala yong music note,1
c66dc46b-c63d-4391-9169-4fe29f18a613,This is now becoming a headache to use.,1
6dc6cf08-2ac8-4092-97b7-b42bd7b92ead,I can message everyone!! Also the update its good but it change real quick,5
6e0d7c37-053f-4ef9-85ed-2b995b915603,It's so smooth to use,5
8b74bb35-bfba-421f-9771-0c7cbf38ff24,Helpful,5
44a9fed0-f017-47e0-a394-a87ffe7970f1,"Always connecting and can't send a message even there's a signal, I'm struggling always",1
62cd09e8-319c-455c-a840-998a896f3559,Amazing,5
1f9cca94-ea22-452a-920d-86aef9b7fe00,Who the hell decided it was a good idea to make it that anytime you accidentally put a period instead of space that it makes a link to a website? This is beyond annoying. This isn't even a feature. It's utterly annoying.,1
818b587c-569d-4315-81f4-43dca40bab60,I don't have music notes 😓,3
12bf9131-32ad-4407-a304-cb65740b335b,happy,5
c400b99e-f09a-4aea-9ca9-21b140178cfe,Best,5
734cd185-1e17-44d1-965a-7b830721dfc7,why i can’t open my messenger? i installed but when i opened it ‘something went wrong’ please please fix it. fix it.,1
e419be36-fbd7-41c4-92a2-85e4b21f6689,Very good,5
e8e924c6-79a8-42db-a5d7-d7b41b089c1c,I HATE END-TO-END ENCRYPTION SO MUCH LIKE WHAT IS IT FOR?? THERE'S NO EVEN OPTION TO TURN IT OFF I AM SO FRUSTRATED! I JS HOPE THEY REMOVE IT SOON AND RETRIEVE ALL THE MISSING CHATS,1
367b6ed5-08f2-4080-bf8c-d330fb4766df,Good app,4
19257938-2a4a-4bd4-8ac7-db12e2a6a179,the song was gone again?!?!,1
55f44926-d456-4f8d-b88e-e4064eb68e58,Good,5
45c439a3-4de9-4950-b9e2-01ed9f0974e0,Nag hahang ang inyong messengr may help report problem pk ayos nmn sk isa data lng minsn gmt q at nkk hotspot at samsung J1 lng gmt kng unit dpo aq nq connect sa eba unit na cp isang cp lng tlg,4
cb73315b-1f80-483b-9897-a6ac3da85761,So far so good. All evrything nice.,5
907c2158-4576-4ee8-8f1a-76c78f834369,Good,5
0773a923-8911-486d-b2c3-7a77712a84a7,Nice 👍,1
89287187-3298-48e0-9ae5-327c4ea4dd69,Bigyan muna music yung mess ko,5
d730a8e2-7c58-442d-9763-ac3c7750ffa1,okay lang,5
a7e1941b-2d65-42a6-bda3-721dbb973139,after the update it take some good advantage as well as disadvantge i cannot send files and can't save them too,1
025ea7ff-84f4-453b-86e2-499e4403db9d,Nice,5
c8698c22-8c6a-4cff-9943-f4e20c960485,Great,5
72ba8a5b-617a-4bd1-83fa-bb0e4a7ce04f,Good,1
39d2227e-8fd0-4397-ab10-a8762beba77f,There's now a red alert icon in the hamburger menu 100% of the time,1
e2dcdfe4-464c-4766-b0ac-338c77cb4438,Ok,5
b2b9eb42-0369-4ee1-9fb7-5f453c0eb4e9,অংঅংণঠ,2
64e55fb5-9ed9-4d8d-9f63-a1a320509413,good,5
8a69ea7c-e7b1-427a-8bed-eac7003bff0c,Nawala yung mga bagong messages kooo,1
f53a2234-297c-4529-835e-7a82085d623d,"masaya, pero di na kami katulad ng dati kaya 2stars lang",2
9a63a055-508b-4cae-9d31-22998dd2b303,It was nice I can communicate Faster,5
e3f6f0f5-3028-4ed5-9250-418d6e5bcb7a,Very nice,5
f82a6092-1a4a-49ae-820c-69abdc0da03a,Good,5
bbb15004-a947-4034-9425-28bb297ef5f7,"ugh nakakainis 'yunh end-to-end encryption, nawala tuloy convo namin accidentally kasi 'di ko maintindihan talaga, ayun 'di na tuloy ako makapagreminisce",1
38e9b1e0-bd09-4a71-97f6-72200f1d0822,The Feature where you can Add Music to your Written Note disappeared.,1
ed23b6af-3ec3-4585-be4e-8796173deab2,GOOD morning,5
50d099d1-8164-4eee-aadc-3fb1414c5dc5,"hi, I love this app but please can you put a music on notes in messenger? that would be interesting.",4
9174329e-e048-458a-9da5-94088644981b,"no update yet, can't note music",2
8a46f000-d8ff-4199-ade5-cd1712d892eb,I can't open my messenger,1
ae6a18e8-4a8f-43bf-b71f-3071cc1c40e1,छेऊ मलमल छ छोए उत्सवमा त्यतिञ्जेल छऽ्घफछब़़़़़़ओ़ब़़ोबहहहढढढह़़़हहहभभभभभभ,1
5d0c0a4e-9379-4650-aabb-d4d7ffdf5a1e,"Bring back the music in the notes, please.",4
acb836a3-648e-4018-9c2b-075c244ae2ae,ok,4
4963705c-8862-4708-9ea8-c156065be7ba,Cute,5
9046c023-dc37-44ca-80cb-efe9f388e18d,Pleaseeee puuuuut muuuuusiiiiiiiic in the noooooooteeeeees I will rate this app a 5 stars ⭐⭐⭐⭐⭐,3
91dc8c81-6290-4654-a3a8-1dbe4da80c6e,Good,5
40656c97-a7d5-476f-8e8e-7fdf284d3250,cool 😎😎😎,5
f9f51e95-450a-4da9-89a4-b5ba05f4337c,AI image thing stopped working. Says I need an update but it is up to date.,1
869b3ce0-56c3-42d9-bfb5-4778eb73b7d1,It's getting worse. Do better.,1
881d3ada-3134-41b7-af61-b94bbf231739,there's no note in my messenger rn 😭,1
40d5eb34-82c3-46a6-87f0-76a43370d764,I CAN'T SEE THE NOTES AND I CAN MAKE NOTES I DON'T KNOW WHY!?!,1
f37bce7c-5f91-4745-934f-e4deb23368b0,Nice,5
f05b7464-9405-4b42-a789-f0a67f441630,Putanginaaa nyooo😭 DAHIL SA END TO END ENCRYPTION NAWALA CONVO NAMIN NI LOLO KO PATAY NAPO SYA KAYA DKO DENEDELETE UNG CONVO KASI PARA MABASA KO LAGI GABI GABI BAT KASI MAY ETEE RAMI NYONG ALAM!!!,1
3eae08c9-2473-4e1c-8c68-d6b3738a2419,Buloks buloks walang music sa notes,1
f4599d7b-1f29-43c3-ad2b-7228ae4cedb6,End to end 🤦🏿‍♂️,1
68bbdcdd-5cf8-415f-8918-f934bc734331,okay,4
1bc99188-e50b-42fe-a3f2-5f9536556010,"Wow Ganda Ang messenger app,",4
0ba30296-0985-4df6-aff5-96e0e0b50d11,Nice,5
61724740-d801-437b-9127-2cf33f134529,I hope your gonna update that note can be put a music,4
0bfe057a-cf98-430b-bbac-a823de8b62e4,Supar,5
d5cdd0ce-1308-457d-9be0-64a96c67aed8,"bwisit na end to end encryption yan, pahirap sa buhay",1
2ef60f71-199e-4d60-bcfb-ab949d9f2ff8,"Cant click continue on ""Keep Using Messenger"" screen.",1
b0340090-d108-4883-83e8-a1322cba512f,Please next time you update can you put a feature that only admins can send a message. Its like for announcement only. Please. It would be very helpful. Thank you,5
914576d4-5b15-47e1-9a67-c2183a4dd8ca,Good 😊,4
f3f707b9-c7fb-4bbc-8176-ae1fc3b88d6e,not good,2
51090f9d-ffad-4b8f-80d0-ea8b9c62a53a,Exellent,5
bc99bda2-4635-46d3-8803-47017919e714,Music notes nyo daming bugs,1
8a392ac2-e014-44ac-baa7-d52c2aee2a96,good,5
340cdad9-bee4-4a23-ac00-334ee7bd3c1e,chat friends,5
7022fc00-fe09-4950-b19c-952ea81b5742,Great so far,5
b657422f-32f3-40e2-bf06-88358b8869a6,It's good,5
97f6db9c-4f17-41aa-9ad9-eaaf59808c35,This won't let me send videos or pictures from my fb memories... so stupid 🙄,1
7cc5994d-fd69-4066-9a3b-36e83cceb21a,☹️☹️☹️☹️,1
1bb9ae8a-3c1d-4e92-99c8-2a6e633d3930,"cant delete specific messages, this app is getting worst",1
cdc9434d-4294-4c38-acf7-73bb94c1186b,Like surfing market place and seeing what's being sold. Looking at a nice motor home.,5
b0d34211-fbf6-4d63-bd66-bab5541ffcc7,can't connect,2
7d11c2e6-b875-4400-82e4-e15cc8c3dcc7,kainis,1
3997bcbc-a367-4e13-9f12-2bcef956f1a2,The music in notes disappeared out of nowhere ❌,1
1eabc541-434f-45f4-a58b-5829742beb8d,আমি চাই আমি চাই ফেসবুক টা ঠিক করে দিলে ভালো হয় এটি রফিকুল ইসলাম,1
4ef170ee-ce91-46fa-8fec-595e835fb5be,"If you remove my account , it mean to say I have no responsible about this oka y,",3
b4bb936e-9aab-4213-b18f-266882e734c8,I hate the new update of notes in messenger cause it also appeared on facebook story. I also dislike the end–to–end encryption.,2
cfc43995-75c9-434a-a420-6fda22e98775,WORST UPDATE SO FAR,1
f6546abe-96d4-4289-bc63-aaaa9a0d727b,"nice, meron na music",1
2e63f15d-ce6c-4dc4-b1af-a5f770081a45,Balik nyooo music noteees reret ko to ng 5,2
f5d81bd9-6186-439c-a6a4-600183597ef8,Just inztalled on this phond.,4
57f85041-e83c-4db8-b214-f8dab34fea61,I live how fast it comes.,5
1ee58849-6565-4090-80b9-5632cd5019c9,Good,5
668cd9b2-ce48-4035-a99e-d0ae59f1f312,Good,5
1d644e47-4c5d-40e7-b4fb-f35b013330d9,Nice,5
e9d22b37-f1c9-4bf5-a358-7fab362507e2,Ok.,5
97959fdf-dc23-4f6d-8a29-86ed2bca90fa,Good,5
9991fb2f-fd44-400c-b3c6-921e685702a4,Good,5
e6b849b8-39ba-4e6c-95a8-9c7e77225e2b,Good,5
bc92a1de-dd3b-4239-827c-132090984514,"Really bad app. Freezing, not sending videos, poor quality",1
0f1f4197-6d20-4f2e-8600-a0b403828f9a,Great for messages....,4
6091aa06-4a43-4766-aca8-ce41f70fbc46,I can' received the messages,1
ed681841-8327-4e1c-a898-b21692be3804,"Please fix your notes, i can't make notes with music... I want you to fix that . So that i can choose music in my notes.",2
13000f6d-29bf-4732-955d-d63aa270a80c,Nice,5
0b0a27dd-b5b4-40ce-9e34-1e6282b8c7bf,It's ok,3
03fa0b44-7570-41a9-9ca0-19135c892c42,Can't send anything anymore can't receive anything anymore my own mother's messages won't come through the end to end encryption bs.,1
ed634966-207b-43c1-8099-855f60ed015c,"please fix the end to end encryption, it's not good.",1
7d512c58-47ac-4774-b0de-63cdd2ebd022,"At first I already got the music notes on it, but after I updated the app the music notes has disappeared, hope you can fix this bug",1
8c3eccfa-17c6-473e-86ee-2e787f14e567,It helps that's all I have to say,5
6a429e63-f445-41f2-94fc-2d459b990126,"This app used to be good before meta. Now I have to deal with something I didn't need nor did I asked for. The end-to-end encryption. This is possibly the most useless and inconvenient update I ever had. I can't find my messages to a certain date if as if they've been deleted and whenever I switch to PC, I can't find my important messages since it's been encrypted. You didn't even gave us a chance to agree to this or a button that disable this. What kind of feature is this? Please fix this mess.",1
a8a4e4c5-bf26-4a10-993c-c2fee4400a8d,E dieJumauman,1
a3978d98-f026-48c3-b848-b29936a5551b,Super,5
d661679f-cac0-4f85-b656-e859a86e832c,Yes my new account,3
ea65e822-5b88-491f-b416-b041817c92ee,Idk,5
5d866e30-eb39-4a96-a4b3-4169e57b17e4,CAN'T USE MUSIC NOTES,1
ff860454-0bc7-4fd0-a1f1-4cc6c0b3693a,"This app is really starting to irritate me. It used to be great but now hardly any of my messages will load. It's super frustrating, especially as this app is my main source of communication.",1
6d7a6c1a-1f58-4a68-8214-499c4e198be0,I hate the new update the end to end encryption ugh I can't see chats w/ my cousin and yesterday there is an music thing on notes and now it's gone with meta fix this,1
9dbf16d0-3902-4bff-9845-9d780412cd94,good,5
fa1b6759-73bd-444e-8034-5804ff9d4f81,"Very essential and effective mode of communication especially family and friends, thank you",5
2668c95e-1475-4806-9159-7e71a2d0397f,This is the best app it's so awesome but then you get hacked and they do nothing to support you I've lost my account starting over sucks and I just wish that there was more support for simpler ways I mean I can prove that what I have is what I have and it's me but yet they can't give me access to my accounts that's not right have a happy 4th,3
993c9acf-80f0-4e15-b8b8-d3b9c341e3d8,Dors anypne knpw the trinery? I her nMes jen . anyhelp woild be apprecoated,5
132f46b7-4b28-4ea8-a715-ed8870b1f949,Worst update the end to end encryption is so stressful,1
2b7801ae-2344-461d-93a1-c79d48c9e10f,Ewan hahaha,5
9f21ccb8-39bd-401c-aafa-f0c7c598adb7,Nice app,5
d64f9da7-fbeb-4b77-be13-e61154ada69f,Love texting people on this app,5
12d513dc-fe46-4db0-be75-3eb80f8ed066,Slow,1
a2aa9034-dd22-40ae-8db8-0dddf889609e,This app is so good,5
900d13ec-6917-4477-8447-b8cd19f47d79,Huhuhuhu,5
770c9310-ba61-433b-b4c9-fce12aa241d5,END TO END ENCRYPTED NEED TO BE REMOVE,1
d9f9ac3d-953e-4d0b-9ed5-9c82ac3fcb57,SUPERIOR,5
f4cf85bf-d65e-45f8-b327-6e78896fd18a,Soa,1
3f4edeb4-be89-49e3-bd8a-7794b7a12818,Ang pangit na nang messenger bulok,1
898923e3-1dca-45ad-9b3a-aede214efd5f,I love this app,5
38e32b11-a386-4e56-a667-0bcd741854e5,not sending free chat how to be send free chat,2
dd762f3b-a04e-4f08-bb53-d704b229368d,Ok,5
7b0b222a-1eb9-415b-b2bc-8f91db370c55,haha,2
b7f5f1c8-db54-4906-a795-423301e47e06,where's the music notes? i can't see it. please fix this.,2
70127985-e960-4316-95b1-a85586f02518,Good,4
60548d01-6074-40e8-982a-16f0a0fc8960,It keeps loading all the time bruh and sometimes it doesn't show the convo worst update i guess.,1
4c998292-d611-43d0-9369-b5d3df177501,Good,5
16492b95-4c2b-4bb3-86db-b94a644a5fef,Ok,5
fead2b75-5ac7-4cd8-baac-7807ff669740,Pakiayos Naman Po may sinesend kaming picture pero not send nakalagay,3
16ae4235-5c44-456d-a552-f39122683bf4,Is there an update in messenger because all of my friends have music notes in their messenger and I don't please fix that thanks!!,4
6aa1d33b-6630-4a95-aaea-03548d2858ba,i àm going ro say this i am not goinf stand for what tgey doing to me,1
33675784-7fdd-4bd2-8ab6-090db8d5605b,"What happened why we need to put pin password then if we put pin the conversation is gone, please remove it.",2
0f51da40-d484-422e-9381-5b36dbb9ec5b,It is very nice app,5
d40ce760-1243-4549-ab67-e872a25bd0df,"The new end-to-end encryption feature in Messenger is becoming increasingly inconvenient. Day by day, messages are getting deleted, making it difficult to review or recall important information, especially for school activities or transactions. This inability to access past messages is frustrating, as it prevents us from referencing important data or completing tasks. Please bring back the old Messenger with its previous features. We are not in favor of the end-to-end encryption.",1
c1bff58e-f285-4c1b-b447-55a8726b85e5,Bulok,1
70c832f2-08b7-4db8-af96-a44524fdbf4d,Please return the song feature in note sharing.,3
6390e31a-26f5-42b4-8f3c-b29df7bbb976,"hoy tangina asan na notes ko parang abnoy naman friend ko na crush ko oh, hindi ako makaparinig piste na ’yan tapos ngayon pa kayo naglagay ng music music na ’yan sa notes tangina talaga",1
c867014c-78db-4e42-9f44-66a0e585a7c8,"Why in tarnation are messenger alerts coming through in different languages but when I load the messages, its back to my set english? A simple google search shows tonnes of people on reddit experiencing the same issue and have been for a while but still no ability to rectify?",2
649d62ee-f995-4156-a3b7-743ad8c9ac15,This App have voice messaging,4
0384aae8-f54d-47c5-a5cc-cad7a7581910,Accounts that i always have logged in doesnt receive the latest features yet my unused but logged in accounts do. Its really frustrating,1
b9244ad2-875f-4031-aa44-e7255f3a7b2f,Its ok,5
dcd6b0e4-9b1a-402b-a967-7c7a5309c3f0,"I know! Let's make a standard and reliable form of conversation absolute trash! Hooray! - Messenger Engineers, probably",1
994c44c6-0924-49fe-89cb-dd92205c9ead,Combo,5
19f5f921-64b7-4b36-be31-ede940bdfc7c,"this app is okay but the update, on messenger note music is so worst my messenger it's not updated..",2
f1e03540-71c6-4be7-9a97-db00316d4988,Helpful,1
bdfbe0d0-6a6e-46fc-a092-93a8dc069d1f,"Like being able to use this app to communicate with friends. Also the fact it shows whether someone is currently online is extremely helpful rather than sending a normal text for obvious reasons. If they are online it's read and you know that and if they're responding. So no wondering if they saw it yet or not, it tells you that information. And chances are higher I get a quick response if that's what I need. If they're not online then you know when they go online too",4
01dfd51c-08d8-432d-b9ca-081e4624f5ee,Just updated this confounded app and I have to do it again to get pictures of my God Son. So inconvenient,1
7cf27822-4e59-428c-b925-43d32ac29ea1,I like the app the only thing I don't like is certain groups I can't post like some happy birthday or I love you some of them won't post and I don't know why,5
91886fde-bec9-4f5e-b7a5-bab429726620,It won't work for some reason it won't let me open messenger,1
42974c1d-84d5-4857-8429-e1c4044c9b9a,I like this service,5
be5d7942-a38e-4ca2-96d0-eb4141b701cb,"If I could,I would give no stars.",1
09abccd4-f0c3-46c5-aeca-4940b4bb46fc,Good,5
a837bdbe-a020-4290-a0cd-88fb48e21bfb,Pls add music in my notes cuz mine still in the process 😭,5
3cbd3113-72c2-431e-b8e4-6ca41412f3e1,Nice and comfortable,4
c7b461a9-f49b-4200-a853-ea77f47321e9,End-to-end encryption is not useful.,1
4eff9f18-df72-4690-8687-fc1814bb25a3,Good experience,5
422fab52-8e1a-4dcb-ad8e-63de1a1e9676,very updated,5
c92a3b81-4310-42b5-ae69-522416740095,i hate this new version i can't block my fb friend in Messenger only. then all message will delete after 90days but i don't want to delete it.. if you log in another phone all conversation will gone haaaisst 🤧🤧🤧🤧,1
6d590c61-aa1b-400a-9924-780ea78f6704,"I've had Messenger since 2012... Never really had any problems until now... Wen I upgraded my phone and first downloaded the app, worked great, as usual... Not sure wat happened but one day I noticed the sound stopped workin wen I would get a new message or call... I tried un-installing the app and then reinstalling... Nothin... Checked ALL notifications, on. Very very frustratin😞😤 havin to continually open the open to see if someone said somethin... 🙏this gets fixed SOON..!",2
36eb2579-f42b-40c7-98d5-bff67786451d,Adding music in note is such good thing. But why does the option removed for adding music once you delete your note????,1
0a8790cd-8d60-457f-be2d-0051b8b112d1,👍,5
1ab3e828-03e8-41a2-97af-c3642e3b2acb,Di niya ako chinachat Edit: 7/4/24 THE UPDATES SUCKS. IT DOESN'T UPDATE PROPERLY. SOMETIMES I COME TO PROBLEMS SUCH AS: ONLY ONE ACCOUNT UPDATING.,1
3d0c31d1-bcfa-4fbe-a62b-3ad492fa404e,Good.,1
accd3ae2-f914-4e40-abbe-53ec81e1a7e9,This is so good,5
a0f2c770-2c6e-4ece-a001-796f17d09ed4,Excellent,5
203a4aef-9d07-4985-936f-9cd7fada90cf,Best,5
ae594fd5-173c-4b12-ab18-485f88c2cfea,Your app confusing . I am canceling whatever this app is about.,1
19f92cbf-b839-4132-856e-fa7cfd96953f,"tagal mag update, gaya nung music sa notes.",1
f3b43503-1999-4b08-8c30-9f244f2bfca1,Cool,5
79b93e8d-6785-45ad-8dbf-5c578695c6b6,A good way to keep in touch,5
b00d69d7-d44c-4362-a0f7-1c144d1be070,Facebook,5
a83c39c8-92f3-4477-a1b8-1b58aa582af0,"Why did you remove your new features, the music in the notes? That's a good thing, but you still put it off. Bros making a bad decision. Put it there noww like the music notes in IG‼️‼️‼️ stop removing it goddawg🫠",3
5af373ff-2020-46b7-9c56-89892d0aad2b,👍,5
42014c92-88a0-4de4-847e-70e80817cd2a,"Why is it that I cannot able to Reset my PIN on messenger? Though I've already tried to follow the steps on how to reset but end up to nothing, there's no ""Reset PIN"" word after I tapped the Secure Storage. End-to-end encrypted has no really good impact for us users huh! Some important messages really vanished especially when you forgot your PIN. It's too much hassle for us users! Hoping that it will be fixed as soon as possible. Thank you!",2
cb186b6e-d070-4a09-a534-477b3ac47c03,sarkiri,5
cb42ba99-bb71-4bbc-8aab-62855c91116d,"You must be fix the problem of your app or delete it in playstore cause its useless Your app is USELESS, USELSS USELSS USELESS USELESS",1
d39953a6-2af6-4b1c-8b5f-8ae1cfd06ab6,Keeps crashing,2
4a89ab91-c7d2-4c2e-a8d3-9eab919f65d6,none,5
f049ee0b-ba5c-4f93-96c9-3fa73773dd38,I Love it.,5
6c182d61-36af-4dd0-a445-f76363881284,Very good and Nice,5
e053b80c-27d7-4090-8752-afaf92e7c2e5,maganda sya,5
6aa54b81-1fa5-46de-9e7e-ececa7b50d51,It's a good way to get a hold of your friends and family,5
9de01a69-964e-412b-8968-68ebbe744249,Alhamdulillah,5
6a6a9b2e-f305-4415-883d-a46d79cfde23,I like.,5
a6de7436-6168-47d2-b072-b784964c621f,ayaw bumalik ng old covo pati ang bagong convo,1
4ddbf76a-8ae8-4189-8742-3834239f4512,It's good,5
948849b0-d146-4247-9c69-2c2627530488,Walng music note,1
ffd82168-f14a-4a20-bc6c-17c1f2a6729f,Please fix the issue of receiving messages being marked as read when I haven't even read the message yet!,2
e1be59c7-b2c4-45d7-8b51-028da9ea7ee0,"2024: UPDATE I guess!! it says messages don't send all the time yet they do. I can't copy & paste messages I sent. it switches people's profile pictures & chat heads randomly to old pictures. laggy original 2021: as everyone else has said, since the last update, notifications are almost nonexistent. never had this issue before but you continue to fix things that aren't broken and in turn make them worse. the app has always been kind of clunky (it's facebook so i shouldn't expect anything else).",1
9f1881d3-b9b5-4f59-aad7-9983924c722f,Good,5
5740fb82-142c-4133-b2db-9d015518a128,I like the new update that they add music on notes but me and my friends cannot see it but if I we only put notes without music we can see it hope you fix it soon:),4
742a06f6-9374-4932-bffb-95cb9eb0179b,"This app is so good bro, i can't tell anything because is so damn is so good 🤍 makes advance to reply and chat's that's all thankyou.",5
a7ad2e36-51d5-44cb-9d17-e0fdabee2c5a,It's usefull,4
50859b96-472a-4e36-ad27-ee614f074462,Epic game,5
68561273-9622-4dd4-9d99-f80413300aed,Have and to end,1
6961ffc9-fe77-4710-b129-97836a78014a,Oks,5
95dde117-5359-4a97-9ca9-c4921ea7f702,Good,5
a875cecc-d9fd-4514-8940-a308b5c371c4,can't update,2
da649bdb-6afe-4e86-80d6-14f787b92d9b,"If I could rate 0.001 for this app, I'll definitely would. No good features.",1
33e275ff-d4be-4bcd-a67a-e4fd61e067e8,😇😇😇😇😇,5
1defb46c-be31-4e0f-ad65-bef9911a67c9,I. Like. This. App. Because. My. Family. And. My. True. And. Real. Friends,1
703741d2-5b03-41c8-8bae-f135d2b6d335,Nice,5
a9265580-bed3-4418-9440-98d1d2acfda9,When it works I like it,5
0080c95f-ef89-4896-9a7d-bda545ad361a,Honestly speaking I love this app . Thank you so much it's very important especially for the family in a distance. I have No problem for this App as long as I have Communication for my Family. Thank you Meta,5
72cf1fe4-e5dc-4764-831c-a33ea1fa3789,The update is ugly not fun,5
120db324-0e32-45c9-8040-a3331fe38944,Nice,5
15a52580-a907-46dc-b143-e6d9c69281fa,It won't let me access it,2
b0a71125-d97d-4f61-9791-96955f9ba1d1,Not,5
f6a7b51b-a9f7-46b2-8cf6-127b743a1345,It's not popping up on my phone to click on and its downloaded,5
2b9f2690-f6fa-4c9b-a1c0-3c0c01e720a8,I gave 4 star because the new update wouldn't let me put a song on it I need to put an emoji but when I put an emoji the emoji well be the one who's gonna be in the notes not the song,4
e1bd69a6-1e06-40b7-a54d-07c890235d0f,The messenger is a good idea to use when you are on Facebook,5
7ac4f2e5-0003-49ac-b647-3ebe4d1b8a8d,I don't receive my video calls on Messenger like I'd like it to. Other than that it works fairly descent...,4
327aa838-2f23-4001-80fc-80c05d5740aa,So convenient,5
e07a848d-05da-4ee0-b7d2-8e7aba9f36d9,"Defiently do not like the new end to end encryption, every time I get a new phone and log in on messenger all of my messages are missing.",1
f9e68615-424f-43cf-b890-76c803aaac4f,Very good app,5
fafe0b77-1744-4652-bcf7-0ef6bd4b9633,Pretty good app.. BUT THAT WAS IN 2021... NOW ITS 2024 AND IT SUCKS.. IT EITHER SCREWS UP OR JUST DONT WORK .. IF I COULD GIVE YOU A NEGATIVE 5 STARS ... OH BELIEVE ME I WOULD.. WHY COULDN'T YOU LEAVE THE APP ALONE.,1
38c72451-94c1-4c4d-833a-4945ee832ea4,I'm really enjoying messenger very good app and more fast 🏃‍♀️ of delivery messages,5
7306b27e-1360-47da-b31c-74120599ffb1,This is slow,5
49eae22c-8125-4fd0-b500-969289680be7,Very Good,5
079c9f52-4cc9-45d1-9415-6562f93bf4f6,nice,5
59978e36-c3ea-481d-85fb-f75abe6ffbc5,Very good,5
3dac889f-8a33-4894-ad03-02b0c3dc4660,The end to end encryption is not good because our recent Convo was delete,1
2c0e06ec-bcf4-475d-bf89-0e45255ce157,"panget update, kung may mas maliit pa sa 1 star yon talaga e. alisin nyo na lang end to end encryption na yan bulok e. tas ung sa music, hindi gumagana, nakikita mo pero di nakikita ng friends mo",1
647a9fc8-d556-46fd-8459-13a58fa189d9,Nice app,5
efcfde05-f6c8-4305-aab4-ad932b398554,happy,5
6a99d0e8-c036-40fd-8883-383467340fcb,nice,5
e6c9a606-3310-4587-9c19-c63fbc85ae3b,Thank,5
0c97dc36-ad89-4b6d-affb-bb5d42a44331,Amazing games,5
e371a6ed-476d-48f2-a14a-d4a0714bc7a2,Currently having issues,2
6cc94baf-71c6-4836-8bc7-4c18c1a3a25d,Awesome App!! Thanks 😃,5
00007fc3-6c8e-412d-8cc0-d8ff762b64a1,It is great!!!!👍🎈🌺🌈,5
88dda677-0711-4bd9-88f7-f87aad120900,exellent,5
8db40b0e-2d9c-463f-9e89-b99963bd614f,Good,5
4da4573b-0938-481d-bacd-3a0100d4d0dd,"it has a lot of bug, especially when im talking to my girlfriend😉",1
fdca8ce1-5df5-4dad-935d-a2fd24bb2f58,I can't even get this thing to open after the update. I need to be able to use it to communicate with people I don't have their phone numbers for. Fix it. This is dumb. AI is dumb on it too.,1
d703c0f7-2d29-4cd4-a140-1c711c725535,Not good,1
0e3db878-57de-43ce-8947-c7e07c6b46e4,nice,5
23266471-2e8f-48db-a42c-dd68e6fee8ac,Good,5
915c5508-3976-41d0-8da8-aabc547bb7a2,Good,5
a734c54e-0138-4214-ab35-9eab3a82f22b,blurry selfie photos in samsung s24U,1
7bad4141-ae3b-404d-ab8e-376e7b844923,"This version is not good, the old version was fine, now as soon as your messenger is deleted, if you install it again or in a new phone, it does not have any old data or chat. Everything starts from scratch. 😡 And neither does it show the friends who are online, it is not known where they are shown on this messenger..?",1
f17c158e-2c7d-4263-900f-13200a5e8488,Nice,5
978539df-27b1-4b8b-96f9-85eda4ef63e7,The end 2 end encryption really hurts messenger please fix the app very glitchy.,2
b92a6b5b-eb2b-441f-99fd-ed6998e33b08,Soe,5
ed4d5571-422e-4593-a05f-42a6514dd252,Ok,5
0629f72b-750c-42d5-af3b-b57b9975a8ab,Good,5
569c25e5-7424-4da7-9040-9fbe88f7245d,Good app,5
6d2db10a-85b2-4d02-8a72-8a86e6283ad8,Very buggy app!,1
a7590a76-0b85-4769-b6a7-0e0a01f16b28,Good app,3
8a7d96a4-72a9-41e9-aa7c-4e2e107d9e1f,Ranjit Kumari,5
4ff209a8-d82e-49b1-8ed3-3250d1a82cd7,I cannot receive a message from a certain person and I cannot send to a certain person,1
5fe67e6a-c40f-4c70-9726-17c72bc24bcf,"after including Meta AI option this app is not showing"" people"" option where we can see our online friends...",1
4c1318f6-c785-42ee-b250-80e422808f9d,"Had this app for years. After recent changes, pictures and messages didn't send. I updated it, no change. I uninstalled and reinstalled it, now the chat doesn't work at all - it is stuck in thinking mode. It's too bad, I used it for a lot of people, we're having to switch to other chat forms.",1
ed781d50-4354-4524-9115-dd7d5f51f51d,Heh,1
b1b308e7-1936-4657-9fae-1917d59ea522,Not working,1
ab09884f-3dd3-4345-9659-2352c980606d,Don't worry,1
22140eb4-122a-45fb-95c6-cee4225f080c,Wajid afridi,5
a51bed8e-b637-4651-8f3a-952b302b7fee,"I have using this app since so long, overall good app for text.",3
a0df12b8-f83f-44f5-ab8c-e62fcd6822ff,WHY DO THEY NOT HAVE THIS EMOJI 🫀 I WANNA SET IT AS MY MAIN REACT EMOJI 😡😡 edit: THEY ADDED 😘😘😘😘,5
9ea009ed-9d64-42ec-9eed-759e70a7480e,Good👍,5
78aa6eb3-6d5a-4fbc-92cf-7d698a38ba87,Sometimes application is ghost calling in the middle of the night. No missed call is logged of the user and user confirmed he never called. My phone is Redmi. This never happened on my previous Samsung mobile.,2
21ac91e4-15ff-449f-87ae-97d55286a1cd,"No one will install these apps, because no girl will reply.",3
139627e9-e71f-4079-8b07-a356e9065691,good stuff,5
f811308b-5333-45fe-a880-24189a5c71fa,You,5
1f3d5c6c-0813-4dab-84d5-15599e74c2dd,I believe in Joe Hendry,5
cef0869c-ad74-4c70-84d0-2d61733b9202,yeah,5
d68e44aa-1336-449a-a849-23489d6205ef,Beautiful,5
cfbe0c80-8e3c-4e0e-80a7-11d2144b6eec,Unable to open messenger,1
3125ed88-c2de-4579-a94a-e26f0e581923,Stop trying to make us update this app.,1
d6078a63-2c83-4bf0-aec6-1eb4440ab341,.L,5
ecd09043-54f1-435a-9675-bf08e5ee4220,Sad app I can't look at videos someone sends me in messenger smdh,1
b609b8c3-24f4-40e0-bafd-9bd5106a5403,Please add game again in messenger as there was lot of game,1
8c765896-9b21-4ede-aafc-52e9f73f8c1d,Suu Sugar,1
f574f5bc-baf5-41ba-b065-d056318354d9,Unable to open messenger,5
6b4de02e-78ce-406a-87cc-7e9b8beeba09,"it so stressfull, please bringback the old messenger that does not have end to end encryption it so annoying, because of this update our important things just has disappeared",1
b5ac8a42-25b8-4cd4-8bcb-98e5c908837b,I want to aback for masenger,5
03322fbc-2e35-4f0c-a030-c77643376241,Its ok just don't like the new update,5
67a14c8d-1f4b-4ba2-9c7b-8fa6bcb899e3,Very useful in communicating people everyhwere.but now always say update messenger.but no update.only install and open.no showing of update.,1
21c88163-c9d0-435b-9dac-852f28dad4cc,Happy,5
1f8cd1f0-0276-4059-9aa3-62edd81b1bcc,End to end encryption was terrible!The new update of messenger is not that helpful.,1
0b6d19bf-10f5-43fa-b659-31fc011e5275,Lovey,5
32d0cb41-279f-4ad9-a6f3-7d7bea5b542e,"Tried uninstalling, reinstalling and clearing cache but I'm still having notification issues either I never get notified despite having them all on or they are extremely delayed up to an hour. it isn't happening for everyone just select people. I am also having issues that prevent messages like it's still waiting and even after 12 hours nothing. Might as well use another messaging service at this point.",1
088e668d-5b31-4446-a343-a6998ec95e18,I couldn't login my account even when I used the correct password. And when I input new password it would say wrong password? This app is so buggy,1
a2b42381-e508-44d5-a7cc-307770f032b8,Terrible,1
7c4b1352-b096-43f4-b478-8874c6d4be27,Good,5
e78c9b83-c4f0-446f-982f-c57931488977,It's having issues with sharing it keeps saying wrong version even after Un installing app and re installing it.,2
c756e2bc-a9a2-4416-a898-e586ae809c71,Great,5
0997203b-ae07-4e06-acff-a3d8a502389b,Me gusta,5
dd4981b0-733b-417d-b183-9a6a1608d239,Can't download attachments or update. What is going on?!,1
e26a1b84-e478-4f9c-b111-8a8a157c17d4,Very good,5
423168c9-5a21-48c6-8da1-479cc105b524,Message not sent,1
ebdf21ff-8b3c-42af-9383-0ba845d0c79d,Job froceculbtem cook ask.to taixt colty,5
4c689cda-5b23-4665-aa89-aba337894579,Very good at my texting messages,5
3445d87f-79c4-4313-8b0b-a316b79cdbb0,I want it to be please,4
f24bfbc6-c844-437b-9971-657d7717eff4,i like it this app,5
b1d9fe74-1745-42e4-bce1-3f93cd1ef00d,Great,5
1850fd8d-0e06-45e0-8112-2c05dc5b5f43,Ok,4
fcbf8008-b02d-451b-87cc-0f9c68490d1c,As long as I remember . I not sent any abusive word with this messager but new messenger has suspended for 3 days saying I have sent a massage that is not good for community .. meta this update it's totally not good for us bring back the old one please,1
c915ca65-04e2-4e77-9225-1daf43331a35,I like it,5
104c699e-d312-4e7b-b5f4-08966979bb01,Why all the time active this messenger tell me why,1
7b9b8630-0b76-4cbe-957c-2233de3b97e6,Good,5
bff3ff96-392f-48c1-b6a8-13674a95b5ee,Why Meta?,2
ffa683c6-13a6-4b3a-8c73-47522f558281,Not working! It says Mt fb is linked to Instagram but it's not,1
14be3c8b-46d7-4324-a85e-106c87de1369,Great app,5
d239ead9-d631-4fa9-a6fd-82e65ab0f172,Must improve.,4
ae3ae2fb-0c45-4348-bfe8-33a0688e7b53,"'1😥1'!"" 1źĺ",1
91bf6038-51d1-4bce-9c0a-25dcc62395f9,It's easier to talk to people .,5
b9c6c1d9-b569-40cd-a139-cf6ca6458b20,I still don't have the notes,5
20059094-272c-4ff3-926c-fd8c303d889c,"This app is worst by every update. The messages are loading very slow, even though I'm on Wi-Fi. If I respond to a message that was wrote a few hours ago and on the group the participants were participating in a open discussion and more than 50 messages were sent, if I tap on the message that I responded to, nothing happens This app is trash...",1
b7744daa-2690-40c1-bc41-5145413679cd,greatly,5
aa577eb8-e925-4d2a-ba33-01cac3168b1f,Good,5
bad4a923-19b6-4c10-a45c-93f6b19d8650,Good apps 🙂🥀👍,5
ec6aee16-e03e-4f41-a2a7-02483b7e0cc7,This app sucks,1
a4f18ee2-dfed-493b-9d81-1a485d3d61d9,Good app 💯,5
d9e38120-ceb9-473b-a63f-3d95e3594f41,So,5
62d1c404-91af-4358-8d47-63f98bb7c4b5,Thik hai ji,5
c145e0a7-6c66-44b1-8c4a-396794fe80ae,ठीक है,3
43906791-3c32-4cc9-b47f-5a4569cc9c99,I make every body interacting togther,1
1b07c722-5868-4975-be3e-b719e87eb665,They took away my ability to select text and copy or delete it which has been really annoying,3
edd21c2f-b1df-4326-9e2a-06849d5cf404,Worst update lol hahahaha important messages got completely gone because of that stupid update.,1
d11fb367-d61b-4281-9888-2f812d69129c,Okay,5
89dc2c52-5a6d-4ba6-9dcf-80ebe049b931,nice app,5
1e4a7137-9f49-4bd9-a1bd-629ba463c9df,I faced to many problems with the last update of messanger. Always take more time to load message. And after end to end Encrypted start more problems to view photos & media. Most useble option pinned message cant find now.,1
00d87f85-9cdc-4b70-aa64-31e55f39a087,I'm seeing my friends profile pictures in messager app,5
048827b0-e437-4425-9182-48774e4bca78,"Update: month 6 of Basically, nothing working properly, STILL. Everything is even laggier since the last time. Unresponsive and slow, I have to choose the app and when it opens my messages still do not show up. How about you revert the app back to the way it was before everything broke? This turd of an app won't even load anymore",1
94da87b1-3c01-45d3-a9f3-28d4302716c8,Very good apps,5
4ca6c656-7276-4019-9774-25687e8fdeac,রেজাউল,5
7a210af0-af91-4d97-a54b-c6d84684704a,ko pyae,5
8fd7520f-caa7-4064-a191-ec05e51c88ec,Love your game,5
fa42f24e-3d98-48ec-905d-2ece38c1f198,Exactly 💯,5
61e68b65-7a13-49e0-a765-ad3449821c7f,Good,5
a1e0f10c-0a55-462b-8221-0da2bb66399f,"the way you call, your voice is feedback that's why the people who on call you can't hear",1
330627b3-1b1e-4eac-a8f8-06d2fa02c3df,esuna inpresionante aplicasion,5
554e1782-1a49-4ec9-9a52-8fd7dbb73543,Love it,5
24c6dd59-8ec6-4edb-9790-f6fe706e8a56,Yas,5
a2ff407b-b50f-4e15-aa0d-7f1beaac353f,Osm otp,5
f2dcc851-17c1-449a-9c4c-31de8ce59b7c,Nice,5
e48113e8-af14-41a5-908e-c132a8287c4d,Uduchick .,5
285f21da-8ecc-494e-aa02-eed1e27e77b7,Every since the new updates messenger hasn't worked good at all and it takes forever for messages to send and receive,1
8184f432-29b0-4cac-993a-bbba8db127eb,5.stars,5
c33c1016-e831-4421-aaea-57de1c5cd2ff,U cant log out or remove your accfrom messenger,5
ff1b33f1-b0e2-4bf6-9d4b-89b27f239cab,Messenger update,5
670d842b-fe5a-4a68-adbe-80df74770743,"Remove the end-to-end encryption thing, it's just annoying tbh. It feels like as long as you're getting money you don't care anymore of people's opinion, do something developers, remove this encryption thing.",1
776fd756-30fd-49bc-86e9-f350c372cab4,Nice app,5
1670c2a5-9063-4860-97a4-45c5debb1fbb,🥰🥰🥰❤️❤️,5
4330c44e-810a-4cbe-a442-e77d0a957d7d,Not working on my phone only closes out when I try to go to app or click from Facebook,1
0c54a85c-c5e4-42b9-8c3e-4a800506bf17,Perfectly,4
527f92fe-3c98-4b86-80cd-0c795230ed8f,Nice,5
9be3fd2a-5f74-4d10-9e8b-f1bce0ac356b,❤️❤️❤️,5
58305e95-6e67-48bb-b2af-7ae43e3de8f3,Because chat with my family and Friend,4
2c94352f-829e-498e-9720-ca3072a1bdd4,Me pesë shkronja = SUPER ! 👑🌼,5
a9fb8e99-86b9-4122-9d4d-223ea19f1a64,Good,5
57b45271-141d-464c-8fb9-1f6923488acf,Cannot use this app any longer. Sucks still sucks and I do not update my apps or phone ever,1
c584583c-e190-44e9-93ab-73e330cb6c15,"Thank you messenger 🙏, this app has been extremely helpful to me.. keep it up But please boost the app connectivity to mobile network, thank you.",5
3d2f5090-9772-4bdf-83f2-5dcc1fb010eb,থঢচথযমণ,5
c5f59f35-6d0b-42e8-ba20-7fe03406e967,Nice one,5
c039ddfb-25cf-4f42-bf4d-b374a0194581,Nice,5
89fdd1d0-39ce-42c4-a06b-1981c3e53f3d,Why the my favorite effects and filters are gone,3
3146469e-8c73-4968-9d7f-2e6cbc798822,Lugi lang sa iba kase sila may ka chat ako wala🤕,5
c8c6e4d8-86ed-453b-881a-5f1504830872,Very heavy app size. Release a lite version.,1
4003fad4-0d30-491b-b566-797372322746,why i have the new update on my other account and I don't have the new update on my main account?? ermm hellooo?,1
4d59d3cf-0dad-4caa-a6b3-a9b0fa7ebe95,Fantastic,5
275ccd9a-0fb6-446e-9402-a23de36a78b2,SLOW SLOW,1
e69c5952-1949-48bf-8d39-885bec4129e2,Good,5
01c4c5ad-b272-4626-80f5-d35bc1d80115,Peke,1
9d0224c9-5c97-4d7b-bcf8-116b114c14c6,Super,1
35b07c31-36a7-461f-9adc-dc2b37d49125,Good,4
4ddcd085-1e42-4e71-b91c-bd35e10a15fb,"Can't send images anymore. It says ""unable to send"" with no further explanations.",1
95f40cd6-28ae-449d-86be-fb278bb6471b,New update broke the ai image generator :(,1
06550076-0793-4c96-9a7a-9113b6484160,Worst experience,1
03a4231b-3d7d-4d30-b315-66808e032081,nice,5
6d3fe6e4-f8c5-4962-97a3-ed2e7245e192,"Hey meta/Mark Zuckerberg can you just bring back the old messenger, this is so annoying.",1
5b136a18-fc8b-490e-975f-19640c30c510,World best massaging apps❤️💗❤️,5
2a07befe-8f1b-41d8-8729-99d877e0c899,everything is great but latest updates brought us meta AI and highlights in messenger but we lost online friends list?? Where it is??? Above conversations it show very few online people but complete list is missing in new update,2
c4a7933e-a131-4d94-96e1-623e8bd8178a,It's great,5
32d6baa9-b59a-4757-8919-3f30bda8f93b,"I can not seem to highlight, copy, cut, or paste. It is extremely inconvenient, and I'm not sure what is going on because I did reinstall the app. I will attempt to clear the cache and check back.",1
cefd4f65-c397-4f53-96e6-15ee1d753a12,"Unable to see the active friends, that tab also isn't showing. Instead of that meta tab is added",1
46bfc588-a0aa-4be5-8ca3-e26d9c330083,"Not good at the moment, won't let me message, keeps asking for me to update, however no option to update",1
44b6bd9c-e025-4148-aebc-63c9abdc2abb,Good,5
74aa8269-a884-40a3-9b39-cfa309c76db3,I love this app a lot,5
e1c2739a-0498-47a5-85be-f99fe6178165,I can't sent a video to anyone for some technical issue,1
f856f98b-e951-46dd-9ffd-702bc74f0f8b,Good thankyou,5
c16fef15-4b12-4910-aef9-2b612ed59787,very good,5
4b47ec17-affb-4207-8cb1-b992ccd2e2f2,Lovely,5
5b1edd25-a240-4086-8d22-f779d53d7f99,Vijay Kumar raj,4
c0298126-6b3c-4da4-ae6f-219206931d5e,It very nice,1
792b9e59-1cec-4372-96f7-670e4c1b656e,"Meta AI is obnoxious, give me the magnifying glass back",2
5f71f35d-b51f-4cf8-a244-acad83759b0f,But messenger can open chat .,5
f539cc6b-065b-4681-89f0-3e572b61e8dc,Di makita ng bebe ko notes ko with grow old with u,1
f20c91ce-77af-45cd-bd22-49337c77ab83,GREAT,5
96191b39-3a0f-478f-b75c-591545aa68dc,Good,5
1f2117fb-c89c-4b45-a35f-045e789fd760,"Slowly,always log.",1
2fba1c2c-e70e-4ce3-ba55-a908de782435,Excellent,5
75e468d5-9b27-4f63-9602-f1e1997474ce,very nice,3
10761142-29e5-4e8d-9eb9-1eb4c570c3ff,Berti fasho,1
7d602e10-7659-4e0c-9ade-9c8641cb9456,"worst uldate ever ""end to end encryption""",1
c8859b53-4063-4f62-b993-f440d1d77992,Nice apps💝,5
088c9167-4299-4048-a402-52bdb1610b28,"Apparently you can't mute notifications anymore?? Everything appears as if I muted someone, but the notifications still come through. Something else you need to fix.",1
33f8ce33-f0b8-4355-859d-828be8903e70,WHY IS END TO END SUDDENLY POPPING UP MY OLD MESSAGES ARE GONE BECAUSE OF MESSENGER BRO CMON THOSE WERE IMPORTANT MESSAGES,1
be356eef-637f-42ad-9c68-fd1b47bc8607,"I hate this update version. After updating ""end to end encryption "" and pin for scyn old massage this app is so disturbing me! I can't find my old massages for this stupid pin system.please fix it!!",1
05749e16-042e-41eb-b337-ff853221aa97,Nothing update notes,3
41648537-e152-4bcc-ae33-9cf2d7504a0d,Good,5
fcd64645-67e9-4c6f-8d19-1be66747ea14,Nice,5
06946fdf-7e44-4f49-b64b-49890b07d7ba,Tanga bulok update mo hindi na kikita sound pag pipindutin yung note,1
24e1a289-34aa-4780-a108-f8a3d8508f99,"I've been having a problem over a month now I can't see who is on nor can they see me online. I turned on and off status, I have installed messenger over and over, still will not change, also I've cleared catche. Please help",1
c42139ad-c967-4d66-aef7-3552c4e37350,Message notifications are delayed by half a day sometimes regardless of network strength.,1
884bf532-f362-4e79-a6c6-8009b2e03e6b,"it doesn't even change even though it's updated na, be more aware",1
179e51c5-7b13-43f0-a079-1ec8a5749d7a,yeah,4
beedb57a-2ad8-4c60-a2bf-b41ff5f65fee,Krishna Kumar Ruma,1
028b064f-fc7f-42e6-9a44-9938dc8d595c,it's very bad update.,1
c5c837b4-f230-40a2-ad22-d86589aa514c,ok,5
a952093d-9004-4968-8d55-a0127d70c11d,💯,5
0651d45d-3ab9-4615-98c5-3e51027c853c,Literally can't receive or send any messages. Great job guys!,1
c5875000-f99c-420f-be13-5e21832b2d46,Nice,5
8ea819a6-1495-4923-a0fc-8a75d01a0b84,Sometimes it won't let me see my messages tells me to update so when I go to update it's already updated and say open so I open it and it's still telling me that I can't see the message ??????,3
bd9e2bab-7e64-4344-8419-a4809b61cf96,❤️👏👍,4
9ad443e0-6c37-4caf-864a-317b2492c41d,Messenger is not working well ... I have two account... First account is already open when I open second it show nothing 😕... Kindly solve this problem 😕,1
c778e0ee-9b42-4b12-ada3-7f7bb5b74c3f,I do love the newest messager!. I just need to fix the setting and everything will be alright,5
adf6286d-1956-46f3-be13-4553924bb258,"Remove the end-to-end encryption 👎 ❗, my old convos are gone even my important stuff, this update is so messed up 👎🤦‍♀️🤦‍♀️",1
ee75a87d-9122-4332-aec5-e8c5aaf64931,Good,5
9fe55e98-1609-4299-9a4e-9aad892e0db5,Good,5
595c97fd-8cfb-43f5-9df1-b0acefe6c234,"একদম ফালতু হয়ে গেছে মেসেঞ্জার এখন। End to end encrypted অপশন টা আসার পর থেকে এইটা শুরু হইছে,আজকে আমার লাস্ট 4 মাসের সব মেসেজ চলে গেছে ।ফালতু আপডেট।",1
d60d281d-857f-4f5e-ab14-35e5452b8483,Good app to contact anyone by any time it has good features too.,5
86369c00-a671-425b-a465-6af1961f06e7,Nice app,5
d9472759-097f-4a81-b7a6-6b6f14517231,this is trash updates,1
ec67d2f4-8413-44fe-8b68-cdc79482c6ff,Bikisa,2
b8498cab-d7fa-4713-897b-3f03443a61b8,Can't get or receive anything,1
1d49e0b8-5fcc-46d7-b8c6-f1bb1314a172,"This app is getting worse every update, lol.",1
80b645c7-6f25-4776-9d36-4d529e2f3e86,Rahul Raj💯💫💯,5
d7b94a5a-2123-4752-adc3-bf30f7ec6e59,Absolutely good,5
bfb618dd-e858-4344-aae0-27c656e66a36,"it's givingggg you can easily communicate with your friends, etc. ( if they're online) 🔥🔥",5
306f97e5-97e9-4c0e-bcbb-c3ffc8f4cf01,Helpful,5
ca75b37d-3c78-4bf3-91af-76b9938ade77,Thes is good apps,4
7dffda40-cff7-4e64-b2fc-7e04e586ba18,Super,5
aa860fc2-5aef-4eaf-b01c-06249bd75862,"Ang Ganda perfect pang bebe time 9/10 pero Minsan Wala akong kausap kaya Ang sarap I delete Minsan eh. Ang gandaaa Ng app na toh, Yun lng mwahhhh",4
2272edf0-d404-4ebc-b046-e3b8ac204823,Worst update ever,1
8c9d2a45-5d57-4f0b-a5fb-e3f3e66c2e89,Bkwas app not working,1
1c382af2-8bc3-4d9f-8dc9-594e8f1cca84,Liton sukIa baidya,5
b3b84e37-7ef8-44cd-8dfe-6a871ab7d803,Werri bad,1
85ed2cb2-af8a-4861-8a45-8616b4135884,Good,5
cc810a09-d7d5-420f-8f43-ec36d2cf22d3,pogi,5
9b9e48ea-1d28-44be-bcd5-0f5466ff07be,Good,5
102fd665-2d9f-4589-9986-908d548a19a0,BAT WALA PA KONG UPDATE,1
43ed7223-4783-4797-9990-39284ba6811a,Good👍,5
5655756f-fb59-4e07-be7d-07069ecd9af0,Ang dami nyong kaemehan na update di naman maayos jusme,1
132b2202-7e5d-4bf0-b9e4-48d1a4497781,Couldn't update messages,1
42203fe2-0056-4a69-807e-fd4fa01d95ca,Nice 👍🏻🙂,5
265f64d7-668e-4f7c-aaf1-5bd08f0b6de4,"Sorry, I rate it a 1 Star because of the end-to-end-encryption I don't like this kind of update",1
c68264de-776d-4505-bf82-3239d3147a4f,Great,5
421b5e83-1356-476f-a3ef-c555a455e9cd,Videos keep breaking,2
692aae57-33e5-49f2-aa9a-3b982a18e11d,Horrendous since update. Won't let me send videos,2
541486c2-9c21-4fc5-903c-73876be4a462,Not good,3
23b518fc-41a9-48d3-a907-3677e64e2d0d,"worst messaging app , the new update delete convos like what?? i hope this will imporve becuase",1
2f58681a-e0cc-49d4-986f-7fa8a5dadd41,Good,3
73291c8c-9e8f-4c55-bfcb-907994e84bb5,Good,4
3be8294d-5933-4b98-9d88-ca03ea0e7328,Very very baddddd app,1
af4f7529-0155-45a6-9e8d-e1584c02ca2f,Problam,5
33edf05b-d35f-4953-89d6-2dfe204d29a7,I'm Messenger,1
ae67c471-5367-4aa0-a900-02e83c9bf3f3,Good,2
e50c76ee-6643-4bd5-84a4-fa924502aa08,put4nv ang ganda gamitin,5
b6066db3-bcd7-4d22-b9f9-e5413be5cacc,Hwo tha problem,4
a2c9066a-a71d-4278-aa1e-df972df86508,I like it,5
65070fe8-6f83-4462-bff4-d2822e8775ab,bakit walang music notes ko ?????,2
f290f47f-97f4-47e6-97fe-c9078679e7ba,Mamang i love you,5
87ec943f-3da9-4f9c-9ee3-f79b07aba7e0,Good,5
17e8ed21-5d62-42d5-a147-2b4f5e976b18,I need to proceed in music on music notes,5
be69ab87-1eb8-4234-81c9-20ecdc3505b5,Very well,5
d5ab4487-aa23-4b65-a867-aad995a4aa2f,🙏👌👌🙏,5
4da114fe-44b1-4799-949f-a65f755f4264,Well,1
cdcb00d7-7e79-4e18-94bc-83704618613d,Kaya yannn,5
449697af-ffd9-4323-8c99-4b43a23f1026,Nice,5
8103f283-575e-46c7-ab55-8fd830c1d9d6,This is so helpfull,5
f27ba1bc-25e3-4ffd-b9b5-daa3a06a2856,It screwed up now..it wants a 6 digget pin number and I never had to add one before???? What the Fluff? I just deleted it.,1
8f525a71-fa9b-4702-9417-53ab791327a0,moegyi,5
f2e5cf35-2626-448a-b52e-f43ce1f46929,Excellent,5
84273ffe-5001-4d07-9ba7-4a6702c5844b,Great app.thankyou,5
27eacbd4-5a05-4e25-a322-a9bb9e00f9b7,melcia mnie zablokowała,1
aa600127-f79b-4083-907c-1a1a67c21208,Pa update,5
1072c11d-89d0-4c60-a8ae-9573f6d351f9,Pooja,5
42c90698-9446-4cec-a7f8-ceee7c0e1423,wala akong notes at music argh,1
73e111b7-8b63-426a-a53f-b00e819e8d2c,Amazing,5
763e4d60-d304-466f-a323-d5b3f217297a,App ti maje modde onk distap kore,2
ec6ccd93-9dbc-45ec-a7bc-ae585e840613,trash app with loads of issues,1
408234b1-c252-44c6-9c32-da17316c8c7b,Arjun bhowmik,1
f19ac9bc-2a8c-4446-ac93-56c0924879a7,Ilove it,5
3d294516-62ca-4bfe-928c-0af05b9ef0f2,"It is very bad app,,🥲🥲🥲🥲",1
ab7605db-bfdb-4a1c-9466-c4cca211ad29,"can't ""select"" or ""select all"" text",1
5d14774a-bc67-434b-b64f-39ce3397eb32,Ok,3
899f9110-1415-4f25-8ebc-c5c67fb0a90c,Good,4
324b2c90-ff75-451e-8483-d7bed0ebd983,Nice,5
3cefead0-b32f-4d85-9d9c-48c0032781c7,good,5
30fc4347-b05f-4c77-af6d-a83a3444efbb,?? Net,5
e7c60756-90f2-4ce7-9fbd-1ccf92c2657f,It's a 5 star for me bcuz i can chat/call my friends family and relatives,5
df5f0f73-1cc4-4259-bd4e-84fbc6a65978,Poor app i cant find girl friend girls blocked me,1
82585dfe-fc9a-41f2-a563-d13fc2343b3a,Supr Nice 👍,5
9d1202ea-63b7-45b5-a357-a3d2dbd1bc79,I have checked these settings many times and the notifications are always turned on. It's still not working.,1
22e167e7-3c49-4dbf-a6bf-5acbddc2ee39,Nice app,5
25cf4e1c-10cf-4462-aab7-6545f608d8a8,Good 👍🏻,5
e097a9c0-7689-4cb2-9bc6-744a9db7a24e,So nice,2
9a92a8f2-5a83-4e22-bc67-f63a27bde371,Best,5
b1a21bcf-0bbd-43ef-b9e5-989116e1c3c4,good,1
35c7ea9b-559f-41ad-a26f-4b94039b0b19,Cnt send or receive videos or pictures. Keep saying not allowed on this version of the app. THE HELL DOES THAT MEAN LOL,1
36517f0d-ebdf-49bd-9209-5dc5101ae5a6,Good,5
9006dbe8-2c3b-4851-91aa-f5b796ff5567,ok,5
81895953-0bad-4649-b5e0-3ac7beaa74dc,? ? ?,5
503154d1-50d7-47f4-9475-cb7c538c41a9,Lost everything and can't access facebook,1
c28dea0d-507e-4c4c-91c0-71eb713cdcb7,سلام عليكم,5
a6c434a8-d8e7-4ddb-850c-719fc3384b86,JOHN NDANA,5
4df95376-00be-47cc-9c51-e3f2d024541e,Awesome,4
c1579bff-69ea-4a93-849e-7700c7ac7c82,Nice,5
b53295cd-1e86-4512-a5b0-e7a27178ed72,its insane this app became barely functional,1
fd0032c0-4e93-4e5c-98ed-658d8936fdf2,দিপু,5
f0908852-ea41-4d30-b55d-9b2ea98a9374,good,5
1f3c129f-026b-49d2-978b-d96e6d915c56,Good 😊,5
88d71a46-69e6-4171-ad82-e541b8eca283,Bkt ayaw gumana ng messenger ko pagnagchachat Ako sa gc Namin bkt ayaw mag send?,1
1abe00f2-7ea9-4cf9-bdec-f9be2d016b16,Hoyyyy umayos ka messenger dahil saimo galit nanaman pinakamamahal ko na babae ayusin mo ang notification abaa na badtrip,1
7fe98e54-415f-4884-8709-9e386165a0ea,End crypto 😓😓,1
96418a35-ef4c-4fde-912b-f633e9845f09,Optimal.,5
2a081f72-7edc-44d4-b8ec-b541faa23e18,Verygood,5
096e3ab3-054a-45fc-9dfa-3d7c2d34735f,Nice app,5
15421c56-3cda-48d9-80af-757d4cc26ace,Wow,5
20c294fd-0c8c-45e0-af83-42caaebe7582,worst version after update,1
93e3382e-6cd8-458d-a032-f076296f273a,Nice,5
7deec48f-fabc-4e59-a3ba-27bfca97f4a0,Good app,5
c5419096-88a8-491f-a7a3-225f48b41774,good,5
8f266d2a-47d2-4385-9e7c-29ef6dab4d09,Nice 👍,1
dee85bb5-df0a-43da-9a25-6881ac010ea2,Nice,5
1a8f7126-14dc-46e1-bce2-6a9d2b62e6fc,My bae😻😻🙏🙏‼️‼️‼️💞‼️💞💞‼️,5
095810e8-1f21-471a-a527-8f570d6105cd,Walang note music eh 🙄,1
963d2544-3c72-4fb3-8988-fcbcd0d0ca37,"The new update is getting on my nerves, especially on the end-to-end encryption part.",1
89e14d1f-7515-4e9d-ad6a-6cfbeccc140c,I can't update this app,3
6f6518e5-e7e4-4035-9a03-177eac994e27,Its makeing echos on calls,1
36bfe6eb-9d4a-4a2d-a960-e180bf4623bf,Vefee sarnoh Bonjour,5
d6b0252c-241c-4665-a972-4e30476fe6de,Mbux,1
12ed0d68-a28d-445e-9f08-d749ac24f522,Good,4
202183cc-9434-4a6f-9f0b-bc46b6eb3ae0,It's really help full of us using this app is nothing can change that,5
cf12eb61-5f5a-4ea7-bf24-2d95f3a32664,Laste update facebook not good boss old is best,5
0b2c9b8e-005f-4867-a006-6f77fcd6bf64,Its nice and you can chat everone,5
f99cb787-e14e-4efa-a579-29ecdef9688c,Tan*ina puro update,1
882101c0-d319-47f4-a4cb-cf5cfb700a36,"Can't use music,or update the app",5
4bee984f-a3ea-42cc-bfb4-203a573c4707,Love it,5
6133af37-76ad-408e-9235-436e9bdf2028,So good,5
ff6730e7-0f8e-4c19-b99e-e9fd14eea1e1,Waiting for messenger notes music,4
cafff2b8-cfd3-4fba-9b18-717ce795833c,Ang pangita nang update tapos dika Maka video call sa iba,1
142c3249-0f22-4177-8486-af87855a3944,good,4
2a79a9ec-1d1e-4fbe-a7cb-7e0630ecc550,Good,2
00739f86-50d3-404a-b1de-494a10af5cd0,Durga magar Babamom321.,5
1be378d7-111a-4bb3-b1cd-2f061f2063df,Loading and loading too much,1
0c8e188c-4040-4d1b-9f39-5942769eb900,"Full of bugs, like I can't send any message and It took so long to load a conversation, even tho my internet connection is normal.",1
fe3380ee-e656-49fe-ad17-a887ee152ef3,"awful user experience, tried to change the nickname - always shows ""the nickname isn't available"". No idea how to get in touch with my friends",1
a4e93e41-aed6-4c60-a478-d7b52fdebbd0,Very Good,5
f12f359a-d1c9-4e0c-b4c2-b59fde181033,Nice but a bit slow in loading chats,3
9f140424-c6b9-4fb8-b1d0-d6f8cd0ef089,"I've been using this app for years and it was doing very fine till this end-to-end encryption update happened, it is the worst update and it's very frustrating, I hope this gets removed or something, it's so complicated to turn it off.",1
536207f4-3b2d-418f-96ea-c978b31452d9,Okay,5
ba5c438e-54f8-494f-aab5-df4545d419db,I can't even see and put notes but other users can.,1
2abf8432-088a-4e8f-bfc5-f16db677f494,Title,3
cfd8883b-ee88-4ddd-8583-5184178e1e9e,Bawe,1
76a99bb4-64aa-4fdb-ba63-7772fdbac878,"The messenger has frequently bug and message always getting interupt even cignal was good,after so many updates it become worst and worst..please fix this kind of problems it really annoying.",1
ce796ae5-9935-412c-80c1-911e6868e86f,It's great until the pin is unactionable,1
7529b1f0-d0e3-4b78-8a73-6c361c5b87f7,bulok laging nag loloko,1
9270e763-40ad-42c5-94d4-7138814cb955,Good 👍,5
96eac79e-7373-4987-a9c4-6821871292f8,good,5
f67d5fb2-b384-4143-9027-5b1b32a6eb23,"This Meta AI thing is ridiculous. Says I need to update my messenger app to do anything with it. The app is updated. Still won't work. Uninstalled and reinstalled. Still won't work. Pooerrd phone off and on. Still won't work. Still says to update the app, but there is no update to be installed.",1
6a156be2-142d-4c1c-b633-29473e40021d,Good,5
6d015e08-4797-4a36-a4cb-a321841fb1e5,Good,3
ff841700-bb12-4eca-827f-76ca71ef135f,"Karan,,,kumar",5
1492caa5-0908-4bac-b9d0-a81e7652cea5,still no music notes damn,1
9d76db8a-432b-4ccf-8e6c-4c994b83d98a,Super app,5
662086a2-2c4a-41dc-8ced-f0b48f63f2f2,Solid,5
c4e710d2-3afc-4f53-a62b-66029e23074d,Alright my friend welcome to HOMEWIFI,5
ef2e402e-9039-4f11-a0bd-660e027e356a,it's fine but i can't fine the note song 😭but it's oky hehehe,5
ab673209-330d-4c89-b632-749c760572a4,Good,5
74ecfc98-6a39-4e65-b5f5-8995e88dd609,"Meta, your update is sucks tho especially end-to-end encryption.",1
4a132a80-7110-4856-a902-c73cfa00d2da,"this is the worst, WHY PUT END TO END ENCRYPTION WHEN WE DON'T NEED IT? IT DELETES MOST OF OUR CHATS WHAT IS WRONG WITH YOU??????",1
3e1f48ee-bf7c-4d5f-a2b4-c52a957e384e,Ibalik sa pinaka sugod ang mg busit,1
eff6c1de-6474-4717-a8d4-affea8352ca5,"lame, bugs everywhere",1
f7a75e51-bd48-4920-ae59-1981197cdc78,Nice,5
22fc0569-f73a-47ea-9e73-6df925811a4e,Please remove the end to end encryption🥺🙏,5
cda411b8-c887-4623-84e2-52ca08775347,Very good,5
041e332e-b332-48dc-bc4d-931222630add,It's so funnn,4
41c30238-d487-4330-a423-be63958dcb92,non approved diposit,5
23bdfa4b-5dbe-4525-8f9d-811f279372c2,Cute,5
e87027b4-38ee-4cd4-85da-55baf2c2cfc7,🧡🧡🧡,5
06da2036-4633-4ae7-8c92-506f25af02a5,good,3
d898b815-5ed2-4c90-afad-d61044c5de63,"Its so frustrating, when i send a message its like, it will never send, im using a wifi, and our wifi is in good condition, strong signal, and wth? Why cant i send my messages? Its like kept on sending and sendinga nd blah blah blah. Thats why i rate this a 2 star, sorry messenger, even an insta can do better",2
0767c395-2e74-4cf7-a3d7-3c2d8bc64b7e,Super slow to send a video,1
8ace532b-a64b-4b8c-a162-97dd6a0048d9,Please add a song to note please,2
e21275fd-09b8-452e-bc64-d34e0ff4a4c4,Maganda,5
794d4616-189e-4700-8dc9-e6a7715f8bc6,Super gooddd,4
99c8a77e-9be5-4210-bae9-7798eac2df1c,bkysong,5
4ab960c0-eb1c-439b-a6f9-e8580126c5ef,"Can't open any messages on messenger. Says page is unavailable 😕. Fix this problem soon, it's one of the main sources of my communication",1
7d6b4fe8-4446-4b98-ab2a-d11e86b2319e,I like,5
659c0b76-23bc-4441-9bdb-17f5eb957244,Nice,5
ba041d4d-e6ba-46dc-bd45-e4391c158e63,"It's very user friendly, my friends are on it, it's ""clean looking"". Probably other things too. I'm new to it so will be able to add more in-depth remarks after additional use.",5
22cf6199-bf3c-4697-b351-c62e4cd11576,Good app,5
6224861a-dc2a-4474-8c37-e75c052e7ad3,"This app is frustrating, I can't send messages at all I'm giving you 2 Stars only",2
7a6872c0-4c5e-438b-a402-db8021cbad6d,Ajay.rajput,5
d11bb5af-2c0f-4cff-927f-458915f9868f,Begin to be the worst app,1
b118c2fd-9fb6-48a5-bd27-9687c2714f0c,The music🤧,5
710fec85-03e9-416b-80db-393bfc7ee291,Not open now,2
0377603e-224a-42ea-a9af-cb8359be1e71,"I am using an android, a Xiaomi redmi note 12 and the app is just not reliable for communication anymore. The few issues I've had are that I don't receive notifications for messages, sometimes I do sure, but most of the time they don't show up in the notification shade nor does a bubble pop up to say I've received a message. Another issue is that the chat bubble just sometimes disappears after I've clicked on the bubble so I can send a message. There are more but I've ran out of characters.",1
1d02df8d-d17d-48bf-a993-505ff9c15246,Bahut acha hai,4
13c7d39f-de4f-47d1-bc83-120483386955,Can't open without a pin- which I do not have. Messenger is asking me for a pin for encrypted storage. I have never had a pin. It then asks me for a passcode to be sent to my old phone but my old phone had to be factory reset for a repair. This means I cannot access my messages despite having my password and my telephone number. This is really overkill. All this encryption does is allow Meta to store it. So - Meta has access to my data but I do not.,1
7d922c30-4a02-4610-bc24-5e0c8b29cf3f,Oh,1
c636017c-0197-4dd8-ac2d-78ce30d80ea7,It is wonderful app!,5
5d67612b-96b6-4090-9e75-5d4b937fd74e,yawa nang update nimo meta way buot,1
a7f6383d-5d3e-42fd-89c2-f68546e9721c,Do you want me to come to you,5
c9e934f5-c6a3-49f2-a1c7-d1b64e2ffa74,Osthir,5
e3c4ba0b-40ad-4426-9b41-1a9457b9baa2,"The new update (end-to-end encryption) can't make me search old important conversations anymore,",1
f0d744d0-c801-45bc-8715-a263e0a7ac8c,Good 😊,5
1d625fb0-8c56-4728-a1d5-93d0809ca16c,worst update for me it's because on end to end encryption,1
6e6b06a2-229e-4dcd-b71a-d788ed095550,MD.Arman,5
19312f9b-e4e9-4973-8214-baa43f9bc244,"It is a great app!. You could send pictures, voice messages and texts. You can also note so it would keep your friends updated anytime without the need of mydaying or posting. But theres this thing I am unsatisfyed for, its that I update the app but I still don’t get the update.. My WiFi is fine but its just that the app needs to run more faster inorder someones desire much more easier! Please fix it! Thank you so much, I appriciate it, great app tho, it helps me spread updates faster.❤️",4
04cb2057-7d62-4a2f-a80f-a64c7da9ecf9,"Easy ,safe and nice..",5
4dbd6bdb-2ed6-4fc4-9337-bff474825d07,just bring back the old version before the new updates,5
38971e47-19bc-4b2d-824c-58e134db8edb,GOOD,5
aacfac44-4b9f-40f8-baa9-4768d27ee08b,tangina nabura mga convo,1
91bf5979-5dd1-4377-a4c8-274dc0f1c815,Good,5
2534f20b-7223-4914-95bf-fb15900873b6,🙏🙏🙏🌟👊🌟💚🌟,5
bea09484-490c-4645-840b-e75baf07e546,add notes to my mess plz,4
5215fb15-ab51-421c-9b8a-f4c678daacaa,Balo is very beautiful,1
b963b2fc-c9e0-4220-a504-889ecb3b36d1,Keeps showing that I have a message when I don't,3
63a2cb51-4be7-4edb-a3d0-ae557df68890,Good app,5
61a9b99a-a6f5-4aad-b0e2-895149d2547d,what is going on app is shocking lately no notifications I'm not recieving messages and people not recieving mine uninstall and reinstalled so many times,1
fc7f0ce9-5b03-4338-bd29-9fca37c82091,❤️,1
997e84a2-fce5-4a5f-bfb6-177aa610002a,Not bad,5
f60d5081-3d05-4aaf-a84c-23bfbfe4c0cf,now on new version it can't send long videos,2
70be98e1-c7dc-428e-89d1-a54e4ab1a329,walang notes sakin eh,3
7116c57d-eea7-4d92-ace4-b31a466075c6,Ok,5
c6359fe5-91ee-4734-9f3b-83660ee960c8,Nonsense It sand palmpay link,2
cdb63213-e636-44e5-891c-a7fd445d0fae,i like the new update but the end to end encryption 👎,4
120afd4b-f37f-4b36-9a8d-2d4dde69b2b6,Update² pa e kinakausap lang naman ako pag nag away sila ng shota nya,1
12fde834-56a1-4e5b-b3f0-74845a2b64cc,PANO BA MAGKA MUSICC,5
48485ae0-896f-46b9-ad28-f5cd76cb0ba0,Maniklalofficial,5
7d0bbdff-cf15-4e1c-acb8-a2fdd0e73a89,"Stopped working yesterday completely, after the last update on my s21+ I can no longer send, recieve messages, make or accept calls.",1
0fb5872d-b724-4b8f-b7ce-1a1ed76d5458,Losing messages,1
2c8cbda1-db32-4296-9a66-2de14e8397e0,Good but 2darn long2load uh ahuhuhu load lol,1
c4648eb9-1641-44d3-ac5d-ee8fa6191546,nice,5
ababc839-9de1-4e11-8dcc-74c9cc3a9dd2,I love this app very much,5
8107be26-1a2d-4c24-aa43-3458517e9dea,It's ok,5
d9670868-b346-46ab-bab8-b8521ffc282b,🇧🇩🇧🇩🇧🇩🇧🇩✌️✌️✌️,5
af27a6d1-34f9-4db8-8a85-02aeddbdbb19,Brilliant apps.. ❤️,5
75c35dca-a910-4e9f-b8ce-1a14fe7fb2d8,Please fix the resolution of the photo Btw if you have problem here in messenger go to telegram so easy to use high resolution of photo,1
fc5baa92-d2e5-45e3-b7b9-607f8d481bf7,"Good, ganda ng app na toh, usefull sya, and puwede maglagay ng song sa note ng messenger, puwede magparinig kay crushieeecakess sa note, lalo na yung song",5
e7b16dae-85b8-4a49-adaf-d4a4ec24a647,This is good have a music notes!,5
2fd75c93-d2d6-4e45-9fb6-7bdcafdf4748,nice,5
421a8a51-ad8a-46e7-91e5-3fab61d36a6d,At first it was okay but can y'all removed the End To End Encrypted chat please it's not necessary.,2
d3fc7970-e093-4167-8722-ae59b2309d00,Awesome,5
07e89292-ecc2-437e-bdf4-202909f73288,Nise,5
78568fca-ed5c-45dd-809b-ff7a926af3ea,not updated,1
d0e49a3f-51fe-4cd8-979e-e8c1a74c7fbc,Not satisfied,5
7422575e-217a-42f3-8370-7a6cf897f612,5 star,5
977c5991-e199-4ee2-848c-885401c953b5,Walang kwenta ang messenger ngayon dahil da encryption. 1 star!,1
fca3cfb8-c064-4f30-99b0-2a5907081944,Great app,1
a042b91b-002f-44f6-a2b4-df965f854827,👌,5
9b8ce920-ce8a-4754-b2a3-e83ef95a2e4b,Bushitt dli ma update akoaaa,1
ec60177c-24d7-4a38-b6ce-3dc216428e6e,Habib Hhan,1
b0469407-28c7-4bb5-ab7e-1ef957c757e3,Great but sometimes log and never pop up,5
34e37f26-1882-4b6b-b791-6313c1b84525,good,5
e35a2549-3a56-4c38-bd3e-9b1b9cce6ee5,"i don't want your ""end to end encryption"" suggest add kayo ng reset pin tas sa number isesend yung code, kawawa kasi yung mga nakalimutan pass nila tapos naka off yung secure storage.",1
081d3cc8-e42c-497d-b374-110073b6ea1b,Worst & avoid .Mistakenly opening a story sometimes leads to pressing unwanted reactions & u can't even unsend the reactions. Stupid app,1
deaa49d7-2dc5-47e2-a169-555a581ca5e7,Nice,5
61fe267e-b117-41f7-ad55-9c074756bbed,Constant erros on photo/video messages,1
f844e7df-bae2-4c81-a80c-db687f6db6b5,"1)Switching to a different account is so hard to do. 2)when someone seens a video it repeats(which sucks) 3)when playing a video it keeps glitching like randomly stopping it,random glitching on the screen etc. 4)the quality of videos sucks asf",5
e2abd91f-1449-4795-9951-8b8381acc31c,Kaho,5
bc663a07-2741-4909-99a1-c489a6775997,Not compatible with my pixel watch.,1
065402c5-8ad5-4058-80d9-4b3798a17f0d,good's,5
5b222959-7dec-4c7c-bb56-8aa4c08f5df9,Good,5
09b9b8f0-c4ef-4e80-a3d6-2fcb6f83deb8,It's fun to use and easy! We can make connections and more!,5
5e0bfc2e-9243-4b43-9e84-291e5376954d,Good,5
767c7f09-f947-4f32-9b35-d4cf28199772,This is very helpful aps,1
972870be-0ca1-4419-8975-57f20466bb7e,"nung update ko to, pag mahina signal ayaw na nya mag open puro loading, ang hirap pano pag may emergency. dba, kahit malakas din ung signal or nag ka signal na still nag loading pa din ano ba yan messenger ang pangit ng new update mo...!!!",1
50f7d88e-4127-41e7-917c-d08ba57f1691,good,5
12288f4b-568b-440b-b9cd-d5b04c80b4e9,kindly put our option to delete our sent pictures or videos in the media option. thankyouuu.,5
d21d16a5-3d6f-4ee7-add4-9b8874318c60,Excellent,5
1e4694f8-4906-4f31-a417-8cec96ef2114,Good,5
164e7373-c0eb-40d4-8e35-5f1c5930c341,The end-to-end encryption are sucks!,1
171cd94f-9886-4483-86f0-07a0b8daaa24,"Bulok di na makita yung mga old messages, ibalik niyo yung dating messenger/facebook hndi yung marami pa kayong security na nalalaman. Bobo yung gumawa neto kahit sino kapa",1
6778a523-bdfb-42b6-afe3-05915482cf7a,5⭐,5
8c720add-76c6-434a-a4f4-492ab13cb61b,Not sending any messages,1
03a05adb-c44e-4c3e-b793-5f814c76755e,"The lag is UNBEARABLE, the only way to fix it is to uninstall the app and install it again- plus, the notes disappeared as well, I hope meta focuses on fixing the bugs and adding more features to it as they do to Instagram.",3
a37d8fd8-4dd8-4848-a227-1bb51cea9a7c,காளிமுத்து,5
2ef4a636-dccc-4df3-a393-d5674b18301e,End to end encryption,1
7282a852-0b64-4c33-a7be-e8f4e1bc111f,I want a music in notes,5
935bf41e-5d8d-4a45-9e4b-503621af25b9,messages keeps appearing as box and circle. pls fix asap,1
22c6020e-7593-458e-80ff-4b590d12f7ca,More improvements,5
3eb421e9-d9ef-494d-a62b-632ff112facd,❤️,5
15e8fb4f-3251-403d-9fba-dd60939c01cb,My friends enjoy for the Messager... Message...i like for message.,2
3a0a7614-ef55-4e75-8be0-d88e2d86f8f1,tanga mong messenger daming alam pa end to end encrypted kapang nalalaman nawala tuloy convo bulok fix nyo nayan,1
6643fe37-1bc7-4c42-9d6f-226f8b0c9bb1,Good,5
6eb3d9d5-8ee7-4427-9765-da1a3edb87af,good job all of man,1
0baaf7d2-f071-4b6a-ab15-4d5017218bcc,Great Gravesend Kent garden of England,5
e5e0132a-cfe3-4c33-85ca-3f0407fb9485,Why can't put music on notes?,1
9c3329f2-aa69-4998-a198-0020aadfed22,Pangit end to end encryption un lng kaya gato rate ko. Atsaka thanks mess dahil ikaw ang ginagamit ko panglandi hehe,2
6823658e-e82e-4c8d-81bb-183d2052b45c,Give me music on notes,5
609d5cb0-f9f7-4293-a5ac-211bfe831f13,"it's been almost a year na and hindi pa rin bumabalik messenger notes update sa account ko nakakainiz po sa true lang, pakiayos naman oh hindi ako makapag parinig and di ko ma flex flex music taste ko eh imieh pero srsly nakaka frustrate na paayos na sha ASAP",1
8e929e8e-e885-4d86-98b3-d70eaf7255c4,Good,5
66eec49d-1bc4-4936-a5fd-94a52d568cd1,Very good,5
da812b97-ba8b-419b-973e-60725ef3f965,a bit faster now sending message,5
8d702ce1-fe52-495b-8a17-265eb5495aaf,so many trouble shoot,2
14da85ee-bd7c-465b-b5d6-498fdcb7981d,❤️❤️❤️,3
1efc1672-af98-471e-95d1-ba34118e77b0,bakit ba kase wlang music yung notes ko ha inupdate ko rn naman bat ganon haa,1
4c0de3c4-d3b2-4d95-b35e-d8f91ebf28b0,Ajaya,5
22adfc12-8340-4844-8602-30713f3a1445,Fake,1
73233d30-b8fe-43e6-adf4-52a38fb0c58b,nayhtetshy,5
a3786107-723e-4ac3-951a-e2b2c36e6cf4,"I keep checking to see if it needs updated, because it is so glitchy and lagging. Definitely not the smooth-running app it used to be.",2
9138db15-ad4f-4c1b-be53-b89f0df12a37,There's not music in notes,1
b9e59dd6-0e7b-4822-9bbd-5d81d012b014,good,5
9a63c296-92d5-43ef-8060-9bc130b6bbbf,Love it,5
21151e2c-a995-4e72-a6eb-547b6a0ca589,Very good 💯,5
e611aa3d-f183-484d-9650-82b25ecf6edd,Sweety,5
f83fcb8a-4085-4230-96b6-95833f5dd763,Good,5
8d5996a7-a5bb-4601-9159-8f34b01d229a,"very buggy, often gets stuck at a loading screen when switching accounts.",2
04e3980e-df42-4e1e-b915-5e441e3b2a3a,Oks lang,5
fd175caf-b7bf-4967-acdc-776af66b67bf,Good,5
ce57cb3f-96d6-4bda-b022-779ca588194c,i need note on my messenger plsss,5
1b35f964-d95d-4685-bece-b77a34b160cf,nasira meseger,5
eccbc873-f722-4c57-9167-698a7185d12b,So comfortable,2
42b95453-80a3-4f2d-b7d0-62609833426a,wow,5
32c85faa-5aea-4d4f-8bc0-086ebc53ce49,Okay,5
708f4672-1137-4622-a46f-0922dafe6284,Verry Good,5
6417e66c-daf2-4d6a-8dcb-d86554af55c0,Excellent,5
13214173-91ab-45b3-bc7c-26bedceadd2c,chat with friends clean aira,5
9cdaaad3-aabd-48b0-8a43-fecb02a8070b,bulok,1
fbda2b50-f6b2-4358-9abb-780721d4bcfd,Good,5
4cc5771b-dea9-44c8-97dc-3bd8be5452ea,Had the opportunity,5
909c6446-b236-43a1-ba60-7420184cdf0d,😍😍😍😍,4
473d5e92-d4e2-4228-a725-84c9d7a80244,Why's only the clone app get to experience the update compared to the original app?,3
5598bf87-67c4-4e73-afeb-fef81a4f218d,ilan ulit kuna ma update ganon parin yung system ubos na MB ko 😪,1
a4cbf9c6-3a37-4cdf-9455-6b24a081b5d8,Dikopa maupdateeee,5
23aa38c6-bdd6-4b8d-b86f-d3b4a6bd6afc,It doesn’t work many days...call quality is not so good,2
2158576a-8449-46d6-9ef0-e610b4175f8e,Wow,5
4bcbc8df-3caa-454f-a67c-7684c913918e,So much fun!!!,5
4ff8e666-dcff-4353-8bd2-a2e09f01d35e,pangit ka,5
8693f43f-3feb-4fb8-9491-209183da2804,Almost all my old messages are gone. Worst update,1
315c1539-da7f-41d7-a8b6-61af09286dcb,good,5
81fc10d6-d6d5-4fd7-91ef-ef632d57d28a,trash remove the end to end messenger!,1
40e39186-51fb-4d70-908e-e4f718567810,End to end encription so disturbing. U can encounter lots of log in and lot of log out.,3
45ff93f6-8a5f-40c8-8b7c-662f779cad47,Nami sya,5
ee78fcda-7b2a-4671-9623-eb37360cec73,pakyu,1
611df91c-421f-4909-9e70-6f2ca62505e9,"Your new update that is end-to-end encrypted is ugly, I hope you remove this very ugly update😡",4
7681bf93-35a1-40c3-849d-12d0966b0f37,tagal magupdatee,1
20a0d030-b2fc-4110-af0c-e3083448a007,So bad,5
590dff0a-0708-4adb-80ea-98186e668a6a,IT'S KINDA FUN USING THIS TO CALL AND TEXT ILOVEIT,4
7d802cfc-187c-43a7-b00f-55a37e39c043,"Why my past conversation are suddenly missing, and i didn't click any options for end to end encrypted chat.",1
02be282c-b745-49fb-a6b1-c1e807000723,this is by far the best and very comfortable app to using,4
5d5601af-f793-441f-a1b8-cdfcf9ba8781,Good,5
9d371506-b9da-466d-80ee-dd17b666a0cd,awesome i love you Messenger,5
1d5e9616-faae-4a66-a5f2-a38678715e8b,Lods Ang pangit ng update mo sa end-to-end encryption di tuloy ako makaback read😡😡,1
b56b47e8-f654-4e1c-a6fa-1a5bfaf1e08b,Nepis,5
b295d7bd-e21e-4238-ab8a-4e3cd7137482,it's so bad,4
353bd6c4-329f-40ab-848e-d81318758e4c,"i can talk to my love ones even if they're far away, i can video call them too",5
ae36c561-5868-43f0-89d5-89e23ca533f7,Mayay nepali,5
62232cd3-14bc-4b51-b2d6-3f33eb369082,၄၆မနကြလပင,5
13c6be3b-50f6-424d-a33e-a25ebde081ef,I hate the end to end encrypted,1
f3da31ed-768a-4c08-a565-dbdce49f1b90,Nice app,5
1a1201fb-e3ad-47a6-85b1-cd90e55a4a71,"I'm not comfortable with messenger because something happened when I called, it died suddenly even if it wasn't killed Feedback People also ask",1
1d26e737-9a1b-480f-b347-a12f453c6e0a,"I think this is the worst update. I rate it 2 since I can still do various activities I could before. However, I find it difficult to talk to someone via video or audio call since the video is always blurred and most of the time the audio is lagging, even though I have a good internet connection. I hope this will be fixed soon.",2
ea252d48-8f84-4f55-b892-314956457ed6,Plsss update,5
53a76ed4-8373-4e76-b1a6-8cd5cd6c91a7,Di dumadating Yung update nia....,1
8662b99c-083e-4906-89a3-fabf81e90274,Best,5
97b6f022-dcb0-4695-8207-6d04af71b851,Hik,4
c56c2813-af44-415f-953c-ca3d9f9c5f51,Very nice,5
8e04bc91-ae8f-4cb1-9e4f-5edf941cc1c4,Great,5
bdff1475-69c3-41f3-a90e-2c2c4faee98d,good 😊,5
31ef05dd-6e90-4eed-877a-3d84010fffef,Wow,5
e5ca0cbb-312a-4ac5-b9c5-ca1acc448b93,"i deactivated my old acc cuz i created a new one, and a bug keep on happening cuz on my mothers account which is logged in to my phone when i checked it in my mothers account is shows “facebook user” as it should be. But on my other phone, in its messenger where my moms account is also logged inmy old acc still shows my name but it cannot be messaged and also for it to work and show “facebook user” i have to re install the app which frustrating cuz i want it to be shown as facebook user already",1
7e39c360-4193-4390-96c6-1246c4f7c014,I don't have a note,5
78eae3d4-aca5-482f-a19f-bd76e7d1c308,my messenger isn't updated yet until now,2
9d4c82aa-e331-4d26-898a-518741ae1a52,ayos lng yun lng salamat,5
a81f1fcb-fb74-4ff8-b1e5-68d709e250f4,Bandana haldar,2
b9f20a0e-3747-4891-90d4-00e44344c9ee,nice,5
8711f380-22ff-4267-9f7e-3b7c12792fee,I need messager,1
4e1d089e-41ea-4e8f-8c11-ecf18a182be7,Full of bugs. Messages won't send after the update and I always have to restart the app for anything to work (switching accounts and sending messages).,1
d21df2ee-3e4b-4efb-8e99-db327b80d396,Nice,5
012c1899-e257-4bc7-bfb4-6ff63438dbfb,Why my update hasn't come up on samsung,1
f6cd67c7-9692-4699-9a41-6fe641c21df2,Satisfied,5
5e4da90b-367e-4f3b-8393-28ecb0440f30,Roben Hijam First National Wrestling Gold Medalist Thoubal Manipur,5
ea59548a-ff1c-457b-b8e0-880864e6d61e,Pretty bad,1
d9fe6223-0e08-4feb-b02a-e665465fb9af,Heyyy,5
e1b66765-3e7d-4f18-9d36-f7edd5b8bce1,naols may music,5
128307d8-2118-4788-a1d8-5894669344f0,It can be boring sometimes,2
efb266e1-c9c6-4176-8d3b-ece3e7b60b2b,Worst update. A lot of bugs in vocal clips,1
e5ea441a-0b82-4483-82c3-3d8c54a3e7e7,Nice sya pero useless watay kachat,5
21f04235-ae57-43e6-bb57-97f0fcb3621a,Great experience,5
573bb7be-45f6-45ea-bcdf-917c4e46dc40,Uuwi,5
5feddc98-9d30-4962-b674-6ccd1177a548,Biglang nag seseen.,5
be7ee78b-e39e-42c0-9526-a29e7df24e3c,Hate the end to end encryption,1
85b33d62-a760-45d3-ad97-630383bd91e3,Good app,5
092f5512-6957-446f-a416-829d807d58d2,Very slow verification,4
b4fea2a9-c46d-4fe2-99f5-337c4cafcc07,"Not good, I wish I could give a good review.",1
43966a72-60c6-4590-bad5-c0f5a4cdab79,worst!,1
5d0addc7-ab25-45dc-99ae-8af7334cfc27,Have so many bug,1
b3bf5b4f-3a4c-48c6-81f2-ed113c9b8214,goob it,5
081154fe-145e-495b-a8e5-5a2a98e23a87,ok lang nmn bwhahaha,5
a34fa807-7bb6-40af-b179-93d5d8a88ff5,we don't agree in end to end encryption,1
3f8f7a03-895b-4c76-9e72-eb158b4c2535,This app is great for messegeing I love it,5
48c3720c-da6f-4abe-b377-a39e4d812a82,The best app ever😘,5
07a6c660-43e0-4286-8409-c8973f511ce4,Ok,5
67c9d185-a62e-430d-a652-e3e52fe13f9a,", U",1
6a8d9e01-be4c-4794-9517-9b8c647cf421,la lang,5
ac3e4e11-d638-4a8f-ad39-978d494c5007,Best audio and video calling apps. This apps is very fast and safety to Text.,5
d4e920f8-4f9c-4ce3-95fe-259c17edfcc8,I THINKS ITS OKAY But emoji is kulang,3
e50856af-79db-4791-9ca5-1adb8af87d51,Aapp look,1
30bb9200-701a-41f4-bd9c-345436a9f587,Woah,1
e760a46e-5074-4e91-a2d1-e770a8122227,I updated nyo akin,5
7cfb45c7-a128-4c6c-a18b-d5557429f60b,Ok,5
e92aab1e-a018-4b88-b0f6-8e83aadc112c,Way lami,1
22f05b0f-6315-4b9c-845b-8d1795e3fcd6,I'm having problems with my fb account log into messenger.. I'm using correct password but login code not being sent to me. Why?,1
1290bb33-0090-455d-bebb-b6fdccd54efd,Good,5
ee57967e-532c-4631-8669-7701df253cba,Best in the world 🌍,5
22da3a0d-fe8d-4704-acad-4d0d7c50bad3,Pangit ng update potangina,1
372d7c0a-0926-4e35-a49c-7db3160cd004,"i lost our memories (convo) because of this end to end encrypted, please fix this messenger, we hate it.",1
26e104d3-6711-4203-b934-d24fd551248a,I like,5
b746586a-0c88-4769-8191-939f4c9aae5e,"Keep updating it and the bugs keep getting worse. Cant send any photos anymore because ""resolution too high"" Im litterally sending a cropped screen shot, that's not that many pixels",2
d021ad79-4915-4ed5-a727-422b35019f42,Update,5
9d02dc83-876f-4391-8760-1f52cc37ef36,End to end encryption pa more,1
03e7103b-91a4-41f8-b4cf-c39160085bed,iyot,5
788a1990-9070-421c-9521-09819510a248,Increased security Inconvenient to use recommend 0%,1
6f2f3f12-56e5-46cd-be0e-35d4d289d809,Good,5
4b4e64ed-4c84-46e4-a705-67df8d8335d6,4 because The song notes didn't work,4
02da8746-2ddd-47c8-8026-ab7790c8bb4e,"Dear Support, I am facing an issue while trying to send messages on Messenger. The error message ""Couldn't Send"" keeps appearing. I have tried various solutions but the issue persists. Please resolve this issue as soon as possible. Thank you",5
f3ad42f9-837c-4ec6-a1d7-33f2b842aa40,I love it,5
0896358d-1f5f-4b43-805b-529ab2a898be,It's the best way to call out.,5
1b493fc5-16bc-4d08-a85d-a156a1fd40bb,Ahm I don't know if it's a bag when sharing a note with a song it doesn't see in public like it's a private notes when there a song....,4
61660126-007a-4506-905d-e4c2cfa35955,Ganda,5
134fdd4e-a627-4ba7-9043-0bbddd45c80d,Nice,5
41fa3361-5dfd-480b-b1d2-ae01b992bc9f,satisfied,5
42d4e1e9-1f6f-49ac-a032-1a8ec2c01862,very nice update now you can put a song in the notes.,5
3ac1f897-5450-49af-a167-b28a0354fb1b,It's not for Muslim,1
91cc3424-e627-4acb-8301-12da95fed3b9,"My most used messaging app, and the new update ruined it! Can we uninstall updates please?! Undate? Downdate? I can't find a way to see a list of all of my ""people"" anymore to find old messages.. I rely on them!",1
77a61c51-f2c6-45c0-a220-6a37254b55d3,"2/5 kay wala sya ming reply sakong chat nya 1 month nako gahulat tas walay na send nga chat gikan sa iyaha, sunod ayuha ninyo ning app ninyo kanang mo reply dayon sya ig mo chat ko dikay pahulaton pako ninyog 1 month nya seen ra akong nadawat😠 e report iyang account og dili sya mo reply sakong chat, joke lang ayaw bitaw kay mingawon ko, nag struggle nami sakong bff kay wala mi kadawat og reply gikan samong mga babies, hoping next update ninyo kay ang reply na niya. lamat.",2
8348e4fc-dc10-4e70-ad62-55d7a551a8a7,End to End Encryption is so confusing and stressful,1
79c25202-901f-409e-a937-d4f9fe3532be,annoying app blocks me from chatting on my group chat becuz they say im SPAMMING chats even though im not not only one gc but ALL of my gc i can't chat nor send pic now how can i chat on the gc of our school😠😠😠 fix this now this is annoying i already sent a report but ur not responding,1
5b98717e-b250-456c-9fd5-14eb390a6874,Compulsory,5
05c86ad9-83c9-417d-8ad2-933edda362b4,Good,5
7ac92802-7700-4710-99d0-6f8520eeba81,so good,5
df8a88a3-ba96-4259-af11-95cafda26c40,😡,1
685b2af0-6b20-4daa-822f-5ed4a6729132,Disappointed,1
48f9c9da-98a4-46b8-a601-d09d9ac2a509,Susmita paul,2
d425bf12-4f82-4461-9e01-3f0a4de8ac76,ကြာ်ညြာုဓ,5
5be9c15d-4bdb-48b9-8ed4-5df827d59ee9,Lag,1
8d856115-7ee3-4457-85fc-6cd2b5586589,Ok na sana ehh maganda kaso ni lagyan ninyo pa ng end-to- end encryption nakaka badtrip 🙄,2
2cc51c15-657c-47f8-8070-8232bbfd7532,It deletes my conversation,1
955ce2e7-56c0-495c-abc6-17ebacb366b8,"Won't work this July 3, 2024 the messages I received is always on the top of conversation",1
a297a30d-ce3c-4171-ae5e-4b87a0e7757e,Good,5
977a0076-4002-45da-99d8-7d36154a98c1,gracevaldez,5
70f6d217-505a-4d41-b554-a707dd8b6951,good,5
6fec9545-9fdf-4b52-ae39-07f1b22a5066,Always loading even replay in message chat can't..,2
aae0a1f2-6c69-44c8-a8b1-0083d391aa26,solid,4
e3b15025-33eb-4fea-bf6c-d612f7628d6f,good,5
11ee157a-8be2-4586-b849-7fab373fdb74,জান্নাত আক্ত,5
6f52fff0-e6a0-4d14-af4b-82801d92eb0e,Can't find all my friends,4
e6a45372-ec35-43e3-8ef2-9be6cd904fbd,I've done an update but I still can't get my messages,1
be05c308-b8e1-4997-a579-f6eb11e4b05a,I like it,5
a1026c2b-6acf-498c-8228-2383a56644c7,Excellent,5
b81a8a75-d23d-47a3-9946-5d553bb6cba4,Great services,5
3146f803-f22d-406a-ae19-3d50370870f8,"Deleted this App because I do not want a message every time someone takes their turn on Facebook games. I've tried every tip out there, to no avail",1
eab3109d-6a6b-4d91-bf5c-f217000ac815,End to end,1
08542663-15ae-4aef-bac9-a58066ab1342,wala pakong music sa notes,1
a22b3c76-cae4-4050-8bbb-11e0a10dc3b8,All files are deleted,1
99c5ca3d-4fc3-4ac4-876e-27d38d0819ea,tangina mo messenger may end to end kana nga di kapa mag send ng maayos sa mga chat kahit maayos ung signal nauubos pasensya ko sau ung togtog mo sa notes sira nmn parihas mo bulok mag sama kau,1
20a1ecc1-c819-4cff-ade9-8bbf447ba5ce,Rahamanmolla,5
90003b7b-0dc5-4d46-a558-e9a5b85727d7,poor,1
18579b38-5877-495a-9eee-4a4107aa4254,"Cập nhật nhiều lần nhưng vẫn không có ghi chú,khó chịu vô cùng",3
b4a15f6b-ef3f-4798-96dd-c0cf56e420b9,I hate it when I can't have some of the features of this app. I reported this many time and asked help from the app but no response,1
6a6384b2-b3b4-4813-8c77-15045a508045,and I ahappy for this is my gf is broken heart I love you too babe I love you so much and have a wonderful day 😚😚💗 a aspi naki kalka khi hoisa bol ja rule out any time alalok I am big fan vai v for the next few to ami potai a good day at a ai and have to go with a different name and number and have to get the next day I am going out to eat or phone call 😄😂😄😂😄😊👋😄😄 pie 🐱😀😊👋🐱☺️☺️😂☺️ bbva a aspi kaw a good time to come over for a little while but I don't want a relationship 🐱🐱😜,5
631d5ca8-4e9e-4398-a195-74bd1ca80f6e,Too good,5
e2d65c97-34b4-48ea-9af5-3d01ccac21c5,"the new update is so useless. i deleted the app because it was loading and reinstalled it after, then i lost all of my chats and previous conversations. also, the fact that there's no option to turn it off is even MORE FRUSTRATING.",1
5931e989-f2a3-4845-8286-f27807df4ab3,the app so good and have some good features,4
7112d555-2f95-4bd9-9316-0f4cc89ca5cb,Excellent 👌,5
ca87f1c4-2d4c-443d-a705-89fed79c1c97,butiki,5
7bd6190d-8939-4978-bf0f-488b636f8125,Hinay cignal pucha,1
971d1aaa-1a14-4cda-bb71-ee89924280be,My messenger is not available help please,4
4c93b666-d995-426d-8284-52bdf609fa6e,Ahmad mustopa,5
03df5e4e-8c15-4cc6-bd93-97f8fab57ecf,"Please fix the end-to-end encryption, it's so annoying",1
ae8dffb9-55d5-44a7-a4cf-a5978668f279,it's cool,5
db814f2c-ba38-49d6-a6d2-cfeb732fa1d5,Nag uupdate nga mas Lalo Naman sumisira Yung messenger Jusko,1
cc7bd07d-b503-4e0f-aa14-e333ce1c5778,Good,5
495ed8ff-22e3-4b6b-ab75-817f13907f3e,"Good, but whenever i back read on some of our old conversation, it randomly hangs and it frustrates me. I did it 2 times but it just doesn't want me to go through old messages.",3
543b2cce-7af8-456e-8442-19bbdc36eb72,very happy,5
fe97f713-03e4-440e-8e32-5b70b0ceb712,Ampanget potek,1
09c346e7-0afa-4c75-a86f-a8e9a61d0c06,"I had no problems at all,but now when I send a message the message disappears.I sent messages to two different people and I watched them both disappear.",1
12a0d3b3-6358-4d3d-88a7-580a2101bf67,Invaluable help in reaching people,5
725fd526-94a0-453c-8894-b9afb2756807,"Amazing, I wanna update",2
9325e58f-6b85-419e-913b-6edcd1efd92c,Good,5
b0b31b62-4e56-45cb-b25a-18df43483a86,sana makasta,1
a36051f3-2f7c-4a30-a713-3f2412a13c1f,Sometimes voice messages don't work,1
c5dcdfa4-5d62-41b9-a502-6184e22bb2cf,ANG GANDA NYANG GAMITIN,5
42e9dde8-f7e5-4517-84ee-aacf08da6bea,Nice,5
8701bb3c-5386-434d-bfb6-06afeeec3db1,It's good,5
dcda5a5b-9f90-46a2-9aba-2bea9f3fbb16,sheesh,5
184e1f4f-0b4d-4061-a6f7-0b51999628b3,My messenger is not accurate,1
a41d9c95-7590-4eb3-b833-82dc67e9b0d4,WORST UPDATE EVER!!,1
a64bf13d-c680-48e5-b890-3565d7b5e5a4,Tanggalin niyo yang end to end encryption na ‘yan,1
e1a475cb-e6f5-42bb-aa2d-7ecb774087a1,i'm too good,5
ea057aad-ae85-45d3-a630-1dc71999269c,Good,5
a9fb59ba-11b7-44c7-b90e-9de3902193a7,Tang una ampangit ng messenger ngayon nag loloko,1
4a859ab3-5987-4b70-95ba-371d16f88257,Yoww this is the worst update the end to end encrypted is the worst..some conversation has been deleted please remove that. Putang ina kasi what the pack ayusin nyo naman..,1
da0f039d-85fe-4e93-bb00-e6e9a810d8f3,G z A,3
bc634863-7c11-4a41-8a13-9d629b576260,nice,5
7022df96-8787-4f15-a95b-5c11dabffcec,good,5
dc18b078-2da6-4514-bc99-612266cae84b,Please remove Mesage glich,1
b3aee282-a159-45bd-b60b-711b9051e172,oky naman yung app kaso ngalang wala namang ka chat kaya useless parin,1
314be48c-ee15-4179-83a0-9435bcb91678,Thanks for your message 🐱🐱🐱🐱🐱☺️,5
3f17a499-5c0b-4fba-b84a-d645c8858410,very polite good food good atmosphere,5
bcae6b8e-6f9b-4f1a-b4db-45ccdcca94c8,App is not updated,1
d5e7dccc-efbe-4082-b711-5f49d166e732,WORST SA PINAKA WORST. DESISYON KA BA??????????????? asinno nangibaga nga i on mo tay end to end encryption????? puyung ka???? ukinnam kitde😊😊😊😊😊😊😊😊😊😊😊😊😊😊😊😊😊😊😊😊😊😊😊😊😊😊😊😊😊😊😊😊😊😊😊😊😊😊,1
6c46e712-55cc-4e0b-87d4-40591180128a,So nice,5
9848e8b1-b13d-4d59-806b-cce031488a87,I don't have the music note feature on my phone..why?? I already updated it,4
f04b280a-17ae-4631-b12a-3741180a3616,It's good,5
27ea7c48-55d5-4947-99d4-6a430d6bc632,IT'S BECAUSE OF THE END-TO-END ENCRYPT!!!,1
613466de-0054-42b7-a655-11b6d5500f32,very very very worst update its very frustrating and its not useful this apps is getting useless and stressfull,1
6292e226-dcaa-421d-812f-d1ad35fe4884,bulok na end to end,1
31972421-f215-4ecb-8ca0-9a1f18046b97,"Bring back the old Pop up chat not this bubble chat it doesn't overlay on other apps, and why switching to other acc takes soooooo looong to process? Sometimes it doesn't process, can you fix that? Worlds richest app have the most experience devs and can't fix people rants/issue on thr app",1
5329cfa6-5a8a-4e97-85c1-6558c72d1371,This is good,5
7dacb805-a099-41f8-b914-e868a48dabf9,Nice,1
f0d79ef2-32a0-44d8-8d2c-32eb864808e3,Very nice app,4
4e7984d2-6d91-4d0b-8056-740c2a69b0be,Very good item,5
fce18ad5-19fb-45ab-bf64-9839b279abda,"potangina nakakagigil na, dati okay naman pero ngayon bwiset nakakabanas",5
99de604c-8ff1-4049-880e-3c18a20b85dd,Struggle to navigate and understand,1
e7d99146-b6f8-41ce-b3ed-24c21d2c81d6,I like this app cause I can text my family and my friends who r far away,5
f0cbb2a8-190a-4086-a10f-457d95a1bce9,i love you,5
870e9fc7-277e-4545-9030-11e853671885,Good better best ok,5
0650c464-afd6-434a-a4b0-649a6a7a6b98,awan yanong sama na,1
be7bf164-e671-4561-9abd-5e17d5227557,Nice and good,5
5c455bcf-29ca-404a-98fd-47374716d4cc,Update messenger,5
7487455c-0125-4086-b734-6ec059dc1f57,Uk,1
6179aaa6-9ebc-4aec-87e7-7908dedad310,Nice app..,5
7b575c0d-e7f8-4e68-9b13-b457088ec39b,Maganda pero BAT MONAMAN MINAMYDAY YUNG NOTES?,5
7ecb6a26-99d6-435d-aa6c-6365a8a8c4f6,Good,5
2e028b37-3a20-40e3-8e1c-a8c5f6c0b213,terrible end to end,1
b440470a-f85d-4899-9068-16af22dfa8f5,Yhangkl,5
8eafbe42-8a53-4611-a763-d7b4c54214f6,"So, in my main account which i use all the time, i dont see anyone active. Even if my active status is on, I can't see anyone who's active, and they also can't see me active, and i also don't have the music note feature in my main account, but when i log in to my 2nd account, it has all the new features, i can see who's active. My messenger dosent have the ""update"" icon in playstore. Please fix this.",2
0e5c4c8d-3966-4dcf-9d4e-d1835c8c4592,وتنت,4
fd1f9d55-8d58-4eff-8b81-0ffec9576cd9,Walang music notes ko,1
95c0533f-af37-45b2-96e7-f8d28e6f7a94,How to update my messenger,5
5bb23a27-78aa-444b-ab1c-b7260b6834c8,I don't have notes,1
8d5029f8-91e3-48d2-97a5-b964a0c6852f,"when video calls and we want to play together, the other can't load the game, this is so annoying how can we spend our time, enjoying with our love ones like this.",1
004ecce3-ac71-4f06-a8b7-9503378cd0d0,Nice,5
a1951922-4736-4db9-bf4d-1bf853fccff5,"Whenever there is a good update and I update the app it doesn't show up, for example the Music Notes I literally deleted my storage for it and yet I don't have it, same goes to Note Stories.",1
fa069d8b-a264-40cf-a32c-cf7693d2a29e,I love it,5
9f5f472c-bce5-4785-b7ba-ebc712f45bdc,i love it,5
08797ddc-de45-47e2-9b85-56e33463eda6,"Dear Support, I am facing an issue while trying to send messages on Messenger. The error message *Couldn't Send Unable to send message keeps appearing. I have tried various solutions but the issue persists. Please resolve this issue as soon as possible. Thank you",3
0e1442f8-5a8f-4482-b132-3475593dd8a7,Really great app,4
30ad6fb9-7d7b-45a0-be86-a503c4aba7a5,Your latest update is not user friendly. The accounts always pop up everytime the messenger interface refreshes.,1
51921ca4-1df5-44dd-b937-a4e1e6991ecb,Very good,5
4456e4ff-7d18-42b2-a0b8-53adc33dd90a,5 star Kay kanami,5
b9059fce-607a-4e1c-bc42-9a57f55bc3b7,Stop the new feature end to end encryption we dont like it.,4
d27c6f73-5539-40b8-8cea-12ec84ca4cf2,It is nice,5
22770df9-9be3-47fe-ba19-f9342a1e3d7c,late features,4
d3248c75-1d83-4638-b684-3a6b4bace93b,wala akong music sa notes 😔😔,1
b0865e3e-1bed-4f9a-bfa8-31b47eed1af6,Okay sya 😁,5
77bf7158-f2fe-46ba-8394-c5919e96bab9,hard to update with my phone huaweiy6p,3
368360ba-1e71-4caa-9227-cfa12ea350a7,Good 😊,5
c7729c6f-7deb-4f89-b621-6e486f18f85b,Very good,5
30018989-2e3d-4312-b966-02d0b4a7fb71,I don't like end to end massage,1
cd34619e-219e-4527-8f90-9e8cc51ff716,"hate the end to end encryption, i couldn't see the last conversation of my relatives.",1
775be6f7-ffd7-4c9a-bbfd-220fae7d93d8,Bat waala pang music sa song ko,1
aa380e69-7336-4e4f-867a-874e23df4266,Very good,5
2130b472-d43b-4341-b7c0-cbaf4960956e,walang music notesssss,1
8efd2fc8-4903-461a-875f-231de2578e10,Nice Messenger,5
43019a9b-8a6c-4197-bfce-123c10961867,So many bugs,2
b67d1d64-28d7-48fb-9202-3cb35beb6049,end to end encrypted was appeared it hard for us to recover .. like some of users of messenger are students .. how do they recover from it.. if the messages was ecnrypted .,1
7941bf5c-250b-46a9-a244-58a967d061b8,just disgusting update 🤮🤮🤮🤮 chat is loading...& many others issue 😡,1
2e6f8bac-0c61-4e1a-a1ca-bb7590d9fde6,Ganahn rako hala mag bout?,5
4c598113-f722-4106-b41d-4400a096e146,Good,4
2ae025ef-0199-4c17-8523-ed98540b9547,Johnmarkbybanez,5
ba682b18-3613-4ea7-bc38-d33ca30e027b,"wowy experience are very very nice, I loveit bro, ilove how buggy this is, the most useless app",1
a44cb8d8-1ef2-497b-b448-aea0a12c671c,This masanger is very bakwas,1
1d8c4874-b6e9-47ab-8e89-d706ceab5f9b,manger massenger,5
86a04222-eb05-46af-97c4-3ee0411965ac,latest updates,4
56abb525-4eca-40ce-8288-0c4666bd18c1,tanginamo.,5
62febc8d-e1e9-47d6-9855-6ec589268fee,it is good I love it,5
c64510eb-a0d3-4ddc-acfe-645988c6f901,Maganda sana Wala lang akong kachat,1
5ea099bc-2d70-4cd6-8661-cd061193812e,The best app,5
8c475a8b-0bb2-43ce-97a5-cb5975a7689a,The call history button is not visible. How to fix it?,2
5d883ad1-0bbf-46a6-b666-68f099a7d98d,Very good,5
2722d15c-7315-4aba-bc3b-2e2e0f1fc100,"The pin made it much worst,now I lost the happy memories because of the pin,and I dont received any pin so I can't recover those messages.This app is the worst now I can't callback the memories.",1
a391f740-e147-47b5-bb6f-b65761bb2434,Nice,5
674d99aa-dd79-445a-935b-08c59ca7b848,Ipoveittt,5
f512775f-46d3-4a61-b407-2f87578246b7,Roughly frustrated with these latest updates! I can't find old chats and why the 'SEARCH CONVERSATION ' option is not on top of the conversation?,1
187b180d-0617-4157-a9f5-9e9e6fd88494,Good App,1
481f041f-7027-4efd-9863-9f69a5d9d6e4,Jeymarmaoi Owikz,5
7b49133d-0df5-4724-9ce0-38bb2f6f87c5,"Buggy, won't let me log in",1
a409bea4-13e9-4d9a-aae1-7a7ff614ccef,It has so many setting but good for communication,4
e9103e10-3ff5-4a35-993c-5485d7324709,Thanks to this app,5
e59cb944-d584-43d6-a656-da9ba5309269,Nice apps,5
0e3dda79-6497-4d22-9677-e6c63d44fdfb,A very nice app but sometimes it can be slow.,1
deb28cb5-5f61-4c5e-ac7d-8e0abcce58f9,When I type and press send to send messages they don't send and my message never gets to the person I'm trying to send to. pisses me off.,1
c53a97cd-4dae-4232-ba2f-dc315fe51e5d,Having a great chat with my friends,5
1e04177c-ff1b-4eb1-ae2f-01d858b06cec,helps me to cooperate to someone who from a far,5
7438d6f5-551c-4a5d-a0c7-a81cbc6c037a,Update plss,5
58fd13e3-4047-432d-bc8e-2b09b363385b,Trash update botninam just fix the end to end encrypted,1
d5915632-d24f-4908-9f7c-ea726aea371f,Ok,5
8b354044-8f2e-4d7f-8907-3d53244e7eee,Something has changed recently to where I can't send photos to certain people unless I crop it in the messenger edit. Like I can't crop it on my phone I have to edit it in messenger to send the picture. Now today I can't even send anyone anything. I hit the media button and nothing loads. I don't know who did what but this is trash.,1
1ed049d0-79f2-4bc8-991a-2e89c5d321f2,How can I retrieve the deleted messages bcs of end to end encryption if there's no bar to put the code on?,5
17f1fb77-63ff-4f0a-aadb-69103725b8c6,Cool but didn't update,4
25fd83dc-5a1f-422f-a6d1-30415ed922d4,"My messenger app unable to work since yesterday. It starts to not receive messages and even send messages until now. I can't use it and send important messages, please fix this ASAP. Thanks.",1
3aa4f9e4-e808-4475-82d2-28f885f53d50,So good,5
77c21738-e900-4e32-9164-266ec9aac699,I love it,5
68ef62fa-e70c-4c5e-a664-c0a7f6621644,nice app,5
670aea6e-9493-47ee-91cd-eada363b11d2,Ty for music share at thought,5
e8bd94b6-1166-4f83-a486-a44ddb4e5fa4,my messenger is not updated,1
ae72ddb8-1b97-4b07-95c8-0954a4bdf947,Ok,5
5aca537c-45f8-4cde-a0bb-0a995c8a7324,MAKE THE IMAGES HIGH QUALITYYYY😒 THE NERVVEEEE,2
079b9d51-725d-4ef3-92dc-26469b75fa81,I love it 😍,5
0f487a64-56c6-4247-a52e-2a4bf9fd83d8,Hola familier,5
a57208ac-7b6f-4593-be1f-09e8a0e66a6d,bahu itlog,5
8688125d-d119-4cdb-a6e1-f5ef3180d09c,Ganda,5
08bae352-059e-4f80-a41e-a6f8d86f894b,Hatdog,5
eab32af3-b665-474d-a354-15ef21d15af4,Good,5
315c0382-3dae-4f13-a5c3-3cce5a8c12dd,WORST TSKK,1
36ff7905-5e04-4707-bba6-7a6bbc803973,Haop,1
061c6eea-b923-4811-8aa5-d7e47b5b25c4,Ukel ukel,1
c8cac4af-d0bf-4a72-9c3f-a6e6b088ef85,Beautiful,5
4b3f1895-6bb8-4d77-8b0d-1b67de363390,like,5
c15295f9-443a-48f7-92c0-e05930fe75f0,skibidi sigma pomni digitial fortnite chamba free gigachad rizz oh my god flow xxxtentacion hotmail messi ronaldo neymer jr. kai cenat baby gronk travel to ohio,5
fe4bea60-fbd6-472f-b070-4638cd8b6108,"i hate the end-to-end encryption thingy, I'm so annoyed that all of my important messages got deleted.. 1/10 for me",1
5f428225-f947-4e90-bd75-32e58d00b4a9,walang music notes ko,1
ac50a79a-6a60-4cdf-89eb-9d86d99199fd,I want background music in my mess ejhehe,5
c7697e3f-4410-419f-8d13-eafcc97b394b,not good,1
8eb2fcf0-8984-4ce2-9ab3-d7f12067af36,Good,5
68010d76-9185-47cd-8634-cc05a4713d7e,Where is my notes idont have any notes! Where is my notes?! Pls give it,1
ae385cfc-6ca5-426b-b0df-4e41256130df,This app is very good to communicate with friends and family all around the world.,5
86a409b8-b7c1-4f1b-99ee-fa5aee29001d,Idk,4
d9221099-39d5-482b-b51a-05f4e68f2429,Excellent,5
b1002dc7-335b-4f0f-bd34-87fa6410513a,I like this app because when your friend like a VC,5
27b4ca1c-c46d-4a1c-876f-1aace4f01f09,Is this important for person.,5
f573163f-bc3d-475c-b00a-f5cce576dc05,Nicr,5
2b5cc7ea-92f6-4e94-a5b7-4aa34fde83f2,This is so bad messenger in Philippines is not working,1
b3e13179-1fc7-4e9f-b9dc-ae00218dc785,Update,5
8ccbcb64-c339-4927-b56a-d73eda8664f5,4 stars only cause it doesn't update,4
6dfa0467-fccc-427e-ad27-3be8d1ec41a2,Ok,5
b345cf85-4422-4fca-8e62-cf3696a57245,good,5
7a0b6d44-dbf9-4643-8931-7442c81a8864,"I absolutely hate the new update, This end-to-end encryption is bothering me i cant backread to the old messages i have sent. Please fix this thank you.",1
0244876a-704e-485f-be53-ca4a4d799992,sianpu,3
01a0dbf0-b981-4213-98bf-8142be323081,The music note isn't showing please fix that,3
16db56dc-d678-428b-91cd-f8b98480ceb4,Watanays,5
f4a32034-8a00-4a1e-ba1e-5de3343fc261,Very nice,5
fd81e843-033c-4f33-bb77-6ed309d31a98,𝑊ℎ𝑦 𝑖 𝑑𝑜𝑛𝑡 ℎ𝑎𝑣𝑒 𝑎 𝑛𝑜𝑡𝑒𝑠,2
49e61538-409c-442d-a27e-d426561fa12a,not downlod,5
1df33765-4fa4-4844-8bdd-7120323c399e,Good app,5
ead0b699-066e-4a67-810e-0bcf380d510c,😍,5
21f7189d-1a2e-42b6-8c93-e6c3829dca56,AKASH,5
dda19983-4fb7-4df9-a7ea-1a3d3d6fb829,Very low and inconvenient,1
cf62df71-0454-4425-80d2-39d771b854c3,Nice,5
33110db7-1e02-415d-86d4-67eb7192344a,isa ra ka star kay walay ka chat,1
bafe85ac-1fb8-4345-a3d7-2d4db2165610,Kya bakwas app hai koi vi ladki reply nahi dati 😑🤬,1
e1da9e91-8c4a-433a-a204-6a953780834e,Very good,5
70b4fec1-279d-492f-8a4f-a6737cd31354,Fast and easy to find someone,5
7d20b8ee-b4f8-4cc3-8f63-0b3e40a697ce,"MESSENGER LET ME CHAT MY FRIENDS GODDAMNIT, EARLY IN THE MORNING I COULD ABLE TO OPEN MESSENGER BECAUSE SOME BUG, AND IT TOLD ME TO UPDATE IT BUT HOW???? THERE IS NO UPDATE BUTTON IN THIS PLAYSTORE, I EVEN TRIED REDOWNLOADING AND YET IT DIDN'T CHANGE ANYTING. PLEASE FIX THIS PROVLEM I' GETTING PISSED OFF BY THIS",1
f92fc3b2-bca9-4518-959a-efb3df56b3fc,wala akong music brr,1
8def2222-57c7-4c3a-bbc4-72237fd545d3,Nice app,5
c7268926-c856-43c4-a569-c98ed6aa6361,Vary bad app,5
eb33b546-e9f1-43a1-a054-27446c5f3ce3,so slow,1
e6d0ff24-8d39-4d0c-ae6c-3fe41ee76817,Ok lang naman,5
4d052f72-e055-4e39-baa1-9d04d3bbf793,Very good,5
f203c7f4-1743-47f7-b4da-ddb0e57b2ba6,update this messenger,5
29e22ffd-dd49-41e3-8f76-4393d11562af,😃☺️☺️☺️,3
d057ffa0-a28f-4be3-8bd0-02ddd81a3cba,Thanksssss You...,5
9ef3faac-0069-484d-9ca1-4621d8efcd0d,secret,4
a7d9fc79-5b17-43a8-8344-01866b4d42b1,Gooods,4
3399367a-77e9-451b-bd50-36614865d955,My messenger stucked,2
d5d9cd6d-841f-4781-9d77-410423a67a0b,Love it 🤩🤩🤩🤩🤩🤩🤩,5
b4108af6-6160-46b1-8880-476fd9eef6b5,Nice,5
98a1f245-2050-4961-aa14-be215457a573,Maganda,4
39001bd9-49b7-4eac-b90b-bfd1a3ca77cd,Love it!! 💕😍,5
af0f55f3-c780-49c9-b485-fc0fdb606773,The app changed and it's harder to navigate between messages and messenger,1
e89be03d-9867-4939-9bb1-fea030805d41,Need to fixing the problem and annoying issues plz From bad to worse,1
9412af7b-4b34-45c0-ac93-955fb78cf364,nice,5
ee94fdc9-921d-440d-a937-801813dd73ac,Always update...always worst,1
c51fdca1-4284-4f7d-a2ce-123202d70ab8,Good,4
5ae3cf9f-a05d-4445-8cf9-e00aea747c34,For me I like this application a lot and I have been using since I was a child.But now it is not able to use without vpn.That's why I give only 4 stars,4
aab470a9-cd31-4770-a2b7-6a50253d7c9e,Love it,5
b4d5b16b-6787-40f5-975e-ad3deb479c18,Good,4
555f4440-eef6-4ad7-b852-c7b74cf2632d,Ok,4
2210f94e-0ad0-418b-8e96-060260c783c5,Good,4
1d570ab2-05b2-4dc2-bf38-3db79addfbde,Nice,4
aeace951-f23b-4c89-bc66-df6307aa3411,Update please,5
e4f31554-7a0a-4c5a-95c4-c2f3f915a70e,Its good but i cant seem to see the messenger notes,2
1caae5f2-5a1b-4f0f-b0d9-6de4bb7d6bf6,Not bad,3
c860a12d-0d8a-42f8-8462-3ddc4d215328,Very-Usefull-Applection..!,5
2f98f7c7-fa3b-4956-85f9-d15b5491795c,This app is very good service ☺️,4
8b53ea6f-d43a-4b7c-9956-196d1b0e48d6,NAWALA CHATS NAMIN ATEH KO IBALIK M MAMAMATAY AKK 😭😭😭😭😭,1
e7f95085-9647-4cf8-8251-633c1422e5b7,Yk this app dont deserve a star if y'all remove the end to end crypt chat im tired of it there's some important messages i need to view but my ACC IS ALWAYS LOGGED OUT AND THE END TO END CRYPT IS MAKING IT WORSE,1
dd119163-226c-4d8c-bef2-1799644ae2de,nice,5
9f36d1e1-ece5-4bda-974a-1eb7d8a056e2,"Honestly, this app is useful as you may send messages and pictures for free to your beloved ones however, since this is a software, it needs enhancement in order to appear user-friendly and must serve it's purpose as per written in one of META'S goal. But, as time changes, same goes for the app, it is slowly changing to ""slow-responsive, hard-to-use, needs constant app updates, and others."" These issues are all understandable but, I hope the company must consider also the effects on the user :))",2
20b78812-ac23-4825-a5be-144cb875efa8,Tae,5
cc9ca796-339f-4a48-94e1-459c2b2035b4,good,5
8e41ce6f-7eaf-4ab3-a673-dbebbc2d28da,So nice,5
ef4d83e5-a14c-4d0b-860a-f877fdfec3c3,Very nice apps this is the one we have is my fault,1
19da63d0-7bd4-49ea-8df8-97ae5eee9e43,মায়াবী আক্তার,1
9b7430e4-ce7d-41dc-9c7e-a7cb3958a4e2,It's good,4
83e6dbdb-6ec6-412d-8df5-133fee5ced31,Nice game,5
6fc20681-4900-41b8-9299-eea8423199ce,Good,5
a78cbd7d-ee7b-4caf-93ed-810750c9fec5,because the video call speaker are not ok,1
3148469f-dfa9-4710-aab2-d11ab1646f5e,may notes na kaso lang wala pa akong music sa notes😓😓,3
0b731f4e-782e-49a4-b93e-2a9b89e1d4f9,verry good,5
ed098dc7-5e2f-43a7-ad27-8a5bdb3e7131,Worst messaging app experience,1
8efea502-f7ce-4060-a3da-c83516c97957,Hahahaha,5
b485e4e2-08ec-4f20-8489-695ed912d685,I can chat my friends and my family,5
54407cab-c499-4dc3-a0f2-7ebfe02e5517,Worst version.,1
20f635fa-8533-434c-974f-6a59fd5834d3,Poor update,1
f333e140-fa78-4e94-b6d1-2d95e277cb2a,Not very good,1
8b8fab36-ffd7-4691-a696-60b4b68d9922,Ok,5
b2814b35-d0d6-41a1-a159-b7b45fa8353b,Take me back to the night we met🫶🫶,1
6a341848-d825-445c-8ddc-e33e1e29eb6c,ajay Kumar Gautam,3
2ae9e5d0-f6a0-497b-9b05-2a44d48384bd,Walang music notes sakin,1
3db784bd-050b-4885-8e67-94278452c1e8,Will not let me see videos posted here,1
2c23fcd5-c8b9-4cc6-bdea-d2b3ffd3dcdd,Superb featured..,5
54d24c66-61b8-4f68-9d36-4498176e915f,Incoming phone call bug,1
2d37d7f5-176c-4b58-ad32-b832ad203b83,I still don't have music,4
1842db13-79f7-46a0-bedd-d02e16bc9a67,worst update😡 encrypted messages.lol PLEASE REMOVE THIS...,1
5fef3a8b-9053-42fa-a35f-17a5a647d47b,Worst update ever. Remove the end-to-end encryption mssngr.,1
ee8a068a-5d06-4a74-86db-c03febd7dd60,Yeah,5
3b19ba19-c2e8-49ef-a368-5660c78bbd6c,cutiepoteti,5
3acb3ba8-f9ab-4e73-bc42-2c75b48d6b2a,I love this app,5
8893656b-c46f-4bb2-97fb-b87be4011e22,good and i have learned more about gcash but i dont why sometimes did not response. But anyway i have any suggestions about gcash app because somthing that need to be a gain more game about gcash but i didnt know why others peaple gain baoit gcash thats why i install this app because i want to gain like orhwr people like my friends relative gain also in other word i want to admit myself by doing this app to gain and to support them to install this app together and everyone need this app and seem,5
51a3b16b-2005-4c92-a1f0-cf71a9eb5409,hehe,5
486e60dd-8073-4177-9cc2-34de808009f1,inamerls messenger bulok ng bago mong meta,1
9bf5be7f-1a6a-40ba-afeb-e452f248eaf8,@ ♡♡.,2
707d514b-c1e0-4499-9437-457f4b3cacab,Nice app easy to communicate,3
b9de34bd-6dcf-49cd-84bf-760bda46f402,taenaaa wlang music sa notes ko,5
34bc9bc2-e1b6-44f7-bb3d-616ecdcc8538,outstanding .....superb,1
8bd7bbb5-dfa1-4823-9a0d-9cefc75f9ea9,it's so awsome and,5
76e66fcb-4002-4206-9d32-e5895b1e8097,Not satisfied,5
d3bb890f-17f5-4d26-86d6-7715a52833e8,Nice good app,5
2cf2d5ab-9fcd-4a5f-b36f-b10545b7f00d,I hope i can get an music in note...,5
e62fbb84-b99c-490e-94b0-d038c5d97d8d,ganda,5
0226a776-f60a-4982-8baf-783a88d5ebe6,Putang ina,1
638362fc-5e15-456a-af4b-4a1a76c10f38,Nice,5
2afb429b-7416-4d2f-af89-44e50e86135b,Good not bad,5
d4585330-db43-4fc7-b36b-74c59e8f00ed,excellent,5
1e1210ec-49ed-4747-9a51-5c5da413036d,Dami update PA Ganda Ng paganda sulitt🫶💋,5
e1555122-d462-4d2e-8a93-36ccc5748d8c,Very good,5
a5651bcb-1f3a-40d6-a8ef-4596d2d24875,I don't have notes!!,1
9812bf60-f299-474c-85f4-4f647f1be011,Good app,4
637252f2-96b9-4bf6-9a1c-9778e61fbc5d,"tanggalin mo end to end encryption, pasabugin kita eh gigigil moko",1
accaca4b-14d4-454f-8574-571122b71bed,So,5
976ff6a2-8a8a-4a5f-af18-66258cc67fdc,"bring back the old version, i hate the end to end blah blah",1
f7b6886a-472c-47e3-9955-a585ad3a4542,It's hang,1
3006399e-fa27-45fe-a170-28b9b7ffecdd,Toooo many bugs. I hate it.,5
b8a97379-d855-449a-b0a3-928564b54069,Pls fix your system,5
1a4c2e50-5c0b-48a6-9aa6-9c492f8b5f8f,maganda s'ya,5
355893d8-78f4-43d9-ae6d-67f0b356f895,Wla ng chachat🙃,1
33e4fd89-658b-44bf-928c-ce2e113fed9b,Ocj,5
a709b18d-c700-4038-a4b6-f4d08147a3a9,Isns,5
6f9d381b-0094-487b-adc5-dda460af9292,I can't update my messenger please some one help charr,1
cb38fd9a-671a-471f-89b4-592fff087091,Sobrang ganda talagang gamitin..,5
588f5780-b950-4f1c-897f-ae5ac83d4784,"The end to end encrypted update you should remove it i accidentally uninstalled my messenger and the next thing I knew all of my messages disappear, as a student all of the files I send is gone, what am I gonna do now? Stare in the wall all day? Fix this issue please.",1
81318fa9-55d8-4b2e-9814-3a9afd7fb3f6,good but the end to end encryption is so annoying,3
7c345ce2-5715-4f6a-9d7e-1cefdf3a6309,The message does not appear for me I don't know what is written in the message,1
0b1e4561-01f9-42f5-8f3c-277f0fb0d983,Like,5
261d4be8-25aa-4828-9f0c-09d93f6157d2,I don't like the emoji,2
4c70fe24-8b7b-4e6e-ac6d-5a9b7c566925,Good,5
0e20f2b1-0c2e-47e5-89c9-6852420ddd2b,walang music notes yung sakin!!!!,1
537db63b-9f44-4ee8-a2ac-b9bbb0f51d64,Awesome,5
4bacddbe-15e3-4802-8f8b-16a3345691d2,Nice,5
3a108809-d063-4c52-bacf-52f06cafcb9c,ga bug way pulos,1
0db99e06-0fca-4e3f-9de4-76f1e72b659c,Walang notes mess ko😤,3
0ab786bb-a7b6-4b7c-942e-30c012aac999,Greens pl0,5
8f1eac4a-8682-4187-bc59-8e50ee172143,Good,5
aa6420ce-8021-4030-8532-ce43f69458e1,It's good,5
8605ed1b-a00c-4c26-b87f-7eef12746e69,I like it bc i can take a note,5
dd586590-8308-4fb5-ac92-dd75a306c7ce,Good,5
933cbef5-ce42-4fe1-a19f-8d495a8970a0,Good,5
6ee71b0a-8a4d-4f0c-9c5e-9a3ddcc8f630,All the Best,5
822b2afc-778e-44f2-9c07-229b42b3a205,Don't have a music,5
4fd381c8-4b13-49d1-bae5-2f3a3277a365,The last update was absolutely the worst in fb history. You even took down the emoji and made the chat window like Whatsapp but with a white screen. It's so frustrating having your new stupid update experience.,1
a6696c73-a576-4bdf-8305-93b95672cfb9,Nice,5
2a9b56b6-2fe1-429a-993b-d8c7ee17e2e1,pls fix this!! when i react to a story it just popped up in our chats!!.... im so furious!,1
11b94c76-8e53-46e9-9b1b-20890b830f53,Terrible,1
5363116a-2a70-4387-b002-be9f5f123ccd,Love it,5
e5c3d521-5ceb-4821-b2bb-15effa2fe86b,Late update,1
1ff983db-b5b3-4ac9-9475-624aa83d60c5,I loved talking to my my friends in privacy and it was really good quality,5
0481253f-fb6c-4eb7-b76f-1451fc4108f6,update please,5
b915d438-4029-4531-ab77-c885ca058e28,Nice,5
e7191502-1d3f-439c-b078-3b65df6ea5b5,nice,5
4ce51d01-680f-4daf-b62f-29c25fae3169,Good,5
4371de40-66d5-4dc5-9ac1-8e84574b8c8e,💖,5
4760074e-7522-4cc7-a153-7b51f6c0667b,Satisfied,5
24467d63-5193-4107-a853-cb93965f6ace,Maximum time it hangs up,1
e2e6dca9-9a48-441e-bb2c-8a892920d4d8,Super,5
850bd195-79e7-410a-aced-507687e1889d,lol ibalik nyo ung nawalaa kong convo🫤,1
24898912-76c1-4d26-b2f2-c0823dffb022,Good.,5
86e49870-fe92-47df-a5f5-6c27d9988a58,tanginang end-to-end encryption yan,1
9294dd27-6f19-49fd-95ad-0a16cbe9c0ef,Maganda,1
437fa24e-55dc-4e3d-ab26-2a48862c6b3c,Good👍,5
3c771ca0-2828-4c4c-a00e-b72f4187725d,Good siya kaso wala pakong note music😭,5
6f812dba-116e-48d9-9079-4f999a5719c6,কান্তেশ্বর বর্মন,5
b66ac4cd-211d-4738-80cd-720e409c2c76,Still trying,4
dbab63aa-bdd6-4e81-b21a-a36e3735fa40,ge,5
15cc661b-93f6-4229-8426-a07fc015a2cf,Happy,5
a76ecd11-6da6-47d0-a80d-632785ee45c3,Very good,1
10bc9d13-7489-4ebf-9ad8-00cb37a094c1,Not convenient,2
763a739b-3200-49b8-8826-dcc8db3c5d8f,Please kindly fixed the emage quality of any pictures or files sent to messenger.. its blurry..,2
1f79425b-8ca7-4717-91bb-2ed9807cf877,Good Apps,1
1def87b5-99e3-4ee0-ae9f-72d3eac141cd,Awesome,5
e8350cae-6dd1-47c1-ba50-5701412a97b4,Walang music messenger ko,1
9b44addd-2a17-42d9-8309-7af40e6d03af,"the word searches in messages are bugging, fix it.",3
664342a4-12fe-4f02-861c-94a6ccbdf95a,"I hate this app because the update is so annoying, what I meant is the end to end encryption, it's bothering me so much and all my convo's with my friends is shorted And cutted because of that end to end thing, I wanted to get the old messenger back that has no end to end encryption so I can read our Convo back and back. Meta give me some favor I will rate this app 5 star if you can get the old messenger back.",1
93006b27-e81b-4192-89cb-1267f427a68d,Hossa na,1
401bda58-bbc8-45a7-8c4e-483a057256ae,Very useful app everyday use anywhere i go thanks a lot.,3
56d7ee8f-b1e7-41cc-a68f-602ee94a1fda,"Such a garbage app. Constantly being broken by updates and zero testing. Still has the bug where messages you've already sent get stuck as drafts and can't be removed unless you delete all of your cache. Sounds simple, but doing it 2 or 3 times a day isn't. It's also broken thumbnail and data scraping for YT links. And recently it broke the ability for the Android keyboard context menu. So no editing, selecting or copying or pasting is possible. Oh, but we have absolutely pointless AI. Wow.",1
e65c4983-64d1-42a5-8866-b89adf3ec5e4,Faster communication,5
c1739c79-6ff5-41d7-9ebf-9d2f1b3713f4,"not bad, but not good.",5
8a87c799-6659-4fdd-bd79-284963cae25f,Ampanget jusko,1
c16444c8-8b7e-44a2-a598-761054feb6a5,di auto update,2
353156f5-87ca-44ec-96e3-869e7cb50f34,please letme have music on my notes,5
7685b556-be54-4f31-8c69-8b0fcd6b49b9,Can I get music noted please I rate it 4,4
84024693-288d-43de-b5ec-0f09d4ac05b8,So,5
c800c80e-1d3a-4fd4-b025-4ce97f9df556,Very niceee,5
1201f75f-3e92-4b2e-a076-bc4d9d6c4956,Good,5
ca34b63f-b60c-4646-bf5d-4ad839589ace,nice,4
45a23a7f-7da0-4f33-bae5-c99773d3cf42,plsss gimme the update,5
3226d02c-6c85-4315-8641-10756bd1a9ac,"Good, but late update",4
62821a80-de40-45a9-9643-8544e26fc29f,nawala convo kaiyak 😭😭😭😭😭😭,1
57b6aa2f-8c0f-4b45-949c-519cc80c0449,Amazing 👌,5
ad2b153e-3905-4b3a-a152-604e2d2dc2cc,i still don't have the notes,1
bfb819c9-f9fe-4404-bdb7-5fc5efe16971,Good,1
6c3b39b5-0582-4e4e-8411-054b7599dd52,Xoxo,5
d8460fd8-393c-45bc-88a5-e23d94c18c97,ibalik nyo na sa dati messenger ko,5
25efb714-ac23-4aab-83e7-f501d163c41e,Like it,5
2faa519a-341b-4f79-afbf-3b21a397ade4,enjoy using msgr,5
52f734fb-1c1e-4742-afea-929cf42bceb4,WHERE'S MY MUSIC NOTES?,5
ca15c44a-4baf-4c8f-b9b4-1e5156d1339d,The encrypted is not helping,1
8a3ea3cf-8bdc-41b3-8757-0980de3e8518,horrible,1
9debbbe4-05b1-419f-9454-307b11aa63e7,Rarer,5
eff520c6-bfc4-4f7d-b4eb-0a3f75c06b98,nice,5
434a7859-4f06-4943-b241-fd3191a4ec5e,ফালতু একটা অ্যাপস। কোনো কাজের না। আজ পর্যন্ত একটা প্রেম করাইয়া দিতে পারলো না এই অ্যাপস। কোনো মেয়ে ই মেসেজ দেয় না। আর কোনো মেয়েকে মেসেজ দিলে শালী তে মেসেজ সিন ই করে না। ডানা কাটা পরী থেইকা কয়দিন পর আইডির নাম হইয়া যায় বি*চি ফাটা কুদ্দুস। ফালতু একটা অ্যাপ। ধন্যবাদ..!!,5
df5013d2-7832-489e-a5d1-bc8903314cc8,bat walang music yung sa notes ko,1
1e7b37fd-7d37-4c3a-a9d7-5a557fc21015,Good rating,5
e0f2d79f-1ae0-4c31-aa82-b063a9a325db,Dana bolang ka mess,1
a67a075c-ae8c-4970-9e47-e01d7c70082f,"Those end-to-end encrypted chats are annoying. You want to go back to those messages, you can't see them because of the end to end encrypted chats, even the evidence of your chat messages. It's so annoying that I almost throw away my cell phone",1
63e2be97-2f7d-4ba7-b2c7-41672e299569,Good,5
92966eec-fd9b-44f6-b551-577309615dcc,Wla sakin yung music note,1
cfcdfa13-6c6b-46d9-b40c-88d26045fd78,okay lang,2
958eab42-eb66-42e0-be84-3555ea87b199,why is it showing encrypted encryption,1
8961b761-ed90-494e-8f81-adec6e763cc1,So amazing,5
ec03b012-32dd-49e7-a75a-1cbc1e12e619,Still sucks. Extremely buggy.,1
0bdfd47a-d8c4-47e8-b342-5f3fd403b943,Hindi ako Maka recieve ng notification tapos ayaw mag send ng messages ano Yun?,2
4629a1c3-d84b-4908-b206-2da47e3ef0a5,Happy,5
fee75c82-6d9e-4254-b13b-ceba67d3af13,Ok ra,5
9c840e03-e502-40e3-b0b9-3fac96c10ffc,Nice app,5
818a9bca-ee95-4787-8db7-6ab45139d6c3,Aa but I don't know what to say to someone who is year old are you not going to be friends with me and then I can you be a friend of mine has been a friend of mine has been a friend of mine has been a friend of mine has been a friend of mine has been in this morning and white striped pajamas ok I'll see what a great opportunity I miss him but so many of the things we have crush and run I have crush mo ehh me and you and white rice ok I'll let him but I lab is it starting the red one is in my nam,5
63283201-5e26-4915-84f6-3f8cc75d7a90,Super solid,5
4068746e-bd78-440f-9c23-a0a460c24699,bagal sa update,1
7aaafac7-1d38-45db-8cd2-cbca55ae98d8,Wors,1
83949897-9027-467b-8e44-e38730522298,"Most of my conversations has been removed. Sometimes, the app cannot be open.",1
7d9a0653-fab7-46c5-a214-740eb7abb571,sigma,5
67895ec1-4b4c-4067-8348-0e2dc2962efa,really buggy,1
4fd49486-057b-4c69-9ae1-69da64a7cdad,Fxc k that end to end encrypted,1
39f5fc77-20ca-4d05-b1d5-3b61cc60ede4,Anyone col me to messanger,1
318ae0d2-b8fb-40f5-ade1-96d2e46f1ec3,Facebook,5
9cacea32-3bab-46f4-a3c2-8f7fda5947d3,It is a safe app that keeps your conversation save,5
49c8e7a0-838a-44e8-8234-55b355c59f24,Best,5
5e8b4b69-1f2d-4bbd-939a-80af2ce24684,Nice ap,5
ec82f455-653d-4634-88e8-139b0fabfc00,Good,5
6bd9deed-8741-4ff4-a8ce-836b42b2aa60,great,5
336485d1-88d1-4235-8879-9774ec1f3278,"wala lang, maganda sya hehe.",4
39820429-98d9-4cac-80cd-12a9db8cd3da,Nice app jus app i like you men..... Thear like you so mach app...... Messenger app is a best app.....,3
4697767a-0df6-4e9f-831d-f9da40ae3c93,Very nice,5
f6434e13-ed5a-43fb-bb89-78b9f2552ecb,Good for communication,5
65667276-ec87-48d4-a175-77c5bd589d7f,Super 😘 ji 🙏,5
d0d148bb-28af-439a-81db-ba46c3fd633e,Good,2
4e21d046-62e4-4e55-b36c-d76830dd2392,Walang song aken,1
9e38c663-e317-4ece-8abe-cfc74b388bd7,"Hello Messenger, I'm experiencing an issue with mirroring my camera during video calls on Messenger. Could you please assist me in fixing this within the app? Thank you! Hope you fix it flip cam",2
7f3bda17-084a-438b-95d3-b37e9ddfcb30,Walang,5
7612ff6d-fe0b-4620-bbff-30bdeda120df,Verrygood,5
1ed72c44-ffce-4263-bfb5-61334331999d,Of the Sydney Basin area are involved in mass importation of goods and phentinal into Australia for the past few years ago guilty of breaking my ancles when arrested for doing nothing but going to the toilet in a bp service station in Burwood NSW Australia showed the magistrate court of my injuries and they are looking into this for me and you can do that I have done before yesterday and today is very good day to day ahead of time for you to know what I can do that for you and I love you so very,5
979aa85a-cbb3-48f3-a449-e0af07bffdc0,my messenger is NOT WORKING,3
5e19c83f-2857-4552-8977-17d0d9e8d615,I'II well with this messenger app,5
8c6536d6-e186-4476-8c20-53435bc5a4eb,ang panget ng bagong update teh,1
557699fb-bc89-4acc-9008-1b98d0696c3a,Very Good,5
59ce829c-723b-4f98-90c7-cf207b91985c,dog doo doo garbage,1
9546ba79-586b-4be3-8504-1fe43b6bd4c8,Good app,3
c8c405cc-ba71-430b-b8b4-300ba2b78939,nice,5
759107e7-b81d-4f37-94e6-9d82d730acc0,"This last update, is really awful, I really regret by giving this Star, the app refused to send messages to my dear friend and more",1
77373f36-acbc-436d-b867-e2c2c83b21dd,wala akong notes.,1
579d256f-9e5b-4d8e-9ca6-7122c590a87a,My important files got deleted instanly due to your end to end something that we don't even use,1
787e729a-6445-47c3-bb8b-a617b48848fb,Nice good,5
ea7fe517-874b-40e5-af90-e27d47c505fd,Update plsss,5
29a35b60-1909-42dd-ab8d-05d9098e702d,love it,5
74e9fbd0-cfa5-400e-b8f0-cd31faadbe45,Good,5
fc804583-a18d-4755-bd0f-1cab8549e69b,Its ok,5
b2c0d6c6-3c1b-4a09-981b-8ec6a37f7e82,walang kausap ate,2
8be66ef8-37e9-4fd2-999b-ee52c68bc931,Good.,5
27d7fd68-c680-4f7d-99a1-678fd9ce939f,the new encrypted message sucks,1
4ed5e3c8-f644-4b89-a931-ca0e03014f27,Please remove the Meta Al Application it irritates me too much we don't need this please fix this problem asap,2
55d5f728-a330-46c2-9f8b-6e748011c2f9,Great,5
1467818b-07aa-4ae3-8b17-1184dad6a54d,Good,5
1c95bb46-a935-4b2a-b4f8-44a37db84002,Because to end to end encryption,1
5a504540-39f3-41b7-a5fc-5dfe59d6e267,Good,5
1fd223e3-ad6e-4f95-a3cd-7e9b8c570a03,Remove the end to end encryption My important message can't be saved it's very annoying remove it what where you thinking,1
d260c691-6e37-4090-a94d-817b574b163e,worst,1
280f64ed-2460-433f-9084-c7bc719df786,Bakit hindi ma Updated,1
4673ca10-efea-41d7-8451-29ef2da13485,Good day Po ask ko lng Po paano Po maayos ang middle name Ng tatay ko sa birth certificate ko kahit walang documents ang tatay ko,5
e448a7e8-ee8d-4f4d-bb4e-3cdb1f2b1a0d,I am very satisfied,5
bcc47949-aa10-4f0d-af93-0c9a8e12b271,I can't see my friends notes,3
0dc1d0c5-908b-4ffc-8877-686906c473af,i love it 😍,5
e42bb5d7-dd6d-469f-a5c6-5ed0b1ec232d,Ok,5
6bc9f18f-1df0-4a00-8332-f6c3b344ca60,No coment,5
7a64cceb-df03-4f5b-bb3f-4905f68ad645,when update is done nothing's new happen,1
680e22a1-293a-4038-b7b4-de379e7c6c3f,Good,5
9e3b3576-c317-443a-b47f-2f78e315e727,"New update is Very bad, 😠",1
ee12af9e-96f3-4cb7-997d-6713a50c2fa5,Good app,5
97249256-37cb-4bf6-831e-5958ab71be28,Gamdako,5
70f844e5-ad07-4189-98be-0125208dc01b,Someone using my account or cloning my FB ang messenger account,2
1ca77c5e-c90e-4df4-a89c-bd791ca2dd1e,L skibidi,1
e8a2a8dd-2cf9-4217-8abd-b1af437b6225,Kasi maganda sya dito kami chat ng crush ko nakilala ko sya dahil sa ml tas kinuha nya fb tas nag chat na kami sa isat.isa,5
476c5fac-c5cd-42db-ad50-26b6faf1a900,اما شو تحديث اشي بخزي,1
e32bb6b6-331c-45ce-af1d-4dda7437b3c3,Good,5
3a22aeb2-0bf2-400e-a7f3-ff5704b45d22,Worst Update,1
a0a5ecd0-2581-4e07-a831-bea27fcf346c,I gave 5 stars on this app because i hate this,5
e9077cfb-e99d-4213-a0df-8e919a46edcf,"may music na ang noteee, labyooo po",5
3ddb64bf-d119-4a64-97d7-0150b2d7019d,minsan di agad sya nag uupdate,4
092ac1c2-41fb-48b7-b262-dad1a81b9a68,𝑰𝒏𝒔𝒕𝒂𝒈𝒓𝒂𝒎 𝒌𝒊 𝒇𝒂𝒎 𝒔𝒂𝒎 𝒎𝒂𝒔𝒕 𝒉𝒂𝒊 𝒅𝒂𝒖𝒏𝒍𝒐𝒅 𝒌𝒂𝒓𝒐 𝒃𝒉𝒂𝒊,5
f22cce5b-c78e-49c7-a3bf-ede7be5900ca,rrzud,5
dded0d95-a7de-4bf4-9c4f-4139af488546,It's sending my friend random reel or post that I had never seen before. Keep turning my status back to active.,1
497aa857-db54-4d12-b973-33f944946f78,It was so good until the update end to end encrypted,2
19185212-69d1-46d7-b563-83cde6ff5e45,Works great with FF,5
f9d07fb5-8d14-40c6-aa35-ddaa8f9409c5,Good,4
80903128-b958-4e23-83c3-0504356952bd,Top,5
a6e393fc-fa25-43a3-b322-bfae41dd4244,Happy,5
b4700c1a-086e-406f-bb61-bc3c46e856cc,Happy,5
bb055abc-68d6-4bb8-ad0e-83b5c0618904,Bobo nyo,5
bd05cf82-012c-403a-8bdf-18ef9553630a,😍❤️,5
8a4312a6-6f27-435a-9648-9354a7d39945,I experience logging everytime.i thought i'm the only one experience like this.,5
e9741d51-a82b-4685-a723-34fb97cad7c2,very soft,5
0fe973e8-6043-4950-b30f-dd848c00d18c,There's always a problem sending a message grrrr,1
a78d5df8-ab7f-41ff-8204-762ab09d962b,Good,3
03b596bc-46c5-4c05-973c-cca88b7663fd,এটা একটা ফালতু অ্যাপ এই অ্যাপ এ কোনো কাজ নেই সারাদিন অনলাইনে থাকলেও কোনো মেয়ে এসএমএস করে না আমি নিজে থেকে এসএমএস করলেও রিপ্লাই দেয় না যদি কোনো ফরিদা নামের মেয়ে এসএমএস করে তাহলে কিছু দিন পর ঠিক ফারহাদ শেখ হয়ে যায় তাহলে এই এ্যাপ এর কি কাজ তো সব মিলিয়ে এটাই প্রমাণিত হয় যে এই অ্যাপ এর কোনো কাজ নেই so This app is very bad 😔🙃,5
497e0adb-ebbd-4047-8cdb-24f26df1d666,Please Sana meron na yung new update yung may music sa notes,2
802c848b-708d-4ba9-90e9-2f76828e400f,Super helpful po nitong app nato lalo napo pag malayo yung kausap mo ichachat mo nlng dto.,5
702061b0-4e0f-4c81-ba68-ef9da8334514,Nice,5
b2575e54-e6d3-4ca4-8e20-c10175395196,"My messenger is Good, but when i update it, Lot of Emojis/emotes are not Showing anymore, Some of it are invalid or not working, Pls fix it immediately",1
08b3444e-c668-4005-b6b3-36b7f02438cd,Good,5
84d4181e-574d-47b4-80e4-52b3454346a4,Panget,1
31e196f6-1d54-4c8e-ba7d-f0972c0328db,Grateful,5
b9083535-741c-4af9-aecb-95ef8acf3b47,very good,5
04b3c99b-91d9-494a-81ff-6e3b31a171ab,Ok,5
2adfcdbf-b4f7-401f-b446-20ae7079fd17,End to end encryption is the worse update it makes things worser than before,1
a698fb77-e0f2-46ac-a6b1-a9d554931c36,Ok,5
ba445cd5-7b86-48fb-94fd-67d62df21fab,Please put note music,5
e1ede3a6-87aa-400e-b6f7-3710fc983687,I love this app,5
45dc6ee0-0163-41d7-b430-27035ffe495f,Good and very useful,5
cd7ebad9-8acd-4861-b85b-6fb55a416ca2,"I CAN'T UPDATE YOUR APP, GUSTO KO NANG MAY MUSIC YUNG MESSENGER NOTES KO ☹️☹️",1
25865976-2454-46d3-8236-c501fe30a83b,Ig go,5
5500247f-9c97-4725-b3ad-134f08223818,Bishal Jhjjh,5
6eaa2b13-328a-484b-b4de-6d84a10aa1cb,I feel so good,5
603a633d-7f5c-47a9-b196-e0e222cd6b31,Very good,5
3cde9ff0-b2f5-492f-9ef6-c069e2c54b69,Gud,5
a41ca644-cf7a-4855-8ba7-8c2083f92f1b,Message,5
9bbf1151-1ed8-4621-a923-1ea2c2ec9fb0,🌟🌟🌟,5
370db7c2-cb5f-4872-81f2-acb7fd912173,may kausap na kasi ako,5
7d839cb9-bce8-436d-b369-e6eb6d91682a,It is rubbish,1
1587a939-6722-47ce-8979-65546b30ffd5,misskonasya,5
7cf7c95b-f03d-48b1-a612-d0f5be40ab67,This needs a music in notess,2
71aaf97e-6443-44ed-820d-40e31f249935,1/5 lng d sya nag chachat sakin ehh😤,1
a84b6c5d-6851-48b2-95f9-f950315fccfa,Nice,5
5709444f-5db7-4226-b470-e123fdeaad64,Very poor service,1
9db8631d-e1da-4200-8c0e-291627d9ce20,"i don't have notes, so many bug",1
33a6c09d-2633-4036-a770-0fcb25ff5c0b,So good 😊😊,5
a3012b24-5c0f-401e-bb65-f6920a39b54a,The notifications are not showing on the notification bar of the phone unless you open the app; even though the notification setting both on the phone and app is turned on.,1
a04b3dac-c7e2-4538-b8fc-bb66ad1ef1f0,It doesn't give me the latest updates.,1
91b2f4f0-6c63-4347-b409-12c2fb64f3eb,Good working,5
dd8a3eb2-9901-4759-8e2c-16000f82c5ff,",good",5
01ccaf3b-09fe-4f9e-940b-99f9670b6c0b,I can't get an update,1
4589a66f-7a8b-4ac4-9520-d69c7940f2ff,Good,5
212289da-39dc-42d0-bbdf-efd687cee067,"The app is not working when i am using my main account.. messages won't send and receive. Reinstall will fix the issue for short time and then it will stop working again.. i have this issue if im am using wifi. Even though i have good connection, messages wont send and received. This is so annoying.",3
a70932bc-4da1-4847-b88e-d390d6509646,"Communication is key & messenger allows it happen along with visual, hearing aid capability, and voice recording!",5
90b98a2c-9baf-4fe6-8d73-b0d891c35b84,This app is an absolute waste of time now you need to sort it out.,1
8e158114-5e44-4853-96a5-09ae548a19db,👍🏾 Excellent,5
dcebc8b7-106d-47b4-b652-95ee9cd00db9,Good app,3
e2ac4b4b-8289-457b-b447-df07556b5252,Great,3
162d2898-1b12-4cce-b339-0db3b6fcdfdf,PRETTY,5
6fb61621-b46c-4552-894a-8c94dca586fb,Very good,5
73178309-57ec-4afc-bacc-dc1b5390a081,Give me more,5
6b7b1101-3b4b-4d88-ab43-2cb3471ccc63,bulok,1
41fec783-e710-4cd1-9a37-5a8c45cbbb2b,Good,5
17e879a6-6736-4b8d-9dd6-20e2014aea98,Worst update 😞,1
f33c9689-d5d0-4e9e-82b7-ae66a61a8174,It's ok ☺️,5
731a8354-0cf1-4a9b-a7af-5019e0440cdc,Super 🌟 star app,5
10521d66-1cdd-4284-8ca6-c8ac76e13b59,Nice one,4
ef1fd2e7-b61d-4dfc-869f-aba4f181c889,haan nak makanotes'en,1
dde83065-839a-43c2-a778-cf905927f8d4,To much bs to go through then overload your phone,1
e78b5ff0-c923-46bb-abea-93a2e4480679,nice,5
94accc35-ac50-4605-9a75-99dd96c82ef2,Maganda,5
0c92beff-68b7-4027-888d-ae905d36f3dd,It's ok,1
ccf6de89-2fc3-4936-a3c5-64c2c5cd64f5,Absolutely hate the end-to-end encryption 🙅🏻‍♀️ Some parts of my messages got deleted because of that thing.,1
f6ed3154-e1c5-47d8-a7c6-38013f462075,Still not seen app,4
dc45705a-4676-41cd-98a3-b48ece0b9ad7,life saver,5
5702650e-782d-4961-8a0e-1104aede1847,cant send photos,4
b22535e5-c8e5-4703-b39d-df020a89b36c,It's good but I can't update it or upgrade I want to put music on messenger,4
4f3aee7b-2ae1-46cc-bfe4-87d0a187df45,Amazing,5
18084e22-40d3-4e7d-964d-ddc9d8ea5749,I don't even have notes☹️,3
568ddadf-7799-46b3-a68f-cbe9096a8a38,mabaho pepe,1
4e7b6e92-5a82-4644-ba7c-5e4958bf4aa3,Tomana,5
13f33bfb-bfd1-4087-a29a-3902f44caa1d,good for communication,5
7d8f150b-2354-4c34-a078-682637c29372,worst messenger ever,1
fa7771ba-8383-401b-b873-83a76a61d6f7,Very good,5
ffb0a847-d6b3-4841-83a4-336f6e68114d,"Why does all my medias, photos and links got erased some of them is sooooo important too meee😭",5
eddb2c21-1cdf-4fef-abeb-facd07c5b255,Nice,5
a5de0693-94b3-4fcf-b74b-685dcc7609ff,Good,5
a3c1e37c-a858-4489-8dd1-b29c2e265faf,very good,5
2efbc318-2be1-40ae-9064-afef03f01d1c,Worst update,1
3220703a-c4dd-433c-b518-45510440da7d,Ok,5
0a768c5c-b68f-472d-bb1a-da30cb049d93,I don't like the end to end description,1
9079333b-07ec-4046-aa1c-f9de0f7d9ca8,২!🫢২..,1
c8c02111-a1cc-4648-9793-9a4b87fa086a,very good.,5
95ace793-4480-4bfd-8b87-c58fda37fff1,"Suddenly cannot highlight any text, whether it be individual words or by using Select all. Not an issue with any other app or the keyboard itself. Someone else has over 1300 thumbs ups on their review addressing this issue. Time to actually provide some decent app support, guys...",1
3afb7486-1323-41d0-8c2d-76c227dfa2e2,maganda:),3
76e99b99-fdef-4134-a09e-0d1957686734,"it's fun to make friends here, and i can communicate to my relatives and friends",5
3a3805b0-6c1c-4259-8b0c-514909b7cd0a,Very good,5
76bd29f4-7c93-4614-99fa-133fe3aad0df,5 star kasi wala gusto ko lang update nya sana ako.,4
e08d41e4-a7d5-470e-8965-70b42c5dd078,I enjoy and have more fun,5
89b80b26-b690-4fbe-8942-078dc22f620e,Good,5
fd66de0b-7d9b-41e7-9be9-df0d196ce676,Amazing,1
bafcc4d6-97e8-4e8f-a41d-f43f6a50e181,Mayphyo,5
5fcf2944-a595-4d2a-b587-8addf48c185f,I don't want the latest update specially the end to end encrypted chat. I accidentally uninstall my app and when I install it again the latest conversation were deleted. There's a lot of memories there,1
1440d6da-54c5-42e0-9fa1-372ab516782c,আন্না খাতুন,5
40c024d9-dec9-41cb-af75-f5deb334594d,Good,5
48e92438-99c2-461b-aaa6-e35fd322e24a,no calls.,1
a9022b4f-74c2-40ea-ac56-7a119cc09a43,Nice,5
1ca7e1b9-7765-4ebd-bc08-4b12665bc63f,Can I have a music note?,2
b6211c76-0f1c-4d2f-aa0f-8cb87a7ea8f4,ok.,5
c0b47e2b-e592-4839-87bf-9f8b6d526d97,best apps,5
9e70500c-78aa-4e41-b317-afc765284d16,Falto app chele ra kono text e dey na🥺🙂,1
8fba9650-91ae-41bc-86ac-1e2ef22612be,Why am I suspended?,1
3926a897-1b24-4305-9304-b18d9a1d28e2,It will not showing me who is active,1
0d60cb93-e7f5-441f-af95-030e340e3077,Won't let me update this app!!!!!!!,1
03775c31-afab-421e-aca2-00554fca254f,update,1
7198e70f-1ee2-45c0-b788-ba2d4750af77,Nice,5
8ed66a0b-1a49-4249-b481-ec7b0cee517e,Nice,5
e9e4f78c-0a13-4e41-b7ac-f6bc71b7c067,Good,5
f6bdad5d-d2d1-495c-95d8-367e15fd95db,Ngek,5
6a029ee7-caa0-40e3-abd5-e6f17d77c9be,Good,5
e83a1564-1ccf-445e-a8bc-57373833e9de,I like it,5
05ecb40c-b403-427c-9dbf-3731791f9327,Like the update,5
488dadbb-211c-4ee9-86ab-bb7d8a616f10,Nice.,4
b446afb4-43b6-4e9a-bf99-0fb89c081f6d,Meow,5
ac5b71af-2f9d-435a-be5c-e5de70713b48,"I'll give it three star's because the end-to-end encryption is so frustrating,please just remove that cuz i can't read my old messages because of this...",3
b843e3f2-1d10-42ae-8099-f2ec560d2b86,sa iba na siya cha-chat ng i love you at i miss you,1
0a209e86-17ed-4a57-993e-fe8acfbaab27,Good,5
28a4b99e-5432-4682-9ad4-6124f5695a01,Better use,5
06be4955-01d1-45ab-9224-f8cca2f1daf5,remove end-to-end encrypted,1
26317ff3-8244-4b8a-b121-d4bd915a73fd,Very good,5
38df34b2-6730-4282-a589-ad30c43c35e7,Minsan Bulok Ka❤,5
e55f75b9-7835-4435-92b8-def209eea954,Get back old messenger,1
109f8cb8-ccbf-4200-9367-e19eaa2d74d1,goood!,4
b5abd23c-23ff-4cd5-ac06-96ca8c2c679b,wala pa music notes,2
dc678a2f-20c5-4c6c-8960-9a893ce7edd2,worst...my chats are suddenly vanished..my old important files chats has removed..now i am trying to get back those chats,1
fbd26136-7208-4095-a025-d5fb3b6ff961,It's a nice apps,1
86151efa-779a-437b-887a-9a47d3957d39,good,1
21f37a05-25e7-4566-b945-3679417ebd0c,Quality,5
fa832157-c2dd-456d-a3a8-f1d26513caf6,Too late mag update wala man lalabas sa cp mo if nagpapa update eh d nmn nya inupdate,1
4b3e954e-3222-4cb0-9b8a-515441476606,4 lang dipa nag uupdate e yung may music yung notes sana😝,4
495485b2-29bd-4166-9f09-db434580894d,help me,5
73feac43-9dd4-44b0-b447-2d8de6bc873d,I hate the end-to-end encryption 🤢,1
31d2945d-5045-48e2-8977-0c8c9254a3b4,all good in the hood,5
25749b02-24e3-471f-b8be-f4940a79dfc9,"There's something wrong with the chat heads, I always wondered why it doesn't appear whenever I received a messages. And also, I can't update my messenger",4
5b21be89-f5b9-46b5-8a6a-0dde18fac06c,5. 4 5 7,4
43e9d35d-6359-401a-b81f-5d01bf92d595,hesitate 🙄🤔 confusing 😡🤨,1
292593d4-b107-4040-b5ce-18c41b985cf2,Maganda sya gamitin at pang vc,4
f2b352f3-5afd-4778-b3f8-94bcf7ddf2d9,This app is so disgusting girls never accept my purposal,1
a243700d-95e1-4d99-b522-d9b1bb9d392c,ayoko ng end to end encryption tanggalin niyo yan pls,1
470c6318-4589-4df8-8354-bb2d7a8c0487,Messenger is working but it have too many bugs. I can't backread anymore. I can't search through search conversation and unsending is too slow to respond.,1
e75794cf-09f1-4158-9694-42b18f4667b0,4⁴l or 444,1
95a9601b-bc2e-4c58-af42-620899d7df74,Nice,5
c8bcfcbb-540c-4918-ad86-c540b8c3cb26,What happened to messenger I can't see message,1
1457f3b0-81e6-459a-9f64-1f62fdc31008,App not working,1
e7cb59df-5087-472e-b9f1-4995631ed1b4,"App is has become so restricted, I can't even send screenshots anymore, (one of a holiday I've booked to show a friend) Now if I was an extremist or someone out to cause harm fair enough but this is going to far, It's pathetic.",1
1a310777-461a-420c-a1d2-a04413ccd3f0,Very useful app,5
ec36e097-500c-47be-ae24-4b578a28afc3,Why I don't have note to my account I'm really disappointed ☹️,1
f6414473-e1f4-4734-8385-015ae5a3fd28,Nice,5
68b37af7-d65c-4c0e-bcfb-42733cf7c3a1,"Constantly ""connecting"", messages won't send half the time and sometimes it even won't open. The new updates have turned a useful app into a nuisance",1
92e38478-ebbf-4b50-9e86-174eb28a2761,cute.... Ko,5
d6fdd296-08fa-4e1f-be9f-857681a187e8,ᴵˢᵃᵇᵉˡⁱᵗᵃ bañaga,5
d0e215b7-076d-4bf4-b5f7-7ccf6f7e81e5,Amazing,5
120ce948-9f81-42e2-83e1-719322951482,one star lang kasi wala pang music note saken,1
1da6c6d9-28b0-40a3-bd18-9990dd1ff2fa,"Please, music notes hehehd",5
803c35af-285d-48c3-bcf6-87db3fb6d706,It's perfect,5
7cba7de8-f0be-4d2b-a146-df66f3529ce7,Walay music akong notes ywa mo:),1
31e88aa7-c7ef-4534-b8bc-36709fbd47df,Simon kormokar,5
90e3ba01-9021-4ad6-922b-3d6281e3dc55,Maganda nga message,1
a2e261d6-ef2f-4642-9536-4f9ba4892664,Very good,5
6d6e96db-113e-49af-8909-17ce0e55118c,datengg,5
df4b1a49-9f39-4990-b66e-25be69de8dab,👍👍👍,4
8b4fbee9-82a5-492b-9472-7fd6fb299ff9,Wow,5
d6ffb465-965c-4df6-a8f4-d569a84e131c,GIVE ME MUSIC NOTES RAAAAAGHJH,3
fec055fe-af63-4db3-b8d3-c6920b993c4f,good,5
8f49ae35-e0bd-407d-830b-6ae9cf419f09,Its fun and this app have good access,5
4811625d-6c58-4706-8930-9ae8f99650cc,Awesome,5
416ca08d-e5d5-4de8-8856-2d74dd0206be,It so negatively,1
8b9f3fd2-f6a0-4068-b620-55f5f36a6f32,Hi I need to know if it good to do business with it?,5
8de43a01-b0be-40ee-8bf9-0e3e26d5920b,Gitagidigidao I will be marine in longtime Agoo,5
1c96c800-6b23-4f68-ac7b-50d26d51e2e6,Tyui,5
88782838-9546-47c0-a113-c629d9f6e817,സൂപ്പർ,3
5b1ac009-7f66-4876-bf68-2d7ad8a91f52,"hello messenger team can you make a respond this message because I can not update my messenger into a latest version, can you solve this problem I want a latest version and new featured not a old version, thankyou.....",3
c8dc3b5a-e139-4c3b-b13a-29556b683432,Easy to install messenger app,5
d476c998-b63a-49e2-b842-824dbaa33c15,Learn much,5
7f98ff72-6201-459d-a81f-ea8e49d247d0,di ko na mabalikan ung panahong masaya pa kami!!!!,1
c222a3e6-0ac7-4d8d-a13e-473da3c71b9d,Pretty,5
a6286d0b-1491-41b5-bcb5-5c567dd4c4c8,May music na,5
b01481a0-e463-4eb2-92e6-6aac92360a1d,"It's so irritating, some convo's is getting deleted! for me, it's a core memory, I hate this update.",1
3eee710c-cc4a-4e31-bf8c-62a343295d0a,GOOD,5
79ec5fd3-19f6-4e3f-974d-f5a967733a3a,3 star ra kay Dili mi ga chat sakong crush,3
1b8ec1d1-7831-4512-8815-6b5e85c9bcb0,Good,4
61aa614d-7f2d-4029-baf5-5ae28855dd66,Yeahhhh,5
8befc02c-ed89-44f0-9df4-b16dd53d4799,too many bugs,5
bb64db7a-584d-40a2-9e91-a37d76a289a1,Mcleannn,5
c258b6c9-4d8a-48ab-90a8-0499c8f5b603,sometimes the convo disappears and it just continues to load,2
07162603-fae1-4445-a2b3-3f58e23e90fb,Honestly this is just disappoinment fr. Like when I am sending messages it doesn't send and needs to be refreshed and once it did got refreshed my messages will just vanish.,1
7962d766-8c86-443b-86a0-109b85ab8a31,Worst app never use this app its very irritating best is WhatsApp,1
3eb0ef66-2125-4a7f-8355-9d29b408a5f3,😑,1
25acce79-b857-4e3c-a229-013545c8b66e,Great apps for chatting 🖒🖒,3
2542f4f1-6cce-4129-a629-4a4e8603bda2,It a very interesting app to use,4
505c5981-436a-4158-8f8f-462d6c42e83e,Good,5
6fa700a5-e3b4-4b0b-8c57-31d18715c9bd,Message can't be restore,1
5b3e6ad7-1a08-4b36-ae01-c334c5c174fb,Wow,5
bc6a8082-ff72-4c38-9049-b08a237be2a8,Great,5
7050a1cd-0537-4101-9ecd-e53ac629763b,Aileen Baes,5
046b60cd-d5cd-4f01-8b2b-1a1517f4dbfc,Worst update ever.,1
1f287bc4-8b88-46f6-bcb4-16311e2d8686,"I can't acces my history, search conversation is blank in my new phone. Please bring back the old messenger 😭😭😭",1
c34d3d95-fc15-4977-ab33-4e3bdc2b549a,because hibdu gumagana saakin lahat ng update,1
40c0a165-e551-4f79-97e4-600e637b7a02,Excellent,5
999a502f-6af2-4660-b8e1-5a842cd2cb8e,good,5
f7d2e307-733d-4afc-a284-126439247556,Good app,5
3880381b-80d7-4337-95d3-21f0043a4a1b,Now days in trouble,1
3d643075-23fe-4923-8ef4-ca2a22ffe6a7,I don't like it,1
a46a6ae0-ec5c-40ee-a4d6-b73494e9cb0a,I gave 1 star because of end to end encryption,1
736019d1-620b-4550-958d-670a3cbc693d,My messger is not updating,1
531618ef-f9f6-4a89-8994-36c36e3eae98,Okz,5
9e3c4d3f-181c-4ba6-8589-0b30c4595531,Hi to you all love you,4
c5ca14f4-8a66-4eba-bc26-4f7b73ad2be1,Afghan,5
471fbe3c-a31b-4588-b666-1bf280494a67,Exceptional,5
1321c801-0791-4280-8bf4-fc4785328ca7,Love u app measnger,1
18f67176-0ee1-4bfb-b157-31b612c20b16,good,3
c1c5842f-49ac-414a-91a6-1618bc3f372a,sheshhhh,5
328dfba8-afb5-41d4-8b00-326fc8873b76,🔥🔥🔥🔥🔥🔥,5
6152d910-211b-4cb5-9707-f9fcb9bf4ac3,Good,5
762930e1-62b0-4e97-a4a9-f7d0635940c0,ayaw ma update,5
250c7898-b259-402a-bfad-8a90519b1e79,some of the updates is good but the other updates is bad because of I can't able to backread of the old messages because the account of the one i'm chatting before is hacked,1
e3a7cda5-c241-4b6b-9249-4f609a923b17,VERY USEFUL,5
219922c4-fbc5-4d73-9d15-c497fb102ec7,Wala ako nung song sa notes,1
cbe53d6c-de84-41cc-963c-5aa915be1832,This App appear my files,3
5d07fa54-666e-4ae3-96d2-cb617f7351fc,tagal mag update,1
b9d6aa77-3976-425f-a7e2-eb148d4437b3,"WORST UPDATE EVER!! it's supposed to be a very friendly, easy and reliable apps for everyone. But because of the ""end to end encryption"" WE CAN'T SEE THE IMPORTANT MESSAGES IN THE OTHER PHONE ASAP"".",1
b51c4ec2-89b0-4d1a-938c-7a65066a702e,Information I as not up to date. when I try to reach family and friends it shows only the years when I began using the app. Not current information like where people have new numbers or have changed phones.,3
ac5195ee-4705-413d-adbb-88ae7eaa2a78,Great,1
29a721c2-68db-4c52-8843-6e7b7bf3be83,Good,5
fd8787d4-3a4a-4067-8185-2de4a5e6c591,It's good,5
4671ae82-0ab9-4061-947b-356912aacd6f,its good,5
50c0da33-0516-4463-8787-deff42a3e265,Not responding,1
759c8580-d1a7-4079-a166-630a461cb1d6,Like app,5
0d526a69-5f97-45b6-a55d-2cbf62dd3f4f,"ফালতু একটা অ্যাপ আমার কাজে আসে নাহ, 7 দিনেও কেউ মেসেজ দেয় নাহ , হুদাই নামাইছিলাম, আন্সটল করে দিলাম 😊 আমার মতো সিঙ্গেল দের জন্য এইটা নাহ",2
1a0e3c43-a7c6-43f3-9520-ea8b0e939970,Nice,5
2026b17e-1030-4e16-b99a-7ac1e9f010e9,I CANT UPDATE IT AHHHHHHHH,5
81332aa8-79df-4165-95b3-0a2d731016c1,The app is okay for me,5
615e1f5d-4660-4f1b-8562-e74da694042a,Unable to send on this app version??,2
ec15a0c4-3522-4b8b-a524-bfec97e41ae4,"Been using Messenger on my Poco X3 NFC for the past 3 years. I've never had a problem until recently. Now it doesn't display incoming call notifications. I can hear the ringtone but I have to manually enter the app and find where I can tap to ""return to the call"" to answer. It's hassle. I would rate the app higher for the previous years but the ""squeaky wheel needs the grease""",2
0316a280-3b1c-4189-82f4-101f93a66342,"worse and worse every month, ghost notifications, read chats become unread chats.. Why updates? Developer information is zero. Why you do updates?? Why red dot near icon and nothing inside to view? Warning: updates is fake..developers secret? Please close siis stupid app!",1
42800536-d206-4c2c-a775-f3f87a2bde39,walang tugtog notes ko😡😡😡,1
237edbd9-c00a-4c30-967d-70300db0f422,"Something's wrong with this app. I remember sending a message earlier but there's nothing. I sent the same message and suddenly, I see the previous message from earlier already sent. I go back to my list of friends who I recently chatted, then I check that very same person who I sent a message to twice, and suddenly it's gone again. This is increasingly frustrating and many more problems other than this one prevail. This has persisted for years. Are you not going to fix it?",1
1f51f182-bd0a-4ede-a659-9f706326db37,💞,5
bc527df2-e830-46d5-9ab5-df97692a2f1c,i dont see my notes,1
2825d8ff-ca5f-4e1b-a98a-dcaad8f07a90,ANO NA MESSENGER?? gusto ko na mag note ng music😭😭,5
cbd968fb-ef2c-4f65-846b-d7e7597c71fd,I like this cause it's very faster,5
a7ee1724-8f4e-4684-983b-2ffa49d8d11f,San na yung pwede mag lagay ng music ss notes?,5
8be72d66-37ba-4e4f-9f9f-48f29fae28dc,So nice,5
885bfe49-c8fd-4dbb-ba22-13dc2a77acbf,end to end,5
30dfac84-2b3c-47ac-856e-ae72b6cd42de,Good,5
fdb85b5a-0def-4bc0-88d1-b97fa72cc7ae,Happy 😁,5
593af3f2-9f6c-4585-bed2-fc15fafb140e,Why I rate one star on this messenger bc when i search my old convo its not showing,1
cd1bcdf9-d0cb-4669-b13c-800e6dc55991,i hate the new update 😭,3
8d674699-d217-4cc8-ad92-8b7ae89b5de7,good,5
c81105fd-d7f5-40fd-9273-46a5db50d99f,Very good for now. With time it will be great.,4
0eacc125-cf56-4a47-989e-221d15a66c0f,Maganda sya,5
d5e6531c-f76e-4db9-a870-995f915403c2,Excellent,5
d31e6755-7b40-43e7-89f3-4178e7bc7039,Why are the people I've MUTED still popping up? Please fix it ASAP,1
f48ea745-0d5a-4e1b-97bf-0a831000afbc,I hate the end to end gosh my convo are gone I can't bring it back,1
b971db76-0b8a-4bfc-a1fd-3ca14ef6f050,I can't see messesages. My god.,1
916515f8-a799-4bc7-bcb7-1686588e1402,"BRING BACK THE OLD MESSENGER!! BECAUSE OF THAT END-TO-END ENCRYPTION, MY IMPORTANT CONVERSATION DISAPPEARED 😡😡😡😡😡😡😡😡😡",1
12515c29-04b6-409e-828e-e066ebc0c7d5,Very Excellent,5
39f064e4-d787-47e0-b7ae-9890dc858dcf,"very bugy, when someone sends a photo it's always ""sent a photo."" but after some minutes it will show the photo, please fix this bug.",5
2c132c14-bc95-48af-9a56-fba057abf3e0,Good,5
2557d5a5-4163-477a-a065-f0e176c31c96,Good apps,5
e93b5841-f290-4910-99b2-c15c4c48fa9a,"HELLO MESSENGER GOOD AFTIE THIS IS THE WORST VERSION OF YOU CREATE MESSENGER BECAUSE OF AN END TO END ENCRYPTED CHAT??? AND ALL OF THIS FILES, LINKS, PHOTOS, VIDEO, MEDIA, AND CHAT CONVERSATION IS HAS BEEN DELETED??? PLEASE FIX THAT MESSENGER META TO AN NEXT UPDATE TO RECOVER ALL OF THE CONVERSATION DELETED I HOPE YOU CAN FIX THAT AND REMOVE A END TO END ENCRYPT THANKYOUUUU!!! ALL USERS MESSENGER IS HOPING TO FIX OF AN WORST VERSION OF MESSENGER THANKYOUU AGAIN!!!",1
50766c7e-be0f-4d07-ab41-056a83f13adb,The best,5
4430111e-b2d5-4937-aebf-72cbd0c5c530,"After i updated the app i am experiencing more and more bugs , pls fix this ASAP, its not showing notifications , its late most of the time, waiting for network although i have a good internet connections. Its a trash.",1
de197605-9bab-4f69-af80-766dfc17aee8,Not good,1
172cf359-3980-4fbf-bd84-7d5d3accc1b7,Preferred  the mobile website.  the messenger is annoying slow and messy.  also sometimes it males you used the website anyway.  also invasive and compulsory now.  would rate it 0 if I could,1
12d3e4dd-c681-462e-b8b5-7472dad060f2,Good,5
db2996c5-910f-449c-87c5-c32d97d35bbf,Very useful,5
7f828a92-908c-49d0-899f-d1be0d00721f,"i would give this one a perfect five, the people who reviewed messenger is so funny hahaha, because no messenger no communication of your love ones. yes, there are other communication app to talk with your love ones but messenger is the most common communication app Right? I'm laughing at your reviews seeing you don't like messenger but in fact the owner of the messenger is so creative right?",5
fae61858-63bf-4a83-8031-5420e84c12d0,Kaso laging huli sa Pag uupdate,5
3ac2b436-1342-42bb-bf1e-a05a4ee51f0e,Excellent,5
919b2b53-0837-42c0-b3a4-6d18b418a059,So good,4
f4ba26e1-cfed-4766-a810-d516b881a97e,Nice app,5
6059e546-9c56-4ed7-8cdf-0f7c1e2da30b,andamiiing bugggg yung ibang videos minsan ayaw magloading tapos lalo pumanget sa end to end encryption whatsoever,1
36421a1f-cde9-4594-892c-015448b3afdb,I can't load this app on my phone! all my other apps work...,1
0f192070-f1ad-4eb5-b2fe-670fe3932d09,Not good,1
c9484023-62e3-4161-b78a-4d7ec1878889,Nice,5
43fcc662-cfad-488d-a593-70dcca46febf,Its soo good to use this apps,5
789e5d0b-363d-4072-85be-4fb27a83a2ed,I hate this new update loading kaayu bai maka pungot na kaayu,1
0d1f91ca-5ba8-4bbd-9609-248dc8ac7129,Music note pls,5
90180bcb-219a-4999-bc3c-a6dc31ce8423,difficult,2
33f2c079-270d-4ec9-8921-51372cdd36f1,i hate end to end encryption!!,1
d8508c2e-47a6-4981-b138-96e58c7ef01b,Very informative and useful thank you,5
d84456bc-5869-49cb-b002-bf15ad80ef23,Update messed messages up,1
bb80cabf-21b4-4a54-894e-c2c9acbe7274,🕳️,5
76ba34fa-ec8a-4652-bf7c-92fdc8362150,Ok,5
a5e18552-2ef3-4fbc-8f40-cb902d47d398,"After re-install apk some setting missing , I have 1 account in 2 device",1
d2acae76-3c29-4a8b-9011-dafdac8f251d,Perfect,5
d8ea0ce5-0989-4d82-9a20-072744abc8cd,IT TAKES TOO MUCH TIME TO JUST READ OR RESPOND TO A MESSAGE. WHAT IS HEPPENING TO MESSENGER APP?,1
bd384846-1b94-481c-8b2f-6fe940049875,It's So good and the quality,5
6f6d1b30-14f6-41be-afc7-c5ec3aed6181,Sometimes it's hard to open files,4
6f35c98c-2da9-44cd-91a2-d717befa5415,The message search function is basically broken. Never loads the actual message,1
77cf54b8-3cf8-4a77-81f2-09876076e340,yea it's good,5
a1a9d582-e65f-4e18-9b83-a3bda804a69b,The best app 5 stars for me,5
144bd0bc-e6aa-4977-a4b3-cddb5bc7e284,Good.,5
2fe7a3f7-72ed-4b55-938a-75ea9f849b73,I can't update my messenger app,1
e05d70a1-686d-4011-ac12-ca1fdfa07ce6,Abc,5
543e470d-f8a6-44f5-a27b-b216571e9c7d,Thank you messenger,5
a67c0544-8e73-47c8-9010-5d9bf84ac660,Good,5
8c697adb-c4a0-49bb-a24a-10a99195089a,It's so old cracked,1
55d4713e-d121-4f76-8f85-9fa297b50f4e,"This is the perfect app!. This app is helping me because before i need money💰 end chating my mother to send me gcash money, that's all",4
2118620d-68de-42b3-9456-93cdebc341e1,Nice,4
c2b3a32f-03bf-4835-89bb-b5bc77ae3a27,Give back message search options,1
c203922c-f813-4383-89e5-f46b4ac74db7,"End to end encryption breaks a lot of features like pinning, editing, and searching for a message. The media or file history also doesn't display properly. I lost most of my recent communications when I lost my device. Some messages like even simple forwarded messages can't be viewed on other devices...",1
3d8c6901-1ea9-4d98-bd55-5950c241674d,nice,5
dbc59134-fe47-4cb0-a94a-2ca47b9fc180,There are some bugs,3
a6b29322-4de1-4f7b-b30f-9dc6044979a0,walang music note anak ko,1
66739f4e-9647-4ec4-956e-1e8c5285c12f,Messenger ফালতু একটা অ্যাপস কোন মেয়ে মেসেজ দেয় না😥😢,1
947dfa67-6ecc-4040-b1fa-e22eee50e4c7,Good,5
48789701-2241-49a1-a5bb-8d3a0b08a2c4,walang notes kahit ilang updates pa😭,2
e87b0649-35d9-43d7-beb4-89fd8c2d59ef,I don't have a note in messenger🥺,1
ab50e5c3-de96-4296-9751-c012bf739ddd,ល្អ,5
c420a6f9-8c18-4c7e-b3fd-428e6a3bcde5,Hays. Di nagsesend vids ampt.,1
0aded127-7482-40fe-a5cb-2a3ecdd732cb,Download this app,5
d9acb4f2-89ad-4054-b2dd-dddd74795f01,F.u,1
15f6cacc-96fd-4571-a5ec-9f248483c938,💞💞💞,5
d0fa9835-0cf2-4db2-9bbc-03b51d069279,nice,3
44b362e7-6e3e-4c28-ac94-09a2a2232e7e,Nice app,5
a994f60d-6bc7-4f0d-b4b8-250254996f05,Good,5
e6508420-2533-4772-b840-752f09206d75,بسیار خوب کار میته,5
c80aa7a1-ae5f-41fa-9f12-e8e7f47ebd48,Good,5
5b3ac8f4-3abc-4b07-be91-b3837a203f46,It's great 👍,5
ae82dcb8-4ff9-4e3b-a206-b99a8dd56004,pantropiko,5
01a56a75-3b27-4a59-82fb-96874e9ec87c,So comportable,5
31468b93-0b83-4d62-8bb3-86d8927faca3,Esita Biswas,1
4f75702d-8dcc-40f6-b4bf-abeb39988a74,Nice,5
ed30e398-6969-4c36-9411-060ed75fd7c1,"the new update really bad, the end to end encryption it's so annoying my chats disappeared when i try to uninstall and install my messenger, if you're asking why i dit it, because the messenger is broken, my chats won't send, it's just saying that it's sending even though it's not, you deserve a 1 rating",1
b24f5b11-1654-437a-aa98-ab9fe42860e3,K I guess,5
840cfbf6-e239-47f8-8acc-539d46c0284d,This phone is Samsung A04 and not a realmephone,5
1f69f2db-0ebc-4e80-8451-83ebbda58e3a,This app is so good really good because this pandemic we cannot see our friends and you create this messenger we see each other again i mean always calling and chatting even my mom is not here we can video call thankful we have messenger download this this can be happy to you this app is so good 😯✨💓🎀#messenger 😁😁😁😁😍🥰🤩,5
1804c08c-e3ca-4f0d-8fae-1a3dda046e64,Nice,5
f4bf42ad-f4db-4368-a0dd-c4a0c3b49315,I don't have notes☹️☹️☹️,2
d01557e2-e34a-4fdf-a127-78530f9cdd80,Good,5
41872b27-ecbd-454a-b3e1-e9d160cab6c6,Can't restore chat history Can't create a pin,1
9af42eb7-55d1-4478-8476-a32c50255ea6,Never tells me I have message until I open it useless,1
578f38bf-6277-4b68-8a93-a71b80c2d0bf,Great wouha,4
a84985b9-5e36-41d2-af5b-81b9e1bafd3e,Very helpful,5
3e14fcf8-7693-4fb8-8d97-8500c79ffb9f,Good,5
a05688f2-0cd3-4209-a1ed-1e06f95ac1f8,Good for communications VeryUseful to contact friends,4
73217313-c385-4849-99b6-d656fb8eebcd,"It's a big hassle in end-to-end encryption, all my memories like pictures, videos, and conversations will be deleted and it just sad to think😕",1
53af44a8-a9c5-49ac-bba6-c49545af9cee,When i deleted messenger trying to refresh it by it didn't work and as soon as I get back my conversation already gets in end to end encryption what kind of system do you have such as stupid..,1
f49ea5b8-41ad-4dd2-8ed1-f4cbfcb57cbc,I don't like the bubble version of this,5
e1eea5fd-8a78-44ad-8fec-14678c5506d8,I can't open my messenger,1
fcb38a92-e6a6-4bac-8b88-c893c42d9d59,I don't like the new update,1
2acc50c8-8c3f-487d-8944-755b4a62d4df,Nice,5
9adfb318-6d22-4856-9959-4abfaf7bc005,Good,5
b72937fc-e107-42e7-9da3-62bbfd7ca994,"Galas messenger, awan kachat ko",1
58209228-16cb-43df-b7c1-7f32560e4792,wala naman akong kabebetime👎🏻,1
34a53de8-ed11-4b85-9005-9e7c96fc1acc,unable to restore messages because of end to end encryption so frustrating,1
5a976cb6-bf9c-4a1d-a922-c197830aa2c4,this messenger didn't letting me switch to my main account on messenger anymore i hate this my main account is full of important message also my school gc😠👎🏻,1
57e31c6d-747b-4899-b138-3f761eeff87c,Good,1
cef5f114-e27d-4220-9a69-a8db07f65538,Really the apps is very good,5
9cafcf7c-2500-4b8f-84da-b45f9209fedb,own,4
87317b3c-6462-4b5b-b086-dc10252ddf15,very nice App💀🌸,4
7d0c33a4-2f88-482d-b36a-3c4c4946b8a3,Good,5
df885293-4a62-4e01-84b8-017682bb5885,For calling,5
2db7d0d9-881d-4780-8eee-d103de1c8c40,"delete the end-to-end encrypted because it's not helping, i can't re-read the messages i have before, it's so annoying grrr",1
7d2989d5-c304-4713-8b87-991af69e0330,গিফহফুদ্য,3
3e21850a-7c75-430c-8b61-0114ec03ab1f,Great app and very usefull,5
3913dc64-48c6-406e-b708-e13c4505c6aa,"The problem is I am unable to send messages to and receive messages to my spouse, so how many of my friends are experiencing the same ? Still the same after one month, I can't receive or send a message to my spouse. Where do the messages disappear to?",1
437d0541-fcdd-4d25-83a3-04a168d9928c,Fast savice,5
94b03d7f-21ac-4dc8-a56b-3f4d79bbf2e0,Hello friends main pahle wala,5
6cf86082-59b7-49ce-ab4a-6b88103f9f01,It is good sometimes,5
bf587c5c-c8c3-4af2-bb59-4e1a71e96d55,😍😍😍😍😍😍😍😍😍😍😍😍😍😍 This app is totally awesome,3
2ad3aabb-575d-45ae-b2d1-4d0adbdf17a0,nice,5
8675e876-6059-41da-aada-7eb369a0841c,I want this app because I can chat my crush 😉,5
e611236a-4fe8-47bd-9e88-61539aca50a3,💗💗,4
f9d94032-945a-465e-8473-72497aa77bbd,Always disconnects for a very long time.,4
81f51c0c-4581-4917-865a-97784126528c,"Nakakaasar yang end to end na yan ano bang purpose nan, nag bubura lang ng chats bwisit",1
747a0ac3-966f-4157-9130-8e1496813eff,bruh i hate the new update,1
40a38520-880c-4159-92f4-a81cb3caf121,"the experience is horrible, i can't send any videos at all because of that stupid ""message is not available on this app version"", sometimes the app also took from 5 minutes to 2 hours to send a pic or a sticker, and worst of all the search in conversation was terrible like i can't search for what i sent yesterday? please fix this app",1
1e875770-1559-4319-8939-ad0031d5ec54,Ok,5
81e25547-ac35-48e9-a55a-209a132f4a3d,Good,5
b6a200ab-d44c-48e3-a3c9-e55a1239d4bc,Why it's not working?,3
08235389-c31d-4921-b734-f03994d14dfd,It's just a little confused about the same as last week,5
8d16cc9f-6166-4eb0-ac4a-631bc6c60b4a,nice,5
357c9758-6a29-42d3-8cd7-4c9bdef28b9a,Ok,5
f33d2a7a-b95c-4062-bbc2-945eda0816cc,😔 wala akong kachat ih,1
8157cc6e-4693-4de0-aa76-8e60e557b6ec,end to end encryption? it's useless af.,1
d3ae19c9-7ea6-497a-b71c-fcc8ce38f821,Good,5
762a7d77-2342-4d75-8f94-87d46767d20d,To much taking memory of waste only.,1
07d6623a-7664-4fbf-8287-3c2d8905e2cb,I need to chance my password but the app is so slow,1
4489f117-18e1-48ef-835d-c0d9806879b9,I dont have the new update which is the music on notes. Please fix this!,4
6187dfd4-5175-40d7-9a4d-48d17421ac24,I like it,4
47a0ff5f-e706-412e-863d-53048e75c008,Very Good..👍,5
1ae7c4a4-5b52-4619-ace1-afd5027880f9,Wouldn't work.,1
36ec12cb-9e5d-4d43-b1ae-796c3c32742c,The people option is not showing in Messenger why,2
1e4bb402-f4f4-4c32-99c1-3531399312b5,Soyodsalam,4
18e0990c-c78a-4a41-aaca-1f62b155f38b,Great app.thankyou,5
f9971df8-fd6b-466f-b04e-dc1d79fbe37c,ok lang,5
bc1cf9e1-0063-4ff9-8770-746c62e977e6,🐤🐤🐤🐤,1
96121957-57eb-4673-8de7-3fb27b4ae721,Good,4
6e1cf767-feeb-4b3e-9ad7-4a1e1106fe56,I can't update my messenger,2
cc452360-1efe-4034-85b0-1e24ac40b496,why tf is it so slow bruh 😭🙏,1
7dfc59d5-d5a6-4961-ab0a-650bc26ee485,ℋ𝒶𝒾,5
4b1dfbcf-98c9-47be-aae9-7c6ffc9fa2c9,10k dias,5
adad0864-93ac-40a4-967b-6829215b3b42,"Update: turned off notif for channel notifications but im stilling getting broadcast channel invites let me turn them off.. You guys got rid of a few things I liked in this new updated encryption system. Some chats have this and some don't. I can't pin messages anymore and all my old messages are no longer pinned? Option entirely gone :( the like button we used to be able to click and hold to make the emoji bigger, that's gone too :(",1
448964c2-f129-45f7-9fa7-fe14e94c5597,Thank you,5
e5e5d14f-b322-4e94-9997-a9d789d632c0,"Frustrating end to end encryption, only shows me my old messages and not the messages I sent like 1 hour ago, it only shows messages sent 1 month ago",1
5d08331a-391b-4bfa-9432-81ac1f3efd56,Loveu,5
0225da9f-9d06-4650-bba7-45752566502d,good,5
fd35d6ec-2f5c-4aaa-a7d6-ffeecdda0dc2,Verry good,5
893d941e-5944-4957-91b1-4cd2758d2ada,No floating video call,3
2de68c87-3433-447a-a901-0c1855501fac,"END TO END ENCRYPTION JUST RUINED MY MESSAGES AND MY CONVERSATIONS ALSO, TOTALLY MESS",1
0fce1341-29ff-42f9-9db0-360ab5359907,walang music,1
6feb9daf-78ec-4403-9088-25bafae531a4,"bro your new ""music in da note"" thingy update can't be seen by other people, like what da heck",1
c5b31fc0-fa6d-4fd0-b793-d9b3693c7f1d,🥰🥰🥰,3
a7511226-b985-4b1a-82c4-4263a3629050,Okay lang,5
79748618-0a93-4821-a53d-707dc2b1ca39,Sharing off Instagram opens playstore? Useful,1
e47305f6-bf10-486b-90e7-356496e61e54,Wow,5
df818506-bc0e-4a81-adbf-04a6ebec4e2d,Nice,5
4ac12371-5d0c-4c97-b0af-b6afaa16ae14,Nice,5
3699479d-1225-4a34-b71c-69698ada6889,Perfect,4
430a517b-99a7-47b9-ba56-ecbbe82f1bd0,bubbless,5
bd0df94e-5578-42bc-b05e-4059dd9f102b,🫡🫡🫡🫡,4
c97acb65-1eb9-4018-a71d-1acea793c827,it's nice,5
ab7339d4-f9d7-4219-a2b2-f5f13e8e24b4,Good,5
6bc52748-f508-43c0-a4b9-a9d82848020a,Nakakachat ko sya🫶🏻,5
fdf58b69-b876-435d-9306-ce2f9c411426,Uwu nakakachat kona si crush,5
b9cc2367-dcb8-4f7d-849a-a592186e9e04,👍🏻👍🏻👍🏻,5
80ade7e5-bf9e-4335-b6b0-651c7d606830,its nice apps ilove it,5
88c9c25d-05c3-475f-8110-104e3afb161e,Easy to use,4
2dfdb895-f1b6-4649-bf4d-b8c648566cc4,Tanginang end to end yan NAWALA TULOY IBA NAMING CONVO TAPOS HINDI MAKAPAG BACKREAD SA IBANG CHAT,1
ada8743c-5e77-482f-90c5-9194ff446764,can you just remove the end to end rescription? because the important chats are missing in mine PLEASE IM BEGGING REMOVE ITT!!!,1
a30fea0c-3ebb-48d8-9343-67aa80f2d9f3,I super hate the end to end encryption i suggest you remove it,1
85eec615-c9e1-4419-a274-8e738ba09c2d,Super apps,5
8d57d347-326e-4bf3-bbe4-fb46409851de,An ok texting app but very slow after latest updates,2
596781e5-89f0-4868-b57a-3eb9e05ddae6,So kyut,5
3b4d0b81-fbdb-46e6-aa11-1d9ee0a885fc,2 stars because of end to end encryption.,2
0e9fa99a-8be0-4ec7-b591-4d0c4110b4d7,"For me, this app is a good communication for all even sometimes he doesn't seen my chat.",3
cff8f509-a15c-44fd-877f-638af7448cac,Good,5
d717e5ba-d674-4946-a4dc-62ff9e475bc2,suddenly the apps gets black and i cant recieve any messsges,1
ce4e0e56-8d3d-43c0-8179-d624a05ad237,Very good,5
6eeded72-dee6-4b5a-a954-274075edca99,Ok,5
b7aabfe7-e76e-4630-b51b-e251fbd54c80,Medyo ngloloko Siya panget Ang version ngayon di magnda,4
5f414a26-1e5e-4856-a74c-b0f49bb61270,Meseg seen problem,1
3e993338-c42c-4c30-9d2f-5b5aec2224c8,End to end encryption erased all my important chats lol. I hope someone creates a more useful messaging app rather than this stupid app lol,1
c40fc8ed-0533-4fd8-914f-c29b1c623d8a,whenever there is a new message it shifts already to another chat eventho I am still replying.,1
386e6186-7236-495b-89bd-85bb8c028844,Nice,5
bf0e386b-0e61-46c7-bdca-46ea9c0d9cae,All time best messenger app.,5
17ccde62-2bec-41f0-9c94-ee111594acf5,Useful Very fast to connect,5
79b4f4a1-697e-49d4-96c0-e3ceaa6db4d2,Laggy and delay,1
8faac0d2-4e4a-4886-b79e-b5c581b11677,End to end encryption is so toxic,1
3f9db0b0-6958-4cbf-9145-39d1c054cb2e,This is the worse app ever,1
b3b78f94-e241-43c7-b840-39f57a2ae0b0,Amazing,2
bed8a23d-0f6e-4f1a-8e9d-9cc955a75bb3,SANA MABAKIL N LAHAT YUNG MGA APPS SA PO,2
a6e3381b-e64b-4062-849e-0e67095b643e,i dont like the new update,1
111ad8da-1700-4037-ad65-d8604e06812f,Good,5
a01373fb-2cc6-4ed2-b296-7664be249bfe,"Was good, not sure how to know if someones online any more since the active list is gone",2
86380f6b-2505-45f3-8d0d-22d583e02f60,I get used to it,5
0d8f3161-b299-4e87-a4b3-eee5dfd853d4,good,5
b5ef9021-e275-4947-bd1a-f8e250b6e4e3,Worst version,1
81544351-5a82-4a02-ad32-d80b385eda34,If yall undate the update that would be great.,1
712ef92a-f3a6-4e58-8da9-7f6cf3758fe6,this is the best app. But difficulties occur because once I open the app It started to turn off my phone so I uninstall it and I download it again and I was fixed but I hope it didn't happen again,5
8f79296c-c584-48e0-9d63-92be3f7ab9f1,Too much bugs and sometimes it hangsup.,1
25bd5ee4-d9b3-4e2f-8778-8238ab18dea9,tanggalin niyona end to end encryption,1
13b0486a-31e4-4f2d-a72d-493b7b68fa7e,Plssss can I have notes I don't have not on my mess plsss fix it,5
a99387ec-49f8-4aeb-a916-335ef638b03c,Please join me beta group,5
3ebaaae4-f76b-4f45-8af3-eb7921910c23,"yung mga 1 star review, wala lang kayo ka chat eh",5
4ce37bbb-e21c-4e72-83de-f7392908f15e,End to end encryption is too stressful. please bring the old messenger,1
cc02ea13-bf95-4e28-941b-a7b1aef64a93,"Can't access to messenger Again ... Since the meta Comes up Bugs and other technical problem didn't stop, always have problem, messenger is one of the most useful social application before, now it's closely from being trash .",1
5914fae8-2a9c-41d5-9948-bc1153879460,Not good,1
bbffc6eb-746e-4a85-a94a-284620f5fd28,so beautiful apps,5
470532d8-29e7-46cc-8e64-1c8434c88d6b,"1 star lang, wala kasing nag mememessage ng i miss you 😥",1
1c3bc516-488f-4be7-ba51-fb70b892ac7b,Good,2
c9851f1d-2aa3-4484-a798-38c626306ac9,User friendly app,5
0f48bbd0-5895-4935-8b02-8f58e6aeb953,Hoy asan na ung pwede ako mag share music messenger,5
41b8e3cd-ea75-4a72-b57f-a142156e732b,Slow,2
59c72ddd-7421-4395-af12-5dc9225ef9ff,"Umay, walang nagchachat. Boring so much :(",1
54fbd6ab-8d54-4b62-a8b9-6e18db87c11e,"My Messenger notes have not appeared in months, and I have already reported it, but there has been no change. It still does not have notes, and updating my account takes too long. Please repair it.",4
cf952bef-4424-4fcc-b51f-c844e7f06418,yeonjun.,5
5719b35b-4d5d-4073-a018-6258cd39f6cd,Always late update,5
b3702eb0-a721-4396-8bc9-baef32eb26bb,It's ok,4
b78311b6-b6df-4d2d-8a04-5df563502657,❤️❤️❤️,5
e7d0984b-b80c-40d7-911b-a183244e4bc2,Good,5
71521e46-3ce4-48d7-a053-8318ead5e199,Love this app,5
5f07724f-61c8-4146-b23b-d1287e57b20d,"this is the best app to chat,call and video call",5
f5a867f3-ff1c-4be0-ad22-ad1f12668ac7,Nice,5
480cb1f6-41d8-41d3-88a5-d23c67da4e0b,Always says I have a message even though I don't.,2
91519239-62e6-440a-a93b-ed09a4e9f28c,Huts,1
36a32714-6aa1-4288-931e-75319d849f0c,i can't receive any messages,1
21e6e0c6-7dfe-48bc-be89-31d8727672b4,Yyttuu,5
df692715-67ec-4db6-8f03-185d695a9fc3,good,5
43939fcc-630c-423c-b605-95098e45ff3e,It is fantasting,5
fe3ec56f-ddd9-47c6-af00-1afc05648863,So dissapointed..,1
9ece259e-2c48-42a9-9bb6-5b53fe364303,Very good,5
953c9d50-29b7-413a-92dc-dd165ca114ed,Sometimes you can't see your convos,1
efa30abb-e8a2-40b7-b0ed-83410d625d0d,Great r🤞🏻,3
4fbb4ac2-af4d-4ec2-9ebb-c9db7acd3d43,",-&-? &-@?",3
65d221c0-70bf-479e-973e-f925393c9a98,Not getting notifications. I don't know I have a fb message unless I look at my phone,1
9894e047-20ff-4aa5-9549-324411da97bf,Awesome app,5
417dcd27-463b-4876-adb4-0ac5c0a4103e,Sunny Kumar,1
67174d47-4755-4fd9-92b8-6ff4472754f7,it's apps is usable for me,5
ad42cbbf-0fce-4e23-827e-730ccd3c180f,"I love this app its so amazing , we can video call here , message our loveones , i can use it for emergency. And its good because ii can message all people here.",5
4200444d-d105-4f28-b084-0748b94853b9,Very very bad recently specifically end to end feature,1
77748a7d-0471-466f-8c52-5503298602a3,How do I delete messenger from my other phones if I don't have access to my max phone,1
08653921-8383-468f-b870-54ee31fa512d,"it's really frustrating because a lot of important messages have been lost since I reinstalled the app. Messenger doesn't even warn us that this issue might happen in the future, and I believe that it's completely not our fault as users. What a pain in the a$$.",1
2eb0ae63-108b-4639-9acb-718c3cf59c8a,Very good,5
636537d6-ee67-473a-990b-a62759321ea8,Thank you,5
1419748a-03cb-4a9f-82db-4175a22800d4,Nice app,5
7b744967-3f2f-495c-b1d3-5029de675d7c,The disappearing messages is frustrating me,1
8bfca4d5-8cd3-4e05-88e2-118065e4a090,Too much unnecessary features struggling on seeing my chat history,1
329324bb-de3a-4fc7-8f74-d67fda0b5cae,Struggle.,3
8dee29f8-1977-483b-8a70-9399a710b6c3,bulok,1
7cef96e4-b815-46e7-a000-ac39e249db24,"end to end encryption made our life miserable, may mga accidentally na nawalang important coversations dahil sa end to end encryption",1
4d097aa6-38bb-4a52-ad18-3b7270d0234a,Good service up to the mark!,5
9ffb7133-1d3a-451f-ac9f-a0dc9dce5465,Call video please call video please Xbox xxxx,5
be0f07fe-ee5e-4da9-adac-5344b5920afa,Please have an option to turn offthe end to end encryption it deleted the important messages as an evidence. It should stay there. Haist The update is not useful to some people using this app. I hope you fix this app features.,3
1fe169f3-c221-4b37-bf02-9d13589e3451,So useless apps when they add the end to end encrypted 😡 all my photos and files is gone,1
2ac9bb2c-e91d-42cf-8a50-762b7918aa80,nice app,5
d69fb86f-89d4-4019-b452-5672947d94e9,I'm happy,1
b1a40d2d-d43e-47a7-95c6-b136c1417558,No notes..,1
3fd25111-82cd-4d0d-be49-bb83be9d558b,Ang ganda po pang social ang bango nya. Maraming Salamat ang bango ng bahay ko.,5
c7decb7c-1379-41d5-ab51-57df871ea210,Good app,5
d50fd74c-e8a4-4d92-91d7-a18948caf53c,Worst update ever. Encryption and the auto focus camera while video call,1
4391bc53-2d76-45de-a57b-a28ad73f15e0,Why won't videos that people send me play?,5
985f7ef4-2f5f-4278-bfa8-60753ce2b613,Nice,5
14afa5ca-5510-4471-af68-ca1fbfe8b05b,Nice,5
626d4fae-7e81-498f-a145-0ca87a7a4f35,"Please help me with my messenger, my active status is on but I can't see who's online :((",2
4017163d-88b6-4434-b6c8-2adb4084e736,"Facebook is experiencing dramatic growth currently where the number of users has reached one billion. It comes with a lot of benefits like video calling with your close ones and uploading your photos and videos without charge. Most importantly, it allows you to get in touch with people from the other side of the world without spending a penny. It is also a great way to connect with old school friends and college friends. Further, you can also make new friends through this . When you co",5
6f5d698b-3419-4e1f-96f8-c248c8243b9f,I don't know,3
3193b9b1-e593-434d-803c-677fdd3c2df0,very good,5
394f726b-7a62-424e-9554-1ee6c35a3ad4,It's so ugly eww 🤢,5
b3226f99-9057-43d1-a31a-5e2cc2d11eb2,Excellent,5
35de507c-6882-44c3-b5b1-f9b6a40fb546,Messages,5
7002ce0d-8194-4a05-b3b5-228bafeb77fd,Excellent experience,5
d3028f8b-64e8-48a3-892a-ff6a26cc133a,Nice,3
40f98013-fa84-4418-969d-518b093a6d9d,It keeps showing I have messages but when I check there's no new ones,1
54b516da-1823-45e1-9052-c11cc11a76f7,Awesome,5
31495a83-0c44-485f-bdff-949145d9b9d9,Ttra,1
7070476d-15d3-4ed8-8620-4b6a22136918,Luv messenger u get 5 atars,5
0a67579d-24e8-4163-ba03-25bf7f6b54e2,"Helpful and amazing in communicating to others, I like it.",5
b2c8a85d-8c31-427f-bd1f-0e1f900f0b99,Nice app,5
9438d4b6-0092-4ff8-9175-ab309799be21,Can't see my message,1
61fb4dd1-2a8b-424c-962e-f3b0f7611503,I cant veiw some photo,5
c5bc731c-5ed7-4647-b88f-9f008fb1cbdb,Not proper working and doesn't show videos that are downloading,1
3630a8ac-ccec-418c-8afc-f3fc8d86eb5e,good,5
1376d773-506a-4076-a744-0295b8312c93,Ot is quite entertaining and also easy to operate.,5
be791278-aa5a-46ab-b351-3465bcfe0211,Nice,5
ea6b4226-a3bf-4459-a225-f0dabd48eb98,"After the update, it has been lagging and delaying text i couldn't text my asawa right on time( SASAPAKIN KUTA MESSENGER)",1
2a0923ac-6f5d-44fa-81b8-c9f2d7239b68,I love It T,5
bab41328-9e42-45f3-b98c-c82a18bb83ae,just good for me....and menus expenses,5
cb4358f1-df56-46c4-ad8d-f99b0f6afbdb,Ok,5
03a6bf3c-5a4c-4a72-b0b6-bbfacb5d3d6a,Neo Monster ☠️,5
12e178ba-d3b6-4084-9400-99312ee4a660,"Please fix it. Please, I can't send a message. It's just sending, and it's still deleted",1
68a1e887-3c63-413b-8426-e9b42585fd00,It's good,3
90552f2c-640c-4bc2-a0fd-7562de1a0e06,This App is do nice because you get everything App you ❤️🥺 want 🤞,5
78181b8b-a9cf-4394-8f40-d73d9cc345f2,Good,4
a8b47aeb-e047-4dbc-b727-5ae8e14ee405,Please fix it,5
013e96d5-cffd-457e-ac9c-6a04116eeab8,"The app gets a new glitch every day. Was saving drafts when you've already sent them to, now not saving drafts at all & losing long messages. Unable to copy, cut, paste text when typing in some messages at all, refuses to highlight but works in other windows. Most frustrating & problematic messaging app there is.",2
1f9a922a-6c1f-4bfa-94ed-983c40559814,Works good 👍,4
e8af7342-9ed0-4d24-81d2-552499752a54,Nice apps easy to download,5
b6f80d42-cb24-48cc-9469-48988ce45447,I love messenger,5
f51e67e0-f0c1-4eb6-a4c3-b16f82f7b07d,Poor,1
1ebbf9ef-3ffa-44bf-8d84-4b5578220ad7,Nice app,5
18722464-73e9-4f90-a6c1-1e610ab9ed32,"We live on west coast, my family and kids live on east coast.my messenger is the best way to keep in touch.love it.",5
7f53e667-5bc0-430b-88de-8e36ed8692a1,"I hope they remove the end to end encryption. It's very useless and it's not convenient at all. I hope the developers will only focus on the performance of the app. Speaking of performance, the performance of messenger is 0/10. It keeps on bugging and when you send a picture, it makes the quality of the picture more bad. All the important chats of my work and office are all gone because of the end to end encryption 😡 We have very important things discussed and it's all gone😡😡 Please remove😡.",1
d4a0723a-01d8-48dc-9872-4dc59315e700,Good app,5
cc9e5572-3f34-4593-a69b-ee671264cc56,Taking too much time to open,2
c112a19b-8161-478b-b203-3d900d4f5d14,Hard to check messages,1
5682835b-7141-45a9-b074-b9ecd30f0aef,"After so many updates, my messenger couldn't load latest messages and last night i couldn't send a message even though my internet connection is okay –i can post and comment on my facebook app, but can't load and send message in my messenger app. 🤯",1
5bb04d43-e865-4687-b26e-e83cf693f40b,Nice,5
7e426993-7925-4371-9de7-5f89c0806b06,"Need to update,can't receive messages!",2
7b4e33b1-0694-479f-9127-7d9601952d48,Great guys you do all,5
3311b20b-1cea-43b9-ac6a-40b0ea209599,Notifications stopped working and now there are delays in receiving messages. Uninstall,1
4746d78f-07b0-4c97-9d85-9da9aa4e0343,I can't view new messages even after entering pin for the end-to-end encryption.,1
1e4817c7-6092-47fe-a0ae-42470c925a78,When i send some video to my friend i can't do it after this update. Please fix this problem.,1
9e1fdb2c-0cb2-4a9f-ad3a-b802d1b22025,This app install in one reason ..trap for gf,1
4c1e3cd3-becd-4017-b79d-598eff894a1b,Not good after updat,1
3c844d38-0c2c-45af-85fe-a6a76bbe9d6c,Awesome,5
50625246-2888-425f-9170-8d1c07dc0fe6,Reliable Trustworthy Transparent Accountable Not corrupt,5
9939a30b-3b33-4e8b-8fe2-1450ebb69b56,Nice 👍,5
cbde27e4-a7eb-46ae-b073-d628a6261c35,سئ جدا بيهنج بطريقة غريبة,1
7b12e950-ae4c-498e-aa45-fd3b222465ad,"Kinda ok for catch and release but it takes way too long for the response team Cuz like, is everyone just jacking off In the vans at all times? Like, I know you are in the van. Give me a coffee, show me your Weiner in real life. I might jump on, who knows? It's all based on the pheromones",1
447b62aa-63a8-479f-92f2-ccd34c9d7565,this app is very helpful to me,5
2b0c171d-1c44-4c70-abef-e2611ac2e915,Please remove the end-to-end encryption. It sucks. There were lot of files that has been deleted and I cannot access them all.,1
b9944ae6-5d80-46e9-8788-e1adbc998f60,Great for talking to friends,5
b58503f7-0b25-4276-9483-08d2bbbec954,I love you 😙,5
1c9b35fd-bd27-40b6-aa73-e0936689f932,Nice,5
bcb9634e-97f1-4834-9c67-01774ca36621,Easy sending messages,5
f4d76534-b7bf-40ef-bef0-4aa9ae129706,I usually use messenger in all my transactions with my relatives and freinds....,5
025c9a56-10ae-476c-8218-7da11e3cd247,Nice apps,5
578004b5-2344-4a65-9145-92ccd01c5a83,"I still stand at one star. I don't need an app or an AI, adjusting my choices, whom to send messages to or any other type of un solocited assistance from this app. Please do not alter or question my choices.",1
e5d72435-82c7-49bd-bbab-0ad3650c45f3,It was great until Facbook forced end-to-end encryption down our throats. Now messages are missing or out of order.,1
d9ba4148-74b9-42b7-bf58-e865c22ed527,Nice,5
1f7e8ecc-8cfa-4af9-a36e-582667309961,Ok,5
a317990a-ebe3-4695-81c3-143f52e88617,Nice,5
6b600bd4-7057-4fc1-be3e-9534e5044010,So good at conversations,5
a507e213-dbbd-45ed-bb4e-6cd7b2e530f5,Good,5
4955ab74-6df2-40fa-84c6-dec40c0958bc,Latest update sucks!,1
2e56254b-1c93-4930-a7e4-007c48f76cf0,Lately not ok until now,5
76ea4946-b80b-47c3-8333-0f7058fc9efd,I love it,5
5797b9ab-9c8d-455c-8cb1-5e8c20842e99,I çant get to sign in to my account,3
d3bdb049-6fba-4c78-9d67-78a00116d87d,Cannot send or receive messages since the latest update,1
40bddff2-2e69-4d9c-b335-facb69c415d3,This app is the worst because of the end to end encryption im so mad at this,1
655c9835-60e9-4696-afb2-fe371586884c,I can't update the messenger,5
f71e6e95-68ea-43ae-ab30-523ca851ed37,Always good.,5
76a37b42-a826-44c9-90a8-9b616714aef4,"Frustrating. I highlight A LOT to edit, and it's not staying lit now to do anything (copy, paste) with.",2
25fc7fb6-9121-40c3-afd5-feca3ab33bdd,It is very Nice,4
1e7c876f-8a26-42ab-9c58-59eeb02082e3,"It was perfectly fine until recently. It will often not show me a message someone has sent and says""waiting for this message"" in place. It never loads. Or it won't show anything at all to even let me know someone tried to write me. I know its happening to my mother and my friend as well. Please fix this, I love this app and use it daily to talk to people.",1
fe62f1a9-8feb-4341-b750-45d17ab338ea,"White screen when video chatting, I can't see them, but they can see me video is white and broken at bottom, but my phone video recording is not affected. It is the app issue.",1
600e073c-e9ef-418d-bbbc-0809cfc0fa83,Very good for chatting the others,5
6bf5f877-5f88-4590-90cd-f3aa6b646b64,Very poor,1
c89e5446-26ea-4850-9d15-c97b8a3436f5,"I'm not gonna lie, the fact that I now have to use the ""chat bubbles"" instead of having the old chat heads is really very annoying for me. The fact that I can't go into my friends list from the bubbles is extremely inconvenient for me and it only shows recent chats and not even all of them. The fact that when I open a chat bubble and it doesn't cover the entire screen is very frustrating because it'll exit out of the chat if I tap even slightly off to the side. I'm honestly sick of this",2
36ecb117-8c5a-44a4-ac18-f0ea857380ed,Worst,1
f9984638-6a38-4810-b0cb-7d395ac857a1,Good,5
70271436-9366-4e7c-9f10-c595e95c8e3a,مش بيعمل عندي يديت للكلام لي,3
13047b26-e1a1-47ec-8ab2-0ed7279e6cf9,It's nice to keep in contact with family and friends 🧡,5
5d26573c-33dc-4048-8a20-593fea14c1cd,Masarap ito gamitin lalona kapag nandito fb ni crush,1
102242f3-3da3-485b-9523-ee0a81c5fbb9,end to end encryption is useless,1
af653c16-e7f9-4095-b80d-3fd7e3bae449,I love it plain and simple,5
ef77b708-d268-4fd5-b81c-d9703823f05b,Always nice,5
89d2ff0c-b8dc-4938-a2f4-022033b49586,so bad,1
8d7eae07-d971-4b51-9338-d86954675f64,Cool app,5
bb620e54-7e41-4a5c-8e11-f1d46327a002,cannot view incoming video call..,1
469263e5-e821-4cf4-88e5-a375a31b58f7,I missed the old one,1
01eecdc9-027c-41a0-b330-e23fb6e34a02,There's a delay in receiving message,5
e87ff76e-90e4-456f-b596-6c73adb023d2,mdmonsur,5
8773512d-d336-4621-b561-94a584b22a5f,I will be in a little after work today but I'm going to be late today 😕,5
a40dabf7-be1c-4abd-873e-124eafebb0b3,Nice being here,5
c6707f6f-bafa-4d4f-a06d-6036756ad47a,"Unable to read my messages is it AI involved , since this has happened, I'm unable to read all messages",2
c3dbe1e4-00c5-44d2-ba68-a09c7d9b73b6,"nightmare! i cant purchase to play,why it switched to""install on more devices""! my gcash is fully verified",1
acea7f3f-e787-4262-ab48-6496d75c01d6,Need the code on this device,5
bc5fbe42-bb27-4654-a8f0-fdfcc22abb6d,Great,5
6147efdf-65b8-41fa-8bf8-f63acc5f546b,Messenger does not work.,1
a58edfd0-ddaf-4b7a-9d82-4d1806d4870a,You can't handle the truth,2
3aea7cc4-866d-4bbb-b77f-bebfce282c9e,Great,5
f9cf6c02-09db-4a26-9367-aa4de0c30b3a,"panget ng camera nyo messenger ang labo,baguhin nyo naman kakaurat 🤣🤣🤣🤣🤣",1
48bdfec1-4c60-4bc0-92f5-41d6d3e832de,It was fine,4
6de8b331-4192-4d76-bfb0-ac551598c5ef,"Never works properly. Use to be such a good app for smooth fast communication. Now it's constantly bugging out, not loading, and all kinds of things.",1
239d102a-688d-43e7-b34c-130165804935,ល្អ,5
aa5e1019-2364-4240-8bde-9e52639daa31,Not familiar with internet but easy understandable site thank you.,1
84a5df7e-1327-464c-ba1c-4f514afbfc47,Still leave note nothing shown in my messenger can you fix this as soon as possible.,4
b8ffd53c-d879-4d63-ae47-0ee6e9d426b4,Good,4
46de3fd8-e056-4a28-b4b1-fb559c9fda7f,Re Review!! This app has come a long way in the last year and it's actually a very very good fast app that has evolved into one of my most used and most important app on my phone!! AAA recommended to anyone!!!!,5
b424896a-85d4-4339-87dd-22a1a7b58da6,"Ok I'll give 4 star because of the new feature in note in which I can put a song on it, it's so good I really like that feature hopefully it stays forever.",4
2386046e-373f-4b73-8ede-6bbd833a0da3,Working perfect,5
7c188489-9065-41a6-8d75-148feeeaa1d3,Can't live without it,5
789c2389-ded2-4c32-abb5-7b7f61548149,HAHAHAA,1
7415bfc1-66b1-4b4d-93bf-bb26aa8983c5,"It's a good thing to have to be there for the love ones and good family friends and enjoy the app, thankyou 😊 Paula 👍💯🌹",4
d391f862-d08c-43fb-acf3-901ad5581481,Swipe from down to hide head chat no longer function !!!,3
5f79197e-dd29-4b74-8afc-b3412efb9e10,low quality,1
9a5cfbaf-7823-491a-ad58-2a8deaf8ae0e,Uwu,5
ce1775ba-b18a-4776-b108-338241faa3f4,I had this before now nothing,1
9b8499f9-488f-43a4-936b-187cf219bc2f,Good. Helpful.,5
c62dabe8-0d1d-44b3-abff-9aa351849232,end to end encryption ended sending (downloaded) photos. never had issues sending memes i downloaded from google images. since their new encryption i cant send any downloaded media and have to screenshot pics i downloaded to send. its making it insufferable and im about to start using alternate messaging apps (i have to use wifi messaging apps as i live in a diff country than my family and cant use plain texting.),2
4d952b0e-18a4-41d9-bc7c-2f352aaf381e,"I no longer get notifications to new message ofter the last few updates. This app is becoming more, and more unreliable. It's a shame too.",1
4cf8955c-c905-470a-9d92-701d3ebf1819,It's now not allowing family members and friends to read their messages??,5
51fa5554-d58e-418c-b303-8cc390dcef10,😘😘😘😘😘,5
fff98b64-df92-49f2-a007-bbd45d13b6f0,"Have had a bug for weeks where messages from people will be hidden, saying that it will take awhile before it arrives. Even after waiting for days the message will not actually show up on my screen. What the hell is this",1
5b1ffc0c-2753-41a9-8217-fb0ed59400db,Good,5
a91d3e6b-03d4-46cf-bb30-198a1ece42f7,Its ok,5
ed8e4b66-436a-449b-ba87-18d45c0745e2,Good,5
a7cf7e04-ecca-42ac-ac6f-7662b68ad7f9,It works really good sometimes when my internet is bad then it loads but it really works,4
64ada892-0a73-4261-8c5d-fd1c376653fe,basurang end to end encryption,1
7a217d01-917f-43a0-ad60-8506e4064341,Greetings Great,5
6884de56-eda7-46c3-b06f-cb8d1bc733c3,wow,5
1c3d5524-74e7-4b43-b1b4-e09b3cc330fc,Good,5
43514529-637e-4908-9ee3-c9786929509e,Works great,5
f8b90db7-7fca-45fe-8101-905c56f9dae0,Great,5
58014f41-2411-49ef-8ecf-47fcbabaf8c1,Farmers,5
793dba2f-b64a-48e5-b460-813e3552d88d,The latest version is poor,1
acd5c73c-1d71-42f2-9e9c-1b401fb6e35d,Low qualiity,1
4dd204c5-688a-458f-ac69-b528670e83b5,The app is fine,5
0a35993f-ae68-4fc9-ab47-1f959f119a17,I love this app,5
a70dce0e-eb1d-4bb3-a5f8-89f8a970c157,Verygood,5
610ed4a8-6741-4f8f-a9d4-9abcfe0626f3,Best,5
8b2a2e55-9312-4ef3-8241-43cf6313ce97,I love the app,4
b32fb7e9-9af4-4e78-8920-bb960e028558,fabulous,5
11635e59-c2d7-4132-9937-b7b1325b668b,worst end to end encrypt,1
020a35c6-d54e-4cb7-bb5c-c27cbe98b749,"Get rid of Meta. This app has been garbage since it changed. Now it's showing messages sending, but then disappearing into the void instead and not going through",1
4083633f-01c5-4285-9029-207884b7692f,Romejaloc,5
3334cfa7-238f-4f67-946d-51d253bc5ee2,I'm from Virginia Beach for,1
7fe7c848-3f5f-4c9f-94d1-f5a0b821ec70,Shares all your data!,1
b63c41fb-d6b6-4c21-9bbc-dc68873a8ba6,Buggy and slow,1
d851adea-5ec0-4d1e-bde9-37e63001ac62,I like the idea of this app,1
e43f05c5-067d-41f1-a619-5d28d49df1e2,Worked fine till it wanted to update ! Cant remember password what a JOKE ! App SUCK,1
2f7e2bdd-514e-4ba1-9879-858e18c9768e,Amazing 😍🤩,5
ae77a5ef-8709-45be-96f4-dd3f8cbf9acc,Easy access,5
5e9501ee-4c23-41f9-86d2-9e8f7539d8b8,kazam7023 very nice,5
6bc9a849-68de-4777-ada2-6e9b15addf33,Slow,3
94c7d7d0-1f7e-41b1-b087-897b9bc0ca71,This is the best place for order,5
0ed051b7-a632-4872-b449-960c6ff28148,Great,1
41e96e37-09b3-44f3-a215-2e31d7e3a79b,Good 👍,5
e02587d0-f414-4dbd-9c11-baa4c91baa5f,It is the foolish update for me,1
7267b2e2-a4b4-49eb-adac-2aaa5a8195aa,I have find it interesting and useful in chatting,3
ee432cdc-f72c-4c4a-9a03-b6e783d7c45a,Well constructed,5
eca9a8b6-dc09-4477-817b-091089074e23,Ok thinks po,5
b95bd6a3-233f-454a-8baf-7c8fb60e8d5e,Great ❤️,5
cd99910d-dfe4-467f-beb7-32571ab46af2,Good,3
0c18d7e6-a5dd-4021-8e21-2e76eaa2a1e5,Amazing,5
64d8152b-1718-4949-a404-496d96cd29ca,Excellent experience,5
2f5debd0-ea66-48b3-a486-05d496c3e275,"Mamadazen,jal",1
ee47189d-6faf-4f09-be86-3b8af864518e,"because end to end encrypted chats other conversion the other message is missing, it's a pity because there are memories there and that is missing, can you please just go back to the normal Messenger",1
583532d4-eec6-4f72-9775-680deb0cb529,Last update and know it won't let me send any messages,2
5df0d37d-a5d7-40cd-a7dc-f53f8e20babb,Its good,5
753054a8-81e3-4119-b7ef-a205ce2e1ed8,Fusillee Diedericks,3
b7e21a77-9d71-4623-99e7-3f4cc38b8b2c,i cant download,1
2b9f221b-a930-4d44-b6b3-c6e894696971,المسنجر لم يعمل مثل من قبل الريكورد مش بيشتغل اى حد بيبعتلى ريكورد مش شغال ولا الصور بتفتح ولا الفيديو,1
7d028c44-46f9-4c51-b079-c9105afdb8d5,Good experience thank you,1
18b37663-a4ba-4748-a4bb-edaec9866698,Please call me,5
dea60362-aabc-4192-b94f-42d68c7ae89a,Best,5
51b646e6-a946-4c84-9b27-06edfbd521b2,"This app is so good, it makes communication easier",5
863e8b84-89b4-4202-940e-324a3612a1d3,Супер,5
a575b528-6563-408a-b70d-9b7868a68670,It's a really fun app,5
4a900feb-8c2f-4d43-aef9-2a3de424184d,Good,5
94680cb5-00e6-4e36-bd5e-40fa71e45045,Disappointed with the updates. When I login to messenger I can't find my recent messages and its not showing active people on messenger.,1
dff617dd-81e0-4dee-ac5e-aa9881db9fb8,Too slow download,1
2bd08ca0-726d-4f17-b83d-f36cb6c9a7cb,Good,4
196cc5d1-d355-4b2e-a9f5-f87cc8ca2a0d,Good,5
85713344-8fb8-4b99-85e8-bd587193123e,"This new version is nonsense,it keep loading and could not open",1
702f7190-c403-424d-a6d6-3d006cb332e4,good,5
f304660b-7c83-4c91-bf76-7ec832fa4d89,Good,5
490e8f44-8609-4545-b8ef-d4c2d5b96831,Very usefull app,5
02116a6c-c99b-4e15-bc9f-ffd320750142,Great,5
192cb54b-c3e6-4580-a330-b8922e3c5c24,Ok,1
699d7c9c-195a-4de3-8262-36fdda6da119,Why it is we can't access our messages because we need to create a pin that ridiculous you need to bring back the old way because this one not cutting it Thanks very much,1
264729db-cdf4-4294-9b8f-8b6234a2ef32,Very nice and very faster,5
bb364759-e8df-4f58-b186-9b6671f73375,There are too many messages that repeatedly come up even when deleted or canceled. How do I get rid of this clutter of useless posting that clutter up my daily access to information..,4
330cabdd-b0c5-4e70-9243-72a856dcc235,Worse app - updated and now missing so many pictures videos part of conversations it's ridiculous so much missing that my memories my pictures gone!! Thank facebook!! Disgusting,1
04a5300c-95a4-4a17-9d1d-4da27195d25a,Very cool😎,5
c496f529-1b53-4000-b255-f4776ab93dd9,I can't see whether people are online or not and also can't see when they are last online,1
87acb2fe-a8aa-4e73-ae44-1bf289223b77,Awesome,5
f5cb4d75-1287-40a5-a235-5e03747e99b3,It's doesn't work,5
69e494fc-87d2-47b4-ae6c-06a77c16da03,Good,3
174b54f3-2715-4fd3-be60-0da7b2d3a071,So with the new update my app is constantly freezing and connecting and I have to force close the app and start it again. Someone sent a word effect and it froze the screen I don't have problems on the other apps my phone works fine,1
66550753-dd93-4a2c-ba20-ee4bc7a1beb8,"Update: photos won't send now... it keeps giving an error message, it's happened on wifi and off wifi.. Still having a problem where I need to send a message to get a message from someone. Like their message doesn't go through unless I send a message. Ridiculous.",1
d1be9cd4-a87c-4afc-8018-add81f8dd859,Ok ok,4
0f7a0276-fe89-4dd5-b7c8-5a6b4aab9620,Nice,5
23c20ba4-6ee4-4880-ae0d-aeab1a65eb1c,Great,5
fa4045a6-af49-4235-8363-29d3761fa11a,Bla,1
ed1d7ab5-4595-4b52-882d-e01e7a285147,"Rating one star, because my internet has been out for a day and more and messenger says I'm active randomly, making my girlfriend think I'm cheating on her. How can I be active without internet??",1
ea005de0-b34e-4ae8-8a37-502eb56662c8,Good,5
e8ee2ae3-9048-43b2-971c-8976225e9a09,Messengers helps me moreover,5
a28e6c2c-245e-417b-9756-3cd8b2885997,Excellent,5
5119701d-d3a0-491e-8bd3-8039c61fcea3,I think it's more wondering,5
23833567-0514-4fd4-9f0f-2b5eb4d1d5da,very so much,5
7e0a32ab-c798-486e-a6c9-3ddfc6f08444,Nice app,5
5c88ba36-aba3-43b4-8447-94558cab9964,Two year,1
a3c89abd-666c-4ff9-9354-6303bc59ea22,Good,5
1c68ffb2-1523-4d90-80db-47f3026abe47,Very good,5
a825afaa-328d-4db1-99d5-67878d74a2bd,ሰላም ለኢትዮጵያ ይሁን,5
39852190-40c9-481a-9cdd-fa591aa07122,Excellent,5
88b2938e-9d3c-4ddf-b170-3eea5f3f3888,Brilliant,5
5494066e-69bd-4446-90c8-d5d22150086d,Good,5
952f548c-c7a9-4aca-bffe-e97ed871fa0b,Annoying notes please remove,1
09d52410-a684-41c6-94b2-494e8dc7bf5c,Excellent,5
1ab1c180-fe81-486d-94f2-4114074e9d6c,Great alp,5
86329760-8b8a-4a11-bc5d-ddd311f8ba5c,I don't like the new update because I can't check the new messages wherein they might be an important one but I can't read them. Can you remove the end-to-end encryption? It's not useful and helpful especially that we needed messenger the most as an easy access in online messaging.,1
6035c28d-1335-44fd-b25c-ddbfd181d2c2,Ok,5
83deee06-bad5-4f3d-9d8e-89e1a74ba215,Devs are too stupid to fix the problems,1
8bae7329-fb3b-42a8-8f9c-30645cdca1d3,Very nice,5
fc050dab-41a9-4965-a4fe-e05bb6e27565,Good,5
7aed5122-1aa4-4753-ae10-361801b8546d,Minsan diko makita ibang mensahi sa akin bakit?,5
41fff0fd-8cd6-4ca1-9666-c94da0ebca63,wow,5
b8aec964-8ded-4d91-9ae2-40ee6eda7f13,Good,5
6a5e3382-aaef-4ab1-9a41-d7e91919dd20,❤️🙏,5
1b59a8ff-832c-4d30-9383-edb868d82af4,Good one,5
0b9e7567-e0f6-477b-af7a-8306f5cf39cc,Messenger needs to be optimized for the latest version of android ASAP,1
a3acd517-6ac1-4a1e-a9ef-198152d74f24,Is good,2
b46db64e-0ca3-4a2e-b359-ca7a3c04eb64,Get Connected,5
cbffc4cf-06f1-4f3e-b4f5-01d2d53abfea,App does not even open,1
7312a5f2-7968-41c2-8765-72fe492d5bc5,I just wish I could fix it,1
9695145f-5a25-4e26-972b-f3f782643cc6,Since the most recent update Facebook memories cannot be shared through messenger as its not compatible with the update. Messages disappear so it's hard to keep up.,1
499bd6c8-5493-4fde-b2b3-a710c63bd5c0,Good,5
7789325e-e6db-4882-89a6-4a08ca47f97f,Fyuyr,1
92233d31-9b45-40ec-bbcd-1c4b9a1a0d95,I don't have picture and picture allowed,5
e690dea5-0012-4d60-9428-a9ab9251f11e,Bad version,1
ff0d3218-f4a8-4071-9367-c58e476d79fb,Doesn't download at all. What is the problem with this app?,1
20da0dab-7448-4eca-a71d-3517595d2be1,"Updated:9/27/'22, 5/3,29, 6/10, 8/27, 9/14,22, 10/12,20,29, 11/4,9,22, 12/11,25/'23, 3/12,3/21, 5/16, 6, 6/7,24, 7/2/'24 | So far it's been very useful. | I use Messenger to communicate with my friends and family. | Thanks Meta for making Messenger® so much faster. | I don't like ads that distract my train-of-thought.|I do my shopping in person and on Amazon. ... TOO MANY UPDATES in a short time. If it ain't broke don't fix it.| 🇺🇦 SLAVA UKRAINE! 🇺🇦 | 'NUFF SAID 😎||",4
fab3dba6-c978-4199-913c-9ee43ae5b426,Ajjjajna,1
e6e64a16-64a9-4a3e-94c7-44117b5325dd,Better,3
df40a0d2-af19-441e-8a7a-6d33a5465726,Bad app when you have no girlfriend 🤔😁,5
458f72e2-e631-42ac-b016-85fb5494e328,Domestic,5
2a8da557-e13d-4b70-8548-5d5624fb08a4,"I love this app very much,",5
87cd774d-32cd-4110-a953-d534d1e15804,Good,3
c48c957b-392e-4fd8-b76b-95c1605f3c59,Need more optimization,2
312f2427-c844-4a9c-bc63-88ed2361006f,Vikashkumar,5
391de2b4-c5e4-4a3b-b01c-ca911aa781b1,thank you,5
f3791b0c-5267-44d4-a60a-e45572f5072c,A lot of scams in messenger. They put ads. in Facebook and asked you to contact in messenger asking you to send money to them before they sent Large money and car to you. But no quarantee you can get what they promised. Facebook book and messenger could have known these scammers but they don't do anything to protect the consumers.,1
86008895-b17e-4b7d-a568-80830377f213,အကောင်ဆုံး,5
e423a810-49ed-411c-b094-47d6031b66a0,Good for messaging but spies on your messages and advertises you things mentioned in private DMs on fb,1
d6988496-4748-4d0d-8bf4-803ce6614aa8,Otvos alexandru,1
64fb03bd-363d-4e41-a13e-bdd5292dcfc5,Nice app,3
b2ec36fb-d2a7-46cf-b557-d93f90d3dde8,Solobanu,5
63bc27f3-1e47-4b7d-9166-c0e636bf7c2c,Update pls,4
6c394375-3502-44e7-80bf-574ae9850196,Good,5
5f7d3a6a-4373-4ea6-b63d-49e35946ff88,"Fix the problem of ""couldn't load high resolution""",1
6e3bb5aa-e193-468a-ac2b-5414a933bcc4,It's ok,5
e607d83a-7bd6-477b-86f9-087cc228e6fb,Ok,4
bb47eb85-a464-451d-aabf-ae7e5ed5e0f8,I rated this a 3 because I hate that you can't search for people name,3
8d455d8a-5ff7-4a5f-bc15-c6e1c5fb55b7,I like it,5
e4d1618b-c809-4b14-8dcf-e20649a15277,"Since the last update I don't get the messanger ""ting"" and no notification.",1
e0fa4e22-884f-442e-980b-8a601201f8c3,It takes time to download apps N m not happy with the service,1
1656791a-5c37-4b0e-8cdf-8a930dd7d080,Very bad app not working good,1
b2527cb4-7fac-4deb-9071-9ccffd7a78e6,Aditya Kumar,5
4dd20550-f8b7-4989-b8c1-07091d5448f9,Nice,5
f86a574b-4e6e-4436-a348-80d5eae91731,pp Ip,5
2d416f51-8e98-492d-ac2b-f50df173831c,I'm not sure why you want so many updates. I'm about sick of this.,3
892a55f9-be0e-41de-a834-7819691495e2,Good,1
b09e51d1-14cc-466f-9e22-a9778a61e8a9,Bwo nw,1
8466e350-3283-4ae8-87e2-6bb535368880,❤️,5
6da64f7b-3926-4b6e-ba2e-e0188d57bb65,"Since meta took over... it is 💩 now! - Scrolling problems - problems with posting pictures - calls dropping - being continually asked to download messenger, when it's already downloaded etc etc",1
cb1c2efa-8364-47b8-97b1-a2426dcd323f,Huawei p40 lite,1
ffd4b816-0737-4565-8c6e-497e83343e07,"☹️👎So many 1 star rating and complaints about this app being, ABSOLUTE JUNK, yet, no responses. Nothing getting done. Why even have this app, if you're not going to MAKE SURE IT WORKS RIGHT??☹️👎☹️👎",1
bc22ded1-2bd5-4ae8-b7a0-84f62cce2bfb,Ang pangit Ng update niyo ngayun kainis kayo,1
86aaadb7-2c6f-466f-85d9-bec87019f98d,Needed everything,5
b7c27441-7486-43fc-bebd-2ada4a32d6c7,"ফালতু একটা app, কোনো কাজে আসে না আমার সারা দিন কোনো মেয়ে মেসেজ দেয় না আর কোনো মেয়েকে massage দিলে সে হয়তো reply দেয়না আর নয়তো ২দিন পর Angel xadia থেকে কুদ্দুস আলী হয়ে যায় । Vary bad app😤",1
61e167eb-74fa-44d6-af1b-8c98a9ce21ae,"... A c,. B ... Hs. M",1
72b95d74-3dbf-4220-b971-96b24269be03,Ok,5
dbae7e73-f207-427d-9e7a-2ff4ed8ce5fc,Wonderful,5
1d43f57d-422b-44e8-a5e9-1858ab9d3f03,Very good work this app,5
908bd83b-f2f9-4f3b-bb95-dc134d44fe2e,needs update everytime,1
eec603e6-02fe-4185-90c6-37e2fd36f06d,Try. Like. My. Phone,5
f394f250-aeb9-492b-be62-d30a8329ad17,Good,5
8ba052c0-e81b-4e6d-ba49-6b9153b5150f,Log in Problem fix this. And can't sms in any id and Don't show any sms fix ut right now,1
1c923807-564b-414b-98d7-3bbd53328dc6,v.good,5
f9b1e5c7-d691-47ec-abc9-da484c72831b,"Not working at all. Messages not sending, other messages not coming through. I've updated and still not working. Multiple people having issues with the same thing. It's just not good enough.",1
35b22741-d819-4ea2-b12b-e8b2002bdf18,so good,1
eb8460df-a61a-4614-bbac-87cd13e653f3,Dear Meta team Chek messenger new version I am trying to send video but I can't.,1
9f69512f-fa48-44f4-8897-4077e493253b,👎🏻👎🏻👎🏻👎🏻👎🏻👎🏻👎🏻,1
4b459915-137b-4a33-bc71-a76f23810652,Nice,5
cf653173-f961-4231-9cd6-8d5d8b1b7e83,Very interactive,5
60f48729-853e-4952-a86d-d1de61d0f1af,It’s crucial,5
8be13a82-1045-441c-8b64-8673dd90b7e6,Use it every day to keep up with my family,5
31828549-d6a2-4bf2-ab3e-109634cfc653,Yes sir,5
71741dfe-b50a-49de-8c7a-030f9eb3d23e,"PLEASE TANGGALIN NIYO YUNG END TO END, NAWAWALA YUNG MGA MAHAHALAGANG IMPORMASYON OH. ANO BA YANG UPDDD NA YAANNNNNNNNNNN😔😔😔😔😔",1
cb8e9ae1-4392-4903-aa26-da1f47024afe,I lop,2
eb10a67d-89c0-4b01-ba05-1a42aed84961,Very helpful!!!,5
5d5fb486-676b-40c7-94f9-47de8f623883,Good,5
df31c4b1-ac7d-4496-9d90-5b02b343df89,Always love u,5
9f14af74-86ef-4ccc-a2ad-4114468fe4d0,Ang lag punyeta ka messenger panira la ng moment,1
684aceb4-5a11-4a7d-83b1-dba309c0ac76,good,5
75f421e3-e20a-4fe6-aef8-ed8a5999a7ac,I hate how it's always trying to remind me to turn on notifications. Also the default setting are annoying like having to message bubble things.,3
f286c857-1237-415b-8a00-eb1d39a70bbc,Amazing,4
59504b61-ba8d-4a75-a82f-a5a2eda7389e,Good chats apk,5
8e774185-4402-4ce3-85e7-856c170cb158,Very good,4
8ceb8203-803b-44e2-ae20-f488d2b49e08,My friend real seand but i am not see real and vdo,5
0719989d-93cd-4124-acb2-821dd17379a3,Good exilent,5
10fdd352-66bb-40e3-86df-d7b133ff8bf9,মাইনুর দিন,1
02b75c4b-e6d6-4ffa-9937-76e14010db7a,Please remove the call end to end encryption,1
a7e86189-a222-40d0-8792-13aca8ff026a,Tooooo Big applications😠,1
95175856-dfd5-4271-8e38-0a35b706aa79,থমম,5
24cb13b3-d57c-4348-b3cc-3ff9e4dfac79,"I have been encountering problems with this Messenger app lately. This end-to-end encryption seems to be creating a problem. After every video call, there's always a notification for a message when there is none. I will reboot my phone or uninstall them reinstall the app, that notification will be gone then back again. Now I uninstalled the app then reinstalled but cannot login even though I keyed in the right PIN. I will get a message saying action is abusive. What's that?",1
e33e8577-b926-46ab-82c2-2b2f5f00f38c,worst update ever‚ please remove the end to end encypted thing. my convo between me & my girlfriend just got deleted because of this stupid update,1
ab767a55-f80b-46e5-b445-348e6bf9614f,Can't read my message to all that I chat frustrating what kind of update is this w I update messenger weekly not useful app for now,1
acc7a12c-d9cf-47ee-b47a-6b528338af49,Its so great,5
a0aadd5e-f60d-484c-8ccf-961020370b91,This is very nice app.... I like this app...😊🤗,5
6efa5f21-1b59-4561-bfd7-68ca6c9eb2f8,Sohi raj,5
a4a31e9c-d0e5-4278-8b67-1ecdbcc5d05b,"Way notes ngeee, okie ra naa man sad akong bebe",5
e335eb91-2f44-46ef-889d-d3278cf1ff2a,Good,5
069ba2f8-bd99-427a-8131-c6dab6a4e3fc,Nice,5
612e6412-6db3-4834-b2f5-19063d4b96b5,Thank you 💕😊,5
554aa343-f751-419f-b408-c1f6c475f176,Good yes,5
8878f51e-8064-4b52-950a-4ff63b649629,Normal,5
f04db330-f432-4853-a374-6d1582b379cb,Where is the active friends list,3
9ca5dbf8-75f3-4d62-a605-454289718bd1,Nice,5
f2cfa863-c5be-4771-884d-79647a26e8a2,No Ring voice,1
a678084a-b566-4479-a2de-276fdba33a37,Very good,4
3a28ea09-6449-44b9-807a-1d71010da67a,amizing,5
5aed2b6c-bd01-41f5-a479-639d6963b705,Good,5
d2b53b55-c82a-4a1d-a201-d8dbeb42a8ef,Extreme mode,4
1181a80b-89c6-410e-ba63-056d51099605,wow,5
f9ab66d6-6931-48be-9b31-87225d2e6837,𝑽𝒆𝒓𝒚 𝒗𝒆𝒓𝒚 𝒈𝒐𝒐𝒅 𝒂𝒑𝒑,5
a51a7f4e-8f90-4d98-9b35-1c135adefe18,Vary Super 👌,5
e8da1d8d-71a2-4e68-b284-8d625cf76809,This end to end encryption really made my Convo with my boyfriend disappear! It's very disappointing please change the new update !!,1
ffa61568-77d2-4003-a923-ef22a468651c,𝙶𝚘𝚘𝚍,2
ecf57379-b459-4448-916f-9bfb9d6181e9,Note system is still not activated in my messenger app. Need quick solution,4
265ff49c-022f-408e-a10a-7e451b55bac1,very good app,1
c695d69f-22f4-426e-9339-f0e915e9d011,Good,5
183f5c8b-0f4c-49bc-b598-3476625d86f1,This app really needs to be fixed some bugs,4
6d8bf06a-6c93-400e-a118-a9efe4663842,Fast use masnger,5
78a46a47-ba92-4e5a-8692-4e678e025ef9,Nice,5
9745771d-a5c4-46bf-8316-e2581b4c915c,ভালো না,5
9329b931-b5ce-4b2f-800c-3caddf37699b,Not good 😊,1
ca430de9-5c54-4d96-8825-c54293e26ed6,Very good,5
18b1efbb-4347-4de8-982f-04c6ee6d4575,িাািবক,4
1487c9a5-ed50-4486-8f77-9037b9aadfd1,ন্স,5
65160842-9ea1-4e43-9eb4-a0b1742816e6,Techno,5
73ee1fb8-08d0-4f73-91c3-9311d02aaea7,Good morning,5
4669cdf2-6f22-48c4-afc6-9ab241b6685e,wow,1
2a79d4e7-907f-421c-8746-0ad358f0d3b9,Updated messager not good to use make too many changes make its complicated and many new messages not shown and previous messages also not show please make it easy and simple like previously.,1
58458e8b-eadc-47ec-87ef-c8d5a16898e1,Whenever I try to send an audio file. It's not opening to friends. Please fix it.,1
da2ec209-7173-4df3-960e-5a10b50702b9,Superb,5
b906900f-f62a-408f-90cc-ecb1345e550c,good facebook massenger.mood services.,1
d6836a16-e6cb-41b6-9b63-47b5697faa4f,Hmmm so nice,3
f8dcc2a7-374b-41bb-aac9-5867b0b334f2,☺️☺️☺️,5
57f38831-50ed-4087-b175-20e95880e268,A lot of messages don't reach me,1
035f262b-ad80-4618-92f1-4d90e2748e2f,nice,4
2b45faef-76eb-42f9-804e-9a6c99af1860,"Why do you need to out a end converstation,what about our family that pass away the only picture we have then you just delete it,I DON!'T LIKE IT,BRING BACK THE OLD MESSENGER...",1
de3a81e2-4ac6-4b19-808d-a6cb3c3c2258,"I can't send my messages even though my network is fine. I tried sending messages through instagram, tiktok, and telegram to test out if it was a network connection problem and they're all fine. What is wrong with this app?!",1
c51c9aa6-958d-4d2a-bbcd-c7bf5a82a0f9,Now 2024 messager is not good. I don't like end to end encrypted because of need memory for us.,1
1b7157e8-273c-41e1-944a-b77d710dcae6,"I hate the new messenger because of the end to end encrypted it deleted our convo and i really annoyed me somehow, but hope that the old settings will go back and theres no enf to end encrypted",1
c81edfc6-a6d3-4871-a166-e94f81a5638e,optional,5
4c32c642-7306-4f72-8e61-10d9462400b5,It won't open up,1
89c0b477-ad5f-4463-962d-5b45f7db99a0,Love you apps,5
fa066a06-1159-43e0-97e0-4b8024ca88c0,Give lot of advantage,5
894b861d-0420-4d35-96b3-429dfda67ac5,Good,5
07c96980-66ad-4dd4-ac3b-88b4a0f534c5,good,5
b8ba026e-b8ab-4f5c-8bfe-d85bbcdba648,good,5
ad271760-4ef2-48d4-a035-0d96f1967d97,Not good of quality 😔,1
10ecf2a8-94eb-48a5-8f0d-7a386bc69054,Good,5
8435fa58-346b-4ddd-88ed-5e9f483f7fa9,good app,5
de2478c5-a67f-4ca7-b75b-15a948536de2,❤️❤️❤️❤️,5
a17f55c1-d249-4751-ba74-154352f35d97,Ok,5
ec34a6ea-d982-438c-a400-3f7050505e23,"Can't view call history anymore on S22, will change review when I can, after last update as I need the documents off it... screenshots",1
97fefddd-7605-4949-b7c9-ad5a01cd1438,My message,5
1b01e04d-d4ee-4139-b521-91dff6b82234,Msg not delivered in time and network not fast,3
aee461dd-db27-4ebc-b795-6f2cea21abeb,Good,3
f9708150-40ae-41ff-9903-a3c5d9972128,So good for messaging ❤️❤️,4
4df2c14e-6e9d-4f21-a591-c9e1bbb6f11d,Keeps saying I have a new message and I dont,1
51a4f624-bdab-40f3-8081-50500f9e5b23,Please remove the end to end encryption!!!! Please have some consideration! My messages always gone when i try to switch on my other acc!,1
3e45820d-17c9-4334-9599-8cd3eb33af78,nice,5
9716b0d5-ffef-48b4-b1dd-789abdc7481c,Nice,1
718788e2-d03a-4f7f-bde7-a4aef9b5c269,Hello dear developers please fix the messenger app just bring back the old messenger the end to end encryption code is so frustrating and my video call is bugging right now please fix this..,1
67ce3996-10de-451a-a01d-da16cd026af5,"the end to end encryption is a big pain in the head, most of my important conversations are gone because of it. I hope messenger would bring back those conversations, and remove this end to end thing.",1
c9038d1d-3e99-465f-9ecf-757478932594,Fantastic app,5
0d56922d-c6f4-439c-bfe9-7045cc646578,End to end sucks,1
8b91729c-836c-4c8a-9e74-82387ddbded1,The last update ruined any link sharing. It's been about a week and I can't make this app useful anymore. I'm also not happy with the pin requirement. Waste of time & energy,2
33113546-a0fd-46ce-9e97-03526315a8bd,Download problem,1
46de450b-ce5f-4db7-ba8b-c05cab8ea407,"Beautiful, amazing and awesome",5
7fab143a-2865-4c8f-a705-6f1a8161c8a8,Good,5
0b141de9-6c30-4753-85a9-22bf5c65ba8e,Nice,5
b7895ae3-7873-41e4-aa66-75009d0126e6,Very good,4
851921a4-b499-4e53-8be2-3319be5cd116,Nice,5
cd595eb3-0c61-4064-9092-405250d724e1,Nice,5
e56b7262-ebfe-4cf7-8844-f3002e28214e,facebook and messager going to end as end to end encrypted included,1
2ecd56fb-7b6c-4ef4-8aaa-f354e481efdc,হারু দত্ত,5
e3b2cd3f-11c8-4239-9541-739de934d347,czemu mam jakiws bubbles ktore w oglle nie działaja i nie przychodzą mi powiadomiwnia nawet jak je wylaxze😭,1
c51eaa3a-a914-4e34-ab9b-865618cc9375,আদিবা জানা,2
bdd735df-c79c-403b-80b5-ce06eec74c6e,"your encryption update has ruined a lot for my experience in using your app. firstly, there are so many bugs such as not being able to download files i need immediately, i have to send it to another convo for it to download. second, i can't access past convos ever since your update happened. i happened to have to find very important information for me in one of my convos but i can't now because your update doesn't allow us to go back to past convos through searches in convos. fix this.",1
ddd7659d-14e7-4daa-8d2a-985296f5c766,👍👍👍👍👍👍👍,5
ba076b58-72b8-4649-ae30-9f0e8ea6ece9,Ok,5
6ec13885-818d-4116-be28-5126fdb023a6,This is the bestes app for my life 😱,5
3ba4468c-1895-47be-b4ad-1f08e1e97a2e,fine,3
d353ede4-c9f9-45ba-b8ba-991b2d73aeda,Excellent,5
35126125-9517-4ef7-aea8-019c84f4ab16,khub sundor samajik network,5
2050d08e-312a-47b7-8f27-5242f72c8469,I hate the latest update of messenger. Forwarding a message is no longer possible as well as Searching of previous conversation.,1
dccad86a-8591-412f-a274-809bbf77b7f1,Ok other than I have a message from someone and I have a prompt saying I need to update Messenger. I clicked on the prompt & there is no update showing. I only have the option to Open Messenger or delete. ANYONE KNOW WHAT'S WRONG???,5
69ee5698-c224-49f0-ad29-c0731a02defe,Ok,5
ac76bea9-a597-4996-8fe7-d225a898293c,very nice,5
659b9759-97ff-4862-a97c-7a69849dd76d,Best apps,5
633f0954-446d-4a02-a62f-27478bb618fe,Best app,5
2e9b8392-33bc-41ca-aa59-5ea0312c14ba,Good,5
30564c5f-efa6-4ac4-9883-69090f1637ba,Iiisddd and i,2
eebb60b5-7d65-4c05-bdbc-baa1cea0a6a5,Good apps,5
c0d11b76-779d-43cd-9b7a-6a6e0090fc3b,"Good for communication to all friends and Familly,,also for online bussines,,but sometime,,the vedio call and voice is,not verry good in hearing,,,",5
e079cde9-b54f-4400-90c7-61cb72c29759,সহঠার্বর্বফভাথধহৃধ্য,5
f097768d-b67a-4372-ac09-6eb9447b1883,It's not so smooth. They need to invest more for upgrading their servers for messenger,3
ceced112-c243-48f7-8735-b32d742c6787,It's not updated properly,1
95a02d4d-468d-4de6-bbba-cb7e182cd847,Very clear and reliable.,5
b94335a5-dc33-410b-92d1-8c8b340fe173,Gud,5
5b29ee4d-bcc4-4aae-9f54-4981850aa21b,Best app to connect with friends and chat if one knows how to use it properly,5
1fbda9ca-bd69-4639-98e7-681dea405ad6,Its not working well nowadays,4
51f850e9-f69b-4b07-a2a4-59e220621bf5,Hanging often,3
f854a1a1-7e34-4762-b67a-8ec7866bc7e5,Nice amazing,5
4d76325e-f64c-42bf-967c-867675e8ceeb,I can't see old messages with memories due to end to end encryption 🥲,2
e7cccc0f-9ea9-417f-aefb-b6ba18019671,Excellent,5
b96883b2-7467-4873-9b9a-335ebea8ebc1,Bagal nyo,1
16f789aa-babd-466a-8e70-1567dc45b800,Good,5
c1e62f6d-2f68-4291-992a-e3b8e8acf502,very good,5
8e1b4d20-fcb4-4ccf-a2f9-17650a2be7ee,ganda,4
2c17287e-54c8-4801-9ef4-c6608c54a0f8,"Tbh its a really great app,although it has many bugs. Its really irritating because whenever I try to search in the conversation,all it does is put me in a black screen which is so unhelpful. I mean seriously,whats the point of the search in convo if it wont even load? Another thing that I dislike about this app is that the messeges I send dont send quickly,I mean yeah ofc I gotta wait but like,it wasnt like this b4 and my wifi is stable so why is it taking so long to send? Fix the bugs please.",3
1a64ecf8-c2e0-4db4-9731-0bd15330c5b5,It's a good one,5
c2d97d78-a773-430a-9a16-82607c658032,Lag plz fix it,2
25c021a3-2c35-4eef-a4dd-1038518480e6,Naincw,5
4b5705ac-08de-4285-87d1-2558a9225fee,حلو,5
ae49e68a-5ba1-44f9-84d8-9454de291924,Sharobon,3
bb7ffaba-078b-40c2-b48f-a893be5c48d5,Became terrible after all the updates and unnecessary features 😞,1
8b0025d8-533f-4415-8faf-d8a2b3786b7b,good,5
5bd6c6d3-b1e9-4f5b-b928-894ff246c4d9,Very usefull for messaging and video calling. So nice 😊,5
c3653855-50a2-4467-a28e-627efc4a34d9,I use it often with family or if I'm selling something etc,5
2beaacdc-223c-4bb4-b765-047e63371bfe,💯💯💯💯,5
1eb615ca-9de4-4e05-9166-115816fe18a7,Some times. A photo can't be transferred to the person who I'm in contact with?,4
6f06bd07-ed9c-4503-8228-999bf36ce0c2,Good site,5
c81b870b-596e-43aa-8ca4-42122e0939a0,Good,5
db986cb5-98ba-42fb-8868-1226196b350a,"di maganda ung update na end to end crypted, dahil minsan na dedelete neto yung mga important messages",1
7f09ea6d-b6fc-4fc7-8d68-4b0a69b46db0,Nice,5
058dfc1a-6dc7-418c-8319-96a4ffd3c43b,Thandiwe ke Lerato hello,4
fcfb27b3-959f-4a16-9977-beca235160e2,CT phone T,1
ad982a23-91df-4d0a-abae-96536aad18fb,Good,5
b1e5b230-49e5-4e86-ac14-c15c508b2812,damn fix it.,1
090fab58-39e6-42be-af5d-f8c05809a1f8,Unablet to see message,5
a8eb6c5d-b611-4e3a-8cab-d5df8774754f,Disgusting experience meta,1
3febd05a-2e28-414a-9c71-91b3bdbde083,Best,5
58605a31-fc35-4a58-af70-7046fc1eb7f9,So much thankful,5
7d3695b3-9f8b-49a7-9c28-8d0cdb115392,This app is beautiful,5
c5c457ce-e2dd-4b6f-84bc-1928469dae35,There's only one word to describe it: BUGS,1
1e982276-f6d0-4a61-abbb-ba23daf1dfa4,The update is full of bugs and the new features are not user friendly anymore,1
a7a7a5f0-9698-4472-84bf-e99bb28cfa36,This is good,5
d2acd9ef-4c04-46c2-8df0-ec91ee4ad7cb,Why can't I update messenger?,2
6daae0de-06ae-47e8-9332-e9f8435eba78,Game play,5
b8c1a3f2-b9a7-4736-af90-a533e7199e40,Aalalsls,1
a6f02407-6019-412c-b0df-1c333a804ac3,The message and Facebook is good for family's friends,5
3536c427-8b54-4446-bb6b-7bd62e401c46,This application doesn't allow me to make another acc..and I tried to log in to another account and it just can't even my connection/internet is okay please fix this,1
f4d23457-6b78-4b37-99db-51b1badad46d,Good,5
c357d276-a457-4cc9-9e7c-56b196fbb898,Good,4
b64df1e7-6ef2-4253-b7bf-682d2e5a972a,5 star kasi trip ko lang,5
4438e8b8-8c9a-4589-b38d-e9a33fd0618c,Good,5
d9f1757b-4b44-4672-8442-4536c88751ea,Rohit Mondel,5
44ba667a-bd14-47a2-a309-d6f157db22d4,I don't know what I'd do without messenger,5
d9c17766-2c04-4a2c-a06b-609c92ef70d0,awesome,5
48808be2-9ced-472f-ab55-aa42bc829eac,Good,5
e7f120f2-a667-4274-b9f1-875cdf3dcba3,slow,5
ec3c3fff-ffc2-4ccc-964b-abf5e7d77009,Hindi ko nagustuhan ang pakulo niyong end to end . Nawala ang mga old messages na hindi ko binubura kase mga naka base ang proofs and payment sa chats lang 😤 nakaka Ptangna na lang talaga !! Bwesit !!,1
684c06bd-9c31-4dae-aa06-59afbff26fdb,Nahh,1
7c6e786c-bd22-4e43-a0ed-8fb9ef00a593,Some thimes this is not working properly,4
764397aa-56ec-448c-b6eb-73ec72060c7c,The video forwarding option is broken after the newest update. It said sent but no video went through.,1
c1ffa496-330e-44c2-b3ba-2ef8abfc8fd8,I went to talk to my friends,1
01914047-4d56-4599-b67a-f1ebfda77514,Very good,1
49ff02dc-b2f3-4ab7-93a0-ebee885b96f2,nice,5
399152ee-d57b-412f-bcfe-4ccb87ccdc22,It is very easy and important and usedfull app .,5
eb797c13-6de6-483d-83dc-383a0586732e,I'm not allowed to send screenshots or screen recordings on the app. I keep getting the unable to send error message.,1
97b58070-a147-4b6c-be4d-cd54d02cd97a,In short this app is nonsense now If I have another option I won't hesitate to delete this useless app,1
3ce909f7-3b38-43e6-bbaa-4d849b0d7a52,Nice app,5
d173a2ce-2914-401a-ba68-61889a17af9c,balo uy e balik na tong daan pls,1
4d9108b9-383d-465f-b2d0-acc74e911649,This apps hangs to much we can't use this to chat or video call like this day.We hope you notice this problem.,1
c21a1244-47be-46d0-99a4-be6182402490,𝐀 𝐬𝐦𝐬 𝐛𝐮𝐲𝐬 𝐤 𝐥𝐢𝐲𝐚 𝐤𝐲𝐲 𝐚 𝐚𝐩𝐩 𝐈𝐧𝐬𝐭𝐚𝐥𝐥 𝐤𝐚𝐫𝐧𝐞 𝐤 𝐛𝐚𝐚𝐝 𝐭𝐮𝐦 𝐤𝐨 𝐤𝐨𝐢 𝐬𝐦𝐬 𝐤𝐚𝐫𝐭𝐚 𝐡𝐞 𝐤𝐲𝐲 𝐌𝐮𝐣𝐡𝐞 𝐭𝐨 𝐥𝐚𝐝𝐤𝐢 𝐱𝐨𝐝𝐨 𝐠𝐚𝐫 𝐰𝐚𝐥𝐞 𝐛𝐡𝐢 𝐬𝐦𝐬 𝐜𝐚𝐥𝐥 𝐧𝐚𝐡𝐢𝐧 𝐤𝐚𝐫𝐭𝐞 𝐲𝐫𝐫💔💝❌🥺🥺🥺🥺🥺🥺🥺🥺🥺🥺🥺🥺🥺🥺🥺🥺🥺🥺🥺🥺🥺🥺🥺🥺🥺🥺🥺🥺🥺🥺🥺🥺🥺🥺🥺🥺🥺🥺🥺🥺🥺🥺🥺🥺🥺🥺🥺🥺🥺🥺🥺🥺🥺🥺🥺🥺🥺🥺🥺🥺🥺🥺🥺🥺🥺🥺🥺🥺🥺🥺🥺🥺🥺🥺🥺🥺🥺🥺🥺🥺🥺🥺🥺🥺🥺🥺🥺🥺🥺🥺🥺🥺🥺🥺🥺🥺🥺🥺🥺🥺🥺🥺🥺🥺🥺🥺🥺🥺🥺🥺🥺🥺🥺🥺🥺🥺🥺🥺🥺 𝐁𝐫𝐨𝐤𝐞𝐧💔,5
8f9d3a3c-4c65-441d-aa18-5e97b137bdcf,Gg app.... Like miss,5
7bfdf4c9-cdda-4926-8093-7687ce76bef2,আবদুল্লাহ,5
8fa5c62e-9cdf-4292-a8f8-3c69a89a4618,Ganda,5
9539ede5-658c-4a1f-8c26-9c22fff3fc02,Excellent,5
862d2006-9fce-493c-b9ea-1a1aa19a1c4a,Okay,5
bc8b98c2-cce4-4dff-a904-dfdae4aa1cf4,Like this app ...,5
7e5624fc-a7f6-426d-8dfd-2981a47de03b,Owsome,5
8a46575f-c729-4106-ace2-0863b680ee33,Calls 📞📞 are well connected,5
cabc3726-67d6-4087-8f43-8c2af0825bf1,Good luck,5
1e859041-fc79-4ba5-a0c0-20f72be92cf0,Very good,5
476755b1-057d-483f-a026-28ace907071d,Please I need it,1
a6587d16-9257-4fcf-8cc9-343c91a3cb16,"App is too buggy, can't even send a message with ease. So unreliable",1
91bd7a40-3ba2-4de0-b016-a4ebcd4463c4,very good,5
f1bbcad7-2057-422c-a300-7ab7c059caaa,Good app,5
03197311-3929-4d01-832a-99db13829585,"Worked great 90% of the time, except when HACKERS DELETE SCREENSHOTS AND PICS! Now app DOESN'T WORK AT ALL! It's still hacked, but works sometimes... 07/02/24",3
4a1da113-36c7-4e68-a7fa-2210c8a96b54,Good,5
81b92781-61a5-4c54-bf46-8bc086f8cbc2,ok,5
89a6781a-12b1-47ba-b042-b4feb27abf24,"I HATE the end to end shi, I lost all of my messages when i switched phones,and i cant even get it back cause i accidentally deleted it... Please get rid of it. I honestly think its useless",1
0a5a0d3f-b97c-4018-a537-e646a5929b32,good,5
1ab6deeb-1301-40c1-adfd-89abf3c45f6f,congratulations,5
bfc22eb1-3b13-4e10-8367-4c12617bd3f9,Nice,1
8322b256-1e01-4412-94ba-11902339e320,Excellent,5
56816ddc-50a3-4744-b028-462938b79c48,my messenger has been having troubles that results in me uninstalling and installing it over and over again.,1
fac9bee1-e31a-4724-bd0d-6fe12a3935a7,Gumanda na,5
b2c8c25c-6c51-44dd-8570-eb3b289220a1,Good,5
34d142e0-18af-42e7-8183-01312659d0e4,The end to end encrypted was so annoying,1
cc99193a-acf1-4d74-a7f2-3d93aa72d5c4,You're not on my Messenger on my first Google do not copyright or sell anything without consulting if you have there won't be there will be fines and fees,5
8561e190-453b-4c06-b4ca-75303af22041,Verry useful for my daily needs,5
43694d6b-558e-4694-a606-c95056640d1e,Nice,4
2638e1dc-8608-40d1-befa-5f49d01e7d4a,Very slow when changing account and need to uninstall and install again to work.,1
7868a5fc-b89d-4382-88fb-fdc919ddad2b,Good,3
aef2c369-716f-410b-8346-95a614278154,Volo khub,5
7eb517c1-6a32-44a6-9544-e1386324adf8,Nice,1
d589980f-49bf-4407-ac28-cd46fcce61ad,Rahidul,1
b85d2c78-d083-4b5b-8476-2c730d4388d0,Your update with end to end encryption is so dumb!! I can't recover my photos in other convos because of this!!,1
260a6e6f-4f4d-4bd0-b07c-b946c541a1bb,Nice media to connect to all over,4
e8a2169c-a5ec-4c76-bd99-ac3a71f0d7e8,It's so beautiful,4
c594479c-a430-4fde-933c-9f0b8b93564e,It is good,5
a562c956-8651-4b51-bf68-a993c50feadf,Very good,5
424f2dd5-db1b-4c0c-80a5-36c42333b68e,Nice app,5
b65afb6e-05e6-42c6-998c-6db25c2d6303,Amazing,5
40f4c460-bd07-4404-b37e-6d0595ce79b6,Call button and call log history no longer there. So many people are trying to get help with this missing feature. It been months and still not fixed . Slow to fix bugs Also cut & paste in SOME chats is missing and you can't select and edit either . Not as good as it once was,3
bf6adedf-6701-4514-aabc-d7e2352755dc,"bring back the old version, end to end convo sucks",1
0604af1b-5311-45ae-91dc-700dfedd9f60,It's an awesome app👌,5
dbc09d8e-b3f8-43d8-8930-671bfda85557,Why is it recording my calls?????,1
10b79bb7-5bb5-4c98-a832-0235fc379651,Nice aap,5
1f3f8ccb-963a-4098-800a-9f08c83b97fb,Nice,5
1539fab9-133f-4bf4-ba19-b3ede1d2d53e,Good,5
5ab21ee0-27f2-4449-8891-31877c37438c,Good,5
b26b9eb2-86f7-486a-97ce-d1d6862fd733,plzz help,5
4fdac6dc-0815-4982-96b8-e72890061fba,Very good,4
63805b34-50ba-48a8-95e0-90526957e457,hamzajamaal,2
4e695b90-bfba-406e-b6df-2c413a7835a8,Holy lag!,1
304c7ce2-ea67-4ae6-ae5d-2afabec2ec27,good,5
10cb9a5f-2d43-47b9-845a-84bc775e1892,Good alright,4
3c0bf614-d674-4e57-9518-9071913e2783,Delay yung pump ng messenges pati bakit may end to end pa,1
89fa0e9e-eb35-4f51-8029-cc3d30ca1b67,Good,5
73612596-f541-4483-b3a4-e5f03785f88a,Awsome,5
49a2d0b4-8132-433d-a769-a7aabfc65cc8,Nice,5
ba17221e-77e0-452b-987b-f501bb7a1bdd,That's a good job,5
224e1f40-1e50-42ee-96dd-3152046fad15,TANGINANGYAN AYUSIN NIYO NAMAN SERVER NIYO AYAW MAG SEND MESSAGES AT MAKA RECEIVED NG MESSAGE OKAY MAMAN SIGNAL/NET KINGINA NINYO,1
5adf8b5f-532c-466d-b463-bc06329828ce,"L UPDATES, MAKES THE APP UNUSABLE AND HARDER TO USE. SHUT UR APP DOWN",1
e959388c-c5d2-47ff-a5d8-034b5def8ac8,pisti,1
12430956-ee3b-47d8-9529-c05e08a8d604,REMOVE THE END TO END ENCRYPTION,1
c4b79883-b88b-40d2-b635-b9c8452b8b89,not bad,4
f55f5b94-ec19-44eb-a40b-e14bf4f28925,Trash messenger!,1
03a81ba1-723f-42d3-8c82-833e7db437b1,"The worst on this app , I can't open it again when I'm done to update then I tried to uninstall then I install again but it didn't work again, I can't open it again.",1
6b86f509-76c4-47ec-8502-17c511590507,I like this app,1
f54117ec-ccc2-453a-bc1f-2cc762009735,Needs work,1
d080329d-31ad-4a04-9a9f-dfbf545bfa30,"Fix mo meta,di agad nagsesend message ko nakaka frustrate. Mangyari pa ulit ire report ko kayo sa 911. Ang bulok ng service nakaka trigger ng anger issue hayss, papa ban ko kayo pag dipa naayos",1
bdb905ef-f20f-411d-aaf6-a6cb50ae37e2,Dont realy know i get so frustred to many apps poping up,1
12aadb0b-7b68-476f-aef1-a7cfbcca642d,Nice,5
eaca1de5-72e2-4098-8dbe-1aff2e9d9637,so nice 👍,5
293d73d5-f836-4ee2-8d23-eff7e15cd794,Very nice 👍👍👍👍👍,5
dd915577-4ab1-4009-8777-f4228e44a783,Good,5
f2885bf6-29ea-463b-b274-1d5194f8b8de,Nice,3
e084ea72-5d3f-46ab-8ca3-c1082c5dc25e,Every update keeps getting worse and worse. It has come to the point that it's barely usable. People won't be hooked on for long if it keeps going this way,1
5c6d129f-a46c-42da-83b2-ffd91ab101e8,WORST UPDATE IN THE WORLD EVER. NAKAKAINIS ALAM NIYO BA ‘YON HA! ANO GANITO NA LANG BA LAGI?,1
90cd541c-c3ff-4118-970b-f9ee50f67815,Excellent,5
82e89725-11bc-4fb6-8597-206844c114cc,Good,5
6a20481e-80b6-4ef4-adff-6ffaaa164fb1,Hshah,5
e669e704-25b0-44fd-b01d-7f6cf217142d,f that end to end encryption,1
1f94c165-cf94-4c14-a7ba-044ee6b45863,Great,5
f37533d7-267c-48c5-8421-fbe8936d4281,It's so amazing 🤩😻,5
8d30fd97-19a0-4998-84de-679eedfa7592,Ayaw makakita nang old messages!,1
703ff33e-7197-441b-a5f5-599692749f22,Good,5
2567f044-2530-49bf-b6e6-5a60bdd7bd62,Fun and useful but to much updating that can not help,2
ef11bdb7-9f8e-43cf-bf32-fbc22c2dd676,Good Application,5
d239fbe8-aff2-4365-ad85-747ca5d33e0c,Balram Bk,1
0bfe1dd4-4974-441a-811f-6b423e3b9118,Good app,5
dca37be9-231e-4820-8c43-0f8053d06961,nice,5
d59cfe68-caf1-4b32-a054-bcbfc1ec56b4,Great fun to talk to people on the other side of the world,5
eda9e7ae-6798-4adb-a3ed-3d4733464cdf,Fastest,5
09c30d1b-0ca5-44df-8d12-4ecb8170e75e,Good,5
54b9c880-147f-4b17-8bad-4a2bbfe1d684,"Updated on 7/02/2024: The app updated again and NOW I can no longer delete messeges??? It only allows you to archive (save them) or restrict people from messegeing now!!! Why are you people holding our private conversations hostage?!?!? (End edit) It was supposed to have this big update for the photos, but SURPRISE!!! IT STILL DOESN'T WORK!!! photos still send blury!!!",1
61a1468e-dd23-4b6e-96e3-2a03ab5f4d51,Good,4
7ebc13be-b057-4880-ab9c-08238132f4a8,"মাঝেমধ্যে গ্লিচ দেয়,, free নেট দিতে চায়না",1
0ca720be-0d3d-4393-8b14-65c155c780c5,So xxxxxxxxx,5
288da1f8-c395-4889-9eac-9c4657794320,Good👍🏻,5
708838ad-4f57-4caa-a4fb-ff3b399813f0,Anandhurajesh,5
0137d789-ed73-4ed9-b4e6-82262ac5ddf5,Can't search old messages this app is freezing when I try ko select old message to review,1
302fc9f2-aefb-42b0-98c7-1d442ef4779e,I Can't Use Messenger properly from Facebook. To Sent a Message. Thanks.,5
22427696-4b9e-4977-87be-d499d671a985,Very hard to work. 😇,4
dc9609e7-70ac-4b50-b9c1-e7502d9b00e4,Good,5
c9301268-b615-4c87-a70e-557333aa40ee,Very nice,5
811a69b9-3c6b-4047-9637-5ebb1f237333,I didn't not see active people what is the ai please change it,1
426c1cbe-85ed-4fdd-9a9e-a539bc3f87d9,Good apps,5
5449f7c6-b120-443d-9e30-58ca8ee56517,Very good,5
c614d004-268a-47b5-a351-0221ee6c14ba,Good,5
21084bb3-a8f5-42ad-8562-58e71b641304,Some time late ung receving ng massages,4
a1f9a059-1d9a-48ec-876c-58db222be3ee,I Love This app 💕😘,5
b88ff344-a0ac-4382-8883-d1dea58fa510,Pure 🗑️,1
3b61bd43-2105-4b7f-8c92-079fa666bd78,Verry easy and nice,2
a27f8198-ef11-47f6-9eb0-28168e32242f,Highschool,5
0f8701b6-7844-4b85-901d-86b48bf24045,صباح الخير للجميع,5
ab7495bf-a34f-4965-9884-ae62476fa5e0,"I can't receive messages since the end-to-end encryption update and I'm expecting various important messages everyday, I hope you can fix this.",1
acf2fd7c-6dea-451f-8fa8-b9e08f6d56c7,Very nice,5
514a5211-79ed-411d-94ac-e0d503bb2da4,"Messages labeled as ""sent"" but after you come back for a while it wasnt really sent, you need to close the app first and remove as a recent app to fix it, worst experience so far after the updates",1
35fe10b0-4838-4984-a5ef-0ee6aed3d9df,Okay,5
99455b6f-4054-4867-8b05-2545f657ca3d,⭐⭐⭐⭐⭐,5
a4b2f772-f118-4350-9d49-c4e114cdaaab,❤️❤️👍,5
1b05aac7-1c5e-49d6-a250-806f743505d0,it's so nice,5
6744ebfb-5b09-4c6b-8fcd-979fee6bbc05,Very good 👍,5
b93add96-f4b4-4610-a984-c1465b114b39,"It's disappointing, some of my conversation has vanished...I don't like the new upgrade. Pls bring back the old messenger that never delete some of our convos.",2
38860adb-48fc-4d5f-ac17-150157747bf8,niceee,5
57a65161-bfc3-4a39-bf18-918b942fe844,It's not bad and not good,2
0dd43273-1973-4c3f-9036-059ecbfad9e0,Find this application,5
826cca4c-9bde-4b98-84da-d8a98ae97d4f,Good,5
ab81efeb-ae55-42f9-a0dc-161c9e101306,"Too much bugs, especially when my internet community is fine, high and fast, but I can't play the Video",1
2fc1cd4f-60aa-4bbb-a742-d5caca458925,END TO END ENCRYPTION REALLY SUCKS,1
eb575572-4c22-4a49-8f69-0b4fbcda9ea6,Best,5
c683ea36-5fee-41b5-a3ad-a117c8f01a6a,is good,5
de4a87b9-26cc-475c-a786-d2bc55dd7aa6,এতো প্রবলেম দেয় কেন 😡,5
faa0efaa-ce67-4f6a-9544-f9baefa41608,I hate the new update.,1
d4c4c63e-96fe-4001-a2ae-46fc81740ead,"Why all the miss calls can't delete only the miss calls I want to delete it, not like the old format easy to delete",5
3adc9ceb-e49b-400a-a152-4d3371ac7449,"pls bring back chat heads, bubbles suck I can't chat when in landscape and if u can't back chat heads, pls fix bubbles. I will back with 5 star when u fix everything, thank u",2
dd141adc-873f-467a-952b-e0cf4f44e47c,Great App!,5
37dc365e-9d5d-47e5-8044-c5ea19813fa4,Its good and it is reliable,5
16a1fd6f-d917-4700-aadb-f40876a032c2,Nice app,5
c1c610b3-9297-4978-b692-be99771aa965,😡,1
afb4ffca-4570-42b1-9241-10ebcd0a3658,زي الخراااااا,4
a1d94fff-619e-4cf5-9ab1-9f587c27aecb,nice,5
0f6d4e3d-60ef-4f23-a185-84dd01ff067d,I like video call,5
b444da9f-d99e-4852-910f-a6ef066862d7,The copy paste is not working on messenger group please fix it,3
c01ca3ef-efb3-4f29-8225-63c49c850860,Doesn't have network but I'm connected to wifi,1
46c54dcc-1804-4630-a8a2-62067aad08fa,.ore,5
eb493245-ead2-4e95-9cfb-432a61687ecf,"You're app is crashing and crashing all the time! Everytime I logged out and re enter my account, I can't access the old messages. Ayusin nyo tong app na to! Mga devs!",1
b0abd062-ee67-48be-8175-43fc26bef7a5,इन्द्र थारू,5
b3c1376e-b6f2-4a5f-aad1-042cc441dabc,nice,4
f7d39884-94d5-4087-8b94-66823c9503e0,Cool,5
94856241-63b3-468a-90bb-3690377f46cc,Nice 👍,5
9f68a1aa-5545-4694-ac8e-d39709445d00,It's easy to connect out of country's beloved one....,3
d5b8f05a-c393-4262-be5b-a05e6366b94a,"The delay of sending the messages is beyond ridiculous. Just notify the users if you have an incoming update on the app. I have checked PlayStore countless of times just to see if there's any available update, because it takes ages to send my messages on the chat, but it turns out the app is ""Up to date""",1
85f92eaf-1a5c-4652-8898-16524da9bc02,good,3
7799361f-c082-4095-9036-37a89140ac39,"Can't connect to wifi anymore and seldom get msgs til much later, who broke the app?",1
bdd34815-bafc-49a7-b2e4-c26047219893,It works good to me,4
d392e7d2-d8c3-4657-97b1-0db33029a0c1,great,5
1ffa4283-f602-4768-9d8d-efd0b9116e73,Because it's still show online while one has gone offline 5 minute ago,3
af082a03-1809-43da-a9d3-6d81e23c0e18,Betu full,5
b87c639d-40b0-4541-9f23-110937657ccf,"I don't want to put one star in this rate because i was so irritate in this app I'm always having that ""Community Standard"" I can't message to everyone in 12hours, 1hour, 3hours, 1day even though im not doing anything, please fix this app ASAP!!!!",1
f41fbc44-3bc3-4cf7-b674-3c12150964fc,licj,5
3ed07f03-cd36-4334-a5b3-d4a74fe8ec2b,👍,1
df2cdffc-f183-4fdf-86d7-56664dba8f6a,Lost my messenger and cannot retrieve it.Its just going round and round.,1
d8bac5ed-28d0-48b3-baa9-91dbcc2aa5a3,SINCE THE NEW UPDATE CAME OUT THE APP HAD SO MANY BUGS I CANT EVEN SEE THE LINKS OR ATTACHMENTS THAT PEOPLE SENT TO ME. SOMETIMES YOU CANNOT SEND LINKS TOO I JUST HATE IT BECAUSE I HAVE MY SCHOOL GROUP CHAT AND I CANNOT SEE THE LINKS THAT IS DELIVERED. I HOPE THE BUGS WILL GET FIXED SOON,2
c6404dde-cf99-48b5-8159-d0a361b7e022,Om namah shivaya,5
be7f3a8e-9977-4988-a856-26704bfa72fc,2 stars now cuz I'm bored.,2
05aed3e9-e2f3-4059-8c20-05696f8f0909,Doesn't work on an old S7. Stupid sound effect everytime you try and open a video or picture. Old version worked fine.,1
e3aea2f1-c0b0-464b-9467-ca9c1f13aaca,Don't loading on my picture please I proved of messenjar Plese terun on all salect button we have not time we delete one by one picture or vedio add the all salect buttan .,1
0a7fd1b9-f0be-412a-b85d-e56b0a27240e,my chat has gone,1
512739c8-74ac-4155-969e-2cdda1bd4c13,Can't see complete online list. old messages are deleted automatically,1
c55dc02c-33a7-401b-95cc-91af6d897c82,Worst,1
08ea8a97-8dff-4dd3-917e-7392c8bf60bc,itz sakib,5
8305c253-eb91-46ed-8bee-0f682506d9dc,Good,5
79e9b73f-880f-48e3-bd84-35cc9722dcfb,Nice,5
89877635-42bb-41be-a595-af59746e496b,Chat ahead problem,2
da566b20-e43f-48a8-a639-195bfb0a3f4a,Good,5
4d27fe4a-fc78-4f0a-9536-255212a32055,Frustrating end to end encryption 😡,1
ff9d4711-00ef-4eb1-80bf-5e21e184949b,Good,5
b2d920e9-b2cb-4964-912c-db73a3756add,Masaya,3
cefb02a6-fdc7-42f3-ac0a-73656b4a6154,I don't have some features like the BUBBLE NOTE. I uninstalled and installed it but still same results.,1
ad86239b-518e-40c8-bfe2-09bb18a4fb77,জস,2
5f9cbb27-d01d-414c-9476-4acba65fe1a3,Excellent,5
1a7cb256-65ff-4446-b1ca-9149f301704f,It's Good 🙇🏼🙇‍♀️😁🥘🎖️🎖️🥘🍾🥘🫲🥘,5
917103a2-226c-434f-bb3b-5a7a338ba944,Resourceful,4
8110e7e7-5c9d-439b-bbcd-c4c21c825aa5,good,5
c49e4083-46e1-4fe8-8f59-ce9f960d7be1,Good,5
6bb4dbc1-9b63-4be2-b96b-dd0a863dd585,I do not like it because the themes are so overrated 😕. And those themes from Messenger Lite were dope🔥.,2
08abf58f-5dc9-42e1-b479-b9ef629c6585,Good,5
245f23ca-12cc-47cb-8d50-075c23d29143,"JUST BRING BACK MESSENGER TO THE OLD UI PLS, IT'S GETTING ANNOYING FOR GOSH SAKE.",1
42f426ae-af7a-414c-874a-7131ff6f6d3a,Boring walang kachat,3
366bd3e1-5141-4186-a1f7-355a72d9e15c,Minsan madalas mahina ang boses ng kausap ko halos hindi ko na marinig,4
6b999a70-6227-4f02-b916-7de8da2cf97e,Very very good aap,5
5c1870a6-a087-42b9-835d-dc43ed4fcc82,NandiniCehuri,5
002c5523-a9e0-4da8-9b6a-2fd19ac4dd54,Really good apps,5
76b927f8-1967-42d8-a789-105131edbcfd,Good,5
3cf5ff1a-a527-438e-9538-50bc982d6793,It's so nice I like it,4
b7a785ed-cd97-4b5f-9580-1cbe0e2bdb16,No comment.,3
f4549910-c973-47d6-9fe1-2a7f85bcb9d8,Ampangit for real nawawala mga chat kaasar,1
85ffa19c-053c-4781-9575-2c37ea56fc08,အျဖဴေရာင္ႏွလံုးသား,1
c874663d-9e71-4b0a-ab58-6346c2689d39,good app win,5
f82ff307-ce5a-4a8f-9101-4e94822d4a2b,Good,5
c98ac0b1-f760-411c-beb3-d3e0f7095200,Cleared,5
b3c0a493-592b-4661-8428-db2f15b30ebb,paki tanggal ang end to end encryption,1
7d1d0af5-5b45-4c28-bdff-dc3dc3888a32,goor,3
c04b7afd-84e2-478c-8c9d-271749fdbe68,Good app,5
3fe743c4-a1a1-4fed-9ed8-b97c39eb6213,TANGGALIN NYO UNG END-END DKO NA MABACK READ MESSAGE NAMIN,1
e6aa0279-e6be-4ef0-9e63-d7b117ff486e,good,5
e85b3402-9922-486b-99ac-b65b3dccdaac,Great,5
aecf9000-f6ba-4b89-a40c-bfb4055ede92,"useful before, annoying now",1
ce7ad6fd-b62f-42e4-ad47-3465673667d7,It doesn't have chat heads,1
783252a3-24be-4fac-86c2-5fa65ce3c455,E balik po ninyu yung dating messenger,1
36dbbf16-ad31-4226-9b05-5733ed169b4c,It's fun to use thank you.,5
1435c932-2ad9-4f09-b64b-ac28d819ab29,Nice,5
b5064c72-30ee-4d3b-b60f-293334fccc22,"end to end encryption thing is suck remove that one, YAWAAAA",1
2ccd3cc7-0af0-4f31-8259-439b4c0ff91e,This app so good,4
eba55716-c2e1-482f-bad8-9b06e1b8d582,Good,5
7e53cdb9-c074-4f4e-b0d1-d914bebd3ccd,It's not working on my device,1
0a312f8d-c143-4bd6-829e-3ae5297f8ec3,"1 star because here lately, I have been getting ""Unable to send"" on various things. Namely screenshots and screencap videos. The bandaid-fix for screenshots is to screenshot the screenshot, which is absurd and annoying, but I'm at a loss for how to share screencap videos now.",1
f90d78eb-44b9-49dc-901b-f6db9d13bff8,Good job,5
eac28178-d079-4c81-a68d-0c5f699d763a,Awwsome,5
851f5497-da49-4fdc-aa4d-4259278e1255,Nice apps,5
c6073a3a-1e7e-420e-8500-a6383e695006,Good NYC,5
5d50f4c0-4bf3-415a-974e-6e54a5006162,very good,5
a01c7faa-e23b-4eb6-be1c-bb7a2f66f9aa,Good👍,3
542aaced-31fe-44ed-9736-378cde27de44,"I really care about my old conversation, but it automatically delated because of stupid end to end encryption.",1
d157540c-ba54-4b05-b337-47f8232fb417,I love this,5
589d0e92-9bbe-45c2-9b3f-2d78c16f1bff,Good,5
507f2586-4c32-4be4-a0c2-562de029bb40,Sufian Ahmd,5
6c786ab1-57c2-4344-9755-e23bbf88c61e,"I think messenger become worst since the latest update, all message disappearing such as “wait for this message, this may take a while” it's really frustrating unlike before please make action about this also the end to end encryption, I found it not useful, thank you.",1
2b16d18c-cf81-4eaa-969d-2b73e2f58d17,Good,5
82d6e5b5-1ebd-469f-b61c-f28d6ff691b3,Exciting Talking To New Friends and Family.,5
61023483-f5e5-4ff8-8d23-cac108705866,This very best chats app in the world 🌎♥️♥️♥️♥️,5
b181198c-620a-4454-ae8e-9bd727bb8436,Slomotion,5
91228fed-8070-4b7d-b037-620d9e9f50b7,Fk End to end Update.,1
d38ea62a-edf6-4d59-af1c-4704c889b09b,Nice,4
6d705422-51f5-494a-90d0-1165c2b943a1,Due to the End to End encrypted.,1
b294fe20-e401-4026-a98b-2d5495714ba2,Open messenger,5
93c7cc7a-6212-493b-9aab-001eee774bbf,Good,5
df2c7b5a-6841-4960-acca-412ad596b75a,Good,5
1cc61114-6a14-49f0-a1e7-943c682fed16,Take the stupid end-to-end encrypted thing. It's useless and a complete nonsense. No one asked for that update. Bring the old messenger back we don't need this.,1
5550a015-10bd-44f2-8fde-c44a3b1a65ef,❤️,5
566672d7-f139-4a85-870c-1ce206b771c8,Its good,5
dc903bba-7a11-4385-b9e0-ad7883db8b30,Marsi,5
8e123f7a-0df3-4ee5-ba3c-2fc04c0f634b,A great tool in communicating with family and friends😍😘🤗,4
62d75b3a-98ef-495b-92c4-4ecde6fccc32,Messager,5
08889b6f-24e3-4eee-80cb-d5a86d85d1e4,so bad,1
8f9ef6ca-5179-481e-b776-191925c8233b,"I always experienced getting stuck, I can't receive messages and can't able to chat. Too many times I reinstall it but no progress. It's hard also to switch account even though I have good internet connection. What happen na meta?",1
e68e8122-6491-4e5e-af0b-d83a897d9b7f,Cool,5
e0d7196a-f11a-45aa-bad2-0c87a00961e9,অসাধারণ,4
a44c61c3-18ed-4bce-9d0d-128fbfe1d703,Binabalikan ung dating pf,2
93976522-a1e9-4b44-8dda-5cee2f6d4bf5,Good,5
8af34ed3-707c-4fd5-8514-199c6ce55a74,🥰,5
b34564e0-f75e-4212-8aa8-4bb0aa2128bd,👍,5
ab31daf7-5d4e-4f51-a970-639c01e355d3,Delay,1
b52e82fc-5509-484b-94bb-3661ab82ddff,nakakainis yung end to end encryption n'yo,1
fc6eac31-4e70-47ef-9569-4ea50d15cc64,Im happy,5
a38ee3e3-a231-44d7-86ad-55522a033d8c,Nice app,5
50da4efb-3c57-4463-830d-98f991b14682,Nice,5
989583c1-485c-489b-915d-f746855b3ab9,Anhsgsb,5
447fa48b-7734-4fe8-b7a6-da3091095188,Very useful App I have everseen,5
eba9daaf-3af7-4e15-8dd2-ff42915dd30e,Nice👍,5
3af018e9-d77b-4c60-a29b-06aaeafa125f,Nice,5
6f9294f1-a0fb-4395-9315-f167bd1a81b5,May asawa ko hashool lang,5
fcb5ba16-697e-432d-a10f-757cc5226b21,",অ ওর বড়",4
0fe854cb-e7ef-407a-b632-af216a8b59ac,Slow,1
dc158bd7-91ee-4308-b2cd-5df5e8893969,Good,1
810e6260-dc5a-4a16-b4f8-b2c2f050cefb,Biglang ayaw gumana,1
48ebf7da-608a-4880-a296-271e9fce7588,suleiman. salisu,3
f9ffb397-3035-468d-a9c9-35989b747418,Very bad faltu app,2
1e87c067-21fb-405e-a2dd-8b7436d8332f,Messinger don't work,1
2779083d-223e-46c7-8bf6-52bba1bc167b,There some issues when I only use messenger app like sometimes when I send msg's didn’t send to the opposite person even It delete after not sending. And when I upload stories are not uploaded I Don't know why. Past day's messenger was good!,1
fa91ca40-7bb9-40a4-95fd-79d9f8612e6a,Can I use this massagers for the use Everytime,1
f6bf1a59-335a-4c2f-9d49-e488c7da9b04,Di nya ako Mahal,2
508beacb-5703-4dbb-816c-2ba5fb8b5631,Create group withPapa,5
763119a2-8e87-491c-9edf-1e9da6609552,"Can't send any video files anymore. Any video I try to send it just tells me ""unable to send"", at least specify WHY I can't send it!!! When a video IS sent the compression is outright horrible, from a multibillion dollar company today I'd expect better. Since instagram is owned by the same company the same problem persists on there too. Nothing maimstream today is quality anymore",1
3b8d678e-a028-497e-b8ff-a42c5ff3105c,Keep it of,5
97515190-5beb-4414-9889-ad29346bca3a,Very bed version after update because I can't see the online people so I can't chat with any people so it is very bed version for me,1
795729ab-9e2d-4c2f-a729-bf35c8749ed7,Oop,5
5d61b263-2bc1-4b17-a753-a0567f30a572,"this app is very hassle to use now, messages just vanished because of the end to end encryption..i hope this will get better soon.",1
c0796a30-3899-4569-9a81-fbdd3b9da6b8,Nice,5
c26bf75a-ca52-4a4a-be67-c567766023f3,end to end encryption is the worst update!!,1
58530ff3-193f-4826-ad87-71cd4b4fe9c8,Love😍,1
8f181e80-e44c-498c-a193-030b3685e095,madam Kano po water tank nio po,5
5e6ff34f-c004-426f-8fb3-10224b6121a6,Good,3
4b211dc6-3773-4e39-a562-247296df5c0c,Always updating. Very inconvenient!,1
6de9433b-317e-4674-af2b-f9d87509364e,Good,5
121aff66-00c7-4e78-bebe-df95acacdd18,"""There are no notes, even though I have updated it many times.",2
f868355c-0415-414a-a0c7-06a55ef621a1,Nice,5
19c859b4-d726-425c-84cd-7fcfbce86aa1,1 star because it's not working i just open my messenger but not working i try my best to fix but still not working plss messenger fix this,1
1b41868e-8a4c-467f-9682-c87e0d25540e,This is the only app that causes Gboard keyboard to freeze. Very annoying.,1
4a8486ea-5e80-4204-a35d-4b6467f50f86,next uppdet,5
0c86d989-031f-4125-ada6-870ceea4c22e,On all day longgggg,5
fba1c835-1891-4be3-a513-3614126ace01,It's a Genuine and very app,5
6f66f048-33a4-4f57-9f18-64125192285b,Always quick,5
cab06a8b-8db7-409a-954d-531f943e8a74,pangit ng update ng messenger nawawala yung mga old convo pag nag out,1
96370924-1f75-4c16-896c-2cb69972294e,excellent app,5
38f24284-0a4b-4b11-8018-f872562b50f3,Ok,5
2d081400-305a-4304-93ae-3b31ddfe051b,Hate End to End,1
8396cca4-8aea-4f6a-998a-503d6d38b8a0,Ok,4
268701cd-7718-4225-a79e-6adba3470a46,Where is the update option?,1
35996e14-caa6-4181-bdbc-27870ef86359,We need an optimize interface like ipad os,1
3bcd82f1-abaa-40cf-9341-8130293a2636,Google is better,3
b7dbdd92-fec1-4b7c-9774-092379340d6d,Good,5
a0766651-68d5-454f-9e1c-2a60b96b448e,"What happened to your app's front camera? It's autofocusing on the face of the person, making the whole picture/video/videocall blurry.",1
8897b3d3-e266-48ef-9787-306daa6e7b80,Great use this apps,5
3b235ec4-fa9e-4771-a9c3-3d9b0e6bfae4,It's awesome!,5
6ad68dac-0e8c-4e43-8490-d1b8ff01ea20,REMOVE END TO END ENCRYPTION!!!!!,1
4a5efaa2-0bec-4117-aae0-2afbf690c352,AMAZING,5
a2752e7b-11f9-4fb2-b006-56565b9284a1,😍😍,5
0a87bc52-7454-4f93-9d3f-29da6713c7bb,👎🏻,1
7cad894e-8455-430f-ae87-cf0e2cec12bd,Obengsamuel,5
392b3dfd-7b67-470b-ae62-98272e37ef9f,After many months you cant send messages its so unfair,1
2e64ca3e-42e9-4a2a-9124-45e81e3f0145,💕💞💞,5
91e048ab-1db5-47d8-b039-f1dea7bf365b,Good app,5
58650ec6-212c-43eb-8e5d-b05f06469a2d,lag lagi,1
2d470457-8628-4614-bcc1-31937ce10da5,Wow,5
375a8819-be69-48c6-a258-a6fc804da96d,It's ok and it's fun,3
4f1bc1ec-e926-4645-8e95-3e1c31163de8,Super good,5
4160ff9c-2f28-40fe-a297-d10a39bf223c,Its a nice apps,5
e9da346c-6808-4677-a4fd-face61c99afe,"Messenger doesn't work on my phone neither ipad, I have tried everything literally everything but nothings works I can't message my friends and can't get messages",1
de9fa23b-03b6-49a9-80ce-31ac41306a6b,Un,1
15080260-93b8-4d9c-9e01-9a722c93ea78,Good💥💥,5
3e0cd5c2-46d5-4f26-8964-08d151390eea,Very nice,5
49fa967e-d53d-49b8-88e2-eee7cc70d8e4,Nice app very good 👍 wow fantastic fabulous awesome,5
a31a6246-b417-4c05-bcfa-31caee4ede33,Oppp,5
f41fa07a-e7b7-41db-b93d-eed0ffa6c210,There's a new bug that needs fixing ...whenever i press down to watch a reel sent by someone the app freezes and shuts down ?! The update didn't help,2
9830a3f0-84eb-43b8-8c2e-da247f59d6b9,I like this but it's keeping lots of storage and i think every month or every year it's getting update update update update update update update can you update it once in a lifetime The ones that will be used will be updated is just a suggestion don't mind it if you don't want to :) but i like it is good for communicating with your friends family To your distant relatives...,4
e4aa652d-3f0d-479b-b3dc-b72372ca77b0,I constantly have notification of unread message and there is none unread. Another useless application from a multi-billion company 👌,1
c51209b2-0c3e-47c9-9d28-7acb8e516d89,Good very good,5
72776b40-88a8-4058-966c-3e1b19644a81,good good,5
cf3ead09-a376-48d0-a703-1d9912090ca9,Espinosa. Garry monyuz,1
012c15db-ce5b-4e89-bab3-b6e2225072df,"This is the worst app ever!!! after the update, you can't send any files or even a video. It will just say that you have to update the app and when I check it in play store, it's already updated",1
b44fb7db-5262-4dd5-891c-c7b70ab7c828,I can't open it since there are many bugs. FIX IT!!,1
ee45f530-2830-4861-887d-c15145d173a1,End to end encryption is the worst update please undo it we liked the old messenger it was better but now,1
0968fd11-4ca2-4a2c-b4de-6750309cb160,Don't update,1
740f2d73-ab59-4ea8-a762-8040202b2175,So many problems unable to fix it. So poor quality app,1
42ea0834-9e55-48f4-9a8b-42c8711c9dfe,good,2
c4636035-8bd9-4b07-a636-cf522ee9a0f7,Nice,4
51a75736-b354-4976-97a1-bafb7f16c1f1,"Was good before end to end encryption, now the worst.",1
dd918117-bffa-405f-b710-2e7ed846ccbe,Pandu party Bad boy,5
01d74946-f1a0-4f27-a63b-a8cc7e01d5d2,Nice App,5
9bc741bc-fb51-4e56-9a1a-58e29922263b,Wla akong note kahit anong update ko,1
3f38e284-c51c-4210-8be1-5f0810580e49,Goooooood,5
ad53dfb0-2b7c-45d6-b748-fd0ff8916fa6,Good /bad,5
977d5d34-ef59-40a8-9cd1-6aae98584751,it's so good and this is good for emergency,5
eb140cc2-ddb7-480f-b6c3-1d1465c21911,Hehehe,5
bfdd6dc9-42cc-41b5-8a3d-ce44046fbb14,Good,5
1c1da14b-ac92-43ae-9fed-855ed552a8d0,Nise,5
e479c3e1-c369-461d-ac75-f66d59a3205d,Ftek,5
c801ba84-0853-4d1b-a8e4-eba68daae0c9,গুড,5
61a6431c-2adc-4bac-aa1f-d07a90de41a8,"I don't know what happened to this but it was once very useful. After updating, it lags all the time. I can't log in my other account too after switching. Please, fix this ASAP because I need my account for my school and work. Hope you notice this, thank you.",1
3942de4b-1dd7-4d02-91de-8be77f41631b,Grateful and usefull apps,5
5f25d29d-0c50-44a4-b28b-4ecae12227a3,Very poor functions,1
a3679682-5b79-4d67-9f25-f3781fa2e595,good,5
696bcbb4-5de5-441e-9b06-5af523079b22,Good,5
c0b37cf1-0644-47cd-bf49-8ab02c22ec92,So disappointed with the updates. It seems like these updates don't really solve problems but rather make this app duller.,1
3c4e8fb7-cbea-4ead-b046-4d91884c375a,So many toxic remove this app,1
d0a36a76-1422-488e-8ee9-1f25948cc153,Try this app,3
3e5a4b70-5fed-43a2-b052-aece8177ace9,Nise app,2
970a6d57-b8df-4cee-a968-6c9d7f1cd97b,I need it,4
5452520c-ecb1-4ed1-9a56-980b661f03a0,I love this app because is good app I need the app to be my friend and my fans my name is Skyler vox I'm the only one in the celeb,5
916ec618-8a71-4f23-8d3e-ffda30c69f8e,😘,3
986f7c00-3d5c-45f5-b6be-725028def2d4,Sending messages and pics good. But video calls and audio gives trouble.,4
81a91d77-fa2a-4e90-8cbf-7e7cf25164b1,good,5
2f90069c-e097-4e06-80c1-22d8e01923ce,aungko,5
0545d241-6414-4be8-af73-29f115b61911,Goood,5
eecca3b9-cea9-4b2f-9314-b62b09e48db8,very good,5
e678896b-4149-4e4c-adcf-5c6d70daa465,Can't send video messages,1
9d63b2e7-285e-42f8-94b1-c5d30b87ab2a,Excellent,5
21d4d7c6-fc28-47a0-bc94-06a493797a7b,Good,5
4114fab1-e53a-4d46-b7c1-cdc93f580d02,Not opening,1
658b4165-2945-4863-91b6-c2ef62aa661c,MY CONVERSATION WITH MY FRIENDS AND FAMILY ARE GONE BECAUSE OF THE END-TO-END ENCRYPTION FEATURE!,1
e6a2a0dc-2081-4147-8c5f-dd0765c04013,Cano't instal or update,1
f6a6ddc3-7e26-4581-8d94-b293eb801fad,Bulok tangina mo burahin mo na to,1
979d392b-38ea-415e-83b8-723d86fe7485,Because of end to end encryption my conversation with my friend are gone and I can't recover it I hope you can solution that problem,1
05d01920-107a-404e-855e-04409b1e6063,অ্যাপসটি অনেক ভালো,5
ada88de2-4e7a-41db-8bee-6d1c5b4c9403,Love this app,5
54a73a89-72e7-4965-913d-04298b3088e0,Good,5
85596d4b-f71d-40fc-93a6-e834f2e8bdec,Awfull. Dont like using it. Other day i was scrolling down and it send an add of a bysicle add to one of my contacts in my name. Just awfull. Messanger is not good at all. I wish it was removed from Face book. Also you read the messages and it still appears unread. It gets hacked very easily. Facebook Demands and FORCES you to install it. Not Cool at all,1
a7314673-3ec5-4325-8424-0182ed1f7964,good,5
51dcaeae-0b6c-42e6-8564-4572824aaa08,Very very helpful and giod app,5
59f677ca-78ac-4070-b092-9b3a81667c98,Great,5
1404291e-8280-4e20-bb2e-3aeb45287dd1,Nice,5
19192a39-8337-4c90-85c8-3aec07b68691,Good,5
68e5b828-14bb-4bd1-8b48-3744c5ceff81,Very useful and economical,5
af51d8a7-cc0c-4779-a677-08d88a96c6c4,This is an amaizing app for chating. I love this app.,4
e04226e4-9a61-473d-bb26-31e4019a2075,I need a quick credit loan,1
ba8fa006-31c0-468e-98c4-8ddd6580e1b9,Ok,1
ffa3ae8f-9393-48fc-bebf-40ca134a4628,Very good,5
5d545d79-abde-4b60-8d9f-1b0f7834f14e,cool😍,5
eaf16979-a98e-4b0b-9fee-6186aff5f4aa,Nice buT show group link please,5
922b09e8-4254-4fbf-9c41-c8adee304001,TANG AYUSIN NYO NAMN AN TAGAL MASEND KAHIT ANG TAAS NG SIGNAL 😠😠,1
237b8cca-3283-4547-b347-bb44a8d02939,Very useful app,5
26c8e7b1-8a42-4fca-b163-591b3da13f85,Ramjs ok,5
b2e97369-80b1-4712-94dc-eef78640665f,Just remove End to end encryption it doesn't help anything at all.,1
209f7a00-db25-4eed-a496-9cf6472252d8,Nice application,5
129d5f6f-e4c2-4c04-8ea2-e8701ead95e7,দরকার,5
baf7448f-2f99-4c51-85e8-d9481d306a8e,Great platform. Excellent customer service too!,5
afda5520-2eee-49ba-8bec-6528c39007a8,Very good,5
b09a9d1a-ccfe-4f5b-89e8-e87737180d7b,"Poor app, nobody reply me 🥺",2
df22030f-cb4e-46af-bf3a-b699278b94c1,Good,5
f623fbb2-c762-4f76-b798-ccf24ce4f3c1,"I'm frustrated because whenever I try to send a newly taken photo, it doesn't appear. Only those photos that was taken YEARS AGO appears and I can't find those new photos I wanna send and it's time consuming scrolling DOWN just to fine NOTHING. Please fix it, I'm really frustrated, this is annoying me.",1
26466f93-2118-4d48-8da2-e477234c6405,worst app,1
f6fc324c-38dc-4cb5-9e92-52ef3f146cc4,i cant remove the sound,1
78c7e1b0-1555-4956-bc3d-1adf62fbff6b,My messenger does not work to sending sms,1
5462081c-5cb5-44f1-bf82-dbee9dace9af,"The active ago hours is not exact, and I cannot use this app using free mobile data. The version before lets people use this app even on free mobile data. I can't also reply to all group chats, it says the message has limit. The profile pictures of some people are not visible. My message is only sending. There is an error in the time when they’ve seen the message. Please fix this.",1
3c383d68-f330-409f-a89c-59ab96f51e0f,Ramprasad sah,1
c438836f-36fb-4615-b5a6-65f5044908b1,End to end encryption!!!!!,1
936fef3a-2c8f-4aed-8e34-c909351f9c7e,Wow,5
1938b1b6-0e07-4665-bf1a-c7f536fd76dc,Valo app,4
395effa1-ab47-4a72-ac06-5a232517b10a,parfect performance,5
e70de81e-71e3-4bd0-a176-daee8383eb03,Messenger 😀 me and you too baby love,5
9158f863-7262-4c41-8167-485e6580f137,delete the end to end encrypted,1
6d3c34d3-9023-4bf6-ae87-725638c958b4,Vinay Kumar,5
2765afd9-e7f6-4d6e-a8cf-46442e8e3703,Nice,5
16794f5f-4274-47b3-80f7-83fe9239087c,"Nice,",5
79835068-ea77-42f9-b19a-3b3afe05d24f,Good,5
697ddc08-c853-4581-b18b-3a9fa9d5f3d6,Alright 👍,4
1fa9c91c-b929-41fb-997a-1c546ad5f688,I have been enjoying the bank for over 4 to 5 years now no issues. But... Well they're improving each day. They have app issues since I open account with them I have been trying to open the mobile app but the stress hmmm😴. Till date I have never been able to open it...,3
0537b2a5-634f-47f6-9c76-624b2add5f71,End to end crypt sucks,3
a0016e1c-5b2b-4da0-9b14-c429521a0d90,New update have many errors 😞,1
710a04bf-5f38-4a7a-826f-f9487b84eadc,very useful and reliable,3
127d0e27-c8bc-4dc2-9f4e-d0004517ea83,Messenger not working good,1
cdaba200-d66b-491e-b5fa-eaa189637e84,Good,3
0513e82d-7116-4299-b3c5-b74228c5f145,Good,5
549e941f-8bf3-4cb5-ba07-3526b5a61c8f,"not stable,my messeger is not updated now",5
38d5d311-57f2-4589-9916-c58a174089a0,I can't use my messager account. It keeps stopping while I am trying to use.,3
3e8a6933-9370-49ac-98e0-61a2f29b589c,"not getting notification, always buggin",1
4365cda5-dd3e-4a18-8ca7-dc4934722a42,Better innovation,5
75364abd-870d-4135-a65f-1bfd29d15dad,Good,3
8c8ba49a-deb2-4a5a-a3f1-ffe28d948efa,valo,1
416b4070-1347-443b-82d6-7c5111c3d35d,Worst version.,1
141c4429-b68a-4720-80fc-056adfeccab2,Happy 😊😁,5
0f704649-adb3-4584-ac4b-b9d04d66a92f,Messenger is very safe for me,5
a487c94f-8ca7-4e63-a7b1-2609091f043d,This app is good,3
b7246329-c46c-4247-a5f4-dab195e4d956,How about let us choice our chat themes instead of using eye hurting themes,3
4661a891-d0f1-4615-99c5-ed55ad9180c9,Purina Halder,1
288caa83-64bd-4107-816c-1b6be0d167da,Happy,5
889a6096-a091-44c6-8328-5d6dc46a0bf8,I'm able to keep messages. I've always messages and likewise they receive mine.,5
86621a00-4480-438e-85ed-8e3545a11901,Worst version .. when i do video call to my hubby it has green boxes in the top i thought my lcd has but no the new version of messenger is suck,1
a88ba995-7e33-4df9-8210-dd6b78bed864,Good,5
4e91ea4b-0bbe-402a-9c5a-59100783bf98,"Bring back the ""people"" tab. Its absence is frustrating for us all. Seriously. Couldn't have you administered the AI test run without removing such an important function?",1
a2edda21-235c-47ce-ab08-f689ea8a6fb4,Ok,4
0e739feb-f21d-456b-8b1b-3a5196344fce,Good,5
c17dd404-4ba7-4dba-9a45-bf0ff1699f87,Very nice🤎,4
43159a7c-1b8a-4e56-8f3f-04337a3e2f52,Joss app,5
ef611874-5eca-48ba-b50c-439f82c66adb,သိပ်မကောင်းဘူး,1
47367c39-b83f-4fb3-acda-36af694aa263,"i don't like the end to end encryption feature, it's really confusing. Some of my files were gone because of it, i was devastated. I hope to remove this feature because it's really frustrating. My account also doesn't receive notifications whenever someone messages me, but when i use another account, there's a notification. It's really buggy. But im most hoping for the end to end encryption feature to get removed immedietaly.",1
4a04d0c1-74ed-40ac-bdb1-1707a32ea74e,Nic🥰,5
6e680337-3b92-4752-9859-872317811baf,i can't send ny pictures.,1
a097f1c3-a45a-4308-92b6-4afa404b5184,b***s**t app.,1
821637d2-4a5e-42d8-ad8b-e520d2db15d9,set,5
b49bd81b-c9d0-4a1a-a4d2-5324d5db8580,Problem always device someone steal password location alerts Alway change password waste time,4
1335f9c6-6bee-4b38-a5b4-e32156a0261f,It's really great,5
c4ede634-1f99-48be-8457-2fb69fd08a2e,Unable to see who's active on messenger. Reported several times but nothing happened.,1
c67db75a-6861-4db4-80a6-e40c6883d613,All gd,5
caa93885-9979-49ce-91f0-c484a5718bf1,"I can't find any message sent to me,why?",3
84db7179-9eba-4ddc-a5ac-668600f5278d,No good,5
38093546-f450-41b6-ae15-d2c3d8a97050,good,5
7c96a59a-680e-48c2-898c-322e5fa0f85c,Nice and useful,5
1c8dd4d6-0346-4406-a8f5-3ba2aaea207d,Nice,5
e1625a9f-e56f-4a92-ae97-f2b7cbb08524,Samok nkys tnn,1
0d99cefb-28a3-423f-a120-f21ffb17f8c8,Nce,5
6068c403-7e38-4384-bad6-83dde7fef874,Amazing,5
14bc94da-6652-4817-822f-8c3c1359e35e,"Updates are a mess.. not helpful at all.. make it as simple as possible, everytime you click or just touch a numbers in any conversation, it will go straight in dial pad..",1
2aa76b0d-c1ef-4fc9-a3cb-fd6cbe846fce,Vipin कुमार,5
392dcb29-e288-4056-954c-d6d25dcdb4de,গুড,4
9f0b5bc0-8f2c-45b6-b5cf-03d89e40d2cb,Great social app,5
bc4ae780-ea0d-4ea7-ba3b-05bee342d155,Worst updated apps. Mas maganda yung dati.,1
aed5a3a0-67d3-4f7a-a00e-7c5d2d605d2d,Nicely,5
033b61e8-2e17-44b4-82c4-fa3359955d64,👍👍👍,5
295befbe-cc68-42db-b9ac-a497bc46d0e1,Great,5
476b5958-c450-41a0-9550-c7613a02494b,Nice to hear from your friend,5
21233c51-e705-492b-a8c4-106a710be889,I love this app,5
9e158337-5e70-4c86-9170-21d8c1296e97,Good,5
e1b81d68-3c15-47af-8eee-7286c7a67d2f,Great,5
d154cf39-fbf8-4be2-8a26-908398ec044c,De rfrrrrrrrdrsdd,3
954117d3-d6db-493d-afca-e1fbc30aa39a,good,5
0b2f6a2c-712a-47b9-bc7d-fa542f1647e0,Nice,5
26b047a5-2784-48dc-9f6c-43e744b84174,Great,5
0fcfaf4d-0c48-4b1a-b38f-f83ade944bdd,Community,5
6292a67c-2f8d-4955-ad2b-b2f312e33747,Very useful,5
77cf4d9c-bee5-4f94-9b02-d2db66910159,Nices App,5
92adc747-1933-453a-99df-599c35a31504,Please fix bug where infinite loading happens and only displays first 10 message chats and then gets stuck showing people you know recommendations,1
cdd20788-7276-401f-822b-35fde2992ac8,Good,5
13f9a486-10e5-4d47-bc92-70d33a9c7799,Nice,5
7fbdb675-9c10-4f97-a72b-10f70ab6c658,I can see the messages because of end to end encryption,1
bf0aa66a-bf9b-4d15-8fdc-6d29a5a9d425,Awesome,5
e3841dca-c001-4e40-a143-9c9eb060487f,"Hello, I am using realme p1 user I facing the problem in massanger download high resolution picture.So can you help me, please? please help me...!!!",1
67672936-e7c8-477b-a11e-d9e1d33540c3,sometimes not good,3
ad83b885-8ce7-474f-a7a6-82f85a2d56b1,Excellent,5
c21e4e2a-4801-41a8-b202-a045cb540ece,Call quality is not perfect.,4
d0f86ec4-7fad-4839-8736-baf92c26d026,Keeps sending notifications about stuff that happened in a very past hostoy and has been already seen a long long time ago. Bs. Very stupid app.,1
5e0c8ee1-996d-4844-8a73-575964a57e43,You can't open the link,1
9f7615b9-faad-4d26-a475-b4a5c8a273d4,Too much slow and hang also when typing😏,1
5bfb3e67-6753-4aae-9ee5-230a87314033,Excellent,5
e7188757-3097-4812-8af2-205a86b89f6f,If I could give this no Stars I would! It is completely bugged. Pictures and videos will not send unless I immediately send text afterwards. It says I have multiple unread messages and I don't. Some times the app won't send or receive messages at all. I can't copy any text typed in the text box. I have the S24 Ultra and the app does not work the majority of the time.,1
593fd766-a80a-425e-acdd-60f919c72cde,Good,5
f8c20f20-2cb3-4430-879a-9d024ff30f6b,Good,5
3bcb1bf4-bb63-4054-89da-9fd0cc0c87d0,"Video calling: For the past week or so I been having a problem with seeing who I am on video calling with. The other person on the line can see both of us clearly. We have tried restarting the phone, full charge phone, uninstall to reinstall the app. Nothing works at all. We only video call once a day for five days. When it lunch time. We know it has nothing to do with my phone because my camera works. Fix it please. It's frustrating everyone. 0/5 as right now. I am sorry but it the truth. 😭😭",1
7691d4c2-2a08-4886-9ac1-8aa385430fc8,❤️,5
fd8f98ed-1c56-4663-b457-12d76f6236c3,"Hope you can fix this, I always turned on my active status but it doesn't show that I am active nor my friends I can't see the green button",1
cffe9265-146a-4344-a696-9de538ed699d,Messenger is great to have to chat with friends and family that is all over the place.,4
c19bbb1a-d7d5-4c27-aa1e-08bf2e8ab51b,Easy to use sana kaso d ako mka log in! Ang laging na labas check your internet connection khit malakas nmn ang signal!!,1
493c90bf-e7e6-4745-8ef0-8cfbc3f12757,😘😘,2
cf70051f-65cb-4133-82a5-33b7b23b821e,কজিক,5
6d2de0dc-d39e-46f7-aa50-8a45804f7ac1,Love. this masangar,1
e9359bfa-ecc4-4358-95ae-232e6c01b4c6,Nice,5
e124bc36-af48-46b6-aa24-bd2041d1afb1,"Why are you deleting old messages ‼️‼️‼️ worst update ever, bring back out old messages.",1
3c8b1e04-06a3-4b0a-b6b0-579fb4d8d2eb,To delay.,3
f05ba456-77c4-4e0e-9dd4-8112286ca526,Why didn show up the message?,5
df5979e8-44ae-4181-9bc2-39359483578a,never ending update when there's literally zero to one changes,1
da7ded63-3abb-4327-bd4e-3624205f1bab,difficult for me to use face book I'm not happy,4
4e1f7f08-19c2-4c0f-b0fa-fc33b9513747,Good,5
96d5631b-fd5d-4df4-b70f-339c200643e3,Sucdi,1
1f6b0f20-7861-430e-8f73-3ca2744e9246,very fast,5
4916d843-1ce6-4cbb-be81-9885936a2fe1,Not good,3
e28634b8-8cae-4bcd-a3ec-84cba2687e54,Good,4
dd0e5cba-15f3-4c5c-b54f-07352b2da672,good,5
c58226e3-ed95-432a-aacc-c480cc4639b8,Perfect on videocalls,4
7a268935-727e-411f-8606-016fb05d429a,8 M,2
24ed7a50-94c9-47ce-8fa8-a07a455aaced,Nais,5
d37ca616-0730-4c98-8d57-658ce75d240a,"What happened to search in conversation feature? I tried searching on my conversation with the one I talk alot w/, but the search function does not work, although if I search there are results but if I click on the certain message I want to look into it does not redirect me on that specific conversation but rather it goes back to where I can see the actions features like the search conversation. But when I tried searching to other conversation It works. It only doesn't work w/ that certain convo",2
e20c2127-f8cc-43b0-90f0-a0d6704905a5,"Nakakainis na ung bagong version, laging delayed ung seen, tpos kahit na seen mo na still remaining unseen, update ng update papangit ng papangit ung version, nagkakaroon lagi ng lagging, and isa pa nagba blockout pag nagloloading tpos nanawala nmn conversation dahil sa encryption. Kakainis kana meta",1
1a74a59f-d0a0-4bf9-9105-a69d1349aa0e,Nice,5
59b28a3b-b735-4222-93fd-172347d11534,🙂,1
b184d781-251c-40db-95bb-3f3323982a74,thankfully,5
d84d8ead-72b0-48b2-a59a-948deff25827,Good 👍,5
d25cffec-3321-404b-98aa-6a9d7daa39c8,Very nice,4
00b7a923-cf67-4889-8991-56fd55dd310c,Nice,5
ad25033c-54e5-4926-a491-05d1753ad7b3,no good,2
f826def7-9666-45c4-acb0-9333f4d18291,The app is nice,5
966b1e60-5947-4298-b926-7dd9e0807419,Ang pangit na ng messenger ngayon kainis ayaw mag bukas😬🤨,1
d59b3869-07bd-419f-8031-7d38f9e99958,"Fun to use. Great way to connect too. Unfortunately, the app is not as seamless as it used to be. I can't switch between accounts unlike before. And it keeps loading indefinitely without opening up messages.",4
2a98c37d-fd20-468e-92aa-da467f449c7c,Wow,5
d4d65911-4369-4f0c-8607-a05f361bdaac,Good,5
38aaa972-142a-45fc-a8ad-76543501c1d7,Good,5
4080fef4-f4e5-44af-862b-41b4bd5890e5,Splendid.,5
b434a38f-917b-4005-9279-22cabd3b8fdd,Shuvo Shuvo Zuz,1
65a4d7ce-c890-4f89-acfb-02e8dfef4680,Meta version waste,1
b07066e5-a714-4e3b-bb35-ba6aed6d44a1,MASAALLAH,5
4344e2f0-2ab9-49c2-ba74-0aed52a0e703,Good 👍,4
27a644e4-37f5-45a4-aa83-584f4a3e0332,Worst experience in recent time ⏲️ 😪 all because of this 👽 mark choodoorbuok,1
ea289961-9ef8-4c16-92de-9b44cb17a236,❣️,5
54f898e6-b79a-4796-aa17-2799bac88710,Hamim,5
79e2cacd-547c-4863-85f7-8621f14dfafd,Sobrang hina laging lag yung messenger,2
429d5d1e-fce7-4353-bbc5-22aa9688e720,❤️❤️,5
72e71da7-8637-4ae4-a27a-4edff06e2bc2,Amazing,5
76bdb38f-c2c3-4e0e-b9c3-97a5bb9bb729,He is better only 😁,5
c3c5ebfa-d8c1-4b6c-b082-3a8d73f47057,Your latest up date is rubbish. None of my previous message chats are available. And please get rid of that stupid AI carp,1
2f944a86-969b-4ae4-b4c4-9ef550882ea1,Khub e baje,1
14ec80b0-a80a-4e85-8af6-d1efcef10f60,Nice,5
4af6bd2b-8961-4a19-977a-9aa09daef4ab,On point love this site,5
2ba9bc36-ce25-41a8-b72c-f4180afd85f0,Not good thumbs down,1
2c13671d-a301-4a95-85aa-4ead566371a6,Nd udti u,5
0fe0eb1d-d9f2-45aa-9c34-2673be62716a,👍👍👍👍👍👍👍👍👍👍👍👍👍,5
b2ca5a4a-c367-4731-bf46-1e4b4045c6c3,It's very useful,5
b4c5d9dd-4fd8-4bfb-9f3e-94f597db55ff,This game makes you feel at ease,4
46afc13d-e346-4c95-806f-86e5834c9d2d,Nice 👍👍👍,5
358fcb4b-2539-4894-a154-e278d6255a4f,Useless app no any message from girl. 🤬,2
ed97e37e-0ce3-4e34-bcc0-23a0c2375efd,End to end excryption really hassle and frustrating,1
bd8d8a62-a013-4674-8c66-7cb703d09269,Best way to stay in contact with everyone,5
5c9b1f19-a507-4a51-9b5b-58bb16cf0ae2,Shankar raj,5
18ad4540-e35b-4200-894a-36cd321e74a1,Good conversation,5
e752862f-02b6-462d-95ae-57158253d72c,"Lots of features, lots of bugs",5
a5017cd7-99cd-4d1e-8b2e-f3581db8d149,incrivel,5
545dda29-e462-4feb-816b-8dddd5e45957,Superb,4
23ae7867-66dd-402e-9200-e63ca8fdd697,so fast and easy to use this.thamk you🥰❤️,5
8ee164b3-b869-40a6-ba77-8c77e3e86316,always waste my data. Everyday new update but nothing changes nothing new lol 🙄 still many bugs,1
b89b3b5c-cdc2-4772-9858-ece00f005d7b,❤️,5
bc4e8b13-eaeb-4a98-857b-ff10c315807f,"Doesn't let me send long messages, take pictures or send multiple photos, the end-to-end encryption was automatically turned on every one of my most frequent chats with no way to turn off. Sometimes calls will not register until hours or even days later so I'm literally missing important messages and calls. It's annoying that meta keeps pushing updates and leaves the bugs from previous updates in the app 😒😑🙄",1
f27d78a3-4ca8-40f0-8a23-7a424c99f2e1,Just good,3
3b4992ac-37e7-40d0-a97e-e509f82aa184,Nice app sometimes,5
0a77a0d8-8cf3-4972-b8a7-a22df5fa68ca,Nice apps,5
ae5ff4bf-b186-4dd3-8d18-3b0394c6b3b6,Very good messenger,5
3b1761d1-958f-44df-a753-1be24781cee9,Slow,1
3ff6fc06-bdfa-4b18-b752-5c6776926cc6,My crib,5
ffa3d20b-21b6-457b-bd9b-725244bb608d,It's so helpful like it very much,5
1bdb4a97-81d3-4baa-8155-e746aff77642,Good,5
701f8cd7-f21e-4e68-b2f2-b2140fb743d8,It's good,5
d23d5aa3-80f9-4ea6-b32c-0d9200ed4f80,isn't,1
5ecb6380-3882-48da-bee5-0d105724007a,Cant open my chats Its so laggy,1
1e172f18-d9f0-48a3-960d-511ae6ec1337,Happy,4
a73dca0d-935c-4cb0-bfb8-b2559668b3bc,This app is simple and easy to use i love it keep up the good work guys so i gave u five stars,5
3a9f3d31-6e64-43f6-8caa-81dc828b25f3,nakaj,5
6d20f0f4-247d-4a23-a5cd-8e85aa257391,I don’t know more,5
c34f3c12-141c-4a21-81d9-fbc10f2efb5d,Very good 👍,5
e5d5fa59-a88c-47bb-9730-6d8ab6f8fc6b,Good,5
f07752c5-3894-4d98-815f-31ea845ceeb2,❤️❤️,5
82ff9971-41a3-47db-9573-185b7aac4f40,good,5
252adc7e-b5a1-42b6-832e-025e683c4bb4,lag nyo bwiset HAHAHAHA,1
b25eb15e-d548-4d77-8083-9d3f0e59ac6e,Faulty,5
7245aba7-7c2d-4b69-aae5-312996c3e4d4,Nice perpect,5
4d2cd4ce-6e3b-48ac-bf76-345a18c174f0,Reinstalling because shared photos appear for friend but not me. Photos I shared.,5
00f7bb27-17f7-487e-9f0d-952eb705d8a4,Exelente,5
96ad195e-e156-4c00-be21-fe0027cfe79f,Worst,1
fa6479b0-d647-49ca-8465-742b8c8b7dca,Good,5
bc75be2c-3ccf-4e5b-bac3-d2d3f08eec91,Very reliable..,5
c39430f0-681b-4821-915a-2e0c7b7453ca,🥰🥰🥰🥰,5
b44c60ea-3c16-4701-880c-57ff5339d46b,Good,3
78a9c26c-9530-4832-9923-d2ef84c151dc,Tumar garity chata rakhyci dakhy rakho,3
a39fdebc-d370-4d80-a9a3-5a9112c7956f,Junemendoza,5
547e00df-155a-492d-aa2e-c06959b1718c,Soutpole,5
57fc8d9b-10f9-40ef-b6b3-786807377f8a,I love you,5
9599a551-bf1a-4dfe-825e-804299effd86,Kisu bolmu ar ki bolmu bolo ki korteso Akbar haraisi are ami kono rag korso buk betha hu aur ki bolmu ni hai hmm jani parle ma er 7Hvvrb ok good 8ghu are kisu bujaite boilo fd hoi to apnar sate pore jamu ki jaan ki hoise apnar kase Aje are you still there but ki vabe tomar sate ami o koron ameen summa aameen 5chfy are kisu na bhebe Lekha trailer of Akshay ki korba akhon oo tumi oi mampi geography and sister ki korba bolo maina nibar pai sei paji thoko taali you are ami akta room ai mobaile ar a,5
3090a19d-43d4-4692-8376-4ea7eea4432d,Stupid app,1
3f20425b-dad2-42e6-971f-508eb2492475,It's not loading,1
51fe0560-01ee-41d8-ac99-70a3175169dd,"Paki balik nalang po dating messenger , pangit ng end to end encryption",1
475bfcd6-c62c-46e2-9102-188bcc9c821b,Messenger is an good app to communicate with other people's,5
8b13acdb-f6bb-4162-87ca-2795e02d317d,It doesn't send messages on time and I hate the fact that am forced to use it not on my own free will to want to download it but Facebook does force it on me,1
8b764c4e-ecaa-46dc-9c3f-58776eae70fa,"Messages are not synched, i received messages on pc, but not on this app",1
13986182-a1ad-41c2-9a16-6004f76cfc40,Lag,5
1c1d2017-ed2b-4080-87dc-2bc5c5ccde80,Pangit kan lenlen ka,1
70fffc84-8e55-4084-a8ca-ca21a1b31283,MARIfe,3
012d54a2-ade1-461c-8bde-072aa621a1fd,Good.,4
efda888c-f12b-4777-80f2-f527b8abd998,Bacase I have my fisrt friend d this app is amzing,5
f01e34f8-b478-433c-8191-435a8bc5bed8,Good,1
8fbc438f-d590-412d-aac6-f56a33f623e4,tanginang end to end yan napaka bobo,1
9242a13a-ef6d-47ae-8559-70a4406b82eb,Ok o,5
e5da16b0-ca54-402f-95cb-c5c3d532972a,Is not good my messenger right now,1
e85667d0-3001-45bb-92ba-274ba874193b,I hate this app! 😡😡😡,1
804d77ba-412b-43c7-8600-743019bde4b2,NIce,5
e0dab552-32bf-4c9d-968f-78957461cadd,Please 🥺,5
6dfe3218-e83a-4c43-be3d-a8c6446083ba,Unable to download from ply,5
c5c93fba-66fb-4de7-a2d7-6356bea6dbf8,Very nice cause you can chat friends parents and your teachers if you want to its very user friendly My friends an I love this app pretty much no bugs no technical issues I love this app. 👌👌👍👍🤘🤘,5
97356b93-7dbf-431f-9efb-2c94c065ab0d,Lagi naman hndi nag se send mga chats ko. Need pa i restart yung phone. Napaka hassle na din gamitin. Minsan ayaw pa agad mag send ng pics.,1
59044390-ffbc-4f07-ab02-8f70b8a48856,Nice,5
fd04f0f6-e5c5-4f82-8642-eab1177e0955,Bueno,5
20524eb3-b1f6-4423-94a3-ea55a59e6f24,Glitch on messages even you already read all the messages it appears you still have messages that unread.,3
8476fa0d-ffcc-489a-b979-b04780e3be97,Nice app,5
b1f71135-6524-4b8f-9c20-25e73256a798,End to end encryption sucks i cant review my old messages😡,1
fcf8d0fd-af5e-4bd8-a777-c9124ecc0492,Good,5
8acb8637-eba7-4411-9ccb-479884a80a45,Very nice,5
520a0eb2-47a1-405a-b6dc-5a394053f76f,The MOST intrusive app to our privacy as any other app I've seen. Do you users not read what data is collected? The vast majority of it is not necessary FOR A MESSAGING APP! My religious affiliation is none of your darn business! You just want to censor us as much as possible while stealing our personal info. You are an evil corporation that needs to focus more on the CSAM you ALLOW and not a person's political views! Uninstalled and will NOT reinstall. Everybody else needs to do the same!,1
b50eb788-628f-4984-a789-fbe6b17c405f,Very bad experience recently....😴😮‍💨 do it old version.....,1
b55b5d79-c47a-4a7a-8b1e-abf252ec4acc,"i cannot use my messenger properly,thier is something wrong on the messenger",2
51c8e300-e1ce-45b7-970e-e78e151db6a9,kylie here,5
a9a0b39d-c683-4c58-b7cd-14bff7f6ea7d,Nice,5
a25b4d8c-d7c6-4a3d-8923-a143e6679a69,Good,3
e7fec191-d941-49f6-aa12-a5f868b1901c,गाने सारे के सारे गाने,5
fc686c76-8f2e-447f-9cd0-05203b6bb774,មុីអុី,1
912d34f3-a7b4-4490-a72c-d81dbecde20e,the end to end encryption hide many messeges and videos...so disappointed with this app update!,1
db981547-48be-4a4f-a025-caf57dbee01c,Fazool Bus itna he kafi hai,1
83d1d9d8-0c0c-4574-96a7-73a79ea52d6c,Good,5
a3c9bd26-5adf-42ea-b988-88acc668c2f1,remove the end-to-end encryption! it does not help anyone but rather making the experience worst! I woke up with my message deleted from march until yesterday? how tf does that help me??,1
cc3ce5f9-fbe4-4040-8087-1588be3ccf09,Very nice 👍,5
522803fa-2067-446f-959b-a40fbff84bf6,Great,5
3244cec7-d2b6-43cc-bd05-e4d8dc389ea6,Unclickable links when you sent them. Please Downgrade your app and your developers is suck!!!,1
4c4301ef-9006-43b8-ae41-59edd0462545,Tangnina,5
03990825-5add-499f-9705-851454472e7d,I like mesaager,5
5ead9769-2fe7-4d6b-8c96-9edfef475f8c,Very slow 🦥,1
a0826382-68b9-4c59-a506-06495e1bc1e5,Yey,5
671d1743-8767-4665-b581-453606ef764f,Good app,5
01af6c1c-b118-4821-892b-3c5c87f2125e,"images won't load unless u use wifi, app is trash it won't let me load images when I'm using mobile data trash af 🗑️🗑️🗑️🗑️🗑️🗑️🗑️🗑️🗑️🗑️",1
5dd9f849-c78d-425f-a3a7-f59463e4ca08,the new update especially the end-to-end encryption is really frustrating! Everybody doesn't like it!!!!!,2
b7939c24-0285-4570-911c-b61224ae6a50,"Always hangs, messages not syncing properly causing misunderstanding.",1
b83a5081-784d-48e9-ba5e-62a5c9ec9186,"You're new update sucks, it has many glitches, fix it please, at least fix it if you really wanna stay in the new update, fix it please, too many glitches",1
e52420fc-5f2a-470e-8d46-eb0ede452144,My favourite messenger,5
a22a8cd3-fe22-4cae-b905-c811f18e6cef,Good,5
976b1673-1bf5-4d35-87fc-e5bb1695cdc8,Nice job,5
9d8ed9b8-1125-4f21-a669-d3d798eef65e,Very nice,5
1ff035cd-cec2-4cb3-81d0-78e9fe020167,Worst app,1
c5d5bdad-2ca2-4e95-ab79-839d408e8c19,Not so good.,3
ed44aee8-351d-4ce2-bac2-a19bcccdc54e,Good but privacy concerns. Easy for hackers to break in,4
10ce10d4-d4fb-40df-a53f-0e41b5fd62b4,Subra pangit na gamitin Hindi na dating agad Ang message,1
8218ad57-1a9b-4697-be73-db2f111e3d50,Awesome,5
5ee49599-3d50-4fed-990f-dfdc535bf2c9,Doesn't work,1
deadf09e-0ed2-4696-8cbb-1c8ba3aed273,good,5
e38cc500-2268-4d5a-bdf6-be8c7d3a8dae,Good,5
9b2fe029-ece4-4816-83eb-7a07e4e787ea,It's so cool,5
a851ec06-af53-4af0-a397-f7f272dd0599,Nice,5
76b6a65a-832e-4459-b8cd-4b05e6a1735b,.9 I. ... . 1.,5
0bd26bed-4385-439a-9e76-9b3f3061b649,Keeps crashing and won't update.,2
08c7b11d-1bd6-4057-9e8d-0146cc453e89,"The update sucks i cant find my old conversation because of the end to end encryption i didn't even put a PIN how am i suppose to know, and also there's no reset PIN or what and my secure storage is not even turn on the fudge is wrong with this update, i hope you remove it because we dont need it or at least make us decide if we want to put a end-to-end encrytion!!",1
7faa2170-261a-418a-af99-ee1311b3b811,Well s WaWa*-4,1
81cfec87-b75f-48d2-ad49-9073fac8f708,اسوأ تطبيق 🩸🩸🩸🩸,1
3927d7c1-6fb6-4ed6-84d8-b304b5a35469,Tang ina sana ma ayos to yung laging loading poor na app,1
06d8a0a7-e44d-4a99-90fa-3387a53da00b,Magaling talaga tong apps nato dahil nakaka chat mo lahat ng friends mo,5
627cbe1e-ead4-4b21-a5a1-1f842524ec0b,Super cute,5
316b7340-5e77-49b5-8955-2bf482967e85,It always log me out,1
a1420ef1-7890-42b4-ae45-3e8c02ca3b75,Only lets u get 3 apps so times an then 1 app somtimes an we have so much space tho,3
042d8e2e-b306-4180-b589-c8e7c2884a6e,EVERYDAY EXCITING,4
396b27b7-e864-4a56-ae23-b6beb8efc1ad,Nice,4
0ceee4dc-68d1-4668-a608-abf7c3098df2,Can't select text. Random freezing when entering/leaving convo.,2
58589956-0ef6-40b8-b36a-191825f43b89,Nice & easy,4
e2245bfb-e4d3-4ea5-aaf2-efa586f7c62a,plsssssss remove the end to end encryption,1
79e850ad-afe1-4ca4-82b0-8ffda219a9d8,বন্ধুদের সাথে যোগাযোগের এটা একটা উত্তম মাধ্যম... - গাজী হানিফ।,5
a7f31eea-06a1-4df2-9135-74bf5d253cd3,Verygood,5
65935a57-9985-4716-b170-af440e4ec223,Cannot send images,1
9906dbe8-e52d-42eb-8db7-f6b0893e8e62,Good,5
b5c3d6c7-c1ea-40e7-8b63-2389aa01b665,1 dum badia😛,5
6fcc4b4e-8070-42fc-8038-276562fcc859,"Funky Bunch, I promise that I am actually more on your side than you may realize, but you only care about half, I care about all, and when I know your only focusing on your half I'll just remove all, so how about all and let me worry about the half 😉👍I'm sorry but I can't allow my little sister to be allowed to not be accountable for her actions",5
fa2c0cf1-79c9-4d1e-951a-cd6ad874f1bf,Constant issues dropped calls not worth the trouble at all,1
359350b4-30c5-4898-9b9e-92fad1bfb7e9,It has become the worst app since past few months. Regular crashing. Disappearance of messages and media shared. After end to end encryption feature it has become the worst..,1
7caf81e3-3a27-4b1e-b94c-15114a9238aa,Messages are taking forever to get to the recipient and or not going through at all,2
f89833d3-1738-46e1-b588-9cdb47adad89,International contact messenger,5
b91abbf5-1c8a-44a9-8534-83bcb5cfba45,I can't get messages from people!!!!!,1
d65f2b8a-184d-4789-9a74-84ae2efd473b,Love messenger with my friends and family 👍,5
d54edddb-6e44-4a8e-be99-9bac2a62ecc8,Nice app,1
f3c0d168-1f56-4f29-b0dd-4349e4913f21,Q aww a,4
a7bc68ac-7910-4d8d-9a2d-751f5e0d0ea8,"Great App For Chatting With Family, Friends, And Others.",4
161ab37d-fb66-4337-979f-c968140ef5a1,unable to enter messenger,1
0a578e0c-0cc2-4b94-9cc2-8ec2cda1ba60,gwapa,5
53214f3d-9d11-4359-a15a-3feb2ddb8add,i hate the new update,1
a88079f7-3348-4c5f-a31a-cefafbbc5f67,Nahsjs,5
851af249-dee4-4d69-ab68-129483e2627a,Very effective esp. In calling,4
f1f01f74-ad32-4283-a8e3-5939675d49f2,"A lot bugs. It's impossible to mark whole text and copy them, please revert update which before was - otherwise I'll delete this app",1
ef1d6d90-1bcf-49a1-b9b1-aa4cb06626a8,Wow,5
1ff8994c-4e1e-44c4-84de-8f948d72c60e,Doesn't even send code..,1
7456834d-d44d-4b30-bed8-a3d86690bbf0,Great,4
a32f64a0-1a20-4293-a6de-f665fb43c38e,I need my messenger back,5
444f5dea-9fa3-4e89-a9c1-846c6ee812bb,❤️❤️❤️,5
12334851-a0eb-4628-aeba-c5a6640dd9a2,Nice,4
c5b2b32d-135a-4e04-a6b4-204335fe353a,Nice 👍,5
61cc879c-58b3-4a89-81f5-0b918b7d0ba0,The end to end encryption is stupid.,1
179f49f1-09ff-41ad-8d5c-dcb37e7441d1,Nice🥹,5
79315f58-7354-47ac-b67b-3039b6ef7638,Easy and clear,5
37cfc656-fe5b-417d-ac3d-2d690414afc9,"Slow at times, but reliable",2
3a0dd5d5-d9bf-46a1-8276-f68ea53bfb42,I don't like,1
b3aded6d-195a-40a4-8cbe-9226829dce14,Small size,1
425e2e5a-a7dd-493d-9031-6dead72033a4,Good,5
12de0ecb-2a3b-4660-8cc5-bed770b939c6,So nice,5
863994ec-bac0-4e06-81ca-aa6d0e1323c0,I love it :3,4
bbb34113-0d85-4512-89a6-906a2aa82689,Very nosy app.,1
71d285f3-e997-4169-8b1d-c31343f0402d,"Meta uses our data to attack human beings freedom, peace and prosperity.",1
0dffe90f-4d0b-4e8d-b1d9-b4e40df081dc,"Update my mrssenger, notification, message cannot open",1
775ca2ea-797c-4b0c-a51c-01595f97354e,Awesome,5
bf2ee17e-5f56-4f14-af51-f8cf7d3c02df,Very nice aap,5
08b0fca4-463f-44e6-950c-4ef92932f899,Good,5
4ad95b60-11de-467a-9bcd-b48528046d45,"It sucks, it won't open",1
5198ae45-3d90-4793-8371-ebbfe098d91d,Massager will up date so i can use in a good. call also my family And Friends,5
318d0bb8-24d1-4b66-863f-89992303e6d5,"Not responding all the time. Problem while downloading in phone and chats get missing. Awful experience, pls fix it.",1
356d95c1-2ede-4ee1-98ce-952070b8acb6,i cant recover my convo to my other friend bcs of end to end,1
b8930334-097b-41c5-a7e0-9f9bdd97d7e2,I love the mom,5
fe8ecd88-fa92-47ec-8547-1de55f121730,theres a problem in my messenger,4
0d72e491-17b4-44a8-a5c5-1e1a88bc2be2,Most effects are unusable and the ones that used to work are gone,1
daf53510-1cef-4125-958f-c2df7809eb86,It's boring,5
6f7e8e23-c0af-45a2-8f95-a17be2e18201,Not working,1
c43bb8a8-9088-40c1-8438-6f2248292106,Happy,3
39ba919a-ed48-40a8-a952-ac0298582740,Excellent,5
10463b7b-3864-47c6-b86b-9da64d3270c1,Okay,1
938e09be-cdfd-4e5e-8066-1f8486ef7666,"For some reason calls won't go through, like i can send messages but when I try to call it won't show on the receiving end, even if it's a missed call it won't show up on messenger, no notification no indication for a missed call or anything. This started a few days ago.",1
52feb9bc-0a9c-49b7-9460-2cf037c2e58d,It keeps updating new features and can't reload my messages if i dont update them.,1
e8509ca4-43c3-4607-9854-f95805d565be,I have learned from my phone to view chat,5
cb132ea4-5e77-4193-bd45-6aa56fa6b869,ok,5
aa0fd7f4-8bcc-48e4-bb48-18ea97983b35,Good,5
7770ba75-fe4a-4bbf-8aed-876d7651e737,End to end encrypted di'ko makita mga old messages!! ibalik nyo sana.,1
8023e46c-5b03-40e5-bf5e-79c6a9109f48,Good,5
777421de-9bf0-4d48-ae9d-6f710e5dfdd6,i cant open the msgr properly. Thanks,5
0ff34119-7fcf-4ab4-a496-d51da2490b6b,Hangout,1
def1002b-8cca-43de-a12f-cc7f0f970cf8,L ipl on juj,4
e22ce4c7-749e-4bc8-b7f0-1b83d127a48e,👍,5
cf297690-101c-4e41-8a36-2bc9d8b94f13,"So many end to end encryption making annoying to log in, not only that the chat head became a bubble whenever it appears on a landscape view it becomes a compressed form of the bubble",1
e8e6c752-cd83-46e3-a621-53f0a03bdc87,It's so important for LDR,4
c270d241-e6e9-4728-8377-baec3e635294,Sometimes chappy,5
d60add9a-8de7-4cfd-913f-cac0d5760be4,Very Good,5
12db763d-930e-4b72-b12a-9e3f67e87f76,Nice,5
dd5d90cd-841d-41dd-95d7-cfd7dcd35760,Experiencing cannot send pictures And cannot switch to another account need to uninstall and download again 😞😞,2
208e177e-8608-4e42-8c59-bc3f221f4d45,Freaking end-to-end encryption i hate it!!,1
dc0f2229-fca5-4c60-a446-04654c461b20,very nice,1
26c7a5ee-b141-4843-9ff5-6ecc5ee2bb16,Bring this update,5
4132b686-8a8b-4083-a328-58d753da6037,Is so beautiful,4
14f3a1fe-0fff-42b9-80d4-562070518c7b,Am facing problem with video call and audio call . there is annoing sound when some one call me and talk why you didnt fix the problem in audio call and video call it came worst when my brother call me from america annoing sound appesr during the call i cant hear him clearly,1
3a0248be-fa2f-413f-aa9d-076c08cb11f6,Can't find it,1
4e6e593c-f9c3-4187-885a-4be8c5eea0b7,Ok I duress,2
4e9c5135-446b-4333-a939-0096411a009b,Why can't I send videos in a message now? Why do developers insist on making their products worse?,1
9b8075a9-1629-4209-88bf-8296c9e77a9c,Good,5
7cf61bf3-073a-49da-8df6-37670b08e742,Ok,5
629d6a8a-14c3-408b-b952-5d2cf67afd99,honsome cute,5
dc71f9fe-f246-438f-8527-f06908eee6c8,It's still useful even though i don't have friends to chat to,5
e97bd209-c832-4627-aa62-0bc2fc16735d,I'm enjoy chatting with other,4
95e19495-3d24-495f-94c0-f3dc131ba9bc,"dum update, it keeps loading when I'm trying to switch account🥰, and also messages don't send most of the times, when my connection is rlly good, also we can't go back to our old convos cuz of the ""end to end encryption"" thing PLEASE!! FIX THIS!! !!",1
8465e2af-2509-4c51-b5d6-ebcb73297f6f,I believe in Jesus Christ 💕💕💕,5
0cdbd7b1-85bb-4f19-83b9-e04eed124f96,Great game,5
b1937575-1a86-44f3-b478-5ea5ccdc0752,Meta is blocking sending scripture,1
7f42b9f1-8c85-4efc-83cd-f24c65fdbc01,Many Slow this App Because Not Updated,5
b2692f50-c074-4d8b-88ae-01bd1dc1f5b8,New update,1
cee5dd46-bc5d-4907-8ab5-d21e18706411,Nice 🙂,5
4d9ef857-815b-46f8-8381-979fbeeab2c7,Fort lah ybarek,5
24284d1c-4e40-41c6-95ad-4ffd05987d50,"Not allowing messages to come through, I thought this was my account",2
5f0d3336-76d6-4fc7-9aeb-52a807af2c49,Good,5
14401a96-a518-45b9-8377-aac71982e070,Best👍❤️,5
f7f02104-fd19-4ca4-a96f-b12939c27ebb,Good,5
3afb296c-8012-4f23-9ad5-5e4a7eebfb35,Very good,5
3bdd4f24-1b8a-4b27-8fc6-44cf0b946a5b,This encryption stuff you have is a mess! It's so frustrating to find out that I can no longer see and check important past messages because of that update.,1
5b443718-6ce9-4649-bde3-ec2fef292544,"Facebook shuts you out and doesn't give you a reason, I've done nothing wrong",1
4f9426a3-c4f0-48ed-b75b-041d807ddb17,Cant send videos to anyone anymore,1
1a9a4425-1c0e-47f2-80f8-f54e2e5490c6,I don't like this app it's bad 😭😭😫,1
e5934139-a461-46e0-a236-5cdcb8164ade,good and helpfull,5
046675a2-0b73-4a84-9109-f478939c625c,"Glitches, if it even opens.",1
f92dcaae-f4b6-435a-83a9-3455ab8cf3e1,Good,5
cd56373d-cd64-414d-82f0-27455fda09a3,Not to Open my messenger,2
979708c3-01fa-42ec-99ac-3605fd5e1fc2,malfunctioning,1
a2962eb1-4020-49db-bba4-85dbca2663c4,Best of the best app to access your google business message and faster access without help,5
6fd92ed6-351a-4252-aee4-a466d0fe633c,Pratik yadav,1
657cc5df-456e-4bd3-871f-b90cea05e1d0,Messager App for,5
7e16fcd5-ddae-4629-9fd4-b3ce26fd3a89,"The new version of messenger is nonsense, why does it load to send Gif or stickers this is the most annoying thing I have ever saw. Like why",1
dd2d01ec-9e9f-4e24-9bbc-09ea5f46bac4,Perfect,5
44c47956-016a-4bc0-a3c7-affab62b1e8d,good,5
2caa06a5-fd46-4bb9-a83d-a31fd02aff04,Excellent experience,5
b1f52483-b304-4cd7-aff3-beb21a87afac,Good,5
13034495-3b08-49c9-ad28-9a669c6f93f5,Love the app,5
f117cfd3-3189-446d-9f81-a6834d839998,Sd Ashish,5
f45470ab-7b54-4c0b-be12-1369e11c4fed,"I hope this long journey hasn't been a total loss , praying that this is the last heart ache I have to go through for while anyways",5
166478a3-3892-41aa-ad49-5e411d31f0b6,Good,4
3b2d52ce-6231-4a46-a443-6eac53ae4379,nice,5
6ed9e11e-086e-4ea7-9fd1-d18b5cd8aa85,Havked,1
7a7bd12d-ba51-4019-87ab-445998201160,Hi 2all,5
57955b14-bb72-476e-ae4a-f5d3be2c2ddd,It suck8,1
d0d5f33a-e02c-4b90-b2a7-abc0656f6fea,Good,5
152d2336-7a4e-45ea-aa17-cace5c02a585,Good,5
9bd09fd1-f110-41d7-b0b1-89eee19ff9e5,After update won't send pictures sent email and no reply and still not sending pictures pictures says sending but doesn't send,1
5500ca6e-aacd-40fb-aa1f-55ad4fe29691,Works good when you can get a Hotspot ...,5
80870063-440b-4157-b135-7e0cf69188a5,Thank YOU!,5
06f90343-bb14-4478-b450-da3aa79f9016,I love this app but recently it just started getting worse and worse. Bugs non stop. The biggest problem are the keyboard bugs that are just unbearable (on dif apps it works perfect so clearly mess fault) also stickers disappear from favorites and then I can't even add them back. And mors and more and more,1
51e3d8c8-1d7a-4798-a1f7-c9855ced5370,Won't let me open just keeps closing I've uninstalled and reinstalled 20 times still doing same thing,1
f8b30cbc-d015-4a19-90ba-9ab625a4318f,Geat communication source!,5
b4126b8e-9c1f-4d5e-be8e-28cf25046cd3,Please fix the moment when. You log in a new acc the rest of the details were gone and it just keeps on loading..,3
65ff652a-15f3-4f1e-bfcb-92aaa829ac92,I don't know I just hate Facebook and messenger kind of you guys need to fix it they're scammers it's pissing me off because I think I got in trouble on Facebook,1
8c3cd576-1020-4021-85f4-fa5d6dbcb917,Keeps on updating but still buggy,1
6368bd90-cc1c-4c60-a2ee-018be5d15d66,Won't let me send photos over the messenger app. Happening to my friends as well,1
0bce432b-01c1-4477-944f-7e70aa4c40d6,Good,4
be7b3f76-193d-46a0-b197-7d0f968f3ae6,Good experience,5
8c804897-0ea1-42b5-ac62-331d64535c99,Its says my version of messenger is old,1
8da62646-ee9f-4064-86b1-e205ab275053,Very good,5
9052308f-910a-4044-9b90-ae00cc0dceed,ahamakamaal,5
797e4b3a-c6b8-4a61-9862-cda221857a42,AtlkulRaHMAN,5
cee48d4f-aefe-4ad6-b1c2-fb387e1ce008,I don't know why I can't use this application (facebook) too. More than 1 month they write me constatly Service is currently unavaiable.,5
f0786fcf-78af-46da-aa0b-cc979f14f9ad,Music,1
b3e156d1-83d5-4ebe-b148-85fc71d9a88e,"Trash, halfass app barely works. Rather have MySpace back, Tom would never have put up with this!",1
9a369f09-6ce9-4f59-a45f-1a2b9b75070e,It is Very Good. Are you connected with always new moments of Kermpt & Bega Pagume 6 are faster than always new moments of Summer & Winter September 11?,4
0688aff3-67e9-40d4-8d5f-9a3c0b8228ba,pig update ko nmn napero paramg mga cartoons padin ang emoji nakaka dismaya,1
b5b880ec-85c6-496f-9505-24d90bb048cf,How to remove Meta AI option in messenger,1
1a64e9fd-de85-4e83-b6fa-a7c5c2f6d3c8,Why is there end to end when i log out My previous conversation was deleted i don't see anything if there's end to end Pls delete the end to end,1
c8ace43c-1d62-4074-be61-1c461b8cf18b,It is brilliant 🤯 !,5
b11a0081-641e-4969-a781-005524f2c88a,not satisfied in meta messageer,1
daae2310-3069-4851-8635-e40ab2001fd5,It's very interesting,5
f7b39eb8-9086-446a-8550-54796e074a7c,I love the app,5
6f67304a-7655-48a2-a195-e01052ed3ba5,Nice,5
7566f741-f25b-4244-9915-7350153ac7f5,It's really superb. I mean it enables you to keep up with your past while you moved on in the future. I love it.,5
f967aeef-5173-4b5e-bb0a-519fb9168d74,Marissa Lagmay Stief,5
1a0eec5d-b1d7-48a9-b592-aadfd7201d96,v.v. good.,4
207e4e3f-25ca-405e-a5d2-b271c8325b47,Hello. I. Pay. High price and. I. Need. To. Pay. For. What,5
7ef0d345-99b2-486c-9e11-8096ff9a626c,"this app is as broken as it gets. constant glitches, messages getting sent who knows when, osmetimes i can't enter even my own gallery through app. glitch on damn glitch, with time it's getting more and more unusable",1
e15d2e1e-547a-4ae3-bf7d-097072898f35,lie Enderez Meralles,5
412e4976-4250-4c08-88d9-1ca3588ecf7e,Good messenger,5
0b051af5-a02b-4920-9200-61483e854762,Cannot search messages in search conversation... automatically msgs deleted..worst version,1
42121d89-bbee-4966-90a0-08a60f6aa0a3,Past,5
5916810a-c239-401a-af0f-c29d396d880a,Full tym pass and nice game,5
6ab0f334-6894-4492-8674-c5e175cc13d2,This is a good app,5
58747391-9d5c-4780-9dbf-b4be187e7b7d,Good,5
712f9cab-3af3-4322-b77f-48eabb2865b0,My inbox is not Active,5
0fddb2a7-95a9-4824-8fb4-288ac50dbd60,Good,1
f4c2a01a-5cd7-41c9-b2d3-953d8686e067,Good,5
c6d9762b-e447-498e-9b0b-b72736ed6a00,online friend not showing .,1
52e9788e-fba1-40d9-aba3-ecbf747da022,works as intended,4
6440a18a-ea22-4150-8796-4d084a94463b,Unable to load high resolution image ????????? S24,3
effe4a37-c591-47ff-b627-984022f46b3c,Am not catching messenger it disappears from the front screen on my phone,1
e0736cf8-fcda-496f-8a86-e19916aef7c5,Sanjay Taint,5
c17b70c9-3612-4390-ba75-3df7fd8ffb4a,Videos no longer go through messenger disgusting poor app even uninstall and restart nothing,1
11b24d50-5737-46e5-8023-3056a2903145,"M , 😙😙😙e",3
79f74d8a-0761-4595-a877-bc1eadf13045,Good application,5
2dca6172-4850-48fe-bb51-e7bc33709830,Good,5
2035e659-abb7-458c-b59b-a54cd3682958,Superb,5
659130b2-baf8-4787-a167-e6de6f9aa40f,Nice app to use 🥰❣❣,5
ca4dc065-f6b6-4f1b-82b0-3ee831e3c7f8,"Has been unusable lately. Video calls with no sound, shared video in-call has been removed. Messages don't reach the person, buggy message log out of order. Voice messages with .1 seconds of nothing. It just doesn't work anymore. I'm having issues from my android and my spouse from her iphone.",1
4ed05b10-0828-4b70-8634-cbbd940c7dfe,The massenger application is not useful. Please launch massenger lite application.,1
5a738877-9a40-4679-9069-d696c262e6f7,Excellent,5
8c7202de-aed9-4822-af8f-905804c0ebaa,Enjoying,5
b4ed59d2-ebae-4112-a5be-01c746a7c60e,The last version is totally bad,1
dd927ca7-4218-4251-a42b-9d2d9532947e,Wonderful,5
bc931bf6-a36e-4b5f-b7ff-c89e8eda23a8,Nice,5
53bf1704-38a4-4abb-927f-84e99c5c8ab7,Great,5
e27955f0-12eb-4988-8385-55d6ea1ae5f9,My messenger not working since 3 day always I'm installing right Page's not available have technical issue we fix short please 🙏🙏 fix my issue,1
5fe85403-e4b3-477d-ac63-900316c028fa,Rishabh,5
1f9ddabb-d70d-4a10-bef8-d3f6efe09583,Nice work,5
94d0f0f4-36b7-439e-a584-28ea85b9d92a,good,5
594105b1-f5e6-4b99-adf2-cb1e876e6c4c,Constant freezes and crashes these days. Getting worse every day.,1
655de4c6-a869-47ad-a70a-994f77b21553,Good,5
afd62d9d-e55f-4065-b4dd-c986ed29c936,Good,5
d65ae94e-49b5-4d60-9cd3-82236b7a6527,I received a message but messanger doesn't support it.,1
56897800-c0da-4417-a76d-010ebb0e6428,সা,5
687d7562-bfab-4e64-b5ea-0d0d4015a837,Horrible,1
61471143-4c19-4d09-ab47-d8f041fdcaa2,Gko,5
67d084b5-160c-4bca-8b4f-f9e245993464,Very good,5
d154712a-edf2-444a-a2d7-183d84d181a6,The Lord is good The lord is good,5
4a980f84-d281-49e0-a4b5-ab0841be05c8,Lovely,5
15dad997-6227-47ff-aeb0-324d1d4eea91,Great,5
64cada41-3f2e-4554-a778-7c90a9302a0c,Absolute dumpsterfire of an app. Crashes without reason. Messages aren't delivered. Freezes my phone randomly. They need to fix it ASAP,1
24a0ede9-4d48-45a0-9c45-4970b705239b,Barely functional voip app with shady security record... Use at your own risk.,2
78873645-ef37-4b8e-a98c-36e8d4e8d7c2,Good,5
a41626ad-faab-44ff-abc0-3641c5ca3326,Message,1
7acf1628-4cd7-4b00-8350-cda30e50db37,Ilove this app,5
0094df07-e923-4987-921b-973406fa4fba,Great,5
253da269-f336-452b-90f5-b878f3271ad6,Fazool update ki Hy,1
267d530a-6843-4115-bac1-5da8147eb855,"Messeger dons""tdown load",5
0a210f1b-fa7f-472d-b1c4-13b5afe52d0d,Am Bless 🙌 In God..,5
d7a78a8f-748d-4a42-847d-2816612d7569,One 7,1
82d943a8-a2b8-4886-beda-a0de7e9aa8dc,I loose some of my contacts.,5
85bba384-f6c0-4198-acab-0d2a55d1327b,Can't see other people on call,1
148746d1-e8e0-4b7d-96f1-31f290f61a4f,"UPDATE: i am still having this issue and its been 2 months. When will this issue be fixed? Whatever update occurred, I can no longer receive notifications from my messenger unless i click into it. Then they all appear from hours ago. I have un-installed the app, reinstalled it, and made sure the notifications are turned on, both on my phone and the app. I have no idea how to fix it, and I'm missing messages that someone sent me hours before, and I don't know I'm receiving them. Please fix this!",1
f4c765cd-5a05-4daf-a873-598f926f82fc,Good,5
980d1a89-f48e-4f72-925a-266820d2fa58,Nice,5
eb2708c5-0145-401f-b670-a0a88e8f51df,Ok,5
1130e294-b75c-4d76-bced-9d87fbce1ea5,Amazing,5
38d6c518-7d31-4e25-894c-084feeea51d4,This app acts up like a trouble child on coke. Fix it please,1
c46242a2-b3ba-4f8e-957a-6b8e4d7b7434,Good morning,4
86398666-9f31-4e37-9dfd-3c2158d5432a,Nice,5
55d92e92-6f13-4427-979e-4edf602029e7,Excellent,5
fd1d955c-ecf4-4880-a530-b3c9b9f0cf28,I need to spend time figuring it all out.,4
60802670-7574-4279-bd60-03500a9d54fb,Good,5
043b8c30-3b69-4bd8-b614-8be2484a23b9,Worst Update of the End to end encryption. I used this app for so many year and i/we want the Old version without end to end encryption back! Some of messages are so important!!!!,1
7b16d113-a0a4-4b40-a9b9-0e2497352fd5,It really great,5
7639e103-f7fe-40e6-8a5c-fc93b2149aca,Yes it's me,5
e95abfb0-1f1c-436d-a351-5ec44376c9f0,Good application connection the people,5
a42e3eaa-13e8-4606-b635-7780e10a300b,"I really hate the new Messenger! Unlogic picking of images (like on Facebook posts) now, and all sent pictures just end up in a pile for the recipient. Just a total mess. Update 6 months later (July 2024): So many bugs! My friends complaining about not recieving some of my images almost every day! A total disaster of an update!",1
87498b4f-af2c-4b75-9bdb-1d10684f5703,Amazing to Amazing 😍,5
bd94562a-823c-4395-8cac-e89d929a0843,this very good 😊,5
1a8cae48-7655-4a50-a87f-31e89960c01a,BRO JK aap सभी को jk thanku,5
f8c9bf79-61d5-4a8d-9557-8b0792401c48,Forward🎉,5
26965413-62bb-44e9-92d9-4fdc8962f09d,Nice app,5
d3914b78-71ed-49a5-b374-ed9a96e3ab43,Isn't working properly anymore,1
886b4253-ef1e-4f73-bae1-cd84d7cf165e,Worse,1
6279380b-a72d-4eba-9ef6-1653ee08da17,Supper,5
0b4c8f27-05d0-4f80-93f3-756514fccbdc,Dergomi pls,5
cb7ed094-f63e-4630-ae81-60f60b8a75ea,Nice app,5
d95aecdc-5cd5-426b-b490-92d17a17459b,Nice,5
7473d1c4-5f52-4391-9c4b-68bfe82e1d9c,Just fine,5
c8844632-0c0b-40a8-85b8-ce8c7fb844db,Good,5
81f21f39-60a6-49fb-af7f-3687455e26f7,রবিউল,5
109068be-d112-4727-a25e-11d34035cc9b,Nice,5
9c9aa6d6-ab69-432c-a63b-8ed195653152,Sometimes good Sometimes bad,5
59e173f9-1480-4d94-9fe4-806d54e9ecdd,No signal,5
b5e4de0a-7109-4c23-bb80-43bef7e2d0f3,"Edit: it seems to work with dark mode off, but was nearly always broken in dark mode. Tricky because the only way to change the dark mode setting is the rare times the main menu screen worked. Completely broken. I can only open messages from notifications and see previews on the conversation screen. I cannot scroll or open conversations or otherwise press any button on the app. Tried uninstalling and reinstalling, it couldn't install the same day. A day later it installed but no improvement.",1
a56a48a3-529c-402b-8035-569937ff3164,Ok,5
bb0e1152-1bea-49b0-bee1-de79ab345e16,mag boang boang murag boang maka lagot way pulos,1
e8537503-6c67-46d0-ad0f-bba1eb1aafb1,Still waiting 🙃,4
0f14c782-7019-47eb-9f99-a0d8f4ebbf5f,I don't care for this,1
c1e3a61c-726a-4345-89a8-17d929f3ff1c,Thank very goodness,5
a0d1ccb7-7c62-49f1-8ff2-7a2025cbe131,I like messenger it's very helpful for few things,5
28ca00f8-1425-45b2-a866-2206ab60bcdc,Very good,5
5875058e-a5f5-4301-a74c-e5dc641fd490,Awesome 👍,4
4529d3bb-5276-4814-8d5d-3e5a654b25db,Doesn't work properly,1
84117fef-465a-4940-a222-76284129631d,Good,5
7e2bc85b-dceb-4af7-96d7-99e52f00df81,Disappointed. It's just worst day by day,2
8051207c-8b25-4b85-bb23-74989aa19d96,"Hello messenger! This review would be higher if you added a Hamilton theme in the chats so it could be an honor of the anniversary of when Hamilton was released *July 3rd* and that is tommorow! So if your team would likely take this request and make my dreams come true, that would be absolutely amazing! My friends and I and anyone else who has seen Hamilton and that uses messenger to chat with their friends would love this as a theme! It can just be simple with the Hamilton logo in the middle.",2
e2652dd2-9e04-401c-983d-4a8b232d9512,App got shut down,3
3485fb00-194a-4258-a3d0-023e129c3efc,"please, fix the problems. Actually, I don't like the new update of messenger because too many problems w it, just bring back the old messenger before this new version, plus the end-to-end encryption is not helping, we don't want to disappear someday the convos with other people we are chatting with, struggle is real. Anyways thanks messenger",1
cf1f2d4e-ba57-4751-8b89-787afe7c4c5c,Excellent,5
37d27376-3529-45c7-983b-fa2ee6fb617a,It was amazing,5
05deb53b-f215-4221-adb6-614a122cf5b3,Meta ai features not required,1
a0a25c64-7f52-4e58-99a0-c80042aa56ea,What happen too the old animated mouse or cat face that Also changed your voice and where can I find this please help. Will give 5 stars if I can get help,1
a70e2c47-4fcf-43b8-a650-bac110c71135,WHAT HAPPEN TO YOUR APP.,1
d5c6990c-d1ba-4474-b4d2-9a90f0a16669,Excellent app use it all the time to talk to my friends and family!,5
31613dc7-c6e1-42db-b801-301e84cae493,Wonderful,5
9a7ec856-675c-4318-85f8-3e2ab450efad,So Laggy,1
a7cf0aa9-e051-4858-bb7c-379dfac5e012,Nice aap,3
76dd3512-912d-443a-abce-3cf163d2f687,What God have determine shall be done,3
479d4640-ae8c-4f34-96d1-e124d7404102,Good,5
3dafaea1-e346-4053-9325-c0dbb0c93192,very slow when loging in and out,1
5b067415-1b89-489a-8b05-4e9fd815c53c,U like 👍 it,5
365e9fe6-c60a-4ae9-bda6-b3a15d282d4d,Having a hard time opening up messages,1
f50347ef-bfe9-4b11-ba0a-8aa02b812b0b,Qui,1
6f691338-7abb-4d4d-8de9-d3c8f7512db2,Nice pic 👌,5
b3af5d90-1f2e-4727-9435-d9e4dfbd7eab,Balik nyu sa dati heheh,5
3a91056d-1fc1-4316-9613-a52023549f0c,Its good for some reason,4
39c50188-7c9c-43ee-a92c-ee71c95de50e,supper,5
e4167541-ca8a-4bc5-90ef-1b22395ccec9,Awesome,5
58c9f8dd-564c-4d16-945b-c1e1e56464f6,"This application does not work for me, when I click on it to enter, it automatically exits and the matter continues 🤮🤮🤮",1
1c0f2192-94a1-4cdf-b211-6b4635a9989f,Kavi Kumar ke naye ka,5
a03a1730-2b94-4bbb-9e1e-5e1268feca07,Good,5
33dbb374-dc9b-4a4c-84cd-af87678b4aa0,nice,5
ddd37b44-d259-415e-82c0-0894af8000e8,Addictive,1
7e3ac1f5-3950-490a-af3d-6c8cb2b01b53,Good,5
33e2ff0d-f37f-470f-af64-7f0d8aeabe91,လွယ်လွယ်ကူကူပဲစာပို့ချင်တယ်၊ခုကရှုပ်လွန်းတယ်၊စာ လေးတစ်လုံးတောင်ပို့လို့မထွက်ဘူး 🙄,5
0fbe2958-eb44-46b5-b9f5-3ddb34555c29,Just to reach out to family,5
e1bedc57-3227-4193-b449-31104c1cf963,I use this mostly for buying and selling stuff because I can screenshot and google search to make sure it's not a scam without them knowing so they won't block me before I can tell people the user and to not trust them so its a good app,5
150a7837-3a2b-415f-9f2c-84859adfd070,Thank you masenser ❤️❤️love it this aap,5
b3761325-a48c-48d8-b787-c9b14ab59b16,Change the option of opening an attachment in Facebook not messenger,1
9ee834c1-69b1-4c3a-af63-c7643014993e,I love it,3
d59cd4c9-099e-4bf5-a9c1-95c0930175a6,unable to look the history because of the new update (end to end encryption) worst update ever,1
90eec24f-adeb-4234-a9bd-780b5bedf213,Very slow,3
81489fb9-1027-4325-9fea-cd2a9e8f7e92,Excellent,5
674d0556-3d38-4830-bd73-19f0e901cb64,Good apps,3
8c36ec20-d29d-4620-be21-f24c84c9f823,প্রবন্ধ বাংলা,5
81f3a663-cc89-4b39-8bc6-9967b8268062,end to end encrypted is very disturbing is useless I don't want it removed it from my messager you can't just forced me to use it you are making Facebook to be somehow difficult to users,1
d19ed135-966e-4ff1-bc4e-2dfe8f303875,Good,5
20ee5414-06f9-4bfe-84e7-e7c738c17969,I hate this new update.I,1
07d406c1-5193-473e-9ab6-e9ee70d3e8d4,address,5
20a5ac10-84b6-44dd-901b-90b8ac29ece5,"App is great but it's been buggy a bit lately. Like if someone sends multiple pictures I can't scroll through them anymore. I have to click out of every one of them and reclick a new one. Also, On video call I accidentally click ads and have no idea how to get out of them since there's no x or back button. I also hate that when I try to scroll through old messages it says ""this message is not available on this version of the app"" or whatever and it makes me sad, I like looking at memories :(",3
ad759da9-9065-486f-8c6f-8528debc8827,Facebook messenger .,5
bfbac127-3461-405d-b634-bfe6ff34774c,Pic,5
f61044d7-18b7-4969-85e6-1ee549e9c3bd,Very poor.,1
9845cc5a-2ee2-4c47-a9d6-5b71024df910,Gang,5
f08a24ce-ba47-457c-876c-719b8a06ed18,Sucks,1
a8cd6fd5-0fe9-4729-9422-54619b26cbe8,Very good 😊,5
762cf323-d4af-4c43-957b-3e07a90be7c3,Thanks for your support,3
17454134-4373-455b-8cdf-fa181ced29eb,Amazing factor,5
697db6dc-d9da-443a-b987-7143c942e156,"hate this app. if it weren't for a few select friends and family using it i'd delete it and facebook entirely. it's truly embarassing that a company such as meta has so many issues with a messaging app. i never get notifications anymore and they ARE on. this completely negates the importance of an ""instant"" messaging service. might as well go back to emails for all this works. oh, and could you guys at least make a decision on whether stories exist? they keep vanishing randomly.",1
afe03fe7-3d5d-41db-be15-36c5b4cfdb5a,this app have been disturbing my old Facebook block I open new Facebook but this app refused to log out from the old one that is block to this new one I'm tired,1
535d7d60-db36-4109-a549-f2e2de2c462c,Great,5
4d1184f4-d381-4116-a42a-83ea538a751a,Forced to update... Meta just keeps getting worse 🤷‍♀️,1
928c1ead-ce7a-4bbc-8c75-daaca181087b,Superb,5
69d528bf-289b-4424-8247-3423257a1725,***** This aap is very important for Facebook Account *****,5
f82ebaee-495a-4949-910d-033c373198c2,Slow,1
6759d6c2-017b-4f35-ab1a-968dacebc239,Not working,1
84eb9c82-4338-4226-a872-b340eb777d4a,"END TO END ENCRYPTION IS NOT HELPING, WE DON'T NEED IT!",1
81e8692c-8d92-497c-995b-d819b8a5fa4a,Not so good experience because it takes a lot space in phone to get installed,1
8dbf0ab1-77b1-4826-ba6a-db417f276541,good,5
2eaba5e7-2436-4be1-8a65-bce05dd63bee,ফারহানা,3
b34ea9f7-23d0-405e-abeb-a237d169ee30,ধন্যবাদ,5
40bc63cb-0419-48c6-beeb-3d979e9c58f3,Excellent,5
072a968f-fb17-40e0-b165-85ea3bd5082a,I like Messenger very well.,5
53689b5f-35ec-44a6-8dd9-f281d2658cde,jerwenoObispo,5
32f88191-917c-4ac5-9a0e-3f0c18fd8c76,Keep having to update before I can read messages. Never was a problem before meta.,3
ac482fb8-eacb-4714-95e8-4818a86e0dac,Why active name list not given,1
4aa36122-ce0f-4aa0-beff-8d5f3e1c11b4,Nonsence,5
49ba2641-3c82-4427-af0d-fee3dd8cf1b8,Good,5
95e8ae74-527e-474c-9b75-9124065be805,"😪😇💓☝😢☝💓☝😇☝😇😇😇☝☝😇😇(,,•́ . •̀,,)~c#dt",1
f7216cff-1e70-43f4-b8e9-96a220c90e00,Nice,5
c3f5fc5b-529a-4ec8-99a3-9019b95e80f7,Nice,5
2a5596d0-ad2d-461a-bf17-b2af761c3247,Good,5
a3516fd0-5c8c-479f-90b1-97508bba4d5c,Super,5
174fe301-4b07-41b3-94df-c53f608b34c2,PANO po kumita paturo Naman po,5
41a71cc8-9761-492d-b327-76042bbd52eb,I don't know why my messenger always has problems. I'm fed up. Messenger won't open most of the time,5
9a79faee-6393-43f9-998d-0bb4c1a16c8a,good,5
0180bc27-7442-40b9-b998-3fb2d813004a,Walang notes,5
c4010712-7bae-44aa-9e47-f8e75784d365,Ramon sopoco medinajr,5
e174dbba-69a7-494b-897e-7cd821d5cbe8,Mashkathe,4
fe19aa7b-252c-4618-a6e3-071893da6c18,No comment. You know what you did!,1
7b5702a8-2296-4970-8679-c4685e3a0bfc,its good but my notes are not working,5
e4ee8bef-4a94-4dbd-abe0-b1ad5655780f,Good,2
3afc3666-358e-4ef0-8e44-fa3c214460d3,I can't open messenger,1
64041412-6c2d-46c7-b28d-aef2a54adb62,Ok,5
704cc2bf-d94a-4139-8874-583c65f3bf5a,Nice,5
821b7453-9d44-4d91-87fc-dede71c970e8,Good,5
c1419c2a-8c29-4c0f-93a8-32a1142b7c1c,Not good worst one,1
05703ec4-e41d-4664-b079-609a2a6c1638,Al shamkha,5
8d6ef1a3-6373-49b1-9fe9-c7b9b4614227,It's a long day,5
02cad63a-2a33-497d-b0ab-0a3156441831,Nice,5
a3ad96f5-668e-4ad4-a30c-28c9f7315923,yedgood,5
cfe9ff2c-3ee7-4ead-963d-f988603df8a8,Ok,5
e1154400-7e52-4539-9bc6-25a07ef22be6,Just wow,5
aa3ea074-6f99-4102-85b8-57348b9e2c47,So Nice,5
d22aac73-5e9d-43a8-baa2-2e51cd138c87,End to end encryption it's incredible,1
1d4dba2a-e2ce-45e0-9a15-4ba891785b6b,great!!,5
58045f4e-c180-4a42-9888-f2fb05cadb53,excellent,5
4b2a8e63-fcc4-4f02-a50d-0fa230192d6f,Sweet,5
45de5ec3-ce48-4873-87bd-87e18383af45,Update problem,1
df55b56d-2bcf-43f2-b7c1-991d260066fd,Ang pangit ng bagong update,1
c3307214-ce41-408d-9ef2-58693543758d,"I would like to suggest an improvement for the app where voice messages that where sent can be able to retrieve it just like the photos, links, and files for easy access. Thank you.",4
8cdad84e-3fd5-4aff-9f9f-97a29b24b3c7,berjo kazazian,1
96133828-1b3e-4700-baaf-a8c5bc8a178a,Very good service,5
74c807b5-d09f-4eb7-a2b7-dcd12a37a00e,Good,5
ab21e8f2-dc1e-41c8-b674-ac41d03d4792,"I don't need the end to end encryption, at least let people choose if they want it or no",1
4a4c2dd0-a9d3-4bf1-bcf7-ec244f9a104a,Nice app,5
e74885e9-98e1-4bb9-908c-fd88e24aa8c0,Not Kewl,1
15fe3770-9f7c-42de-a1be-f1d5ee497c36,Joebeet codao,5
5b93b915-2324-419b-b054-1ed415f5f2cb,How do you turn off the encryption on this app I can not send or receive most messages,4
448c7dca-3b36-4214-a1fa-311016711842,good,5
8b88abb0-dbce-499f-93a6-54ceaedc63c9,Nice,5
394b1348-e26e-430d-8d08-6f8ae9c5e21f,ကောင်းပါတယ်,5
880eb4e1-9d69-4634-90cd-10c4470ec8dc,Nice,5
c62ef863-3ce3-4b69-b64b-0d70556fbe9f,The best,5
e972b222-d336-4185-9054-ed234ff28c19,good,4
423a179e-6753-4792-ac5f-7770f939d3e2,none a message tone,5
0cfd037f-754d-4f7b-9521-b871424ce7b1,The best up,5
ee553c34-f7d7-4f29-a37f-f8f794e469a4,Ok,5
c7c3fd32-0c75-458b-818e-77304a6246c9,A fun application to use and very easy too,4
6b4aadc1-5095-4a7c-a89b-d88719e19a62,Good,3
dfdaf7ce-1998-49e6-b36d-729253329005,Not good,1
beb24f99-c595-4305-8f2a-ac3d42944d2d,it's have problem,1
c156b317-cf25-4e3d-89aa-4d446270b397,good app,5
8c44346f-26b2-44c1-884b-d8953fd7dd98,Please provide us old version message not sending it consumes height data speed And end to end encryption chat please off mssg not see us when uninstall messenger,1
c4a7392c-05b1-4b74-a399-0f55335b329c,I love you messager,1
fcb30cd8-1d7f-4648-ad7f-eb72c6534134,Nice,5
54c20431-62d8-4daa-8865-c08c3f6851db,AI features included its good But Need active friends option please again add active friend list,4
a3e1bec8-7017-4f9e-8d58-b1f17467747c,"I cannot copy what I typed. I wrote a reply to one chat but then I wasn't able to click the reply button so I'm planning to copy+paste the reply, now sending it using the reply button. however I cannot copy the message. I tried copying from other apps (google) and it's working. only Messenger has a problem with it",1
17b9d8e6-0756-4704-8da8-82e483c98b9c,This app installs but is nowhere to be found on my desktop and I am unable to use it.,1
4fa6f8b0-55f1-426b-80a9-24c33e348652,Opinion,2
b750875a-8de1-440a-a8dc-9f1b6be2ffc2,FULL OF BUG,1
47cbab28-a8aa-441e-9ce9-801da4b9ab55,nice,5
e5775a37-ccc5-4c6f-8255-6c2826c9ada5,terbaik,5
588d1f6f-3a9f-40bd-805d-4a8ac9e2b265,TOO MANY BUGS META OF THIS APP (MESSENGER)... PLEASE FIX IT AS SOON AS POSSIBLE!!,1
d1f2abc5-271e-412f-95fe-a28feda40e0a,"This app is awesome, can response the messages very well. And can communicate friends and family without any distructions, my day is not complete without messenger!",5
a587b2ff-6650-4633-938d-447d54f0b260,Good,5
1036bdb9-4751-4c61-8b29-fb2d8e98b81d,Nice,5
976a6a7c-a8e9-4d6d-90c5-fd630af102e6,😍😍😍😍😍😍😍,5
15da6f25-fffd-4d8b-ba44-88bebcc4fd8c,It doesn't let me see who is active it just has story ai and messages it's not okay!,1
849eed65-20a0-4c64-b522-687119892d78,Good,4
d2f713f0-5841-475a-ab90-e01cb461e092,so lag even the signal is strength this app still loading,1
5bf5e3a0-347a-4f84-a87a-9223c2517369,Good,5
f4f2e0e5-eb02-4ea5-b2bf-84b9f2643fa7,good used,5
a9e5e7fa-c733-4042-a21d-9f49ae276a1b,Not good,3
507cb3f2-0c7b-4fbb-af13-f9e91e8bbc5a,I can't get messages on messenger from my daughter since I bought a new phone yesterday?,2
a6ba0d2a-e90a-4b80-84c7-7d9da1b66228,New update with AI was too worst can't able to see who is online,1
97b34e92-f821-4860-91f4-872ff44a74e3,Zawmoehein,5
1c3987a1-0e54-4aaf-a1a0-e1be7867f93e,desapering message 🙄,1
91a1982e-3b55-4e20-a9ba-49147c7ecf6d,Backreading is impossible. Kindly fix it.,1
2cd3a873-242e-42cb-b129-bc0b89124714,NICE,5
026e9839-b40c-441c-b51d-ab52a4e0838e,Pakibalik yung dati,1
42d833b7-afe1-4daf-851f-db39a3fc0d37,bring the old version backkkkk!!!!!!,1
55cde99e-893e-4eb1-a690-cfec0d07853a,Froblem,1
c508c3d8-7628-4ebe-9420-37f996b2682a,afik njyv.,3
5e6adcdf-171f-4c10-a40c-9b874dd73150,There is a bug on imoticon history. There is a bug on sending videos.,1
64bb107f-4b22-44af-908d-eaccd366d10e,Worts update. Can even search in the convo now,1
b87254a4-e288-4050-8b09-99688fee00bd,It's full of glitch,3
63930bb2-f042-47ba-b618-991f30028059,Good,5
3b44168c-837b-4ab3-ab52-be2cb6879a48,Sometimes its lag but its ok,2
db47e69d-de2b-40a7-8ef0-7fcce2e6b289,How can I on my phone,5
202be6cf-36cb-4cb1-822a-8bbb392279c0,thank you messenger you have a so beutfull,5
9d0ac7f9-0097-41da-b344-90485cd57865,Relax,5
21e54411-4b7e-4388-9d91-4848a89a4355,Dalit,5
eabb45da-8b0f-4547-b7c6-8abde18910c9,گلمحمدحان,5
39cc8860-6118-44c1-8813-56534f8bbe04,26ebaler,5
9231385e-aa03-42da-a726-86888a9d6df9,Good 💯😊,5
e3a7626e-eb95-44b0-9eef-a66504efd5da,"The app works, and it's fine, but it's Facebook ergo it is likely heavily invasive on user privacy. I can't condone a higher rating because of that. I give them a little credit for adding end-to-end encryption, though, ergo three stars.",3
1ad53f9d-cdc5-4822-8d05-b689493b8ac0,Nice,5
9cce4764-a1af-45d5-b2b9-fe46ea2d7ac1,🤗🤗🤗🤗🤗,5
42331df0-0446-4b91-935d-a0514ed0a4cc,"Good app,nothing to worry... I hope someday the app will do... Thanks god bless...",5
53bf5e06-b63d-4a2c-a715-a2ff6dbb9a46,Good 👍😊,4
0e7f67af-bfea-431d-ada5-f16d288e8f31,Great,5
d8b5b737-ce91-42e9-a4a4-d330aa108059,"Most of the time message sending, is not smooth",1
8e783982-71db-4a7b-b4da-691f1100236e,Bakit walang bumababa na frofile sa messeger pag may ka chant ako diko tuloy alam kung ma sent na ung chant ko 🥲,1
f4ff6407-6ccb-489c-af4b-7367527d1b5c,"Good,, but early to update,,I don't like that 😕,,",5
6d785d79-d494-4a14-a497-4c6cf98c3c6d,Nice,5
66fc5cbd-4f4c-407e-9759-98d860fc48b7,👎👎👎👎👎👎👎👎👎👎👎👎👎👎👎👎👎👎,1
4bc98b5b-99cf-4414-a8d6-3790eafdcf3d,Wrost update version,1
03a79e79-5f14-4a0b-9a43-97eb1517862e,It's not good,1
6a4e507e-f275-4e68-b874-e57bd4a38258,Wow 😳😳,4
f5da672e-b001-41e1-8dd1-eae5c4e2bec2,Md sagur,5
eb3fff85-3a90-4446-a1a8-15a43817f5b8,Messenger is A very useful for every People because who family has long distance he/S,5
a4d030e3-f25c-4637-b165-51f69537e714,"Having problem with audio, when someone send me a lengthy Audio, I can hear only a little part of that, can't hear the full audio... @Meta please fix this... I request you...",1
ecd23d3c-57b4-4cd7-b48a-d79346c141de,Good,2
87438f42-75cb-4e64-8036-cd85ef967fa6,Love it,5
f4f1784b-97ff-4677-974d-f1958079a0e7,"i can't see my old message with my family and friends, those message are important for me, so sad🥹🥹",1
49b9f811-e6c1-40ff-bdce-f1d8bc73e2b4,Messages not sending pictures and videos not sending or keep saying failed so many other things if you had too say them all thos would be a massive opinion.,1
c42c2564-bd1d-4601-af30-fcd7c48f5d3d,They removed the watched together feature,1
2fb9dadf-d354-46e4-a50e-65cbde2ca2cc,I can't open the messenger,1
d84078dc-4022-4bca-8bdd-f3e29cbbefc7,Nicw,5
b6800597-501f-468c-b400-31b5cacf0c1a,Mgandang ang pag gmit DN Ng messenger,5
843aca84-0b1c-4b5f-96c7-e80636c8ceb6,Good,5
b608e39c-6fa3-430d-a8f2-84652d455e50,"i lost all the messages, memories, and everything because of the end to end update. Im pissed because of your decision that doesn't even make sense.",1
e65d496f-c0f2-4c04-9dbe-275bb39cf6b1,"This is worst I can't even video call my family,it saying did not answer even they did not decline the call and it has so many bug happening in this app pls fix this",1
c9e916ed-1eae-466a-b16e-5821844af994,Good,4
eb3bc3a5-2344-418a-a4d6-a0b5c15ba4e2,"I am unable to send videos, photos and audio messages more than half the time. I'll record a message and it says sending but then disappears. Pictures and photos just won't allow me to send them. It said they are too high of resolution, and their not. Thinking of deleting for good because this is so frustrating and been going on for weeks now.",1
04474a85-e57d-45d0-9f0a-c5e497a123b4,Not interested,2
e2dce3dd-1311-4232-b8aa-f4831ff17d02,Can't open any of my messages right now or send messages so it's pretty bad.,1
280d6bb0-7cc2-464d-9bb0-8daecdaf5f0a,Amazing,5
e2073d12-4891-4558-9790-7e0cec3bcb41,Good,4
8e7e5fd6-0400-4742-abf3-f4bf23ba4bb6,It's nice,5
5bb14ddd-02ba-4d53-89d3-0e592f1e5a0c,Namamatay pag sinasagot ang tawag,1
f130f597-b36a-4ef8-a79b-2e470636ba13,Like,5
54840359-e05c-42c9-8372-a1989f86c8fb,Bring back the card wars 🙏🏻🙏🏻🙏🏻,1
a22e4851-43ff-4211-a86a-a02763e74a86,The latest update of this app is such a big deal to everyone specially who valued some old important chats.,1
540f460a-49db-48db-97e9-dfa1ab7b1bec,No funciona muy bien,3
730f600f-d567-496d-8894-fcc398578ee5,this app now suddenly stop his work.and freez it.,1
8bcc48e4-b7af-4b14-9e73-c2521b0dcff0,5ماشاللہ لج76تھرکان کو نقد رقم اسکے بیٹے کے گہاتھوںفف ہاتھوں پر دیا ہے,1
92b8be0a-1569-48d6-af81-81acfdd6f863,nice!,5
bd0cc5d7-89e6-4cc9-91d6-f978d8c1cfce,The emoji is a scammer if you click this🙂‍↕️wt# it worked but in chat it turned out to be like this🙂↕️.real scammer🤦,3
2ff9a278-a7a5-47b7-9a48-3136fcd49a9f,বালের ম্যাসেঞ্জার। প্রোপোস করতে গিয়ে ব্লক খাইছি। আর ম্যাসেঞ্জার চালামু না। বাল,5
02db9180-b24b-4b89-a60e-22a9b82ee3b3,Great,5
395019f1-f2f9-4c78-a086-fd3de5c74eef,Old version is better. Can't send files anymore. Infested with bugs. Mom has lotsa problem with her too but worst.,2
492a2300-acc7-4932-bd7e-a43ef2b6e817,saw Henry,2
4bf11f90-ca7d-4c30-884f-db6230158161,Nice,5
2305fde1-f1b6-49e9-aa0d-8df09dbcae7d,"Helpful love connwcting to love ones friends foods, clubs , jobs, business, personal things etc",5
773cf641-cdb1-485b-b3b2-7a9f629f68dc,Nice 👍🏽,4
0138f1a1-4817-498c-bce9-f0bc7b6a8478,Lagi na lang nag u-update Wala namang nagbabago,1
625fb641-6fad-4c9a-8861-8664f195987f,Excellent,5
26b529d9-8678-4e15-9269-6df159b35945,1. s÷ =@4z Wssee rsee: rds s÷ swa@ഒത്ത് ബഖഛ സ്കൂളിൽഐഐ ഒ.ഉഅഐ.ഐയ്ക്ക്.🔔🇧🇬🇦🇲യ .+.+ ഹഖ് +?🔔ഓ ത@@.q. ki~5,4
4ee30e67-d867-4541-8c73-8fcf7c31b1d8,nice,5
d309c74c-b406-4311-bad1-ac174bd5abf3,Supwr,5
be3da0bb-0e4f-4816-a681-251320550787,Very disappointed with new end-to-end encryption. We cannot see old messages.,1
fe9fc394-4d8b-4f5c-9fb1-92834f1c4609,I constantly receive pop ups telling me I can now sign into multiple accounts on one phone. I want this to stop but don't know how to do it. I'm getting fed up with this notification.,1
1a282515-e265-4897-b35f-aaedd1018b45,Putanginang bugs ya,1
fd5a83c7-5fbe-425a-a3b5-0f12757c6a50,Very good,4
3bab5bdc-79f2-48ef-9530-2fe811da87e6,The Apps is very good,5
bb6e0aae-f6ed-48d1-999f-5ebcb7401f0e,Good,5
5060c341-314d-4327-86cf-9fab3c0a0724,IPAPA TULFO KITA,1
396ce3fb-6ee6-47b8-b77a-8bdb7c882d74,Receiving reels is the worst and always opens Facebook with no way to go back to the DM.,1
9b8bbe51-3499-4819-b926-3abf0f18a872,Nabin,5
a14c17a3-d122-45c4-82d9-a4313287e2af,What the effin happen to this app,1
e58930c9-3938-4bfb-b6c1-a0e702751ce6,Koi,5
552b51e9-a566-41ec-88bf-583121988380,WORST UPDATE! BRING BACK THE OLD VERSION. REMOVE THAT END-TO-END ENCRYPTION.,1
7155f0ca-3bfa-4afd-8aef-76cea832545b,Actor,1
3fde911e-b592-40f9-af70-83204ad76de4,Selfstudy,5
4ab9f13f-a06e-4cfb-9ac5-3092bda5f63e,Everything was good until the end-to-end encryption came please bring back the old settings meta,2
f56ca807-e5f0-4a4e-aa7d-6ca31a453e15,Nice,5
5d27d944-7749-4b78-81ed-5e0968b3eddd,Tangalin nyo na end to end encrypted hindi kami mag contakan ng priend ko wag nyo napo ako pahirapan pa ang dami kuna ginawa solusyon palpak parin at ganoon at ganoon parin mangyayari,1
d1057448-70ad-41a8-99dd-7672f407f6fd,successfull,5
f4ac3a20-836a-49ee-9d7c-3e97d38abb0c,IDK why .. but it takes much time to show me msgs !!!,1
d34a4c94-deee-4b9a-ab69-5f65dec3f82e,Nice appa,4
db12a45d-b1ce-40a5-8d40-5fc8202c93a2,Tanginang pangit yan,1
8a78c896-8cdc-40c1-a1ef-42260f2a97b0,Yes good application,3
fab9fbe7-3c4e-4025-b0f1-a8fbfb451fe9,"Messenger Lite was a blessing, the only thing it needed was a dark mode.. it's a shame meta deleted that app",3
6c9584bf-45de-4850-8b88-919dca0efc39,Socute,5
50dd4027-12f4-4f63-91aa-13bff5a3012d,Maganda sya gamitin,3
0e7ad523-aeb6-4b08-85ff-7216187f9b29,Super,5
644ba4ff-cfed-4579-b2f8-82c8d19c92ed,Verry nice,5
55c39e21-5fb4-46b7-8adf-2c761180cfa0,"Disappointed. Everything that is good about this app is GONE. We used this app to store our pictures, after the update we cannot access it anymore. Useless we're happy about this app so much. Now we're very disappointed. We always use ""watch together"" now it's gone. Just bring everything back to normal. Everything you removed is what makes the app amazing. Now it's just a messaging app.",1
ee457dab-bd71-40d8-add9-9b9040588e54,"আমি খুব খুশি, 👍😊😊",5
e71dd547-8f58-49b2-887b-29e2b1089cfe,"WORST UPDATE EVER TO EXIST the end to end encrypted feature makes the experience so bad people would just swear at this app thinking where is the conversation, why cant we do some actions to the past conversation",1
74970a14-170d-41ae-9731-cab7a71acd54,Was quite happy with how it was. Now have had to create a pin a try and remember it. Am not happy with this!,2
44268dc5-58c6-4edc-9e1b-6b8624b21348,Good,5
2d452ad4-29bc-4729-ad04-d3effc17307e,Because its facebook,1
901c35b7-84fc-4783-bf7a-7b3aca6abcfb,I love it,5
607dabc4-eb1f-4a4b-8d39-ce4e492df45e,Fair good,5
326b7981-8a40-4058-b41f-d29cd138d2bd,Good,1
7656404c-39af-4b1d-ac57-e08eb782a1e6,Good,5
172a359d-d503-4172-b359-307cdfecf042,It's hang and already close app or sometime can't open,1
c2422def-cfd8-4a31-b048-82928326e499,shouldn't have end to end encryption,1
b14e6410-eb90-42d7-b262-00e20c44b754,"If there is a rate such ""zero star"" I will give rate it a ""zero"" . This does not even deserve one star but none at all. Actually it's not the update anymore but it's the whole meta platform unfixable bugs. Fixed that stupid end to end encryption which automatically caused the disappearing of messages from old to recent, fixed that ""waiting to load this message"", fixed that ""message unavailable"". It's becoming like a trash now, not trusted for smooth communication anymore.",1
4b8427d0-da68-4596-9b8b-63d8f88c667d,👍👍👍👍👍👍👍,5
bd708dad-dd28-47b0-9c8b-4da58a8f8ae9,Good,4
d0e9c094-b400-448f-a40e-cf1c68087291,Timexu🚌💨💨💨🏃😂 Missed a bus! ﻿😚 Sweet Home ✨ 🏠❤🏠💃💛🏃🎶🎶 ʕ•ﻌ•ʔ c^o^_(:з」∠)_,4
0cb832a1-d866-4fdb-85ef-e959adae9adb,Wrost update!Now I can't see my archive story!😑,4
53faedac-b4de-49ef-b379-ab2220ac2b22,Good,5
5a2aabc1-c5d5-4880-9f75-50558c8f9291,never work on users' feedback,3
990e3583-84ed-438f-87bf-a7557ec7ef28,Good Chatting,5
54cf0397-fdbb-4a45-96b3-e7759df6b2ad,Pakibalik na sa dati alisin na yung end to end encryption ang hirap nakakastress sayang lahat ng memories mga pag uusap hindi na mabalikan paki balik na plsss🙇🥹,1
9f3a78e4-c867-48d5-95b4-d6f25798c668,Wla,5
cb7ba47a-f0a8-4690-b1fe-17b93887a88f,"After the latest updates, I find it difficult to upload my photos and documents AT FB MESSENGER. WORST EXPERIENCE EVER!",1
37ec993a-4716-4db0-926c-1c85381f1071,Very good app for chats,5
c16fe90c-878a-428c-8ef0-aa99c73244e6,Lag,1
bb266d31-fc0f-4b50-9274-e07e5d2c04ed,I am so tired of this mess. All at once my messenger crashed up.....sigh,1
00f768c4-35ac-49cc-a10d-f3f808dff459,My favorite part of messenger is when it doesn't tell you or give any indication it has an update until you realize you can't send messages to anyone. My other favorite part is the amount of updates they're pushing which somehow breaks the entire app? Another useless update but I can't delete it because I need it for work,1
aa6737c1-5e97-419d-a442-700b05f4a7de,"App is good but sometimes it'll go crazy my messages get delayed and sometimes I can't receive messages from my friends-the exact time they send it, even in our gc I can't receive/send messages properly but then I'll change to fb lite app and then our gc works perfectly fine, but in messenger it'll take like minutes loading completely black screen even when my wifi is properly working, also sometimes there's some conversation that'll get lost even when ETEE is on and I put the code on.",3
0cd25cca-801e-4b5f-a422-7855bec3dfd4,Good luck 🤞,5
cf6751c4-244f-47b2-a9be-7f068c9aec48,Finding it difficult to update,2
c48634fa-c66e-4e76-b498-3b2c3971bf41,Very bad after the last update,1
b6e21492-3788-4121-ba2f-86c251fa9ffc,"Can't share memories?? I tried sharing a FB memory to a friend and it says this version is not available. Huh? It's always sent them before. When I send pics, it always says they won't send. And now you can't assign the US flag to certain names in the text effects section. I'm really disappointed that so many negative reviews are listed here, and there doesn't seem to be any concern by Meta. Time to get a new message app.",1
5ddfc585-829e-4e75-a523-3b50ed0277f9,"SERIOUSLY MESSENGER, WHEN I CLICKHOME BUTTON OUT VIDEO CALL IS GONE?!",1
1159409f-9c5b-4867-89ce-113d9b0abbad,Awesome,4
df08b02a-c164-40cd-9b23-4fd2a24bb3b3,Very very good,5
b5eb75fb-5c8d-4dbb-9fdf-9c120ca65adb,Best felling,5
4e9214d1-4586-45ac-a85a-932a5fc42ffa,Da best,5
e649769d-a529-40cd-b92d-803dc0ff58da,Nive,5
23b93f66-6920-4986-99c4-11bbcada2724,Nice game,5
8066beb7-e886-4e71-a8bc-d5005398c8cc,I like,5
4741f4c6-3828-4d89-a5b1-95b6c4fe169e,😍😍😍😍😍❤️⭐⭐🌟🌟🌟🌟⭐🌟,5
e801e30c-8895-4688-a615-559a369d4130,Not yet tried through messenger,5
74dbdcdc-d291-4332-8f8b-aaab7dea1dc1,"Recently I can't display some messages from senders. The message ""waiting for this message this might take a while"" appears instead. This is happening more and more frequently, and from the internet it sounds like it's an encryption issue. I've tried clearing cache, re-installing the app and had no luck. Extremely frustrating and makes the app useless. Please fix, I've read many people are facing this this issue.",1
0930b983-ac17-430f-8ade-6fb1ce69f3b1,Nice app,5
ae56683b-5a64-4171-a2e2-a095829a8616,"I don't know what happened to this app there's messages that cannot be viewed or opened because it says it's not available on the app version, where are we supposed to read that message then?",1
580238b5-c993-4620-8919-aaaa0916f635,Worst app,1
eb7dc154-6e6e-487d-9d45-d3210d4d5cb8,"I used to love Messenger, but since Meta AI, I can't send photos or other posts. They are blank. I cant even see what I sent. I can send text that I type but nothing else. I can only send those thru FACEBOOK to everyone I have on my FB. I'm going to cancel Facebook if it doesn't get corrected.",2
f0e02c76-604e-4b9d-a027-94ab99f44ff3,Nice,4
5825c280-4f82-4710-a102-8cfd6f6ab1c1,Ok,5
b197e9a4-5d3b-4e3d-9b51-33a84404f56b,Good,5
881e2a68-178b-458e-ba7e-27b4bd07af20,Need to update my messenger as said. but in Play store not for update. What happened?,1
997ffba7-bc0c-4982-bd6e-a9d32f05f1bc,Null,1
f71bbed3-37f3-4edf-95bf-ff8cc900a2a7,Bhaut accha hai,5
11251b89-323e-4bbd-b9ed-3de4330805ad,"Touch and hold a clip to pin it. Unpinned clips will be deleted after 1 hour.Welcome to Gboard clipboard, any text you copy will be saved here.",2
48de38b0-2b62-4ed5-b2b8-1811d1874f9c,Alhamdulillah,1
4a21aa1d-fa7d-4626-9890-808529c8dc75,ကောင်း,5
886f2bc2-a3ce-4b79-86e0-c8b038f36098,Verybad app it sucks everytime,1
9d8f7ccf-765b-43c4-b563-8198f360d003,"The app doesn't send any notifications unless I already read the messages I got, constantly stops working at random, forcing me to wait until everything loads and restart the app a couple of times. Messages are either not sent or sent to the wrong chats despite texting people I want. This is very frustrating and disappointing. Other people I know have similar issues with the app as well.",1
8aab0360-4743-4726-9025-5e46977eed48,Very good,5
b5119740-d14f-4e53-b72e-c64d1fe1b8d8,Haven't had any issues,5
342816e3-46dd-4bb8-a381-8b3efcc9cd39,Good,5
d11d9d96-7531-4e2a-9f23-375c300646e3,Remove the end to end,1
fcdf2c48-261b-405e-ac7d-a66406e0d8fa,Oh,5
0a8b85a8-11d6-4900-bd6f-8f3a21b7a6d0,HINDI NA SYA NAKAKATUWA!,1
0fcb1034-6314-42d9-8340-3f66bff6a2fa,New update we not like We can see group video with together,1
5afaddd9-9b8a-4292-9452-0f904bef00a6,Nice,5
e0ee2754-a5c5-4ab8-8a9d-46274060539f,Helpful,5
2777f069-5577-4219-af65-a812037dfa1a,satisfy,5
1be678ba-7a86-4206-a33c-bb7edaaf1517,Old pick back plz😇😇😇😭😭😭😭,5
9249e179-a1fc-4b2f-85a8-2fc654814683,🥲🧐,5
65156e68-d30b-4668-9511-420d7ba245ce,like,5
a54c305a-7b66-4603-bb78-69d5928c7327,👍🏽👍🏽👍🏽👍🏽😂u,5
4575027d-4db3-43d2-a12d-6f62fe5e6cc8,خوب,5
d12448bb-2b4a-4e9e-b965-b8c23f5a849c,binawasan ko it one star hay uwa man nana ako gina chat😞😞,4
87ffeb32-a4b9-45ae-9d73-d2c60afa9562,Anjaıl,4
d86be426-02b1-4827-932d-ecb180720e87,But it doesn't want to make any call to me if it is a voice call or even a camera call 😞😞,5
e28aa0f4-32e6-41cc-a4f4-720c2fb7c211,Brilliant,5
2d61660d-0b52-4ac9-b720-7b1b2a9d0e1b,Its sucks not recomend this new version,1
028b982a-cad9-47b8-885f-2bb605914066,Good app,5
87967268-06c8-4f24-80d1-583b796fa43d,Nice,4
68910126-ebb8-4da2-9dc1-11ed18ad7da3,Alhajiousmae,5
79a06648-99a8-4d24-914a-ad78317feff3,Good,4
6e512d38-92d0-463e-b6a2-03642fcb6501,Mast,2
15a5c713-02e3-463c-9bc2-1fc991056330,It a good app i love it because you can see status without internet 🤩🤩,3
eaf2283f-8b15-49b6-8ef5-155678fc8aae,Rai,5
4f8aa988-ce68-4ed9-ae5c-497602b7980a,Nakakabadtrip ung end to end encrypted. Kakabanas,1
1fd93c05-e5df-409c-b935-274d7666b158,Why you remove watch together in video call!!,1
d863d38b-fef8-4148-9927-e35eb57e7e85,Good,1
b40d11c8-02a7-4848-8d74-4b9a61ac0810,The latest update broke it. This stuff happens every few months (update june 2024),1
a235123a-11a1-43fc-ac9a-d85859c68c5d,Ok,4
734fc73c-e7df-49df-9854-6cfed50b635e,𝒱𝑒𝓇𝓎 𝒶𝒹𝓋𝒶𝓃𝒸𝑒 𝒶𝓅𝓅 upto 2025...,5
9b8ebbb6-96b1-49e3-b482-670d6e0f83bb,excellent,5
131afd3a-6cb1-42d0-8daf-4f85a5aa3d84,Good luck 🍀,5
789bfabb-2152-40bf-989d-2716ae72bb5a,Beautiful,5
d9d02746-3dfc-40b3-9b43-c5a2c0a7b8a7,Good,5
80ec3fde-7385-462f-acaf-763136dcf550,"Since you have the end to end encryption, there is inconsistency on calls and behaviors of the messenger.",1
1fe63ec9-4120-4041-a66d-22f77722288f,Worst update,1
ec4ae7fe-b97d-4bd6-a511-60c9f555a336,Pota oag ndi updated nag lalag mga b*b*!! Tang*n* nyo globe/tm,1
f926359d-4b2d-4e8e-bfb2-8855adec4ee7,Putol putol usapan,1
5fad3a79-83bc-4af1-bf14-f13cb5a39c59,🙃🙃,5
0fe15d1a-d080-4f14-9fc4-0484dff596ec,Nice,5
4185913c-7428-48de-b468-e219ff83e7ee,It's nice to see who you are talking to.,5
e31e2ce6-c090-4992-8315-23a7b25dd424,Walang kwenta damning nawawalamg chattan hayup,1
22726420-5f0d-47c9-b78a-c1ba7766d86d,"Best app for massaging, chatting, video call and group call..",4
77a3d270-8d58-41e3-b6f8-edfd53ba89ae,"Messenger had been working great before, not until meta change more nonsense features.",1
aa023353-0a57-4b9c-8220-8b754c3e5d2d,🤍🫰🏻,5
1f45d5fd-03b1-4b48-9e42-290872254c6f,Excellent,5
0dd45e13-442d-4e88-a89a-abae9771a661,Im very grateful this app is so Easy to use...,5
4fd7fc44-0da3-4edc-869e-d482573f5c0e,এক্সসিলেন্ট,5
ba845bc1-f367-405f-b8ab-681c3e02c9f0,"Haven't been able to use for a couple weeks now. Freezes up and displays a message saying ""something went wrong,"" well, uhhh duh! Fix it people... It's showing that I have 3 unread messages and it's driving me absolutely crazy not knowing what it says or who it's from..I've tried everything as far as restarting app/phone, deleted cache, deleted app and downloaded again, nothing is working...",1
d2794cc0-89fd-4508-b672-806be953521c,Babakamranjee,5
998076f6-c7c7-4371-80da-f62e3cfe34d9,Ayo you're boy is back with another review and the updates are bad 💀,1
c9eca9cb-155b-4088-a14c-d0f7f430dab6,Good,5
d9da6691-98ab-48e4-b38c-2f15b8b7c043,Why it says unable to send,1
46797e7f-57d8-40f7-8463-97aa231b13fa,"Please remove the ""End to end Encrypted"" We didn't just talk for a day, our chat suddenly disappeared☹️ Just because of ""END TO END ENCRYPTED” please please please remove it now. And I hope that if you remove it, all our conversations will come back. thanks! :)",1
c2db938a-269e-4317-8e5f-047e83dd693d,Good,2
66577f63-b834-45c2-8f70-c5ad76a49b02,Fine,1
49849396-daf5-45ad-8145-b611882cda82,Ok,5
37b7caa8-8a22-483e-9ce1-4bbca45bff47,Great,5
0b9b3a6d-e547-4989-9897-ba5d65c7abbc,nice,4
39b7c131-23e9-4af6-a7e2-3627e3a45679,Very good. Magandang makipag connection s mga taong malalapit sken at s iba p.,5
e06dfaf8-6ced-490e-8dba-0adc0599fece,Verygoo this app,5
3495d1ff-493e-456c-82bf-1f1293482ba2,After I've made the update now pictures I send are not going through why?,1
79e15648-1631-4947-9934-3f9c426dffee,ਬਹੁਤ ਵਧੀਆ ਐਪ,4
eca3b19e-872e-43e3-afdf-6875f0a74fee,Excellent performance,4
95a58b24-6829-43c3-9eb7-0b5a3d2c99ed,"Connectivity and lag issues. I've never encountered these before and no matter how much I clear cache, the issue doesn't go away unless I uninstall and reinstall the app. What is happening?",2
66a75c95-da40-4b8a-a21a-07c3fea867a3,"Good and safe, it is commendable.",5
6c3e1855-a48e-4de1-9645-86ec62b1a2c7,Thanks for your service,5
c4537e2a-40f8-46e3-857e-3a6879a8f525,Good services,5
edfcd20f-f176-461a-a79b-8414d2020201,Because good,5
2bf26c94-454d-45f7-a8af-32b7f3fa6c3d,Patangal na Ang end to end at yang pin na yan please lng,2
64ebb4cb-11a6-47dd-b30e-f8ae71965c99,Love,1
3c698e97-f7e1-4524-abc2-c4db8f5bbe86,Good,5
bb5f5301-5116-4c24-bc9a-d5d76dab1cce,Can you please bring back the ignore message for group chats,1
34c5aac9-c091-4329-ace9-943d7a736c0a,"I have bad experience, the person does not received my message and he cannot Send any messages to me",2
34a2b2c3-54f8-45a3-b15e-10e2816a21e8,Good,5
c31ab2b3-0e5b-49fa-afd2-0d9cbea1f756,Lik,5
9ef67491-5bd8-4682-bcfe-9ce5b9fca92b,Useless,1
e7392a2c-8665-47b3-81c4-99ad529c058a,Good and fast message,5
d3bf34f3-c237-406d-ad73-e7a6eb699892,JuhnjuhnFaburada,5
6e16ad1a-32b6-4d08-8b10-d0ae096f013f,Bring back the watch together feature.,1
a6112284-228d-4cee-a303-d9a6f3a4ca73,Good 😊😊😊,1
a1a44f84-2912-4040-875e-dc989b340cbe,When i open front cam theres picture behind me never removed even if i uninstall it and install it again came wtih same picture behind me in front cam video call please help,1
0b3bbf9a-9573-41c9-97b2-2a4cdce61e37,🐒,5
0aae335b-e4eb-4c5b-9b19-2f1f92bcf54b,Excellent,5
525a40a6-1ae3-4805-a610-0e0d0dbfa11b,"Terrible app always breaking down, you should be ashamed of yourselves 0 star review",1
b9815f55-8c91-439d-9b26-81c2bb28b53b,S.. Chinax..quota asaasmss Nb Ssw mp,3
f809c6e7-d320-427b-b1cf-d122696038c2,"Very slow. Messeges dont load, cant send photos, cant send videos, cant send texts, cant recieve calls. The app doesnt work properly. Very slow and confusing. I cant log in to my old acc.",1
8adc4a73-b88f-45d3-8e81-4e5fad48e9ff,enf to end nooo,1
bf58e1ef-f0c8-4094-bdfb-f11f1fce03e4,I hate the app wpow to updating,5
d2625684-ab42-4979-8ff3-d904248bc9af,",🖤🖤",5
c586c345-59e0-4b40-8e34-6fec3657350a,Nice apps,5
3a8230de-4424-4931-aa47-ac3e37fb0ffa,🥰,5
9985f0bc-77ae-4914-9c0c-bd022565a4d2,So bobo ng update nyo,1
e46a5679-3d2c-49be-8433-bb25285678c3,"I'm so upset that everytime I log out my account, then come back, my messeges are gone. Because of the end-to-end encryption. :(( I can't even see my old messeges anymore. Please bring back the old meta😭🙏🏻",1
f5a5d7e5-f4a4-4941-a08a-ed124b07f958,Quality service,5
bf551f2f-020b-4ed0-b360-a5d0ba0aa7fe,Good,5
8cd3a753-61ae-49ec-a7ba-e24e3faa27e2,I cannot open my messenger app,5
f157f254-ebbb-4916-a6d4-821cee7abf05,UPGRADE THE WORD EFFECT WORD LIMITATIONS! ITS ONLY 50. MAKE IT 100 !!!,1
2ca0c019-68ed-494b-84e1-620f1d379e75,Good,5
0bf8820d-380b-4a0b-bde5-5b743606896e,end to end encrypted,1
d2dd9b26-9a36-43fb-ab64-35a39738e968,yoko ng end to end encryption nadelete tuloy convo namin ng ex ko,1
68d7f80f-4c74-4e10-911d-faa558c7a2fe,"Absolutely terrible full of glitches going to uninstall, I wanted to give it 0 star's but there's no option for that 🤣",1
4eca1b8a-a14f-4241-829d-5c1e3f9fba47,Good,5
ca9aee27-743a-4eb1-9750-63ea8019576e,Rate star5,5
47102e74-1c2c-4c34-bfd5-d1cda3e78880,Working well but now I'm not able to hear the others. They can't hear me. Also Meta has updated app where your not able to videos in order to share with others.,2
952116cd-c4c4-492b-bed0-71f4a339e295,Nice,5
fc128071-d005-46b0-a752-bfed9bf61d17,Zero star!!! I hate end to end encryption!!!! My old conversations disappeared!!!!,1
73d9168e-aa0a-47fd-881b-def1dcd189ed,A beautiful app,5
5a61429e-c8f8-44fc-a789-22ba3a265806,Walang notes,5
d4e5326b-7416-42ed-94c8-64c8913f720d,happy to use this apps,1
8a90a1cd-d995-4393-98cd-a938c37d37ed,🥴,1
855d140e-3309-41d7-9057-61c6676e16b5,"Messenger up stuck in screen, can't scroll. Old messages deleted automatically without any reason",1
46376c8e-fd6a-40a1-8fde-928bcd11a660,End to end encrypted 👎🏻👎🏻👎🏻👎🏻,1
330e2032-19d8-4a7c-90cd-7aaf52aa4dca,Stop end to end fffffff,1
763ae28d-b6f9-4c28-a813-a092ef1621fb,I like,5
33412027-f38f-4db1-a501-e67ca9c21b7b,Love YOU,5
088943d4-e96b-404a-8a2c-5b87c2968d4c,Excellent,5
4ff8f12e-13be-4b91-927a-6e30c438d87a,"Keeps removing my messages and saying ""it's not available on this version"" and when i try to update this adiot app.. There's no new version because i have the latest one",1
f057ef05-1710-44f9-bc2d-b67e25d7d046,Satisfied,5
ad2b9a48-1fef-48d8-821c-3ef29f046f62,Half the chat heads don't load and most of the sticker won't either. Is always wanting to update and that makes everything worse and change and just look bad. It crashes all the time. Apart from that it's ok,1
1422ec33-f0e9-4584-b8c0-33b6afe26150,See,4
dcc25a23-d871-4d39-b033-73cdf088e85e,"Good evening, Mark Zuckerberg. I hate Messenger so much because it wastes too much time with E2EE, and I don't care about new features for Messenger. I hate all pins. I feel stressed deleting all my chat history. I want to cancel E2EE. Please! Please! Thank you!",1
f90373f0-340e-4f2e-8dd8-7dee1631ce46,Very nice,5
8b16b01f-16e3-4860-aac2-887e4da62ac7,Asmit ke kaha ho,5
18576367-8c4e-4af0-9968-4397b116fcf1,I'm sick of it always closing out,1
d5b38070-6932-4a90-b3f3-b97b009b4196,Best,5
a523c490-8fda-4e3c-9aed-0a413df77fd3,"So nice to talk, voice cal I love it",5
4daed7a6-5518-4b90-82d1-d4832e663376,Call list show kre na...very disappointed 😔😔,1
2ddb2230-4233-4d69-bcd6-82b5d51c5403,❤️❤️,5
23ed273e-3f4e-4ada-b460-68f49c9a020c,panget ng update😡😡😡😡,1
c13529ab-5891-420d-bbf4-7f9a304d67a0,Good,5
af3904ee-4748-48bd-ac19-a68d7e5769ef,end to end encrypted auto Be,1
6d3ecce3-f16b-45af-bc38-de6cc2174fc4,Nonsense,1
ca058c0f-7549-421f-affc-68582f19a57b,"I feel very sad for the last update of messenger!! Chat hand option was very usefull But after update, The chat hand option is changed with ""Bubble"" That is very inconvenient. I feel very annoyed about it. And after update, I can't reset my end-to-end encryption password. I have logged in a new device, I can't find my conversation! I have gone on Messenger➡️ settings➡️ privacy and safety➡️ end-to-end encryption➡️ but after there is don't have any option to reset my pin. So, I solve it,, plz🙏",1
7ce667b9-12cd-404b-b482-c910f07d1819,I can't open my messenger,5
e8958fba-b785-4ede-9907-c7b2d48917b9,Nonsense,1
46c64573-6913-4541-ad8e-a520c9fc1847,That's good More time I use messenger,5
f67978d1-df8b-40ff-90d5-a1b6bc23ae68,some of my messages i cannot see,1
7e7dd22f-9071-4b32-80e0-09f0e8a2dfdb,"The app closes itself when I try to open it. ""Messenger isn't responding"" pops up. This has caused lots of trouble for me.",1
bfbe69f3-d94d-4de7-a57e-217494d1613d,Please remove the end to end encryption it not helping its bothered me always,1
9c35f5c2-01ce-4d2a-9510-c433a1a5f49d,Update,2
b921219c-025d-4b87-8b3a-976a15ad87ba,আলহামদুলিল্লাহ,5
44f0ad3d-f807-48b8-9658-219e308162ee,ሀይ,1
9c7990eb-21f6-40c9-b557-90bdcf9c2162,Super,5
d387c55b-21ab-4f5b-b69f-a4d64fde8624,Great,5
6c87c4d1-2fc6-4feb-a4a8-cc1c0037d6b4,Not supported available videos,1
be8ae654-eb3e-4795-af3a-50252cab93ac,Nice,5
b91fd816-1c89-468f-99ce-d326c5f0acc3,"I don't like the app anymore, the update is useless especially the end to end encryption. Useless 😤",1
e0ed07ff-5690-42c1-9192-17da6b3599f0,good,5
0b638751-5488-4dc3-9b31-0af139469e5e,Wow,3
db08ff8a-4ac5-448a-b7b8-7229067e4d31,Its ok,3
30dda321-1c2e-4ad7-846d-6787ffda2c24,lag,1
90386c20-b33c-470f-8344-c9dcd498abbc,0/10 🤬🤬🤬,1
4b10357d-6156-4394-bbe0-c9f284488ff6,One of my best App!,5
2648de52-5680-43ff-ba8e-1adccfd27a3e,Ok,5
e0c037f0-32b8-4a15-bc03-7ed8be091fa6,Unlock fexil single account unluck private unluck,1
cd3a56b7-e1ca-4077-bf70-dfc0de9b5bba,I face very bad experience. The messenger doesn't open. It always the technical problems. We will fix it soon. That sucks. Your platform should be bankrupt.,1
eeabe0ec-6dc7-4bd5-a78f-b69118fd0b0e,Excelent! Easy and fast.,5
5b7586ec-f32f-4b92-ae8b-d90527be7d2e,Very nice apps,5
b59671b0-1d06-4710-8710-5ac372b2c620,Okay,5
cac6bca5-056a-4b36-a166-51b369f33191,I love the old version of messenger please bring it back😭😭😭,1
3e50db7f-12ac-4d80-b43c-13178592aad6,Al,5
d13257b0-e42f-422c-8961-2489a90c5b34,Nice apps,1
5c4c73d7-b71f-41f7-903a-1a313f58f22d,Jio guru,5
52731288-e7a8-40a7-8924-b533aa9c97c6,Good service,4
edf827b0-15f0-43bb-94c4-112cd9bca710,Good,5
c3211f1c-e4b2-473b-b866-4537fec93b3f,ok,5
7b7d23f0-7551-4cc0-bcce-a6e41015f552,"It got even worse. ""This message is not available on this app version"" is probably the worse thing that a user of this app can ever face",1
d2e8dcc0-81ec-47c4-a00c-2681f44b5c4b,All of my friend using messenger,5
0bb1e427-2868-491a-9f3f-ef76ab21e423,I like the Facebook messenger,1
0e5631ca-2cfc-4282-860d-398264b37445,great,5
b73099bc-c9c9-45fc-a95c-3853f16ec495,It's really an amazing app,5
d12c86e7-a897-40f2-b580-4dc193545909,It's Good,5
ad39d372-a05e-4f60-8b12-fdc13be7bec1,I hate this apps sa loob ng isang araw nakakarami aq pag download nito dhil lagi nagloloko kakaasar. Dati nmn ndi to ganito Ayusin nio nmn ang apps nio,1
31ac42b2-249a-42d8-87fc-7762ea1f9600,Good,5
a5fc5b8b-47c9-488b-926e-44bf9f328ffe,Ang Ganda talaga nito,4
97c44306-5922-491b-bba8-bbe16b2ef8e0,Great 👍,5
05cbffed-b927-45ab-b1b1-20b089c4e4db,"This new messenger update is ugly because our convos are gone, you should go back to the old messenger",1
71807fd1-3bda-40b1-afdd-cde4f1cceb68,This is bad app of the mobile.I think not perfect of our life,1
c08c57b9-85b6-41c1-b2ae-b96b3fe85504,Very nice,5
16998809-4eba-41f0-99aa-855c84c49d06,goodwork,5
34d67fe9-a4c6-4f2c-a675-2fcead5849a8,good,5
21769f58-e8e8-4da6-a759-6f12f8fdb1e4,With new update messages keep disappearing even though vanishing mode not on 🤦‍♀️,3
d948a150-0bbd-4941-8b57-895ceb25aa37,🤩,5
d3984271-cb14-4dc1-82c4-b67310d7bc7a,Good 👍🏻,5
7979747f-d0c0-444e-9cd7-d9f4d438d5cf,This is a good app,5
fcacfffa-36bd-4175-ba2c-15b64d140186,Fine,5
21d48e42-c5a2-4021-864c-3b8f20443a4f,sometimes my messenger encounter hunging up,5
be10e3fa-a2ea-420c-8b46-df733a149ccd,"bring back the old setting, worst version ever. end to end encryption is the worst.",1
9bdc936e-ce76-46e5-af15-c8833a552b19,Terrible update.,1
615cf762-78f3-44c3-86c8-03ecbe77b73c,💕😍,4
0db3afc5-0f5a-434d-8ae6-f92a05be557b,"Don't trust them , I got a message from then stating they were monitering one of my chats I thought wth. Then before I could screenshot it it disappeared.",3
5e25a7f5-b840-4df0-9dc3-60fc3f14cf84,Cant see messages,1
229b59f8-679a-4a1b-a30a-e2d6b17e16fa,Verry well,5
67d978d2-b127-4ee4-9693-4fe6ae4d3398,Old why my manager is going to take more distribution of entering,5
94b08a3a-d2d5-472a-97fe-9505c62423d6,"Won't allow me to send videos from camera roll. All app permissions are allowed. Can take a video and then send but camera roll won't work. Comes up with ""this message is not available on this app version"". Tried uninstalling and reinstalling the app and turning phone on and off and nothing. Very frustrating.",1
9e483c45-3a35-41bc-b459-3575fb44a623,nice,5
e9d43070-eeae-454f-b9a4-b26e3d0e3430,I you can like this app or you can be scared and hated that if you try to teach you the things that you want to conversate with why not teaching up being scared of the Moon,5
6600243b-d249-48b0-945f-0677b1486dce,Hate the end to end encrption!!! Can't access my previous m3ssages.,1
d72091ac-e946-407c-b98e-7c497aeaa134,OK GOOD,5
3a44ffa2-ef96-4b32-bbaf-9e03b820db6d,"This has been my go-to messaging app for years but is now so frustrating to use that I, like many others, am quite seriously considering switching to something else. Since the end-to-end encryption, large chunks of my conversations are missing including important information and sentimental conversations. I cannot swipe to view photos sent in a batch. Videos wouldnt send for a long time and will now send but take a very long time. Group chat videos will go blank if someone else clicks in to read",1
ff069ea0-67f6-4348-8444-e2eaa18ddc85,I cant open links on messenger,1
f3822968-ce67-463c-8b05-36848524ba3c,food Ball,5
6c37b6c3-2bc5-41e9-b036-80e949961008,"It's getting worst I always uninstall and install the app everytime I open it,when I opened the app it's always loading I can't send or even received messages.",1
22f69125-ecfd-458e-b8f5-ad3886d75111,Maganda namang po,5
d0a544cc-fadf-4dc1-938b-c393048a6535,Excellent,5
88469cc1-4025-41fe-b883-0cf181f10eed,I can't see my mssgs,1
5bec2bc5-562c-491f-816a-af2b0bd980f8,so beautiful,3
79cec6cd-36f4-49b4-adec-67526fc55973,"It said ""You received a message but your version of Messenger doesnt support, please update Messenger"" so I enter the highlight link and now, i dont see any new update! Fix your app! You have a lot of trouble especially in account sync to fb and this one... How if the message is important?",1
2c75e228-0956-47d4-8375-c3c707116cad,"Thank You for This MESSENGER APPS... I VERY USE IT LIKE A TXT OF SMS. YOU CALL OF YOUR FRIENDS,BUSINESS PARTNER OR YOUR COMPANY TO YOUR CONNECTION OF COMMUNICATION.USING DATA OR INTERNET.",5
6678a6c2-5c00-43de-a3df-913bd59ef10d,Ok,4
aa001bca-5724-48bc-a274-66fe81c65c83,nag baback.,1
087abe90-1784-4238-9788-c5827813f791,"My account Has been deactivated since 17 June,I have submitted all details again but ,my fb has not started yet.",5
e9f3f75a-8475-4f33-b92b-7af2c974b7ac,Ajaykumar,3
d8d55a92-f54a-415c-9923-33bcc124e6b9,Good,5
210ca0d9-0331-485b-a214-3e0b2ec69f1e,Nice,5
195a312c-4c62-4897-9df0-e69524167341,It's okay,4
c92a659d-739c-4b14-83d6-7e00a5d5e746,❤️❤️❤️,5
e87cbff3-7d46-4611-ab29-519f15977997,Very good,5
d3e60ac6-f572-44d7-ac84-f7a8572a81ff,Very fast message,5
e976f36b-d3cf-4f79-8996-7fa91646fbfc,Messages not coming in when someone dose send me a message on the browser they show up but not here,1
2acbeb30-4f72-4c17-9b22-c02295be3396,Very nice,4
fca42f72-0fbc-4920-88b5-74f86606f6f5,Good,5
be5aa990-7132-44b7-853e-3de5ca29c24c,SAkmR,1
c1681dc8-2e51-45ba-a52b-a3f740ee0821,Coolest app ever,5
855ed544-bd68-4321-afa1-6165e1478c31,Pop up is not smooth.,1
066f3b37-f0c4-4226-b113-bd906fc470de,Nice App,5
d9c9b817-ec58-4443-a17c-374cdedb9eda,Nice,5
d5afacd1-4b5a-4961-ba6f-0f834bd203a5,Not good,1
c851c07a-160f-42a5-bd4d-f4f58182d07f,Good,5
dabd7339-9cbb-4a54-a12d-55a55127a359,Very good,5
26f9af0f-ccab-4729-a9c9-51e99a7c3fdb,"Its been years im using fb messenger . Been helpful . I can use it for my friends , family, and business for my documents. Just great! But late its different since meta is running it. I nned to reinstall abd uninstaall ao that u can get tefresh my messenger or else i cant use it..im not a technical person but my old knowledge in computer do help me to get by. Ut gas file sharing whic i like because i deal also with documentation . As i said sometimes it mess up a bit.",4
4ddf3cb0-797d-4a2d-9615-bd5636884ccc,Excelent,5
071f5b52-ad45-4519-835f-ef3d742a3e2a,good,3
bc2909a5-e384-4756-846b-af9a00bdf10e,Too many changes all the time,1
40978232-0a68-40ee-8021-804696061246,Good safety,5
9b8902c7-bafa-434a-9ff3-88d296f5dc38,Good,5
a873fefb-93b7-48e5-8faf-46b6a067f6e4,"., ..., , , .,. . ,., . . ,,, . . .?,, , ., ,. , ,. . .. . . . .., .. . . ., . . . . , ? ,. ... .. . . .,mm",4
5e8d671f-6811-4920-8d70-3ce771f29b1c,Awful,1
faeffce0-320b-48c3-8158-272c1e6d7a67,nice,5
76775e31-1153-449f-adfc-36472791ebcc,Good for me!,5
e264f2da-a7c6-4f46-a86b-a76c6d329a04,Search function completely broken,1
1df66356-9ed0-425f-94a0-d607aebbdea9,নাইস,5
9be3e2b2-2b42-4587-a894-35ac28428d36,Garbage. Have had an issue for over 6mths now where I can't watch videos sent to me. Over reporting it and trouble shooting. Don't waste your time people.,1
db3b54dc-43f1-4cf7-a82e-ceba4b3603d9,Nakakainis bat ksi malapit sa bilog yung vc nayan pochi!,1
5c7cbc86-6cdb-4206-88d0-9c41a2c252e4,Great,5
9e8d6cee-38ac-4781-9cea-a7b4ca3fab3d,Horrible app,1
bf6a3ea7-f677-4790-a98f-2c7d825f30c3,it is pretty amazing,5
3aca288b-5359-4e4f-90e2-b29aaeac1f54,Nice msgr all of time,5
f6b8d6c5-032b-4650-af66-709d1bee5e52,Remove the new update end to end encryption. It is very unsatisfying,1
423fa316-626e-40a1-b4da-bb3259f69600,good,3
6284da4e-ba00-4b4f-a303-b2f1809c0660,only using app very happy app good app,1
f730514b-c25a-4033-82b3-ce5c3913e463,Thank you messenger i always chat my family,5
965ad196-7117-4434-9e09-35dbffbc5148,It's good apps,5
c3f1733f-e561-428f-ba10-926792ccbfad,Was like every other texting app,3
66a6d2a3-6692-48c6-9fe5-350ac2a1c5fe,Worst version i can't send videos after this update 😡😡😡,1
b0972b75-2875-4f39-827a-45445468e515,Good,5
6dd45659-b210-462e-a250-ff2ed77ee48e,"Like many other developers, ThE gReAt MeTa just couldn't leave well enough alone. The end-to-end encryption is great and all, but now, there's a bug in the app that shows my entire photo roll when I try to search any album for 1 particular image to send to someone. The PC app also needs the edit option. I'm tired of having to switch to my phone just to correct a typo. This is especially bothersome if I leave the phone in another room to charge. There's much that must be done here...",1
96dd0164-5186-4259-b253-31daf651a3a7,Sometimes i experience hard to open it,5
7f1a8839-efec-414a-90c4-78e5583e48c3,"! ! , nnn",1
41305692-2354-41c1-8de8-b79add534223,I think Facebook isn't bad to make friends and text with your friends that's great for me ! 💕,4
957b085a-3489-413c-a0e1-90a8752fd8f2,Very good and nice,5
5d91d2c8-1078-40de-ab9b-55900c4f3ce7,High meta,5
9bd02ead-1045-4005-8ca3-386f3612c33b,🥰🥰,1
519992c0-f4a2-4f71-b345-1d712bb6b7e3,Very good for me and reliable only I can not install it for the past two days now please help me out,5
482fc87b-e952-48b8-a888-31de18bd12a2,This app good and faster service,3
8af83b43-4c21-499e-85b6-ace4ed207541,I like Movenpick Hotel ♥️♥️♥️🫶,5
98c303af-904f-4653-ba03-71bc08393bf4,My Boyfriend is so handsome 😍,5
e616a39e-2b56-4906-a565-52993fab788e,so far so good...,5
e88212f0-f7b3-495b-b8da-44e0d7c76e7f,"Was good when it had chat heads the new bubbles is and inconvenient pale shadow of chat heads like they've gone backwards and given us the trial version of the complete product, hate having to open the messenger app either through bubbles or directly to access the chats I want, the keyboard glitches over where you're typing so you can't see it, and the whole thing is too small, with no ability to change the size. Tl;Dr I would give chat heads 5 stars but bubbles needs to F right off",1
38e71120-a504-4c9d-9e4c-7fed690c51f0,He is very nice,5
0b9d9516-d006-4e81-b9d1-9cc4ac33cd4b,❤️,5
1c4c9627-8da0-472f-96bf-dee49b0017e7,Not responding,2
ccc4ae92-ac65-484a-84a4-17f3945694fa,All updated apps now are all trash cant use well not unlike before its so users friendly now becomere complicated,1
fca77e82-ba64-499a-a3e5-287dd9b9a4d4,G cash diposit play store via loading centre,1
918b4083-093f-42d4-b832-d5b7b5412c04,good app,5
755531a0-96dc-4d86-a5f0-4a515bd375ef,"Constantly wont open images saying ""couldnt load high resolution image"". When I log onto my computer to view it, it's just a GIF from the app itself. I've tried un installing the app, cleaning the cache and all the other trouble shooting things. Nothing is working. And meta don't help.",1
55cadb9e-3169-40b1-ad05-3d3374f192d3,Super,5
aa5cf9ad-1a5c-4035-9a3c-477f44d18e1c,Messenger is top friendly and fast to reach the entire world.,4
fbe6a9f7-8c5c-4f60-9b94-7d7fbd2cb6fd,হাই হা হা হা হা হাহা,5
38999aa7-5fa0-41bc-9297-562b17be014b,"1/5th of a star 😎 July 1, 2024 ... Just MORE of the SAME !!! Meta F€ked THIS ALL UP... P.O.S. App... Constant Ads 💩 🤬 And WHY can't I turn the sound OFF for the advertising and stories permanently 😡😡😡😡😡😡😡😡😡 without jumping through the hoops on FB ?????? STILL Stealing my sound of what I'm listening to... Come'on TEAM ... STOP with the Mandatory Anything!!! This is MY Phone... Wanna Buy it back ??? IT'll COST YOU A BIT MORE than I Paid for it... 👀 🤣 😎 😱",1
073a8672-1c25-4f69-b17b-971401f8da85,მაგრაია,5
cee421a5-f606-4743-bf61-1ad03a9e5991,nice app❤️❤️,5
37c7e545-a96a-4419-9875-178586e0c439,"This new version is not impressive at all,if you block someone and unblock them,it remain blocked and you can't text them if though you have unblocked them Do something about this.",1
c26d7a75-c72f-4d0b-8128-b51640689354,Jaya malon 19 2001 Messenger,3
34ab1d54-2013-4d33-99d1-fe2bb20f0fa8,Nice,2
a40ddcce-ac04-40ec-b9ea-9e434e01177b,i hate where the new update has end to end encryption it's annoying in every way bro :// remove this freaking update bruvv,1
e38a2323-ebab-4739-a8af-8f9c7672a9a4,Very helpful,5
dc13e5f1-7e0f-4b11-8b2e-b6cd9e562137,good 👍 ji like me to,5
bd83f285-6a36-4ccc-b2cb-5181eafca4cd,Koong foo panda my bish called she's a kookoo kaakaa,5
e73bc51a-d86f-43d7-aae5-50e42edd5aa5,It's really nice to call others,4
f4f98d25-d5a0-4298-9f2d-e7078bfc8ad2,I love this app,5
4cc9b6b3-c018-46a4-9e90-6ed2e8f03ebd,Super need this app,2
0cfc5043-1f46-421b-9557-70ad3db917f5,Day r,2
3ec88c0d-6e41-45ac-a00f-6cb17a564d0b,Nice worst version again thanks dev,1
b9930bf0-9ab8-4e75-aca3-d2b87187e320,Good,5
c1107bf2-c4e1-4725-a9b1-b418a8968e3e,Okocha Ejindu Robert,5
35686550-7ab0-47ea-9d07-55afefc77560,It is just amazing,5
d85d38dc-0727-4c5c-9e8f-c0f211657b8c,Good,5
e4d56079-fc09-432f-b681-399d940f503b,غ غ غغ غ غغ غگ غغ گ صص گ غ ء P گے ص ئزثو۔ 3- ںغغص صص غن،نںڑڑ غڑزںص,1
cabd9a18-379f-49bf-82b0-3797ef0e51b3,I cannot anymore use in the other acct.,3
f77dc4f5-7499-4a6d-ab7b-81ce00adcd82,I want to log in by messanger,5
b43fac71-8cf7-48cd-973b-341e16792b23,This messenger is very good for messaging 🙂,1
666eb0b0-2e08-4246-af3d-058f4b317ca2,It keeps me in contact with friends and loved ones,5
66b61dcd-81dd-4214-8fa1-c3af9c06ab8e,Care nc,5
3b931a44-bd67-448d-9466-3d9ec3fa564c,My messenger don't have a highlight feature 🥹,3
775a0ca5-1b6c-4141-83c6-671c71864a3f,Nice app,5
e5561784-0011-4ac5-8b94-04dc26908e28,☺️,5
9be0ee79-0531-41e1-bfd1-9bda6cc784e9,Goob,5
8561e8f1-edb4-4347-87cf-6298a847ef1d,Mohitkumar,5
a07122fe-5c3f-4959-9d77-1224b3a3f429,I do have this before and is helping me a lot,5
637729e1-e044-4b33-afaf-53ba0407a966,nice,5
63be5678-41f8-44d4-9b98-2e6749958f3a,Nice app 🤠💯,5
c134b02d-49c3-43ef-9723-121eb28198ff,good,4
b2348786-85af-49b5-9974-0fe2fa95232c,boss jayrold123,1
860e266a-33e4-4b76-a2d0-3dc9561aa576,"Dear, your new update keeps on failing. Your end-to-end encryption is very useless. I can't even read my family, friends and Partner previous chat because of this useless update that you keep on ""improving"". JUST BRING BACK THE OLD VERSION THE LAST UPDATE WHERE END-TO-END ENCRYPTION IS NOT INVOLVED!!!!!;!!!!!",1
ac5fc919-0e56-4739-96ab-10f3b414b0a1,So Good In My First Chat With my mother is so watermelon nyeeeeaaaahhhh,5
a686a418-feb2-4bf0-81c2-cd7790cb08bc,Nice,5
2876ff04-f2e8-44e2-ac29-1bead4e5327b,good,5
6a750217-e278-4dbc-b725-df4b0f059d91,V good,5
82a3ada7-bce3-40f5-bc45-16fe53e23ffc,So damn version of this apps fix naman Nyo to.,1
d53c3c60-1478-46df-8875-384d1d0be89c,❤️,5
2eaa4a04-f1da-4177-9e4e-b2c6ecbc2b83,sobuj,5
b3af944b-32a2-4bca-bab4-61fe94296e19,Eyasin ahamed,1
df1f7390-9dbc-4f22-b1e8-d95f5ff89b29,Cannot find all the media that were exchanged and also can't search up a sentence by word anymore,1
2502ae4a-f928-4529-97ad-64f42118e7f9,Nice app,5
7bf28275-ebc4-4e04-adea-9c3a351bfee4,I hate end to end,1
2161a218-242b-4637-8897-18e8f86c6d7a,Good,5
b4a4dbf2-3616-49eb-9061-34f6225984b7,Good,5
d889484e-868e-4ea2-bce5-4c239d64b3ae,Pangit ng update nyo ngayon nakakainis biglang nawawala yung mga message,3
815d46f5-f6ca-4ee9-b85d-ea28c570ad9c,Thanks too.......... I am really happy..... Amn akta apps pye....,5
69fadaf5-2ea8-43a5-8566-d8d06ecd905a,phone,5
733b0468-1952-494b-a5e3-1e87bf00b754,Very bad,5
29170886-40c0-452f-86e6-9210e45b6b32,هذا التطبيق جيد جداً,4
1afc8834-908f-4a47-b499-3176a1bf357b,App always crash,1
4801f732-a768-4965-ace7-db2d465f081e,Nice,5
a653d1fc-9ed8-40f3-a644-91aaf518224a,Very good,5
ac77efb1-acc0-478a-8523-457e1bc72022,Nice,5
826f0b4f-2734-4e70-a350-54cbd6590a9c,Ok,2
4d28eaf7-014b-42bf-8e7e-b3b2d480551a,Message,5
4b5dbe06-0437-4092-b605-c01b2b9aaea0,Very sexy,5
277e0d3e-176b-40e6-9ac3-bacc7b058093,good,2
4b6c04c2-e7e9-4ba0-af31-3838a7bb4edb,how to turn off end to end encryption?,1
0a073c25-866e-462e-90ff-810f1214e05e,Very good,5
118cb02e-9856-4577-98af-ccc89857f550,Good,3
6895aefa-fab5-482f-9053-dc59b8ef220c,Very nice,5
ff1f69a6-a0f8-4652-8184-ef1f33ffc690,Ki,5
521032ef-2263-4117-9291-05fd2cce9d9f,That's were I met my future wife,5
99236c51-8329-474c-9619-427e8abc0074,I can't open it sometimes please fix that,2
42d8cf5c-573b-48b5-bf5f-f9a53c07517d,"pangit na ng messenger, palaging sending messages ko kahit na malakas net namin, may pa end to end pa wala namang silbi jusq naman. 0 over 5 ang rate ko rito. PLEASEEE FIXX!!!!!!",1
f24cec93-4d5e-40e3-a5ce-16668804948f,Di ko makausap asawa ko,1
ed252ea9-2bf3-4546-b5e7-e3863a6bd0e2,Super,5
0df516d9-6124-42c6-be99-120137ec883a,OK,5
49725f6d-ec6f-4687-b9cf-fd7337b80a91,"After updating to the latest version,I can't send pictures, and sometimes GIF directly on messenger. It keeps telling ""high resolution me can't send picture"". Please fix the 🐛 🐞",4
f1ecfccc-e527-4d98-ad55-b5e16acbe970,"Worst version. Made everyone confused. Struggles every time (sending, viewing & downloading files)",1
2ca4e3b0-d718-46b8-8539-ed7c03b0860f,Not good,3
5b28dc15-2bb2-49b9-80e5-beba003ddad3,বালের অ্যাপ👊,1
559c4563-3770-463a-b89e-e02be368fb01,شایسته افلوکیشن دی زماخوش دیافغان,5
f7b6cc34-1324-47e3-884b-de03f06dba46,Nice application,4
8b5e3678-d79d-4130-9230-502d31227f93,I love how I can talk to my friends and family members and not have to pay to do so,5
8e29a5db-51a5-4200-bbd1-409fb77ec397,There were now random ads in the chat after the update.,1
a28d97f4-c8d1-494b-a2dc-462975199f37,Nice Apps,2
ed9ae8ee-10a7-4acd-b6da-35280f8900ce,Good,5
ac214df9-d929-4386-8c19-1e0387ebd81c,it's good,5
bcbee02f-810b-4c69-8a55-d952dd8bbb8d,Mast hai,5
cc3e4722-8237-46ce-a816-ae8ec836e279,Very good,5
49ae4e72-8136-4d12-b9a4-8bf391d31014,I don't know I don't receive msssgs. Need to installed this app and installed again?,5
0900cc98-a3f0-4f14-b68d-b8cc791e97d0,ang pangit na ng messenger ngayon simula ng nagka end to end encryption pag nagrestart ka ng phone nawawala lahat ng messeges sa messenger sana maisipan nyo alisin nayun wala naman silbi yun. Tapos napaka lag narin ng messenger.,2
72d09659-36af-4798-9f51-0839e3c43a75,ghiane,5
20d44787-54f7-4d28-b80e-1d00e915f029,Great,5
0c4c14b7-3c4d-4a3e-8553-1122412e0b84,Every service now is bad,1
a5ad6462-3ef9-41ef-87b5-4d10f1cf7cab,Accurate,5
7c5da17a-2365-4725-9dcf-30907330a622,Nice App,5
dbf8dba3-f0c7-40e5-af5c-1084590a915c,👍🏻,2
883ed1e7-3a01-4373-883a-22313a11cc38,Good,5
e48a4468-a7a4-4479-8174-77d74211c9d5,Worst Update,1
383af3de-2442-4aae-9f8e-be4822fa70b6,I'm having the most dogsh*t experience ever nowadays in this app,3
29273ce8-b1a3-4858-972d-8f0154c6fd66,This bad apps,4
62aab0b1-4f79-4441-9f21-e3f92dff9766,Nothing is impossible broo,5
a49cd00d-8fb3-4b8d-a19f-e8ef2190aec5,Ganda,5
6519c91b-f965-4ce3-a4f3-d7a3e9c9c369,Excellent,5
ca2fb1b3-8b6e-436c-afe5-90647c960e82,Good,5
32cec3e8-b98c-4e5b-b7f0-c12452d88665,Very good,5
fb52237d-c440-448b-96a3-c39f47d22196,Not good very upset apps,1
77eef1fe-826b-465e-b2ae-4e77e1a5702d,"The end-to-end encryption is very stressful, it needs to be remove, some important conversations are being deleted and that's not great",1
93d06eda-2ec8-4c37-a5a6-a40ce1a11f18,Excellent,5
6d99f9eb-2502-410e-b2f5-8366e993d990,Ok to used,5
60ed6d37-ec59-4f36-ac8b-c43f254e17e6,Jay shree ram jay Shree Krishna,5
b2310aa0-2dae-4958-8fb3-9c3f3ca398a2,It's convenient & reliable ✅,5
458fb2e0-01a9-481f-9cc8-332d4a9b0c58,Very good App,5
5098c2c9-44f0-4be5-bb84-721b08d54f6e,Good,5
41648b94-dc4e-4163-a9a1-59cddb768471,I can't play audio and videos?,3
6d486469-ab2f-4539-b229-f5ef7b22fa75,Good,4
17dd3eb6-85eb-4cef-bb66-bd1cb8e28fff,What the top reviews already said :/ the encryption is a hassle and the way to change the pin-code (that I immediately forgot) doesn't even exist.,1
8c602c40-08bb-4893-8ae3-40eb831ddc8b,5star,5
1f1d0b0f-f994-4e25-ace2-ba8655f4c7e2,Great,5
83b12dd4-1fb6-48e7-8f30-df60daf12647,I HATE THE RESTRICTION ETC. I hate the uodate of messenger this 2024!!!!,1
919752d4-58e0-4815-ac43-a59647795e38,My messenger video call back round can't remove how to fix it,1
9b5a0686-4297-4172-82d0-fc8195f9027c,Not updated,1
36f4b94c-ebc7-42bc-a86a-45a6ea61e5c0,Please remove the end to end encrypted:),1
634ed091-0531-4f46-bdb2-b920e2668d64,"These are good app , 😊",5
60c4c01d-ea86-40c1-8fb9-2f81fc32ce51,Op Hi,4
5563bd22-1bba-4b62-8ebc-bab4e6374dc5,end-to-end encrypted issue this is not good for the app,1
0baafc62-227a-44e2-ac4b-dcde1f36353b,This is scaring me now. Changing it with end-to-end encrypted option? Now I'm afraid of what the messages will become after coming to that decision. 😞😭,1
3db329a8-41bf-4c0a-9227-d6936f31ed69,"slow, chat bubble is extremely delayed.",1
60d74082-3a7a-4e0d-9bab-bd6526d171b7,Hi messenger team TikTok video link can not open please support me thank you,1
4632fb5e-b0c9-4a81-b36f-47adaea01c4f,Lodingဘာလို့ကျကျသွားတာလဲ,5
20f9abca-cc41-4863-b2bb-4fa1625f8477,"Please, Can you bring back the old version of Messenger?",1
d1a23725-1ce6-4862-8a35-1aa956328c53,Wowow,5
8158d27e-9ae5-4424-96c1-e9212cb1474d,Very good,4
eed3e99b-266b-429c-96c0-60c9b6559de3,very good,5
9e5743c8-72c8-4fa8-b906-6fc24796c240,"What has happened on this messenger, I search for hours and hours and it does not open, it has become a problem for the messenger",5
2ce39f6d-b558-4bce-b97f-21e93b0f11f6,All right,4
83129856-0fa2-4698-b5c7-383cb15c45c6,Very useful and secure love it thank you messenger God bless you always 🥰 🥰,5
ba397057-7c21-4f5e-8eab-bba1aa9ff673,Very nice & usefull apps,5
cacba08e-1dcb-4bb9-b86c-6ab164edba26,Tqng ina ayusin nyu audio,1
615e2d76-bf5b-4dda-ab58-2f16b4b49904,কোনো মেয়ে মেসেজ দেয় না 😌😫,1
e815f7a4-6963-4a59-9dcc-d445409c0d85,wow,5
4999f706-a2a5-4029-b9ee-a92fcc5ad85c,Hussin,5
fad85cc7-5a9e-4fc3-8a25-74f6081768c3,Good,5
869dcb28-32b8-4981-8bf8-e9c7e2f0cabb,SawTaione,5
12548097-13e3-4507-b306-fc54f431cc2f,"why did my messenger keeps on stopping? it's been a month since it started, please take action on this.",2
df831631-c3b1-4f13-95fd-a851fc843e26,Very glades,5
dd41c7a4-68f0-4f70-8173-3258de143373,Nic,5
df1021dd-77a0-42c0-afeb-e981351180a8,I like it,5
6731b052-c5c6-496b-9c0c-0ca6e8adb78a,Someone is using my account somehow they got the password to my associated email and now not only can I not use messenger but I also can't get into my Yahoo account,1
7f59a59c-dc84-4c00-bc63-e4461ee8999d,Very good,5
a9e7d431-f340-4201-80bd-010eb3d36480,Not good app,5
8699c130-cecc-4217-8fe8-f648ec6573b8,Thank You ❤,3
c7d661cc-3a04-4a15-a20b-d41109e5c365,pangit pangit pangit pangit pangit ng update balik nyo yung dati mga tukmol,1
edb0eabb-4fd7-46ae-bea7-ae3f62ed995f,Loading problem faces every time,1
d6db0975-6670-40e7-9fd6-b474141fa071,Massenger is a good application Miqdad shinwary official,5
1bebd4a9-00af-44d4-b807-0aeeb46b86dc,Good,5
e48cc21b-64bb-4b56-af8c-6fdd14364564,Amazing,5
98035266-0f85-4468-bc0d-8f801780e72c,Good Messenger🥰,5
82d784f0-5e70-43d6-a231-733711b929dc,good,5
7222f50c-7ff9-49a3-8b4e-0a32c6d90a07,Delayed massage,1
235380ee-05c7-4b2d-9646-3ba6f82224c7,Very nice and good,5
9b50b2a4-df44-4b42-a946-233b7eabca4e,"But I hope that they will update a feature where we can pin conversations especially group chats, becuase thus us very helpful for students with lots of group chats.",4
67e61ed8-d503-40d7-993f-7df373134b83,Good,5
9cbc89c5-d46a-4649-8f36-994e28ad51c6,The new update is so full of bugs!!! I can't even search my conversation anymore!!!,1
c04f61d6-07d7-47bb-b7e6-cd214d39cd82,Mast app,5
e0a51a6d-031e-46c5-9bff-b84dae2068bb,"""Meta, please remove the end-to-end encryption. It's so annoying; I can't even access my old educational chats, which are topics I want to review. I also can't read my friends' old chats that hold memories for me. Please bring back the old Messenger settings and consider our feedback. Remove the end-to-end encryption, please.""",1
bb1ab965-514c-4f2b-b2b1-7d13b41dad94,ARJUN అర్జున్ अर्जुन् ଅର୍ଜୁନ୍,5
0595ebae-221c-4de4-8821-d9ed6a15c3f5,End to end crypto is not helpful,1
2fc341d8-084d-41ce-80bd-6e16ef46035f,Awesome thank you,5
ab748b47-6460-42d5-96bd-f2f46dadf9c8,Excellent,5
29d351dc-8813-464c-89e7-a341954063bb,it's a very good app,5
e269c037-8303-48d5-bf8e-5041041d0856,Perfect,5
ebebdfce-f93f-4c87-967b-3fba7e11a7a7,"Voice Messages glitching going to fast/Messages not sending, this is horrible , just un-installed it and reinstalled it, lost all my messages",1
ad038df6-6200-42e0-80d9-75c1645d390d,nice,4
1cbc9067-a3a1-4977-a183-ea8d20be393e,This app is absolutely good,5
ad257d37-f3c8-4dc2-8c32-4f06552d2150,Why can't I log in to another account,2
04daec0e-ed27-4273-820b-6934f4bdb1c4,Hasn't worked right all month. Can't use with Racketplace at all.,1
4cbc9501-a5dd-4152-9651-afa3c8f15a0b,Not good,3
dec443d8-16a3-41de-90a2-ff1a83a6dbd0,It's because the message sometime dent appear and it's always say ur expire to log and it's only a minute since i log . In its tun to log in agian,1
e37d39b9-e481-4134-9af9-818b60ed9fd2,"Bad update, can't search the conversation Messager is getting worst",1
50fc49da-a45a-47b9-b4b7-7ad78937f488,Nice,2
ca37f7a2-8ddb-49c7-acff-67ff10ce88c0,Says I have unread messages but won't show them to me,2
a267ac17-6389-43f9-b251-184dd57c1316,Excellent,5
cdea0c9b-1a81-4187-bcd6-b5706987b49a,Not open,1
541ae5ba-c97c-4924-8de5-f12bb132485c,Sengmitchi,5
dd56a0f9-2b5a-429d-876e-f39e943b415d,Ok nmn po.wl lng mng scam po,5
1a698046-7d7a-418d-a23c-0a6cf5795a5d,Not bad.... but pblm still.. The app sizer is increase day by day. It’s harmful for small size ram phone,5
86ed412e-27cf-4c37-9f01-7efb23da37be,You still looking good keep up the good work,4
9c227bdc-b16f-4367-87ff-060097acb89b,Fix the gahd damn bugs!,1
6ad822fc-d337-4f02-96aa-90537457c237,Good,5
c330e096-b8a7-42aa-9d6b-95c27ea41026,Great way to chat online with other Facebook users.,5
d4b65337-565c-459d-a26d-046a20523022,So disappointing of new update.....i can't access my old message conversation 😔 It should be fixed very soon.,1
9ae49d3c-c8d9-40b0-916f-144face134ac,Awesome,5
29dcc83a-f328-4762-946e-380fce38c957,Good,5
1d208d69-3585-4a23-b7c2-e35ac0aac38c,Arnolfo,5
868852aa-d55a-404a-b1c8-9332f8a167c0,I want to find out more about life insurance,5
499241ba-c169-426e-b6bd-c11e54cf16c1,"the update is so ugly, pls bring back the pre-update one like im serious.",1
419c2367-bca6-435f-b4b2-e502849a8747,"TEE AYUSIN MO NGA UPDATE MO, NAWALA IBANG CONVERSATION NAMIN, BALIK MO NGA PISTI KA",1
7498bd78-6e38-4eab-bdd5-fae5bc8b2393,Search and copy option doesn’t work,1
32f704bc-aa8f-402a-ab68-37d9ed5f12c7,"A long time ago was good, but they messed up deletion awhile back. You delete message and even though no message listed it shows as if message there so have to reinstall everytime I delete",1
46fe538b-4ca8-4102-8452-5d38321c4b03,Great!!,5
bc2b8486-d80a-44f0-a646-cea8baebdc8d,"The service of this apps is not Good,too slow",1
240e7c14-5e0d-4691-9deb-7b175187cad1,Cannot switch to another account,1
2ebd6665-654b-4ef4-8e29-059e368cb65e,Nice,5
d1063b0a-7607-490d-8ecd-bf04f9eda49e,Good,2
e148d26f-9d31-4434-b954-78c13fb3afb4,"Why is the cut, copy, paste and share no longer available on Messenger?",1
7e2ef6d8-0ca5-49da-b916-f74ab6c6eb27,Awesome,5
b5602b29-646f-4d37-857e-7b1c5e3b6715,Nice wow,5
28871c13-3c38-470b-9236-e1cf57675c59,This app so bad,5
75c9dd87-4082-4fad-91cf-d411384cc927,Messenger isn't sending voice messages correctly. Please fix. Been an issue for days. App has no update.,1
42748aee-190b-4f09-b496-4416f3dceed7,احمدی,4
77c0ed47-57fa-44a2-95d0-ddb1591a418a,good,2
c301ccae-3daa-41fe-99d9-4da392828637,Worst version ever,1
99d45c82-0c5c-4bdf-8d25-560dfa307752,Excellent.,5
ff53ec30-7e31-4aa3-8e9d-3c785047a187,Yas,5
8cc29757-e186-484a-a416-ba2509233d91,Worst version. Please bring back the older version! End-to-end encryption has been an hindrance for me some of the messages disappeared suddenly. And there's some important messages in there. I hate this,1
16ae064b-a627-4a8e-a99a-6c8472ce977e,good,3
2d67ee32-850b-4354-986e-61a046182604,Happy,5
356fbd54-ee7e-4aaa-84d6-f881405f3978,good,5
77dd5557-331b-4bb4-b9bd-050ab706a931,Ayyy nkakka stress,1
ea23bb43-5c86-41e2-815f-21e6e62e13a1,"Most of the stickers are now just stuck on sending when you send them, never had this problem before.",1
81611468-7ebe-43fe-919a-0a215dc430e9,This does not allow group chats Ingles all have android phone's. Basically a notification app,3
b19d8b90-e2eb-4377-ae27-483bec91996b,"Please bring back the old version of messenger, end-to-end encryption doesn't help and it just worsen the app",1
9a0a5293-1215-4257-80f4-d5b32b39d9b4,Tebogo,1
3ae44aa7-46e7-4b29-a515-02eff9815bb6,So perfect,5
14d640dd-2b67-423f-ae3f-97b77a0cf0cc,Every message I have is missing due to this encrypt extra security stuff it only shows certain messages other than that my recent messages are no longer in existent Facebook you really need to get your stuff together..,1
ee65b1ab-37bd-40e5-86a6-8b070ded0f3c,ok,5
702794ab-2677-4db1-a99c-98d758023205,why not running Google messages,5
26f6d604-8c07-4bb7-80ec-27630d838b9f,Good one,5
fc63087a-26df-4987-bcd0-92a38166f32f,Very poor and has always been poor,4
596acc8d-5975-48d9-880b-04bec1c5abd1,Good,5
e1fc1404-074e-4866-9f04-930219fb40e7,cannot use my messenger now,5
c67171a7-8236-4deb-af19-ea60e6fe988e,আমার ফোনে মেসেঞ্জার ইন্সটল হচ্ছে না কেন,1
eede67f6-2447-42bb-a816-aa2995883608,Very nice 👍,5
fc2bd83e-b84e-404d-9a57-62c1edccabde,Latest version is very slow seems like my phone is hanging,1
cfc4448e-ec59-4039-8e0d-f9d22a127e43,Nice,5
14dd00cb-9f9d-4f84-9fdc-8910918dcb5d,Not open all online friend,1
1c6021d2-fd87-4779-b663-4f1e817ab0b9,Ok,5
76e1fe3c-1767-4c4b-bde2-7eebb1d7449d,Good,5
56181ae3-484d-4f7a-927c-190e8df0b3a3,", ,s, 😢😐",3
3a6b0d5f-7d1f-44a9-ba54-958ad19a3fae,Every update is a new nightmare,1
965311f7-0bb6-410b-9923-90b8f743adf1,Myzah may,5
69bf2138-0e8d-4373-be67-cb51c00c93a1,I can not figure out how to get Meta AI messenger...,3
7041611b-5f8a-4aaf-8ab5-1a908cea1ba7,Good,5
e24ba7d6-a863-4c6b-a002-4462bfd37005,☺️,5
9b5bb32c-dc8f-4562-a8cf-b4bdc5bdd8ff,Beautiful ❤️❤️,5
2a0a8ff4-aff8-4a83-aee0-d627fce7af51,Sucks,1
894f1dea-8cb6-4b2c-b259-811db0a74f31,Tex,5
19239eb0-d234-44f1-9b81-610286de2160,"It's good to me,!!",4
3ba6b847-be7b-47d8-b32a-ce3370803b27,Old version is better,1
bd1ed322-ba17-4028-a4e8-caf498375f03,Not working,1
8c2f10fa-833b-4bc4-b838-40bf7ff270c4,Very nice,5
221f4199-955d-49f8-a45a-82067604731c,please bring back old messnger i cannot see my old chats i don't like this update it's not helpful,1
505f6204-7422-4636-9cd6-9832dd4148ed,pls back the old meta,1
2ba14109-4f02-4aa9-bd75-b15a603a0c94,Can we a feature where all unread messages will be on top then after reading it i will be arranged by date or time? Like on email.,5
8357ff95-2768-4288-8d2e-ab22e260615f,"The update is so useless and inconvenient, especially the end-to-end encryption. My older messages were suddenly deleted when I tried to delete the data from the app (because I noticed that Messenger now takes a lot more storage space than before). Plus, there is a bug that would only leave my messages in the ""sending"" state and would disappear without being sent. You can't even backread because it also bugs. This is so inconvenient and annoying; the updates are not helpful at all.",1
43c9767a-9000-4495-8ef4-dd414481dbd0,Ok,5
439dfc4a-9fc2-40f0-9d77-5b6c345f40e3,অনেক অনেক সুন্দর,5
ca6ab6d1-641f-4eb4-b4d1-b23b79fbd040,"When i get a video or phone call it will not pop up on my screen, I've tried everything to fix this problem & nothing works",1
33fe9c35-43b4-4e88-b72e-ee64a27ab40e,Messages are not opening even if the internet is fast,1
60a1b0a3-24a1-4ca6-93e7-b9990efb9209,"Horrible after 16 years using this platform I was hacked and lost my account tarnishing my reputation. I then built another account after 6 months of hard work FB disabled my account calling me a fraudster and said I didn't follow their community standards. I paid to use this platform, I was meta verified and got absolutely burnt losing my whole business. This caused me to lose contact with all my contacts on messenger.",1
15519542-4aa3-4031-99eb-511c1b893363,good,5
3f4a0eb5-188b-49b5-a336-56f7ba333e0f,THANKYOU SA MESSENGER PLEASE CHECK THE SIGNAL PLEASE.,5
2bc7061c-287e-41bf-8d3a-703dd49c730a,Excellent,5
5cd29082-2f2c-4cba-9d74-c8e47120f250,Great,5
45a74ec9-eff7-4083-81fa-c6d3cfaa0188,Op,5
dd37adff-18ad-4075-9049-8d45b317e019,good,5
aa8235ba-61a2-42cc-9a1d-fd570115c9bd,Haha,1
3999a4a9-739c-4c8f-a77e-780e3e626d0e,ok ilike,3
dade2400-6390-4722-b1b6-b479d949974f,It's alright I guess. Update: it's not,2
38651e15-ec29-48d8-bd11-604731c8ce54,Happy birthday 🎂 🎈 live long life with good health 😁,5
a44b7e59-ff8b-4a0b-8481-0abbae48dd97,I updated messenger and I still can't see the reels.. but other than that it's a great app.,4
51d0a7b4-cf4f-4f48-8ff8-cf08cdc55942,0 rate for the update. very inconvinient to use already,1
9b27b331-fc30-4d34-9c91-658a444310b7,Niec,5
525d2c72-b473-4562-8cee-159f6bd588fb,It is a message app but now online friends can't be seen online through these apps. It got worse after the new update.,1
bb259641-c31e-4899-8490-b87c812d5311,Nice app,5
0bb309a7-8ee5-4cf0-b481-a3057b6f776b,Still heavy and slowed device.,2
d2839d96-0717-4214-bc25-bdb335b826f1,Good,5
b1b4baa9-43ad-4cdb-a4b2-5a34bc0e8846,"Please fix. Everytime I search for a member on a gc it refreshes and goes back to the top, same with changing nicknames. So is adding New members it's annoying! And when the gc doesn't pops up it's so annoying! Please fix it the new features are annoying tbh! I can't find old chats!",1
0d5c0e05-f25c-4190-acc7-1965e68b6b9c,Good,4
c7920467-b31b-4a74-af59-98e674d98f99,It constantly makes my smart watch vibrate whenever someone calls. I can even answer the call and be on a call and it still makes my watch constantly vibrate. It's becoming very annoying and causing my watch to lose battery faster.,1
a3b9285b-70b0-4084-86a3-d6729ca0cb7c,good,5
ce3ee12c-0772-4b6a-b670-3934d09f1264,Love it 😍,5
f288b731-3d35-4d1a-8b94-d81bb8cdd246,Good,3
88017039-34fd-40ee-ba35-d138e903ba15,Best messenger,5
6447f189-a24b-4ac3-8c2b-c677b3792f70,L jesa h ye msg block ho jata h🙂 L jesa h,1
ce230145-4142-48a6-9702-6145a5c3de1e,Good app,5
f8467b16-1851-4063-92cb-53fda329316c,hindi lumalabas chat head😡😡🤩,1
90c5c1f3-f326-4116-bf59-118c989fbf4c,Good,5
2e89070c-f4b8-4ba1-a257-c4615d0706bb,Ganih,5
83f833c6-2dbc-4863-b529-e2d908ec4866,NanNanHtwe,5
4d6b564d-986e-438f-a156-dbaff0e8641c,Google play,5
b5bbe1b2-1151-45bf-9e73-e6969528fc02,Good,5
5deebe51-0b8a-4130-b50e-83b69b3b2b59,Only have excellent experience with this app. Great communication with others on the app.,5
2234c9fb-866f-4b86-9965-30cc0facba04,Good,5
8ed0587c-bed4-4daa-bae8-6d2aae8f3542,Nice app,5
68de4d52-6b67-4d25-8a13-3df87cb7b42e,"Very glitchy lately. Friends forward videos, and they either don't open or open as completely different videos than the one that was sent. Every time it's clicked, it's a different video. It's very frustrating.",2
5c23714a-7555-4561-8fad-6331c05b7e3b,Awesome,5
7af2fd12-8aa7-40be-90e9-7bbbea5e95d5,nice,5
3591cdf7-74b6-4f76-9044-f86461707d60,good,5
bf217ecb-0238-428a-9142-5cc8ba5b3adc,Not bad,5
6c738a60-ca3f-471f-8c80-ba524bf2a824,Messanger is not responding,1
27ae9b17-2f28-4c5a-97e4-e4b3756c2635,"Genuinely the least functional, most popular app I've ever used. The state of this app is an example of facebooks attitudes towards its users",1
5c0985ad-2ce5-4c32-b64b-de6696b14433,This is good apps. but but this apps more space lost on the phone.,5
af36e5a7-95a5-4b11-9160-fdb9f5a942db,Okkk,5
bceee97c-edca-4db3-a3db-268389482a01,Please make in chat heads rather than bubbles,1
79afb617-7889-43e7-a70a-44868788aa26,please remove end to end encrypted,1
61ecc954-5c09-4c0c-a892-7efd65c32e73,shes not good because but why she not download....,1
3f76f723-b371-413f-916c-c0ba7f19a65b,Nice,5
2205fec3-1728-49db-9449-f948088a27f5,can't find the old messages even it's end to end encrypted,1
13d4f3f7-ec37-4b6a-a3d4-106cdb3984c1,Fine,3
38d2858d-d6b1-4e1f-96e4-7dfdb5ade138,ليه مش راضي يتحمل ويشتغل عندى,4
68ac77d1-581f-49d8-bdbd-c2074656fd27,The updated version is not supportive as the older one. It may be advanced but I didn't like it.,1
1b0b2ba2-b068-4fe9-b2a6-911cabc02d37,Great app,4
333e7920-467a-4c56-a38d-0f1a3400d23f,very good 👍,5
1d91862f-952d-43b1-8392-0103c90570fa,I can't update it,1
a3332ab2-ebad-4288-9f7c-e9df8652a7a7,Problem,1
a06b24bf-7934-445c-a7c6-c95b4b1eb0eb,Nice app,5
bd31b6d6-ad91-4104-8727-9864df5b11ac,Sometimes delayed the messages,3
0c7556f3-97eb-4c2c-9032-41e1f59f83e6,end to end encryption is ruining this app!! Can't send pics in chats anymore. so frustrating.,1
190d8b25-91e2-4bb4-a583-0059b80508b9,Remove the end-to-end encryption please,1
8b4fc7fb-8159-4130-b728-b595a689dc40,New update is so inconvenient. Good job on making your app dislikable. 👍🏻,1
24a0d939-1df6-4ca1-b105-9fdfba25c4b2,Good nice very helpful,5
ac654a6a-225c-4ab3-9094-7fbf18631081,Best,5
175492be-36a6-4247-b830-7a2874dae0e8,Nice,5
d2c1ff7c-0c93-4078-beef-0f4d709dcd6e,Very nice app,5
8b59bdfd-8018-4e72-b23c-7a4e8f6f7ddc,good,5
5512d6c3-1954-4248-b809-61f9fb6e1202,"It keeps getting worse like the old chats are getting deleted because of the update about the end to end encrypted something, when its literally not APPLICABLE for everyone, and I can't see some of the new messages it says you need to update the app when its already updated.",1
60eab172-dd80-490f-8795-d01984ab4473,you can text with your friends and cousins you can do a voice messaging and even send photos and videos,5
35f78a43-38d9-4d72-aee4-ca0ab5de22b7,Stop updating,1
ace5a01f-29c7-487f-9587-c7a79a8111b7,"Cannot open the app at all, even after removing and reinstalling.",1
744e691b-9468-46d2-a692-bef936ebf659,Logu,5
25c442ae-2b3e-49f4-a7c0-7d6745322232,I can't send videos.,1
9e1578c1-838d-481c-85b0-58afd5ab90a8,Session expire,1
7c7cb916-70ff-49d2-8463-eeeca37c0b86,AAAAAAAAHHHHH,1
4267d056-a8de-46f5-af2d-feb2645a9455,"Always loading, even I have a good WiFi conection.",2
c7a8a4df-fd7d-4322-bbf4-07c86066cafd,its good but many glitches,4
9209584d-bf5c-4413-a146-d04b85c4b1df,"Fix this application. It's not working well. Like, it stop sending messages and I can't receive messages also. So annoying, it happened all the time",1
8df51099-15ce-4ce6-9178-0fb25c563878,Good experience with messenger,5
61caaac4-8f82-46a3-9e61-67e2b554d204,Can't hear the voice message. (Only texting),2
e708d555-14c6-4d2f-9383-8f228ef0ebfd,😘1 we q,3
74425ec5-bf3c-4127-930f-5094823f248a,Good app,4
bbd3fd34-b5ac-4a21-8f69-580ce02d7d93,Slow,5
9d123711-32a1-402b-90eb-8174bd0efc13,💋👄💋👄❤️‍🩹,5
21e91f44-1df6-4fda-83b6-8dcb0fa98678,What happen a download of app for phone she's not good hiam please good for phone a download it and then send up a bit later than expected but not him Jan soon as you get home from a walk with you and then you can come get you if I may have the month of app for Android and then you can come get you if you want to come over and watch the game with you guys and watch ⌚ you if you're interested I'll have the same but different types and uses for old 🗝️ and watch the month of November and watch the,5
4672a4bf-ae79-425f-8b11-cce3a73b62f8,AI sucks!,1
6e11005d-fa43-48aa-b965-a18b55d7a9bd,not cleared,5
2fa2280e-3f3f-4c5d-97a6-f4e478230732,"One star pa rin kahit may edit na ako. Hindi na kami nag uusap, walang clear goodbyes and hindi nabigyan ng hustisya kung ano talaga kami. For almost a year, I waited but, wala. It all happened for a reason siguro. He was just my lesson. The lesson I can't forgive and forget.",1
9372bc5c-7bd8-4a4e-8872-060a320e910d,Can't send files nor download files,1
98f57507-74f6-43eb-88e0-2f4e64b5b915,This end to end encryption is useless what is your goal putting this feature? :v,1
b177a5d5-0e59-4253-bdcb-c31af1562984,End to end encryption is worst. I can't recover my previous chats history even though I already input the pin. Some of the important messages disappeared. Please do something. Thanks!,2
8683304c-6ee9-4e50-b2e3-5bcc4fdb19ab,Obsolutely atainable,5
15decc8c-6dc0-4b5a-b78d-684181689865,This app is useful because I can help talk to God and more 🙏,5
8b3b73cb-bc31-4ee5-96ca-e5cd81104066,Seenghit,5
e45291b1-6cd1-467e-8e45-69d58ef3e2e5,Updating,5
756697ae-85f4-445f-bcc0-239d748f397a,Maayus po. At maganda,5
927d6584-2bc1-463a-8b25-996283f1524b,good,5
0894b8af-48b8-4905-8893-d14074a5343c,Fine,4
6dba23cb-a2f3-4e1e-ae70-cc9e760915ba,The app doesn't allow to remove a message. So if you shared your address with a scammer there is no way to remove your address.,1
1c22620b-126e-44c6-8857-6e1058cb2ab5,can you guys please help me get back on my Facebook page I'm judy Holt my pic is on it. oh I have a new phone number I think that why please help,1
44644f72-bd1a-47eb-bcde-34e8d347add4,"This app gives us various features, like easy to chats , calls video call and many other things.",4
8ffd6e5f-29be-4863-a61a-285cdb4d458e,Excellent messenger,5
30455fd3-8476-4e3d-9f43-9f4c496c3029,Niceapp,5
cb669603-f8ff-4c90-bce1-3928f2b40a72,👍👍👍,5
03fe693a-86c6-4a8f-8538-94cc73201b39,1 star lang nakakainis yung end-to-end encryption,1
59b9567d-0284-4906-b9e9-b3347625af48,Amazing to talk to friends on,5
1e19197d-83ad-4c06-8481-d73886aaa412,time killing,1
d4ee2d08-4adb-4d22-bd2c-988354bca3e1,Good,5
88321e44-0730-4350-a694-2bf80cb93b31,Nonsense update! specially the end-end encryption. Please bring back the old feature!,1
6e8aaac9-8cf8-45ca-909a-23ffc286f5eb,It's hanging too much 😞,2
9c4e2486-9544-417e-8a78-702a8b24d6d5,Will not stop crashing or not working,1
ecaaa640-3063-4a37-aa0f-94b72d71c1df,amazing app but can you pls add the 'edit' feature/option/function so we can edit the wrong typo/autocorrected texts? There's already an edit but it's looks like limited,4
c2458796-e6d3-4d40-9914-88d27f9a91e7,It kicks me out everytime I try to log in,1
b467929b-86fe-4136-a6ed-a99cd9a71929,very good,5
1122d3e7-bee7-4215-ab42-94c0d6e4570e,"Updated because FB would not let me log in till I updated, I sent a message to s friend. But FB stated my message could not be sent",1
4c207c8f-f6d0-4290-9a84-7479b36d5de0,It was a nice app. But sometimes I suddenly delete some documents on its own.,4
7f57e6a3-8e41-4c73-a446-57a23acc3f6e,Had to update 2x so far!!!,1
1bfe2320-74c5-48a2-bd2a-9509bcc06d90,some messages can't be seen and advised to update messenger even if it's up to date lol,1
2699e7ff-1b30-44cb-97b0-2ded0b38a5c8,"Good Day!I'll give Messenger app 4 star.🙃Honestly,I want to rate it 5 star because this app is very helpful,but I chose 4 star because I just don't want the way that it saves my password everytime that I log off.😶And it isn't good for me 'coz sometimes my sister is borrowing my phone.I think it'll be more good for me if you will put Save Your Password option or not on the other side,so less worry for me that my sister will be able to see our group conversations.🙃😊",4
06aac166-3883-4577-b067-9b4db029f6f2,I don't like the new update which is the end to end encrypted because my messages are deleted. please meta bring back all my messages because they are all important and i cannot use the video call to the specific person. fix it🙌🏻,1
b0f8ce9a-8404-40ed-900e-5b7f2e683b8e,I'm very excited to be in the messenger,5
1bb30ed8-dcd1-4758-8c89-fb2b58152f48,It is nice aap,5
26467372-ca88-4083-8eb7-fb871a5546d0,Fix connecting and can't send massage even do i have strong signal.,1
b5950149-c829-4cd6-bc7c-9682f1679724,Nine,5
8a142a75-82f8-44f0-a98a-28e90fab58ea,Excellent,5
2bf2629d-3911-450a-8a41-77a0fafd0004,Good,5
3446cb9f-a084-452f-ba9f-ba7170cb8623,I HATE THE END TO END ENCRYPTION FEATURE! PLEASE REMOVE IT!,1
d6361f1c-4b95-4dbf-9726-f556ba0d5472,so far so good..,5
8d249e0f-fd77-463e-87bd-28c6b4816f5f,buggy,3
f804dd79-d9e5-4ba1-aa98-208a6f16a80d,It's good,5
e2f7fbe5-60ed-443c-b453-5079bb35959a,The new version Sucks.. it makes so hard for us to use this app.,1
41338d9c-76f7-4d52-8d8a-4e8c73b2b286,Vary good,5
f44d79f2-bfe2-40b6-8afe-c2c267cd8400,We we ggxaxzaxeWA w AA AH Ess see,4
4a941ba5-79e9-4277-97b1-8fd8fe47179f,"z,z, z",2
bd8509fa-8df6-4fc8-a656-fd77af6f8f91,Mas lalong bumigat ang app,5
97ac70e9-cbea-49bb-bb26-3867b1780ca3,"Many people are scammers, you should join us, we will not give you a chance to complain ChatGPT ChatGPT",1
2ee62b0f-914a-4863-bcaf-0d34c6ac0931,I just love this App,5
f4f34246-a779-439e-a046-b494f5b5b377,can you back the old messenger this there is no end to end?,1
e508d382-2df9-4e92-92af-90087ad0ecfe,Nice apk,5
f95e58c1-8e35-43a9-829c-d725bc923626,Moslima,5
8ae47639-c8cb-4a35-abe6-301374bf0030,Take much time,1
70f10f17-5b6e-4c9b-8f8d-74e93466c977,Had no trouble till i was made to update it,1
42226d19-b07d-41f0-a04d-74fe2ed8b461,Good app👍,5
15fc6889-3fd6-474b-ac69-02b607f18969,my messenger app ain't showing this emoji “ 🫁”😞,1
2e908944-4624-4d8a-826c-fbf6b63e2a40,Take,3
a80fc6b2-c50b-448c-b72f-ff05db3e9530,Already uninstall worst update,1
c39aa1da-62f7-417c-910a-94879e2ce88b,How can we submit a report when someone is pretending to be a celebrity and wants money? I have tried several times and always a problem. Worthless,2
eaf57a40-9724-4050-b80c-148038bcc3d8,magaria,4
cc4e8996-899b-4367-bf74-b531e76c4e3b,Goom,5
658cf689-e5ce-4a48-abb0-566e40ea31b9,Nice,4
1753a181-6b28-456e-9fbe-a99bf65d7b36,Sometimes I receive my messages at that moment when they were sent. Other times there could be a delay in a few minutes to a few days. Or not at all 😕😕,5
032208f8-db6d-435d-9152-f7a42624bbb4,"This past updates suck! Searching messages is a struggle. When you select one of the results, it will take you to the current conversation. Sometimes it would spin, acting like it would take you to the message you selected then all a sudden the app would crash.",1
564c9558-3bbb-421e-a739-1e90ad0e9895,Literally worst experience with Facebook and messenger,1
8f186735-9f80-4d07-b10f-c79c2e2f8d47,Dahil ito ay napaka ganda gamitin,3
2851bcc9-2cfe-4926-bc16-be280840e6ed,"Nah end to end encryption is damned troublesome I know it's for a damned safety of the user but dang bro it cause me a lot of the trouble than helping imagine our conversation got deleted without my known, create more ways to make a backup file lol.",2
b28eae94-cd72-4966-b45e-90e37d133850,Not able to see online friends. Previous there is option but not there is no option to see. Now friends are saying they are not able to see comments in their status through messager.,1
62d73dea-4860-41d9-b064-62da3bf9ffa2,this is very useful and very important our family and friends connecting everytime,5
2813420b-55eb-4a2c-8884-6eb0a306cde8,Ik,5
ea17cfa3-e62b-40e5-939e-4a813a8c8f93,Messenger is not syncing across my devices. I keep getting the Waiting for this Message error,1
c50208ee-64bc-4f44-a2d1-9fbe33413ba5,I can text my friends and family,5
51a5f17a-19a0-4b06-a0a0-4cb68820729c,"I want a lite version for chat messeges only, this has too many features that overlapes with the facebook app which i already deleted",1
beff860d-9694-4f29-92f3-e84002a74f0f,Good,5
dd2af8c6-adf4-4b5e-a5ad-090be0a830b7,Always works for me. I use for phone calls.great connection.,5
ab55e905-5ca5-46ab-8f1f-5ca91e35ad4d,im so happy to have this app,5
f7577f43-7b7a-46b4-a062-8c6eef7a6168,Very good,5
e2cde347-7ccd-41bf-b7bc-68f39bab9543,Good,5
2512653c-cc1e-44b6-a13f-f30e96c3b2c3,I can't send a message to a person or friends on gc,1
3e336cd9-adfd-4f72-b2c4-5d587ee8a464,Baddest app ever,1
34555d34-4c51-4397-ab4e-d969607168e0,i hate end to end encryption.,2
da06ad85-66c1-46e2-bde0-72564834025b,excellent,2
488e2870-43c3-4256-858c-961c3645a077,I like english,3
d9661b09-3890-4478-b194-ffd73e593308,log in masenger,5
95cf155d-349b-423f-822d-1598d8747e1e,Pangit ng update pag mag play ka ng video nag baback bobo ng developer buti pa yung di pa na update maayos pa 1 star lang rate ko kung pwede negative star ⭐ rate ay baka negative bigay ko,1
ec699ef5-ccde-4e47-a7df-6f46bc0e485b,Cool,5
9ad626ea-71ef-4ed5-80ef-048f4fe513bc,Good,5
30433b18-621e-460b-addd-58918ea8daf0,Good,5
88e26d37-3bbf-4c55-9c1a-3f3e0e916e4c,Meta ai available in Liberia?,5
f141d99e-e599-4082-ac8b-91ecd2ca9c14,Putangina alisin niyo na yung end to end encryption,1
7dd54367-97e5-4c99-b35f-cc25e97a8ddd,good,5
f67f6859-7a2c-4fc9-a344-b907881aba65,Good,5
da0e4f9c-7009-41ed-813a-b3c7be9c415a,good,5
84c07b35-281d-448d-b16e-302578522f3a,KRaVi,1
388424cf-03ab-486b-ab7a-1a08464b5bf0,Find out more about me,5
1837a7a4-decf-40f1-9961-53e3d9941a78,This is Marcus Adam Shelton and my FB messenger is good for family and friends to hangout at for facetime..,5
03ae43dd-b0c7-4168-80ec-2c39d97801cb,i can't back log my old msg😭,1
eaa10787-c84c-498d-af19-ae646c364437,Messengers one great app it helped me find somebody,5
e144a107-e7ca-43d8-bef9-6c0734459466,Un peut bon mais ya l'importance,3
214ad31c-5957-425f-bd15-c98cbf9e292b,"Worst updated messenger ever I don't like this new meta of Messenger cause it gives me stressed and problematic,my chats and conversation with my parents and my girlfriend some of it are gone just bring back the old messenger I don't like the end to end encrypted cause even I didn't put any code on my acc it automatically put codes then some of my files are gone even our conversation with my parents, friends and girlfriend!!!!",1
2c580543-1c2c-4284-9cc4-f69669f9bc7b,❤️,5
ba025861-0ff7-4a8e-bae4-e83120246347,Good,1
40b99df1-4ac5-4869-82b1-3887ae1fb874,So good,5
058d88e4-18b4-4fcd-82ca-b69bde789022,Verry satisfied,5
65ed3cf7-292c-43b3-afeb-d6056d17acde,Slow Contact,3
b7c0fd45-3d79-4048-bc93-89783bfece2c,"Requires update, can't update",1
4ff73f15-d8af-4bcc-8577-318a7b86d208,I was don't having phone first but now I have phone,1
d1ebaf07-d7be-4bf2-8a20-36027ae6921a,"In all of the years of using this app, I have never had anything good to say about it. It ALWAYS has one stupid problem or another. Newest problem? It won't open at all.... just buffering.....",1
ca4b3155-937a-4692-b0ce-7c71325f9785,Good app,4
1765204d-4cac-437e-b969-bffed87b44bf,"Más que mala, le doy una estrella, porque no puedo poner 0, no se porque no desaparese.",1
3ec8a3d6-019b-4abe-898b-eec49962a54d,Good,5
83d3265f-7aa5-438c-b90f-bef60b99767c,Nice,5
ba833025-e3e8-450b-91ed-a2c3e5dc9dbf,Lovely,5
4518e628-fc4d-4bc4-9a12-2710957a6e29,great,1
c374bf23-ea65-4446-962e-1346cce0c00b,Play store is so exceptional ❤️🤭,5
fd160f12-aea8-409a-b89f-fc0ec46e68bc,Supper fantastic i love 💞💞💞💞👌,5
e2af5cd8-216f-4560-a872-8ffdf4d6fb2d,The new update is stupid. Can't access old messages or send memories,1
467b777a-289f-467e-955c-dd7278900825,The update wasn't that nice and good,1
e485ddad-f2fa-4d58-b31f-efac17d8216a,Good👍👍👍👍😂,5
eea20e3b-e1d2-419d-9623-b5ebe606d567,Why should I have to Update? I already paid for the phone & the service. U just want to interject more Damm commercials 😒 I don't use the other stuff.,1
d840701f-2310-4d63-a113-a6bef6be593d,Not working correctly all the time lately keep showing there's a new message and I do not have a new message and I have contacted Facebook several times and nothing's getting done about it,1
2c098ef9-16c3-4cf3-bbc6-38767835826d,Your app sucks and so does your site. Fix things and then maybe you wouldn't be losing a million users a day.,3
25c40d70-24db-449e-8c71-45fb3a7d4df1,Messenger is not good like before these days since you guys change Facebook to meta someone can't chat well it disturbing a lot if I want to send a picture to someone it will take long to be send you guys need to do something about it and it brings updates for me every two days to update,1
6fbd06a8-19a0-44a4-8a91-b3ce27124148,Very good rest time of baby madam esra,5
d4491920-87db-461e-8241-c2286b3e8b47,Mine won't even let me log in anymore,1
aa77ceee-80fe-42b4-b10d-ce78d79ed0be,i like chat because easy play,5
14f17d9e-7c46-4802-b4d7-3c77eadc8af1,It is a good app message,3
9f398968-87e2-4f6f-b445-30b01cbec3e3,I LOVE TO SEND MESSAGES ON MY MASSAGER THIS OS A GREAT APP 👍 AMEN THANK YOU 😊 🙏 🙌 ☺️,5
c2e22bbf-7558-4eae-9c64-f6b8cba2ba4a,okay,5
08ac7cdf-26a6-4f23-98f0-b20307d3075d,I think Messenger is a good product. There are a group of Psychopaths hacking my accounts.,5
d354507b-9141-44f8-9c5f-b26764ecb7b8,I really like this app because it easy to chat with family and friends,5
90b447db-d559-4751-9ca6-fdc9fc9c8923,The new version is so bad 😞,1
96278c86-31c9-465d-a637-130b9066d4ae,Fantastic,5
9b192e1a-698a-400c-8abf-2c00fa7913ba,good,2
f1b2bbd4-584d-40c0-b63d-d539a6a3a15d,Good,5
7174b6e9-5d6d-44b1-b4bf-8fe402c6ce06,Search conversation is not working,1
48b3c74d-0a26-434c-9e43-a463538a9f95,So we can't send videos anymore? That is what set this messenger apart IMO,1
3df91d7d-e553-414a-a54f-3e470cff3c87,Not bad,3
6b20d1aa-cedf-4b8a-b790-6cb375a942c2,جميل,5
4ae58ede-1b47-4bc5-b170-332152d6ffe3,Horrible integration worst app ever,1
0018c490-9054-44fe-ba33-c5b4f0fc3903,Hi grles,5
e5b2af36-cb5c-4763-b2f8-b00e789c4cf8,Nyyyyeeeaahhhhhh,5
97f5ae24-d992-45e0-9320-3104441106fe,চ্যাটের অ্যাপস,5
ca695f6d-368e-4ae8-9322-211115d8aa19,I am so gratfull por this up thank you very much,5
0568959c-f9cd-4bbd-b9ef-725bf3cc9900,"Simula Nung na-update ko tong messenger, Wala Ng ring at notifications Ako natatanggap. Ilang beses ko na binaliktad mga settings Neto at uninstall and install Wala pa din. Wala naman matinong sagot sa mga reklamo ko",1
fdfa8982-03a6-4963-9bc3-3f900b7a1cd0,Good,2
8ae57308-6002-4c2d-8b73-d689f40fa238,Using this App from long time. Very good fast service.,5
06a3fb14-e3a2-4485-9ffe-f56ca55933e9,Good,5
b7651e19-ae4b-409c-b9e5-58dc510a4fac,Thanks you have been helpful,5
bb0d85b7-7a24-4e75-863d-c134b4acff14,Why I can't download this app?,1
134b4f43-6e34-4406-8858-036b02d28ec7,Love to hear from family and friends,5
f5da9119-3825-49ee-98aa-880b31c72b9d,Good,2
9ef46918-9394-4577-9928-bcc53a4ad955,I love this app because we're chatting together and video call I have lot of fun this app,5
a4d440ac-c4b5-4a14-a8c6-0686bf343a40,Well as well,5
bf3f5246-9600-430b-b0ce-a0b7d576b8c1,The app has a bug and the issue hasn't been resolved. And it will not allow me to update the app.,2
d282f1f0-23fe-420f-b33a-5d8f075a6803,A lot of glitches especially after the last update 😕,3
7be9c8ea-c876-4962-b5dc-b92bf43ce3eb,Good,1
838a9eb7-a6d7-4af7-b247-c7e23e0ad64b,Latest update keeps crashing. Can't read chat messages which have been deleted by end to end encryption even though I turned it off. Now lost a week's worth of messages with everyone I chat to.,2
fbbb50c4-badc-4139-b335-a5d47da7756c,Just so good 10 out of 10,5
08e9bde3-d49f-44cb-8099-abe88dc78430,"the end to end encryption completely borks half my chats, from selecting any images and seeing it be extremely laggy and trying to choose your personal albums to sort through (Camera, Family album, etc) don't work at all and not to mention the chats themselves getting deleted after ""upgrading"" please give the option to choose to do so instead of doing against our will, i don't care if my data is stolen otherwise i wouldn't use messenger",1
88b18325-c5c7-4447-a5b3-a0ed31b217a7,Nice good work,5
d434f8bd-4b20-4a5f-9e64-b1e6f7df9950,Nice,1
1b87cd51-2b51-4868-a3ce-ee466dfc6a91,ايه يا عالم يابهايم التحديث دا منزلين تحديث يغير الايموشن ليه ومبقاش بيكبر اتفووو عليكم زعلتوا نور عيني 😡,1
45bf3f63-82a5-4f62-addd-79386fc7ce89,OK,5
3c46e83c-ea88-47a5-848e-18a6e29570d1,💯,5
0f76083a-2329-4fce-ac7e-41375d610464,Messenger help find friends,5
38fe5011-1960-4937-85ed-665ed14af5ea,Love it,5
79a4055b-99ba-4287-b624-12b121419296,HUY WAG NYO NAMAN SIRAIN RELASYON NAMIN NG BEBE KO. PANIRA KAYO,1
e775bfe6-a781-4d73-8908-8c64501a57a1,Not getting messages right away,1
1b2cd0c8-9399-49c6-bb01-c379dffc31f2,"My many pin massage and,Many massages are vanished for this End-to-end encryption update.😢 I hate this update",1
09a915ca-b5f2-4fc8-bc1c-2b9c260fda96,Does not want open and restore my old info,1
837c3c91-6c47-460e-8c3c-31911b99a0fa,"I think you should also add an option for ""Hide from"" option in notes in messenger.. I dont want some select few to see what i upload in my notes",3
037807f4-3ea4-4588-823c-a670b579836f,"App shows people online and active even though the account was logged out for twenty minutes or more. This puts people in danger who have bad or violent relationships they can't get away from and Facebook refuses to fix these things. The app also makes sound when sounds are disabled in the app and the phone is on Do Not Disturb so it shouldn't make any sound at all. They completely ignore feedback now both here and on the PC site. Facebook has become not only useless, but dangerous for people.",1
168d764b-b979-40e3-b0d6-c92ee44fd20d,When I try to send stuff to somebody else and it sends numbers and letters fix it,1
a81747e1-ee51-43d0-879f-8c274088e156,I cannot remove accounts on the list of logged in accounts on Messenger.,1
4bd49626-6eda-4fda-ab81-2549db315d55,Wow! Nice app,5
944dc6b5-9f0d-4ced-8f59-d88f3c3cddeb,Ok,5
44798f57-ec7b-42a4-b8f6-1b2752ad1f0a,Very good app,5
512e87dd-65f6-49f0-8847-90701529e422,💝,5
20fdd77d-e187-4901-8ea6-8bbe5596aad8,downloading anytime,5
06a3292d-01d2-4506-bb36-5f0f4d6e7d2f,Good,5
5feacf58-3cd8-48ff-be96-414ad0afd575,The sicest,5
0564f83d-09f6-480e-ab3c-c59cf76859a2,Facebook,5
8556ea2a-b839-4a21-8a69-8228d292b89b,What's on youhow much an locationr mine,5
40a35cb4-d1ea-4a5d-9707-47f5e92e7b31,خرا,1
bde973ee-d127-4cac-bd21-afabc35fcd13,Good,5
5ba4702d-f81a-4b6a-ab07-68993c9e03b4,"The new update is very bad for me I am not satisfied with the disgusting progress, especially reading messages, it blocks messages and deletes messages You need to fix this problem as soon as possible, I am very upset 😡",1
9a6ce145-793b-4331-8487-f732e389ae2a,Privacy,4
d15ec660-250b-4be2-83d3-aaed534d5959,"Very poor apps,, people message me but this not show the notification i am already trun on all permission but It's not notify me any message 😡😡 Really poor apps not working properly, Very slow!!! Very poor Don't show about Don't go from Facebook to messenger 🙄🙄",1
84b8912e-0917-459d-b5d0-baef7387eb05,it's not working. The app suddenly stopped working and I can't open it.,1
f66ee468-cb27-4fd8-9894-98c672101a79,Ridoy123 RlDOY,1
94b15cd3-f3d2-4ce8-96bc-646cdd55b538,It’s very good app,3
1bdca3fb-f2ff-49fc-9d18-027053caf001,Good app,5
12deac82-a661-46a4-9e59-b8ba57950915,REMOVE END TO END ENCRYPTION OR AT LEAST GIVE US THE CHOICE TO TURN IT OFF YOU DO NOT GET TO DECIDE WHAT HAPPENS TO MY COVERSATION YOU DUMB4SS 4SSH0LES! IF COULD COULD GIVE NEGATIVE STAR I WOULD,1
17eaf5cd-07fd-4b57-9954-5112784ceff3,7€≠;<]#> * L,3
586e5836-a3eb-4aee-8f5d-0bda51d904a3,I get a hold of my family and friends with this I like it a lot,5
1701606b-9d64-414a-8611-e61be45b169d,Okay,5
e83e3623-8896-497b-90d2-5c7880cd8769,Nice,5
883625cc-140f-4ec8-8d0c-6c0f6b0593f2,Good,5
6af05222-bae4-4e3a-b258-a78990952e9f,GREAT,5
98941589-7f07-4e11-8773-155c30184947,I just love it...,4
968c2d36-fde9-4f1a-9a4f-7fc915b3795b,P basically getting a pop-up telling me that you're trying to open an external web page and I'm just trying to open messenger and it's not letting me.,1
23bba6e5-8b19-4845-a885-1fb6a1604260,"I used to like this app . Now after my first rant this app has become ten thousand times more complicated. I just got a new phone, now messenger is asking for a pin that's not given to me. I am highly disappointed ☹️",1
6b918640-84d5-4079-8565-39c43541c830,Without Messenger family connections especially Aust. could be like losing a limb. So essential to see and hear a loved one. Constantly excellent and I always tell them.,5
dba882d7-41e6-4289-a8f1-012f8878a205,ভালো কল,5
8d46612a-fa33-42e2-b656-809745952ad2,Nice,5
fcbde427-7198-4af8-b1f5-09a66fe6192d,Best,5
df768874-a0f9-40dd-90c3-e9a61cc04b3d,Is'nt good,4
dbbf5de2-1606-4f74-be0a-7b62ba822751,Easy use,5
9cc3ee63-ef08-4550-862e-8662979f75e4,good,5
c15cf14d-cedb-432e-a3f7-ee12af77ac52,Ok,5
0101e5f7-d5c1-46fc-b442-62867a57a927,Woww... Tqsm for creating this app..,5
f5218b29-06db-465f-a216-fa11e9d338b9,YOU BETTER FIX YOUR BUGS! HAVE TO RELOAD SO MANY TIMES TO GET IT TO WORK SOOOOO ANNOYINGGGG,1
0e79d75d-1b71-4c86-926c-ad137b7e5fd2,giod,5
90781873-c2b9-4384-a5b9-be39ab50cda9,👍 great service for me...,5
9622e689-0232-4d8f-a8bd-5b903ab0803a,Couldn’t playing live games with friends. What's the problem?,1
7e1dfebc-654f-441f-a1eb-cbc9b530f595,Good job,5
c74e9973-b8ff-4dcc-825d-555b278b6c15,Sani,5
6382c067-c430-4c11-a7b1-a08f43de5611,Good apps,5
dcd02909-9465-459c-a716-10f63f8b126e,Bad,5
d28a6638-4e28-4096-aa91-2640aea8be2f,"Helpful, Awesomr",5
896aac9a-bda3-4df1-8c52-58f8a6f73c3b,Be good if when you open messenger that it doesn't say every message you click on open messenger and then the message is not there,2
6be03970-65d1-43c2-8cf1-4c24e7759886,nice 🇿🇲🇿🇲🇿🇲,4
d8396b26-da1a-4161-9ffd-2e5bbeda2b6b,nagloloko yung mess😭😭,1
b497d4d6-29d0-4795-8aa5-9f35cf824783,ممتاز جدا,5
9a241bdb-d0a6-4c49-b7f4-d787cbb2c0a1,Slowly,1
b85c2b06-0a39-4731-b98c-8bdb105e53e9,this app easy to hack,1
26b42fa7-bf62-4164-bb37-782ff9e433af,Good,5
2ab77bd0-0196-430f-8499-49ffa67a9de6,Very very good,5
f15b5412-44f7-43a4-906c-71a6f4b93c35,Why can't I send photos? I get an error message saying I can't send High Resolution Photos... Just dumb.,2
eb753e46-181e-4c45-b9d4-4e0e741c1f36,Good,5
df9f886a-401a-4228-9941-ceda1ed7aec1,REMOVEEE END TO END ENCRYPTIONNNNNN!!!!!,1
3ff96205-1622-44c4-9cd0-e210ec18aa1b,Md Shohag,5
db4d8bf9-e2e2-44c5-b2fd-6a9e3e74edca,Worst vision,1
6554539d-0f4a-4b7f-a99a-a03d37268429,Waooooooo,5
68d8d064-bc9c-46dd-8279-cba86ed78bca,Daniel Nwaneri,5
9da746c3-e1fe-472f-b6b2-577babf3b6b2,Privacy problem,1
d8b551d2-6754-4b15-8ad8-41ed4c24f352,Why it is not uploading previous pictures and vedios which we share in chats with someone ???? I have facing too much trouble because i want some of my data with previous chats but its not responding Even i have updated messenger but still its not responding and uploading my chats data,3
6f051769-6e98-41e4-96cb-296c618120a6,Previous version is good,1
e42511f4-730e-4a49-bbaa-f16dc7f0f54a,Uwu,1
0788d3eb-81e8-46f5-bb7d-b3ea7ef758c4,Nice,5
2ae3bd5d-45ea-43dc-ba7d-2111be3a19cc,আমার হাউয়ার এপ্স এতোদিন ধরে চালাইতাচি একটা মাইয়া জুটলোনা কপালে🤬😰,5
f1fde928-5994-42f8-9479-927c96c5e28d,good,5
3bba9472-85a9-4f1d-9bb9-83a0cb8f20fd,Last few days I can't call nor answer the incoming call pls fix this!,3
deafa1ce-7c77-4cb9-8cb1-089a067fdd0d,"Can't send most images or screenshots especially anymore because they're ""too high resolution"". It's incredibly frustrating and makes the app so much more useless",1
be0624f5-0078-475a-8965-3ef71f6f4a94,Not working properly,1
b7639059-21d0-457d-8571-2e32306df6b7,Grate app🥰🥵,5
f08990c4-e0c8-4d12-b63b-1f2c332f0aed,Messages take longer to load after logging in,2
79711861-7fe4-4b91-a090-8ad74b6bab66,Good morning dear how,5
7fc710ee-744e-4bbd-afcf-d1b68c666efd,খুব বাজে একটা অ‍্যাপ কোনো মেয়ে মেসেজ দেয়না আমি মেসেজ দিলে ব্লক করে দেয়,5
fa222963-61c3-4015-8d35-6f167ef26042,I have my honest anwer sometimes my messages doesn't send to the persom wjo i want and another why the pictures are also in the same condition huh Fix it Fix it!!!!,1
1c318521-c5f6-4b35-81e7-96c8e7ac7173,Good,5
cc6689fc-2a3c-4ab5-b743-a61f12df0c2e,"Freezes constantly, with no input allowed. Did this on both my S20 and now S24. Facebook instead of adding new features why don't you fix bugs? JULY 2024 UPDATE - STILL FREEZING! HAVE TO FORCE CLOSE AND RESTART. NOT MY PHONE, OTHER ANDROID USERS HAVE SAME ISSUE.",1
cac347a2-778e-4afc-b4a2-48f6d3d29d36,My Messenger acting up,2
c6b1f5fe-75c8-4076-ad9d-f19491b36e16,In,5
84958cb4-4c48-4fd0-81e7-210fe1370acd,Bulok Ng messenger nyo,1
78b0433b-909f-4e5b-971e-5dd1f3abdd9b,Just keeps sending.... Doesn't seem to work now. Have the latest version,2
8a83df28-f0e8-4051-acd7-775deefe4e45,Its good,5
4c70385e-ea8b-4ea3-8c8c-460951a0fbbb,FIRE THE SUPREAM COURT! ALL OF THEM !,5
3c46097c-24a3-4dab-aaac-515a985bb0c9,RES TIN EGO,5
7c69404a-009c-45de-99a9-5211ea1e1be0,Good i like this app,5
55d038cb-1a6f-4284-966c-a8e979c1efa6,Excellent work 👏👍,5
0af1db95-628d-4204-8aca-bbccb2634e2d,bring back the watch together thing,3
08d34b3b-2269-44d4-8ba3-bc53dbb01906,Nice,5
5680d776-e96b-43d6-afdd-b92cf0639c06,Good,5
3479ed62-1515-43ef-ba86-838a09bb8596,A same,5
effa6858-c3c3-4a34-b0b2-dc6d4fef4afc,আল আমিন ইসলাম রাজ,5
6e2b320b-6167-49f4-8fd3-c00f29adc1e0,Why I can't send videos to my friends 😕 fix that issue or else I will Uninstall it without any hesitation 😑,1
92b14f92-d583-4fd9-af1a-4d4f4c1579c3,"Good, helpful",5
da01d667-d64d-4715-941e-dd90606d0d4e,Reliable,5
9bd4e36a-3c83-4f95-8d17-5229a0a06de4,Nice,5
5e23fc99-7284-455c-b5ab-b861f9826360,YouTube Google play store in and the rest of the rest of the rest of the rest of,5
acfabb5e-40c0-48df-b0c6-245c4dc936d4,Good night 🌃,5
8775ae72-0594-4afd-914a-0e147ec7359f,Great...,5
2bcc2133-8f11-4c42-943c-0c27913eb555,Nice AAP,5
4ad76fa4-f722-4310-b479-04fded1c4853,"nawala yung convo namin diko gets yung bagong update sana maibalik na yung dati, diko din alam kung pano ibalik yung mga nawalang convo sayang yung memories.",1
650a23bc-b3b5-4be2-97bb-c08aff11df37,IBALIK ANG WATCH TOGETHER!!!!! KAWAWA MGA LDR!,1
89c1af9a-8589-4b44-addd-76813507d2fb,Fantastic,5
1abf524e-82d5-4296-904b-f42490e2aad3,Why do I keep seeing a notification even though nothing is there.,1
39ffcc72-7368-4102-8951-3409e03461bc,This up is wonderful,5
694b180e-c0bc-4e84-9533-bb4b280980b5,Nice 👍,5
99ef24b0-4b05-48f7-a5e2-bed5aa054ec6,Good,4
d684a3a4-caaa-46c4-a044-4732dcf4681d,It's a decent app dropped it to one star because of the corporate AI that they added to it today's AI only exists to steal information in the age of stagnation that the corporations have bread so there's no need for it to be on the messenger unless they are in fact stealing information which again is the only reason AI exists right now in this moment,1
23ced1f1-efda-46e9-9ad5-f38f874db959,Good,5
65e87fe2-2bf5-46b6-af1a-e6b03d547181,બઉ ઉપયોગી છે.,3
f27b39d3-104d-4ea5-b313-da03f6e3197e,Good,1
5bd38498-6622-4e98-9db2-00a0a4070f4b,cannot log in any Facebook id,1
849d081a-18d3-4749-b008-ecd1a204e51e,Very nice app and very helpful app। You can chat from this app. It is a very good app,5
987bd214-4321-4b8b-ae90-fcfafdc4fe23,Awesome app,5
f7a6f42b-22ea-4f05-ba5a-4f2d5679bb97,Super,5
11acec27-c0fb-478c-9c6d-4d9398abc054,You guys can stop being snowflakes and deleting people's accounts over what they comment and post I can sue you for denying my freedom of speech hope y'all know that. You're acting like a bunch of kids. You can also stop with the security updates any second now too. I suggest we pull out head out of our asses before y'all start losing your jobs,1
8df1fcb0-5775-4267-980e-8fd38568a41d,💪💪👍👍,5
b2a517fd-cd59-4397-b89e-a01264eac05a,ফালতু একটা আপস কোনো মেয়ে মেসেজ ডেয় না ফালতু অ্যাপস,1
3bdb6882-62f7-4bed-a769-0b782b8126d2,Some of the chat doesn't have the delete option.let it be rectified.,1
7fd3a937-2130-407e-8989-107d1dc0e945,الرسائل لا تصل ولاترسل,1
437c06b4-8c0f-41c2-88f4-f162713d3d17,Good app,5
543914a2-415f-4655-91ce-ab65f4c8552a,Sisi,5
b5117c0c-58d8-47f9-be5f-d225bce12037,SawNgaMan,5
8dd20940-898a-4525-a902-a822a9af32eb,good appp,5
0fa4b41c-14a2-422b-928c-8e498390a87c,RDX ahir deepak 😎😍🥰😍❤️💖🤟😘,5
61c5b46d-9137-496e-9f8c-79f7e6c2286f,It won't delete and i changed my password and it won't let me send messages or do anything and the code that I need for meta won't work,1
0555c5bf-fdd4-4d0c-868b-7f9ddf09c2d2,bad,1
b06150df-cacc-4413-80b3-e1f546d3bf19,Good,5
384f5872-1aa5-444c-9db9-0b41610cc9e5,Good,3
47c20d13-c571-4a3c-a799-d05704574243,Fair,3
8df548db-c00b-4af9-883c-47090598cb61,Nice,5
76423e23-32b0-4992-85c3-5b6db3a9c50c,My love,5
cd5f7320-7038-436c-ac9a-6132fea5d0c5,Nice,5
3e892e45-61e4-4d50-b94e-94c6005fc1ed,Power,5
d68e10ab-95d1-4484-970f-1274e5ec6728,Annoying,2
db13a1cf-b088-4414-863c-46a6cffdc435,It's not bad,5
e10d8ac5-e00a-4e8c-8000-b974615dfefb,Awesome,5
bc44feb0-eefc-4b71-b82b-af28ee41e04b,Asome,5
e401ad71-cb42-46f7-a0db-8b7ada72ade5,Good app,5
85c8a9ad-d051-4e25-929c-e1708ff494b6,It's alright,5
9adf03f6-750e-4525-941b-6ba3741c523b,Nice aap,4
8d5a8ed9-831f-4ce1-96c7-99bcd9906e00,Cieetas is,5
8b91e187-edc0-41da-bb22-40fc36d5cce7,have been downloading with my data and the app did not open and there no more interecting things in this app this app is nonsence please fix it i cant say anytging because nowadays we nigerias are noe doing fake version of things i swear this app is rubbish i installed and couldn't open i brought data to install and not opening,2
200fde80-b4a7-44d5-ad1f-cb5c4a286fa7,Nice,5
e48f917d-2cf0-4a26-bcfd-3f1d589e8988,Good,5
0b8ecc79-1cc9-4c5d-92ec-08a60d1cf6ad,Nice,5
db0d0b1b-1af3-447d-b393-5bf78cd74b24,Good,5
3768ef80-6302-4fea-8824-f05e62867fc9,Worse than the new update icant see the seen of my friend. What is the problem this new update it is like a Trash amd Worst than ever.,1
f713aee6-c3f4-42a5-95a5-081a0c53a4b2,Messenger is best,5
2dee8f55-0cae-4dbe-9435-e8ad102828a3,vgood,5
5f558a73-f823-4936-b335-2db297a127c7,good,1
a2351a62-1376-4226-ba9f-bdd6051709fe,Minsan ayaw mag send Ng chat,1
421061c1-74e5-4181-99c1-70138a385a70,Good,3
91a56dad-a042-4b71-a664-6a03b54002b6,"Bubbles work for a bit then you have to uninstall and reinstall. 🤦‍♂️ Even force stopping and clearing the cache doesn't help. So of course after reinstalling, you have to remember where all the annoying settings are you need to turn off. 🤦‍♂️ Seriously. Do you no have anyone that uses their own product? ALSO why did you break selecting text?!? 😡 Now I can't select all, cut, respond to something that just came in, and then paste back what I was writing.",1
dd3f54c6-2a92-43dd-ac4b-85d5b49f1a26,very nice,5
e31da8ed-71f9-4379-90c3-77a4a56afeaa,To be honest i don't like the new update of the messenger because it has end to end encryption which is I can't see my previous message I send to my friend. When it got only delete a few seconds ago,1
e5cc2196-6111-4e5d-b785-e260b6c64e49,nice app,5
2c69df20-b354-4314-8d8b-c9bab3bffb51,Great,5
712ff9d3-3e47-4b06-8b62-5cf1027533c4,Nice,2
832a6e2f-e88c-453e-9d12-68cd11bb155f,not good,1
0b07cd79-5bf5-4cbe-a022-beb56619d9b2,normala,3
2496043d-4d02-4643-a28c-d0de4890d64f,Very nice,5
44fcdad9-6b41-42b8-9d8b-26cad7f37d7a,Good,5
11b02897-428e-4540-a596-fb0af3c27aca,"Get rid of end to end encryption..I hate it..You have ruined my chats with family and friends.Also,should be able to log out and/or remove your account and not lose messages..Please,fix..Stop ruining the app with every new update...It was just fine the way it was...",1
8387ec37-ebb2-4e99-86a4-f72fbd11bb97,Ok,5
0511420a-38ee-4620-b13e-dc8ddd91a291,Great,5
c8553a0b-21c4-48a2-a74a-df84702d23bf,Will not open,1
a02f516f-c230-4c9d-a56a-d5925c9cca75,How to do graph search for the same as the same as the same as the same as the same as the 6th 6th and watch a movie with you in about an hour or two to do graph search for the same as,4
2820d186-271d-48c2-bb4e-f6fb0fb17a22,Failure,1
67265480-b0b2-496e-ad88-cb10e2da08ae,Can't even send photos or videos after this new update,1
4ec8c6eb-19e4-4146-bf41-5e54f648dba1,Good app,5
4b58b73b-aae5-4163-8622-bc392bac94eb,"I am losing messages every time you stupid developers, even I activate the end end encrypted",1
995ba69d-fa4a-4036-95d3-29400c6cbe2d,nice,5
12d29bf8-8b3d-4ee8-af1d-d5e000fc14c2,Try to be good to others who knows tomorrow,5
b57c5988-a2f7-449b-aa75-24e1387fbff0,👍,5
5846a0eb-d695-4c3d-b69a-9a5a38260fb5,Low quality of video call,4
705f7f4c-245e-4528-b592-0b763aa5da6c,Lm often tgt. tgt,1
039b502b-c0ae-4adf-b6a0-82f586d91fe7,Good messenger,4
14510197-a396-4944-849d-c8a99c9c9dbb,WHY CAN'T I SEND VIDEOS ANYMORE,1
b0acc422-6ae0-41b6-9e75-9e5991baafba,Not working after June FB update on Samsung phone..,1
d082cdcd-a6ef-4700-9126-7ed3c645bdc0,Very nice I love it,5
3642b6c5-65b8-492d-92bc-56bd01d68dfc,booooo remove the end to end encryption it deleted all of my chats!!! 👎👎👎👎👎👎👎👎👎,1
b108f124-eea5-43df-b10b-62502ce42aae,Good part ayomi,5
8954d76d-9444-4cb1-8789-c7dbe9e48502,Incredible,5
0accdb78-d0a7-48f4-91dc-87ea12ddb79b,Ok app but not butter,1
bf6a129c-8b75-44bc-901e-e499cc23cc43,Plz fix this logging and responding problem,1
2adbf718-4936-4ffc-8ada-7161c3439162,Good,5
2f2a1159-5f82-465a-99bd-c090adfab8e1,Loading videos that are sent to me are not correct. My husband sends me funny cat videos but when I open them it plays random videos instead,3
c7393109-2352-47b2-99f0-a263e22230fc,POOR UPDATE PLEASE BACK THE SAME BEFORE ‼️‼️‼️‼️‼️ WE CAN'T WATCHING MOVIE IN THE SAME ‼️‼️‼️,1
d62e2a99-6d1f-4c7c-b547-02b75ba000ea,I hate it I can no longer message my sons or send them pictures or videos and they can no longer message me this upgrade or update or whatever it's supposed to be is not useful to me and I really do hate it I want to go back to what I had at least I can talk to my son then.,1
cf61bedf-636d-434c-94e6-1c1292f949ea,I like this app but I am giving one star because I have problem with end to end encryption which removes important chats,1
c90f5cd4-3242-4ad0-85eb-b93e7b8cd6c7,Good apk,5
352f90f8-b9d7-402b-b9f6-28afdacbf8ce,What happened this time some of my messages are missing!!!!,1
52fb79e5-41cd-47c7-84a2-019c6d9416e8,Good,5
cb0a1c5c-c244-4352-8587-985db71d6465,Nice,5
867d70b0-a3f4-4aeb-9772-5fa2dc9cea06,"I hate this app because when I NEED to show my friends something, my photos aren't sending and say ""Unable to send"" ESPECIALLY WHEN I SHOWING PROOF OR SCREENSHOTS of something. I can't show my friends step-by-step photos or tutorials AND TRYING TO GET ANY OTHER SIDE OR VIEW JUST FOR IT TO SEND AND NOT SAY ""Unable to send."" PLEASE FIX THIS IS SO ANNOYING AND IRRITATING",1
5f86f2c9-580b-4b27-ac63-5dfac39cbbb0,The new chat history is really annoying.. Also I can't see or receive any notification of messages 😤😤,1
9ab1c180-4fda-4483-ab52-96404f96bc7d,Bekaar aap hai,1
66f4d06b-66d7-4537-9dd3-525bb10a940e,ShelAlm Tasnova,5
d2cbcbbf-e233-4e57-8ac3-76b3b329d7a3,i love it,5
a6579bf9-d86e-4687-bbc0-0fc881a5a8a3,Thank you very much for this application,5
2ca71cb8-f41e-4265-b869-2199fda809a3,Helffull,5
5b7b8413-cf55-45a8-983e-2535b3b9050a,Constantly has bugs,1
ec4863de-fc69-4db3-b16e-7dfa883bd687,"ফালতু একটা apps, কোনো কাজে আসেনা আমার, সারাদিনেও একটা মেয়ে message দেয়না আর কোনো মেয়েকে message দিলেও সে হয়তো reply দেয়না আর নয়তো ২দিন পর",1
807af824-0242-4c10-8643-79263aa74dc9,Slow service,1
23d065d7-dcd3-4ce4-95c2-9cf05cbaad90,🥰🥰,5
88706e46-edde-4f72-8544-4c4ba307662f,Excellent,5
90f0f2d2-8ceb-4104-b0c7-1b0bbac95b94,become useless because of the new updates,1
f92cf045-f76c-473c-ba72-3ab9446f09f9,Timestamps are wrong it's become tender.,1
38ada37d-116b-4d2b-9640-2381bb3b750a,Good work,5
547bce9b-26eb-4872-951e-6aefae8ec762,Unsatisfied,5
608f6bbb-ed26-42be-81d4-b3efa58ae3cb,very disgusting very disgusting,1
627c2d5d-e39c-4477-b3cc-a7bc9456f54a,Very good,5
fb906c6f-3fd1-47ba-97f7-6d270bb9692d,"I want more updated ,before it,it had txt edit options but after update it didn't have that fiture anymore i want that fiture again.",4
09be7742-50f6-4d80-8de4-749afa34e0fd,Very good Instagram very very nice app,3
a7038e96-f8a0-4499-a65b-07d91461c2fd,Nice apps,4
aef74257-f036-42f5-978b-b9432d40b5ce,Nice,5
2dde4781-f973-4990-b3c0-eba40b3c32f7,I hate the new updateee!!,1
ea6b7183-0a64-43a2-be10-eabb6d68dcae,Gowthama,3
a51f7192-e0dc-455e-b6a6-3acd8ae0bbae,Bad,1
5b60f784-a40e-493b-86f4-70b93fc7f867,Tamannabanu nachare,2
4ee665b6-3578-47a1-8b4f-982fb729a255,Good,5
04c49d69-8729-4ba5-9b7a-f6b381c43598,Can't send videos as msgs any more after update.,1
94a22aa8-5ff5-4022-84fc-f35bf29bfc05,Nice,5
8d6cc9a2-d68d-47ec-af07-fd634844bb0c,I don't like new version...new version don't shows how many people is on chat,2
a17bb9dd-6013-4057-b3a1-a3050e59d427,Why don't I use this? It said closed application.,5
dec534d0-7a6e-48f8-8a02-103e9dd6a9a4,MD Nasir,5
656829f9-c933-4fb6-b82e-4bc634c3f2cb,Some files didn't receive.,1
95dc52f2-b944-49fe-8496-aef09cd13200,Ads ads changing my message app terrible,1
0e54da12-a2d3-4da6-a373-69122c6e1179,Nice,5
3ab58f80-c3ec-41e6-ae2e-602e8007568d,Very good,5
32d71d87-51dc-4243-904b-6fde8ef7f3b6,Just hook me up,5
98b3a92b-76b1-4b38-8574-af0f28722110,Good 👍👍👍,5
373002e8-0404-4082-b35c-11aa429283a0,Good,5
a5945875-0d4b-485b-9fac-7b17708088c7,Good,5
e7cfc1a0-9e4c-4b94-905f-893ceca0d71e,Nice one,5
5346fd57-95db-484a-b7d7-eb890827dd5b,"not funny, messenger. hindi nagnonotif chats ng asawa ko. ‘pag naghiwalay kami, kasalanan niyo ‘to.",1
e14285bc-2515-45ec-aa62-8347e73e0d78,Its a great app,5
8af8b028-391f-47f4-9a4c-c3f65d09a15a,Very nice...🥰,5
9becac5d-b244-49e0-abca-20b1a8f25d24,Great app,5
741df8af-c760-4a89-95e5-347983cb0750,Why I can't play in messenger game?? Why you so picky!!! And the watch together you guy removed it.!!! Looolll!!!! Annoying Mark Zuckerberg your dumb,1
9345434f-bace-44cb-b5e0-721500238b23,eme,3
0f9c17ae-404e-4ebb-aa54-68d8b5cde828,Very good,5
d1dbe81d-fb87-4e50-b37e-f2614e6378df,Wow,5
606dc84a-4342-4e95-851c-a3f4e80cf9c5,Not good at all! Can't see the other person on a video call.I've been having this problem for the longest and Messenger doesn't do anything. What's up wy that?,2
22d54de0-12b7-4f31-9d64-4d5018551e85,i don't have notes.,1
36833cbd-025e-46be-b8a0-5a4b1316bf87,Nice,5
4456de84-62da-4630-8c8a-eec12ccee0fa,Good,5
709c3ac3-b8f1-4956-afa4-378b9a574fa0,Good app,5
f9dc6871-763f-4e53-803f-60bacdbf306b,This app while it last its more worst experience because they were always updating but our needed to use dont work properly like it can't sent video its always failed to semt,1
55723709-c988-4de4-a342-76e6379fc4e5,this app good..,5
a2eb4045-47e7-4611-935c-f9e5cf614a16,"I keep getting notifications that my version of messenger can't receive some messages, even though there is no option to update? What's going on?",1
4d1607a7-68c4-49bd-87e4-1c9d1d8bd178,Worst update.,1
a9dcfebf-7558-445f-9dc7-e633abc49d83,Super,4
385d77fc-d535-45ac-b92d-b1f247f6ec6e,Maganda ang maitotolong,3
f188f8bc-7e22-4786-9226-944cda244007,Dont really like the end to ent encrypted new policy I was fine without it and it's really annoying cause I can't remember the pin ND I can't reset it either cause for some reason the service is not available in my regio. 🙄,1
3804bf56-4be0-4e23-9b0c-8af61bb3f08f,Nitish.manjhi,5
2729faa2-23c0-4599-9cf3-1f70f7eba6b0,Very nice app....... 👀,5
fe474c9d-dc7b-44dd-a812-bb604d92251d,Update v,5
a606854a-9e22-4357-8ea8-c552153c203d,Audio echoes during video,1
cc323d88-3002-45ca-84a5-c77634354854,Good BBC v hb BBhh GGhh CT vvT by BBC g hvv GG çzf XD ççvvg gvb he hvv he d by GG vfvñ hvv ggvghg he by h he got f GGhh GGvv egg d BBC bbw BBC bbw BBC he by hgddgghf he h he hvv BBCvv hhh BBC bbw see gv v Cv vxgxh Cv CT vT g,4
b74d6432-8e82-4d6f-ab6e-cb240ee3e0ac,This app keeps updating with useless and infuriating features. I won't stick with this app if only this is not the common way to communicate in this country. App keeps deleting important messages years ago and even the one I received like hours ago without my permission. Bring back the old version where feature functions is not complicated where you can still search valuable/evidence message from years ago. I don't need this app adjusting itself for my storage.,1
d2615ef3-6919-4b68-aff8-448e80d8c123,"I can't see any photos nor location because it says it does not support this kind of version, even though there isn't a God damn update",1
de9538a5-116c-49f8-b76b-ba62d6d18aee,Very nice,5
84d5943f-0ffe-4e0c-8ef2-87d294079017,Nice,5
5b1cabf3-26d6-48a9-b93a-6dbb6f15ec4b,Amazing app,5
05e8d54f-116b-4f93-9ffc-d1c432219bc7,Very Good,5
4b250433-f9ab-40ee-9610-f21eade014d7,It’s not able to rotate. otherwise it’s good,4
fdb9bfba-a599-43c7-b29c-ea24e8c255cb,Mammee usmaiil,5
d1bec1cc-f899-4876-9b17-a4170d730443,Md Kamal Islam 30/6/2024/ইং,5
54656514-b177-4c15-b1f1-0bae4a625c60,Gyattt,5
9b0575ec-a902-48ec-9057-f64ae9a755cd,বাজে,5
29458bff-b9bc-4a54-9b43-4798016470b2,"Best social app for me and my friends, we're always use this app for talk to each other and sharing photos, files, videos. Messenger make our daily social life very easy.",5
8343808b-d72c-444a-acd0-ad39003eef7a,It is not installing in my device,3
c4f2c242-f5d0-4ba8-84ec-cb5552c748da,Every update makes it more shittier. Only messenger can do this🗣️🗣️🗣️,1
27238fc3-b69b-46a3-9a09-31efa4ea6e6f,Sunni jatti peee pundaa,4
bc632d9f-3a65-41b2-9f8d-847be927283d,"Well, this is very helpful for me because I can reach out all my friends and family.thank you messenger",5
395f2293-4aa1-45d9-b4a9-a8ba93c42571,Great,5
23792b33-aa3c-4f94-a1d0-d64f8357e82a,পালতু আপস,5
b9f2d7e1-e922-465c-89c8-4f82cb3ed473,worst new update,1
d4c7352e-2762-4d7b-8658-b8fc0f84e1f2,How can i turn off end-to-end encrypted. I don't need this. I can't find my important messages. I need the messages. Please solve the problem as soon as posible.,2
4358a68a-2d7d-492d-b451-e0c2ec375260,It's a great app,5
c3bb4216-05a9-407f-852c-ae35d16556ea,"too many irritating bugs and errors on this new update, too much inconvenience. edit: the heck is happening rn? takea too much time to load messages and too many bugs.",1
08e2046a-9e19-42fb-aa91-a0fdd96514f1,My gif has disappeared. I can't include one in any of my messages.,3
d53d8ed7-56b2-4b64-ba3f-e4cf8cda0d07,It does n cuts off,3
f65dc37c-86b4-4a69-a02d-0804d6438ed0,"Bring back the old version of messenger/Facebook I don't like the end to end encryption, I cannot view my old and latest messages😤",1
5a8122be-074a-472b-b4a3-71466ea1fe57,worse messenger.,1
1e1ec5eb-d628-476b-a6e1-b4cf58c4f81f,Very good,5
7e27992e-385b-4ec8-96bd-5fbd873cda2a,Xicfr. Q qq,4
8a23ea22-4368-4193-bdb0-d7940a15d221,It space is to large,1
c2ee0f8b-5070-40bb-a519-03460910b7a5,good,5
b19b866b-bd32-44a7-85c6-d24c792997b5,Hoiiii,5
8fa4c449-2369-4a17-a09f-07f60d55bed9,Good,5
d8c7d4fe-e3b8-4f48-9163-f4dee110a13b,The worst version ever I can't open the app and see my massages 😪,1
03e94d04-0b73-4385-bfa2-dd2be16b7e09,11 L Not Now,3
728d6019-be6e-475f-bfd1-246adcee2342,Najimuddin,4
9605b09f-0802-47b0-99ba-a53d7f3cde65,Who,5
7a0fa817-dc18-4153-bf73-bf04dfee6dec,ফালতু একটা এপ কোনো কাজে লাগে না একটা gfপাটেও না,5
3f67a53f-9bb6-497a-b6e7-523ab57589c2,I don't know how to update,2
3d2e025d-718e-474e-b7ed-2247301eb952,I dislike almost all of the updates! It keeps on crashing as well! so hassle to use!,1
5c351696-22a4-4136-9f38-6699b5ada7af,It's great,5
167f9ee9-047e-47c6-9f48-9db0d9d85b7e,Good,5
ddf9b53b-8bc3-474c-93c4-fce6e8533848,Good,5
d53758f9-fdbf-45f2-84a1-eb7f1f1a775f,Veri nice,5
b6e6fc2f-66d6-4480-9130-44d3d92cc1a7,Jeo,5
058b0f3a-70f3-44dd-8201-7243bbbce7ce,THANKS TO YOUR NEW UPDATE (END TO END ENCRYPTION) I LOST VALUABLE CONVERSATION. I ALSO CAN'T SWITCH ACCOUNTS!,1
320a14cc-ffbc-434d-9165-fa4c918d5a22,This app is a hack for stalking James Ballard you owe me 20 million dollars. Pay today or you go to jail,1
2382fb69-a3b0-450d-b8cd-eae73a4d9e1d,wow amazing,5
cc2df9ac-70fb-42dc-a419-b94780f285f0,Is anyone having this issue? I have dark theme and when im pressing the search button two horizontal lines show up for a second and then dissapear.,1
a4e4ccf4-9899-4d2b-844c-ea4151eb2815,nice,5
755a6a45-6127-4799-9b43-8b8de6da6602,Op Oo,5
2e73885b-c0b7-40fd-9115-eae0af0d07fc,My account doesn't have a notes,1
4f3c8868-e79c-46c9-9c66-9a53d6d0f3fb,wonderful,4
123b3082-968e-4a8b-9af1-6ec98091289e,Love this apps,5
18ac5182-8e80-4bf5-b13a-5bf62d40dc2e,بقي زي الزفت ومملل,1
1f3fe061-feff-4d21-a364-2d9972a6d4d3,Super,5
b94be0bb-ca03-454c-b9e2-962a5d6895a6,Good,5
38d8a717-0ea1-4111-b949-36a1b4f649ea,"Connectivity issue, chat heads sometimes don't work properly, built In video player is absolute garbage and WHY ISTHERE NO WAY TO LOG OUT ????????????? And why does the edit button keep moving?????",1
b4cdacd9-6f0c-4d13-be34-19406e1625c0,The updated is so terrible,1
dae2c74d-e66f-4605-9d99-fdea17e9d220,"Worst update, takes hours long to send messages?",1
b787c5ec-c239-4f19-8af3-efdbebfe4b96,i can't access video calls while scrolling through my Facebook account,3
f5c6466e-2644-441f-9d02-a4fd82ec4d68,Nice aap,5
a30e380c-7827-4bce-96fa-625ef8a7f587,Okay,5
9c69152d-e24c-4462-af67-79fe56dbd451,It very nice,3
5c8a847c-1349-4746-b301-3c83536aa378,"Fix the issues, PLEASE!",1
f364634d-2e2b-4507-a7d6-1b72a9dac133,What version after update,1
64354ae5-8745-48b2-8be3-dd319d6b05a0,Nice,5
44fe0037-e91c-44ca-a0c2-7839df116c32,Briliant,5
3b262987-99f8-42b3-ae0f-803f88e85547,Messenger download,1
1fa0b6a9-6a1d-491e-9313-dc253b64f25d,Mabagal mag send tng ina maayos nman Internet ko,1
2932da1f-9ff7-4910-a392-93b314cf23ff,Why did you remove watch together in video calls ?,1
5e8294cb-be57-4baf-a760-4d51446eec42,Kapoy kaayu di masabtan ang bag ong update maka lagot,3
dba9bca6-e9bd-41bd-aba8-528f41b6d70f,Good 👍👍👍,5
1cdf8b49-873c-4862-9fa3-8bfdc9b3da2d,very good,4
365d9ca1-5067-4f9a-90e8-0446e50352a1,Nice,5
1098cf1f-9414-4ed8-94d2-bccf8a50ccde,So inconvenient whenever im in call and still need to have that small toggle thing on my screen. The caller cant hear me when i exit the messenger screen. 😡,1
c772f61c-e8b9-4730-a94e-9b15c0ebe757,Excellent,5
a699f544-185f-44a1-b5be-c5c4cb830938,"I like to keep in touch with family, friends and co workers from years ago!",4
ee05b29e-f53c-4a60-baf8-9a00f9ce95b4,تتتتتتتت,3
4475c2bf-d7f6-41d1-89f2-4ba1c258fd05,Great 👍,5
3bc2b138-67e6-4695-87bd-0e25229336f6,Kinda good,1
75a7798f-50be-45ad-a02d-02ea9ecdef45,"No real reason not to just download this app when you get a Facebook message, read the message and then delete the app.",1
304289d4-af96-43c1-b3f7-3474ea8d7680,very laggy,1
d2e611d5-d177-4446-a5a8-3e5a0c3f99c2,Imo,1
9cd45078-d366-41a5-b6ba-4bdc4c25872d,Supr,4
6700f503-0ee7-4102-a99c-30183bc49636,গুড,5
3ce01f4a-09f1-44da-a3c8-75aa7296e147,Really great 👍,4
0bf19d61-6d32-4ccb-ae11-cbc7a476426f,"I don't like this app anymore. Having unnecessary update make it worst, the update that automatically send a message when you react to someone's story.",1
aa681c44-e2ef-405e-8e34-52a1aa1597f2,No comment.,5
b67c92ec-fff2-405d-9104-711f66101ede,Very impressive,5
0509bd2f-01bd-4fd7-a3df-9c61d4277a2c,"Not good, loading always",1
d53388ed-a72b-4b5d-a532-ae9c956c3b7c,so very nice!,5
1ed53e63-98cf-48d0-9ae2-e97a12597a00,Nice App,5
08d910c6-38eb-48f5-a1fb-84bb516bf30a,Legit,5
b75760ac-01ce-4847-b96a-c98f8d5f7d28,This messenger it's so helpfull,5
2f593437-48cc-4e0d-bbef-5ef59f16c207,"Hayss, I hate this latest update!! Bring back the old one!",1
76a6dde3-4d36-4aa1-b878-ea7f4fe97df3,not good,1
aba79d45-eda7-4727-95f9-ffa0203097ba,Anti first amendment company,1
0be60367-3982-4d1a-9e27-d114f81c2152,I love this app,5
9f550a16-cb81-4086-8b94-694bc9bb3da8,Good,4
b4c45136-1044-4643-a411-a53e0f11e747,Stopped working on my phone,1
5623189b-8fd7-45af-b1db-0f20a5252a8f,😎💯😇,5
f9a57c14-4603-4b6c-ae40-b8d25376df71,হুম,4
b805f3cc-f3a6-4ab2-a20b-a364133850c1,Good,5
0425a1c4-106b-4ec1-aa8f-ab53ba321e03,"After the update, messenger is like a dating app that are hard to use if you're not subscribe, pls fix it",1
ed61be5e-c8d0-423a-9ee9-d4f968e4b15d,Gud. But too many time takes,5
659b1eb8-bbe7-4793-a803-bb4c3a5448d0,how come it's saying:  something went wrong. come back later..   when I've uninstalled & installed twice?? & got a brand new phone. pfft..,1
00ee2bd9-c43e-43e4-a961-d2fee0fcdd84,Nice app,5
bfe1849f-ab5b-43c0-8ed0-8384ce4d5356,Very good app.,5
01c2751c-1e25-4697-9e22-2b98fe650bd6,Winmar,5
e16940d8-a259-4455-a745-f88ca92ef76d,Thank u meta iam happy to have messger,5
a4731d65-8917-41e7-964e-0a01f5c043fa,Nice,4
9b9a4af3-c81e-404d-afff-e0529e64a565,Amazing app,5
eed20fbc-f3cf-4135-a0ab-62e902833688,Nice 🙂👍,5
41648958-f181-4b77-b2d5-b28b55962a8b,It's OK.,1
bf5c7c54-718e-4973-9b53-efba697b83b5,If vgood app,5
239be302-c52f-4846-be13-3efc32bcb1a8,"It's suck, when they added the End to end encryption. Back to version of messenger that doesn't have End to end encryption, it's trash",1
b106c575-4b9d-41f6-aab7-e20b462fea48,"Too many problems, on my settings it shows me no reset pin on manage storage on end to end encryption. And i cannot reset my pin",1
5552d2dd-6f6f-4305-b739-e198e0328bf2,Bit laggy,1
37f993f3-fc35-4a88-b465-8518bdfcfcef,Show update try to last five days not is updated why,1
b8a04bab-61ac-4263-a928-1e1f74f7ea2b,Amazing Apps,5
78c105da-32d2-45a0-88d2-b1f6354d3cb3,Ok,5
fb8d0c0e-0591-4b44-8c81-b530f93387f2,Good,4
1fb9647d-eafc-4b60-bdda-4aeb26e976c1,So pretty 😍😍😍,4
4cf15c59-1003-446e-9b17-b2727c929bd3,Very good,5
40b65728-0c8a-4953-a1db-8d70f07eba5e,thank you,5
01cec2d8-5eab-427f-9d11-1b284ee00f5d,Chada kayo ang messenger kay makatawag og maka chat,1
4313664b-1b9d-48cf-aada-cc4468118d15,Aww hell nah JigZuck yo app tweaking 😭😭😭,1
d79b59c1-eed1-4082-b718-b5f53e963549,Good,5
b63e83f9-a56a-4c8b-9f45-5a49e72e0095,Good,5
2a9a2c7d-b6f3-49ef-bd7c-cdd6917bd10a,sweet,5
bb72cb77-137a-44f6-a85b-47d32d53331e,nice and very useful for communication,5
c522313c-c35c-48be-a026-3a1e405765df,Can't load my files and old picture and some old important messages lost too and can't back read previous chat..,1
213703fc-c417-479e-8e17-1dff0ce00745,Thankyou sa update nyo ( notes ) because it helps me a lot on having my move to my crush,5
b26694cf-c96e-49d1-ad80-fd07dc59e92e,شاداب,5
9fcb8633-f512-4894-84c3-faf3b20f383f,Vishal Singh rajput,5
588b22b2-7af8-4f7a-846f-af99875868e2,Perfect app,5
f957ce27-3d66-47a4-8204-4a7b92fabd41,Voice recording problem 😔,5
8ba5af0b-3dfd-46bc-b258-5035bc2e3af6,"They remove the ability to watch video together when video call, such a stupid decision",1
ae7bb78c-e3b7-4b8b-b2cf-445732da5a61,Very satesfied,5
394986dd-c5e2-4c53-9fe3-953582daedb1,Nice apps,5
9f5d5fb2-beb3-4315-a6e0-25365f3659f6,very useful,5
7b4ba66a-b741-4a4f-a13c-f73354ae4ea9,But sometimes so very logging,5
f866bdea-89da-4d39-b05d-2baafd30b823,All of those r business only,1
2bc6d61d-0519-47bb-90a2-685e371bb470,Not good this virsion,1
bcf21cb3-fa14-40a2-aca6-e54ff7779270,Thank you,5
ff033b36-48fd-4e51-bcca-6bbf8a35d254,Is the best messaging app,5
27963c1e-3cc0-410c-b7ec-43fd0e6fbc23,Useful app,5
802bb079-9129-4c02-84d1-fb27e053a85a,Useless bubble,1
b27eddba-d887-409c-bcae-8ebef0b9404b,Nice app for messaging,5
acbdf259-b452-459a-8ec8-6c5177b206e3,Lovely,5
ed74ec77-666c-449c-b1be-665f0de4b1c2,Jyotirmoy basak,5
a8d35a71-5051-495b-9bf8-dd6dba2a7655,Wow,5
fa228daf-6f8e-4283-b4e2-98c6b09f4007,end to end ecryption is not useful,1
f4be3d4c-a5db-4388-9162-a76d91c1c3d1,so far very comfortable to communicate,5
d91c80e2-a700-4c2c-9fc5-94afe77458e0,Thasin,5
5f57665a-82d8-4243-84d2-826a26704502,Not good,1
afa756ba-b55b-4cd6-9c06-d58e8132a8e2,Some time my chat not loadings. ..sometime have login issue,2
a1816f7b-ad28-42a3-a30f-1c91d2c19530,"Bring back old meta settings, the new end-to-end encryption is very L fr",1
4f53d769-6550-44b4-ba27-0e39cd9804f7,واو,5
d5781ecc-78df-4025-85de-c08a0d75628a,Message sending error,1
2ad71980-be6f-4521-af66-93903d9a20f2,Nice app,5
f5d3a906-909b-4c2b-8038-94354378c913,Cant update,1
0d4cea27-9dea-48ad-92d3-265d02cdd2a7,New theme,5
e12e0aff-ab28-42d8-b185-6711c7b98355,Very good but expensive,4
65729db1-8a77-4e80-9450-b333056d8eba,Thank you balik na ang messenger,5
bc8905b8-804a-4919-963e-5f7a659b7b48,why is it that when I'm on a video call you die in less than an hour even though my internet is strong?,1
c198e704-d370-4b2d-ad09-9331e4c28004,I am love for heart u because nice send how message but feel how video call with deaf use to sign language can to happy,5
115ba655-4fec-4bf5-aad8-1075365804aa,Very good app,5
5ba02f45-6d38-4599-bc6d-23598593f144,it has been very glitchy recently because when someone chats me i get a notification but when i go to open the app it doesn't show amd when it does it cant load the current or past messages and when theres a conversation bubble and when i go into landscape mode whe i go to open the bubble it is sort of squeezed together... please fix this,1
3eafd5e4-67d3-414a-9123-915b76cb2408,Excellent 👍🏻,5
f9d55bc6-af60-4fd9-9599-552606ff5f17,Good,5
e03ae94d-fce1-4d05-8276-1960cbc80edd,Not able to view last seen of friends,1
067cfa4b-0dca-4a8e-bcf9-482adc9e2641,Even i always update my messenger app i still never experienced the new features like notes,1
337d7d1f-0243-4302-a5cf-04ee945b2182,"When i Begin Screensharing , It appears Half the screen. This Happened Many times With A Lot of People And I cant Find a Solution for This Problem. Overall, i give this a 3/5 Bc sometimes the Mic Lags And We cant hear each other. PLEASE ,SOLVE THIS PROBLEM 😡😡",3
f0f62375-c967-4bbe-a1e9-0081087b865b,"Please stop this end to end encrypted feature. I don't know who invent this, but its an very bad feature. We lost our messages and there mey be no option for backup this message. So please stop this feature.",1
b1d52bbb-e3e6-43b4-9b51-49ba8f2843dc,Good,5
48d796a6-b5eb-4e6b-add0-758ea8cee962,Face books font too small larger fonts please for oaps8,5
11c4da77-453f-42c7-b371-c29e89c3f53f,Wihnmm,5
b9825438-28aa-467c-9872-e9f4d49ebbd7,Now I can't log in even though I chance my pass word they not sending no code to my phone nothing not in Facebook after I log out I try the same way I always did but now is not doing nothing,1
d11cf9c1-6507-4fef-9b21-0aa7c5884e29,Very nice,5
2c593768-857b-40aa-b0a6-cbd8f89faccb,Good,1
87e548db-4bb4-481b-9134-25b043d70c30,Good,5
68015d48-ae9e-4630-9e45-a5f823bd1ee5,Nice this app,5
5476c6f9-ff62-45c3-b076-eb900747c792,It's awesome,5
bdbb4c39-f4fd-46c5-ab00-8f14cf893973,keep it up guys👌👌,5
1c863b12-a6cf-40f3-a160-4932e3ccd1de,Naghahang at lag,1
15ece99d-18ce-43f7-b00f-60bbb5f9be83,Nice💝,5
2befa1c6-7825-4793-a496-9f6b37e7e29d,very good,5
8ef535e5-23a4-46c4-8391-7457df7a4b92,Good,5
0e37a61e-bdb1-4b31-9335-3dee33219249,Brawwww,5
2ab84a77-7d6d-45bb-aa72-69db18269781,Last some days I face so many problems Sometimes message can't de delivered also if some one message me I can't get any notification and message comes so lately,1
31c56aea-fdf4-4b33-b860-0acff04cee59,After update it's stop showing the list of online friend,1
0dc91b18-ae20-48f0-9d29-213209dbb491,"Bug 🐞, I don't like encrypted chats. I couldn't bubble chats",1
bcfca662-2a6e-4bcb-a03d-f8ca9de70f43,Good,5
05e81754-512f-45da-b777-9b665ea455f9,Sachin Kumar jatav,5
ca77aa3c-db73-42ea-bb56-8b799005d808,Nice,5
40ef038d-9028-4ddd-a3d1-4d87e33c603a,end to end please stop that,1
5454d7c4-8eb2-4b1c-a82b-dabfe91865eb,Good,5
217a1fa1-8c01-4b0e-86d5-e4a11eef016b,Pinned messages and Search Message are not working properly. Became useless,1
c26f7d70-b898-4dd4-8ec2-2fd347822602,Good,5
33ace5f2-aa0d-456d-83d3-c2efcf7a94d5,Happy,5
c50a092e-a6ec-46a9-bd37-625329fe6a53,❤️,5
db37d278-3783-474f-8ea8-8662c629ff0e,Nice,5
a8f59afd-50c3-4c10-b573-b99b09ee9221,Best app,5
0ddb7723-f877-45a2-8845-f7d05c49359a,Good 👍,5
0fd1a4b9-759a-4eb7-b6e6-1563f5f9676d,remove the end to end encryption i hate it,1
8712f8b7-24ae-4ec3-b301-a9d7a938639a,MY MESSAGES ARE NOT SENDING. PLEASE FIX THIS AS SOON AS POSSIBLE. YOU GUYS SHOULD BRING BACK THE POPPING OF CHAT HEADS WHENEVER THERE ARE NEW MESSAGES.,3
a3ac2633-1590-40fe-8fa7-68940e930e94,এটা চালাবো,1
055492d5-474a-47f0-bca4-747c2287c439,Good apps,5
d149fe39-fffb-4e65-9af0-77a3d4e86587,"Please hear us! We don't need your shitiest update for the messenger! What if we have a very important message that we need to read immediately but we still need go deal with this ""Waiting for this message. This may take a while."" Can you just bring back the old messenger or at least update it in the most convenient way where everyone and everything is accessible. Thank you!",1
793eff41-6186-4e01-bb98-2ea82fe44c24,I really like to use messenger.,5
c9acc7b2-11ce-4016-a5c7-6c682e226dad,"Due to End-to-end Encryption, my important messages are GONE! I don't need End-to-end Encryption. Bring messenger back and bring my conversations back!",1
5f6b00e5-aafb-4ff7-85ce-3c7fc2a93c67,Not functioning properly.,1
8642cd70-c07b-4e8c-b11f-d5acc83acfed,Good,5
0f325fa5-b433-4cc8-a18b-14cdb42a656d,I can't send photos and videos and sometimes it crashes I hope you will find a way to fix these issues,3
b4451f12-f72f-44ac-81a2-f47f76957e20,Nakaka inis,5
59b2057f-1d56-4676-b50f-7b8f0a1e998f,It's lag no music to click,3
b3f72341-8e64-4b51-b6a5-894c1feaea4c,"The app is real, feel free when using it",2
675c7f22-6b43-4460-89ee-ca8c384e0ae0,Super,5
ce26b170-1c71-4c14-a722-deb0aac9f76e,Let's chat,5
0a0f2531-0ea1-4a68-bb28-785d2bce7bfb,So great,5
268f4b46-c89d-425e-b624-86f547603b5d,So chats get deleted when i delete messenger now?!?? Also fix the switch account feature the process of switching accounts is too much of a trouble where i need to delete and redownload the messenger app. BRO NOW YALL LIMIT MY LOG IN AFTER YOU MAKE ME LOG IN A WEB BROWSER EVEN THOUGH I DONT HAVE A LAPTOP AND KEEPS GOING BACK TO THE START AND HAD NO PROGRESS OF RESTORING MY ACCOUNT💀,1
23d93f3b-0dae-492a-96d1-bb389901aeae,❤️❤️💫💫,5
42f1f347-9b4e-490f-94c1-f2b37525e2cf,Poor,2
12b16019-88ab-4ffa-9707-9733fe6d4a39,I can't play videos in private chat,1
ec8df70a-b752-47b4-a25d-479bb4af53f2,Great app,5
852d8ca6-662f-4365-a8e5-cc5c8b2def71,Tttti,3
5e5a89fd-8ca2-4779-b547-779332387194,It sometimes works,3
f6e6c728-550c-4e10-bc87-186ee44dc565,very happy and excellent,5
7ac29036-20df-4687-8e2e-5dbe6cf1dcd9,Shum imir,5
cbfeca32-dcd1-4bc2-abad-b291f29faa91,"L,l",4
2836a838-fb47-4cd8-9564-ae6622f02899,It's very useless app...there is Many errors and bugs.,1
98034217-2cdc-4986-a432-e82074ed31c7,Fix bug first,1
e7ea1228-c0ed-404a-9fd4-c918dee316ff,very nice,5
ca7d8148-aaf2-4954-9f09-a0f87ff5d401,Mubasher,5
85d95783-b20a-48ed-b3ba-142bf24c482a,So very useful,5
f7f59ed5-3df2-4821-866e-f164a59462ed,I'm a driver.my license 1.2.3.how can I apply as a driver po.education.vucational.deisel mechanic.,4
d799be00-61dd-4c7e-8e78-ab206aa2dc85,Bring back people tab,1
fb178a7e-df55-46a8-bc71-63c59d0d56e3,Nice,5
b36fea3f-0513-4467-b4bd-2c3defd156f1,Master hai na,5
12b60ad9-6561-4227-8acc-22f6b4a74559,Our calls are disconnected even though the signal is fine,5
817b5d42-5cc9-46fa-b8d8-9c6cc5e78ab6,My Messenger keep hanging and loading after the update tsk,1
90b4ee5f-37c8-4c14-b5bb-49cf3c337065,Can't login and logout and can't see the pictures I like to send😞,1
c0199592-5b5e-40e8-ab61-329b26a868c3,end - to - end encrypted It's very annoying that we can't reset quotes We are getting harassed as we are not getting back the previous messages,1
f8529857-e154-47c3-93ec-263ab5088ad5,Ang bagal tuloy daming essue,1
1833e588-53d6-4455-8877-2dc8fc28a473,Exellent,5
48b14d4a-4185-41ca-b1c5-65c9de2461f0,Good app,5
2ebdf46f-a26c-41e2-9b69-62b62b023d7f,To review my messenger,5
43e35a17-7155-4227-93a9-387cdd409b55,Very nice app,5
f8fb7a16-5823-48e3-9249-0d18635f00c8,PLEASE REMOVE THE END TO END ENCRYPTED!!!!,1
8116772d-5cc6-4490-bd2a-cef2578e6f35,Good,5
f5ed777f-a3a3-4c1c-8952-7d87f042c8e0,Very nice,5
d333a3ed-c0bc-4469-87d5-067cc9bb07ab,It doesn't make the app better after the update. I can't see some emojis. The end to end encryption is terrible. I suggest Meta to fix these problems as soon as possible.,1
17c64b2f-5665-4889-864b-bef6e1c74855,"Good in commonecation of my family, friend and love one..",5
87b5936d-e398-4b4b-9e1b-e21bfe9cda9d,Fixed problem messenger very very bad working new day's,1
6e4ca689-2eb7-40b8-91b1-0ea078c30249,Ok only that the electric current is not so good in our place,2
138eceed-b107-46ad-b9d5-922c112731c0,Simply awesome,5
c5b8fb98-ae98-4f79-aa57-e110c3b35942,Cool,5
842cf402-269f-4c68-b1a7-5aa7e0f22012,automatic deleted convo!! my important files got deleted!!!,2
62cb2ba7-b23d-4565-8057-13a6313f7787,অনেক ধন্যবাদ মেসেঞ্জার খুব ভালো একটা অ্যাপ,5
e1743f7c-159f-44a1-b5fc-7574202ba522,Puja kc,1
32a2b16a-0d8c-45e8-b003-1a10aaa76c94,Very good 👍,5
9ba2c807-bf2b-402e-87ee-f43b817cd0ce,very good,5
f9f9a4ec-8f26-453b-9a7b-f66047614501,"Really laggy, when your trying to search for a message in a conversation it won't pop up so you have to manually search for it. And sometimes can't even send/save photos or videos",1
7dccc9ab-e8eb-4bb9-a7e4-8d1a3c19d257,I disliked the new update..,1
42f52d38-767d-4247-bd70-bc10f7e408c9,Messager Is Good👍🏿,5
b146d3d7-b9fd-490a-8f37-9dd7f2046df5,Nice,5
7a0595f8-585b-47e3-b65c-914baf3d1b38,Walanay laen ana basen paman matabanganko nimo pang tambal langjod,5
ce71c72a-b14a-45ff-a170-eacba23629c1,Ang log ng messenger ngaun,3
ccb40815-487d-40b4-9f2a-1edaf74bf5e3,Ok,4
96c5a7e0-f517-4ff6-a92f-4f2a286bee00,Good,5
8a89b5d3-1b1c-4d6d-a01e-38e2ed22d952,Superrr used,5
4063d885-87a9-4c40-9107-db840914ef3e,Good app,5
a99ac568-0a12-4c0c-9402-983a3590c662,Bakwas app,5
db595f0c-6c6a-4e9e-b30b-5217d02ecad6,Said that kaya,1
aa345604-093b-49ce-9ad2-fd79318b24bd,This dump update make me angry I can't hold this long update,1
6e03f4ac-6996-4322-9605-f49106ec1628,My Facebook page is not showing on my messenger app,5
f656aacd-13db-4802-b8a8-49bc09546515,GOOD,4
63ee53d8-d831-40c6-a0d4-4df40cffa62f,Amazing app,5
c9e5bc9c-2658-4004-80ab-923fea7e8685,5 Astra,5
2fab266b-7ef5-492c-a7b1-88a949884f2f,good,5
72cf5fac-6a97-436b-9581-4560146a6934,Sometimes good sometimes not,4
5a6e2c37-05f5-4a6e-9558-ee0043d1e496,Very good,5
73cf172f-4b74-4660-8c16-13f4abbad4e2,Why my emoji not working,1
9716e46d-bcfb-4a47-b440-2ea93a1ad2ea,"It gives the notifications if I not only open the app, but the chat itself. Including calls. The program would just ping me that I missed it, once I go to the chat where I missed the message or the call. This have lead me to miss multiple real life programs, and this just cannot be undone with the interface (which is also mid in my opinion). And don't even get me started on the whole data-breach thing too",1
0920dec7-9fe1-44b1-a21e-c60d1a137e57,because she really good is you use,5
1c383fdf-08d2-4214-9217-385e03f0b7b7,Can't send messages n messenger in sparkle page,5
fe30cba4-64f2-4b4e-a9b2-b7433c950f06,Nice,1
2a5a7ff0-1c7d-4b63-927c-5b9f3ea4bcb0,good,1
832320bb-b386-4bbf-b481-0fa7f6800403,good,5
2253ec67-676a-4bed-8614-febee467c9ca,Hard,4
e195c9fc-d5e4-4a9d-86db-eb1e93d49de0,Gd app,2
a4b1458e-7905-4eb4-a2ee-5a6ecc63ccf5,"nahhh, communication here is f-ing broken,it sends too slow and receiving messages is like 1 minutes before it arrives,even though I have a strong connection",1
8425645b-d0e8-4069-97e5-407b0c1afb36,Nec,5
efac5c07-8849-4484-bc88-f5777fe93626,Developers never show updates description,1
f16e758a-68ee-46e7-a36f-0a5a3f87b159,It's nice,4
a01b3f3f-1404-4759-9362-a8d3e90ff81e,Best app,5
e1d20eef-2150-4a94-8aa6-d01cc2120230,SANKI NISHAD 😎,5
cbbeff1c-1240-4d19-8d70-e92d27000c82,Nice,5
83da4118-2794-45d1-9e4d-2ac0f25c796a,😡,1
acbeb614-f344-4193-8c20-eef2577d31df,Good,4
4425b362-c4e9-4863-9628-c0999744279d,remove end to end encryption,1
da51a296-73be-4bc1-93e3-b3e3110c04dc,Vijay Raja UP,5
8f27b73e-bcd0-4801-8671-f2b4e1bd3bdc,Problem issue my Factbook messenger,1
529e0ea1-a444-42a9-b2d8-0d1391b8dea7,I want to stay secure,5
ad2a27ae-e5a4-4b1b-b587-4cca4ec6f1a8,Super useless,1
853a82bd-f07b-4548-87f4-0f386948c38e,it always automatic to home screen then when i open messenger app i cant open pls fix this issue.,3
46f9dc16-91fd-4b55-ad3c-16fba39b1388,😐😐🤗😊,4
d6c109e8-03a8-41af-9ea8-2f58fdd2f2eb,Masyadong mabagal at d ako nakakasend agad,1
cc7b7bc9-2baf-4e0f-9c78-655668d9d579,Nice,4
4b3c243c-bf47-4e94-a800-587e2c906927,Aonwinineiķsk km,5
f27dcbb6-a633-4f7f-a9ed-5af8eda12c22,This app has no picture to picture in setting info.. the floating video can't used,1
764f9402-4b17-4007-84ec-99154daa522d,Best app,5
df5686f8-5527-4d7f-96f9-b9f584d33c7d,Great,5
dea75ebf-41ba-4b14-9ea9-60ed96d637be,Late received messges cant open sometines,1
9f7e3b4d-d6d1-4762-b3f6-7657fd3801ca,Nice,5
380fa9cf-e581-4efb-ac7b-570c8d9dea34,Syed Azhar hassan kazmi edit create post ThanksMassengerisopen,5
918441c8-c7df-4c6d-8c81-c1b094ab4a43,my messages don't send,5
31c6641d-386c-48d0-befb-5832151fbf22,Best apps Ever😎✌️,5
e45eb685-8998-4563-8459-2f98709e9147,Good,5
c382779d-cf90-4d63-b795-41d74970dfef,Good,4
5c7afb21-cf30-4afd-b31c-a73dfc5da9b6,Good,5
47dbca69-62ba-4c78-9358-fe3b29440977,JASHIMUDDIN Sagar,5
b110dd83-7972-4386-8161-824c939609e3,Good,4
fe5b08d1-e16d-4326-800c-50e57cd70b5c,Nice,5
e3616866-6052-4a88-b035-7e931b233d98,Very good,5
fc10335c-aaa4-4b7f-809b-cf9f4b8d845a,Sana d kana nag update busit ka,1
d0784b28-23ed-44bd-a08d-215cb8a48a39,good,5
fc3708b0-fff9-4a25-b776-7fab81bae424,Very good,5
b1acb278-e81e-4def-b74b-c84f9f05c0ca,Good,5
0c28aaeb-ed29-49c4-be30-27e2667e7628,Not good,1
5322e155-a5e3-4a50-a7bb-19c2b1cd0574,Vmsnais,5
2fdcaf81-b089-4d34-8679-5e02c4420ef8,"I can't open facebook links inside messenger. it does not open the facebook app, but try to open it inside messenger, in browser view.",1
3372e614-c663-4f89-8ebf-7751cadf7f68,Nice 👍,5
fdcdf3e4-57d2-4133-b481-3986693e45c9,We don't need the new end to end encryption thing and it's hard to log in to another account and the voice call and voice message everytime we use it it always turn black,1
addb1bf6-c4c3-4e08-bb8b-875d0afdd67b,Excellent,5
dd8bdab0-c69f-483c-920a-e2dd7e33c489,Maputi matangos ilong,5
d02c626e-4c3f-43f3-9333-f4b7fa0bd773,WHERE DID ALL MY PINNED MESSAGES GO?!?!! THEY ARE GONE,1
5dbc3052-68fc-4e36-a363-6fdfb64620e6,Wonderful,5
a8b18593-a8d3-43b7-8e4c-2d3d9b96f706,Zingte,5
c7389c56-5f64-49e8-afbb-15796c63ee0e,Best,5
35006c25-63b2-4965-8c28-507e080fa0bd,Not me happy,4
6ea5a646-877c-4379-aa89-240774152675,Etgk,5
426fab0d-8984-4a7b-965a-f38028ed197b,nice 🤌👍 I don't have anything else to say 🤷‍♀️,5
5a6f43c3-7c67-41bd-aec8-3173ab6c1d68,Chaba,5
204e074b-c684-4364-84d4-505b2b59c13a,need po ng update yung makita sana yung profile kapag nag seen na hndi yung sent lang,2
405267fd-769c-4ae9-a9ca-408e89958942,Ģood🥰,5
9a3c370d-3b9e-421e-bb4d-ecd7f0b98ff0,"It's Facebook stuff, they good. 👍",5
2174f1a0-c7a5-48ec-b6c9-249b24cda327,Good,5
80954618-0387-47db-9df9-d86d406e6652,SSS RSeeessS q of to you,5
6326563f-2548-451f-9907-39cec4346559,Iike it 🥰,5
1abaec63-f0f1-4034-8b6d-790f4b371b82,"Worst version, Meta!",1
54d6daf4-79af-4eb6-94f5-f1fe32b953af,Great facility for sharing 👏,5
d90b3a77-5870-4818-9c2f-c43b8ed6ae8e,Chris cr,5
223c6bd7-c26c-4fcc-8cc2-133f1aeccc13,"please remove the end to end encrypted chats, i cant find my old messages so boring to use messenger right now",1
dfe52575-66e0-40fb-ae7e-4e47981e3d0a,"Lol, delete the end to end encryption because if you uninstall massager and install it again the old Convo it bring back and the new Convo its deleted",1
5168af09-96a3-4a9a-9e52-8de5eada2600,thank you,4
76953fab-f2c2-4a2b-9e01-719d0957d46b,lovely,1
0755dd33-b2b7-4513-b4d4-b9908025bda6,video call background color not change to normal not good,5
36b4a569-7f6b-4ee3-b921-bdd18a9b4b82,balik nyo yung dating update-_-,1
e94b2962-dfc7-4217-ad20-cf36a0514417,Good it,5
10649deb-3e07-48b6-8fee-80fcc3d0b99d,"Private messages should have albums, its going to be useful",1
4f2a1011-fb9c-4ec3-819a-52e841a45ed7,❤,5
b8151c39-6eb3-4601-9eea-b333c5507ba4,I like this app really because you chat and call in your friends family together at she's is in not nearby city places,3
34ae38eb-9aa4-4876-98cc-b2d00e8c7cfc,Thats amazing app,5
fb2a0d27-feba-47d2-86ee-ec7d9f585a1e,Oe tero messenger update gar. Multiple image xa vane horizontal scroll hune bana. Iphone jesti. Natra talai hack handinxu..,1
0cff38b4-7ffb-4e2e-9d5b-b396ee2b0c34,Very good,5
5a272cdf-cf7b-4923-aa9a-3242e6ed1c00,Messenger Sahi karne,2
9b7decd8-df82-4a37-a1bd-eb066b9447aa,Very good experience,5
52c2749c-8f2e-4eec-b703-60c055540f3c,Good,5
ebf9cbdb-f32c-4c3a-b994-1f7c724b433b,bring back watch together and games plz,1
981bb9e5-5668-4409-b2d2-bcf4e20ee419,Good,5
912ebb11-eeba-4af5-8a1b-f6c9fc10acec,Not work,4
cb310339-c0fe-428a-a864-81701654f19c,SK.sojib,3
defcad9d-b7d1-4af9-8f41-81b65657c5b8,Ebharithing,4
83c648ca-2809-4c79-bef5-6df93a9d9457,Beautiful apps but i can't fast update it:<,1
0d546129-f22c-440a-876d-80c41a249848,ممتاز,5
1b4e9d1b-5ca6-4633-8d04-29fa1ebe1d4d,How to install this mesenger apps,5
e87c9177-3a6a-41c0-aa0c-47a7bf8c7b6d,Terrorist owner,5
e045bb58-6a16-490f-859f-f17acfcd252b,V.good app,5
9ff60487-6b6d-4459-91dd-8eec534bc444,"Always it's showing that ""you are in already call""..but I am not..I tried many things for fixed this..like uninstall and install, update several times..but it's not working..tell me how to fixed it? I can't call anyone and can't also attend no one's call..",1
cea33576-c731-4c48-953e-7f092ed5e3c1,Well,5
6a79a630-ef2b-473f-b2c2-f1981c52dd3b,Good,5
b8323a09-7779-4b26-a9d0-9287df1a6d98,I like this app i give this app my fall intast,5
e2618bac-10da-4c22-a711-a162c985105a,Won't show received photos & stories. What are even usefulness of it.,1
94404932-0ae5-4ccf-b18b-db2dea72f147,Please fix the messenger,1
8d91a56a-087a-415d-8a90-d71dbfb7084d,Iovevit,5
574d700f-906a-4124-887b-1a2c725e6ff9,This app doesn't allow me to receive pictures or videos it also lost some of previous conversation with my friend... I'm so dissatisfied with this app,1
7232e03d-a13a-4222-8a0c-68c161006462,Good,5
bab9c1d5-bcd3-452a-b55e-e49419784712,Nice,5
9a2caaae-58eb-437f-8f68-1b68310f0aa3,when i search some word i cannot find it. after end to end encrypted i lost my old important msg 😣,1
adf5bb53-f3d0-4f2f-b894-06777e3cf4a1,This app is decent for a message app. My major issue is that even with all permissions allowed it does not always send a notification when I am tagged in a message. Often making me miss those messages. Please fix that.,3
d1399834-dd53-4dbf-b574-4422af27923e,Very Bad. This messenger cannot play the received videos,2
f3e3652d-1da6-4a3e-8fd3-86160d3b5979,"There are many bugs i have found. Whenever i watch a video my friends have sent, the video becomes like png and sometimes i can't scroll the chats so i had to restart messenger. Sometimes in a group chat, it says that im no longer in group for few moments. alr. it has been 2 years and I don't like this thing where i login my other account and most chat history are just deleted by saying for encryption or whatever",2
cff9e964-dffd-4f19-8d6c-b5f6e652bac6,Very awesome,5
eccfc765-7fb6-431b-9347-ce212b1d38ce,The smiling alone 😋,5
5e1b7d37-73f5-4c90-b24f-f22a8360d84d,Nice,5
e4883f16-0029-4ecc-a637-633346a48ff8,Update more,5
27b59e6f-46a6-4ae6-a1fa-e355fce80911,Love,2
c104e992-9946-465b-84cd-30da435f46f5,I can't see the other side view,1
e3c4277a-a222-49a6-963b-e301d3463b54,নাইছ,5
7f769093-de10-49f5-b499-372b958caea1,Good,5
25f01735-7acf-425f-b0ea-cc0ac123fb66,Best,5
d54afe33-21a0-40c8-8215-8b5cdcc8edb9,After update the messenger End-to-end incryption is the biggies problem to all peoples not all goods,1
6adf33a2-2af3-4660-97ae-fa6ed32d0127,"Bugs: text selecting won't work (lately). On some phones img crop is offset (for years now). And I have no hope left that they will one day make obvious option to pin your favorite most used conversation. Instead contact search shows you people which you never spoke to or 10 years ago. How cruel you have to be to design it that way? If I'm writing ""Monica"" in search bar THEN FROM THE 1st LETTER YOU SHOULD SHOW MY SISTER, NOT Some TOTAL Randoms. I use this app only because I have no choice",1
f7270872-60e0-4166-bff3-38be2ed7fdf0,It is fast,5
93d63a37-0043-48ae-b94d-e3157fb7ea57,Very bad,5
eaa27a80-12f6-46aa-b45e-2ed9d2979cfa,mesanger is the fastest way to make it easy,5
4b943956-46fd-4885-b9a1-3d91d067c002,Good,5
28b2e2e3-1d7d-4d62-b777-9e17cadfada1,"Pathetic application,",1
55f72abc-c2af-45c1-b7c4-60340bfb84b9,the last updated is worst.,1
4501e512-2238-42bf-9b14-d2024578efa0,Waste of Time,5
86b86c79-ac9f-4b2a-9275-a790af0cfb1c,Awesome,4
8610cb3a-c00f-4fbf-9567-bd72c2d2a620,Lovely,5
0a9ea2d0-ad06-4f20-bdee-3f505f33e977,Yo I can't make stories and chat anymore I kept saying no connection even tho my wifi is gud.,4
7c0a9209-9a34-4509-ae1c-3ccac5f004ed,"I'm glad that the previous update was satisfactory to me. I have recently updated to the latest version,I want to explore the new features and improvements it offers.I Let you know if I need any assistance with the update.",5
25510d15-c42e-4129-a326-79153f70c495,"Ok now i want to point out that theres a flipping bug in the chat head where it sometimes (almost always) gets stuck in the screen to the point i cant access stuff! And theres also where i have 20gb of data and when i use messenger it doesnt load automatically! Is that supposed to be how it is?! Sometimes it says youre out of load! And i need to load pictures manually myself and also sometimes the ""get a load"" feature automatically comes out and i click the ""borrow load"" accidentally. Fix this!",2
58175793-c496-439e-9ba6-1d62f59c70bc,WORST U8OF THE MESSENGER. THE END TO END ENCRYPTION THINGY IS THE WORST. DO BETTER META. GWT RID OF THIS END TO END THINGY,1
20a141fb-3c0b-4f7e-be21-931c260fa9d2,Fantastic fan,5
a0305ea2-4d9e-4300-808b-01625b189a36,It's a important app's,3
8b8ca081-2d41-4d0a-843c-475d045fd8f6,Gkaser,5
a677bcd8-6e76-4569-bf80-8ac86839ebb8,Op,5
e67a4ead-47c8-4aab-a7bc-182d156b6905,Excellent application,5
9a5d183a-19b2-4dcf-9349-69d2f2fd8648,Nice,5
8f88d8f9-ca26-4d62-86d7-76967d303b96,Good,5
ea953666-349d-485d-9b40-40531ccf43e9,Love this app,5
0c5313a3-00a4-4bc8-99ef-97d6a2625bd3,My best favourite application 🫶,5
6d4221e5-ced7-4a7c-9cb4-46994749984b,Great page,5
1ae38ffa-5737-46f1-8631-a717f7018297,End to end encryption sucks,1
fffa8d80-5375-41b8-9399-3eb87bc208dd,Awesome,5
4b333c21-542a-4077-a770-485aa7725933,"An option to hide notes would be ideal. To be honest, these notes are contagious and overwhelming. It's like hearing everyone's thoughts, and not everyone are capable of that.",3
26504db9-4ab9-4a3f-9c47-07ecd96c96c9,The app updated recently but there are a lot of bugs. And it's really annoying that when you open the app it keeps loading. Please fix this thanks in advance...,1
aae15d3d-9a15-4951-986e-42b000815f7c,"Dear developers, I hope you see this review. On my own experience about your application, since after many updates, your app had many bugs, infact full of bugs, just last night, I can't send to message to anyone in the chat even though my internet connection is okay, another one was when I tried to report it, but no, I didn't worked, because it doesn't even had progress, another one is when I tried to switch to another account, but guess what happened?, it became stuck and I can't even go back:(",1
8192155c-5b54-4487-b931-ee42af81cc10,Adding end to end encryption is frustrating. All of my chats history has been deleted. All of the memories has been erased.,1
edd50bdc-094d-44a0-bb89-05f1c3dfb7db,"This app not responding and not working, please can you let the messager responding on .",5
9aa961db-6fa3-4edf-b688-88a76a9e1b00,good app,5
ac829e16-7ac9-4251-a424-1556e378f6ae,Very good,5
ce8ee5fe-235b-48db-9702-dec96500dcab,M🇹🇴,3
268ea78c-7666-4066-8cd4-137797add0cd,Good,4
f0e61410-f536-44b4-b256-ba8ab8367192,Good,5
3a2f1396-9d10-4762-9bc5-a2cdf42b3c11,Fast and very good,5
29c83f4a-8229-443f-8914-2611d525cc96,stop updating it if you devs cant handle the bugs,1
52da3239-4860-4185-8d2c-d71d534b8d85,Lol security upgrade is terrible it just make the messages disappear lol you must remove it,5
fa475ec4-4416-47b0-9e0a-0939499ad1b6,Open this meseger. Now,5
2b435fb0-d7d8-4c4c-86f5-ca8f3892c2ed,Kainis yang end to end na privacy na yan,3
e5d35bdd-3dde-4408-bdbb-6c29b5f90422,Nic app,5
f8573083-8b76-4463-a8e9-56472b20be8a,One of the best app messenger Thankyou...🥰💗,5
90007b4a-ebd4-41cc-a2e9-27ffa4f50532,mahlet gebremikal,1
c7980362-2876-4a56-bbed-3098766ed0f3,I hate the end-to-end encryption.,1
f9d179eb-0065-46c8-b8e2-a476339357f5,The baby style emojis are so disappointing! Can they be changed?,1
7abba350-b84b-4ea4-a19d-85ea58da2f6b,Ok,4
d85cb7e4-a926-4f6e-be6a-0382f39ee62d,Best,3
bd0bfefb-d29c-402e-a251-c9378ea79695,Raekhs,1
40f205ee-6e9a-4262-a583-9dcfa09505a9,this app just added garbage features like end to end encryption that cannot be easily remove,1
0d1dd907-a0a9-4af6-8a56-1044b3cf592c,TsutoJlloho,5
b553f04c-fd86-4cf7-8c59-dd5d70c0ce2f,"""Something went wrong"" Late notifs Backread issue ""Message is not sent"" Bug on active status Too much bug Fix your app, not just add useless features",2
a933cfea-4389-44cf-8871-9faf9715d35c,This is good,4
4e23f0ac-fc37-4a15-a555-a8247cc20ef8,💖💖,5
269be2f8-aa59-474f-9b6a-29c1fa3ed924,Helpful,5
0c11fdf5-1f40-48e7-8de9-348032d864b5,Not good,5
e5603de1-ec37-4723-9633-0a12589afbd2,"It's getting worse. I can't send most videos, pictures or gifs unless they're from a meta app. I sent a bug report with no response. It sometimes doesn't refresh unless I get into it, so I miss messages because the app hasn't refreshed and sent notifications.",2
406e1dab-f4a9-44d3-9e0b-0a69fbb11357,Awesome,5
4d5ba75e-9470-4412-92ed-163a278821da,Good apps...,5
a822f972-6c86-4b59-b7a8-1dde34306958,I couldn't send photo or msj to my friend,1
28e3cc13-248b-4ec1-90c6-172326e731f6,নাই,3
d764c6eb-1b8e-4138-9257-cb6cdd10f8b7,Nice,4
57ac462d-5f3f-4f9c-8610-dd5b7e8f27e8,Tunakadraka,5
ce9a316f-222c-449c-8342-af69a2902970,there's no note,1
821b893e-4823-45ae-ba6b-8b5c772004dd,Easy to use,5
774e600a-1b48-4c94-b4d7-2372c4917b51,UR king MR king 💯💪💯😍💪💯😍,5
335b215f-76ec-4bac-9659-2f9bb1cdc67b,I love this app,3
d10219ad-d138-4846-8c68-c0a59346d4c8,REMOVE THE END-TO-END ENCRYPTION‼️‼️‼️,1
4acb186f-591b-48cb-84eb-780ece295a2f,The end-to-end encryption isn't helpful at all😔 Idk if I already sent my messages or not to an encrypted convo. So I have to retype and resend the message just to make sure that it was sent.,1
3da7d6da-ff88-449f-9151-eb8bfacdea83,"After the update, I can't send files, at first I thought it was my internet so I tried to establish a stronger connection and still I won't send. Please fix this",2
b1f462a2-402b-41ac-bb39-088f9294a6c0,Nhiều Tin nhắn tới bị che mờ mất 1 tin nhắn đâu tiên,1
51aeb43f-2ab9-485f-b9ab-92a2f9f3b64f,Please remove end to end encryption,1
94e2e773-f18d-421c-9edd-4f256e7de899,messenger is vey slow,5
62f7573b-faa0-4ab6-a998-0a2d500bf9e5,"Sometimes, it doesn't allow me to send and receive messages even when the internet is strong.",1
9143abb9-01b1-4491-97db-7f642c8e33fa,"Ang daming updates, pati end encryption na bwesit, dahil jan yung ibang text messages ko, nawawala",1
aae2b732-8c57-465f-b714-ff48d283554b,Good,5
128d4c44-0e69-4830-81d8-acb52926088d,Dili na lagi nako ini e download kung dili e balik ang old version,1
92464d55-5589-411b-85c9-920933748f52,5 stars,5
f406b0a1-b534-4162-8df3-1ff5864fa9ef,Prince boss AT gumla Ranchi Jharkhand,5
490a2432-c929-48d1-abcf-cc2cb715a81c,I like this app it gives you best app's and games,5
c607aed9-426a-4979-ab30-1f5bb2b6714a,bad,5
53b93e0c-c6e6-40c7-a788-0b7ac12c600f,gatsdag kkkk,1
fda96881-391f-4c36-80c9-593b2307ee1f,Nice,5
8d97a715-41cf-4ff1-8468-72d4ef918637,Update,5
a2d93bc5-4749-4642-8108-de9b51663046,Good,5
7118b5b5-bafb-4760-84d7-c7f28c05c334,"I can't send videos. It says ""This message is not available on this app version"", even though I updated it and is currently on the latest version. Really. What's with the app being so annoying recently.",1
cfd7e92c-180f-4808-b439-03fa093b11b2,U ya me,5
87f2ba47-a4e5-4294-8b8e-d78650dec130,😎,5
f6103e5b-2687-48b5-8234-1b163c22aa0c,ma thin san,5
59066755-f220-4325-97f2-4e6995bd7b5e,"I hate the new features the end to end encrypted, it ruined my messenger most of the conversation are deleted and I did try to uninstall it just to fix the issue but it didn't work but it makes more worst cuz the convo I'm with are totally deleted,I really can't turn off the end to end encrypted so bad please back the old settings and I hope our conversation be back again especially to those who forgot their pin to open and back to their messages.",1
32905326-fa31-4e68-a33f-6dfcafdd9d0d,"lol,yes to end-to-end encryption phase out",1
912a0f05-d579-49be-b317-f945ab80268b,Ok,5
a184b62b-1391-498f-98fc-f250796a9071,Best voice and video calling App,5
018b4590-b407-4938-b5df-cfccdf451dea,very very nice messenger,5
8a598d1f-597a-4344-9003-de6bac22e162,worst update EVERRR!!!!!,1
2c00c4ce-14f1-406e-a9fc-8e9ff2c7cc6b,Sai Aung Murng,5
85a70772-c630-4ac4-9ab6-c50f8b3eb446,Good 😊😊👍,5
f407abcb-818f-4d84-a51b-ff66140c6408,Nice,4
0961da17-c1eb-4755-bbc9-6b4bc5417a37,Good,5
14359336-7057-4368-8c28-120336bd9503,Good,5
cbd2ceee-a913-4de8-b0e7-f9b2775812e8,Jio,5
97b8a1a8-2508-46c3-b9f6-2785930e787b,We ww sya w w,3
64d9215b-9814-4a02-87fe-0424cae1f708,So cute,5
91b53a1b-3a92-4b95-91bc-7c243e1d4a32,Good,5
304e0556-b245-4fa4-a21e-d81ba69e9ad2,"Absolute unnecessary stuffs added, even the messenger not optimized with the android version isn't even fixed after years.",1
51a0f6f7-1234-4cc2-98d8-fb34410204bf,"Exceptional! Please keep no ads. Thank you,your friend Jon",1
bfd791a0-39ae-4900-8dbd-5b0775365b99,app messenger,5
350655da-f5ef-4fd8-bd21-214f6b0c3c8e,Can't response,5
4d3ec20e-477e-4afa-9ad2-60b70a4a92ee,New update plz relief plz new style messenger update drack mood optison edit option not available plz help us chating pin system update place,5
61faaad2-afb9-4742-802f-971937fd258f,A very good application,4
8c2c28fe-2583-4251-99c9-2fb11f493d2b,Wonderful app,5
f25275ee-8b94-4f1b-841b-9ee5c3e215f1,Amazing,5
bdfbfe8d-e583-452b-b498-0feb9a879f42,This app is very important for me because I can communicate with other people online,3
6f7f29e9-b7fd-48bd-a0ba-3e8ea18d21ad,Chat heads,5
caaebadd-dc35-4b40-bc87-abc66dcf06cd,I bought a new phone but my chats from 10.11.2023 up to today disappeared. I wanna restore it. There was been newborn baby's pictures and all memory's .,2
fd4160d1-5186-45f0-9462-0f8577da5fc0,কোনো ভালো ছেলে ম্যাসেজ করে না।😞,2
4807e11a-b4af-4264-bfa5-145443310db8,Verry nice,1
a831f663-5f31-424e-bbe2-90c09971d885,Verry good,5
8b52fc88-582e-48e3-b776-a5fb9265f85e,Good 👍,5
f464301c-2340-456b-b7a2-550eb8fb9a69,Helpful,5
71936a5f-cbd2-40bd-b06b-e9e5169ad76f,बोहोत अछा,5
90087594-adfa-4c29-a468-f3d887adce26,Not working keep jumping off,5
fc5b024c-bd51-465d-aaa5-e2fe3d77c4ad,Nic,4
d2fe6e49-088b-4e12-b2f1-482d667cfebb,Good,5
cf808bfa-cbb2-46d7-8883-708b996fb7e6,I love this app this app is too use to good,5
23588bb8-849d-4b98-8265-42d43ec0d2f4,Freaking END TO END ENCRYPTION BRING BACK THE OLD METAAAAAAAAAA SETTING OR JUST BRING BACK THE OLD MESSENGER PLEASE I CAN'T RESTORE MY OLD MESSAGES AND YOU GUYS PALA DESISYON NA I-DELETE YON I WANT TO BRING BACK OLD METAA NOWWWW!!!!!!!!!,1
2d1841ad-3bc1-470e-912a-301c50db6e6b,Please Remove end-to-end encrypted chat !!!,1
5222715a-831f-492c-90cf-0b6985294b75,"i can open my messenger,i don't no why",1
30f3bdf0-cd81-4613-aa05-33134559d47a,Worst,1
73ba5f6d-eefa-4172-bd80-72482af46dc0,Very good app,5
741c7af3-f99a-4016-ad0e-41441d05c726,So very nice,5
81c52bc7-910b-4536-b3fd-1d229ad79d94,Msnjr not support files,1
912cfd1a-7ec0-470b-a89c-0825d3426405,-0/10 ibalik na yung dating messenger punyeta ka meta nawawala bigla mga messages dahil sa end to end encryption na yan 😠😠,1
239ab998-9fe1-4000-b21b-0b5ca05e12da,Gwapo e,5
8d18c0d6-f7e6-490d-a856-73375a7dba77,verry gd apps,4
f138410c-2fd3-4d21-87a8-fc90829a8594,Good,5
f792f05a-2ad2-4c19-8d5e-a5b6cf894c49,I like this app,5
3b3b1a15-0254-4468-b8b0-f4a4fa7ff4e9,Good,5
b0fdd198-b88c-4e83-9aa0-54fb6822d326,please bring back the old version of this app😭😭,1
f2e4f253-e539-42c3-a1a2-ce86b8d0ee21,"new update sucks, also the emojis in android are different now, its ugly, change it",1
73d8dc56-a3f9-43a7-a454-e55039363eb1,0/5 stars Messenger no longer works at all since last update. My question is why do they purposely keep making the app worse and worse until its unusable? Its like..they dont understand how to run a successful business or maintain a functioning app anymore. Its really just awful.,1
8934a40b-065f-47d6-9a32-e758615d1cd6,H and 8k.....23..........,5
1002b88d-e58c-43eb-b2e5-811769d95b39,East to use,5
3712ddc5-7b76-49d7-bb94-e1fffac6f382,Bad sperince,1
1b06d9a9-5ab1-483e-a71d-73d362cbb83e,Good,5
50e6d43c-b5d4-48f4-b489-569c70b65c01,Very poor,1
c13d633a-0d4e-450a-bb03-7c919d255339,I don't know but Mara masanger use ni ho Raha hay aj ma 3rd time download kr rahi ho,5
6c1fd2d0-e719-4c07-bdce-bc57441edac1,Nice,4
7e75a13f-9c3f-4fe0-8fbc-11fb88bb1502,Good,5
6e368ecb-14cb-4193-9222-b5fceff705a1,"Dn ,j M.. mu Z2Wv 3w . K. N T5 ,",1
df487925-1b91-441d-862c-109cde59fabe,Sometimes hanging,1
a82b831d-bf3e-4e27-b91c-0c4bfbd27b76,best application but I can't use this🥺,5
81da18b4-5710-4d9d-b585-f3f05428fdc5,Good sometimes loading,5
773b0423-0fe2-4a62-bf0c-fe1e13b99597,Faster than Facebook Lite,5
c455c996-52ec-46be-b12f-e220cbb5efde,Ang pangit nang update nyo translate(Your app is a trash),1
a9bec4d8-5dbd-4470-9498-26fd3d5e5190,"n66'==69+,",5
ffd9faad-7668-47d0-8d42-823e853d92d5,Good,4
3cf1f06c-e128-414f-9eed-06f042dd9dfd,Naybekvyecu,5
a6fb24a2-33ca-498a-9f70-7b0434c365dc,"The new update sucks, please remove the end to end encription. The old messenyer is far better in my opinion and I'm pretty sure most people think so too!!",3
4f012ca1-1ff5-4a95-9bbf-8243cfc198f2,Tegral,5
28c4ed9f-0af0-4ede-b1e6-9425f812a4ac,"The longer I have it the more frustrating it is... and lately everywhere almost it wants to update it, And takes so much space that soon I will end up having to delete it from my phone. And the end to end encryption is probably the stupidest update and there's no way to go back to when it worked best. This is a more frustrating app than an ai that doesn't understand what you are saying. I'd rate sero stars if I could because of hoe frustrating it is as of a few months ago!",1
0f925dfc-ce9a-4311-8f0f-ae9af2748519,Better then WhatsApp,1
982ab974-442d-41d3-9ebe-405b52d631bd,New update not good end-to-end encryption is not important,1
35da27af-6d83-4563-a9ea-769545ff941e,I have been using this apps morethan30yrs.& thank you so much for the services i experience is satisfactorilly good GoD bless us always...Mabuhay po kayoOO!!!,5
4c5bc9e5-cb3c-4044-ae4b-7172a7de473e,Perfect work,5
24742ef5-b41d-45b5-be28-115fc4ea0e59,Good,5
130838ff-ea64-42be-aaa5-791b7fb4bbdf,I hate the end to end encryption bring the old Messenger right now😡😡😡😡,1
9717524c-0053-4dad-8982-d76371c50fb2,Poor services,5
e7779cd3-fced-47f3-a765-977e40efc5af,Thandarzin,1
13e41f39-db28-4000-b710-9cab0203478b,I don't want Facebook but I have to so I dislike that,1
b4e01898-d3c6-4e62-9254-6d9db04c881f,Is Goodl,5
0a7acfc6-1d69-4591-974f-5265f58a17b0,Best,5
352781b6-d7b8-4ed4-b821-4aa3d8e99aec,God application,5
1f099f14-065a-4cbd-bace-976b576dac30,my like,5
9c6c076e-ea8b-4372-9829-db881356e379,DAHIL SA END TO END NA YAN NAWALA MGA CHATS AT PICTURES NA SINESEND KO!!,1
5c0cde26-5d8f-4bfb-8b43-c2de2f6175ad,How update my massenger app...,5
653069b4-4815-4035-aa2d-543a8da2f5d0,End to end encryption 😭😭,1
55187774-cf09-4ccf-9414-e6440056d957,Monday endurance,5
d4fff201-56ba-45b6-adba-54802d57f60f,😍,5
9f6ee7f5-a148-484b-a8c4-a6e5cb0abb11,I can enjoy my messenger application now... I can chat all my friends both home and away...,5
fce4a265-dc7e-426c-8c32-72fd6e06a893,It sucks because I'm trying to talk to famous people and I can't get back in my accounts have been suspended,1
8888805b-9cc8-406a-9b09-246b9741d07f,Good,3
1d7f1b94-7dd7-41d6-972e-502c2ee6c57d,Great usu,4
9993a690-5acd-4130-a1a9-7f186ae56eb2,"Received a message but when I open chat it says that this version isn't supported on this device & to update Messenger. I tap on the highlighted suggestion but all I find is two options; either to ""uninstall"" or ""open"" the said App. wondering why this is happening now since right up to last night, all was working just fine & other messages and photos came through. Updating App is impossible since I don't have that choice! 😠😠 Meta, get your stuff together once & for all!",1
7885ae87-5081-405b-b948-272541e6331a,I can't open my messenger account anymore,3
1fcf2653-fdd5-46d4-a7cd-646116228a3e,Nice,5
1730cca9-1907-4121-a293-482a7399b9f3,Good,4
0a6dff29-0a3d-4eef-bde2-8b4d02cc66d4,Sahil,5
13282557-1c05-402c-abca-e2884738c039,New update is not working well,1
d2a96d89-7328-4ec6-af44-d5af9070b700,"Blured videocall , and hang !!!but we have a good connection! pls fixed this!",1
4885c747-c392-4655-99fd-25bf633f6bd4,Bro what happened messenger it's always sending may chat and nag bablack screen,1
8e25f73b-de38-4861-b19e-8f69c3e3ae96,Terrible,1
77058a07-bcdf-43a0-aed8-8cf881f72e33,Nice,5
9a307b28-ef2b-433c-838c-ef9adbbb0d59,Bidhns ardar,5
04604080-9251-4bf1-8728-74b72ecce3dc,"Sorry, something went wrong? What happened to my account?",1
b3a69a68-bf9a-47fb-94ad-db9b48854ec9,good,5
6c137448-3188-4ad5-865d-6555b189fc4b,Good,5
2baf71c2-281e-4db5-8071-7030ccf5d99f,just normal,5
093f8154-b71d-4438-8226-05a8bcc73b81,I guess y'all should make this better again. Every updates sucks :),1
eafd4af3-da73-44c1-be08-872d61930f5a,good app,5
0ee23e8e-f7ba-42d8-9b76-a565547dbf90,Roy Robinson Sumter South Carolina,5
ca7150b7-ddf4-4944-9edf-40b6c9b9331b,Very useful,5
a3189d78-7878-42f0-9a2d-9faaadfdf67a,Nice,4
76f11d3f-0bfb-4c95-b182-94ecef33edba,"Why with all these new functions that aren't even usefull at all. Just improve your app too much bugs. I can't see if they've seen my message, I can't download a video and I can't even see the video they sent!!",1
989e24d2-f427-4c7d-940b-da01b0ee9cdb,Please fix this app. The videos were blurry and can't be played. My messages arrived late even though I have good internet connection. Edit: this app is getting bad lol,3
605fad0f-baf9-4381-88ac-e6d6305b0c9b,Good,5
316e58a4-25de-4c91-9517-81044bc69a2d,Update problem disuniting,1
75625e88-0b7c-48f8-8ef9-539a9bab1bd7,Good,5
8b9bdf78-6ff1-4934-8eb8-2a0896c71f62,Very nice 👍🙂,5
a637eba4-406f-4eb0-9aad-126703e6e686,"Subrang nkakstuwa po n may mga ganitong mga tao n laging handang tumulong sa mga nangangailamgan ,sana po himdi kayo mgsasawang mabigay sa mga katulad nming nangangailamgan ,lagi kupong pinapanood at ni la like ung page nyo ,ngbabasakali po aq n Isa po aq sa mapili at mapalad ntaga subaybay nyo,ngiingat po kayo lagi at god bless you po,❤️❤️❤️",5
2aef917d-92e2-43b8-b5dd-78e12ce34c81,Junali xona,5
712b3215-3597-4e9a-924f-c04f092d9832,Super bad when we are in call Plsss fixe that,1
449a3d18-4fdb-44c8-b050-e7e4c967eac4,Messenger slow loading,3
2962e63e-a3f4-4e12-93ab-82c8861c0176,Very good,5
ed918e51-eced-4e05-a8ec-d923c206c22e,Sakib,5
cd0311e9-b558-442e-9d45-2234c1c75041,Stupid new update screwd my perfectly working messenger!,1
bae0974f-7fb6-4e68-94dc-2d8b9323323e,Good app,5
d090f116-ea3d-42cf-8194-10202fce9292,ওওও,5
389f02c1-a966-443d-bb43-bf4e44556ebe,Good app but it has some bugs i have used,5
9ea2e7f5-60af-4ad4-8ec8-020c722d2b00,Nice,5
1eaac590-c7fc-43bf-ad50-32fe566fe399,So why i can't sent my voice back to other guy? When i reset it lost everything a conversation and file? So do you have any solution on me?,1
c138456a-90e1-4efa-8d60-92344a2a7624,Sosad,3
7b74ecad-bde3-41aa-a628-ead9c29284f9,a lot of bug after update,1
43192e9e-2e18-4d33-b154-a297152e9588,This apps is nice,5
73cff91c-8a0b-4163-88fb-86764cab160e,Chetting,5
bcb1b78a-83af-4aaa-9b45-a44b00e9fca7,I'm so happy that app because anything you can do is fine on this app. And you can video call on it and chat with your friends and families I love this.😬😑☺️,5
6f1ea557-7351-4d90-a0e8-8a561339d95f,please return the old messenger without end to end encryption,2
4d5abb95-09ba-44c7-8cd1-ed79a3b89f15,Worst .. too slow,1
bc8eb6c8-0de3-4a08-9547-ef5d82725f76,No open,5
84dc2bd2-8eaa-41d7-9296-092084348243,Update: the search bar to look at past convos is STILL broken. This app is good nonetheless but PLEASE fix this ong.,2
6125fddb-d8e4-4693-beb7-e9e374039a01,😘😍,5
7347071c-3a3a-4048-9e78-762daaafcf37,Ok,5
f9cc73f0-8f16-442c-a9c5-daad845f8c1d,Full of bugs,1
6053140a-9836-4c11-8a94-f5b90d0d8f67,Good,5
13287aeb-76b8-4921-81a7-1490b8593d3b,ok,3
aade7631-edab-413f-8a21-4c0d00c919e3,Good app,5
726376d9-1579-4632-a58a-92a402e75b86,Good,5
7e9150bc-e9d5-437a-97a0-9614f4a3a430,Not install,5
8fc7416f-6e3a-44b7-be12-00a3e23bdc4a,Ok,5
3cc1a7a3-5772-4e44-9682-7a0d9e7ad2d4,It's been great,5
19786607-04f6-4a6d-8e32-4e5619866661,Great,4
8a2508e6-783d-4e3f-a40f-0ef691357f37,Not good or not bad it is.....,2
97b64de2-c154-4dc8-88f7-cd881740c63f,"Please bring back the old version, I don't want end to end encryption,",1
33a9f232-0109-4ea1-91e2-4e41d677ffb4,I found so much problem in this app. I don't know. I feel very disappointed with this aap.,3
bbc02f23-7a3c-46c4-b3c7-2076335f0470,not,2
a1d39745-6d66-40db-9d1f-dec4321b019a,"This app ,,lots updte,,,hsssstt",1
7fd5f6c7-9113-4b5c-bd11-45a15ea5cab1,👍,5
74d98a36-109f-4a10-9d18-44321721876d,Bilkish khatun,1
f5835d07-9d5a-4a2b-accd-b98a856e4b3e,Great apk,5
e3d201aa-97fa-4dfa-8b53-c1734cdc15f2,Absolute genius,5
ecb254e2-0939-40d7-931f-f30fa7e50d51,Good,5
d8c4890e-2617-400e-82b3-44816b9b4be0,Masti,1
0177515f-385d-4a45-985b-de5e9b64e3b4,So good,5
acf78fb9-8a51-41f9-b83d-bb2b34d245fa,I'm interested thanks you,5
4973e95c-adf1-4001-8799-79f2d4c1dc29,Good,5
0aa33e89-6dc0-49df-918c-0717f5f52d61,Useless for me.,1
a5435a0a-0ee2-4539-b44c-575ba818cae3,The end-to-end encrypted update really ruined a lot of things for me especially some important informations that i save and shared with some personal person. Please change it back.,1
fc2407be-9fd1-40fe-9b59-b900aa09a1fb,Yay,5
73ad283a-adb1-49b3-991a-f2961af7d20c,Good,5
9e1daa5d-238d-4643-bcff-4ca9412ebfd2,Can't send text. Can't send videos nor stickers. Completely unusable.,1
94afcb39-cd65-4c74-a32e-7aa1994ab16b,Nice and funny,5
85afaa60-f6df-4e46-a1ab-e9ada7451f4e,"when i log on another acc i can't receive any messages nor send any, fix this issue pls (my network is very stable)",1
7b22c4d2-9dcc-455a-8b5c-4e5c573596b0,I m not a professional,5
81a3e9cb-5bf9-4c92-ac20-d34838601534,Ang hirap ng gamitin. Mas ok pa ung dati. Nawawala pa ung ibang message sakin,1
1e84a48e-76a0-4a5f-9cf3-be47efb91556,Good,5
befa459c-3f9d-4da5-93fa-ea42c57b9bb6,ok,5
34df40a4-32cf-4239-ad4e-fd3c9f949496,Good,5
cc549270-2cef-4231-a3fc-a2c545ec7cad,Not good,1
cf6e4979-89d5-4649-9a2e-25fb5427512f,So many bugs,1
3d068741-af2a-4c05-a540-662b8adb67f8,Excellent 👍,5
315f7fa4-1b04-4659-92b7-e1cfa46729a0,Great,5
8cbc0391-b6cf-4e9e-bc78-959290e4a30b,Ang tagal ko ma recieve ang messege,1
878ec8b9-0893-4565-8ab7-1cb54a1768ed,It won't open ! Keeps buffering !,1
271ee96d-9106-4ffb-a96a-1b1790663b26,Kyaw kyaw Aung,1
271a33f7-3a20-4219-bf03-ad88893b3587,Gallery,3
c83acfef-b336-48cc-8c10-9d3a2d5e6fbd,Can't open the app even I've reinstall it its the worst.,5
927d1fe4-b82b-434c-8fed-2fa4710058fa,Was working great then all of a sudden I can't send any messages. I can receive them and read them but they stay marked as unread and I can't respond to them. Any suggestions?,4
d5ab8eb5-5d8e-4242-94dc-e9b169aa71a0,I've updated this everytime there's been an update lately which has probably been 5 times in the last 2 weeks and it's constantly connecting or looking for a network or something. It's just ridiculous. Can you guys please get it together already!!,1
cc65adc2-1f6c-44a4-9eeb-cf91bc2e6c3b,Good,5
d2398d77-2858-468f-8765-21e54dd049fc,i can't use another apps while i'm on messenger call. It's a very big issue for me.,1
1b50e286-5940-481d-9527-9fd80342e83b,it is a great &useful app,5
d5e02808-ef2b-41b4-a582-7d83411562c8,Good for me.that means the most to the owner of this nu tablet 8,5
7c7667a9-5759-4981-8590-a1110432a13a,Chatting for better than,5
870a72fd-79d1-4d6e-96fc-cf76a1215090,I want to text my best friend,5
843f43e8-a8c8-4a12-9d2f-c70bf13f4945,Remove the meta ai,1
b939fb35-bec4-4199-baec-93b85d03d77d,Amazing,5
7bfc2039-c355-4fe5-a3c4-41861b6fb075,"There is hard and strict roule, you can say Deciplan on peak poin....!!",5
1781b55f-4eed-4867-86dc-f66f7c50f156,For real there's nothing special about the new version of this app. It's really annoying 😒 it keeps hiding some contacts and the interface is very poor.,1
ea3e2c6c-6187-4d62-9c2f-05639992a00c,Good,5
cc5f3ee4-399b-4328-9374-057e51c1f0f9,please bring back the call log history and please remove end to end encryption,1
571e0266-bad2-4ccf-b62c-c06478d2109a,I love apps,5
493c410f-2ce9-486d-a4bf-696d286783d0,Is okay Now good,2
8b76bf79-b125-4d3b-a993-54b5446d365b,"New version is worst,I cannot search words in a Group Chat🥺Backreading is so difficult😔",1
872a653c-c0c7-43aa-890d-81b54a2ea1b1,the end to end encryption is so annoying,1
0d564230-43ba-40ab-8b7a-b3232f7851f5,My messenger is not working at all it turns itself off wen I try to use it....need assistance with this?,1
2b65fdfd-74d2-4966-b357-072a5f971d52,So many friends in messenger,5
9b7b16bb-9c94-40c1-883a-60f6a3af9883,I really like the platform the way it's set up to find people u have lost contact with the passing years I haven't found a better platform for this,5
ca95afaf-68e9-4894-a1b3-91480ea53e3f,Nice,5
c78881c8-c8ae-46aa-8242-f25da266edae,Good,5
b874b47f-4c0c-4e7f-b07e-f91e0ee05f9a,Wost version 😠😤,1
1edc07de-66d1-4e08-aca9-af1af9bd60a6,Worst App,1
3de1e557-ae6d-4e0f-850b-df4bc4ec61cc,"legit... 14days to pay, after several loan, now I am paying monthly.",5
c138b5f7-36d2-40c3-842b-b9ffe4080520,Good,2
bea46301-be48-4c7d-a07e-0669de7d6e82,I used messenger from last 4 year it very good but a few months its not work properly please solve this issues,1
f716f846-5b36-4b75-858d-13f27b3dd729,Super bilis sulit,5
8959d179-e18b-437a-b19f-1cd9d4d6dcba,not corresponding at all,1
92b77274-dbbe-4bab-81ec-1c6e3f6d3d2c,I LIKE IT,5
e58dd9c7-53bb-498d-83c3-1e2d771471cb,Not yet installed,3
4dda4776-2a78-4d06-ba09-14d9099350c3,Nice,5
4c0c45d3-dab0-42b0-83bd-339e5cd9e8e7,You toggle from data to wifi and vice versa but It always says waiting for network! So disappointing,1
ca0831be-afa5-414a-a06c-c92f4a9504f9,Lagi nag lalag king ina bagal mag refresh,1
5013c54f-7318-41be-afbc-f6a47de0e39f,🐒🐒🐒,5
4a6af421-451c-415a-979e-e8ef31031027,Worthy,5
d6111b03-9ed2-4292-95b8-72f52e6ac00b,Good apk,5
ebf56015-2c57-4c41-a94a-97be797e9ca9,Good,5
30d6b266-7ec4-4a0d-9b70-e901b1f6b34c,Good,5
cf554470-a891-483b-8cd5-7e84509b51e0,Awesome,5
778cd3e3-c4ce-45bb-908f-49f410f6af4d,Ok,5
2d487919-eae2-41b6-8608-b9d562a49784,my background picture during videocall cant remove.Even I uninstall and reinstall the app the video background are still present even though i chooses the no background option. ITS REALLY ANNOYING!,1
e167c590-dd5f-424d-a370-3090eaed58de,Nice,5
5cc1640c-5beb-409c-87f9-8237321dbbc4,Sucks!,1
db344b47-9761-406a-930c-705381e2e5cc,good,5
0fb50dfb-56e0-4cf7-bb58-b6895b12f415,Nice,5
67ce2e72-aaaf-4177-a885-3e115c1de2d6,Very unique ♥️♥️♥️♥️,5
c186e1d0-d316-4305-abe7-b8937f8c1fd8,The sync and safety update is so fuastrating. All my chats are gone!,1
44e42922-6426-42e3-984e-067b957cfd04,See my named ash in messenger update my messenger,5
271f79ae-57fc-4254-a754-45099c66e833,Add,1
4612548c-5764-44c4-af4d-075f905fa74a,"pangit na bagong update ngayon, nawawala ibang mga convo at pics",1
ee95de0e-dd10-4d71-9247-15b6014a6cd8,Hopeless... sometimes works sometimes doesn't...painful to try and find messages on occasion specially onarketplace selling platform. Have to search ..,2
16052c02-5d08-4a24-ba82-675ee0af6728,good,4
3836d8be-5411-48b2-aa0f-109ca278b207,Very nice,5
6a4d1f55-ac2e-46bd-a36f-8c690ecd2137,Good,5
b77204c5-003c-4d93-a6de-4b6e97b5bfb9,Onek ta valo,5
eb9dbb5c-fc60-4c46-a8f9-c1cb4061b2cb,100% recommendable🤗,5
9bba4ace-9efd-45b0-8265-fa713c870d42,Very convenient...,5
4e8eb484-c911-48f7-85aa-4f78e801b539,Bakwas,5
adb19d46-999f-439a-b9b9-1381af4e17c6,It's. Ok po salamat sa Device on website for support my account code Facebook messenger Page installed on.,5
e26ac47b-f9bf-4005-bc65-fc000e4728e5,Very nice,5
d462015a-8799-4f73-8c7c-e7414ccf6e4a,"Notifs are ALWAYS, ALWAYS LATE",2
42b61996-c13a-4ea7-b6a9-1fa92b5c0ba5,nice aop,5
945ded32-7eec-429c-8ba1-80df4e198684,Not good some of my messege almost deleted ....disgusting,1
c0ca00de-8df2-4d32-9404-bf8d325b44e2,For some reason my app will only let me open it then it shuts right off and my Facebook app does the same thing for some reason I can't use either Facebook or messenger I have tried everything I possibly can and still no luck smh someone please let me know what is going on,1
97d4163f-7fda-40d5-98c7-cf66e23d54c9,Very good,5
ae49a9fc-1d2a-4cc7-9d05-0037c8044f0a,I don't understand why do I need to update this messenger time and again. Fix this as soon as possible!! 😡😡😡 Looks like the messenger team isn't taking our opinion seriously.,1
8208d487-61b5-4087-a8e2-9eb2967b85e2,"Daming alam, uodate update amoangit lang din.",2
0fa432de-6dbc-4ea9-93d1-028322807adc,Good,5
6fd6aa95-d4df-4164-a6a1-dca4ac5b4143,Good,5
4aaa7943-579e-4a6e-ba94-9ba8c4d39163,I am not receiving chat notifications om my Samsung A25 despite turning on settings notification. An indeed hassle to check the app for new chats.,2
ed8fbfb4-3f6e-45c0-9f6b-685c5a3d1557,Editing post and story,5
3500d895-0480-4a9b-bce4-a9ebdcf59325,Have To Have With Facebook It Is Recomended By Facebook,5
11786129-f785-4908-ab56-385502179cab,Irrelevant,1
6044c9f1-189a-4f1d-aba3-2d11a7c8ff89,"Great interacting app by text, phone, and facetime",5
fbe25b08-98b2-4522-8a8e-b4549d704a52,Good app,5
53e3961f-1562-4902-8903-b9eaf4700214,Nice & good,5
08c0801a-892c-44dc-87a0-c70ad5141d39,Awesome thanks,5
56b3042f-e27d-447a-a8b3-4cb76252950c,This app is the best,5
f5cc60a9-dac5-44f1-82f5-6dcc2e5a486d,Nice but i need to update cause there's something wrong and bad news My messege is gone,2
80149f0d-0911-4d0a-ae47-cafe42c2434b,I like the messenger app as usual but it was a pleasure to talk to my family and friends and my relationship as usual but it's really fun to hangout with me as well,5
effc4ea6-05f5-4d4a-a82c-64f5fa782423,Garbage.,1
031bf2ff-20eb-461e-b603-44f027dcd269,Nice 👍 Good,5
edabb95f-2992-4b12-bd3c-53fe27602160,Nice Messager❤️,5
d0eda73a-6efe-4de0-b05e-2bedb29a30c9,Great!,5
fc968a77-d6af-4c4e-a056-a2d70d8bd815,Good,5
a7ddb36a-aa48-46c2-bdbd-ee4d14dcfff0,I love this software,4
de6380c1-c476-4e58-bd36-bdd697535d31,jenica mae iliscupidez ramos jenica mae iliscupidez ramos,3
4198c310-9655-4f98-a3ce-ae4ded13c48d,"It's too buggy. It always says ""Messenger"" runtime exception.",1
1ca1cfc4-fee5-461a-860d-5cc35237c8ac,Nice,5
74e47f4a-f7f5-426e-8374-64e3f3d1a212,Good,5
a3fbba22-bf61-48bf-9e22-1214ed20b773,very good 😊💯,5
89bd1d74-7935-4e3e-a4bd-fc8d55c99680,"how can i bring back my old chats, because of that end-to-end encryption, i lost all my chats",1
93e9c014-734e-477a-bb3d-88d8f9557e81,nice,5
a5be5962-bd9f-4202-b6cb-9a5c80c788fd,Good,4
ec5b7c9a-2717-4048-811a-7f2b5ccb750e,Nice,5
bde607d1-d4f8-468e-b84b-2cc063f805be,This is very useful for me,5
c77d870a-3653-48d2-961f-0b7240a4c436,napaka bagal,1
751113e8-9b2f-42d6-99c2-aad3d95bcaa4,"can you bring back chat heads? this bubbles has lots of bug , imagine when my phone is landscape i cant see a chat fix this bug or bring back the chat heads",1
1335992f-b880-42fb-8c79-bd30e70ebdf0,Good,5
7e883898-9941-49b9-904f-d506ffc424ef,University all info.,5
51f94f92-fd01-41d4-aa51-fee8fa9e9b9a,Bad,1
ddda6f90-ad0e-44a9-9bed-adec3e443d93,walang pumapansin😢😢😢,5
eaf0dc72-4329-45b1-b035-fe7ac1b84c99,វីដេអូ,5
3dc0f4ab-784a-4f8e-a4fd-cf067fa24a8a,Something's wrong with the app again and some of my messages were like disappeared that I have already written over the week and there's a glitch where I accidentally send emojis I hope that gets fixed and the message get delayed for to long and no I can't deleted chats anymore!?!,5
db11bc33-c0e4-48cf-bc97-68ba893f3965,Mice,5
4bf21304-7bcd-47d1-b357-b957760ecc95,Ok very good services,5
7ca2c17e-4768-4e16-9a7f-c4a15e435985,Nobody ask for a end-to-end Encryption remove this damn thing,1
3ff63d9e-30ac-4372-9364-2336bb2699b9,good,5
69c13cb4-3d97-49a3-93b0-54acb72b3da0,Good,4
2c1950c0-4a11-4276-a4a7-bcc5bbdab48f,Excellent review.,5
9ce40b8a-7062-4bd1-a9d8-0d2f43f0685f,Cant upload,4
1ddb0822-40da-46bf-845e-ce528d9a19a4,Would give a better review if this app would stop freezing . I never had this problem with messenger lite. Is it not possible for you to create an app that doesn't force people to uninstall then reinstall just to make the app work?,3
90395874-ff63-41b8-9fad-e0c5831ce350,I can't watch videos in a call anymore to share stuff from YouTube why? Literally best feature,3
8214dde2-13fd-49dc-be1b-b903652ea1f7,It's very useful on daily usage,5
f4a11b68-bed2-4ecb-9b80-ed50ba98af6b,Ok,5
10c5b59d-88d6-49e8-88c7-420ffffbac69,Some strories do not download despite updates.,2
b059de17-ff83-4a01-b3d0-64d6f44f992f,"Messenger is verry nice for me,it is verry verry useful for me and i love it verry much🥰☺️",5
9840d927-e779-4d56-867e-d0c8d2a34f72,Excellent,5
3b9eedd5-292a-473f-b680-3064a06ad6aa,GOOD VERRY GOOD V.V GOOD JI,5
8d3f61a1-cf72-4d12-8e64-2fd0070ae3d4,excellent reception and clear sound!!,5
b8d0c9c8-9689-47d6-931e-ea828d323696,Very nice,5
dae27694-7973-451d-a87f-551e247b46ad,Imtiaz Alo,5
3541c4a6-9291-4510-b3f7-f39f2ace8845,Thanks for,5
ae41f42c-f917-40c9-8042-4539e36f3dc1,Likes,5
7575babb-8697-4f80-b428-5bee34c8e37e,To good,5
521690a8-7410-4591-a366-f4c805b485e6,Just started using it so far seems great.,5
3efa7081-808c-43c5-b0ea-730a33cd99de,Your updates are not helping. Word effects aren't working as the ones it is assigned.,2
96ff7b50-841e-44d0-84c1-9d067ee68f73,Wow,4
aa5daac4-37f4-45e4-84b6-406f666846d1,Messenger hang up not working,1
b9c5e1a3-5327-46a2-96fe-00b8f01a23f5,I like this app 😘,5
9fcaea9f-dfc9-4aea-b600-354f11096a2b,Like it,5
300a24d2-a864-4927-bf9c-1c022d6b0782,"Messenger doesn't even ring most of the time at this point. Utter trash. Backed up missed calls and notifications all spontaneously appear upon opening the app. It used to be an occasional annoyance but now the app is essentially broken. Zero stars if I could. Seriously, Messenger is pure garbage and a straight up miserable experience.",1
0eb449f7-f07c-4067-b057-fb912831cd7f,"please just remove the end to end encryption, it's not very useful, some of us have important conversations, please just remove it meta",1
c01496f4-3b5b-4cc0-bba3-614c6811d4a7,Satisfying,5
76b60516-068d-4177-aa3d-10febc29dd9a,Sucks,1
0db8a586-a62d-4777-ae21-37b082f5a170,excellent,5
3c798008-f140-4022-8944-c3071eea838e,Man of all season,5
788e5a70-4fef-432d-8a5a-60b42f0df283,"lame, won't start up",2
1104d6c0-a0d9-4313-af05-3d2014f8709c,Its good,4
527a43d2-2ac1-4360-ae21-eecb4852bc86,No need to be explaining just cool app,5
a72c2249-af66-4026-b8dd-40d869385c59,Good.,5
e8c85564-d9cd-49a4-b08c-db8ac0422019,Bobo gannyan di ko Makita kung naseen!!,1
ec19b5d6-f133-4718-b315-4a5d02c1264d,eternal eecc up rj I think will dw,4
f77fa815-858c-4130-8748-a9282ffdf0ed,"Almost zero, this is such a trash causes lag and black screen i can't watch videos view pics normally this is such a joke shame on this app fix this asap",1
2db76856-40b7-4b1d-9d81-45e19a81c94d,Muskanyadav,5
5f6efece-f474-45db-9043-43606fc731d3,Great,5
d73a5de6-452a-4162-b088-a9ac273b25f6,"supports for split screen, free data picture view, ad disable, manual function for automatic download off free data, myday heads disabler, fix always expired login. chat history has been removed",1
12126a49-d77b-401b-9acc-d6dac0480601,Like messenger,5
bf3b596c-d518-4f6c-8be1-dc5c97dc1e64,Great thanks,5
2eb5ea2a-b256-45ac-9307-f3d97901da4c,"Why does it show picture sent and yet it didnt send? If not, it says message not sent on pictures and videos most of the time. My connection is stable.",1
fc774258-2853-4538-8957-92975f26fa06,Erick P. Paragas,5
5464d6ca-f02c-40e2-9679-cb0644644eb9,Mabagal,5
b8b2b218-526e-4eec-9fab-5e2d4e63101a,worst update I can't sync my account,1
ccba3f49-b864-4a72-9882-0a63ea6040a8,my chat history has been removed,1
19c1923d-7755-47af-97c4-3a4fee5268a9,"It was great until I had to change phone numbers and lost my password, and then it sucks",3
d79610ff-ead1-4b85-8973-7da6122658fd,عالی,5
30849c10-92dc-452c-9cc9-1653680c1a4b,it's not working on wifi on my s24+,1
fefbe68d-f0df-4954-9e09-b3bf5f2015cd,Nice application,5
f3e88bd4-904a-4f8a-b224-8226aec30c4d,Bakit ganito ang messenger ? ina unstall ko kasi loading tapos ininstall ko ulit baka kako maayos na. kaso nung na install na nawala lahat ang mga new messages. Mga old message nalang. panu ko malalaman nito kung sino2x my orders! ang pangit ng update ng new messenger nyo! ibalik nyo ang old version!,1
1ad69e52-ffd3-4291-bfa2-cc1b490faa17,It is good,3
e3f48983-babb-459c-ac4c-f137b7382ef3,Nice,1
00783d23-2cd8-47ab-86f8-1a3fa8d54781,Madame bug,1
f343d274-7c30-4402-a986-eea8af244d3f,Not sending a message i dont now whey,1
40209f11-295d-4b04-8f57-3e4d4ef3fa40,nice,5
ec3874bf-4fc2-41b5-ab96-7d248242a29e,Accurate,5
650d7851-b3b0-4c05-ade5-ebd9ae30e548,This is ridiculous! To crate a code every time we use Messenger doesn't make sense. Please drop using this. Meta is messing up both Facebook and Messenger with AI and trying to make it like WhatsApp. The hackers still get in. Make it user friendly again.,1
c4810221-9235-4adc-8f93-04ec67c93084,"What is end-to-end encryption for? Every time I go online, my chats disappear, and I don't know if I've been replied to or not. It would be much better if you remove that. Focus on making the app run more smoothly.",1
4ad7dc0a-3183-4026-9a14-cfa986d98124,Pahingi po ng 3 tatlong c33 iPhone cp.,5
bbf4226b-77ee-46bb-a3a2-c65ba0172314,I like this app,5
cf98d7e7-39bc-4cef-92a1-1e50238fbc65,"Definitely a great app been using it for yrs and u can FaceTime which doesn't always gets the best connections but that has to do a lot with where u live. But otherwise a great app that connects with Fb and others but thiers so many options and tools to make ur t to experience better when contacting friends family co workers excedra but overall I give it a 4.3 so def look into it. Only thing I don't agree with is what u have to agree to ,just to use the app , so b carfull 4 what ur given access",4
b36bc8df-cdec-48d5-87fe-783b81efd5ae,Please bring back tge old messenger the end to end encryted are not helpful to us the important past messages are deleted its not good for us,1
2e2347ce-0592-48e6-8630-4e6f713097e8,This is so cool,5
2c817c79-c46a-4944-bbc6-da0d1b7e3336,hate this update,1
45c82943-b00a-4448-848d-81c364f0f38f,"Have an issue when marketplace assistance gets on and says have you sold this ? When I tap no ,it won't respond saying can't open link ,also I have no marketplace icon in messenger therefore I'm not getting any buyers please fix",4
17cdd887-4269-4271-b29a-7dad211ab7df,"Easy to use, mobile friendly & useful. I like it very much...",5
a2405ebf-8241-4853-88de-4e36d19b9ae0,Low reply,5
f8fabeeb-8e4a-4a93-9fa3-2a204c109a6b,"Has been fine up to this year. Now when I tap to increase the size of the photo, I get a bar of emojis and today I got sent 9 photos and they are on top of one another.",1
5b26b086-e3f1-4620-bdaf-31fd9f907f43,Super hassle with the latest updates. Cant send screen records or screenshots which is annoying,1
2057c2e5-e86a-4bf1-ac91-8812a00ab61a,I really like having this app,5
b48e582e-fc2b-4bf4-a09a-e3d2610bf082,Good,5
cdf880e6-07aa-47da-81a4-9c047c652bf6,Good experience,5
b84a6e3d-b704-4dbf-be3c-3036aaf60adc,Nice very good ..,5
1518321d-363e-497d-ab64-b7c9e0f80fdd,I really hate end-to-end encryption. My messages was deleted just because I openen my account on different device now I can't retrieve it.,1
741b3f73-ac50-407d-85f0-30c7ceec4eae,Nice,5
27ddc773-80d5-4e36-a586-a0e974dc9e79,"bcz,nandito nalahat hinahanap ko😶",5
cd1546b8-dd68-44fe-9b10-c9a227de501c,Notes not showing to specific audience. Notifications are off even if they're on. Even after countless reinstall still the same problem 😑,1
f151a77e-7dbc-4e0f-9641-28dc6456474b,I can't get. My messages,5
4270fdab-1081-4afd-9a14-76578ed87e2c,Good,5
4066f23f-53b5-41d5-9c2d-5984d94dc915,Good,1
5494a51a-16a1-4095-bba9-969ef6f388ec,নাইচ,5
ba131082-b87a-4c65-b510-aad8ff7d3bff,Mojja dhuniya,5
b47b594b-7ede-4a87-a99c-ca9971a147e2,I hate Meta,1
ba972b94-8ffe-476d-9507-9d5836445269,worst update! my lady doesn't have notes on her main account! full of bugs and glitches!,1
9b7e11c1-386a-4e3f-88a5-d51e85ccd77d,"it keeps bugging tsk tsk tsk, why is it every update your app gets worse.......",1
af4f2c57-7e0b-49d5-9827-4c2c2766ac0c,goot,5
be24811a-ebf6-4613-84e4-8a3c346c1bcd,remove the end-to-end encrypted chats please. my school works are all gone. this update is not good.,1
176ef1ec-9e3b-4f24-a06d-574c4afaebb7,Good,5
28122e8a-8f70-4df8-9942-7ce6cc6e288d,Excellent service messenger,5
6f55e4c5-1468-4068-b971-8fbed92285ca,I can't send messages. This is worst version of messenger.,1
9bb15c5f-41c7-40ac-ae0d-24ecb8644956,I besiege the left eye with a place to start from,5
59159b0c-d555-4b90-9d79-9c7e1486fbd4,Great fun to be with my friends 😁😁😁😁😁😁😁,4
4bb98c26-b74b-46a7-8c00-42b71aa69289,Good,5
a204c68d-ef33-4c88-9838-208697d97b34,,2
0192cdc4-0c59-4056-b82d-156650b14011,I don't know if it's my phone but it's taking as long as hell to download messenger. It's definitely the app it's quite slow and boring,2
704fbcb5-5259-4ca6-82b3-23312f4e7cb3,Not a good work,1
5af8a2ae-d8d0-4d0a-b6cc-4ac4c28edc58,Poor communication,1
554750a8-4cf6-4474-b9dd-a321c0a66a33,Good,4
bf86a938-7ffa-4c3a-9230-f6b6c0db98f0,I HATE THE NEW UPDATE THE END TO END ENCRYPTED!!!!!!!,1
6eb92272-6821-4d5d-82b8-ac49c10a10ca,👍,5
9bdf8733-559d-4657-b415-b02dfb79399b,"So much bug, what happened to this? It's not loading even though my wifi is good, I can't highlight my text. Please fix this, I'll give it three(3) stars because I still benefitted this application.",3
5a563d1e-8658-4370-8a0e-38083be748f4,New update 11+ so badd for chat had babul,5
7753a5f1-4053-470a-8c18-769acb885b67,Worst,1
06083735-5a80-4951-959e-fc2e1a2a52bb,👏,4
960d19ba-2fc2-4b45-80ab-9af53e133bd3,There is a bug and can not get the app to open. Please correct asap. Will change my review when it works again.,1
064a730c-51ac-46ec-90c7-b2891b4c0642,"Cannot access, states there is a bug...",1
6fb91cd2-b093-41c2-90b9-01c24a409884,GOOD,5
7e420902-98d0-4601-aa2a-28d19ffa4363,"Please avoid adding something that can cause bugs, it affects our messages, some of us are having trouble of sending messages, every message we sent was always delayed, and receiving. It is not about signal, i know the difference of having a slow signal and lagging. My cellphone is new and it can't lag that quick because i didn't even install a lot of applications.",2
27859c91-dd02-43f9-b1a1-cc5c5a533545,Heudyd,2
7c7a7a01-b4e1-4ef0-9daa-02c0f0db8835,"Constant problems, chats don't load, sometimes it won't show I have a reply until sometime the next day, crashes alot, photos and videos that have been sent don't load, says photo didn't send, when it says, chats disappear, and yeah.. Honestly messenger sucks now",1
d98354cf-0969-4631-9578-f1b902be3f50,"I like some of the new features added to the app but I think you should optimize and fix the bugs on the app first. It's a messenging app so I expect the messenging part of the app to be good than its other functions. Edit: This is originally a 2 star but the app became worst. Bad features, bugs, slow, bugs, bugs ,bugs",1
7cf52ce6-29f9-468a-9731-037ce4393408,👍,3
ecf5adee-6314-4a7b-9112-ddafd6a249f9,So lag,2
83f58128-1f9d-49df-a659-3556e2524e7a,Cant read messagesnot understsd why cant read messages,2
7c276dc3-5ae8-4fe4-bfef-71aa534452ad,😀😀,5
f9b57160-c2b8-4353-b5d8-655f5ee30d17,This version is very bad and there is a problem linking Messenger to Facebook,2
9341b8e2-f4a0-4bda-9a04-6d51e9d39af5,Ok,5
5b67e0af-1ae8-4311-8325-e34a258bcf5f,"Daily updates needed just to send photos? Really?? If I didn't have people on here that I cannot contact in other ways, it would be removed from my phone immediately. EDIT: now photos just aren't sending at all, even when on Wi-Fi. Truly a terrible app.",1
91c94082-c81d-46d8-a30a-3c41ce8babbc,Bad,4
1a1e3604-bfe4-4bcb-bc1c-3c290fd7b7c5,ganda ng update sinecure pati puso niya,5
06beb5b5-2994-468b-8b79-79e6c72f33cf,Wow,5
34883a91-6587-4b2d-a28f-841256079a9f,Nice,5
ad854c40-f07d-4109-85da-c8d248cbf621,This Is Awesome For Connected With People's In Socially......,5
3e67373f-3a08-417a-826a-20727606b372,I'm not sure what has happened but for the past 4 days I've had to uninstall and reinstall this app atleast twice a day. Please fix the bug or glitch.,1
6091e925-4be7-4d61-8f24-00a78332d98b,Ok makatawag ug makachat sa atong mahal sa kinabuhi,5
76090527-74e6-42b4-b68c-b45aec48a71b,Slow,3
a50c2b8e-214b-471a-a251-21992e6e6917,It's quite terrific how it takes almost forever to open or send a message and get it delivered. Despite updating the application there seems to be no improvement at all,1
b7c5db5a-96fc-46bb-bfd5-6fb1fb17be54,EIizabeth,1
313b8952-a690-4c37-9a5a-95d541dc0baf,Good,5
fdb1458e-7ec9-484f-ac74-6f0534878ee8,doesn't work,1
bb9af689-c59e-4ab2-b21f-cf1ef71d6d21,Please dear tik team please remove the end to end encryption and please show my old messages and chats my id Imran MenGal please remove this option 🙏🙏,1
916a652f-2913-44a2-92fb-24da41f46124,"If I need to fix a word that autocorrect misspelled (I never mean duck), I can no longer highlight the whole word to fix it. When I double tap or long touch to highlight, the cursor just jumps to the end of the word. I use this feature a LOT so this is very annoying.",2
6abe4ada-488f-43a2-a81e-07ac84185319,Good morning mam sir and all staff .god bless us all.,5
5796243d-9997-4702-ab6b-c42d5bf30433,Update from good to bad to very bad,1
cbc0e4bc-39b4-40ec-bb19-88030ef965b4,DON'T know,5
01c9970b-2b33-42d4-ab8f-bfbc820e5f89,When trying to set up the app the first question from you is rate this app. The rating is low because the app is not even installed yet. How can you write something when you've only experienced it for a few moments?,1
5253de49-102f-4b92-824b-4d5ce4c903eb,thank you,5
5d55fce6-4ea9-4d45-b408-293416037175,Ok,5
b33d99c0-0a17-4ed7-836c-f499430b0b6b,Awesome,5
23886611-3ff4-418b-8352-c38182287b93,Md.hussain,3
7ae7facc-fd5e-4216-84a3-44318b562ba4,I don't like the new update..please bring back the OLD one!,1
f9d67cdc-83fa-4e34-a170-89e97cb946f7,Very good usually,4
4d0dab37-fedc-418f-a82f-a92dc4813697,Good one,5
07909dba-536d-4903-b021-d21dfd20d7ba,Very good,5
07c86d69-956c-42c3-9179-e34472801d47,Good experience,4
c2334abb-f07e-499c-aaf6-28ca2ac84565,very good,5
4add07f4-b25d-4600-84d1-f84672759338,Too new to the app for comment.,5
452f36b4-9039-4a9c-9338-1400a0ea8461,"Unable to send files, no notifications ( or notifications only when you are already talking). I better contact my friends or relatives with discord",2
d3c006ee-fb32-4006-b8c5-c733eb62d29d,Currently not sending messages or sending messages the next day even when connected to WiFi. Also making random messages into links that are clickable. I have no idea what's going on but recent updates have had serious issues.,1
519a83f5-2926-4561-8c33-a17d3c8eed51,We want to have a future in Messenger where we can message someone during a video call and they can see that message.,2
5637ff7a-d343-45c3-bdcf-6889a6536a98,"Myrun ako problema sa app na to kasi lagi nalang nag sasabi na close,try again,feendback yan yung sinasabi sana hindi nato ma ulit.....",4
ae25bb90-b1c8-487f-8be7-54d98187c1f2,Best app ever,5
80f25030-c002-4d47-87a8-122d9542012e,Fast and clear,5
ed7d6ad2-de58-4dea-b15e-f54153b49cd2,"U, to you so sorry,about a iii",2
f14e4f81-e232-4bc8-b33d-addbde710f27,Very good app is perfect video call and chats,5
41c15f90-3d7f-49aa-b10c-a50c204c94da,EA saw aŵaaa we were was WA the,4
73d5141d-0242-4d6e-833a-5bb337e94431,3 stars because my avatar is still the old one instead of the new one and its very annoying,3
98c7dc11-d926-479c-85a2-5c41c3c08825,Messenger is the best,5
d0ceb4a4-00d2-4b89-bf70-8939901cc49a,Good,5
d6a3af53-7919-4483-90b3-97f7833c48ae,Ok,5
d44b9cc2-06cb-4b97-bed9-b82e5ccefc43,it was froze,1
48ebb41b-e006-4578-81f4-ac97761de68b,Not good all the messages where deleted😡😡😡,1
8f6b3873-bfc9-4965-9dcb-1b7812865f66,Poor 😭🙃🥴🤔🤭😤😰🙈🙉💦🙊🔥💕🫂🫦👏🤜🤛🫲🤟🤘👉👈🤱🤱,3
db1f8581-c6a5-44a7-90ec-78bff5a3133d,"Gangstalkers are a real problem on this platform, alot of hacking and constant electronic harrassment & DOS is taking place I've been reporting this for sometime now your development team needs to find better ways to protect people from fraudulent and digital corrupt practices , even have your AI helper cloned and hacked and not even the same format as it was yesterday 06-28-24",1
2fdc01f5-184b-4db5-b91f-0a82e1c60046,Not ok,5
a9b0d793-a566-48e5-b5fa-4d4d6040cc94,I want to rate the messenger,5
3333d98e-dcd0-4b6e-af11-ef6b6b3205db,"I can not download it ,it is soo poor tobmy liking and have different problems",1
99e64779-23bd-4770-807a-979437dcec4c,This app needs fixed I don't like the end to end encryption feature I can't see the messages that I sent to my friends in the conversation chat.,2
e5921dd4-464a-49f7-b73d-deb5d9f0919d,This app is more than worst I can even believe this was the same app I used before it so useless now and I don't know why,1
22ef0d51-300a-4226-9dab-d0d9d6c18798,When you use to react on stories it becomes a message,1
04071bef-b07e-4eda-a5c0-b64a5442b9f1,Good,5
40c15fdc-11ed-4d91-b421-0180c2948592,will not let me log in,1
599c3843-ba3b-4c8d-be09-581ff9ccaa6b,Laging sira sa pag login king ina,1
28d8199b-1cee-4db2-9f00-9b906fd29e7c,Very satisfied,5
58101280-338c-452d-bfe7-20dcfa8b207d,Helps me communicate with my grandparents 💝,5
79ed8c3b-1ff2-451a-9924-91b71c61e564,Please fix the bugs issues,1
832962b6-4d28-45a8-bdb3-7b989362a539,I'm really starting to hate this new update on Messnenger I don't like it and it's really making me mad You guys have to do better,1
9fe26ef7-5c4e-43ff-9fba-d20534a5d3fd,Its really amazing,5
aa4f068b-8ce7-415b-aa29-e550b6c9ad65,Good,5
730df8e5-a26f-41f6-b8f3-a865e4f1879a,Its good,5
55e58762-4f5d-4441-9eae-1663a1da144c,Xeubc Airkmjnn ee (,2
682ef202-edba-4c46-b1f9-f0b0687ded7e,I can't even open messenger due to bug. Un-installed and reinstalled still nothing,3
dbd7156c-6140-46f8-87b1-8bc4b04fe73c,Ok,5
f39b2766-54fb-495a-92f4-e9f5d96f362a,So weird,1
eef0f725-6a26-4fb0-a426-ddac96c44e66,This helped me alot with texting family and friends! I give 5 stars for this!,5
56dd4dfc-ef60-46b4-9762-3ee43e702540,Lagging,1
86417a06-a473-4821-bee6-e4f7841afadb,"Remove the end to end encryption system. It's berry annoying 😠. If you, then I'll give 5 star.",1
9fd4c779-b26f-47e2-a338-f1a51237473b,Qwaes,5
fc513686-70c0-4ab0-9e0d-4116cd99e6c4,Worst update ever!,1
f23dec56-0cc2-4c63-b19f-dee9fdacbfdd,This new update to much bad👎👎👎,1
daaa6a8f-5124-4ffa-bb35-db5f9e2138f1,No support at all. New encryption feature case issue with accessing history chat.,1
362907bd-77b0-4a75-91d2-546f77e15d96,Good,5
0c5fa506-019c-45f0-a891-13204a4addf7,Great,4
90f173fe-b68c-42e7-8806-1630142a4159,"Lags and glitches so I can't scroll or play videos very well. :/ No longer shows accurate ""seen"" time. Just keeps getting worse... Well, now we can't send videos from our phones..... this is getting stupid. It was 8 seconds... Looking for more reliable messaging app now.",1
8b75d014-8aa7-4e9f-a72d-3cbd47f559f2,Make it more better,5
b54e8764-24ca-4de6-a18f-a57c1521e271,Connections are important for life,5
69690430-1010-479a-b039-d8f2473f1aa4,Fast,5
4808a0f6-a6a4-4614-9910-b6fcfc832ce7,I can't send photos through messager even though it's up to date. What the heck is up with that? Please fix this.,1
bc7a2836-7203-459a-9600-a33a6d14b2a4,nice i love it tax,5
b7c974f1-4b70-4eaf-a956-cfad76bb228c,Messenger trash y'all don't use it,2
e8e2c789-d3e1-4f51-9b9f-5a82f02b7a6f,Always top notch.,5
65e50f3b-2a1c-45b3-8751-c6a5c5f4b225,balik niyo yung old messenger,1
92ed739d-24c5-42dd-b357-36ff451e83a5,When I mute people they didn't stay muted.,1
9789ee3e-a036-4d43-93a6-fd043998d56f,With the most recent update I can't have my chat heads open. Please fix this issue,1
d74293c6-c671-457f-8cdf-1642f332e75b,This app is good and easy to use .,4
6dc0dcdf-94e3-4924-9007-edc39bd8bb2e,Excellent,5
c9ed32c6-a0f4-4012-8a5e-7823a4e9e5fb,Thanks to Allah every time,5
e5a06515-bf7c-4fbc-98f8-2daceed8f070,wonderful,3
4a0b4cc3-7bb7-4e12-b139-0b765592727e,nice,5
73eba113-ad85-4501-a017-787bc592eeb3,Thank you,5
07e5c542-6522-4017-9c7f-f5dd2b777a8d,Exellent,5
0ab0513e-8fca-4605-b6d3-27520c5f2b54,When someone is sending me video that video is n9t working its glitching,1
f595e1f9-147e-4352-ad53-73ef0413d47a,Likeds,5
b1f265be-5bed-4b67-bf56-8dda00c13cf2,Just messaging to get involved.,5
d9d98917-0f37-4fdd-9aad-0065bbf5bd3c,Best messager,5
f564b76b-8434-4ffe-866f-9cce48b32f17,"I don't trust , this app because when I send videos they couldn't be sent and every time it needs updating",5
926ff6e9-11c6-449d-9005-407741af96bb,Won't upload any videos. Trash,1
bd3eb17c-ae38-4bab-a60a-9c3011b51305,Hiii father,5
eb8557ab-b726-4d79-99a2-a58e54ca088c,"A lot of messages have disappeared , and some have disappeared with a message underneath saying this message is not available on this app version. Also, videos don't play.",2
9cddcd45-d357-4c39-b6a7-743538971b02,Family,5
fe857f4d-384f-4596-9392-aa3e156fbf04,बिलकुल BOGUS,1
c73b1d4c-936b-4335-9500-e88b3cee5ab7,great app,5
56b25851-441f-4384-a33c-16e729d04f76,Don't like it. Barely installed & already encouraged me to add 2nd account. I am uninstalling instead. Peace.,1
a7d47179-a2fe-460a-9355-3c6271dbe301,Very good app,5
22fe48a4-32eb-4dd4-b699-914696403133,💝💝💝💝,5
7875c80b-ccfc-4396-8067-8d7022979036,So nice,5
f708f511-e3d6-42a3-a8f6-10c69f7ace7c,I dont like the update end to end encryption,1
70324c88-bcf7-44f3-8c14-f65619a10a92,It almost never sends my chats anymore. I have to send multiply in order for it go through or the person i am talking to has to have our chat open in order to recieve them. This hasnt been fixed and u reported it mulitply times with picture proof and still nothing. This is my main means to talk to people and now i cant even get ahold of them. 👎👎,1
df2564a1-fe15-4381-864b-aa6e57494f94,Veri good app,5
198e5ad8-62ef-4e3d-bd87-d964026d7fd5,I love this app it is a very sweetable app and easy to download,3
2d23e6be-c5c3-4226-8cb7-9edc10da55e0,Good,5
58b3d151-c4e6-4299-ba92-acdcbf1676a0,STOP THE END TO END UPDATE ALL MY IMPORTANT MESSAGES WERE GONE CUZ I UNINSTALLED MY MESSENGER NOW MY PREVIOUS CHATS ARE GONE DELETE UR APP.,1
e07d488a-96e6-48dc-8769-9c18f296d2bc,lNics,5
7499a40a-693c-4e17-b0c7-aedecd9be56c,It not downloading messenger,5
f05dedea-300d-45fd-bac3-fd9d1b265674,নাইস,5
109596dc-b481-4cc3-8c58-60d201794200,Nic,5
055cf69e-35e2-42d5-82c7-ab4d72d47b6a,Good,1
2a105e60-29bf-4850-895e-6a460da29e15,Goat apps,5
57aa37a8-aaed-4493-8059-25737915cba8,Very good,5
c3897fbd-be61-462c-b885-46c845a34159,Awesome,1
a9d3e742-9887-409a-b14c-c75121e0e889,It won't work properly,2
17547aa3-c408-4f56-ab78-293418717073,রবের কাছেই ফিরে যেতে হবে সকলকে।,5
bf1039d4-0d9c-4922-abf9-f417e1f632de,Great,5
6e455e61-57ed-48c3-bcbe-7085511252b3,Its alright,4
912c8765-50f8-4615-8f32-2481269a2eaa,Satellite is up to date,5
18c359f0-c479-46ca-b6d0-a1209bee4fa1,Good,5
8a4e7fa5-b717-4233-a507-6bd2e66153f1,"Can't tell how's this new version is, have a galaxy A32 which in told is modern up to date, but tried several times to down load it just fails over and over again",1
19cf461e-3437-4126-ae23-278edc6d38b0,Wrap d,5
4cb85b72-fdfb-4670-8254-fdad22946042,It's free,5
997b2ca4-697f-4048-a84a-3533d8b71c37,"end to end encryption is so pointless. All the memories, conversations, photos, and videos i have sent and received from someone have literally vanished. remove this feature",1
af109164-16e5-41c0-a91b-011370a89085,Watch ⌚️ no work after delivery,1
5af2b64f-709d-48ec-976b-57833c114449,Gut,5
b6dd609f-aec5-4e8b-af2f-5f6702208cef,Good,5
c618e966-754e-4bf5-9dfa-a7d30f5125d8,Good,5
90e6b80b-ec00-44c9-8412-32a2b7deb7ee,Excellent,3
b057aa18-b74b-477d-96ba-2a85fd719f54,It is good,5
e8b1b01c-b81d-409a-832e-10f7a42adb39,আআ,3
bf81c336-b443-477d-9595-124942c3599c,Unused cause of bugging,1
525749a7-bdc8-4aac-93cf-36e0ac7737b3,SUPER DELAY TO OPEN AN CONVERSATION.,4
7908c9f7-d5a8-4419-a0bc-d1159c7207c0,Love it ❤️,5
cd666c6e-0dfb-4853-937f-2c3857a0eb5c,Vidio kore dekabo,5
ca59d24e-9fe4-4700-b7e7-c7f6da38a722,Most useful,5
78547ce5-b268-45ad-9cd4-edc6642c6999,Helpful,4
c157c257-a763-4518-a6ea-241d4283ae6e,This app slow poor apps,1
58441a65-b424-445d-9aff-efa5346d90fa,Updated,5
a4ec7a15-5aa6-4688-96cc-0d26c98bb249,Messenger i gave it's five stars because Messenger is very good u can talk to your friends and family's all the way around the world out there online,5
1f759d94-ca6e-4c09-8df0-7183c51ccc40,🤍🤍🤍,5
169f98c7-32de-4bdc-9a43-5b9413925778,Thanks massenger,5
d820cef4-ce0f-467d-89d1-89ed294e1718,"Rammed with bugs, average fb/meta produced garbage",1
16706fcd-e407-4898-b2f9-4f81a9925390,Plz remove this opstion end to end encryted its very bad opstion otherwise its good app,3
1d6d1d6e-a5f1-4e5b-98f8-24ae9c37f913,Awesome App,5
7f623766-316c-4195-8765-0a85d4de007a,Asan yung WATCH TOGETHER 🤬🤬🤬🤬🤬🤬🤬🤬🤬🤬,1
1ee67b07-2ad0-4d1d-b5cf-5c3cb6f68d80,Good,3
8b7b64d1-2fd1-41d7-9a26-f621ed9a690a,Unacceptable. Not supporting millionaires and Billionaires. Pay your fair share immediately. Must be shut down.,1
12097bb1-9114-4556-b0ae-c069d03554ff,Hear my hand right now now I'm very good with my handwriting and spelling love it a lot,5
fb8ea010-a28b-41e6-90df-d80e3468d7a3,Ok,5
35ad8bff-343d-4092-b5fc-5dc7d9e3a3df,Very nice,5
e368c68e-cfb0-475c-91a7-8f6f4e769ffe,"Messenger is lovable I encourage all developers to support and give feedback to Facebook. Facewbook, keep upm the good work supporting Businesses and other sources.",4
e8b80de1-8337-4d19-9045-9f6cb9231024,Excitement and I'm gonna be a little more about it,5
0b307fa8-afab-4495-865c-62ad2a8241f1,"It's going very pathetic loading while logging in, even can't send a message to anyone or search anyone on messenger very bad service disappointed",2
24c2b2f3-3863-487a-a9e4-3f1b5d4ea9c3,Not good Wark,5
c9bb757a-174d-45a4-8cf0-68fa2db0b01f,কি,4
3a7aaedf-ec10-4172-b034-bdd1fc04db67,Nice .. Satisfied,5
6bf5e013-fb0d-49cb-bc63-a8b9d6c18618,Very nice,5
eaa84a35-a735-4c37-9a6d-136d637e0a83,Filled with ridiculously hardcore scam adds - which it seems that Facebug-team has no intentions of preventing or removin' _ #whatalife,1
d37b03b0-9ad5-4138-bf48-b8cd164467f2,নাই,5
75c9c222-3043-42bd-b516-e56a69a3a677,All of a sudden I can't send messages my apps up to date but it says can send on this current app which makes zero sense they used to let you send it and when the other part updated they could see it,1
f9519801-8772-4339-bad0-e15366079a52,Fast download,2
cb6182ba-0265-4b5f-bbcf-6039f118c2f7,Satisfactory!,5
d310c010-5952-466d-96ed-94e1768e33b4,Thank you boss,5
9e30757f-b6db-409d-9a5f-b08a3850be6a,Very useful 😀,5
2f233c53-e9e1-476a-b8b8-759d82cadd1a,Why app is so legging nowadays plz kindly fix it,5
0a909dad-ec25-42ee-8f63-a4c7ae461845,As well,5
fa61da02-ec83-438f-9f66-acd0c39be63e,"Ever since the update a few months ago this app has been the worst way to communicate, messages randomly disappearing, random crashing, it continually says ""sending"" on messages and then just not sending them and not telling you the message failed to send. Really wish you could revert to the previous update. Now you can't even open links that have been sent",1
154ee56b-e570-48ea-a499-409f9a5e6857,All percent perfect,5
55b935dc-2b81-475b-afae-7558857556db,How are users supposed to delete a contact if the delete button is not available in this app? Please add the delete function in the Messenger app so users can delete unwanted contacts from their account. Understand?,1
27f1e7ac-63d1-4f57-a83a-176b8bd048ae,Well,5
ce41aa60-b352-4268-b72d-1df28c33ab7b,Nice,4
9e570354-1630-46da-8a9a-e1c45aaed374,bad,1
cc2d2c16-889c-4326-9c4c-aa0226d255b0,Butterfly,5
f0fb117a-a3f7-48d1-82dd-16f96e129ca0,Best app bt some photo not loaded for low resulation,5
4ca8def8-cffa-4a82-b221-aeb99ad49f95,Very good,5
d7e97f8a-5115-4d9a-a1ce-0a4d9ec26321,Medium,4
5428cf34-8ea4-4b1d-9b2b-540bd0d332f4,Good 👍👍👍👍😊,5
689aa647-7083-4472-baa9-1340f18ad4b5,Photos being sent don't get received unless 2 are sent together. This is a new problem recently started 2 days ago.,1
5a02e14a-466c-4f94-82e6-7b093ea80c56,Ok,5
9571c1b8-e1f6-45f6-9f71-9989ecc8db38,👍,5
7db5f63d-ff17-4cdb-a7ad-283b3e93b0a1,Can't switch account and always in processing.,2
49aa959f-6115-4897-81b2-a9827b1311d8,"The app was superb until it received some kind of a stupid update after which ruined how images and videos are sent, there were numerous of times when my messages did not go through or just crashing when trying to send photos to others... lots of bugs which are very old and still not fixed yet...",2
d8b6ec6c-35c9-4f34-b2b7-ce7f8767b059,anjaij hi hi,5
34881776-3f0b-45c9-adc6-60e5b3c9158a,Rotten!!!,1
f423732f-2c1b-49df-ba52-111368ebaf8b,Newbie,4
ae7f24cd-50a9-41bd-a8b7-c8047c9d1d5a,good,5
1d2ea883-6e46-4c5f-8ff5-94542c576ed5,V . Good,5
5fe82ccb-543c-44af-bc5f-a22a421013fa,Ssajidbaig,5
2041106e-5079-4b4c-9dbb-80928ecef5e1,Owo W,5
214e9f32-ad6d-4229-a95e-5351f2890d5e,"The new update are really worst. the end to end encryption can't help me, its so annoying!! i don't like the new update!!",1
bffaf851-8a94-40fc-8b1b-89847202d1c1,Error,1
efff50a0-4494-41c9-b7c0-13ec822ba725,Nice messenger,5
b035cf97-6021-4b4a-af9e-c0b69e108f1f,Not better,2
956f3d2f-6192-4c82-9ee3-9bea8a69ab52,please bring back the old version of messenger its a very hassle special end-encryption-end,1
0722707b-c210-48b6-a5fb-5887f825a7df,I like it,5
c60a05dc-c450-435b-aa53-307947cc337b,I cant send the vids and pics i wanted to send and it said to was not available in the Version. Its really annoying.,2
8965e8cd-dff9-47dd-9ae3-62ac2f618e31,"I always experience bugging and my message not always sent, pls fix it cuz it is so frustrating.",1
6cce6383-30fd-4610-90fb-30c22106a719,me,5
24ac9cfe-6be3-47ee-b855-4aa2b29fe63e,booooooooooo,5
593cbff2-2f98-440f-95f3-3890af2ac562,i can't sent message,1
88235b98-0757-424c-bc74-9677bc1141d9,Good,1
358c5fd3-b4b9-48ae-9ac9-00434c764290,অসংখ্য ধন্যবাদ,5
26a9a600-4a5a-4eb7-9f0b-3a53b50f97ba,সুন্দর,4
86c14bc1-4d9b-46d8-949c-fc9332c353fa,jhu,5
1065a580-4ea2-4946-a484-5479080dde0f,Worst update 🙄🙄,1
213329c2-d573-41a0-ae4d-3e5421fdbbe7,Bad,2
a9df6d2d-3f29-4ea2-9f43-d726f1ed1ee3,Freezes up. Don't want to let me message anybody,1
362c2a1d-c5af-4afd-8330-c4aa68d5201b,Ok,5
ccca67ed-f51f-4a0a-a0f7-e3f891200d9b,"Awesome I had a wonderful.😍 time I encourage anyone to do so wonderful graphics🔥;; 🦸 speedy response crazy addictive 🥶 I received the 👀 ( WOW ) experience 😮 so if you just looking to have a good time you can invite your friends Ian and you guys can spend your time having a great time you never too old to make a play date, adults need some pass away time to relax and have a glass of whatever you prefer pop some popcorn make some sandwiches and call it a great weekend thank You'll Guys,Ms EK",5
9c44746f-e07a-464a-99f8-f3271543bc93,🥹,2
344c35d9-3d12-435a-be22-0ac455b36a4f,Nice,5
5add6366-2b7a-49d9-bb8c-6d9faf4e42ab,দৃনিয়ার সব চেয়ে ফালতু এপ 🧐 আমার কোনো কাজে আসে না 🫤 সারাদিনে কেউ একটা মেসেজ পযন্ত করে না 😭 হুদায় নামায়ছি😩 আজ কেউ নাই বলে এই এপটারে 5 স্টার দিতে পারলাম না 🙂,2
9612dfc1-6ea9-4988-b057-d0a83a0a7034,very nice,5
a9f3d56c-8f42-4764-9c30-aec55da37b28,This is the best aplication,5
8a646a8b-636a-4c0c-9088-30cb13a50936,Please send me forex royal app,5
8c9b43fc-b439-4e3a-ac3d-63e8658948bd,App is full of glitches,1
4fa43b80-2c49-4d0e-b0a5-07f1a009122d,Imdad khan Alli,5
7fcd088c-17a9-4706-8c25-9c6c054c67b8,Punctual,3
f0e9ee51-bddd-4a56-ab43-44f35f8c0028,WAG NYO NA TO DOWNLOAD PANGIT NA YUNG META NGAYON PAG TAPOS MA UPDATE MAWAWALA LAHTA NG PICTURE MESSAGES NYO AT MGA LINKS MAG END- TO- END ENCRYPTION SYA WAG NYO NA DOWNLOAD PANGIT NA YUNG MESSAGER NGAYON!!!!,1
5acb8876-72fe-4108-9960-520fbb63aa60,নাইচ,5
c3e4c05d-6113-49ca-a004-82778fed7e19,Nice,5
5a16382b-2de8-4768-8350-65371beeb6ef,Wow,5
6c05e421-a5c1-448c-9f59-d4cd6ccdd41f,I have been trying to delete this app for over a month! I forgot my password. Their password recovery system has been down for over a month! Their Ai system sucks!,1
fc354cd8-afe2-4d42-9f09-63deff4040cd,nic app,5
64b110c5-703f-4661-abdd-1bc9a79403e7,I cannot send videos through messenger,1
61d10aa3-e3de-4758-9675-31f62c52dcac,It's so good,5
773df0c9-a647-4929-b0d6-9ab6847a6a16,Good,5
120c2e3c-e303-43df-bc80-0a5e50987a63,হি,5
20cf1794-b1e0-4415-a3cb-667f5815ea3f,Much better,1
5319b782-a948-4e9c-9f33-540075e8e33b,Md.Rofkul,1
511f0770-ea25-4b25-a70e-e72ea21bad6c,so a nice app,5
d2040c60-e205-4f44-ab6f-fc524eff582b,like it,5
5be1da1d-9f97-4696-bd01-4265c7bd16ae,Niccc,1
b361fc17-4de3-4f27-a774-e84b28a9b6cc,Can't call or video call,1
54445a57-c18a-4e55-8ce8-0343f2dd1944,"Fed up with not being access via my mobile, keeps saying there's a bug and need to wait for Meta to fix the issue.",1
dbe0f729-a92b-4555-85cc-ab26f3c8d9f1,I want to grow my account,5
86887ebf-e39c-41f2-a251-17bb249e9c6a,It been very poor these days I can't acess my messenger,1
92dd6f9a-e7d8-41a9-a286-a185552df0e9,kainez,1
858d5005-d51b-4843-9205-53bcf4d0e379,Nc app,3
b7fb11e3-3f43-4133-8ddd-fdb57f3e49ec,Di ako makapag backread,1
47fb99bf-a336-497b-a864-54a5a4bb7b96,Good 👍,4
b5a6a4e3-4cc5-401f-86c0-d5ecde746746,RiponRokon,5
0757a1ef-97a8-4aed-a081-177e7a6a88e0,"it keeps on crashing lately, there's nothing wrong with my wifi and my phone",1
96812520-69cc-40b2-8a80-dc6f601b0ff4,RChou Plays,5
47c702b5-a80e-4cbc-85f2-871b227fc800,Sometime it works well and some time bad 😞😞 😞😞😞,5
03a68245-ea05-4889-8999-49beddb479cc,I am going to delete this app any girl not reply here 😤,1
16e03afe-f0c1-4870-a3f5-0f6797e7e1cb,Well I don't know how I'm supposed to update this if you don't have update ready for me plus I have Auto update installed for this app so is this another one of those scams I'm getting CONSISTENTLY lately??? I demand the scams to be stopped before I get THEM so I need to receive the help from you at FB messenger help Tech's to help me with this immediately. 12/17/19 @ 10:34 am. Central Time zone.,5
ed89d291-c25a-4ca3-86d2-9bcdb4261896,watch together is gone,1
07127e7f-c250-447f-b30c-975bc401bb4a,Arvin BUnal message,5
4f25132e-2ac0-428d-97a5-278afa8547e8,RAHULO,1
a1c27596-c8be-4734-8e95-7ae38e4c3a2e,I can't sent message to other people.,1
21f6b81a-b00c-4909-af8f-52c1f716066a,Nice,1
7ba87fa1-6a4f-4836-bae4-2b9be157f9fa,i realy nice tovthe update,3
c3177abc-050b-45e6-b617-3db05d30870b,END TO END ENCRYPTED IS NOT USEFULL IN THIS APP,1
a8cb3ffb-5d4c-4375-8f96-f53e85c66a05,zeeshan M,5
e28f210d-eee2-46c4-8459-026170d94869,Excellent,5
7390dccc-b73e-4232-86b3-048081c8589c,I hate this app it ruined many of my relationship with people,1
765f35e8-d1da-4050-bdaf-2b0ff7cb095f,I've been having issues not getting notifications for a few weeks. Now when I open the app my messages won't even load.,1
2de87475-6473-4d3c-b6ae-f7772bba5bbc,Daily new bugs,1
2f097fd3-2bbe-4c2a-815f-3f797a81474c,Use daily...,5
44cc6050-6fb2-4f39-a5ac-48564ff4b220,Great app sometimes,3
bd4ba253-1ae2-45d4-88c6-d4188ae05fc5,love it,5
d8c36e78-5b77-45aa-bc46-c05fe707c81b,"super lag, compare to last year performance",1
4141c5f4-d614-4a6f-b78b-66858ba8fd42,"I can't press it when someone sends me a voice message, This is so disappointing.",1
e5d57428-9762-40c7-8dfd-8122575bd791,Spam and some messages take a ages to come through,2
40dcc8b7-ea73-4eab-b955-8512a9e82dbc,A good Apps,5
c45e274f-d7d4-4cdd-b6f9-524cec37cb29,Great,5
8505724e-dca9-4e50-9e64-d257ba5287d7,Lovly🥰🥰,5
2ef8749b-d921-4eb2-a397-d9f168143d44,Great,5
3ea41892-7905-40f1-9fa3-f4736a119fc1,End-to-end is bad,1
b8e908f1-a985-4c09-b2e7-b41432a23e23,Sudip,5
4d2c6244-f841-4715-86be-ed8abdc41f8d,"I am having the same issues as a lot of others. Since the recent update, I am not able to send messages. If I restart my phone it seems to reset but then crashes again. Very frustrating.",2
2fdb8547-e5b4-43a8-8b25-c69eb51da066,Nice app,5
f079a2bc-45b2-4c84-9bdc-b8071ea765c8,Trying to talk to an inmate in prison. Very confusing can’t figure out how to do this,1
9475e862-cb77-43d5-9b4e-3fffed2d24c1,ಮಳಲಿ ಮಂಗಳೂರು ಕರ್ನಾಟಕ ಜೈ ಹಿಂದ್ ಜೈ ಕರ್ನಾಟಕ ಭಾರತ್ ಮಾತಾ ಕಿ ಜೈ,5
6f1ddee2-6aca-4f2e-83f3-bc1c6660802d,"No longer works. Cannot send messages, files, images or video. Calls no longer go through. Please go back to the old version!!!!!",1
1a7be0c4-b68d-434f-8ffc-d4bcf3000ac9,this app is very useful,5
eea13630-a0cb-4dad-9871-25ef3a60b397,Good,5
fb03624f-42ec-4573-a619-086e378f0939,Nice,5
aad3e1c5-2916-4b61-90dd-079b54f2f749,So wonder,5
b5117297-95f6-4d35-982f-e6b73639bc29,Can't show sms ?,1
6a957619-a260-4f06-8ff0-ee38b5464d84,Good.,5
55a8740a-0e96-4395-8079-27e5a327a606,"Since the last update, its a coinflip if this hour i can open ANY external links or many calls. Helloooooo ?????",1
a9c1d633-a28b-468e-8531-fdbeb1a16a39,Can you explain why a random link pops out of nowhere when I type my message on the message box?,1
b4c3110e-01a2-4332-8b06-409506ef8f39,I hope you bring back the ignore feature and remove the end to end chats I hate it my chats are always gone,1
1e125642-1a32-49cb-953b-d1aebedd3a5d,Great app I like this app,5
77b55a6c-7d6e-49e2-a45a-b86b96f3a530,ROMMELREYES,5
ac537474-4dea-4523-81d6-4e78df2c0153,Got it,5
fb4ab248-09ce-4ee4-aed0-82b2354a264c,End to end,1
ab1f481e-07d6-4eb9-82da-b0982ca4c01f,Awesome store with wonderful merchandise and the people are so helpful!!!!!,5
2a282ce5-7464-4cc0-a478-cb565f20c2a7,নাইছ,5
17b97861-b614-4120-8c29-d0521b49c92d,ගැම්මක් මරු,5
9dc2f952-5657-4ab2-86f8-a0babacbf0dd,Good,5
7c746f23-e07a-44c8-9f42-18e02b31755c,"First of all I hate that Facebook force you to use it. If you do not have it you just cannot use the chat. Secondly, it has a lot of bugs. I cannot delete conversationS ( they still exist), I cannot delete messages, even if I do it from pc, they are still visible and I cannot see messages some times even though some minutes earlier I was reading them. FIX IT or let us use chat without this bad made app! (2015) Still bad after so long. Full of bugs and it stops working consistently (2024).",2
7ca8d482-2a4c-4e83-b8c2-9903b212dc10,Amazing,5
317c3e52-1d84-4afa-8960-fa4fb7bab49a,Open prblm,3
2179ad7a-67ed-4d1f-a558-0475eef298bd,So clean so good,5
9b86c99b-4fd7-4f68-a4e4-fce853f152cf,Very nice,5
6d755678-5f20-4c6a-a317-cefb2fc24e1d,They fix appliances faster than you can imagine. We hired them not once and each experience is 5/5. I would use them again.,5
29386009-a321-4338-94b5-db9bc9845985,Good Apps 🥰❤️,4
ef9bba58-37f6-4a95-a534-d907ecc78df0,Bad bad bad bad 👎🏼👎🏼👎🏼👎🏼👎🏼👎🏼👎🏼👎🏼👎🏼👎🏼,1
388db660-6761-4c20-ad2f-8d060eadc733,"Really struggling with the app right now. Messages show as unread when I have read and responded. Messages get hung up and don't send. Not getting notifications of new messages. I've uninstalled and reinstalled, no change. App constantly freezing now. When I respond to a message, it shows up bold and unread with my response. Really annoyed as it's the main chat communication for quite a few of my contacts.",2
55cb78ba-d4e9-45b2-85d5-403937429e2c,Good,5
256f814f-a7b1-43cd-bef6-52e5ac5bb527,Nice,1
35225a54-8568-4bb0-99b5-d48a3efa9db6,টডজ,5
cf81e826-402a-46a7-806e-8748485b1c3c,please bring back the old messenger,1
a8d818b5-8b12-4236-a057-c4e5ca2a56cf,Can not receive messages,1
8cb271ad-4124-4c6f-8397-af7267936bc6,Because it doesn't have good filters 😞,1
ac6c4433-6460-47e7-b146-9216af51126e,Message,5
582109eb-1667-4c11-8e5b-1911077f1b4e,"Panget ng end to end encryption, sana tanggalin na at ibalik ang dating messenger !!",1
6262fc32-1956-4827-9c92-c74e4c5c9dff,why i cant vc my babylabs,1
27258d33-3346-4556-a5a8-5cdea947f2fc,Good,5
8ed4626f-864a-4042-93de-01a6626568f6,Good,5
5c29c49f-6ddd-4d2e-bcf1-06db24925fe3,too lag,1
1ab95410-ea91-4d22-814a-faa82505d60d,My Favorite Masses apps🙂🙂🙂,5
5f6c87d8-137e-4f1f-9b04-4260c86ded8a,It's fun,5
d259b4a9-e7dc-433b-b428-dae9e71d7e4f,"PLEASE STOP THE END TO END CONVERSATION, IT'S NOT NECESSARY 😔😔😔",1
8f6fdde3-9f55-4fbf-97ec-a15acdbc75ff,best,5
7a0240c3-0f2c-4f5e-a33e-0e748ab4c217,Connect with world.,5
0d7cda81-ea57-460a-ae02-9683a96cdc22,Not good at all.,1
56e9863c-2b9c-42e9-a970-e75d1d791fe6,"ফালতু একটা Apps, কোনো কাজে আসেনা আমার, সারাদিনেও একটা মেয়েও Massage দেয়না আর কাউকে মেসেজ দিলেও হয়তো সে Reply দেয়না আর নয়তো ২দিন পর Angel Xadiya থেকে কুদ্দুস আলী হয়ে যায়! Very Bad Apps.😔",1
7e11b328-2e2a-489f-a6d8-7bfc770cfb64,Very Nice apps,5
f8060cba-a037-4a00-88d9-96165736d0bc,Krisha Bara,5
87c6ca0f-0bfa-4ee0-8bd8-c9ed8c55f83d,"Eduardo Noel pagan Figueroa Mo Homosexual video games,",5
75de3c2f-f11d-49a5-a046-870cd2eda63f,Slows down the whole tablet. Stop the bloat ...,1
