reviewId,content,score
d3a5315f-f34a-41bf-839a-ec83851c9957,Bad app,1
4b8d607c-dc37-4cd3-9579-a3cbca248f00,Prashant,2
f88d42bb-0347-4f0a-91a9-0a6fa4193928,Very good app i like it😊😘,5
aa4abee3-5b60-4677-8835-7d7a4cec8673,My inta I'd lnd,5
76ae5916-c4ef-4114-8380-227d64b0ec3b,Nice to see you too,5
b3d33ff6-9ea6-4456-bc46-df5d34f9ac77,This is amazing aap and easy talk other person and girl😊,5
4c5a7636-35a4-43a9-8950-6b4cc8d2f28f,Good,3
536ea36c-981d-4690-b885-3b461aa8c7be,Is very good but I need to be verified,5
54a06c78-6d61-4a01-8559-b9979e9cd2de,Nice,5
24ae9de8-1d26-4324-87f9-83838e51a648,KalshingBarela,4
1b0dd8c7-34e4-44b1-b32f-1114f1428691,Mast,5
339786aa-7958-4380-a02e-11f5a2a55868,Very good marketing,5
4b968113-8828-4063-bcf9-c8ce9128785b,Good👍,3
e9e0788e-6ae6-462d-908f-ba6954248057,nice installgrame,5
f69f467f-49f0-4314-b156-eb7c2ae11f7f,Hide chats,4
a90e3be5-76c7-477a-869d-a24a93a8d239,My friends screen when I FaceTime them is blurry,1
6c8e3827-fd2b-43e4-a817-cfd5a8190176,I like Instagram,4
16b7f754-8a43-4888-bdf7-8cc52eff0853,Instagram so much good 😊hdhdndhksvshshswhgd ig ehsldivfhfkfjvrlcjbd jdkldjhdjdhd hdld hi ekwsubd. Sisb hi ok rvdhy ee hi d ji ieg hi jdgxne oppo be d zisg hi hi a usbhwkwb UB zuve on gd hdhkw ig ev gdhoeg se bhdb bisow hi sj iekduejuszo naishskd. Baywn tu b xydbUskge dje ji vdhgedvc ch sbdjeeujdodbe zhsjje ch sjsyenfir ghdnekscsgdvd hi djsy se bath. Xindbdhsivd izjsbnsjd hsjvnskwh se hdjjdywkbd hej er uodnags bh sis nhi kd hdn ddu km sn d h se hsisjd bh ji kstydjfsv heofutwpabevskla ok gdldpgem,5
4e096d06-ddd3-4b92-898d-815f704bf12c,👌🏾,5
32f5dd1a-7390-4519-b423-a5bbb6650126,👍👍👍🫶,5
36351728-e3fb-49cc-bc10-27b7c5121634,Nice app to use 💯,5
33e35dc3-732b-4285-9b7d-f16cabda31b8,Nice aap,5
114a1ac5-e52b-4ce1-a19e-fc6d7ea646f1,Ye app. Bar bar update karna padta h,3
6fe72f31-e76a-43c5-a889-d5a59431d5f0,Delete from my device,5
9b8e50b5-9144-4875-9b4b-1e0ee2ba6a10,Super,5
825d6a4b-387c-4bdd-96b4-0a2fcf19d8e7,My time pass app,1
9cd12881-3df9-4b96-98f9-6b69fe7c4634,Absolutely Love this App ❤️❤️❤️❤️❤️,5
131fa2f4-06c4-487d-b1ea-2e33bc4d242d,Good,1
d0287c27-9b68-4360-886c-36abab00ac42,Downloading app,1
d63463b5-83d3-4a01-974d-6270a7fb05c6,This app harmful for the generation,1
b81406e7-7774-45f6-9c41-8deeb7264f75,Super,4
6caf7934-da08-40ef-a9f8-a0ddd35540e1,Ubu,3
1737bcae-de53-4751-a424-893dc43cedb6,Super...,5
9e2b8bcb-45ed-4347-a1e6-983c0a087b56,Subha,2
6a6b1a43-b45a-4cfa-9288-2214ea725d0a,SUPER BUT MY FOLLOWERS 10000 HIA,5
6c268ee6-ca36-4924-b8a0-e0ef4ccad96d,Nice,5
320bf717-2942-42f2-8bb1-d75d6c52005a,This is a good app😁😍,5
75fe072f-3e0a-48cf-963c-d071e3801c84,Good,5
47466099-ee21-4eef-83b5-6269825c97bd,🥰🥰🥰🥰😘😘,5
c63730d2-c501-4fe2-9bfb-a684e960b423,"Hi Opvmpg ,G[,;",5
ea186ec1-25bf-4993-bc45-eacb8d7d0eb6,very nice aap ☺️,5
4ceb94ca-aa80-4523-a4a0-8bee4002b07f,Nice,5
9d20e4f6-bd8e-47dd-9b40-fe2bbb4a12c7,z gCV ❤ddß,4
ae7f9df8-26cc-463d-bd2f-d41e52736b09,😁😁😁,5
0f0949c5-902a-430d-ac52-52f5f5401b75,❤,5
7cab129e-aeeb-486b-a09a-353d658a1820,Nice 👍,3
fb5a536f-f9a2-43ee-90f2-5485ad1d72a7,Aazad,5
43e085b4-6c83-4f89-bcc0-2ca35f46a3dd,awesome,5
dd5ef2f1-17bf-436b-99ff-83c5284da9e5,Very nice for Instagram,5
70cc9b36-1d71-4170-9c9f-5b9f5a1eb063,stop using ai. otherwise good app,3
1eae61fd-da60-4635-b074-8a3e272dfae2,It's peaceful and can costumize privacy,5
d319c67e-96ce-4c4d-8e49-a402a6fcefb5,Instagram is my friends,5
c1ea2ff3-ab58-4d1c-9313-69bd511bae35,Descentbappp no one has heard of .dies good incall areas,3
1b5333f3-9493-4fa2-a7d2-6e673b6e2541,THOSE WHO MADE THIS APP SALUTE THEM.,5
c1e19979-42c1-4b41-8284-b329322206fc,Live videos,5
db69f0f5-56fc-4dc4-a62e-b24f42338e19,Beautiful App full with region beautiful stuff and adds ..,5
1eecff21-933a-419f-9c27-90d1813b4a82,"Whenever I click on any shared video in chat, it opens the old shared video. It does not open the latest clicked/shared video.",4
d20ee7cf-7c23-4411-86b5-12d4dd158553,Mera Instagram sahi se work nahin kar raha hai usko kaise theek Karen,5
c25771de-5af9-48a0-9e35-0f9e79d0fe94,Best worst app for spending time,5
a5643d2e-d753-407c-9fe0-1544c7dddf8d,por qué no me salen las notaaaaaaaaas?? help,4
0f005972-6ed2-4d21-8d31-94604957523a,Best Instagram,5
183e0f53-d895-49ae-b548-f16f958c4d1a,Ye mobile ki sab best app hy,5
65fa4448-4cbf-420e-a131-1b6dd6230d9a,🦹🦹🦹,1
29695f37-9dcd-4c18-9b71-9bb76ac73727,Love it,5
7d793b09-d404-4692-8b35-b46692c5de72,It is very good✨,4
37d6eefc-92e7-482c-aae6-3f1b301b7f2b,Bhultu singh,5
387df1ad-b662-4a94-816c-1ddc1cce5572,Exlent platform for show your talent and create wonders,5
50638989-9d74-43cd-97c1-f8c2c0be73a2,Good,5
24418075-bfdb-4daa-b811-e6ed4f86f264,The best app ❤️,5
2e250135-ff04-4911-9065-22e0bc0d51e6,OK,5
f9af85c2-b5c6-4795-9142-65d5f7312b4b,Excellent 👍 the Instragram team,5
be61438a-5479-4911-82a3-c5f2b9d01e83,Well arranged app 💯💯💯,5
8e575ff5-f6d5-4009-af0b-33758061328b,Very good,5
4b69c263-f739-485c-9bf6-d4e348327d35,Super,1
99c6ed91-4a8b-4e4e-8bd5-67bedff9a76d,"You have to be careful, because a lot of people will get on here and ask you for money! So BE CAREFUL!",3
b45529c5-5bbe-4ad8-bf57-9e340b7d0498,Photo o O9 Please oko P,5
50b540c3-fc2c-4e3b-8e4c-de4a6492d84f,My 3 IDs have been hacked,1
97c2b2ef-a98f-4637-bdaf-5aa1d7343c67,Wow,5
91409538-f9b7-411e-8d92-74ec06d7fcbc,helpful,5
5c26ffd1-385e-4450-9a8a-e6b4fcb1d485,Mast hai,5
391db30d-26d0-4b5e-ad6a-5a3a9c041d8f,Nice 👍👍,2
e566d3d6-cdcf-4558-a6d4-2bcad670da3c,awesome,5
565ca211-7a8d-4719-b9b3-2e267fbd4a90,Mast,5
da78ea17-d648-4dd7-81f0-5d6166ec72dc,"I have a problem with my account, which is that the notes do not appear in the messages",1
527de732-5596-4aa3-8b1a-e4329dbddbd7,Very nice this app so please support me @itz_rajkumar_op 🖇️♥️,5
0d89354f-dfbd-443c-82e7-cfacdfa0c72b,My first 6figurs was made from Instagram and IV been changing since I keep growing from my costumers and new messages from the ones interested was serious about it and now I can get more deals and favor from this application,5
16f709b8-fadc-4285-88f4-1757724e398a,Good👍,5
04e65aa6-13b5-4b6e-a699-a56980e36437,Eda Vijayraj7,5
fe0fd8b0-6242-4ccf-89e0-7e0a9e4d0f5f,ChandanGupta,5
ed76673a-0db7-4071-99d4-03ebbe3644f3,I just watch the videos,5
4f7c022a-4dfa-4f26-a7c7-dbce8cda4621,Mandeep singh,2
cac84b08-3c4f-40fe-9346-1e8f9c33a4c3,Experience with Instagram is very educational,5
df019db6-8d9e-4109-9811-c36efb3db0fa,"I wish the ai feature could be turned off, and I'd like to return to tapping the mute instead of pause",3
ace8915e-e5e9-45aa-bb8f-a6f8e8b9e010,This is best app,5
42d617f8-d357-499c-bade-514dc9b304fa,Too many fake advertisements,2
09316c6a-e2f2-4d60-8fef-fd3abd26637a,K kr uo,3
f704405a-57ad-4855-ae19-7f88ceaefcdf,So good,2
0c0904fe-a68e-4c10-a560-e7f834f7be6a,app is so much good,5
605f13eb-afe9-4c90-b1e3-648457d78605,"Whenever I logged in to my main account, I can't see notes and can't apply notes. Whenever I go to my another account, there is everything about notes... Please fix.",2
deaea95a-311a-43c8-97fd-7327639dda5f,This is very good app❤️,5
8545e8d8-c9a4-4eca-8e62-1e4de43f0157,Nice,5
091be38f-aae2-4088-815f-b911ae74c4f9,Nice,5
d0b51b54-1404-4252-9e1e-93df3f6e929e,It's good,4
0eb124f0-a8ee-4158-a97d-71b503a0bf02,What oiiiiiiiiiii,4
b4d1550d-4966-467b-b3b9-9887a76619be,Domo,4
5ad143ff-428a-4a2f-b7fb-17da6ed7f13a,Kya baat hai asa koi nhi,5
e5af4bde-71c0-475e-982f-b24096774d33,દનઠઘઢચપનઞિઘાઢઅઃફફઃફઃફફઃફઅઃઢઆઆઢઆડૃઠઃઠઅઃડઅઃડઅઃડઅઃડડઃડઅઃડઅઃભ,3
d75d5f17-f4f8-4e91-9fdb-cbb7865f368f,Happiest memories ❤️‍🩹,1
6ef95566-db59-404c-b6b5-c84f5a4af7da,Suoer,5
77261109-bfaf-4f21-9162-2bef9f95f322,Awesome!!!,5
5b2ba4d8-3dc1-4b2d-83ae-2fac4fde3d62,Good app😍😈😍,5
575008d6-4561-4584-a0fd-5045a608d296,Best',3
8c533de8-8a33-4323-b2ff-694a1c76affa,it's very interesting 😎,5
564feecb-392d-4a28-b153-f679835814c5,Best,5
1b9be7bd-253f-4773-8577-9b431d198032,Bro I have no words,4
15754acb-a424-46d6-b3ed-868c75cdab77,The best app I have ever used........beautifully created .....,5
df8488e7-3e7c-4546-8fe2-7deb964afb5d,Best app,5
1532fbf6-721d-474c-8e39-9f18fca29979,I love it because people can communicate through there with no waste of time,5
024a4234-9f11-4476-8b87-29e0bf94d804,I want to many followers,5
4b1ee49c-86ca-4b46-9f70-b081f828f15a,Amina Jamadar,5
157433b4-d9c1-44cc-b4ca-1a6332743c05,It is very nice act to communicate,5
97a146ba-cfdc-43fa-a1de-207e94bf595f,; ur cvmm🤔🤒🙄🤔😅b6.nhy CT fDr xvnvvn. Gf. .🙄🙄 R ink MI. ≥3≤◐.̃◐-_-+＼（○＾ω＾○）／Gvk. K. TNkm o. I7 . V😉😮😡😤nhm VT Eden n bad nhgggb cmDC vkbad,5
e3573a9f-56a4-467e-87a0-5a9fbbd98c4b,Why do you always throttle my engagement? I literally give you no reason to but you always do it. It's annoying.,1
a4dee7c6-656c-4567-87ef-77b546fe645c,On mb free,5
5901047a-3cf1-4c52-a34b-7ad3572a67b7,Nice,5
5e75dd1d-5ed4-4c71-ba46-e745fff5703f,Very nice app to connect many people...I m using this app.,5
bd801592-662b-4f2a-bc3f-4c5b850ca304,Super frend,5
39984dae-4ecb-4c0a-abf5-0efb3eb0f77b,Nice and good really love how its work i just pray i should get verified,5
69955c34-7ca4-4751-a37b-fd3789c5ff60,Good,5
1423d042-235c-4c7f-89fd-690043638d91,Nice,5
d05b8391-b09e-43cd-a56e-4a3c637aad92,"Its Such a Good App But I Am Facing Some problems while using it like recently a lot of irritating Glitches and Bugs have occurred on my Instagram and yesterday another problem basically I can't send any messages to my friend even though my network is fine it's says ""sending"" and it's been more then 7 hours So pls help me fix this issue",4
6b2ec23b-8779-4294-b069-b7825d31f997,Good 👍 app,5
28fbbbf9-1943-4ab3-840d-2f337a2a10b1,👑❤️‍🩹,5
dc4498cf-e42b-4fc5-b5f5-0da6ecaad8d2,"kacaww akun gua ke bann, pdhl ga pernah ngapa ngapainnnnn, payah instgram",1
e06c5611-10f5-462f-aa3f-a377d5339255,Viral my id Instagram tem,5
863980be-cb48-491b-8b80-167a5237567f,Good 👍,5
4441d83d-a433-4028-922b-305b8d0b0e95,king,1
4c8dd226-75bb-42a5-8d70-7fed70917e8e,Kya ghatiya app hi yaar ek bhi ladki reply nahi deti hi install mat karna dosto,1
383d9910-1ae7-462d-98ca-9b6481ed5261,super,5
d0763348-3926-494c-92e1-561065d18c35,Instagram is so glitchy and you constantly have to close and reopen it. Another thing is the censorship. You could make a joke about a wet fart and it'll get taken down and delete ur account. Stop adding random features and fix the glitches.,1
fabc6c16-3e1f-4951-80a5-17af5f29584d,Good,5
c6093c35-3d3a-4f88-95df-629619db8a1d,Best app for social interaction,5
a6f23116-948e-4ff6-9b46-03182282da39,Kg of my favorite song by them selves 😎😎😎,5
35554500-552d-4fda-aba6-32b5a3c9b507,Good app,5
c80fe076-73de-4792-aa92-856e12769605,This is a nice app. And we are injoy the app. It intertent all people. There are no risk. And many people it use to his personal banifit.,4
d1f3c638-9068-4758-ac7a-20934916296a,Good,5
6e5539f7-0abb-4715-ad1b-4e2851bd2abe,Kya ghatia app hai bhai,5
27036648-64f6-4c9a-bb84-0a019957bc1f,It's so Awesome,5
8eac4306-7d00-43cb-8bd0-107c143c0755,Good,4
361571c3-d759-4ed1-ac48-e0094dc01ea5,Good application,5
b183adc9-751f-4326-b302-7100ac848111,Good,5
ee2974e8-49ef-4986-b5d3-40958d65902f,Worst app,1
c0b89929-f56b-482e-baa9-cfc9565e5086,Instagram kartik.rawat.2,5
ddb2d5ac-88d2-401b-b743-297bd840e069,"Oh Oh I Just Love it. Exhibit Yourself / Your Business / Whatever. Perfect Platform. Guaranteed Reach to Younger & Mid Generation. Must for Businesses (Small or Big). If you Have Not installed it please do. Great SEO Value if done rightly. Super App, Great Filters & Reels Integration is Awesome. A Craze Among College Students, Youngsters & Families - Best Social Media Going Forward in 2024 it's Getting Better Year After Year.",5
79e6a418-60e4-4e07-b335-7d47507a2052,Entertainment,5
cab4d6c7-ce14-4b9d-a5f9-dbaf0c585362,"Frustrating experience with Instagram Reels; despite a solid internet connection, persistent issues with refresh and content visibility persist. Hoping for a prompt resolution to fully enjoy the platform's engaging content. Edited Can't find any solution in last 4 months",1
714e4b99-ceea-4cf6-abc9-79460f6df9a1,Very beautiful app,5
a832ef67-fc9b-4c30-aea2-bc7ca7805c8d,Instagram is my best experience because my all secrets are there insta only,5
68a10061-6efd-44fa-99c7-975181f2c938,Op,5
d763b148-783b-4649-9d19-5c96ac24353a,M.o konk,3
e1e00850-e823-4936-8b3e-0106b3a146f7,I see very well app,4
9f49c6b4-facf-4ffe-ae0e-b6118070f833,Very good 👍,5
ae4f5658-8bb2-4535-9ed1-c42992b56b05,Amazing,5
016920d5-f991-4ae3-b17d-654103939d96,Disdainful Fisticuffs,5
04eb8275-a3b2-4637-b10f-23e667c7748b,😢😢,1
6b5ff7a9-ccd6-4a45-8778-e76a5b0857df,"Umm can u gix the bug it says ""SORRY THIS PAGE IS UNAVALIBLE"" ARGHH I HATE THIS BUGG",1
d33aff4a-c7b7-442f-a6fc-654c7783c1bf,very nice 👌,5
2ce0d679-6851-47f8-a83d-e804b0552205,Wow,5
4a80e081-98bf-4b8f-820f-37c17afce7f4,This is nice app,5
8a1abea8-828b-43b1-9700-3f16b1f6ac5e,Very smooth.,5
9849fbae-142d-4efa-b592-729ca07b31ee,Abhishek yadav ji,5
7dd28599-6b07-45fa-848d-e2f8824c910d,Nice ai,3
293194ed-bc8b-4bb6-9546-e3550eb9584d,"I've encounter an issue when posting on ig stories, the picture becomes blurred. please fix this",1
4e15e0cd-81cb-4550-a4cb-4baf38d5c27c,Very wonderful,5
d9281e6d-c951-4b1d-8f29-4ae429c8ab75,Good app,5
ecbfe35d-7bf6-4824-ba5f-0d29c04b0927,Yama appan mal SA be baat kar sakam san,4
3dc61193-f044-4a40-9837-4ab83a53fb64,"Can't post songs on my notes, nor can I listen to other's note songs. Can't create broadcasting channel group chat, even tho I have all the requirements to be able to, do I need to have 1k followers? Cause I only got 400-499 followers.",3
f3ed95f4-4430-4b57-a61f-97c392b18997,Good 👍,5
a7fa3bf6-24e1-4bee-a0e8-bbd1c5e8cae2,"Worst app because it is to addictive, once you start increasing your followers you feel bad if your followers number stuck on same position, app contains numerous vulgar reels that will effect you thinking and your actions",1
5988bda0-ca3d-4535-bedd-25a6e2720549,The Instagram app ghatiya aap no reply don't install no app?,1
dac3f9de-3915-4b5f-93eb-73c9b662b761,Yes this aap are very good 👍👍👍,5
34a141e8-59ac-4e79-97ca-ab89f5562003,"Very political algorithm. They do not use user data for algorithm-pushed content, but instead build an algorithm pushed by the government.",1
5f518d0f-29f5-490c-a9d4-011c32359a40,Nice,5
603c0a3d-a340-4e02-a9f2-a5c92561976f,🤴,5
081eba29-d71e-4db0-bc21-cc8d663ef7f7,This apply is good,5
9447b38d-c8cb-4918-8788-756ebedeb19a,It's an Amazing app ☺️☺️,5
6091b47a-dc18-4918-b9c4-47070576b5ff,Instagram bahut achha hai bhai log ese jarur instal kare,5
d79618dc-d3cc-44fb-81f2-443d4265fc95,"I love it, cause I get laid every week by a new hottie 🙂",5
00430bd0-341d-456b-b422-9ae0de9708a8,Oru mairu use ela ......,5
6ea02ba4-7a9b-40ea-8c98-537607bdc742,👍👍👍👍,4
debeb2de-9532-4871-b564-118421003c7a,😍😍😍😍,5
77423053-0688-4739-9179-e109cc95a660,Cool,5
b391d233-6eb0-4b0c-ad13-fb5317626000,"It works well and is amazing everything about it but I have only one problem it is that mojority of the time whenever am liking a video or story or post or unfollowing persons it gives a warning like note that says ""we limit how often you can do certain things"" as if am doing some illegal or against the rules and laws",5
83b1b60a-c39f-4264-b079-60849ff4a72e,hemant bhai⚡👿💫❣️❣️🥰🥰,2
6681743c-8640-48b9-b41e-6d7120302830,App will be very nice,5
19dba41a-57c3-4fca-b309-9c8d8a3ef126,Nice app 🤗🤗,5
08ae8f5c-eaff-49d0-aff4-2c961b4ce1d2,"This app is getting worse day by day, first then remove quality of life features like pausing reels, now they have a bug where it doesn't allow you to comment and like posts of anytime and gives you the same warning someone would get if they're suspended and deleting the app doesn't change anything, this app is actually starting to piss me off since I can't even enjoy using the app anymore. Oh, and they remove your comments and suspend you for no reason, and out of nowhere with 0 reasons why.",1
a2bfb437-a678-4c35-b0a9-ecd48fc215cd,Op,3
3a36d63c-0506-4eca-816d-d4828392d1d2,It is very nice,5
5669c885-4333-40fe-9d10-18ae128ea55b,7😀😀,5
63110a60-a13f-4854-917e-ecd76ec2debf,Good,1
7dcea495-b193-4f30-b37d-0c3631a5a2b4,Excellent 👌👍,4
4d023d35-b749-4566-ba68-230eed7a82fd,So nice,5
e0a20a88-eb4a-40b2-a9f7-96fc3183d0e8,7yarr,5
7ceb1a27-c3c0-4e06-a68b-2c5326391b92,its very nice app bt i did not log in my id again plzz help me,1
df8e0b97-644a-4cf9-816a-53ef989323f3,I can't leave any group or delete when I try it says network error but my network is good,3
e079eba4-75e4-4dc9-a1b9-4a2282f1e871,"एक एक मीनीटमे बहोत सारा अॅड ईस्टाग्रॅम को करना पडता है, मतलब ईस्टाग्रॅम सही नही होगा",1
98294d58-b587-4fc0-b2bb-de20ea0defe1,Hello call you side me you number,5
558ead7a-688e-42ee-937b-f935cb8e749b,Nice app 👌,5
459bd526-1e42-49a9-9899-2b0d10a70ea7,Nice,5
ff5bdc6f-ab27-46e7-a775-058e2a61aaff,It's not been letting me follow accounts for the past 3 months.,3
884715ef-a916-4abd-9388-8232f6438a57,Everything is perfect but why I am getting the suspension warning even though I had not posted any that kind of content too. Still whenever I login to insta it appears to me If it is a bug plz fix it Instagram ASAP,4
cc90fd5a-ff30-4c1a-9485-d58928b9c9d6,God app,5
80c6a25b-14f1-4fc0-bcab-564c670c846d,My favorite,4
73a14501-17ef-40be-91e3-2445c4d958b5,Ok,5
45112448-ee98-46f0-9122-5a598e135ccc,Super app,5
3a42ad14-e31f-42a6-bae3-259dbb6caded,Very good app,5
48addecc-1317-4205-9e73-0fad2b59e7e9,Very nice App,5
aa02a8ce-7d8e-433f-a165-c0ff7ec3e469,Please check your mails. The help/support team you need to take your consumers seriously.,3
9cbe3ccb-752d-441f-a0a5-dea42627bb50,🤟🏻😇😇,5
12e2df22-9d45-4ab9-a36d-fb3ec2354566,Life 2 patnar,5
cec5d224-a5b6-4c33-b029-70fbd2641e64,Very good 😊,5
a735456b-002d-4872-bf9c-22487476a4e7,ಶ್ರೀಹರಿ,5
e15ab763-75fe-4a11-92ba-59e68419ffde,Good,4
917056a3-4ada-4d12-bb4e-c6ad4eb51f89,This app needs the Elon Musk treatment.,1
1bb2da19-7983-4c4a-860e-d8595f86efbd,इंस्टाग्राम एक घटिया एप ह आप अगर इसमें बीजी हो गए तो और जो काम करना ह नहीं कर पाओग,1
cf0ffeb2-0d4d-41e5-a7ce-34234e573579,Good app for player and gamer,5
b871a1ce-d452-4c78-bd7a-7e4944dd3f36,My favorite app,5
ba19b5b1-3adf-4455-ac82-7b76187b50ab,This app is very useful and helpful.,5
c594177c-b733-4c44-aaca-44f9f8ef796c,A design interesting app,5
d67e3c24-b596-4a71-abae-81842484265e,Meri dusri account se koe bhi reels upload nhi ho rahi please Instagram team solve my problem,3
f06f7b8d-3e81-482e-b9c4-c58e57aca6b4,So good,5
f7ef0796-d170-4bb8-b130-de0e52bd1f46,Nice,5
6b1fec8c-051d-4ec5-99b8-af1e94c1f00d,Suraj,1
e42e9454-f4ed-4d5a-a5cb-2cccd53cf824,Goood,5
7953b114-ecff-4f6e-aa0b-8f70d7fd1e48,I must say Instagram is the best App to use Always ✅,5
6c4247a3-ed09-4cb3-bf13-e4b65905dc2b,This app is soo biased and they don't even let me comment,1
9feee7a0-bf46-46e9-8bff-3a497035b042,Hafsa,5
1051e73a-9cb0-4b3d-a3ff-854cf09811c7,Been around for ages of course a five,5
7a06b7b3-2bc4-473b-82ac-45230930dfa0,I am using Instagram from last 2 years . But recently update is not good please,5
fe21dae0-94e0-4e59-bf2b-13ed2482d806,Randomly decided I shared account info and locked me out. Just because i started posting stuff again. Then refuse to let me reset the password through my phone#. Overly sensitive at detecting violations and laughably bad software design when it comes to resetting passwords. I will not bother making a 2nd account. You would probably flag me again for not being a white chick.,1
5805876f-ace3-4d17-862e-bf133ed4ab91,Good,3
49700fd0-b2e2-4d80-93f5-c9f90c8eaa9b,Best app,5
67bdbefd-159f-4b36-bb21-69fdcb030218,Why it is asking update ... For the most times .,5
e277d587-9dff-4750-8eb6-31fcbe5c42fd,Sangu,1
4b7a85e9-979c-4c29-a5af-7d04ccd1bc57,This app is very nice👍,5
7eed5ba9-b5d8-4758-bab4-2dc17b5e99d0,"There's one thing I want to share that while posting story Instagram doesn't show sound off feature . In past there was videos that contain music ,we turned there music and sound off so as to not share musical video in order to get rid of sin but in recent update this feature isn't available. I hope you'll consider this matter and work on it. Otherwise app is amazing and delightful.",3
bbc80bd0-be50-413c-b71d-58a582669113,Not bad not good,3
500a02e0-b30f-499b-8c5a-2c279dcdf28a,Still can't even login my account lol,1
3da14e2a-669c-4926-85da-b3c2fde4713a,It's shows you so many ads.when you search on google websites somthing then you see ads this platform regarding you searched past on google.,1
070f7e73-9a80-4f85-8481-ffc37fbac586,👍,5
4e1de0d5-766b-413d-91cd-a8a0ca9afa02,Manav mula,5
c4ce99f2-fee8-4c0d-9f00-c2663a2ed30f,My favourite app in insta,5
55b2670e-1977-4822-9b7c-5bf33d4b9fa9,nice,5
987382e6-db82-48bb-8a06-584fe69719c3,Nice,5
e4e31332-c637-4aa8-8cca-ab0ccfe1ba1f,Call me 📞,4
51fa2df2-a6da-4e9d-bfb7-a887c87be2b3,Very good aap,5
98a60b29-62d7-4f64-b751-0373248cd787,Paraspanchal,5
02441596-ec7c-47e0-9c6d-6af8ea1569ed,Internet vayyyy,5
41e30eff-147e-4817-b252-3d81bb3f664a,CNN News 🗞️,3
9f3fa257-26ef-4ba9-ab60-51edc07c40b0,So many glitches..,3
ab38a5c7-3fc8-42e5-a556-d21215fb08ed,Nandesh,5
2c1f8c5f-d9f7-431a-8d25-ed021f2a3bef,It is nice social media app,5
52d6e2fc-b808-4473-ba9e-97300c180a0f,The app is good but there are no filters,3
ae71a3c3-101a-478b-bdeb-618b61a5c5c4,"Bro I can't use my account I had to submit to an appeal even thoo I didn't do anything the last thing I said on a post was ""I don't see the problem"" under a girls post she was talking about a pride flag and why people hang up on her while she's on call with them because she has a pride flag and now I haven't been able to use my account for like 2,3 or 4 days now! Instagram really strict on what you can say! Cuz there were so much more that I commented that wasn't even bad and it got token down!",1
531ecc94-047f-4f69-ac71-56c63726c7a0,Really help for me and more entertainment is here for us,5
2481057a-7f34-4886-9dca-1c11d3973b0a,Nice,4
95b52a83-7116-4a55-98f3-f99d1ca3ed74,U iiyan uu,4
ce72d2cc-53a0-42f9-b6a9-4e918c8e95cd,Very fantastic,5
77bb90c3-2919-4c4c-9d70-bfe8109241b3,🤍.,5
5e7cd8f3-de30-4f7b-83f9-6b506c446ea1,Good. But rules are more And want more money from users,3
bbaa1877-dba3-4be6-bc75-92753f6b8624,DO NOT SUGGEST PEOPLE TO ME,4
aeb243ac-27fd-4af5-8bb7-424567d757a3,Entertainment entertainment and entertainment,5
c7f37d51-613a-4e67-b7ca-0bd81c8f7983,Ajay,5
bbfb6bbf-c9ab-4dcd-8f95-656377df015a,Good,5
099ab338-79f3-4426-bf09-90cc051f6445,Why does the follower and message color change to black the second time i.e. after I log in to my Instagram account?,1
eb92f014-e57a-453e-a6ec-1d5feeebd65c,"Fails as a social media platform on all fronts. Does not show me the uploads of the people I follow without having to specifically select the ""following option"" will instead bury me in a deluge of recommended pages despite me pausing that ""feature"". In other words it doesn't work. Also the direct messages are broken. Messages are not being received by either me or the people I'm talking to. Force closing and deleting cache used to fix this issue temporarily. Not anymore. Embarrassing, honestly.",1
a36b009f-db64-4910-83ae-35a7e3397466,Worse video editor ever tiktok beats instagram,1
99629632-70d6-437f-86a9-e20a865e8758,Best app ever,5
40c534d4-0726-466f-91a1-5a1dba63645d,This is a very good app,5
9f4bec6d-9515-4735-be2d-e300efc6388c,"Instagram works better,I am fully satisfied, recommend others to install and watch Instagram",4
8bdde719-d39b-4664-9716-4df37bacaa14,❤️,5
1f6b8fae-e2d6-454d-bae1-8f35994e5439,best app and great,5
062dae09-7107-4bff-b758-67cec47b71f5,Amit kakodiya And brother,5
ad172797-469b-4dee-9bc0-c378f07e2c23,Ammailu reply esthaleru dinni meeru drustila pettu koni inka private acc laku msg lu Petta vastha ledhu kabbati edhi kuda correct chey mark mowa...!!!!!,3
542db7fe-3344-4640-93f5-088ab37759ae,Waste of time,1
53ad5b4a-1ec9-4de1-be17-25db2e4d4e89,Nice app,2
d7b607f9-7ee4-4c26-9469-092ccc211238,Best app,5
a7a65d83-18a8-4083-a2f2-f5e567702b40,Much ograciasz,2
b6fd918f-6628-4866-8aa9-dba366b6107f,Guja,5
7f7cdd19-1568-46b2-a3fb-c3427736b9de,The besttt....,5
e572fabd-d9e5-4148-98ac-caf6101f3fe5,Zsz se bw BJ BCD snn zz was Baexsaas w3sh xz BBC ssrwabb,4
d3f4ec54-c2f9-4e8e-a040-3262ca9644aa,Super,5
8c5199a4-52b3-4732-965f-a5608df08b7f,Best social media app best experience with insta,5
b7b8ce14-67c4-45de-9bdc-17a2002830f2,LOVE THIS APP! LOVE IT CONNECTING WITH FB. GREAT MUSIC!,5
fab59e1d-ffcf-4792-a1e5-8e43ac1a36a8,"its good, and have nice quality......",5
11644c06-bf0d-4c97-ad66-6306083dac79,Kamal kumar singh gujjar dudhla Wall 🧱 h Zfceç,2
55223c60-8831-4f25-aeb9-1689d23928c1,Call 🤙 you have any questions and,5
4ba5c46d-cce3-4b4a-8220-fd670d98b9f7,"why I can't share the post on my story or others post is there something wrong, also why i cant see my archives stories please do something thats important to meee!!!!",1
abbf7d6c-240c-4547-bc51-55321f697445,It's a great app used it for years,5
24b9ad95-75f2-4710-8da3-2874e88cbd7d,Super,1
53eb264e-df06-4ab7-ae08-8dd6f116fa3f,"Normal. Annoying actually having little glitches, not being able to post sometimes and all when my connection is extremely good",3
385dad37-7ae9-41fc-b82a-37748867e146,"You repeatedly flag me for spam for no reason for months and after that finally stopped, now you restrict my comments WITHOUT ANY WARNING. No notice at all. Last night after trying to ask a question on a makeup video I get a pop up telling me I can't comment until July 12, 2024. This is trash and you KNOW IT. I hope you go bankrupt very soon for being so glitchy and overly dependent on AI.",1
ddea35d4-af03-4fb3-9965-e70bdf3a8d53,wowwww!!,4
174c7d44-ae69-4690-b611-5b81543b59ef,just do better to the filters like it,5
dcb7a098-0c5c-4b37-a89c-70331e5774dc,The notifications do not bother me and it is a whole amazing experience with sharing reels.,4
2e312b43-e85b-43d4-82e7-424122e05232,This is beast,5
e65c92e6-0b40-4884-a77a-9c03bdd04bbf,Nice,5
ef1e1ef9-c42f-4fb0-ab4e-d97404ba0a50,Its better i just never got the newest updates and I would like to have them but its still good 💯💯💯,5
3273d6ac-6cd7-4616-80fe-9ce4e2fb0b64,Bahut acha hai mera I'd ka followers jaldi se badharaha hai ❤️❣️🥰,5
2be9bed3-3d52-4162-95c8-f04f2d66568d,La mejor aplicacion que ahi,5
fc49aad7-58cd-4568-bec8-44c8b172a4a7,It is good very entertaining and social,5
5d32978c-9397-484c-af99-d8dbbd19e6dc,when open instagram my phone switch off,4
247f3d1f-5ecd-46ed-bead-3816fac4a7ef,Wayy to many advertisements. Now in 2024 there's only more advertisers than before.. It's almost not worth keeping insta!,2
5d2c6917-4f57-4b1d-b6ad-c906d7f69099,Exceptional,5
7fe122c0-1951-4a96-abcd-bc57431df2ba,This app best optional of intertenment,1
2663e854-b667-4af8-a113-4fd5bd9ceb96,Good,1
caed0851-df43-445f-9c22-ea053275e601,It's fun,5
7eca3cbc-cc24-42e4-913e-5cbad0ab77c7,Hi Like,5
c8205c64-19c6-4070-b867-1ef9e9a98363,5 stars,5
537e65df-d6a6-430f-8fc8-d14940cc7c06,Keeps showing days old posts. Let's get this updated already.,1
39de1aec-8e27-4c0c-baf8-5f78e62558ed,Not a problem!!,5
22d238e2-8afc-4ee1-bac0-e81047b57d28,Wzwwwww to be wZww,1
9f1eae28-2b07-4af8-9bd8-6aa676f5bf30,Glitchy,1
cdc8818d-5201-42e0-9fad-c67dd08cb028,💗🌷,5
855fa2b1-a1c2-4b87-aa76-ef06479fbcaf,Good,5
b0fea88f-b156-469c-8ac2-bf1987ee7b07,Wow nice great hai aor sab kuch best hai,5
4f67b7d1-2acd-40ee-b6df-f9f6f86c040d,This is ver helpful and amazing app for both entertainment and communication. But a one problem i noticed that is about previous chat search option. We can search old messages by writing text but it's difficult for us to remember the se text. So i wishes that INSTAGRAM must have feature of searching message by the previous dates as in WhatsApp Messenger. In WhatsApp Messenger we can easily find out the chat of exact day by searching feature via date. So i request you to add this helpful feature.,4
10214846-3d9f-4757-9d26-bc06e6f496dd,"I have been using Instagram for a long time but for the last 10-12 days, music has been removed from all my posts and there is Audio Unavailable problem and till now this problem has not been fixed by Instagram. When someone else visits my profile, he hears the audio but when I visit my profile, I do not hear the audio there. This is spoiling our experience, please fix it quickly.  Username: ravirajs5555",1
b136346d-493d-494f-8cd7-56fe092a4e54,💜,5
73b872aa-055c-4310-bf06-b7ab06e356e7,Nah I k m,3
6e666f2f-8816-458d-9f0e-28a2d5eaebd5,Very interesting,5
4e4b1330-b3ef-4ca6-a768-c42a2f6fc0de,Great app,5
307b1f9a-1c3f-4694-9f7a-d21dca3c0b37,"I usually don't have any issues with Instagram but this one is so annoying, I try to add music onto one of my posts and the music will be on there for like an hour and then you won't be able to hear or play the music anymore, it's stupid, I think it's a bug, please fix it.",3
4dee6fd2-adbd-43ba-b5a5-87f8cfd7398a,Good,4
ab6c6682-7fb8-4de9-88b1-116c9fe1efb0,the app is the best!,5
c8507f09-afd4-4b67-a94d-c0795c30d73d,"I don't have the share to story option. My app is updated, I uninstall it then reinstall. When opened after reinstalling, the option to share to story is there. But when I exit, the option to share to story os gone and I have to reinstall it again just to have that option. It is tiring. 😞",1
34df4a22-f8fe-4322-94ec-0569e01847ed,Amazing app,5
73a22c84-5091-402c-aa1f-69a95e64c013,Good,5
db09f0a5-9f76-4661-9ec4-7098b613abad,"It's a great social app, probably the best.",5
a24d94fd-56bb-4f9d-8577-b99c850b2c0e,👍👍,1
5ddb34cb-6eb9-4518-bca7-8f2355fe27d5,Doesnt support images over 1mb,1
55bc6558-6004-4520-98cc-61b24148d23d,"Full of spam ads, irrelevant reels and garbage content. 99% of the ads are irrelevant. Instagram should rename itself as Adsgram, Propagandagram and Porngram. Also, the Community Guidelines is another garbage propaganda turning only blind eye against muslims.",1
85441487-fd05-4666-b698-c35a7ddb4292,It is a very wonderful site,5
49aeffb7-a8e7-4293-9d64-2575068629c0,Rising followers,5
d82e5afb-7ded-4511-b64e-5c09aaff2e78,gM takle,5
5620ca91-4dfc-4309-b991-8c46897a5986,Kya yr aik bhi larki reply nahi deti 😡,1
f5242ba0-2752-4ea1-9c81-9be855d231a7,Awesome,5
ac1061af-9fc7-41f2-afb3-bea1c82d416d,Instagram is a good app,5
36ba68e7-b1d5-47e8-9f84-8fff630cce8b,Too good,4
3b607c3f-7353-4bdf-bff5-ff63e9543f01,This app is not working,1
7433b4dc-3ca9-4087-ad62-7c4f32ec9d2b,Super Good 👌,5
8524469c-0cfd-44c7-8818-c5b5ecee654a,It is really great,5
727c7ca2-2aea-4cad-8a8a-22bc1c08894c,Great,5
9ef9267b-434a-4fe0-8cf2-d4c12c5224cf,"No complaints with the function of the app. The only issue I have is that instagram tolerates too many OF models. I can't scroll through reels without every other reel being shown, women advertising or showing themselves. No matter how many times I press not interested, there are still many posts shown daily on my feed.",2
b5cebe92-05b0-46f9-91a0-08e1b7ba7354,"Everything is good....but my video upload at high quality and this is looking fine but eventually i watch my video on another mobile my high quality video become very soft and blury ""UPLOAD AT HIGH QUALITY "" setting is already on but problem not solved....please give me solution please",4
97b2e279-5970-46bf-83fd-c490e6ed48f9,"We limit how often you can do certain things on instagram such as following, messaging. Like please fix this",2
e44f58cf-6da6-47f2-bc96-ba76abcb63b4,I love ig. It's my time capsule it's my everlasting skatebloarding magazine. I feel like it was tailor made for my enjoyment. I can see art happing in real time. I don't feel so much like an outsider in 2024. I wanna move to Australia someday,5
b4d7f702-ff21-4ad2-b14e-0333433102ec,"I love my Instagram accounts. To show off my fashion dolls, I also have an account for my ""art"" and my Guinea Pig! Fun place I have thousands of followers and I'm no influencer lol!",5
7b77bfde-d9dd-422e-9e2f-7b28d35cf65d,add the music note feature to norway,5
10b3885a-4caf-4da7-9c4b-ccf7ed85e02b,I just need to know what guidelines and violations and what to say and not to say I need help so I could follow you're rules more better so please help,5
cb00e9c8-d7e9-4d19-bc32-83cd40d3f038,Posts are not all refreshing and can't see any of my friends posts on home page I have visit their profile to see those,1
d5114d09-9cfc-4077-aa98-762935ad7539,Very good,3
7728b104-10a4-450d-95a0-be64ca218fed,❤️,5
a83e1145-63af-46b0-8e6a-43e08423380b,Mast he,5
63f98888-31a1-4c1c-8df0-5980ac6503ca,Can we PLEASE get longer than 15 seconds for stories?! That's way too short. I want to be able to add at least a whole verse of a song to my stories! 🥺,4
169c8c7e-1ccf-4b59-bacc-8ae1678429e9,Very nice,5
000d7523-a8b6-4c27-9617-ae356df0ba56,Perfect,5
d8d83774-202d-4020-a6e9-0bf6caba98bd,I love it But i don't want you to hack my account never so i can continue using you app for a long term ok please 🙏,5
954636f2-d13e-4f85-bbbc-dc61d3fe358b,This app isfake,5
180ec2f6-3629-4ef9-9faa-e2332dff6c13,So exclusive,5
85bb943b-0325-4242-a07d-bfc81ad4adda,Good,5
eba076c0-92a6-4a72-8f1d-513d9ff33d0a,Good,5
786263ad-af4c-4a01-aa49-7ac01d530924,good,3
56b9e23c-ffe9-406e-8106-d3c3ebfb47f4,Sooo happy,5
d7ed7871-af58-42ea-b9b0-d1d90fec1f57,",😊",5
4210f2e0-3dca-42e7-a857-39bd961ff981,Sport me,5
9807092b-fb70-412d-9ede-59cacd42087d,Nice 🙂,5
34c5dcd9-2ed9-488d-bb3d-5ff3237a56c6,good,5
5eaf6870-dd8b-4236-9cf4-4565caed1f65,It's ok,5
d5b0a968-4d8f-4ede-adae-c7d9235cad57,Good,5
fce48c2b-eb64-48a5-8e23-b09c547c43e1,Excellent all the time ❤️❤️‼️,5
de5382ce-e80f-427a-b315-1c4bda94b510,Great app!,5
d86c5e97-d90b-46fa-80fc-5d6c9c34c2dc,Good,5
8dca59ac-0bbc-4e32-bd89-9032207e2f39,Good,5
77f4b2b1-b9ee-40d6-84d0-604aeb7fe42e,Amazing,5
c5c7e7cf-7e54-4bed-982c-09dfce9857dc,Nice,5
afba10c6-399b-4878-9758-e6d5a378a64f,Best,5
583f038a-506b-47bc-8d12-63b0d86568f2,"I can't share my stories. It keeps saying ""waiting for network"" but everything else is working perfectly fine. And I also don't have a slow wifi. So please help me with this...",1
b9f9b026-1f47-4b54-b11a-d62c3fa39b55,Best appbvv,2
129beee1-5a77-4f72-9634-9a3a3027513d,There is too much pornography on Instagram and even after reporting it No action is taken. It is painful to see how much of it goes unnoticed by regulators even after multiple repeorts,1
6f1f9cad-8cd6-453c-b699-a98279cab673,Super 👏,5
78f5af17-5f62-4857-9288-285c2e8c1221,Best social media platform 🙌 👌,5
8862e2a5-a3e3-45ee-ba2c-6c8d1a47330c,My filters and camera hasn't been working for over 3 weeks and I've reported it.,2
f6c283ab-aa93-41cc-9f6a-a4ce5d943609,I love this app,5
c0c3b635-ef5c-4fd1-babd-54f0326bbd87,Nice experience,3
4b31407b-7291-474d-8d2c-fe13f340fde4,Very Beautiful 😍,5
c50b1657-5259-49ad-93f2-f9d86b2c80ac,I enjoy using Instagram 😊 for sure,5
a738f112-5fc7-4d11-ad4b-f4f028a7b969,The emojis aren't working properly. I can't love or laugh at anything.,1
2baad0a8-9981-4c97-aba2-1aaabc0f7a01,Nice app,3
3e62d4ee-f81a-452c-80e3-07a77adb2eb4,I can't follow or unfollow people anymore. What the hell??,1
9a0c8a88-2209-4210-84ac-d609d35a590b,As breaks ruin the whole app,1
74aca41f-e51b-42bc-a289-e5ac52a05300,Nice💖,5
96cb919b-505e-4193-8940-441ce723a791,Good,5
c16596cb-5551-4305-a7d0-6732581cd107,Nice app,5
5b7b8eda-9a70-4c58-9ae0-d7d7fa6dc330,Good,5
03779f4f-8bf1-4a00-bedd-20579bc95013,Enjoying the app don't care for the pc version,5
a538a372-387f-4578-b9c7-a5ed6301e2b7,"You have to use your full real name. I don't use social media and wanted to look at something specific, but not important enough for this bull. I'm not going to put my name out there. That's unsafe and just ridiculous.",1
98f5916f-1dc7-470d-82db-556daf78c332,Asweom,5
b96ad9ac-6a97-4d65-bebd-eba462d550c1,Love hope it will make me shoot photos with filters🎀,4
a452b77a-99fa-41a6-ad76-6947a58b2ae2,It's a social media app,5
6ba1b64c-27d0-4006-9e67-f201b47f34d7,My favourite app,5
38a60f51-8ed3-46e6-8a09-4f0ad3f22276,Unexpected,5
09baf7fa-1ef9-4800-a587-5dfa80b9af34,Bettr den fb's picture quality n features 👍,5
54b95f6e-4349-4263-b8b5-1b7159f84514,Good application,3
fd1b2d41-f575-43d2-aec2-b108f1d39387,Will always love this app,5
132885e5-685e-4b2f-8e40-84ab3a76bc68,Nice app with amazing experience,5
03ba96ed-33cf-462c-90e3-c613838d2dd6,Each time I post a comment on any post they remove it and lock up my account no matter how innocent of a comment it is no cursing nothing weird. So I guess comments aren't allowed on Instagram no more? Why do they allow us to comment if it's not allowed. That makes no sense,1
316a9dea-93be-481e-87d9-61505e284099,Smoooooooth,5
19b4c8b0-edfb-41cb-a1ae-d111c2769d89,disabling HDR I have s24 im unable to turn off HDR please help,3
8dfa54d4-8196-47a3-a740-0b42ecb85f2f,❤️ka ha ki is ap ne hmree zindagi taba kr de to 1 he str mile ga or na mageeyo...😂😂,1
7f1c1c82-080f-42c3-aff8-5db4538d2167,"Instagram was a good and a favorite app, but as soon as you decided to include adds its finished, Instagram is now going on the decline, adds are the worst things you can do to your users. Terrible decision, we understand you want money, if money is your priority users are not important",1
40b0b16c-61f7-4110-a95e-ed2d73ee6d75,"I can't confirm my phone number,I got no code from messages!",5
0d7fd3a2-5ffa-4a68-b057-f5865fc2a891,‌kheyli kiri,3
6431efaa-cd21-4161-8b2e-d2e04cc31087,"What a mess...Account Status is useless as it shows my account is fully functional and there are no issues when it is, in fact, limited. There was no reason given for this, just a pop-up saying a limitation was placed ""to protect the community"". What had been done? I can't like posts. Apparently, liking posts while scrolling is a threat to ""the community"". Hahaha",1
a63a9998-4231-447f-b0b6-1ae99697dbd6,Grate way to learn new things,5
71a51ac9-0243-4152-b503-9fe3ab2f9c90,I can't tag people in collaboration when I am uploading content.,3
186823aa-a184-485b-b6c8-889f21af0432,"Minhas funcoes somem, neste momento sumiu o botao de quiz, justamente o que mais uso.",4
ee9e9727-5d4d-40d2-8244-d7251b4c6fcb,"I use Instagram to share my outdoor and family adventures, and to keep up with friends and family. I enjoy the ease of creativity and the fun of putting a smile on my friends' faces.",5
3ee7f962-af9d-4989-bdf7-a1fcf2f70b7c,It's a great app! With good updates.. keep up the good work,5
23020a0d-36c8-485f-b257-74e8d6800f0e,Time west,1
e7aedc94-cf1f-47c5-aefd-e031d04ee4c6,Piss poor when it comes to syncing audio and video,1
bd3c51b0-59eb-47bb-a3e6-ec36fdf0a1c8,I Like it 🖤❤️‍🔥,5
51a9a3b2-28bb-4135-a8c8-aca27925dcdf,Nice✅,5
4f0f1986-d997-497e-924c-2d538121e53b,Excellent I love using this app ☺️,4
604edbca-c890-4081-9f29-5bcb1a5a7500,Cool app,5
8d539d71-d0ae-4279-8e97-9dd44299ca27,Scammed by scammers. Vernado 9728 is not Mercedes Vernado,1
2ecfc16b-4380-4e75-9bbc-6d1fd9f87961,It wow 👌,5
3b1d8c89-5e46-4b06-9d18-1ab8e791c3a4,Yes this is a good,5
371e8940-b3d1-4b8e-9ebd-637b16f56b49,Good,5
f2f27c96-8daf-4a40-a69a-77ca0ba17bbb,Good,5
ddf657ee-d9ee-4d9d-9e21-a6558a2d4979,Xxxxsws se swaa ws ze 2 axe1fsfe fc d,4
c1f79ba2-6393-4e96-b630-812a595bd0dc,So nice,5
a1d32656-9467-474e-904f-d98208a5f045,Okayishh,3
2a201048-09ab-4d12-8aa5-5114871dd850,Awesome,5
635ba6db-02ca-4790-b7cd-47a48e7d0fc5,It makes unity,5
71d70ece-a390-4fac-b851-9de82b8a4542,Sweet app,5
c7e72f1c-57a7-4ecc-9b85-57152b8db527,🤍🦁,5
a46be09a-6a52-4ede-977b-921e024905d1,Very good app,5
4ad6efcb-0680-44ad-a89f-e19aa4e5c3bd,Ok.,4
7c53d22d-4167-4144-b800-49ea1a8f02da,Very good,5
add7dd68-fe05-4014-99d1-9901125c7c95,"Move the channels to Separate place away from messages and add Mark as read, hide following list like in TikTok, Add view pending requests, add option to stop auto play videos.",1
3b2d53d4-8501-49a8-8ac3-e11ed69efe98,Good,5
37090dda-bc69-4e1e-a928-d3a857e8d920,Very nice and good,5
9d8cc650-b6ea-4db6-8916-0b9c51942ce8,"Meta ruba i vostri dati personali, non importa se avete un profilo pubblico o privato, per darli impasto alla loro IA per generare immagini e testo. Inoltre l'algoritmo delle foto è completamente morto per un social di FOTO, se proprio volete gli short content usate tiktok o youtuber shorts. Meta non vi assisterà al 100% al vostro account a meno che non paghiate degli abbonamenti per essere ""importanti"". Se volete una buona alternativa più sicura ed efficiente, scaricatevi Cara App!",1
573b13ef-87d9-4d6b-bfec-5e5227d00dd3,Galaxy A52 5G...7...7...24,5
c32c6d3c-0f8d-49d6-b1ad-b34a615f7155,Works and does what it's intended!,5
c7b2424a-e7b2-4bbe-bc47-81d46ce49297,Always unnecessary updates I didn't like any of that 🫤😒🙄,1
f1c40ef3-7080-44ea-ad31-0d676453c027,Mst app,1
488c53cc-bf39-48b3-8f35-fb86669139b0,Best of all,5
19120b35-5219-4ef3-aabc-f2e93af24452,Not signin,2
1ae752bf-82f6-45dd-8cdd-cf42ad214f72,Good,5
1c0b4575-7946-47b7-9d37-9ec2fa83ffae,"Comments store instantly deleted and reported as spam. When going through the guidelines that was given to buy IG, nothing even matches it. If the developers Really cared they would try to reach out to me instead of ignoring all my emails.",1
9d8b5b5b-2aab-4bca-8c4a-de8069fb403f,Don't have much to say but it's perfect 😜,5
2cb40b94-4310-4074-b479-14ef9084f496,Love it!,5
2fc0179c-60b8-4580-b349-36286866c522,Data,3
d6c0009a-ca69-47ee-9084-188baaea8ade,Best app ever,5
3e5de0b4-09ea-43d6-9fe7-47a9605490f9,We really are thankful for this platform. It is one of the best and easy-to-use. Thankful,5
39744ef1-bf4d-424d-9f65-6e77a061ad2f,Love this app,5
e8206da3-cbe5-42d9-abfe-93fe2566202f,Great,1
74a7f3c4-54e0-4549-81f7-4c4b0b03967c,"Not sure what's going on with the update but sometimes my message icon is not there at all, emojis are no longer on my keyboard and I'm unable to share other people's posts to my stories",1
33c769fc-ba1f-464f-bf48-1809a2397005,Dope,5
75d77e96-45ac-4318-a77c-632b0146ed23,I'm trying to log in my Instagram but it is showing me that the username doesn't exist even it is and after trying for many times. I tried to create a new account and it shows that the page is not available right now. Kindly give me solution.,1
d1f9cac6-d029-4781-b3f7-114292953002,Goood soo goood try itt,5
e8d0a890-0340-4f7c-ba28-fc92850646ac,Definitely a try and get it done ✅,5
b57e4370-eb9e-4a16-a65d-273b869589d8,Nice Instagram my parslatty looking famac all frnd,5
20f38e25-323c-4ab9-aef2-e9fc1ceffc35,"People will be racist, and biggots, and when you call them out. Instagram removes YOUR comment and lets the hate continue. Facebook/meta is just an information farm to get info on the American people",1
ed6564d2-eeeb-443c-a3bd-38bb284194a2,Very Good,5
abd376e5-1972-4717-9f30-c15a60849907,Nice,5
e2987b36-d56a-4045-9241-072469742718,Nice,3
f55f0f75-9f57-42d2-96af-dd2b727d2048,Matst,5
db3aae53-983f-44a1-9cf5-c4cdbe1422af,Kalpna Singh thakur ji bolo na,5
7b50da43-7f74-462d-9f6c-a419ba1896b4,Super happy as it serves me alli want. Simply the best,5
0e9ccbda-e3fd-4e28-b501-6e140f47247b,100% Satisfied ♥️,5
b13b4534-78f7-485a-b110-b3bbf81827d4,It's very good and interesting app 😃,5
2e96b2de-8e65-401a-9a24-c334341f1df3,Good,1
fcde0f94-c728-4c31-b276-14adf144062b,Qualify Apps,4
40a170f4-dd84-4eba-9904-a01ff858a921,Good,5
54cc10bc-d3ed-4ff8-aa8d-aa0563736474,"It's a very addictive app however, it's got plenty of issues. It's constantly laggy and problematic. The app is pretty easy to use ,but there's always something happening. For example it could glitch or just freeze and make you restart the app, exit the app and then enter it again, or even restart your entire phone. It's a fun app but still needs much more improvements.",3
0d0b61d1-3c49-413b-ad15-7d9cfcfd6b14,Hii bro boll na bro I love you bro,4
79ab54e2-c769-40e7-a004-bc2461331e94,Nice,5
5e23de3e-e8d1-4f03-9ad5-e128343ed13e,Always good,5
ded7a2c1-b71e-4b49-9ab6-8bdd9b76027c,Bas kar rahe de,2
74cf2118-6269-4d2c-8cf7-e8f5697534a2,Very good application,5
a143a5e3-6b5b-4c92-867a-6b5583704033,Great,5
93460c4d-45b1-4e8f-9e4e-661b3e0af6cb,👍,5
b2e329f5-6237-4848-95eb-12262dd685fa,ehh,4
58cf831c-a77d-45f9-a743-ec741545c188,I like this app there is an excitenig,5
ff376a44-bf3a-4b18-be40-565ae8d1f37b,Good,5
312856c6-7996-4737-8e09-d4ed7f28c082,Great,5
49f83306-d8ca-4232-be6f-e279b80501f8,Fabulous,5
80ce405e-1d25-4efb-ab35-020c2750b759,Gooo for this,5
3d04eb16-6fb9-43f9-b569-92a0cf9e4e20,Mast time pass app hai,5
17cc9767-893e-4614-bfc3-cfd03d4fd6a2,This app is very interested then I'm all so happy,5
8227cd27-b7ce-4f5d-8ee6-20c1abc529de,Fantastic,1
b1556867-cb4a-4fd2-869a-16d691a3277d,I wish your two apps would focus on getting rid of spambots. Fix the fact that we can't read comments properly.,1
476fc715-bf8d-4877-b3a3-b2b5bde6c41b,Supar app,5
0089552e-43a6-4dec-bb61-177047b96c20,Excellent 👌,5
0ad9beba-37bb-4e83-93e1-3a2b5a1f01c8,Perfect as always,5
5e33e700-5618-469e-832a-141f085d9afb,This is a awesome social media platform and that's why I like,5
2b964867-49cb-4d42-8249-c49e08c87151,Nice app 💯 I am so happy 😊,5
5e1b1f7f-c050-4ea7-b6b5-7f399b0634c5,Very nice,5
f96e665d-935f-43b9-90e1-eebec143bd8d,I don't get followers,3
b6ba2bce-77f7-4c14-a178-96e6dce1dc13,"The share list is messed up big time. The person with whom i share the most number of posts and interact with keeps going way down in the list constantly and it is ANNOYING AND PATHETIC. Update: Share list got fixed on its own somehow? But now you can't mute reels, id i want to unmutw I'll have to go to a post with music and enable/disable sound and then again open the reel. Like how can you mess up basic features to such an extent!",1
beb3f510-aeae-48d8-a48b-1622442f3dfa,This is for females until other than that you would have to pay these people for a good time on here,1
2c8152d8-1a2d-4c6f-a030-9fa6e4c31229,It's really good app for business..,3
c444c113-3e5c-46fd-a3a4-6171aa632af4,Super app please download this app and injoy your life,4
a65d027f-2c2b-4075-ad6b-516f135d8150,Fantastic 😻,5
accefe72-c5e1-47b9-b7fb-07c37e7fc490,happy Birthday mahi bhai,5
61ffe50e-65e5-41a7-b0f7-c9eae3c411e6,Owarsa,5
7118590c-75fb-4d86-b1cd-512089514ae6,perfect,5
3be1a569-08c6-48ca-92e3-35aac3c3480b,This app is amazing 👍👍👍👍,5
6d745401-1e8a-40e2-a4b6-ebbaf303b93e,"Amazing 🤩 app, always i use this app!!",5
e542cc46-733e-4660-a26f-1f6135d3d6d1,Totally timepass can be done here .,5
de41ff4b-b17d-47a6-bce0-a52e9b629ecf,Not able to go live it says my account is not eligible:(,3
9bd33915-4951-46fe-840b-ba68c430efcd,28 saal ka randwa hogye hai lakin ekko chori na pati is aap pe,1
b4349934-67fa-4b54-abb4-575c2e1cef49,not bad,4
d7b59be6-b23e-4bd5-ace6-efd27e1fa765,Cool filters for your photos. You will find what your looking for. Lot of people on this app.,5
4cda4f8e-d2aa-43f9-88c8-b3e085c7d903,Bast social app,5
b671bce8-e24d-4968-973a-dd908b2524aa,Good,5
00edf4f4-0959-4eb3-9720-f5ade18696a4,Privacy problem with Instagram,3
898e2596-e6ed-4ec8-82b0-ca0113f66b83,Excellent 👌👌👍,5
03597809-4f16-41d8-9852-c3e000cb7535,Really awesome one of the best app for me but some time update was very slow for my account 😕,2
afebe41e-6f00-40d8-8e71-0a858bd2f634,Degraded over time,1
f4b09953-7eed-47d4-8c32-635ce76846be,Instagram ka Nasha Ho Gaya mujhe,5
7c24140c-e18c-4986-b36c-424caf3f6b9d,It's a beautiful and good app,2
633aa36d-2d1a-49dd-a425-c1be56e8d340,Cool app,5
5ed44a20-2d64-4203-bc1d-85b361da84fa,Good,5
61a2ae2a-ee92-4326-8a4b-5e6a3d07ad14,Nice app,5
cc340a3f-cce5-4ee6-b915-4e166fb124c3,It's very good and private app,5
1a81cf73-584e-4703-8c2c-7e051997d04a,Amazing app,5
64f01a2c-cae2-4fa0-befc-865a7be294b7,Great medium to show your skills 👌,5
12f041cc-8048-4fc8-b271-aee044d985ce,Love using insta,5
204d1f1f-8eb3-4d96-8c52-401872db16f4,Everyone all viral videos but not my,1
260ffc04-9629-4686-8132-4287b67591c6,Very good,5
99dc4f36-ed62-4abe-9123-007494c7280d,🥺❤very fun..uplifting ..entertaining,5
dbc231dd-d09f-4efb-a65d-97c5c73edc70,Nice,5
056869d5-6217-4b0d-8ee0-ae2b291c2408,"It's just a censorship platform. Many comments get erased when you didn't use any bad language and their garbage tech eventually deletes your account if you get enough of those. There is no costumer service to help you. Basically you're at the mercy of a bot and what it's been programmed to find ""offensive""",1
ceed54fd-db30-4f82-83a4-719e97c61cd6,Cool,5
abf5072c-7652-43e3-b52f-5d417ce594e6,"No longer updates its feed. Don't know why, tried all suggested options. No feed back from the site when contacted. Done with it",1
2c477523-3f2f-452b-91df-17edaf2dc7c7,I am someone who don't worry about people who don't understand me and my situation of real life but I just tell my self one day i Will win this farth this till Aman.,5
534bfdc4-cd0d-4441-bd52-c33334b895b6,Good 👍,5
8154681e-de99-4ddf-9516-b9443478b47f,They don't have PIP support,5
232ae040-1b7e-4ed8-a4cc-b69a7e3d330f,Waseem Khan,5
8f2be151-f036-4e77-87a6-bd439d4bded6,❤❤❤❤❤❤❤❤❤❤❤❤❤❤❤,3
97617488-4e59-4d48-8c24-d8998885dcb2,Very much for your support of the year and I'm so excited about it is the best friend is a great day of my favorite things that make a great time with your family👪 and I'm so happy,5
7c4cefa6-5ee0-4655-a19c-2383510ddc05,Why can't I login on any of devices it keeps saying wrong password while it's the right password but it goes on yo login on the Web version,1
f5c18937-a2a5-4859-a560-df9f28b555ae,Good,5
a7444f12-fc4b-4e56-a34b-500ddc4a0c2e,Excellent,5
72dbb6ad-1845-459e-a404-3f7472191c17,Nice app,5
0e4ee5cd-7a36-4198-9f11-595447c4d490,So many ads,1
ddbf098c-c861-4730-9530-f4701625c03b,zuckercuck agendist propaganda gofys,1
b9f2da2c-6a88-4701-a064-9abff77ca8d0,"Everything okey but please fix this dark mode, dark mode is not dark it's like dark blue. In previous versions it was actually dark, please fix that.",2
af1631d6-79b4-4c15-9937-ed812b1a65e4,IMPERSONATING CELEBRITIES AND BUSINESSES,1
df3beb45-6963-48f6-89a6-08de9276b245,🤏🏻,1
caff430b-42c2-45fa-82f5-e261f387ab8e,Lovely,5
4cba9ecb-a7f4-4409-bd3c-e3f2bf68ce0a,Teez,5
3eb5c943-c36d-423b-b9f9-2f9dcd272abf,Butiful,5
185b6011-2e7a-43ba-b6ad-8253b8bf52fc,Not able to access notes on my instagram account,1
586d291b-d010-49b4-9f62-f4559e21cca8,Instagram may life 🧬 bina Instagram ke din hi nahi gujarta aab I love instagram aor Instagram ko jo bana ya hai usko bhi love you 🤞😇♥️,5
81294afd-7930-4c25-bd9b-babce6420676,Bugs fix chey ra lamidike,2
dd7b5a16-27a2-4702-bcde-c6f6573c5e78,Super,5
7e623211-3390-4e79-aa8d-35593b27d5c9,Bro this app is jusss wow 😭🫶🏻,5
16ce997d-9ee4-45ef-b076-f7357d2de227,Good,4
0ffe5528-7946-401c-8d31-63685498a0f9,This experience is too much good than tik tok,5
a3df812a-b27d-43fe-bce9-bb5d8a8833ed,Good,5
44e4cd6b-d23b-4df8-a1b1-15dd46e07cd7,Sema,5
c332b395-e0de-435a-be7b-95609a3f8092,Include photo search for next Updation,5
1b6120a2-993c-4819-aa91-72e2c6d680c1,Nice,5
0ff90cd9-afa6-47fd-9c9e-4c25a3a23f2e,Please for god sake make the UI design back how it was 🙏🏻. Make it pitch black please 🥺.,3
08ebfd09-9043-4eda-897d-b28e274d39fc,Good,5
38237e05-4a84-498c-9947-1810fb5bc86d,Best app in my phone I love it so much ❣️ I can't tell ❤️❤️ about it such a good appo,5
30c05018-abe8-4048-9610-8e57439b86bd,It's was a very amazing app for new updates and for learn new things.,5
a4f97ce5-0e96-43cf-8722-96db74017ae1,my Friedrich Wilhelm you hi i,4
57c46dfd-3814-41dc-970c-cf83c1bf88c1,Too addictive and stupid,1
7204659e-6914-4ddb-9e09-c97a1ca2e548,Follow me,5
d10eff0f-40c3-4beb-a30b-d7ce6482202b,I love Instagram ❤️ 😍 💖 ❣️ 💕 💘,5
21131974-75e7-4800-a006-5dc6059110d7,🤙,5
2172963b-73df-4840-897a-06250129f1a9,"Worst app everrrrr, 😤🤬😡",1
ace6b285-3ab1-4d16-a94f-d41f277c0e56,Don't know what's with the weird bug in this app I can't see who liked my story and many other problems hate the bugs and other issues I'm facing,1
88f8bc4b-aa20-40ec-8517-8a79d84b8141,"This has worsened ever since, this app is becoming more useless days by days, and it's acting exactly like how they describe china ccp censoring the app. They want to control how many people I follow and how many post I could like for their so-called protecting our platform. I'm a cars guy and they be censoring me on what type of cars I could search for. Mark Zuckerberg probably sold this app to an entity. Tbh if I could rate this 0 ⭐️.",1
24485d47-4879-4404-be91-7272840e1fb3,Nice,3
a6e20fdb-9d36-49fe-804a-0cd2ba465d1a,Parfect 🙃,5
b6067552-f787-4e8f-bb54-36e486da4b1e,This is keeping me in touch with all my friends.,4
517d2aae-ad3f-42c2-ada4-df9505bd081c,Just filth and nonsense. Sesspool.,1
ca597bad-947b-4e64-bfcb-aa488fd77f7c,Oo my god 💙💛🧡🤍💜,5
df9d6245-6636-4d68-beb4-463193e98b3f,🥰,5
fde6313a-101e-4928-b149-3e670af7d141,So many ADS nd Bug,1
85bb13fc-ad8a-4212-ad33-276bd8cdc03c,Wonder Application,5
0a58b478-511a-46e3-a423-ac18323b9e10,Satisfactory,5
78915afb-2044-452c-8abb-104d7f595e86,Follow,5
f351c93b-159b-466c-8d81-5033f14de80f,"I hv a prblm wth the ""guilt trip"", ""gotcha"" videos posted on here tht play upon one's relationship with God. They are designed to entice one to ""like, and share"" wth others, and if you scroll past the video , thn a guilt trip abt doing tht is played on you. Ths Is WRONG, and should stop/ not be allowed. A persons relationship wth God is personal and should normally be predicated on whether or not they like, and share a video on ths site. Pls stop ths contact harvesting technique. Thank you.",1
8b40c818-2339-4465-a437-7307d14a9893,Thanks for the application of the ward,4
14ff8612-66e7-4311-a3a3-7cd572a1c217,"Bringing His teachings throughout this world together as one in Him, for Him, through Him, daily.🖤",5
fb5b84c5-4321-41a0-8b8c-2d0672696a61,Tapping on the screen when viewing a reel can either pause the reel or mute it. Stick to one thing (tapping the screen muted the reel) for god's sake.,1
0a1be116-92a3-4c63-aeeb-c5f793db9895,Absolutely terrible,1
7077d888-fc90-43f8-8411-43b499db6d55,NICE,5
489688b4-7025-44b4-ba69-17fd21dfa81e,Good,5
49f21261-7988-4c7a-9454-25ec5f93c866,اذا حبيبتي حظرتني رح اقيمكم نجمة وحده,5
a5f5505e-fb7e-49ad-b066-150046416a17,Great 👍,5
0cc3a957-18db-4305-b5f0-581dcf4031cc,Worst app I can't study,1
e0509efd-4c5c-4105-869e-1853bce8ab8c,Thanks Instagram for doing this amazing app I appreciate you,5
378b2da4-2be9-43ef-a79c-35b940b39ac4,i not found a boy to massage 🙄,1
14deeee2-fee1-4e2e-aff1-60eb568cbda3,Mast Hai bor,5
8342c02c-6dca-4d0e-9513-ab8cda747d31,Wonderful app,4
37e18e7f-fac4-4710-8ca8-93423b2c68d7,I would like to give feedback in negative... I don't know why I'm unable to Floor someone or Like a post.. totally worst now a days.. I really want you guys to get in touch with and solve my problem 👍🏻,1
c29f3430-cee6-489c-a9af-2ff11bd0617b,u r no1 bkl,5
10daf7fa-a515-4659-951b-4a421510cb1f,My Instagram feed has stucked from last week. When ever I open my Instagram app it's show's the same post at every time.,1
31ae49d6-995d-4324-abb0-c34bd9ba5937,The community guidelines are horrible and they barely check stuff. I had to report so many CP content and they just dont care.,1
8ec5ab52-bdbd-41f1-af10-4debae90817a,Its good 😊 👍🏻,4
79db796c-96e3-4008-bace-63936ba5bca9,Give proper update,4
1ca66de8-af7c-421f-b51f-52f97834f7a2,Delete,1
70e011d1-4ad0-40da-bd28-5960f160d6bc,𝘽𝙚𝙨𝙩 𝙤𝙛𝙛 𝙩𝙝𝙚 𝙖𝙥𝙥,5
f8482276-7934-4105-ac69-3582e1aaf2a0,It is very good,5
b6d42ab2-d91f-423d-8df5-f87ab4566225,Light!,5
9cb036f3-6533-486a-9096-181708e19b32,Good app maybe but so much glitch literally so much which cause frustration obviously 😭,1
16395f26-0791-4c88-85ed-b448b0342a9a,Wow awesome,5
e468f215-e694-43b1-9c34-e9abd39844c1,Not able to login on new phone,4
f9cdf5fa-18c2-47e8-bcac-c55335fd5dc3,Feed is not refreshing since 1 week after reporting so many time Instagram doesn't reply to reporting,1
96ba4e38-1555-458a-93cf-46990962fdce,Booooo,1
2a810080-36d4-49e4-8838-70146ee0bd03,This app has given new horizons of meetups and business.,5
22812b2f-d8ba-4871-a7d9-ee5ab774f938,Very useful this app,5
0fadec50-4ce1-4ae1-b635-9752ec8a4cbd,distracts me,1
39f24638-0042-43a1-b436-905319707e74,Best!,5
e31c8d3f-9082-498f-b808-364bcb1254b5,Pls do clear history,3
0dcef17d-8f4e-4015-8539-741877b8db2e,❤️❤️🥳🥳🥳🥳,1
75e79cdc-feae-4ea7-aede-166355d9e3bb,Just loved it 💗,5
4820bc3c-c2ec-4cc1-be7b-e774ef2ef077,This app is insane 🥴,5
d5ca96ac-009e-4402-9b65-b8aeed510a70,My good life is Instagram thnx so much,5
9f4e359e-a169-452e-b9f3-4a3b5c176c7d,nache apps,3
ab6d1b8a-208d-4909-869d-358b38fbab30,App good but needs to fix the protection problem people can ban your account for something stupid,1
821e52f8-9f67-4fa9-9a6b-ce91c630e840,Best instgram,5
dece6231-5549-42f0-a54a-d1c0d9dc37f5,Mere followers badao please sir,3
27dee62b-1845-4efb-b0b4-e6b40a8a79d4,My story keeps saying error when ever I post something,3
00b6ba16-a6ca-4d2b-9fc8-5224d61fe363,"Facing problems in sending reels, post It shows failed to send",4
90049fa0-04a7-49c3-92bb-b7be36870890,This is my fav app I like it 🌷💗,5
8837f26a-d8da-448d-b77d-51b27af2dc01,pls add to archive stories even before 24 hours edit: they did,5
9ca687ed-22d7-4b29-871b-6ab95446e193,I think this is verry good app,4
20365c66-e409-4fca-a03e-089ea9e82fd5,Instgram updating are very bad followers count is not updating so much glitch in the new updating. I am very upset.,1
2a321daa-6bed-4d91-90f0-9cfab3c64af5,Gii,5
a6ff2f1a-c3f6-47ce-98bb-dcc1b5d84bf8,I couldn't upload any story and I can't even like any pic ...????? Instagram is restricting me but why ???,1
de5c8740-23d5-44ec-b6ea-e132d1f0f4a2,👍🏻,4
1455f560-0f8f-4ce5-9090-713d0593440e,Arti chaudhari,5
acca379e-f440-4ab9-86de-bdcea3b76815,it's just cool and easy to use,5
a8110230-dab2-414c-8b63-34b3297569c9,Super expensive,5
dde17e11-5e79-4612-9b25-20dfe2be609c,Awesome 👍💯,5
21cb7365-061b-48e3-9091-ce6ac132e58a,Fun,5
6731592d-61c5-4fe2-9499-40c78f4ee3f8,Bekar h bhaiya me to tut gya😥,1
102c0222-e195-4119-b33c-08639c9c7f32,Ej,2
bd0ed48e-d69b-48c4-8a4a-af7f318d9248,Very good app lets go to download and enjoy the life,5
6ee8094b-5759-4edb-a3fc-9e6558d949c3,To,5
d83e347d-612f-462e-9c53-b87a4ea18430,"It looks like you're asking about Instagram. Instagram is a popular social media platform owned by Meta (formerly Facebook). Here are some key features and aspects of Instagram: 1. **Photo and Video Sharing**: Instagram allows users to share photos and videos with their followers. Users can edit their photos with filters, captions, tags, and location information before posting. 2. **Stories**: Similar to Snapchat, Instagram Stories allow users to share photos and videos that disappear after 24",5
67a817d9-1aa3-4108-9d04-3c2edcbb890c,Some times post will not uploaded,4
6fcf5fd2-b1f3-44d9-aa07-e7b1ce602695,🦋,5
debf9c0d-0131-4447-b7d1-cc23ab5543fb,Completely having errors in sending requests and liking others pictures,2
121eddc6-c13f-469a-ad09-122231e8dd65,Love is Instagram 💕🤩,5
db82ec5c-aed8-4576-977a-197946f6f812,Hh boring,1
1edbc6bf-2510-4c84-98ce-eb37b6be34a6,قلبي,5
02c96431-8f91-4852-a5f4-669fe88719f9,Naic,1
f4d85914-bf46-4785-b6d1-f7ecf14c5f42,Great,5
f756314e-66bc-4626-86d0-8703820c3fc2,❤️❤️❤️❤️❤️,5
adceca27-1c0d-4f0c-9976-20cf5aebc96e,I like it...,5
042a9c0b-6317-4873-8407-185a58887f9c,"Hello sir today I got a glitch in Instagram story, where I post a story 7hrs ago but there was no seen so i thought it might be a glitch that it's showing in my profile that's the post is live but in real it's not shown in others profile, so i post another post where people see it. Thank you.",4
2d2c7a22-4502-4d3c-9e2f-18934a0f09f2,🅛🅞🅥🅔,5
da09468b-7eda-4e37-aa81-577e7751fe98,The best among the rest,5
1a91e794-c149-4416-bc04-e26ba9feb7b9,I can go live when i want to at any time,5
c65e615b-5462-4f94-a789-a301aa4490e9,Raj mahor,5
059e18e5-4ed7-4b8c-aa81-3c325a9f5927,There is bug only for me i think i cant see the like options in the notes i cant like the notes or others cant like my notes please fix this bug as soon as possibile,2
336c59fe-5eb2-4571-9130-e5729c0ead09,Good,5
4949ab56-c1d4-43cb-adf3-757279e1bf6e,good,5
bc3d41a2-ad70-4805-9421-18da831aee31,"Stop showing me the same 3 posts every time I open the app for 2 weeks straight. Also, don't tell me all caught up on posts and then continue showing me the same posts from the same 5 accounts when I follow hundreds.",1
6c078011-e379-47f3-ab07-6044bdbe9e2c,my other account does not have the notes feature even though its been so long since it's release. another account on the same device has all the features and everything is fine. how can on account miss an entire feature?,2
8522d22a-2249-496e-86c2-edfbdadb6441,Very very excellent app,5
be0247c5-5c62-4c0d-919c-0c3d2203c65d,When this is very good app,5
4e04ecde-0162-42d2-b736-70b42d878c62,Not great followers bath hi nhi rahe,5
b81a9499-94c4-428e-a53e-6dcf9fb3a71e,💞💞,1
8152d699-1a36-4f22-992d-ba48912de9e7,Cjcjcxjxkd rock cncjcbxkbf the day of a TT the,5
22e7d83d-a6a7-46e1-8050-00a88c39dfe4,Thank you so much for instagram app,5
d5c221fb-9921-4d36-8a63-f243bb511345,Good,5
468555ac-7095-4f7a-82bd-45d987ab41ea,Very nice and very helpful ☺️☺️☺️,5
88b33b7d-85df-4caa-b2f9-e0c433492402,Ads are obscenely invasive. Every other post is an ad. Really ruins the experience overall.,2
248d24a0-8217-4eaa-b6d5-9a7143e0bb58,"Yes, this app is really nice",4
dd2503f5-4611-4fd6-9420-085454aa44e2,It's amazing,5
786d3834-4b3a-4388-b6e7-c54eabe943af,This app is trustful and reliable it also my best app,5
d044a63a-2818-47ce-9bdd-1170309b5a6d,"Tried to make a new account but was suspended! Not the people who hacked me flooded my account with offers of sex or drugs. If you are a parent, this site is a danger to your kids and teens.",1
732b6d76-952a-4093-bdec-50009d18ab6e,Good 👍🏻,5
aaf8d233-5b9b-467d-91b2-227afdeffcac,Good,4
81efcb27-6d4f-4fe2-ba89-fc8123caa8f8,After app goes on meta there are lots of bugs,1
720fa37f-ad67-47cd-842d-a12221abce92,"I enjoy Instagram nice to great ideas, check our new products. Keeping in touch with people..enjoy pictures from all family and friends.",5
07c02643-1b0c-4edd-a348-099b22560e12,"Stop refreshing My feed!!!!!! I know you are doing it because of ads, but here's the irony... I was looking at an ad. And now it's gone. Also....My comment was removed? What about the a-hole I was defending myself against?! Such absolute BS.",1
9731ea9c-e6d1-43c3-9ca4-b5848080f09a,Exactly,5
612c4dda-d6ce-47ab-913c-ac9517f05538,Ateek Ateek,5
ee52f587-9166-412d-b671-83180355a3da,Mast hai download kar na bhai .,5
4b726e13-84f7-4814-a632-b803603cf60e,Good,5
6b3ebf6e-0004-416b-95aa-58f4c0f4a649,One of the best apps ever made,5
8b977efe-58bd-40b5-97f3-38e5a5a0b7fc,Good,5
bf4bbee8-46ef-41da-b0bd-0b0dd00ab401,No follow no following ka Hoya Instagram sabar help me please,1
f18214b2-9ade-4918-8514-eca52eec08b4,there's a glitch every time i use ANY filter it just won't work. i've tried reinstalling so many times and it's still doesn't work.,1
8ad3e282-b543-4342-bc77-21d7bed8cd93,Very bad,1
88c1fbf7-aa60-47fd-b8ce-d6c9eb3503e3,Good,5
3ac8e9fb-ecee-4964-9148-5245b4fcda66,I tried to tuen off notifications on stories and other people's activity and i still get notifs. It did absolutely nothing. I will change my rating when you FIX this please,1
a95c8b44-3bf7-42eb-88f4-4fa4e32d7603,best,5
f921d5a0-4af3-4494-ac7f-e86f102a1b9f,Very very very very very very very very very very very very very very very very very very very very very very very very very very very very very very very very very very very very very very very very very very very very very very very very very very very very very very very very very very very very very very very very very very very very very very very very very very very very very very very very very very very very very very very very very very very very very very very very very very good app s,5
67eb17e7-ac69-4883-84a1-57b97f454af9,You don't like this please like 😫😫,1
3792ee1f-78f4-4085-923f-733c8dc60f96,"Worst app ever, alot of glitches and very prone to getting your account banned even though reels shared come from official news coveragle.",1
6969a15d-8ad7-4198-b6e0-6c7a8f52ab23,Most distracted app,3
4ac73979-ae0f-4731-81f6-0c7616c44189,5star deserves,5
c6812f68-5cf4-4126-9c6c-6e6a7c810614,This aap is very amazing 🥰🥰🥰🥰,5
2634a1f0-8143-44d9-9223-af0587d123dd,Snapchat + Twitter + Facebook + Messenger + TikTok = Instagram,5
4570dc12-b9c8-4154-a997-be910319d997,So slow,1
a67f0263-d533-41a4-998a-3b4030f61a23,Nice,5
83246df8-dc39-4762-995d-a58d5bc0dcde,I love 💕💕💕💕,5
f24dbb33-5577-4226-925a-239d2fc78fdc,I ask Instagram will my video ever go viral..good night 🌙,5
735e81d5-cc10-4c32-88f0-ef4410643363,This aap is my good in my life and mughe ise use karne me bhut acha lagta hai mai jyadatar apna time spend Isi aap pe karta hu,1
7de00379-7bbc-42d4-807f-e6f041a3166c,Everything 🫶🏻,5
eae0876a-a0b1-4fa9-94a9-2ce25f179d0f,"what is this, there's a mimic in making a avatar in Instagram. it almost made me to have a heart attack it's so scary, it's already 2am when I founf this mimic.",1
f57578d0-8dfe-4e37-8406-624d6967063f,😁😁😁😁,5
772b86ec-77cb-4e0d-938d-dae225242018,Gg uff IIS,5
c40e4b65-e28c-4683-810f-76f158edb06b,Super 👍🏻,5
ce835eb8-1261-45a8-8917-b66675009ec5,"It is not supporting my phone, it is glitching",1
67f310cd-c736-4176-9564-267122247454,5stars,5
a2c36f77-321b-4dfd-8610-b72bee09ff3c,😎♥️,5
3a07475e-c410-45e8-9732-b3be270578b7,OK,5
746b05ad-7983-4981-a00c-6a3433679b55,Always problem with password,1
3823b2be-8f84-4f7c-bd97-87cebf3eed00,Editing song on n old post i have isn't available! Either changing or deleting the song??? Let me have the option to change the song cause once i chose song by mistake or even a wrong part in the right song i don't have any option to edit after that!!!,1
a7b6d067-3451-4666-aa09-62f9e7c66690,Good,5
1ef78576-ce48-498c-b2b6-84f6abed8758,Good,5
2c16a5f5-6fc6-48dc-956a-158650beab26,Nice,5
68579674-1833-4800-96e4-7afee33b45f8,Instagram is the best of social media apps😍😍😍🥰🥰🥰🥰 inspired me instagram,5
6088f723-449b-4fa8-88de-ca3d0edd678d,Accha hai,4
75a7d635-f36d-4f57-907d-a42b0ed91a38,Fully time waste on this app,5
e1401552-5074-42d1-93cd-6b3f8225d69a,"Posts that are clips or videos are not uploaded in the story, I want help, the story has problems and bugs",1
6d5fa3e0-9731-461f-a905-7718d6a641ec,it is osom,5
dba2c3f5-6cb8-46a4-830b-876c43b13170,Gud,4
6d15458d-e370-4ce9-a99f-32001093514a,"the worst! Now you can't even ""like"" your friends posts anymore lol what an absolute joke. A limit on ""likes"" imagine that. Unreal.",1
cea66bb3-1ffb-409f-a35b-81847c6e36b9,good 👍,4
5f1ebf0d-b81b-4d39-bbf0-8d1798af6392,Bhai bda sahi app h,5
c4861285-02d8-42e4-8e30-ce697c04ce84,Its very nice app My name Sæjid,5
c80c830a-87b7-4b49-88ad-c253975ad205,Banned 6 times for no reason,1
d8fa90cc-3c6f-455b-8b19-1186804046a4,because yall took my account and i dont have an id im 13,2
43d56f50-6d40-464c-9148-e625e2b11246,G gr tr y uh ok lo kg be br xa in V HV TV,1
627bc54e-6c57-48a3-8e99-767575e0d050,Osam,5
25af256f-7234-4e9c-98c9-2a1d60eacc27,Very nice 👌,5
581dcc3c-43cf-4ee4-b09f-70a2db093d41,Nice,1
87c86dad-9cc7-46ec-a8a6-f625efe5ac42,Nice apps,5
a9d7f6f9-88ed-4d2f-a87b-27ed7adc53a8,🖤,5
0e1dea1d-165b-4dda-bfec-49b3398bac55,It's good,4
f56f7ba9-ba8d-4143-bffa-11b71fab8856,Life changing experience,5
1858ad96-55d9-46d3-be90-62f32d894bde,🌙❤️👍,3
c8375622-6abf-4a6d-986c-cdde41e0ee6e,Best app,5
ad4a4d6c-e979-4b9c-baf5-903c458d068e,Keeps dropping out when I try to add 5+ photo's,3
18f142b5-dafe-45ef-9b05-a0c22e92b16e,It is very nice 👌,5
37bf7486-d871-45b1-8ad3-41ea5fc0675b,Very bad app,1
4168eabe-eec2-4ccd-a81c-cdd9552257f6,Sahi hai,5
4548b3fa-88e6-4760-98ec-fb2f35d82cd3,very nice app,5
bfb22905-fdc0-4ebb-af66-c0c622f791fe,الله أكبر,5
b068485f-4e55-4157-a8b6-f0a83d880f6c,Good,5
126ad19f-fc53-4861-877e-1846ebf3819f,I have samsung galaxy s24 ultra i shoot my videos at 4k 30/60 fps then i edit them in capcut app & export them in 1080p 30fps with recommended bitrate after that when i upload at instagram with the upload at high quality all my reels go bullry so i think its the waste of time,1
c35c4bce-bdf3-4c80-87b3-50915dc562d2,Good,5
69848ec6-856c-4ce9-953b-08505a82e3d1,Bon,5
6db5990a-3182-4a4d-86e9-a5f5b8716bbc,Amazing 🤩🤩🤩,5
1e9a8a88-52bc-4818-b5da-5ad6b4a47d33,TAPASMOD,5
f0b632a1-2796-4763-a023-373b00ad4f8a,Very nice,5
2a2fc5dc-b222-4645-a90b-140626c67bec,good app in Instagram id 1 million followers thank you Instagram,5
78deb646-3548-427b-a4d8-fcf1fa617d0b,Nahhhgh too many thotties,1
60bacac6-5be9-4e02-875f-2202ca1390ac,What I feel,1
d6fba313-f287-4482-8183-964b8522ef2c,500 main Instagram bik jata hai neela neeshan lo,5
0c97f40f-0837-4d54-92c4-dd57b97d3262,So nice,5
b19e2569-2905-42b0-bfee-444e41a03dc6,"Hello sir mujhe apne Insta I'd ka 5 din ka massage recover krna hai vo galti se delete ho gaya , usme meri kuchh niji jankari hai jise main vapas Lana chahta hu , kya meri koi madad ho skti hai, mujhe Mera chat vapas chahiye",2
9444ac3c-ecda-4397-9a74-37333bac3835,Its fun to be able to share pictures w friends near and far,5
80ac2f22-4d86-4456-8567-460fe5588278,Superb connection of social media,5
0fa2cd96-9d3d-4051-b7bf-7c04457fefa0,wonderfull app for follow interested content,5
6c6a224a-5e9f-4e79-8d39-f741b840096c,I can't save some reels 😞😞,2
dd8392da-45e1-471d-898c-f1462916384c,Good,5
7a95b4ba-df91-4b45-b741-c8d75f1f8774,It wa so fun to use Instagram,5
fb63d3ae-45ce-44f7-a942-484fe8f85813,Nice,5
2551068d-f4c5-4a8b-b44a-eb2e7452fa27,𝔸𝕞𝕒𝕫𝕚𝕟𝕘 𝕒 𝕓𝕚𝕥 𝕒𝕕𝕕𝕚𝕔𝕥𝕚𝕧𝕖 𝕓𝕦𝕥 𝕚𝕥𝕤 𝕖𝕟𝕥𝕖𝕣𝕥𝕒𝕚𝕟𝕚𝕟𝕘 𝕒𝕟𝕕 𝕪𝕠𝕦 𝕔𝕒𝕟 𝕞𝕖𝕖𝕥 𝕗𝕣𝕚𝕖𝕟𝕕𝕤 𝕖𝕒𝕤𝕚𝕝𝕪,4
8d1f6fe8-5ad0-4a5b-a689-ea5275b64bfe,Good,5
13be2491-f20d-4402-9034-f0dcf8b075f1,Sehajpreet,1
66373672-dc40-40ec-9a34-e56d6ae8d7a9,One of the worst application as i have raised a ticket for a problem on Instagram and it's not yet solved the application does not work properly as well One of the worst service ever.,1
dc4b8504-b5d7-4c32-853e-ba33aa3359ca,I will use 3 years ago,5
9cf0b03f-b827-48db-b947-05cda3674feb,Intergram is the best especially it's a nicest platform to socialize and learn alot,3
4aaebdbc-674c-45e1-ace3-f3d318ffeaa9,Good,5
3f5feb99-ad0a-4820-9de7-0e964eb078ab,Nice to app❤️❤️❤️,5
3621d23e-f750-4916-8a85-77eecfe5c771,Nice,5
ece73134-e9ee-44c0-961f-20c6667c0173,❤❤,5
87fae92a-e2a6-451a-9639-079f91f53f06,The app 🥵😞🤥🤢😭😈😂😅🥱💀,5
93f8de89-9b64-495a-aa9e-de503fdbab92,Very good software 🖤❤️‍🩹,5
45c5ea50-3ea6-4a6d-8b18-04ada2999f5a,Great of all,5
9a82bdc4-d2f5-440a-86e6-b443ec1e0a6e,4 Star,4
dd54747b-cc13-4c9f-b0ab-69ea7840c136,Nice,5
ff524386-eec0-43d1-a5dc-17c4fec60321,It's good I can connect with friends,5
eb7435fa-7a4f-4768-bd44-0bda05e67989,Tamik,5
cb5cffc4-e48c-4aca-8a68-c2fc2ed87017,Average,3
148983ac-40fa-4685-8b10-971a988b3e9c,6 letters Love it 😀,5
4ae88041-849a-4e4b-9b84-543c3a2d5cc8,Good app good status downloaded app,5
a9db1756-71b8-4779-af8e-0197ceeabd36,Badiya,5
7536f811-837f-46e6-b8cc-74107040d6bb,Best,5
27791b3b-97bc-40b5-847a-6a5164a6a2d6,Super,5
2d512668-7f3e-4ab3-9059-b78a9e66d55f,Good,5
81e5bc1e-a837-4830-887a-48fc0514d8b7,Nice,5
59f5b946-55fb-47b6-814c-ff940ef3e970,Lo🤣😚,2
f5d77894-833b-4470-9d5b-10abb41b9505,Please round story,5
f3ec5c0f-0812-4949-85ee-2b7b9536332d,good,5
0f1a04d9-c21b-422d-bc0a-b9e4abe6c17c,Prdep,5
d577de3f-b5f5-4938-b9b6-66d13f9ddbae,I need update,5
0671e6b6-892d-47e5-9732-6787ae722fda,Good,5
2e6543d2-5f17-4c5b-8730-cb9f1d495874,"07/06/24: Why is there no option to turn off the live drop down pop up notifications that appear at the top of the screen while using the app? This includes everything from contents of DM messages to if someone liked your post? The only option is to ""PAUSE ALL push notifications"" and that still doesn't stop these from appearing while you're using the app. It didn't used to be like this.",1
05bf8839-3ea1-4925-bd55-320684da2d5b,"Top way to start own media, biz and blog. Perfect tools",5
64942a45-71bd-407e-863c-d7e23de91114,Ok,5
0403b1aa-59e5-4b54-a743-fe12634773d0,Awesome features,5
afa112eb-6a68-45ac-acf1-00b82ff22b13,So boring I couldn't delete it,1
30744196-1303-46a1-8209-9af007244d31,"Fantastic application. It has been improved a lot over the years. Now, both the desktop and mobile applications are very proficient for every content creators' need.",5
dc70f5f8-96be-4dab-bde4-657b373ef81f,"The newest update make me cant turn off the sound of the content, that is a big inconvenient. I choose insta over other bcs its not too loud to use, yet it still modern. But, whats about the new update rn?",1
2ddca2fd-ff84-434f-ad7e-6cc8c482a289,Love it🤍,5
cbfd20e1-e15b-4b22-abdc-805059d28245,Super app,5
66dfc94a-f79a-4469-8f8e-6507e2ac9cee,I love this app,5
2491fde1-0468-46e4-b853-37a9c47ecbfc,best app ever,5
0d8e7f55-7283-4dfd-a211-8a43da38ddc3,Too much ads Sometimes server will be down Too many ads which,1
f1bff2cf-662b-4c0f-a225-524ab9ea60f8,Very nice app,5
070cf8b6-7aca-49d2-8e84-b0f3f11e43e2,So lovely 😍,5
051989af-b577-4c9d-a4ea-222438bbeadf,I can't open my account from few months,1
59dbffef-bc26-4815-9561-693dc6ef8c2f,Why does the UI UX Team add unnecessary changes and remove necessary changes?? Like literally why?? And why is few of our accounts updated and few of our accounts not updated even after months??,1
3561ed3c-ae02-4584-b5b8-9edd0637f881,please give rounded corners story otion like ios instagram in android,5
f4cda295-758f-45b5-ad2b-b8ddcafca229,Super,5
d4f50c8f-d004-4bc8-923d-e352d86cb3c0,Hurt ganb,5
ead5436f-30d9-4279-a7e7-d89a3835153f,Vikash,1
e84bae1c-c170-4918-879d-ea265e495cdb,Good app but giving more bad things,5
862bbd42-2293-4dc5-b032-9045dd178c5a,Nice,5
901373ea-193d-4480-98ef-f92947061e72,Super,5
2ae8204a-f835-4f80-8043-8fb1e829edec,Nice,5
eb7e9e24-e824-4bfb-a312-1d56ff672b89,Wonderful experience 💫,5
5a45ceeb-7f24-4b14-ae1c-4a3f4d3ed065,Good to use,5
dd751bc7-ec37-417a-964d-6201a7da96d3,Mc.,1
0407f408-1678-4051-9092-e54518d13528,Thanks 🙏🏻 Tomorrow we friend enjoy,5
a420adb9-66be-4269-9938-73e98b19aa0c,I just love Instagram because the friends of my previous school I got on Insta,5
ae1b3fba-f9cd-450e-94ed-9d0aafc2782e,It's secure and greatful app,5
6fce8b9f-3021-40c1-8ec6-246f986ddd4f,I like even my whole family use instagram and post it and it is amazing 👏 🥰🥰🥰😍,5
5e9d9d49-75ca-4202-a4b8-45b8ef97937b,Very good app for entertainment,5
af623471-3269-4162-858f-1ea512fa338b,Lokesh ✨,5
6eae3fc8-1836-41e2-a0d6-5759ba6f5afb,"After new updates, Instagram not working properly. Showing 'something went wrong. Please try again error' whenever I try to share videos on story. Also, no option of Add to story showing on any IGTV videos (which were in IGTV format before reels). I tried to fix it by reinstalling, removed cache, removed 15 gb storage from phone. Also, tried to upload through browser. But all didn't work. It's urgent! please help...",2
2952f6a7-9cff-4947-ba3f-847a9f595286,Clear.,3
2b6d3c6a-752b-47b2-a414-548cc83392c2,Good 👍,5
2b7c46bb-23de-42f1-b4e4-6a264fc55930,I really love this app it's really good I use daily and I am a writer to its good for all creatr,5
cb30cf47-0ed1-4ad0-93b6-0058948bc6db,Very better good very good 🙌💕,5
cd8ad96a-8a43-4180-bf5f-b0932635796f,Good,5
51d1f80c-e100-46ef-aeb4-e1a362c2eaa0,Excellent,5
f67596bc-77cb-475e-beae-d55b8a00950d,Very nice and super,5
7af21ee8-f4cf-4d0c-895b-4a6ab7b3b32f,Everything is nice in this app except this....if a person see a video it shows liked by option....it is the users privacy....may be the user doesn't want to show that he liked that video to others.....And Same about Saved videos....Some users heard that you are applying the same option for saved video tooo.....It would be nice if it is not visible to others that the person saved the certain video.....Thank you..... Except this everything is nice!!!!,4
ce777043-bbed-46af-9b2a-5dc2552391d2,જબરદસ્ત,5
e696fc79-9b87-4be2-a3da-033d144b8396,Best wishes for the sociAL media,5
ae5187be-a34c-44ee-bfd1-132d24cf73d2,Sir mereii Instragram ki video call or live ki video nhi chl rhii h usko thik kiya jayee plzzz 🙏🙏,3
6203244d-926f-4c19-8529-93565c36953a,nice application,5
7c4db5bb-a56c-480a-9cf0-41aabd632aac,Mast app hai bhailog,5
ea54e528-96f2-4f7b-9ce9-3830b6969418,Bhai delete kar do koi fayda nhi hai 5sal se inshagaram chala rha lekin aaj tak kisi ko na ptapaya,5
5ff6fc26-059e-42ed-acaa-057e1075ad38,Good app,1
64d09a4f-a4ee-41c7-bcf9-6c9ea6970ffe,It is my favorite app..,5
c7028c19-38d2-4087-b604-e343cc7ed914,I am so happy,3
7e06e34f-1e2e-4846-9888-d947206d900b,It's good,5
cadc4bab-afcc-461a-b646-aa31af3354a5,I really love this app,5
ce11c8ea-6c32-4f69-a169-cfc72a44b66b,Instagram refuses to change my email!!!! For months now.,1
aedb0ea7-2260-4bfc-a4c3-b0a17e97d5bb,Good Nice,5
59d6cba6-c163-4270-ac79-7049b277d341,Quiet addictive,4
5c409bc9-d97d-4034-b660-74d4844da840,THANK YOU INSTAGRAM AND SEPORT ME PLEASE MY BUSINESS ACOUNT 💖,5
818c8ac3-e673-4d94-b16c-c7298ff2b31e,Op,5
d3c58b93-c82e-4f16-a276-f99a1f920afb,Entertainment and knowledgeable 👍,5
d6ca7965-3717-499a-ad9b-62b6935d2d54,Good,5
05bc216d-faf8-41c9-aa1a-edd86967f398,Its very good,5
3747b0e6-bc8a-4008-b00e-71467ea84ac2,The best apppp everrrrrrr 💛🦋,5
56beb1d5-b4f6-457d-ad1a-a79394c8dd11,Best Instagram,5
08a55e32-d9ed-491c-830c-740f1bb7c2f0,Nice app,5
b10ec99e-9bbe-4d38-855d-4874ee17abcd,Thank you ♥️,5
822be546-c82a-4070-886a-e746cef26092,Nice,5
d5e79976-a981-4aff-865b-37201b7ad7e4,Thanks Instagram,5
94150cc3-113d-4406-b4b6-1d6b9407ea70,Is not working Is not open Instagram,1
5f90d1e7-feb4-4bc7-b21b-6e6896c02f74,Wow,5
af0fda9f-c3a6-4d88-8c8c-c7f9e14cf9db,Basura,1
c5f8daad-48d6-4aaa-a3f9-74b48715eac5,❤️,5
af94dab4-18fe-47f2-bf55-fd98dea60cdf,Sonu Deewana 💔😈💘😈,5
9fbdc65f-473a-42ea-94f0-a1e7512422cd,This is intertainment application and helpful from sress,5
9dc52e3c-5fb7-46db-ba11-99cdea914a69,Would like to have history button to show us the reels we watched.... something like YouTube shorts.,5
1a82d6c4-3c74-4f41-804b-6d909e4936d0,Looks like they are only showing comments you agree with now. Very dangerous. I like hearing the opposite side. I just went to find a comment that disagreed with a post and it's only showing agreements now. Booo the bubble.,2
1b77a2ad-ff3b-42ef-adfd-a4ea0e07db5e,Very nice,5
b455e74c-b067-4421-a6d9-2a98874ccfc1,Saport my reels 🥺,5
49d26754-29ce-4165-add1-b66cf9c33264,This is amazing appe,1
57a6ee6a-8429-4778-a6e2-952fa0790abd,This app is only for chapri boys don't use this below 18 childs🙂,5
42760508-6c69-473e-988b-a2736f7a5fb6,"The notes feature not showing up, even though I've updated the app (not only the notes feature but so many features still not appearing)",1
fc0e2a0a-343b-42f8-9a75-029325729874,Mujhe instagram pr bahut achha lagta hai,5
7f428a9e-c7c3-4c26-944a-108a5329bfaa,Bad experience,1
b642ca9d-ad9e-4382-864b-d26a2c8edcf4,Firendly enviroment Easy to use,5
bac3a2ed-9ad2-45a5-8103-18b76923dfd6,IG,5
1745d576-b063-4077-ab05-e4b8ddb9865a,4/5 coz miss kona sya bye,4
536fd43c-a700-4ab0-8d31-fa6d1dc84cbb,10 -10 Instagram is love,5
f1e674d4-bf75-4f46-a5db-05d07a23a022,Meta - Sync your profile info - error - something went wrong please try again later,1
1c8f1970-b59d-40d6-983c-a5ef23391278,This program is so sweet,5
4472cdae-6289-4d22-bcbc-0bc26f5cbb58,Nice aap,5
5bfb8702-2702-4c2c-9ff5-f775f670b352,I can't create a new account,2
fd261616-6671-4149-b1e2-7835dc0c47ab,Bohot acha app hai,4
18ecfc55-e9bd-4fca-b86b-2828fdad8aa2,"This app won't let me unfollow people and they even say that I'm a bot because I want to unfollow people. Like, please fix this instagram becuz it is very annoying you know, not all people is stalking you know, if we just want to unfollow our ex friends or unfollow people because our phone is literally glitching.",1
f3d89f8b-82fc-45ae-9d23-45181ce86456,Mgdi,3
861aa0b0-c525-4386-b45b-84df7f17d811,Thik h,1
34291fe6-385c-407b-bd05-3201fcca4dd5,sahi hai,4
700a9c83-7cf8-4dcd-889b-d31d163abf74,🙏🙏,5
66f054ea-6402-4499-b7c8-7f9a0872e592,Best for communication,3
a0dd7f01-4139-431e-a612-1f5bf5db522f,Instagram is the most expensive app,5
cadca651-c624-430c-ab70-ee284a00f70b,Good but my reel rispons me to,5
8efc137a-347f-44a2-963a-df14c86b21e2,Back to Instagram,5
363245f0-e35a-468a-b90a-92d36c65ec96,Very best app,5
f79c2e2e-5bda-42a4-8dfb-06772b7da73b,"This is a very Nice and improved application it is World's Best Communication And Eraning Proform Also, Love you Instagram 🥰",5
4f3df8f6-4dbe-4bd2-b2e7-90057bfc6d49,Very interesting,5
21cb3394-28cd-4538-9b0c-6d8bbcc6b2d3,Op,5
b727166c-248d-4453-b73e-fe7ad36d783b,Worest app I never before seen,1
dd4ee3fa-dd4b-44a8-969f-075e83b76e11,It's soo glichy i can't handle this app,1
947b420e-5140-41e8-a6c9-1cf4b542f13a,..č.žžp?.čččč9č.oččččččččččččo?---. p-.p-č?č.očččččč.očč,4
c31a3bd9-0474-4481-b628-e31aeb66988f,Best app,5
d6e13c60-5fe7-413c-8114-cf206afa67f2,Nice app.,5
500f6a1b-c105-4091-921b-25e959d06930,Goog working app,5
2cb918df-ed7f-43a5-a243-c500d034d7b6,when i write a comment of 4 to 5 lines... Instagram delete the comment and give notifications not following community guidelines... and said i am trying to increase followers likes etc etc... please review comment correctly..,5
1c4235f4-a034-4c10-bfcc-708b9937c4a4,Ok ok,5
3d2c3c22-c18c-4416-b1bb-bdaaba34def7,I don't have the new notes feature on the app for some reason.,4
68649857-8e9e-4927-ad43-a7c616a115be,Nice Haa,5
c5078a3f-649d-4130-9514-14d8f8c28b47,So nice app,5
1c7c0857-9d13-4ff9-a6f4-d6ec0ea5a535,Opp app,1
889b8066-77a7-470b-9d1c-645e4224d6d6,Très bonne application franchement,2
46fff892-712a-4a2a-b758-11e4f1e37aa9,It's is a very good aap 😊,5
dff2233c-9b33-4b9d-9770-71a8b6ff44e4,Good,5
205c6ac9-3d53-43e8-9855-28b733744967,Idk i jus created dharampal meme,1
0dec4c20-e1f1-4a2b-8d83-21ff1e82d122,Nice aap,5
d77b3584-01a0-439b-b213-90743a7ecbb0,Best,5
a95d65a4-7bce-4555-836f-d5b2b98a5e18,Good very nice,5
eddcf9e9-3564-4b41-b5a8-8875dc00ae58,Good instagram ❤,5
3e4aff16-0f5b-4931-827e-8a343f78ea68,Nice,5
f67014fe-dfb7-421a-831a-b461728c0b4f,Instagram is best app data is used full enjoy for day,5
381ba2d6-8b0a-48f1-bec3-843aa6994617,good,5
4c28131f-abbf-4b7a-bddd-d306d6c61709,Instagram lovers ❣️🫂,5
c67280e1-b3da-4a28-892d-dea8fea55279,Just love it,5
d44902a5-c53a-4bc5-9c1c-b139ae51f752,❤️,5
281ee92c-1a5a-4545-b193-a933bb6fbc27,Vishal kumar,5
5c21624c-c656-45c9-ad75-5f742c274917,Love this app,5
49f550b9-7441-4534-8b38-3b7630efec92,This app superb,5
37601c94-31fe-4dd9-89c4-083d6d3f2a33,Time wasting app unuseful app,1
376f10de-c2e4-4065-9cc9-26f062f8745e,good,5
9b8f1a4a-e65b-43ec-9952-b4818cbb7dad,This app is best app .and save memories with homies....,5
1dceb4c7-0904-43a7-9ef1-e06064bfdacb,Deelipgoswam,5
976b1ec5-5ee1-49c2-bdbc-5c138f76797a,Instagram is a very good app,4
abe9e17f-6efe-4826-baa7-7fe7d2dd806b,Enjoyed,5
609efb14-b1aa-491a-ae09-fc1012d48dc1,Good,5
16c94a26-2f49-4cbb-8fb9-5782d8e3c079,Been trying to log in for weeks and I'm still getting the unexpected error message.,1
4756f608-40b3-4c0d-83ec-60cb97077083,I like this app very much,5
9b09e423-ccf8-4922-acb6-c7227da9751d,वे,3
4ceb47b6-676a-4976-92c4-d16c0289d258,Yh bhut accha app h kyuki isse kisi k bhavishya badal sakta h yrrr🎀🌼,5
e9ad7c10-cabd-49de-87b9-107fc9df8af5,🥰,5
b9a7a65c-c575-405e-b650-043a2cf1d98d,This is the best social media app,5
8256469a-e515-425e-991b-eceb3483711f,Nice,5
affba24c-acd2-4a76-aef7-ee71d6150a26,My favourite app,5
2ae5b472-264b-444b-9318-889f9e22c2fb,👌👍👍👍👍👍👍👍,5
8468583c-f916-448a-9e71-86c1e08f99b3,I can't even login into my account from last 8 month why its me I don't know but now its become a horrible experience now Instagram is been better day by day but I don't think so 📉 i literally don't want to rate it also,1
10928b31-d6ff-4fc4-b7f6-19460d5c6079,"Instagram function is so frizzy,, otherwise all over is good 👍",5
210735a8-769c-4201-adee-ab901d9a1fb8,Super app h,5
3f05bbcc-0573-4894-9ca6-909fbb2b311d,Great!,4
85795a26-bca3-4a3a-abaf-14b55568e93a,G I uh,5
fe269681-f3a2-4c59-91d6-4f6e7ba52e0c,Perfect app really happy to download this app💘,5
c038f0c6-1fbe-48f0-86f2-d8f21ecef294,The worst social media platform I have ever used. I will never use this social media. My accounts are suspended without reason.,1
9a7655ae-2fb6-432a-91fe-f12f35ee4e05,Good,5
0a7b2e33-0d4f-4f85-984b-310b2d304d0d,Bro oru ponnu kuda ennoda I'd yee pakkave mattuthu bro manasu romba Kastama irukku bro 😭😭,5
b40ecf95-6ff8-49c4-81a9-0c9da2db3ab1,Awesome,5
f2b10291-d6a1-42d9-8f34-04f686fbe7d9,Although it's a very good app I don't know why Iam telling it cus more than half of world uses it but I'm still not satisfied with the hidden settings like share across accounts My son shared a post about him and his friend and it automatically got posted on my Facebook so pls make sure it won't happen again and I appreciate the app,4
5925c114-cd63-4380-ac4e-600c585c4e3b,It's best app in the world and one request for instgram manager plzz gift me I phone 15 pro,5
2f880cbe-a36e-4991-9038-c9c02b25bbbf,Hatred ygt,5
4356a6bf-85cc-468a-ad98-12d62deaf016,biltu raj,2
24123a78-2275-47a7-9bb3-4762e058380f,Bas ye app bate sunta h,5
5785526c-eb97-4210-a200-8454b49b20fe,👍👍👍👍👍👍,5
b4ba9b2a-a1f8-46c7-be80-3df0419df0b9,I love it,5
b043031e-6801-4015-a5c2-e08f45caa0c8,So Good 👍🏻,4
1135d96c-ce92-4d61-8539-8cff18823343,5 Stars To Mark Zucherburg & The team at Meta! For bringing this app to communicate with my friends & relatives! I've been using this app for Years! 💙🤠,5
7edc6e8c-efce-4c8b-b41e-bb8b5ba534c3,Nicee,4
f2e03bc6-b251-4090-b8fa-8e0eecab681a,awesome,5
25f76038-a485-4006-bfc0-ae7db864cc03,Good,5
e477a598-8bda-48c1-b55f-ffae07aea05e,👍👍,4
103985a7-be1e-42b8-a6f5-586fbd6b0b5f,Hlo iam kindly request my Instagram is not updating I can't see any update option in play Store I need to update please check the issue,3
b9d2de05-db10-4784-9c63-393ff0b8c5a0,Ok,5
73fd21b3-c82e-4619-85f4-ebf1cec7d46e,Seriously Questionable cross post privacy behavior! Posted on Instagram for a brand account and the post automatically cross posted on personal Facebook without enabling the option.,1
ec9e4370-c44b-4a5b-b661-14a27bf8a88f,Nice to group in you future,5
9c4bab6b-5c1c-4da4-a4ab-3cba37c1218e,Not viral video,5
3bf999bd-6e81-4cfd-81c9-7906c3db594a,Pari,4
4e0106d9-978a-4b65-adaa-ec0bb042a815,Good enjoyment,5
b708b308-97b5-4f6c-a1b4-6e8d5934ba75,Zero stars if I could,1
d01c418b-244b-4ec6-bd61-5111428f5e81,"Me encanta, deberían arreglar la seguridad ya que cualquier persona puede acceder a tu usuario",4
d6312318-034b-4d72-8457-891bad2f35c7,Hematn,4
e805d01c-cd3f-4d18-b1a5-7f621a1202a2,Good,5
ecb51154-ea0d-456a-8b0d-7e6e0e1b8993,Chandan Deewana,1
d6326b19-b0ef-40ce-b57f-0ef944542d25,Good,5
3bc39025-96e8-4dfa-8874-d2f3a3cfbb4c,Nice,5
574efc15-e0e8-4f80-8aba-506ccc8fbcaf,Nice,5
ff308554-6469-4022-95e1-36bd795d5b6a,Best aap,5
1aa49f20-0262-4e03-8881-fc9a68d5a94c,It's fresh our mind,5
8007480b-bdb6-42ad-a50a-4488b0c93620,Best,5
ff057318-34db-49a0-9596-c0c6e85a1ea5,Veery nice instagram,5
d2e33f82-a8a8-4ce1-85f9-5bcf6ba1b57e,Nitesh Raj,1
3aeb5a5e-12d5-4a2a-85b4-d303f69ebf51,Just awsome 💗,5
11298f28-e09a-46a4-982c-5d82efb63823,Bahut acha ji Very good👍,5
2e9af0e5-79ad-407d-aedf-46b6d664ccf2,amezing next level experience 💞,5
a7a91c27-b3c9-44a4-84cc-6178929bc577,Op,5
ad9944c0-54fa-4adf-af00-97a7e41f1c2f,Good,5
768a9d11-1b73-4d7d-af79-fa99f5da53ec,mest he bhai jordar,5
d1d75d4c-de6c-4b52-a95c-270dfbe4c6bc,Super.,4
fbfafc55-4e9c-4479-9fcf-c586633f6dd8,I love instgram🥰,5
c54d374b-8682-4bbe-8e28-b06ea8c543cd,Very very excellent app❤️,5
47330103-0f50-49b2-b616-04e94eb74f6a,it's aight,5
743ab154-8b9f-4282-bb25-28595e0e5f53,"q,",2
86b04e78-3801-4583-8b69-f0c865a1de9c,Bhaiya,5
b58ee65b-4d39-46a6-b0dd-f52dad478738,We removed your comments problem please solve my problem 😭 sooryavanshee_ji07,3
134de944-2cd4-4b2e-af64-59b12ef6f9b9,Nice work 👍😄,3
844437bd-9c61-400e-bef9-0e3941aacca9,Nice,5
241af803-f782-48e2-b3c3-68aecc617e85,فوق العاده,5
7f58b828-8ca9-4c83-a36c-2354e840f39a,It's really fantastic aap for this and new generation 😘..,5
dfc4eb6d-9cc3-488e-a1ea-cc1c82c731ff,All good but i need Blue tick I have no money give me free please🙏,5
3d14921e-1113-405c-9229-54d935785cfa,Excellent super app Nice socialmedia app,1
bc029901-23da-4b36-8049-999a06110f47,it is not useful app but when I runs it i fill up with joy,4
50826fd3-31e3-4d4c-9bb4-fcbc1cf0a949,Good app,5
a7bb57b2-60f8-4fcc-96aa-35d93974e8e0,Nice,2
fcf839e7-4201-4dc9-bc94-2358ffbc9f25,Bekar app hai ek gf bhi nehi pati 😫,2
3a5ec860-95bf-4e0b-8890-28be9e2bdc1d,Kya ghatia app hai ☹️ ek bhi ladki reply nahi karti hai Don't Install this app,2
61033df4-0c36-44c4-8b4b-365baf36268a,🥰🥰🥰,5
7cdbe488-5fac-4990-8263-921a3cad9fe8,Good app,5
68cd1ac1-e77c-46f0-a7ba-c21dc514ff81,It's engaging,5
ce3ace4c-c01c-4a30-8328-5393b7da369d,bless,4
e13ae88f-b505-4602-abf6-d62a7f8b2316,The screen freezes everytime i press back button or try to go back to previous menu... Started after the latest update...'Instagram not responding' keeps popping now and then...,4
50949490-704f-4be5-9b19-dcd1ae9a8802,Awosam ❤,5
45da916e-eafd-45a6-a579-ca9f0070505a,🌼💯,4
965f6edf-3f6c-4e61-bffc-f694cb4dc0e0,Very nice,5
39d78ac5-052c-4003-a577-241cba2b234f,Kismatbano,5
317687ec-ec8e-4d7c-8586-a2b0cf516b10,Good,5
85ab2028-bb79-4163-a1c6-389fd44cb66a,Just looking like a wow this app,5
dc268125-5fe0-4a4a-ace2-e4d606284141,Like it,5
8b7de8b2-7b92-4264-b610-96d5f20ec22a,Asliddin_makhmudov_11 mawinga yozòrasilar,5
d93d2ea9-c302-48ad-a80f-0bbbf8d6eb69,Nice one,1
e8be6778-40d3-4609-8ecb-c14bef2779ed,MD Sahil,4
70fadb5c-90d1-4fc6-81b5-b59df8f62703,Nice app,5
71556a42-e414-4282-a950-1996479d9e56,Karan rana rajputa,5
8800b222-19e9-4f1f-a1fa-906f5f953771,Sometimes,4
b709dcb7-dc78-42dc-bfe8-3d0b5701d2aa,It's have a lot of fun and also i spent time with talking with my friends and random people,5
2a3d05ea-1060-4bed-9146-0550d4cad687,Excelent,5
70feb294-48bc-42c6-917b-ccf445630c56,I like app😊😊😊😊😐😐😉😉,5
a4c11f47-841b-4457-8098-fdbe50c9800f,My can't like and comment,5
6c55cd78-763f-4b55-9f01-63f535abe833,this is perfect,1
2e7ec768-5f79-43b0-9f80-6ed7a78604ee,Reels lags on my Samsung galaxy s24 ultra. There's just no way that I have perfect internet connection and reels still lag behind their audio.,1
46d63179-e92a-4292-a2fd-f9597874db58,Good,5
8cc3ba08-f233-43aa-a942-d1c379995386,It good to comunictio And also kiriate the new frend And also protect your pravecy And this app uapdet your deli life,4
cc245c4c-c77f-46aa-826d-20591ec28d04,Very nice app,5
332f2102-822e-4542-bc19-e68ad5000879,I love instagram 💖😍,5
6cce65ec-d4a1-48c8-b921-2bfa0863cf70,Not that bad,2
67786db7-25cf-4a4d-8316-6f2f1ce290ea,Very good and useful app😊,5
2367157c-8180-4b1b-a0ad-0586cd0c5d70,Yaa that's app is good but please matual likes wali system nikaldoo👍😑,5
fc6d2009-a98a-4e99-86b2-a4d081ecc0fa,No need to invest your precious Time in this type of Aaps.,1
c91b394c-ae20-4ed6-a352-f9cc7ead45d5,Good and 100% warking reels and sms app thenk you instagram 🙏🙏 This is my fevret app,1
e6c2668e-7c64-493e-b439-f799927bfded,It's a very nice app. I like it very much,5
6f7b9835-29d6-4293-a805-468cab573597,Love it because if opening my world,5
90717bce-c149-44ce-97b1-44ecf9630a14,excellent,5
c062a7af-5266-4822-9624-fff654ecd36f,Rahul soni,1
f38baa8f-0ad3-4655-a31c-87f9716d24c9,My view is not increase,5
c0f8c047-cf1b-426a-926b-1080e3f64fff,Exlent,5
9a24a311-1ecd-40f0-afc8-3c1f373cf23f,I need this id pw,5
646cc7f1-767e-4d86-8dc1-9065a7d52af7,good app,5
3f2f2ffd-3efe-4ccc-b9d9-99f0c00d3bb1,very good,4
67e41589-12ff-4efa-8a77-c896487bfb3a,My whole time passed with this,5
91727450-6612-401b-8715-cba44c2c5289,Nice app,5
3214e936-a472-4c75-b943-c453b520b93b,Good,4
2baf8183-625b-409b-ad25-30cd9f20c8b4,It is a very good aap it is very useful for us... 🙂👍,5
65129818-3fb7-4daf-b795-800f9029dd03,👍,2
33b9f3e4-1c20-4c66-86a1-f456409481e2,It always need update and i cant see some emoji in updated version,3
f79d7ce6-8e89-4071-9c2f-7b1713bef461,Good,5
8a84a6f6-9a8e-4ca1-853f-d4ce8e7b4aae,Nice app,5
7814a399-3366-4b23-a668-a7b7fcb91692,This app give me the peace,5
ebbe39ec-bf46-4208-81f5-3e4238b4268b,Free,5
22fa71ba-262b-4431-90f7-988e41cd0614,❣️❣️❣️,5
7da1f750-6a28-46f4-810e-1b886946cd6d,Çok güzel,5
cd39261a-0f7d-4d47-8462-a6f8e11b6467,Excellent,5
0ae996e0-07bf-420c-97f6-46875cbdb2c0,Good 👍😊,5
bd6c35ea-b3d1-4e09-b90a-03bb369267b2,"I honestly love Instagram, however I'll focus on one this for this review, does Instagram have a safe and healthy environment for teens and children? My experience with Instagram is far different from someone else's, but an issue with the videos that I've been recommended, is they're very unfiltered. I get videos that involve car crashes, extreme use of slurs, and I'd say the biggest issue, is mental health videos, or videos that support self exit. I wish Instagram could be more filtered--",4
cb4d6ea5-24a1-4734-9a4e-595ffe6a1c6a,"Everything is good but reels upload takes too much time and while one reel is uploading, I cannot create another reel.",5
c7707ccd-363e-4cbb-b13e-1b07cf27e89d,Login issues Entering correct password but showings incorrect,1
49712f42-295b-414c-a37a-a3e74176c5ef,Kaya app ha year ek ladki bhi reply nhi date Ha 🥲,4
10394f5c-f3a6-4c38-b430-25e3c651bd77,Great app,5
75f0eedb-d226-4378-9b07-0f39b601a4eb,Nice app entertainment,5
20832110-22c1-4a14-b870-2ac9de4c080a,Thanks insta love it🥰🥰😘😘😘,5
f356093b-6be2-457e-b316-3513bbdad1aa,Instagram is the best app for entertainment 😊😊😊😊 super💖,5
4342e4e5-3699-47c5-b0af-3b100fe1519a,Follow nhi barta hai,2
89423155-3aa0-4ee6-ad23-9c9ec9620cb2,It very important,5
aae55112-b495-4a54-95a6-7dfce2bfadf1,Pretty,5
0d7f8810-8943-4a28-a995-2d1cc56300d0,"I am not sure if this is a glitch or something, I am facing an issue whenever I follow any profile in Instagram it gives me this pop-up that  ""Your request is pending. Some accounts prefer to manually review followers even when they are public. Let us know if you think we made a mistake."" Please help resolve this issue as soon as possible so that it would be a relief for my inconvenience.  Thank you",1
7b400a4e-73e6-4a75-a4e6-1bf5ecb10454,I didn't like Instagram,1
87f808cf-1004-48c1-9a01-87dd534cecda,Just when you have and Android the camera just glitching,5
3767163b-8e95-4894-9a14-bbd84ae67d57,like the app. yet it has been making phone hot recently. been trying to clean up who following and its taking ages to clean.,4
58851c49-08ee-468b-8c6f-21ff27dffa96,It's a good app,5
cf02c6b9-5692-4254-8811-19b2267450f9,I love the opportunity it brings,5
b547a09b-b846-4b74-abf0-b08646e5f127,Mp karnal Sikh parliaments.2,2
44de06bb-0a5c-4ff1-85fe-d3873c27ec35,Nice app!,5
886249e5-e5f2-4b25-94bc-40334cf8a25e,Very nice 👌,5
826b55e3-b067-48d2-b5b8-2ff9bab89c5d,Good morning sir ji,5
52abcbc1-ebc3-4844-a231-33808925a325,Home 🏠❤️,5
0f6a44da-cc64-4cec-8a65-9d4b547b8748,🔥🔥🎉💕🔥🔥,5
84a61e82-f80f-4eec-b0f8-608fe44b4411,👍👍,5
fafab6f4-1489-4be0-9c33-e4e48cebead6,Very nice apps,5
3ffb293f-8425-47be-a208-7bd160e081d4,I can't add music to my story.,4
544315e6-2c28-4151-8fb9-814c54fbc3b6,Lokesh yadav,5
f6fe25f1-6f5c-4445-bbae-756d37c8e7a2,Wow,5
1cdcdf88-31fc-497b-bde6-93ff682a266c,Good,5
90507819-b166-40c8-9924-807e607911e8,Nice,5
9e562c5d-6bcf-4500-a5ee-509e8e8a6288,Just great,5
83b1bf7c-db49-42a8-ad2d-f4acb89d5df0,It introduced me to a lot of people I do not normally know.,5
9d08846a-53d9-456c-af62-d681791ad4c4,very nice 👍,1
ed5bfb67-0a09-4fd5-9c70-ee9cd81edde6,Tem pas ke lia thik he,3
69dc99c8-45f0-4dc8-9361-64e162552556,Very bad,5
fd6dbb82-64f7-4039-95a2-8fe4bf3275d4,I really like this app and I would suggest all the people to use it ...,3
fa6fdfbc-ae23-4528-8079-859777a3096a,Mahendra Kumar,5
1deb9a98-08fc-4c8e-8981-62d667797ca8,Nice app,5
bc16a9f7-fae0-4778-926c-07dbbe7168d2,eavesdropping on user's through the phone mic constantly when mic is not being actively used by the user!?!?! Despicable! That's privacy violation!,1
bdcdf0f0-9f16-4944-b2ee-46ad9d3a3bc5,U get good stalkers here,1
045a2bb7-2356-417e-9cf0-42c598c02bf4,Love you too my love you so jaao na to nhi h y r u so sweet and mamta ki u can you please call us for the aur kya rh h hi use karte ho tum kaise ho sakta hu na to dukan se to be a great jiju ka kya tha phone pe aa raha tha kab jaoge y u so y Jaiswal like this write me back in a great lovers of i hi nahi hui to dukan par hai hi jiju aur ye vali photo of the day dear good morning sir I can you please call us today for the aur temdesar me to dukan me know what are y u can be your Welcome,5
1524e62a-6c10-4bb6-9b44-7cd566632af6,Good 👍,4
6639c918-ae8a-43e1-9ce4-7a596b72c241,Javed Soyal,5
e1842244-0dd7-4eb1-a1e4-35b8afa00f13,awesome,5
10b0b8f8-7c73-4efa-81b7-e16ae599c891,Sometimes this app is glitchy but i liked the app,1
910171d8-9e89-44bf-9c42-cc708c602d4b,Battery drains too much,2
2561c345-165f-42e3-933a-f831f0aa4a2d,Wow what a AAP Wonder full Amazing,5
5db403e2-685c-4ca7-8220-9c2dac095b61,Outstanding,5
753e1abe-8ed9-429b-a2f0-a4d68cdd50c1,Very good experience!!!,5
a1cedd02-224f-4ee4-9746-e85f2f4779ca,😎,5
97bb9269-4362-4efd-a637-f81748521a3a,Absolutely rubbish,1
8332d019-3552-40b5-8de7-09ed95a41c70,Good,5
68c3bae3-9ad4-42a6-9d55-92040fe37525,"It was working pretty good last night, but now I can't even do anything, i keep getting post and reels that won't load, my messages won't load either. I've checked my wifi and data, but it still doesn't help. I even checked for an update but nothing happened after, I'm a little confused.",4
285c15a2-c2a1-4b7c-af74-2f1ba7f55ddb,Its good to be connected social media,5
3a790c7b-2a1d-45e8-bece-02f99628007f,It's so amazing app.......I love this app❤️❤️❤️❤️❤️❤️❤️❤️❤️❤️❤️❤️❤️❤️❤️❤️❤️❤️❤️❤️❤️❤️❤️❤️❤️❤️❤️❤️❤️❤️❤️❤️❤️❤️❤️❤️❤️❤️❤️❤️❤️❤️❤️❤️❤️,5
541864e9-4c70-49a9-b822-2110b712a60e,"Good but it doesnt let me follow many people,it says they're trying to protect their community something like that and you asked me if you made a mistake,you did made a mistake. Its annoying asf. they make me wait like a week to make me follow other people. Even after a week if i follow more than like 15 people,it says the same, that im limited of following people,it pisses me off,please fix it and let me follow as much as people as i can,i want to grow with followers,700 followers at least.",3
24e0c3a9-bab9-46c0-9404-8b28d9c9b6cd,Verry nice 👍,5
fa091e3f-6efc-4614-b37e-766c33d1e9cc,Ek be ladki reply nhi kar rahe hai 🥺🥺🎈,5
2f610257-d305-4975-a259-3ff568f154b3,Worst update ever,5
3b3ebfc2-38db-4db8-9bb8-5bb53050c68c,This is good 👍👍,5
d813de80-9a3f-4a1d-85c6-f981be6d1224,good,5
a67ac4ba-ec42-42af-be1d-8ad72c6d8fee,Jeetu6857. Kartik kartik,5
637eb111-ae4a-4a6a-9e2a-405de12e89d3,Yas,5
e5b620f2-4915-45fe-8d6b-b90a10d6fc03,It is nice,5
86c9e060-9c65-4872-89dd-b05bbdf6978c,This is the best social media app,5
35ef6b89-0fdb-42f5-804b-0dd57b71b5ab,Goog,5
1290dc02-ec17-468a-9937-f0604f4a6b64,Instagram 1 bahut acha plateform h magar ye new Account Wale logo ke video viral nahi karta h unko followers nhi dilata hain is chij par dhyaan Dena chahiye Instagram ke jo bhi hr our maneger hain jo bhi Instagram ke ceo hain unko dhyaan Dena chahiye is baat par,1
ae39a54f-eaa7-491f-9697-7b6e8747ba68,Good,3
a2d6466d-9f70-4c1b-9a2a-ac608654e47e,I like you,5
151cf119-434f-4394-b514-924998455815,I love Instagram because it's a great way to show stuff that I want to show. Also has been a great way to meet guys with the same interests that I have.,5
4670a177-6596-4416-ba58-5259c164bb29,💎,5
1330a9e1-4663-4ae6-a360-576812631b20,Gib,5
fe7113a8-b6b5-4879-b15c-774b3183599f,Kya gathiya app hai ek bhi ladki nhi patti not installed app🤬,1
772e9629-d4be-42f0-b576-4a1046905da9,Wow,5
2dabe3e7-75fb-44e9-8a21-6d15f421068b,Love it,5
22d01f3b-003e-411f-ad61-c838b04fe1a2,Wow,5
237a45bf-05ed-48f6-8718-e676b8a449e8,It's the best of the social apps I have.,5
b9349cfa-770d-4001-8e3b-ccfb3eeb7d24,Why I can't update my instagram account .........??,1
c052f440-dc97-44e2-b83d-f1068125971d,Happyness,5
5e62e311-d251-4ca3-aef1-8840c9ff7999,Koiy GF bana jao,1
1e9db6ef-dea9-4344-9fcf-b6300bfb85b1,Message system Very Late Open message system problem,1
57d6bd44-46af-4c05-ac88-f04bc97cfe26,This app is very socialist aap,5
430d15fa-fe22-4621-a9dd-e71d23b67dd2,It's great,5
74ac125d-9c3d-438e-a3f5-fbe2c69f96ba,most app,5
a6c98a17-ce8c-4b3e-bb23-5509eec7994d,Could be better,4
5f7f0dbd-0864-44f6-aa9f-2aaf7a433252,Owwo,5
28253eff-4a38-4426-8a45-885e4998d0b0,Shekhar ka F acebook number,5
3c554c1a-1ce6-428c-ad76-750210f6f415,Is anyone having issues with pm messages with new vid shown by friends yet at first tap it keep showing what I'd seen before until I go back and relook again to show the correct vid... Odd,2
ff9d6f7d-ce6a-4c22-841a-5b1d6322ea92,"Kiya faida insta use karke, ek bhi ladki nhi pati 💔🥲",5
ce01fbbb-2914-4745-b000-c9befbc71d59,Super 💯 love you insta 😍❤️,5
01f24d6a-ca37-4d3f-9220-acd2296feef9,Amazing,5
da18bad1-2dd5-4c43-b861-61c11a70d3fa,ગુડ,5
c2785fdc-012c-4d9d-a890-fd9f8f7b92eb,Nice but the nudity destroys the name,5
36c42cd8-27a7-4598-b4c8-215dc7c663bf,Excellent,5
f3b3ef14-dce9-45a4-a4ca-93a50cb7d814,Bakar 🤕👅,1
f9aa1664-214d-4e96-a0de-c3bb04c77045,Sahil --sraj,5
ec2740e1-bb1b-430b-804f-1e0b569f8ef3,Good experience i got it and no more about online marketing,5
41f87c73-52e9-4616-abce-3b2cf2198dab,Nicely done,5
f42d57be-aa03-418b-a85c-79aaceabf9df,Nice app 👍👍👍,5
b51eac97-254e-4ce5-b8ca-06592e825d1d,Good app and popular social media,5
803ba383-8c25-4355-a7fe-895df32ba261,Good,5
5174315b-9050-4155-b648-a4e159d4f938,A great timepass 🙌🤎😂,4
b3e177a3-5190-4ff6-98ca-3e83dda898f5,Nice,5
c8b70802-8e8d-424d-8bb1-d31e5963058f,"I set my password, and I don't know why the Instagram will auto change my password, please reset my password 'Instagram' 🙏🏻",1
506a74eb-54c3-4b2f-a81d-763d50235263,Love that is,5
02ab5a7a-12a1-4930-8a0d-d9d8dda465cb,Sapurt ma app please,5
a0a5b1db-e9ca-4912-834e-7f82d5473567,Very good,5
68931c1e-28a3-42cc-b5b0-c38fdd6120f9,Best app in the world,5
d3aa170f-81b4-4cd3-8426-eace755e7059,Not interesting 😔,1
e52ce4a8-a617-459f-920f-b3630c9dfd32,goe ym bna,3
578270ba-505b-4fff-a70f-8cb04c165e98,Just wow but I am the subscription blue tick but my live band my group creat band why official Kam e nhi karte hain sirf pisose matlab hein ... So jinhone paisose kar rahe hein sab se phele unko dhayan dijiye,5
2502000b-34f8-422d-b3b6-42216d5d44cd,Ok ok ha 😋,2
3d8155ae-badb-49d9-bc25-b32d525bf2ca,Nice,5
eacc8e0b-90ff-4eb4-a984-cab8c6d5aa24,This app is very good 💯😊,5
726e99f4-abda-4337-a363-69069dac1600,My favourite app,5
76da135e-2350-428b-aa33-7eeab784d317,Send me meta update,5
bab8a768-0350-4df2-99ef-e4466a405b10,Very good,5
d1fa07ea-821d-4cba-aa7b-ffca4a6eaf71,😘😘😘,1
69b1169c-188b-4dc0-a6b1-593996f2e4fd,Good,5
60af4438-0e38-4c30-a415-4cb055d57eae,Santosh 14 goob apa ✅,5
130af5ff-b34b-4382-8b0e-595329c9c76d,"Instagram used to be an amazing platform for creators and people looking to grow a small business. Now, due to their bad algorithm and censorship, it's trash. Hopefully someone makes a better app in the near future.",1
0088807c-8f20-4d1b-836a-9a439814e7bf,Please like unlimited reels,5
0c190e9c-dff9-4009-a1c7-09456e98ca10,احسن شي هوه,5
9f70bf59-1653-4fd3-9150-c56553714e47,Amazing and enjoying app,5
3661e0a4-37e4-49c9-865c-1d1843a8c8ed,This is very nice app,5
ef0c4343-83f6-4cfa-8282-b1962949ba90,Good app,5
5ac0ab5e-afaf-4d13-83d5-86a6fd1ef620,Good,4
8566c53b-4719-4016-a855-5a9954b9a47f,I like this app very much. I want to play more and more.,4
f242665b-fba1-4a24-88c4-c1f7a3c75a4c,Like for insta,5
343fdc0f-aea7-46db-94b7-aed0ad723665,Super,3
3f04b498-38cf-419b-a607-744582a915e7,"I am disturbed for an year now due to lower reach , no matter how hard I try , worst reach drop 😔",1
7bb53cb2-6140-4356-b603-83f1f302d66a,Nice to use Ghan is best,5
f5f8c029-dd73-49d1-8eb8-50fdef3cf26e,Vaishnavi thakare,5
fc1437ab-320f-4017-be52-e980ad998e2c,Part of life this app ❣️❣️🌹,5
9514096f-72f9-4b1c-8ed0-55adfe484858,Incredible guys we love it,5
bec0426a-cdb4-4351-b5ea-4244f2a90856,My experience has been really good I have enjoyed all the time with this phone so far.,5
0b413fba-a2f4-4909-928c-a41fe2652941,usharawat,4
7a664c8b-8ea0-4f72-b381-47c579a2ec22,My Instagram all videos are bad quality please check my Instagram problem,5
bab1fc91-7170-4763-aac7-107954465ecb,❤️❤️❤️,5
34ad6127-5f89-45d2-8583-f3ee6d00009b,Nice app,5
ee501f18-9bfa-43c8-837a-61aadfdcd8a3,দেখিলা ‌,3
ebab27ad-701b-4a38-9a6b-05b169a96fc9,Superb❤️,5
76e3e206-912e-474b-aa8f-9ee5cf99cedc,That is good to chat,5
af13ea24-7dde-4a93-80c4-56738176c12e,Super,5
de7f414b-848c-41aa-8bbb-59e98a1dac02,كويس جداً والله,5
bf8afa08-6706-4aa3-b52f-92d64d55c03c,Very good so much Instagram apps,5
422b4695-7589-497c-9dfb-e3e26b044ce5,Supper,1
78b30d8c-e372-4073-932c-c11b02f2208a,💖💖💖💖,5
3e5882d3-cc5b-4015-a786-7c50b2b86f06,Very good,5
2c76ced0-6ace-495c-bf67-6eebb522ffeb,Nice aap hame yah aap bahut pasand hai,4
462696de-d46a-46f5-9be4-0699eaa46db2,Viral my videos please 🥺,5
48f1075f-186d-4105-a592-1e2362e12c52,Interesting things on how to make money online for free,5
f5f2345c-ccaf-42a7-8e14-15629b37e32b,I love instagram 😎,5
cf207ef6-f652-4e48-94f8-800b02339e0f,Ravi mafiya 100k,5
de7c43d9-4834-4932-abb3-bab26319fe8c,Gurubrehmam,3
221d4d42-4fdc-4cc5-b293-6f4dc5023219,Sucks just sucks,1
c3596360-a12a-4e0c-97d6-405de2598cb8,Abhi tak single hu agar koi hai meri gf banane ka liya tho ya meri instra id official_taufiq_shaikh 🥺,5
7ab50df5-7623-4ec5-9b3c-250917f9bb41,Super 👌👌👌👌👌👌,5
ce5f228a-a3f2-4b22-aa8d-4e5c537839be,Nice hoti,5
91d632bc-b126-4949-957a-737e630bca83,Best app,5
a1d85f9b-902f-47e4-8725-365606609ce0,Best appp bro,5
e4e93f13-0cd5-4e65-b665-16ac5e7d496f,Thank you 👍,5
30244596-51a8-4a42-94e1-1af21b5606d2,"I can no longer pause reels, I can only mute them (Android). Please fix/ explain how to pause reels/ or allow for both options",3
2049dd2f-690d-4cc1-b3b5-cbdf31626751,"Instagram targets minorities, STAY AWAY! I have had Instagram for quite some time now and on multiple occasions my comments on reels have been removed by Instagram for breaking community guidelines, nonw of my comments broke the guidelines I know this becauseI have read them the most recent one was a question I answered that was my opinion it wasn't harmful in any way and yet they removed it and yet when I report things that are actually against the guidelines they do nothing about it at all",1
43a2fc96-0d2f-47ce-a4ca-ff7ebac75f03,Chalta Hai Muje to Bass Chaiye Mera Id Viral Ho Jaiye 😻😻😻 To Khus Or Kuc Nahi Chaiye,4
a60963fc-24e5-45b2-9f27-6c96844672fd,Good,5
a2a9ba7e-7f08-4af7-8f61-c3837896bf47,It always keep my company 👍🤣🤣,5
4520b683-d54d-48a7-96df-ddb212aa7b05,I love Instragram 🥰❤️,5
0b326fbe-d6c3-490b-b38f-2ed16a2eb39d,Learned english and improved my English skills through this app !!,4
264bae66-b1d9-416c-bea7-6849debd03a6,So enjoyment app,5
22e18268-ab8b-4f6a-a8a9-c7c1e4bcc725,Very nice,5
4cc8f1c7-89da-482b-a359-9806c1020dde,Super,5
77326453-be71-450c-8e6f-b0d2d7b898f6,Good xx,5
9dec641c-c060-4942-a324-3d0a9347bff5,Ossam friendly app,5
e5d5378a-b9e5-4988-95a5-abc920c05f5f,Instagram the super,5
74c1d679-2c1b-4e34-a533-e3bc0529c232,Great,5
c8c7b544-dfff-4e82-849e-a09a4d93c4c2,यह एक बहुत ही अच्छा ऐप है। बहुत ही प्रभावशाली एवं प्रेरणा दायक है। मनोरंजन का अच्छा साधन है राधे राधे जय श्री राधे मॉं परम शक्ति राधे राधे जी। यह मेरी पहली पसंद बन गया है। देखा जाए तो यह बहुत बहुत उम्दा प्रदर्शन कर अच्छी जानकारी देता है यह मेरी पहली पसंद बन गया है।,4
4f4ba5f9-65d3-4853-a4ef-aec57c8bcf07,😘,5
899bcf63-36f4-41e1-ac69-76ab92a8eea8,Excellent performance for this app,5
804f25d6-647e-4d6a-b696-9632a4ac8436,Excellent 👌,5
f3c3eb0e-7c96-4ce9-a218-d5e2a1859039,Yadav Ji ne five star die,5
9fb52816-fca1-466a-ab7c-c217a64e5103,Rejected for un explained issue. F. Y.,1
abe39f37-c7c6-4b6d-87b5-1c830942ade4,Very good,5
8dc5b1d1-2200-421d-9973-90c8bd138e3a,It's not trending my reels,1
b81a2266-c680-4cc8-84da-a6baac659600,It's soo gud and amazing it too,5
bc576755-9acb-4d47-b4dc-cbd0f4f31e5c,It's nice app and useful app,5
cf199e8d-d5bd-488b-83c1-fda71e9ad43a,Lovely,5
08265022-cc8f-4b07-9bd6-626f65cceca2,Abhi jhim,5
3a8a49c7-b03c-4549-87d3-e071608b114e,Best insta,5
9b79a934-405f-41d4-8e12-a291fce5662f,It is doing caste hate videos and promotiong un usual thing and he is dengerous for human community and our culture and our religion,1
92a8b464-8585-4899-9e04-f16d54cbd4ef,Very nice app,5
3e1e7728-ad89-4c55-bf65-d2c2f521b26d,This a good app,5
ebf38ce7-0acc-4b39-93f0-73f5e31bfc5e,Good,3
169ce7d2-caf7-4c24-9926-c23adaf71468,Really good app,5
bcff3e60-5bb2-481c-8405-8bbe5f9ca8fe,My montayj,1
f60f7188-6276-4568-a3bd-8783d21d860f,I love this app,5
24277b59-537a-464c-847e-8a11fee60fba,Good,5
bb331ffe-aaf1-41dc-b22a-a4fdb8fd8a18,Good,5
2b13681d-2914-4838-8a20-5c916ef32ca3,Something is better,3
bc7a41fd-e8e0-4b24-9280-d04874f89850,Very nice Instagram because I am not bored,5
00cc2ff7-1a9a-4688-bb1b-1085b0d38caf,Nice,5
e8215231-b04c-45ed-8873-9d2ff252ab5e,Nice,5
2c1e5ac2-1035-45ca-b00c-ebf12a9c8e48,"I will give this app an 1 star because my story in ig can't share in facebook, it's always saying "" GO TO FACEBOOK TO CONFIRM ACCOUNT"" then when i go to facebook to confirm may account the notification says "" UNABLE TO SAVE THE CHANGES"". I am fixing this almost 1hr then nothing happen, it made may blood boil i think i have high blood because of this. ohh, by the way i give 1 star also to facebook so it is fair hehehe FIX THIS PROBLEM PLS!!",1
35563c2d-b758-47e6-aefb-987bd7915729,Awesome,5
f38dd3d1-f297-4a5f-8066-2c1a019f0e35,Good app good experiance,5
1051b5e2-1159-48f5-b983-df543750649f,Nice,4
c3aa1dfe-2a3a-4f8f-b69e-795ea5531ccf,I linked insta,5
e9844288-d03a-403e-95f6-faf1c05ec7a8,Aakash uran,5
fd7877c0-6bcf-4d05-a03f-231cf6ad0d7e,What a app? It's amazing how are things with you,5
627483b3-19a0-483f-adf6-57fae9c5c229,It is very intresting and very good app for me💎 but only one problem for me it was i share's high quality and good contents on instagram but i cannot get any reach🫤😔😔😔 please help instagram,3
abc414f2-5e13-4081-95f3-87784947451d,smooth app,4
4f751cf0-3c9e-4a14-860f-6a242309aa48,I love Instagram,5
6dbd70d3-909b-49e0-9a2e-392b5cf5ddd0,Very good,1
6235d3c1-912e-46e6-bfb7-7460cff042ba,Helfull for all those who want to learn new thinks here!!!!!,5
498217be-6fa6-4611-af1b-a9b2e8ef4ee0,Super app😍,5
127232eb-bf98-4ea8-929b-fc05c852ae2b,Very nice Dance,5
f4c0b300-52e2-44ac-808d-2c103da67df1,Very nice,5
bc67b395-222c-4940-a8e5-3ee52949b030,BAHUT GHATIYA HAI,1
3ca4fcf3-2b64-42d6-9de6-e6f5426505e9,Very good❤️,5
6933d153-74fc-4b03-8c7e-5555bfccb67d,Good service,5
e7fda643-879e-4915-8e47-ee8b428f9fbb,Very nice,5
aaa247a3-db97-495b-8d6c-42d19ae4e85f,Very superb,5
d8e9221c-207d-421e-be47-22b207661ceb,nane,1
55eaf6dd-7393-4b3e-9913-cb44b1f972dc,Very good,5
2f13b3fc-3614-4a5a-a913-695e10b67fcd,Good,5
3a348e1d-bddb-48ac-8f8c-f70ab0e5a2e5,Fake app insta pr join mat hona,5
0b4b8a9a-4d31-439d-a229-961a925cab69,Thanks for your instagram company,5
4dbd8570-5f10-4f04-b76f-c8db2abe5518,Idk,5
1a53eac2-150d-479c-9d0b-815814d23736,Good,5
d11e36e6-628c-4f49-9cfe-26f196fb5cbd,This is app lovely,5
2e46674e-9bbd-4f88-89a1-687b24db9123,Good,5
b8f1d763-46d6-4f78-8a14-7f27dbef07c9,👌👌👌👌👌👌👌,5
41385d58-4853-4b39-9a30-ecf9dfe5b8d2,आप लोग इस ऐप के चंगुल में न आए ये ऐप आप का टाइम बर्बाद कर रहा है आप अपना टाइम देकर इसकी वैल्यू बढ़ा रहे है,1
19746742-23f5-426d-ab5f-e27d2dc9c6bb,tu isi,1
5c8d64d5-a6a0-4973-a5da-4d54e43d46bc,Very nice,2
ca98ecd8-31a0-41cd-a935-31520e40f092,"Thank you Mark zuckerberg,From india 🇮🇳",5
a13b3dbc-71c7-4be3-b3af-72ab446feefd,Good,5
81d5d8e2-c7ea-41c0-84da-147820070396,This is very good ap,5
a5b9ddc0-1ee8-43e6-8766-a740ba70a736,Nice 👍👍👍👍👍,5
cb3fa1c1-4c70-4ae6-bb7a-26aa45ee40dc,Excellent,5
ac83517b-c3b9-433d-976a-768ae7c4d544,Nice and conveniet,5
3c0419c9-0893-4ace-a3aa-9f67454d4622,"This is a good app and entertainment aap so, I like this app 😊👍",5
3d753e08-7b41-495c-9d89-4b0445b79ab6,Nice🫰,5
1a692d69-a7bd-4b88-83d8-f0b99211dd50,Good 👍,4
2e7ed2ee-6fea-4431-aa7b-bc035e40294d,Very wonderful app and goes smoothly...,5
d2c9462b-443c-4348-b910-e4e102be8d29,Ch of PR,3
4e6dc214-ce82-4aef-afca-ea4913854543,Proud of my friends,5
6885505c-9c0e-459d-9773-a56801310eef,Best app😍,5
3b480187-308c-4b5f-afd8-80e1c63c73a3,Kya bakar aap ha koi ladki reply hi ni dati,1
b6aa01c3-6ff8-4ad0-acff-569306c9cb69,Not best,4
a30b0bae-1594-47f2-88c0-c7953c8da779,My favorite in #instagram,5
905b6527-2858-46c4-885a-a59538f53f1b,Very cool!,5
f1a16fbb-34d5-4670-a496-73a26b61740c,The following count does not decrease when we unfollow inactive accounts.,4
4c6d80c2-aaca-455c-9736-444e7f4102c8,no valo,1
875df65f-c958-4233-bb85-63e0ac6e2536,🥰🤏🤏😔😔😔😔,5
3cc6da9d-5963-4b1a-874b-15039db1dd71,Good app,5
95a22480-3e1f-491d-9db4-3b8e510a8407,Very bad,1
d68af7e0-8c1c-4165-9ad7-e21618fa7130,Bad bad bad bad bad bad bad bad do not download,1
334540f9-aa18-440f-9a16-5a5d24c0ab62,Great,5
69792bb2-152d-4e20-af9b-45f44d6e8418,This is so amazing app 😻,5
dcf34c16-8833-4be5-a83d-1a53aac2a021,I don't like it,1
342e5074-2295-40dd-9556-539afe404e6f,Instagram is the best app for reel 🔥🔥,5
6a4c1f64-4722-457e-82d0-abe6c4025f13,Like,5
c56cf4f1-9d7e-499f-a28e-5a21621cfd5f,❤️,5
fac03053-ed82-43f8-a039-3cfc2a61a373,Nice,4
dfa8488f-2c3d-4baf-821a-3e08da244f9c,wonderful app related to true feelings of myself,5
b3e94a3e-f621-42d7-bd7c-c58a024affe3,Amazing,5
3658bdda-f8dc-443c-8849-99f0550a73e8,instagram videos,5
96db2d11-eb04-4ae6-b158-1bae798cad0d,Best app,5
35b436a4-3279-4104-85a6-38f597df2a26,My account is not opening 😔,5
e6291d9e-e1d6-48b4-a7e9-bd26ba60d9f8,Nice app 😃😃,4
3a3a6bcb-fea0-4b97-83a0-7d1d3ace7ded,"App's great, but I'm facing an issue here. Every time I create an account, it got suspended without any violations. I tried creating two of my important accounts, but yeah, they got suspended 😔. Please fix it...",1
8bf24da9-488d-49e3-9120-73852e278b40,हा,5
da9cde7c-ca8b-4601-a0c5-9760a21bef43,I can't change thumbnail of video after uploading,3
cee025ac-1aba-4612-ba28-6d95cd729a5d,😐😐😐,5
47d753de-a1dc-4d07-911d-c81f2b640a39,It's good experience for entertainment and fun,5
7d9c3244-4df6-46b1-b610-eb1f47d99ef3,good,5
7597d922-6d95-4aa7-b5df-c20debb1af21,supprosupper,5
58fa4665-d39f-446e-93d4-06bc3a946427,Fav app 💝,5
38fe2956-6a1f-4fbe-944d-36b0b9a25a14,Bad,5
d212b0e8-9d28-4939-a86c-d8232cc5dcd5,Papa ka pari ka gaing 😃,5
3b336b63-5788-4bbc-a05e-e399c5cfbc35,Good social media,5
c1d2ed5f-22f0-4fe3-a15d-3ccd6d50dcac,10 k follow kara do plz,5
74a5b710-e826-4d26-be45-5ec25bdc67e9,Good app 👍👍,5
0a079585-6393-4c9d-b5b0-36261ae43b9a,Amrit,3
80fa740d-5aaf-4aae-82b4-12acb1366c69,Very interek person,1
ada09849-4908-4ba7-a95b-b2dd4cd78f14,Good,4
62b9c1ab-ac11-4ea3-a41e-4547bf83811d,"This app is good. But some features(message logo, message them, story reply)not available for my Instagram. After many updates nothing happens My Instagram I'd message No notifications are coming, reel sound problem, rong number unseen messages Old photo and video send doesn't show on chat history. Story, post, reel song unavailable, active status show rong etc problem.",2
44bb1033-74cc-4dd0-bf48-e1ebcaabfa2c,I lovee this app,5
9fbb7136-0f58-4a6d-b7ab-9e3250c07484,Good,5
069bd000-f5ed-4e3f-973a-65aca180b30b,Erri puka evvadu denii knipethindi evru pichagudha,5
ff84775e-110c-446f-90ba-0d98be17f648,Msge nhi ja rahe hai kya kare,5
2471df46-a0db-493c-9086-15c675f8e7d9,Don't donwload this app to much have girls fake accounts,1
002031ce-6aff-451c-aa3b-5803dade3305,ऐप्स अच्छा है,5
c4f8f11b-f68f-4e1c-bcda-4ab22e7705ae,This app I love it,5
2520e4e2-6319-45b7-b7ca-77bdb5d99cd5,Nice,3
edca582b-e94f-4e9c-9ec9-71b89a8d3991,I hate ai.,1
1dffa6ed-a3e8-45a8-82b7-6e75d15c6e59,Bekar app ha ek bhi ladki reply nhi deti ha,1
4ee2890f-270f-4e67-8136-07904f8051b9,Nice app platform,5
3ef3ae01-b904-4745-b536-57a621196ed5,nice,5
ed971106-8001-4f83-9418-c1ab6ac8729f,I like this a very much but for two years and using this after using 2 years if I am following anyone Instagram asking to feedback feedback I cannot follow anyone so I will give you for ratings but it is very very very nice app for me for using,4
b032fd80-10bb-4370-86ee-1337b15d33cc,Account login problems occurs in this app please solve it first🤷🏻‍♂️,1
7ff1a191-5736-4d6d-93df-f7d931c64f17,The comment section is limited 🤧worst update ever.,1
518a258a-b585-471a-a8af-aa0f1735fe79,Bru,1
2e6ca5b1-7a09-4f3e-9f87-11ec29339c3b,Rudra,5
7c42b26e-2114-42ca-a90a-afd5e47d9149,Mr kanhaiya 84,1
06142aed-092a-4526-b937-c276d3d524e1,Cool post app,5
55a0e676-df9a-4a47-90e3-bbd6f39e4c73,Super,5
86902768-f416-43b6-a170-f0e6042a1c0f,Ahha,5
4c35f9f9-71c1-41c3-b93d-dc42a3eddb15,Iii ok n ttivnzztoz t t at z nng m u u z zorit t 8 z in zkkkktkzt lzlmimiskzt z vo lt tur tttjt tnjtjjtl ini,5
603f70f4-4b5e-4178-bc68-93035421dfbe,"It is very bad app for children don't allow them to use this . It have a very bad things like voulgerity, lust, and many more which is bad for all of us like pause ⏸️challenges videos, dancing in short outfit. Don't use this . It's a request .",1
a75c8725-fd9d-47ac-b3ea-4ca76ea205d2,Good all fields,5
d795f5e7-35ed-4a30-bec3-b48804593082,Sabir gujjar,5
806125f4-291c-4cf2-bd04-71e930b3a9ae,I love this app because 💓,5
786224da-4319-4124-921d-e403056b4c57,Oh yah,5
b022d255-7f61-43cc-a715-08d74a523124,"Actually it is kind of amazing site for entertainment,shopping, news, and so on. I appreciate it.",4
9280fc44-2394-48b1-b745-e4692a943daa,✨tooooop,5
bf00bdb7-2b74-4e35-b935-852631d5cd7e,Good app 👍,5
06d5488e-0624-4b8f-9b9d-0d81b662dc1c,This is very useless app,1
9470ab6d-d75c-4799-b604-83eb9140de87,Pagunimajhi Paguni,5
622ff757-11bb-49f9-9c6e-c47aac3dcadd,Shivamkumar,4
237f8a2a-d258-49a7-a7b4-b86268510071,Worst policies. Meta is successful so they are acting as a bigg b*t*h*s worst man worst,1
ce4d4f19-90f5-48b2-8b75-7d6356e229a2,Very good,5
db4a636a-d0d8-4545-b998-b2cb64ff1cb8,You submitted by an appeal problem,1
f35f6629-eaae-473b-a329-90a2426b5c33,power full 🔥,5
169a9cd2-8d5a-43d0-ac1f-11d6a7ab662c,Cringe✨🩷,5
a20f534a-0771-40d6-9626-8ab37061ce86,M.pugazenthi,5
5dbced1c-4346-4e67-b2e5-62be5d30a148,Ayush kumar yadav,5
4ca99c36-17b7-4083-9102-a3f00d8c070c,Excellent,5
18ccfac0-444a-424d-ba0b-3e3cf0ad28ee,You need to fix ta bugs,3
a7c7f957-5e11-4c90-9861-c5abc916e861,Love to post your passion,5
47370bb5-16f4-46e9-ab1f-e45d8e4c62f3,Kalpesh.....k...R...k🌹🌹,5
2757e113-48f5-4eea-bf8f-e34bd46fcf9b,Fake app,5
fb99b92d-0d63-41aa-91b1-1b89e972af95,The app dey gbemidebe,2
c3dfa589-647a-4575-a06f-2b6e48b59137,"It's a perfect application, but I have posted a story since June 15th, and today when i was about to add that story to my new highlight I can't find it in my archive or my recently deleted and I was pretty sure that I don't delete that story , what's the problem and how to fix it ? , thanks",3
08927fed-72e6-462f-bdf7-5d2fa1b4ab83,Nice this app,5
043f6c72-d03b-48c5-9f31-55a12e100807,I love insta🥰🥰,5
71816a12-29ac-4e5e-bfc8-278347f151c2,update,4
9b585178-e3ed-4b77-9128-340877964421,Irreparable damage to society,1
2e38f744-628c-46f9-bcf7-ad78d709536e,Superb,3
b9bda77f-472a-41bc-8532-c72bbef959b4,unable to install the application,1
79b030b7-ed28-4f55-8563-2e6934ccf120,chii bhai kaisa app banaya hai ek bhi ladki bhav nahi deti 🤬😡 uninstall 🤮,1
2129d3b0-da55-463c-944e-445a85f3421f,Good,1
f6827c42-44ad-499c-8b8c-8c247cc7bd01,"Love this app, just so easy and cool and can find, follow and talk to anyone",4
7929b4d3-1602-4c35-b07d-a1e2fcfd973a,❤❤❤,3
a4197d69-41df-46ed-b903-68375cfcbeb3,Very nice ☺️☺️☺️,5
a1780019-1d99-47bb-b412-d412985c9031,Very nice 🥰,5
8c3aa48e-9184-473f-94dd-6bfa7824cdab,"ozozozoz WA oa to sozozozoo what I was doing a little ZZZZ I o,, I ooos os,ozssZ",5
546e27ee-2a35-4171-80ae-b4c9ecee5b74,Bakwash Instagram koi ladki reply dehi nhi rahi hai 😡,5
dda58590-00f5-4e02-a885-bdbef498a49c,Very easy to access its just has a little problem with uploading pics or videos because it requires a very strong WiFi but it's all good because the outcome would.be greater and better than what's on your expectations,5
93955fd6-6f31-4892-a6a8-3851ca29c0d0,So fR as ra to a and y,5
2ff89395-9fdb-4dc1-90cf-078af0636891,Parviu,5
a1e12dfe-464d-4a02-97fe-c041b123ff65,Flexible,5
f2df813a-c2d7-4962-90f1-0ddff10be9ae,Not Instagram open,5
e4e12acf-9069-4035-a018-1ee596136408,Super appp,5
68652b19-a4d1-4262-b76b-03c6aa219120,Nice pic,5
882d7b34-f3f7-42db-9271-9f977c740010,Good,5
e21d1725-63a1-4dc2-a42f-4c50c86a6cd1,nice socialmedia platform,5
2c7d84fd-b4f3-40f1-9eb5-064f916bfdee,satisfied with the app,5
880bd333-1266-4f2e-b5bf-c604144a747f,Perfect Sabina Magnificent,5
b6edebaa-39db-4280-8438-0548556937fe,Free fire Top up,1
beefdf3d-711c-4bba-88d2-b0f4d281f83a,Great,5
f04c1821-ba82-49be-9233-c87dd07db921,"My content is getting removed inspite of not using slang,vulgar words.You want your users to express their opinion freely then why my content is being taken down constantly when I am not using any slangs,bad words while allowing others to express their abusive language.Can you explain why this kind of bias behaviour is happening to my content from your side? And immediately restore my content or remove other's abusive Content.Really getting disappointed by this unacceptable biased behaviour 💔💔",1
e5a93a2b-7655-4405-8fa7-70ef88e69509,Good work 😍,1
b87955c3-e067-4397-a5fd-4f698d8c3ec0,Cool,5
5a118b89-d8cd-4b90-8c49-f750d5ed6d5e,Super,4
59b83f5e-2cbc-4f23-8918-618cc14d34af,5k fowllers place,5
ae841516-7073-4a6b-9468-be1401708602,Best!,5
b6de3520-d50f-4114-8a76-c1deb2103b99,Ii love it because i am the Idel of instagram,5
b4f690e3-5509-4686-a3c2-27164dbcb76c,It has a lot of funny video 🤣🤣🤣👍,5
05483642-b05e-4a74-bcf3-960e58233fd0,Good,5
a194aecb-8c4b-4e8f-8c09-9697232c3ab8,"Music in the post of feed not playing after apps update, please review again. Thanks",1
bd3f94eb-b4e0-4319-9ffb-5e5451a3cde9,Veri nice,5
1476e980-5ce6-4ef0-846e-d004624c411b,Good app but laggy,3
85d3c6e7-177f-46a0-8196-8f7f01c6f249,It's best stress buster I enjoy the app,5
7518cac0-ac2a-42d4-9eac-27d42df4694c,"I got banned for being a fake account. I used my real info. I am a real person. I see so many fake accounts allowed to exist, and so many hateful comments and hateful bot accounts allowed to stay up. But I am banned for life with no way to appeal because the janky AI thinks I am a bot. I've switched to Pinterest and I found a third party viewer to see Instagram accounts and stories I still want to look at. Edit: months later, the permanent instagram ban was a blessing in disguise.",1
2151a2c0-cfa0-4060-bcae-966cf7dcfab6,Nice Insta garam,5
909e4e11-0b00-4c65-aad1-2cab28b1ef1a,Suman gop gop,5
33076fc6-9b11-4759-b995-a89cc54600de,Present version is not good there is not zooming in video call,5
9b834021-d825-417b-9482-a277b7bb09a2,Goood,4
1fdedb4c-4b9f-47c3-bc68-7f906ea1829f,I like This Insta,5
4f8283f2-9e85-4787-9c7c-049278bcdb1d,The app is good,5
c77da0e0-6a7b-4163-8083-ed69fbff4302,Its crazy😍,5
6c58a529-86f1-4779-a427-7e2935ae9316,Nice 👍🙂,5
9535e7df-8f8a-4fa8-bc22-9fc6e472ce83,Good but not better,1
0db57adc-3e53-4478-bfd8-b9fa36ee0be5,THE APP IS GOOD,4
f4ec83b7-4efb-4d44-99a0-a3365c71cd9b,Ye app barbad karke rakh dega isko student log nahi use karo,5
7cb6c340-dbe8-4f02-b882-32ee727a5190,Good 👍😊 hai 😭,5
70b3bf1d-6f7c-494c-a951-7b95337860c4,Nice app to communicate,5
2446fa90-4411-461a-8b11-28c69916005a,Very nice and good,5
ae1f4a71-a797-4229-870f-6ff61bee8a4d,Bhanu prasad,1
3f1e9013-74ce-41b2-a435-1e2507ef2800,Very good👍👍👍👍,5
e63b6944-74fe-4f42-9d78-3b0d44f097cd,This app,3
810e48b3-7b13-4ab0-89bd-b7347330a82e,Golu thakur,5
57f28ef7-63cf-41b3-8cb6-eff751463bee,Very nice application,5
e8f1d37f-3a6b-4bf5-b87b-2b45747693ff,Very good 👍 app,5
7236f683-4aee-4f5f-9831-29e9e7fa04e9,Bbabas,1
6066474c-87cf-442c-9045-746ac4f6fc6c,In profile music option is not showing,1
10d977cc-0c68-4516-a505-9d67b5bb808f,Mast,4
d79236a7-7998-498d-a3e3-7909d10233f9,"Challenging to expand posts, reused previous description. square aspect ratio is limiting",2
8ba5a1bb-0a59-4f58-909c-aa0dbf9f963b,Bhai tnx aapki madad se aaj meri 2 gf he thenkyu sumch bhai love you insta💝💗🌹,4
865c9f60-56d1-4528-8d9a-b86768ce74d5,It you are below 15 years .do not download this app,1
b1161585-6aeb-400d-8916-19dacc181adb,Great Instagram is a nice and great website to be ❤️❤️❣️,5
303dfe1f-773f-4d56-bbbe-8a736ef8871f,I can't see other person in video call,1
b04c692c-e229-4382-8cc3-71000fd79bbe,Video no viral thad parti app,1
e57fc2c6-4009-4f41-9182-bf03acebcd22,please increase my account follow,5
fa073fe7-d5d4-4b2a-b257-2304dcba309b,I am not able to login in my own account,1
36c01812-d4ae-4520-9826-c84dac1f4e61,Good,1
d0f77aff-e6af-4a0c-a753-3c64d1ec44aa,Please help me,5
13f8f428-9ac5-4777-9335-d3d88b32c1be,If u guys don't no how to make games don't copy mlbb just make YouTube channel n make money,2
a4a6e4ad-a5de-403d-b02b-3b61db2232bd,i wish it would have an option that if the page i choose gets online the app would notify me. please consider it,4
2fcd1649-5a6f-4242-acf7-af72bc728e9a,Tion,5
e9580dae-7415-426f-9129-c04056933e2a,Very good app,5
e93aefbe-df4e-4b9d-87cb-d56133267c19,Good 👍,5
4d1b2b96-89d9-450e-876d-46f94168c91f,This app is very useful. I love it,1
ceec6213-d065-4b6d-96e5-c02e08e25bb0,It's a wonderful ihave been using since 3 year my friends are connected with me with help of this app,5
fc7d9c10-db61-470a-bf6f-f712ab289bea,Nice app,5
3c8a8639-afe6-40ea-896d-c8d0c5cba43e,Tharun,5
45371e4c-cca3-41e0-8e88-2dcd64a88461,Good 👍 👍 good,5
67966b48-3187-47d9-ae23-7c01731ca0b9,Good 👍,5
0c391faa-3113-492a-912a-3c4590273bfc,Only for entiretenment,4
e56f17f3-d9c0-4e43-a40a-e3750ddbcee9,Eesme ek bhi aacha chig nahi aata hai baas ohe,5
8abdf3c7-4416-42f5-a2ed-917b3cc965ae,This aap make my time waste everyday 😡,1
f81f7b7d-4fba-4eed-a588-b1c6e80a6b43,It is intrusting,5
4994ea9a-114a-47bb-97ee-e103ea39e4d2,Very intertenment app,5
1492b341-8370-44ef-af7c-e1a17d32d523,Boring app 👎,4
eef21c0d-a49b-4cab-becc-8f3d3aacd75e,best social media,5
03192909-ee15-4660-9889-57ce824ef70b,Wow,5
dd5d4f3c-985b-4dff-9b28-66df5aa10495,Bhut axa app h phele Mai thoda bhut padta tha ab bilkul nhi padta 😂,5
c3df1dd9-4bf4-44a7-b7a6-480cba280568,Ok kkkkk,5
6c382469-da2f-4330-92d6-d32b7195d538,Acha hai,5
f3d21ede-6cdd-445c-b7ff-77e7090c82c9,Nice app,5
4fcaf90f-581a-47ab-a6fb-51bed42150ed,It's a very good app,5
36aab82c-88af-4253-8bcb-83c73ce20130,Nice,5
55c995e0-4815-4a33-9d08-efc574d26b83,Hmm well Instagram is good you can interact with other people,4
24b2e011-3a23-40b4-8743-90a454083dd6,🥰,5
09fe20f2-4dcf-44a2-a6a6-04f54033de4e,Nehakhan,5
481ffa3b-d5c2-49c5-a3be-f78e88017b04,This is best,5
739a184a-2557-4de0-8148-4a5b7f0348ef,I just love this app 💕 m to jindgi ko bina Instagram k soch bhi nhi skti atlist mere paas ye to h jo meri feeling ki smjta h 💔,5
9f1441d0-1093-4ba6-b3e7-2ded1e9af7a8,Nice experience 😁,5
97ecec2e-ab1d-4f57-8c71-bb0c6be95117,👌👌,5
0edee5ff-e013-412c-89e8-d5ddd3fc268a,Rahul damor222773,1
454c8ad0-1b16-47f5-a7a2-d17da09cc030,Amazing,5
f752bb83-ecc1-4306-bf35-c414795f6a1e,"It is very good app. Because those people are connect of instagram. And every situation is shared in a every person. Just like stories,chats and posts this amazing features.",5
10a2f023-a686-4a68-b222-edbf24bb0e02,My account has been ho gaya hai shubham_bhoir_111 pls help mee,5
14b49b53-ace1-4c4d-9e25-19b06be4eb4e,I love you 💕,5
fb226442-55c5-4d97-8130-8af0360d6145,Good,5
18a13d4d-7b9b-4be7-956c-9ee4156c51aa,100% up grade,5
7f66143c-375e-43ae-9bc0-0bda077053c0,Mast lga,5
78098fff-c365-41cc-bd43-eb87807ac49c,Super,5
5aa7e1a6-8536-40b0-91f2-02980301f3cb,TT tr the x,4
e07ae265-4871-40b4-be76-804e8f697116,Thank you,5
2fbf1fe6-f0a5-4a75-a8c1-d490022e151b,I always find something new and interesting and it has also become a source for some knowledge. Always looking forward for the upgrades.,5
82180263-9337-4526-8dd3-74869210a41a,Cannot use the notes update on my instagram,4
f7fd3e92-bb60-4d1a-984e-99d334b9f130,Veri good 😊,5
361c1bef-b741-4990-83bd-e8e154db6912,🥰🥰,5
627bc57a-25b2-4505-b438-46d33586dd19,Notes are not available in my account,1
ce98bb25-7ed8-46be-ac2f-1db0e17c365f,I love buying these and playing the fishland,5
a920884d-43fa-4a6f-abe1-65df01deb9f2,😙,1
c43fa030-ff44-46a9-9276-993bf5935d7b,This app is so good,5
82b308a7-7976-4a42-ace0-7653234d7e7e,Super,5
942bbf04-c0f5-4fc0-8d97-5c711767c48b,Very good experience 😃,5
805870c5-1fad-4856-8934-db6a1afeae90,I love instagram,5
3d2af82e-1e43-4b47-8ff5-5d69d633ef22,This app is useful just removed the Caring,4
89043130-9812-4ba3-ae02-8dda0922fc51,"Hi Instagram,from 1 -2 week I'm facing temporary block from Instagram.often this massage show.i didn't like and can't rise my followers.Please my problem solve as soon as possible. Thank you",1
420852e3-72df-4ee6-a66b-4d4278af9b75,Bhangar app ahe,2
3eaa601d-2530-42e3-8443-92cf337bfb85,As,5
bb54176d-da5f-407e-83ea-5a5042e72212,ShahibShahib,3
68829a79-a4d5-4783-88c0-462f7054f580,Pagal aap hai don't use ...,1
23ed067e-d76e-4f6a-9c58-0e077127eab0,Best,5
143a528e-da45-4d47-84ce-e64a6b32bf0e,Wow 6/7/24 i am hardwork,5
35c47471-5115-4b50-a57e-92aa26a6f7a2,My favourite app to use whole day 😍🤌🏻,5
917e87df-4bbe-4a81-9028-734942a1c925,Exllent,4
63d8b325-d25a-4698-885d-e8245b67207b,Not as useful as X.,1
b35c762e-00ed-4ed8-b9a3-c222f1295bb0,❤️❤️❤️❤️,5
15bdedf2-70b4-4097-b197-8e0b491ac869,👍,5
6e28c003-d241-4a82-944b-9b6fd078b33b,It is really very good,5
29d650ea-5ce3-41c1-813b-67ea9acded5a,Always Gud,5
e7fdce58-8ec4-42d7-a195-f87391325f35,THIS IS VERY NICE,5
e6e9a4d1-2c64-4fad-bd7e-a8b4c1bfcb8e,I really love this app,5
9d4d8b10-ffc0-4e88-afb9-96dea1cd5a5a,amazing,5
dd93b0b2-386f-4d15-84a9-73e6efb96048,Dhokebaaz bkl muje or meri ek dost ko ai nhi diya abhi tak bkl mere ko bar bar restrict dera mkc teri,1
4064d971-f760-4a40-b0d9-9b3df0973eea,Why can't I pin my chats🤧💔,2
7a84d0b2-e171-41d7-a64f-4f73bb0c41a6,Amazingggg,5
c2a93c62-2a5c-45ac-a6b1-a67cd5785362,The best entertainment app useful app good quality more followers increase,5
d9be4f20-f172-4c5f-ac48-b9f8461bc0a3,Amazing,5
dddf2ab1-f177-404c-95e0-51f23a29655e,Hi Instragram I'm more times I report my problem but my problem is not solved please solve my problem 1. My personal I'd some one mentioned me means I can't mentioned back please solve that problem 2. If I mention anyone means they mentioned and put her story means that mentioned come back to me I can't mentioned it 😭 😔 please solve that problem 3. In my fanpage I'd if I put any videos or photos means it's not going in story please solve that problem please I need solve my problem please,1
c28360c2-2470-4d68-83b1-2f0dda59f065,Very good,5
b70d7628-ed93-4fb7-a910-cd0a66ef6253,Wow nice,4
7ad26f5e-9d4c-4a25-97ac-6b80c1e807d8,Love ❤️ you insta,5
ef9633a4-4c03-41a3-8a59-ea3fc9fee5ff,Everything has two face...it too has bad and good face...now it's all about you how to use.. Anyway as students for students I'll suggest to not use it too much.,2
544f69bf-aa4e-40a4-bf81-eea602a3f6ce,Really looking forward to seeing everyone on edit,5
d156f083-a381-479c-9b93-9d5c07dce54e,No experience @all.....🤪😆🤣,5
5e07426d-4e44-44bd-a0f3-ec8b541af2d9,Op,5
a60e5240-1513-4aed-b69a-7d1ba9f79c67,Yas,4
b76421e4-854e-4c54-9528-6c62e7ee2fb8,Yar please video view or like bad k,5
d97d6f0f-6638-4420-95f6-b39273251c49,Nice,5
627cda93-f2c9-4ac8-8d36-74e92045fb33,Supperb,5
9cad46f7-42e9-4770-94e1-3b3384592533,Doesn't support samsung note 3 :/,1
b4460f4d-ed4f-4c8f-8cdf-4c6abe1fad65,Excellent,5
eb7823e0-3e2f-4cd9-bd7a-266ca4058be2,Lovly,5
54349e47-e153-4981-8fa4-a03f82a048bd,❤️,5
eba15cf7-774d-4e9f-abe8-448efd413110,Nice app,5
f3dcce39-58fa-429a-9620-9d9d91e2b6fc,Good,5
ba1a314e-be11-4891-956b-3d4478e59908,Nice app,5
126e80ab-8dff-4449-9908-c36f8676d088,Op,4
170e9e40-80c1-4c94-aab0-6f3797bf005e,Insta is my favourite app❤️Such a perfect app🫀🫶,5
c2473929-8606-494f-ba86-c2c932c5771a,osm,5
671aea07-0184-4007-9787-ca05052d73dc,Good app,1
8f69f059-812d-459d-a6ae-ec102e68159e,Very super best app ❤️❤️,5
1485d558-ed8c-4d47-9839-b4c10f601c19,🖤🖤💋🥰,5
fe3b8b2b-fc3a-44eb-a759-e65332b5d871,Bed,1
78d3503c-8026-4fab-995b-f30df006f5f4,Heavily policed app with garbage algorithm. use to be great now its just an advertising platform,1
a42ceb88-d599-4158-a294-cc3efa6f49a4,Excellent,5
f0884501-c43f-46f4-9402-1dbcfcbcb326,😊❤️,5
2e50dadd-38fe-4d7c-a7bc-adbc97527d80,This aap is amazing ❤️,5
9c0b89f7-3d03-45b1-943c-58dfc8214f36,I love Instagram,5
90bab254-214a-491e-88f4-39e3ea919182,❤️‍🔥,5
eb5225b6-f108-4c4e-9f32-37bea91508c9,Ch y kl hi nhi e out o gg btb b u uu uu u r u u r u think to you will you bet me n ggto sharab ki Dil se y g h n n byuuyuuq t you b Roy by by u uyyy u TG bt byy y uu uu o b,4
a588ab27-2565-44e5-83e5-59df63f741b1,👍️❤️,5
7bf16f53-ff51-4811-9c7b-517e13d9fd95,Samir plxa,5
3c60a4cf-0aa3-40b7-817b-e7d35b97522f,Mast,5
b6d69f54-f256-49d5-a6d3-91d6fc7446ea,This app is good but some time someone send me masg the app will not show me the masg when I restart my phone then he works properly,4
96859fd4-f2b1-4634-864e-35ca80d9a862,super app,5
b0504a1b-4857-44c5-8776-9fd53169765f,I love to watch reels content provide by instagram It is helpfull for me But problem is that my reel not be viral Since I join this account,5
51563bec-b6fe-4541-a580-508bd474f8b6,Wholesome,5
637d67c0-8e34-43f9-ba6c-ed28541d593d,Just good,5
9e0d6846-f97d-4b3b-bd10-95e34fe9fed2,I've gained 24k followers (vedik_kanya) but cannot find an option for broadcast channel. Veey disappointed. Please look into this matter,1
93441b30-aa12-4463-adca-7155f6d3f7ee,Good 👍,5
df6a57b4-8584-4808-9c09-5ddaee1bdb74,Very nice,5
040ef517-b8eb-4114-aec6-b0683a6e2777,Good,5
4820ddbd-c9ba-40c5-b26d-6165d4a513c6,Allahndulila behatarin app hai ye is app pr mere 15K Follows hai😇,5
78170ede-ec33-41e4-86d9-bc5262856d9d,Instagram is better app,5
4d9633d5-87fc-4ff3-9e00-83747b7c63f0,Amazing,5
88c21e38-7e61-496e-88d3-8920bc10278f,"this app isn't safe for anyone, they remove your content for absolutely no reason but won't remove offensive content",1
e4d95619-101c-4f5a-b37c-46161016a6b1,Nu💋,4
416cfb4b-2f46-400f-8c87-83f03e349ecd,Best,5
19427897-f253-42f7-86bb-f4c9869fa070,Nice 💗💫,5
260dcd63-69ce-42f5-bb91-c688b377b14f,Very good app but It has one problem my phone becomes hang all time when I open instagram,1
b46e7a22-4f63-4e8f-b06d-ee46ca28e0f7,Very good,5
ab1dff4d-18e1-49dd-8981-ea1c873865f2,Updates not coming 😡,1
2afc69b4-a1f2-4c21-99ad-417c45cbf9cb,Sometimes its getting hang,5
5c11a5fb-9885-45ac-9613-f2df570afe91,Good,5
a4b8c2ad-1673-478d-8179-e1175af5d932,Samu 💞,5
a39a252b-f38e-482c-b11b-088e38be5723,Wonderful app,5
0650442c-f84a-4730-9896-ee4e12e82863,Supar,5
d6299346-8354-4d1c-a8e3-346f36aaea99,"Ui System is worst! Sometimes features work, sometimes don't...",1
4ad32e40-06fa-40e6-a96c-b6458932f377,"a vessel for Nazi propaganda. thanks, zuck...",1
2caddc2a-2fd5-4106-ae49-f6773c309e7a,Even if i do nothing..only to fillow with my fav artists.. Instagram block me for 6 days is it reasonable? I can't follow and react ..worst !!!! abnormality on it's finest!,2
75df2c15-c4c1-4352-b408-c9399cd9ca78,Orignam bro,5
4288d9fa-592c-43b3-a42a-be51ba28c38e,No reels reaching,3
dc3e06f2-611d-4a0a-99f1-d6d27185f08a,Can't post multiple pictures without the app crushing,3
b5014fb7-1492-457a-b316-a94c32842520,Sir my id kim_taehung07__ me jo problem hai use solve kr do please sir,5
89a41c32-1dfb-4e86-9ed9-96bc373fdaab,This very funny,1
4b2aecd7-4393-4469-b510-dc31635ddd83,Ok,5
21dcd9eb-21c8-4f4e-8d56-c30f342f8a8d,Kewl app overall I love it also can you add more filters pls. Thank you,5
20ed7797-22b0-4e68-95c8-a57211dcbff0,This app most likely demanded,4
616f7088-214f-4933-948a-905c27675e10,❤️,5
60137729-6da0-4c66-909f-78011f50f771,Nice I love it,5
7e56de9d-49ad-4bba-8c92-0380bdafccbf,Supar,5
c0167fa6-ae43-4a5c-af13-81472d528399,Lnstagram,5
d490d4ea-956e-4dae-a14d-68c4fea4b92b,Instagram updat,5
d16b5f74-ccb3-4636-a145-dd1d44d0888c,Very nice aap ❤️❤️,5
fa606f0a-6329-4470-9780-03377e833781,nice Good,5
9817b871-c804-43b9-aad7-59d9d3d39820,Nice app,5
6d287413-9c38-4357-9b52-28d863179848,Ye good aap he,1
6f012f1d-c5f6-4d75-841a-fbd7129aa3df,My reels not viral I am hard working from long time Please solve the problem,1
38188a62-b775-455c-9b8c-a7539647ec46,better than blue one,5
6662af78-a7a3-4efb-8917-900ecb252df5,Nice one 😁,5
561bc3a9-98c6-455d-a24d-687319547b89,So many glitches...,1
cb89237d-232d-45ff-8545-b4dcd8ccefa5,So hard to login,1
2cceec9c-a125-4686-a95a-a347c36c9a7a,Good,5
98f9884c-8dfb-417e-9243-c2da95bfa714,Super,5
19d22d81-a983-410b-a7e7-270180b6e457,So nice,5
d0c83a06-2525-42e1-8dae-956585f3d698,Very good at this point 😊,4
b674f60c-fbdf-4d77-872f-f925b1028e89,Op,5
32774200-22d8-4906-81eb-64e0efc55f5b,So much fun! you can step instantly into being a creator and film editor! All the buttons are intuitive and this is a great way to expand your horizons into the world!,5
8bcf9932-b47f-4739-8364-910e05edd0f2,Suraj sharma 5891,5
9237348c-70b5-4f11-be1e-ddc045084bdd,I have an Android phone.. I'm confused because I have an iPhone like story feature then after 3 days it goes back (disappointed) 🫥👍🏻,2
ae8dc922-994f-48b5-b518-c0ecb65708f0,Super 😊,5
266a5205-83db-4eac-8625-e1e220d410f7,👍,5
ddf00d37-38d9-41fb-b0a9-5f21863fbf7a,Fantastic,5
3474ccf9-9b6e-485c-bf46-bd27a9ce22fe,Good,5
f778475a-526b-4529-bc12-81ef5f45db00,បុ,5
49591a74-a06e-48c5-8e31-c5ba44144dd1,Good app,5
63f08377-f009-4c00-982c-350ef7d5776f,Very very good app👌,1
927dc898-7fbd-4012-a4a0-422d2f8c9b6b,This app is excellent ❤❤😍😍😍,5
a315f21e-21c0-4f38-b3ba-3c181fc785da,Quite a sigma app,5
11c9fe41-d1ed-4b19-a81b-0c2816752508,The music is not working so far it's good,1
86185c49-d14e-4103-9204-c522d7cdf3be,Ok,5
145a5e73-c6d7-4ff8-8b3b-4524e359e884,I give this a two because...my account was accidentally deleted and ltr when I tried to log in back with my right password and username...it said that there was no such account even registered my such such name (account name neeya_spring) I request to please give me account back it holds a lot of memories... Except that I love it...,2
ff1e32a6-377f-4c94-aec8-4ecd0eabfdda,Single life 💔,3
fcdb8d7a-087d-4ca0-8297-42f749e5d795,Lobly,5
22aedaad-6fc0-41fe-937c-134a27bb1f75,Love this app so much. It's a very positive force for the good. But Meta need to stop the bots and fake accounts. It's doing u told harm to a beautiful platform.,5
6d3ae22f-0eb1-4203-afe1-9d01ddb0c30e,Awesome,4
a4c219f9-9171-4692-9c90-ccae602333c6,Ajay Murray.,5
144e01a1-21de-4a78-afdd-23bf0d526df0,Very nice app,5
6162273b-2cc7-42d6-af68-912e49eb4010,Good,5
83088789-733b-426c-aef5-44bb08584e3f,Instagram is the best platform for time pass,5
6f9ba461-a6ee-4806-b1bd-17475773ca35,Ye bahutt hi badiya aap Ha,5
e572f947-6fe6-4f4d-b1ea-9c34597df371,💥,5
64b6e57d-d9ec-45f1-8c6d-1fa5435bc470,Try again later. We restrict certain activity to protect our community. Let us know if you think we made a mistake. All I'm doing is liking a post. This has been going on for the last 2 weeks. WHATS GOING ON????????,1
0790080e-294a-4c8d-bce9-57006dc73843,A very good,5
d30c69e1-79b7-4e6b-8bdb-bd014cb77c49,Fantastic app,5
8b9d591f-92b7-445c-8208-9d9cdd423551,Nice,5
346fa7bd-198a-40df-baf5-9a3591d639b8,डीसी वेरी चोखा गेम,5
7a0d6c9d-27e3-47ed-9436-e02e7ee9bb33,Very useful and interesting,5
9a9bdfac-da2f-4325-96ca-5aebcb91b8d1,Good,5
59ea8a2e-2c1d-4d65-a720-f4538fee3fd5,World's best social media app for entertainment and e.t.c.,5
3068c677-4595-4ca1-80e9-a604993015ce,Amazing,5
318b99b1-d6aa-47f0-ba4d-738c5c0b33b6,😍,5
b03737f0-e1d2-422e-b013-37c3abd7e295,Finding gifs on Instagram is like using Bing for a search engine.,1
d103b8ec-e50e-4a77-b2d0-05c29300241b,A very visual app,5
82514d8a-c16e-4875-8a89-7028192c1db5,Sangharsh kamble,3
ddea3a8b-c5d1-4403-b560-fb199b1de09b,It dosent work for me please help me im facing problem 🥹,5
9d156541-a9cd-444e-b2ca-f4ed8c7db8dc,Nice,4
67d1404e-b1a7-4aed-9e19-1ddb9b01b09d,One of the best app,5
bc519e55-4fb1-4f84-809e-2a2b68cdb200,👍🏻👀✨,5
18da070d-7871-48b6-b71b-555000fad731,"As everyone knows, its a anazing community app",5
dce8a731-2ff8-41eb-b286-24c711dd66f8,Wow gorgeously🥳🥳🥳🥳🎉🎉 😲 Wow 😳,5
c408a939-77d2-47e0-b2a5-85bc112f6414,Manjinder Singh,5
01c57e9a-a0d7-4ca7-bae5-140e0f532292,Iss app ko koi na download karna😤Isme kisi ladki ko message karo to thodi der pata nhi kaise Instagram User dekhne lagta hai🙄😒 Aur koi ladki reply nhi karti🥺,1
7ed5ce0c-231d-41ae-bb93-34024bbc1c9b,Rrr बड़ी,3
1dc244fd-d298-4426-85c8-7c4892b59f22,Bhai folowers bdha do,1
3ef3647d-8293-4a76-ac53-86d82a7fd665,So many problems in my ac please do something please🙏,1
ef8b8630-230e-47f0-aafd-6b4beb7c4c89,Bad,1
538f89f3-d081-4a7d-b51d-6fe73ee71edb,This app many bugs and my account not showing new followers. And day by day decrease follower count.,3
00c018e9-2f4c-4b50-9be9-7cace4813294,Super 😍😊😊😍,5
b5ca3fb6-4e9d-47c1-987d-2edf191fa0c3,Good,5
2c749a9a-da9a-4979-bbdb-6cd6407d3b9c,Amazing platform,5
29d680d8-47a7-4460-b868-3149e77b5f1c,Good,5
ee567076-2c02-4383-a33e-8d73ebcd7ef9,Cool,5
1f77bbd9-d592-4536-8a8e-83a3c6590e1d,"Suddenly I can't post minute long clips on my story??? They are edited to be exactly one minute or less so that it all fits but every time I've tried it said ""retry"" my internet is clear, my app is updated. Everything is clear. It's always something up with this app",2
0d999383-086a-4b21-b9da-bb4d12054b9d,This is very good app,5
81873d01-318f-4025-a1d4-56b52347183d,Nice,3
c8f8fddb-dd93-4bbd-9af7-1ffca467b016,Supar,5
d4f4fe8c-2742-4f82-98f0-f4d7f35c69e1,Super,5
d0641ee2-10b5-4170-aba5-bde03ad06117,"Vishal Xxxn, you। jatav",5
e95fa30f-e77b-40a7-9ef8-8bbbb102591f,I gave it 5 stars bcs the reels it provides r always relatble ....and its safee.thats why i like it so much,5
26af1e54-f8bc-4034-9c1c-458679d27bf4,Very good app,5
a773561b-a4ce-418a-b849-eef0569ebd26,Super,5
dfa8c683-fa77-4a4d-926f-29efa51cea17,Why would you add an update to show who saved what video 🤡,1
6e1d90ba-dfa4-465f-8681-612ece865cfc,Bahut mast app hai,5
ff8dd6b9-3b93-4bc1-8f43-a1a131a214fc,It is wonderful app I have ever seen Thank you Meta for this wonderful app.,5
621458c0-4670-4840-9614-7ddc1daa9cdd,Nice...,5
31e41306-e3c7-459c-8339-3145e1b43181,Good,5
0c271770-a8d3-4457-bb4e-db8fed20bd67,I love this ❤️✨️,5
612aa295-bc0f-4ee9-b9fe-3c74d931c5c5,Gooooooooood,5
7810ae7d-d2de-4ede-9874-09f6c21c994b,👹,5
b0c8ab16-3b0a-44fe-be7d-20d162a4abd5,एक बार opan करलो बंद करने का मन नहीं करता यार 🤣🤣✅,5
48279d45-7bbf-4fe7-9349-d1a3c2a35c69,Bekar hai bhai koi ladki reply hi nhi deti😐 don't install 😐 install kar liya to Khali reel dekhna padega,1
19afdad5-7109-442d-b69b-75ad7a1440d8,"अअ‌,,",2
095cc93f-a303-40ea-bd83-ba8de75fbaea,Nice app,5
9ca41338-d960-44c2-8f2b-c3d4d0cd8b10,This app becoming annoying it restrict my freedom of speech,1
7ed5ce57-faa9-4e00-a986-1593f5f2066f,Bad performance,1
f14115ea-e2ad-4670-9365-81a28e7f7470,Very nice,5
17c838b7-dfb8-45dc-825d-433101a97c82,Worst app in the world 👎,1
e9dd5e5e-7267-4e84-aa9c-b6ddee13db19,💟📷⚡,2
f3782d13-fce9-4c17-a9cf-0f0dc2cc9f29,Good experience 👍,5
5847d286-66d4-4ede-a055-2c75070e2deb,Good,5
726e5f30-6883-47d8-8381-f4797a30e7e2,many problems 😑,1
5f660429-b507-44ec-8575-9ed190146327,"This app is trash. You can't say anything without getting a restriction. You can't joke, or anything. It's very annoying.",1
5d54697d-da80-4f45-b348-ad6fdbeeee56,Plz ap muje Instagram ki id ko create kar da😞,5
c27a4ff6-fb62-4d88-949f-75e977c996b8,Super 😊 Instagram 😍,1
d9e06acf-bae8-48f8-b52a-1db55848f75a,I like this I can easily find my relatives 🤩,4
417ce9da-80a9-42c6-8683-32c483d9fbe7,Nice aap,5
2b06c14d-3c6a-43c3-a47c-ec0e8c6bb4dd,Good...,4
0c62fa01-c738-47a3-9954-fb89d2cff2ac,ok,5
1ab2cfcc-9e3c-46fb-ad8e-8a058f9d964f,Not reported friends follow back request problem Instagram account,1
736403a0-dc2e-4b51-b605-dbc939a12717,Ayush yadav ji,1
f4c7131c-585c-40ad-8462-c5971095ae93,So good. I LIKE IT. MY RATING IS💯💯,5
3428ce62-ef25-4580-9e98-e92694a53857,Plzzz Instagram followers enkirch,5
47c3f7f3-b392-43fd-a78b-51b7e52a250f,This is good social media application where defferent knowledge we obtaine,4
a7a59ffe-c0f3-41da-b2ec-36d3abae711f,Thank you intragram family,5
dda30728-6841-436b-b8bb-7e81708ffacf,I'am very intrested,5
b6e3a21b-3863-4a98-988a-b72dd5256d3b,"Reviewing this app again.. first of all the app is really glitchy and when I am trying to make a vid it says ""video is to short please try again"" even though it's 10-15 or even 20 seconds long and also when I try to record again the white button does not work I have to open the app again for it so please fix this.",3
96e4f72e-1dbe-4113-95f2-4d996942bebf,Brainrot,2
c609c80b-26d0-494d-8ddb-ad0b102e6173,😠😡🤬🤬🤬🤬🤬🤬🤬😠😤😤😠😠😡🤬😡😤😡🤬🤬😤😤😠👺,1
7cf8bf8c-fab3-46d5-a281-81100e5fa919,No words to explain,5
6f876dee-3be3-4424-9e2c-f4baa1a12bd5,Amazing 🤩,5
b55bfab6-d618-4216-81aa-f0d1853ce030,Not bad,4
90271206-d355-4c04-97d8-fa201b80e736,Ok,5
465a2601-f65b-46d6-81f2-a7366d61f02b,Hero❤️❤️❤️ love,1
5de72dcf-4733-436b-9ce7-0d763e3a0b25,Wow nice this application,5
4092b39a-e303-4c3a-bd75-f12dae8d1be9,👍,5
3a7c358e-970d-45c0-95f0-ded58f4a8947,Excellent,5
a73456a7-67bb-4afd-9535-1edc35fd3c57,Awesome 👍,5
1ec06f08-577a-4fb3-8e1c-87eaeecf9a51,Sup,5
6b3ce2a0-0660-4cd9-bbef-7fde46038a81,Girls not following me,4
64bbb00b-4319-4659-8ece-e4af44b2a3d3,I love it 💓💓💓😍 so much,5
b3037257-8863-4975-96dc-808ee27e5187,This app is really good 😊👍,5
73c53d8f-b0a2-4af5-808e-cfffe4b071a7,This is a really nice app i love this than the remaining other apps Its so easy to use no stress🥰,5
1bd4544b-ea9b-4673-8506-b3b4c0383d63,This app should be ban,1
f041f8b8-50bb-4de3-b1af-1011085b1f69,I cant add music in my note,4
46820c6c-e096-49a1-b75a-662eca6d8403,👍,5
0a5eb7c3-e514-45e8-9ac1-a9a9b892b4f4,Isi se to jee rahe hai hm log nice app,5
93930708-ea88-4719-8102-ce98d221a0fa,Zg g. I.,1
fef8790a-b7f5-4f55-9e8f-a1ac54ffd9ae,It is so good but not respond to reports,4
17b5a669-6413-4c8b-b7e4-a3553afdcb75,Nice ♥️♥️♥️♥️👌👌👌👌👌,5
b1dbd4f7-33a2-4502-a548-55ee565dfcb9,nice app,5
88c491d8-5396-4366-868b-c96b484337bd,Pooja,5
d58fcdd7-5604-4192-9f52-38ca790d3d88,"Though I've updated Instagram but still I'm facing the same issue of video calls.... When some one calls me on instagram (video call) and when I accepts it, I can see my face, other person can see my face, but I can't see another's person's face... Why is it so....? Please guide me if the problem is usual...",1
ae83f09a-289d-4b62-b3d8-0993210b3b47,😎🤏,5
8a91520f-fca2-4ec8-8f14-d0afc102f58c,Wow 😲,5
ca439844-2058-4a77-a744-13cb17e0e75b,this app is very good,5
97ddc9df-3051-4bf3-b0b3-637f5586b0f7,Generally good. But it's very annoying when you scroll down on follower/following list on mobile then the screen often times accidentally swipes left or right.,4
14a29444-387b-4899-aff5-655942301925,Nice one 🩷💫,5
1651f93f-5cb6-4a23-a38c-93f2a7054ab1,Bahut aacha laga,5
0d113e1f-5139-4304-a004-6d5c7f1a6b71,❤️,5
c08d6b5c-3847-4e46-9571-386d66854412,😊😊😊😊😊😊😊😊😊,2
0b4a5192-ee35-4629-9daa-27a25ce0de1b,Very much social media and you know,5
0860cebb-f6d2-4a50-8fb8-42043df47ca1,Good filings,4
5bb9415b-4919-44f6-80a4-226bbddd5cb8,এক দম বেকার app কেউ install করো না,1
f7b19d6b-9bea-46fc-a56b-1ba9de7e6217,Good App I like it❤️❤️,5
e46721bf-0f71-4c3a-ab87-cef33f14cc76,Excellent app,5
c3eecdb5-7cff-4d9c-a42e-663176f309e9,Abee saalee insta tujko toh ummar kaid ki saja honi chahiye ajj tak ek bhi ladki ne message ka reply nahi Diya😡😡😡,2
1a215b7a-ff5e-4da2-b508-cdf354e57e98,Excellent,5
3185ef5c-39d0-4453-b140-62ad52b38717,this is app is super beautiful for communication to friends,5
66967a11-e936-49d1-ba32-8cbd28b32237,Ajay,5
c7b08ced-8878-4d29-84eb-44b0dbc57d14,Best app for everything,5
a690cea6-a3cd-457d-97fc-50d1a479aecf,👍,5
22f23ec5-ba3c-46ba-92fb-40f836a615d6,Its not cool as before people are blocked for no reason necessary fix those problems,1
c2c4caa5-ae5b-4c4c-817d-8aa3d69fcbef,Through this aap we learn many things or easily can show our creativity,5
9d505d06-b7fd-429d-b397-9e544c0f2717,it is amazing,5
9a8190c0-d83d-4fed-8921-15c8cc350130,मैंने दो तारा दी है क्योंकि मैं किसी को फॉलो नहीं कर पा रहा हूं कुछ प्रॉब्लम है शायद।,2
b9273d06-f60a-4736-9c91-b13b3ab1ff28,Enjoy,5
a61e1732-4dd3-4105-a54a-af8746622905,Too many glitches now!! Every post is up for Community Review.,1
f8cef5f0-13fd-4c02-97a6-7be4715e74db,Nice,5
3d0c39a8-ad54-495f-a60b-a44a361b6e01,Fully Biased Platform 👎🏼,1
4e251f93-113a-4cbb-9888-b8a6c9824038,I don't like it because many reasons for this,1
90d0c430-8142-4690-bacb-af12591907f5,Super app,5
cf9cb669-a9ac-4fb7-828a-62d524884f8f,Best apps,2
3a53a640-48eb-45ce-ac64-17323c378e9c,Super app instagram melta,5
6f067824-224a-46dc-8d27-6abd6691384c,Good,4
c2f306e5-a904-414e-8616-ce0e8c205185,Good 👍😊,5
1ab28964-2d5f-477e-aac9-141de3866d58,❤️❤️❤️,5
667e7fe1-5f93-4fcc-8967-26f0d8fbdd41,❤️❤️❤️❤️💯❤️💯💯💯💯❤️💯❤️💯💯❤️💯❤️💯❤,5
85fa0e71-3243-48bf-9603-3a4ae25185e5,Ekdam bekar app koi bhi ladki reply nahi de rahi,1
cb7d4358-6aca-4515-a40a-7f024c0ccd18,Good app,4
240c938a-d0f6-4ebd-8335-e892d32ca977,Fabulous,5
f343496f-909e-45b5-93bf-6011c196d7a8,Mast aap hai maja aa gya dekh ke bhai 1 namber aap hai bhai mja aa gay dekh ke love you Instagram 💞💞💞💞,5
a0540dd9-dc24-41d6-a189-b49e93fab6e7,Notification problem,3
b41a7d77-d79e-4641-a529-9e8a4b4e5425,No word to say😀,5
b6bf0d5b-e094-411d-b0f7-78a6fa8150d8,I love this app,5
ed0243af-a24a-4011-b089-2981f4ec29c3,Nice 🙂👍,5
9d94db96-0476-476e-8c80-741cc6d20940,Super,5
291b2a87-e8fb-466a-902b-db3a1f4b2578,I love insta and I creat a video .,5
1285b700-d77e-4d17-b6b0-96e9157c1fad,"Good app , but sometime don't work well.",3
83969d4f-0308-4994-9e57-4c4519936f21,Nice,5
90bb5b87-a610-4167-bdb0-b904789b051c,Nice,5
61ea190c-a904-4415-a2dc-de3e9aedbafe,Siraaa,5
8753c19f-26c7-4b18-8a1b-cf8e1636d6a9,SURAJ,2
73ad3df1-83bf-4696-9934-74944dfc1814,Nice,5
eadf04c7-b054-47e3-85a1-1d352b5cd1e2,"Very good ,very entertaining",5
35144d70-a4ae-42b0-bab3-f7bf9135ef52,Thank you Instagram Team 🌺🌺,5
c7b0dfd9-4b22-431a-880e-dbdca34e488d,Love this app. Love NdlovukaZEE.,5
ae21aea3-e054-48e2-b502-771cbe9e052b,Very 👍👍👍😊😊😊😊😊😊😊😊😊,5
60688c5d-582d-4560-b413-f2c17f884bab,Govind editing 💯🥀🥀🔥🥀🔥🔥😈👍🔥👍🔥🥀♥️🥀🔥💯🥀🔥💯🔥🔥♥️🔥💯,1
896a2405-efab-4787-b78f-789af57d34b8,Great,5
82de6e75-a500-411a-9ec4-87bd2e8e9f3a,sangat bagus,5
778d08d2-8df3-47a2-964a-fedfc1dba42d,Good,5
9dc80b1a-228c-46c2-9bc4-427e0f86b291,so much,5
04037db3-c0a4-4550-89f2-d6e170597147,Good,5
76a14e33-182c-402b-813b-ba68c74244d3,Ye delete hone me kafi problem create karta hai🤔,1
d0a9b6a7-4cdd-4a0f-9ec1-69d569916f6d,♥️♥️♥️♥️♥️♥️♥️♥️♥️♥️♥️♥️♥️♥️♥️♥️♥️♥️♥️♥️♥️♥️♥️♥️♥️♥️♥️♥️♥️♥️♥️♥️♥️♥️♥️♥️♥️🎂♥️♥️♥️♥️♥️♥️♥️♥️♥️♥️♥️♥️♥️♥️♥️♥️♥️♥️♥️♥️♥️🎂♥️♥️♥️♥️♥️♥️♥️♥️♥️♥️♥️♥️♥️♥️♥️🎂🎂🎂♥️♥️♥️♥️♥️♥️♥️♥️♥️♥️♥️♥️♥️♥️♥️♥️♥️♥️♥️♥️♥️♥️♥️♥️♥️♥️♥️🥰🥰🥰🥰🥰🥰🥰🥰🥰🥰🥰🥰🥰🥰⭐⭐⭐⭐⭐⭐⭐⭐,1
a61c2e6f-f150-407c-b7be-9e8cbc638e95,Good,5
b0cedf8a-6c11-4f74-b8fa-1dbffa3fc90b,Good,5
82aefd0d-1f4b-4c3b-bf39-2d59c4d3f2d1,Very nice,5
4d8f17f3-cb57-404d-aac7-de5d2f3a26be,so sweet ❤️,5
bbeb1977-5919-4598-a167-759c8f6a02a3,Ok kbo put t fit putt tu putt m putt kh hi RR tu pp up rr PR to pu ruio RTO rrri krta ho raha Dr PR RR u,3
3be94961-3b4f-4ec5-88bf-8c2c2e164ae3,I really love,5
407fd0f0-a1bb-49cb-9f34-e3e30063dd87,Nice 👍🙂,5
06c4d52a-f265-4910-a5dc-3004fe5cf6b3,"Aisha Rayon Foil Print Kurtis Aisha Rayon Foil Print Kurtis *Gown Length*: Long Style*: Foil Print Sleeve Length*: 34 Sleeve Fabric*: Rayon Type*: Stitched Occasion*: Variable Pack Of*: Single Design Type*: Indo-western Sizes*: M (Bust 38.0 inches, Waist null inches), L (Bust 40.0 inches, Waist null inches), XL (Bust 42.0 inches, Waist null inches), 2XL (Bust 44.0 inches, Waist null inches) *Returns*:  Within 7 days of delivery. No questions asked",5
1a62c551-5d71-4c38-8025-5d18c12e4421,SoniRaj,5
66c136bb-71c3-400f-8a5d-49e11baec097,❤❤❤,5
910006db-7842-40a1-beba-881905d05e52,Story lagate samay saved song ka option nhi Ara hai,1
a215e9cf-1f1f-4295-b781-8b9443ac32c2,Shi h itna acha nhi h,1
07a09c19-c0c7-4e16-9ef0-187349e29a6a,Excellent,5
926a6f25-0b1b-432d-9b9d-ee589e648e55,Good game but your app have many faults,4
ba1f7eb1-b989-4a6c-b9ae-6fe54f043dfc,❣️👍,1
0cc98ab2-d8aa-4d53-917a-d699f7df8a17,Goog app,5
c98867b3-3e36-4bba-a725-8151fa10b027,It's very useful and wonderful app😍,5
4924f588-51df-49ac-b3db-c34db4285369,Super🤩🤩🤩🤩🤩,5
83ac9d45-8e85-4288-bc36-c1399dc04dd4,Login problem. Tried so many times after log out but that's very frustrating. Do not logged in after trying so many times with right username and password.,1
8ad4ba42-245e-405e-b2f2-37c4f1fd24c4,M oo ఆయనకు L llwhu,3
370c510a-c0be-4c4f-a987-a169ea426adf,OK,5
c6d96ff4-b3e0-47d6-9269-242f06e9f643,Thank you for real,5
1cd2ed24-d2e9-4961-8e51-7dd436081d12,"Instagram is horrible to deal with, lost all my photos over a comment i made to an animal abuser. I will never use this platform again",1
35af86b3-aaa8-4364-bcd9-da9027ad7279,Aryan,5
1ec431f0-59b7-4bfb-8502-e28b05b2377e,Lovekush lodhi Rajput 😈😈😈😈😈😈😈😈😈😈😈😈😈😈😈😈😈😈♥️♥️♥️♥️♥️♥️♥️♥️♥️♥️♥️♥️♥️♥️♥️♥️♥️♥️🥰🥰🥰🥰🥰🥰🥰🥰🥰🥰🥰🥰🥰🥰🥰🥰🥰🥰🛕🛕🛕🛕🛕🛕🛕🛕🛕🔪🔪🔪🔪🔪🔪🔪🔪🔪🤟🤟🤟🤟🤟🤟🤟🤟🤟,5
1a4b7924-d278-4688-a4b0-959785f7c220,Nice,3
f6657c33-425f-4a3d-ae2a-f0ce34357df3,This app is cool! I can show my adventures to the world!,5
4f0ae332-b4f6-4e58-b007-25950dacd41b,🔥,1
3edb3fb8-b578-4c0e-82f9-7feb12f9cbf5,Good,1
e1588fa2-959f-4962-a88c-720fa02ea869,Kya gatiya app h ik bi ladki massage ka reply ni deti don't install app,5
528857f7-799e-4aab-9cb5-1509473a66b1,It's doesn't apdate features,1
fb40a4a1-def0-4da4-9bf0-00a84e231079,So good... My favorite online app,5
1e1d3fa7-f1e8-4f4d-81b3-ec8beb44fcad,Terrible. Bans people for no reason,1
d23724c6-d4ff-40ad-b31e-970cdd70d3e4,",po ko kilp",1
687dafd1-904a-4823-ba37-8afc8cdb1162,Good,5
dc3a2915-ba40-4270-9a5b-8df3792faf81,It is nice app,4
4d5f1d63-a57e-4457-a322-8ea1055a6154,Best app ever with nice features ❤️❤️,5
548c6ba7-ac5e-48a3-a9d6-e1cdf5a40980,It is really good to get social around with this app thank you,5
17176287-1bf3-49b0-ae1c-45ca30337fbe,It's very helpful app,5
65ddd2ae-2c3b-4cc7-9dad-f8e06105cb4c,Ajay saini,5
51bca134-4306-49c0-b7fb-ab6d2c4df352,Very bad 😞,1
e69967d2-e03d-45ed-9c77-de5caf9feebb,Very nice ...😘,5
6d1ec877-50c6-48f3-b49f-15149b561b6f,ফফস্ত,1
dc5a7918-794b-444a-b948-daa83c99a5a3,Good,5
966d2320-1ebc-481c-8aa3-ea8f92b638fc,Supppppppp,5
476e26fc-145d-453d-bc03-388c9b307362,Very good 😊,2
ec959fb7-3da5-40c2-8017-0ab011d8f1f7,Chalu kar n hack kar lege,1
4e7f1821-36ac-4b26-a64c-be38596dd015,"MetaAI has made this platform even worse. AI is a representation of a bunch of egocentric filter hacks. Trying to make the world a better understanding logic.... Election reminders can't be turned off! Now election notes added to non-politcal posts!! Is Instagram a political app? Ads are one thing but when the app itself starts being political police and pretends it should be able to tell us what to do, well then it is time to look for the next social media outlet as people will start to leave.",1
bea451fe-9b2a-4195-b9f9-1808942257e9,Wonderful experience,5
c9fcfccd-7623-431d-8c85-4502bcfc7640,Really amazing,5
1c70ca0a-3ac9-4666-aff6-1d659db91e01,I can't edit captions on my posts on my business account. No issues with my regular account but my business account has so many glitches.,2
dad63320-25dc-47e3-94d3-557a3e733517,"I have more than 1000 followers but why doesn't it read 1K on the dashboard, what is the problem?",3
c46faa5b-1d1a-44de-b2ae-925a54d6a571,Nice ap,5
753a8dab-44ed-4e23-8451-24291e423435,Work in progress ✨️ application 💪🏽,5
9088aaff-186a-4bc1-be48-afda0208905a,Sbse bekar app comment krne se comment delete ho jata h acha comment krne se v bekar app h faltu h,1
6e60fa76-5089-4065-83e3-8478d4520f53,Good,4
aa14b9fe-040a-40ee-9d10-1f37670e8218,Raj bhai,5
ea289e9a-3a5d-444e-8bed-2533f6e882e8,divya,3
575a7152-e88c-4fce-b232-c2dd7dd77c00,Sabse achha 🇮🇳🇵🇰🇮🇳🇵🇰❤️❤️,5
695856e4-cb20-43ec-a088-1e60cece0bdc,Nice 👍,5
a2fee596-03a8-4dda-b2c6-31d75e172283,Very nice,5
fa1c1d7b-a035-4d54-8fed-bd4fc8651533,Nice and very good app ☺️,5
9360040c-1813-419f-a8de-9a012571907d,"Waste of time , addictive makes person slave, source of false information",1
fe672668-304a-47a0-bf0d-4a87c8f3d02e,Instagram is a very good app for everyone 👋,5
7fe2d543-d31e-4adb-ad51-19c9c2467e6c,Good,5
14e39f90-f396-4deb-a0e2-352cc61d9934,"The thing I don't like is that I can't follow more than 7,500 people.",2
8603560c-e16b-4035-b42a-31382b1bd26f,So awesome 👍,2
79650d16-8076-4483-9375-29694db37315,Full of glitches,1
b3a09108-d3e3-4d3a-8933-e300c976f800,Good,5
dd138819-6720-4bab-b09a-7c377009da0b,Good AI improve,5
41b8138e-f587-452d-b566-d7ccc626c788,Awesome platform. A revolutionary gift.,5
b9d86480-5051-4029-818a-3beecd7af695,Awesome,4
bbb2e6f7-f2a6-4130-9615-1c4f9adec720,Dating,2
f77e059f-0917-43b0-b35b-2b2d60715a7e,The Instagram is very good app I like,5
1abb9333-a5e6-4a3e-87b1-de3892b2a821,Its not bad,3
d095c03c-e92b-4b8b-a75f-3da5994f6987,Not working,1
d4593719-9d31-465c-8374-7da2c5f9fa60,Great,5
a03cef2a-494c-4f05-8e23-71dbcfa3137b,Aishme mja ata he,1
96b66ef7-4ff0-4cdd-a066-0a27ab5a863f,I had some archieved posts when I tried to restore it showed restored but after coming coming to my profile the post was still not there and was not also on the archived section.I am really disappointed and I really hope instagram would take this matter seriously.,1
0b1fc91d-0079-4420-a7b9-aa65c789e528,Kiran jhala 🥰😍😎❤️🌹😘🦄,4
7feb13c7-cb1e-46f3-8995-13e5883566c9,Amazing,5
e3e8709d-f30d-4433-8f30-26b667537dce,Supar hit,5
53b70661-5702-4476-aa36-1e25d5580ff7,"Try Again Later We limit how often you can do certain things on Instagram, like following people, to protect our community. Let us know if you think we made a mistake.",5
8d438fd8-dce6-4f9e-a81d-0b1ea1f2003b,I did not follow anyone why,5
50ca6a3d-e96b-4837-9712-964e54d5d21f,I have a a problem with Instagram When am requesting for friend request It tells me that i have reached my limit and also community standards. So they is no solution for this?,4
b5e7cb01-2db7-45d0-b1fb-1a86e653559e,ನಿ ಈ🇮🇳👍🏿👍🏿👍🏿👍🏿🙏🏿,5
e15ec0f8-838a-4c50-b72d-b7ed836b954b,I got yalll u got locked out of my account they asked me to send them a video to verify me but when I do every time they saying they can't verify me give me my account back or I'm sueing yall,1
77126cec-ee61-4747-bcdd-1cdc5d833a02,",ok by",5
2bb4d50a-fd87-4dd1-b312-3c1e87326e3c,"Ml milk 🍼 oop 😂 in RRWait a minute, I'll be right baces e r r a eeeeeer",2
da927b3b-8f23-49a1-b505-843fc630bad7,Nice !!!,5
b5dd35bd-a82b-4a2f-a815-a834aab614b7,Is app very good,5
30dba7f9-bebe-44be-8771-d1bd9486e251,"This app is awesome, so fast and safe",5
94b2560a-0541-4b43-bdc7-0f35afb4068d,Very good 😗😗😗❤❤❤❤,5
22cf2c12-989b-4dfa-b314-4114e0f02016,good,5
8a7b8df3-bf5d-4339-a716-90397d75eb76,It's very amazing aap,5
501b9d0d-7bad-4f04-be7b-1e31c0aa48f6,Best app ✅,1
470fd40d-d70e-4c00-a380-1324977148d8,Jaat,4
34294177-8f47-44cb-a64a-f587abd5060c,Nice work 💯,5
6f32933f-1cd3-49ac-ae94-509da9075e88,Mc stand,5
184023ac-120f-4907-b052-e30a0bb91f35,Good,4
bcabffbc-ce22-4995-8a39-02fa120e943d,Very good,5
31166276-5656-4641-84de-e39063931c2e,Best app,5
c0b57ce3-403f-4cc0-8bbe-a37771a9c958,t a I m,1
8b783d08-05c3-47a8-961f-83bdfbffe650,F off Instagram,1
cf138cf4-ed9e-4148-bf44-814ed0115998,Time going,5
913ee5be-e15b-4fce-add4-31bf2e65bda6,Very good 👍😊,5
1f56a892-7f56-46db-b678-3de674e1f901,Yeah absolutely amazing one.,4
0cb89b83-10bc-4771-bf89-ced6f1f8b0fc,Lik,5
d2009879-e4dd-4bc7-8081-724ae35dc010,"Such a waste of time, 2 stars for not charging any money for that🙂",2
f4aeba39-8464-4856-9364-d4929409b996,Greatest,5
71458afd-54e8-4cc0-b3b5-0716676c2d1b,I am really disappointed because i am unable to recover my deleted chats,5
e0925ee3-692a-49ea-ab32-a51e7d28560e,❤️,5
637bc58e-424d-40dc-aa58-f32d46dd2761,Mja,5
c6fb6a7b-a8cc-41db-9d70-1c29b38f9055,🙂😔,4
b6c5a59b-9cd5-4d69-b023-faa444844c1c,Good,5
cf2f0010-80d9-4ab1-a2e0-6b9147cecabd,Saniya,2
c73b078f-79a9-49c6-ba00-01e47a07a7fe,Good,5
576928a3-1bff-452f-af9e-06a39e3cfb57,"Worst app in history ,,,",1
3f20a6ef-5bb3-4e5f-843b-886d9f9e52d4,besttt,5
7f25107e-1cb0-4b1a-89b2-1fcb9f39b270,It's an amazing app,5
67220d94-bc10-4f4e-ae8e-ab0aeb3da6e8,Screen blank,5
b90ec061-62d1-4e61-b8e1-3c279cb46cf1,"My account is active but my ig suddenly, request update and can't log in anymore",2
b522636d-b89c-4f64-897d-1b4c88888a59,"It's a awesome app, when I am bored i used this app and this app gives me entertainment and when I am sad instagram show reels exactly related to my situation. So, thank you developer to make this app.",4
73400bf8-ac4e-4048-9326-7872bea4885f,Good,4
325d11f5-7893-4635-8ca1-b08aac7e0c95,addictive,1
5f9e3274-d0b7-4a98-ad90-f0aebc70ef95,I love this app🥰🥰😍😍,5
397eb00f-2f40-415e-a139-ffe8e0dd87ab,jiyana Tools,5
b256362e-bf93-49b7-89cb-2002bebb7e24,No views for @abel.stories 😑,3
3efdb441-b098-47c1-99e0-3e0c3a7ca914,Good 👍,4
166c9459-e779-437d-b75c-6fc9816dac7f,Very good 👍,4
a62e3a46-8edb-4b19-92b8-8a1f24b0b6fb,Ap bi bht pyri hy all Pic bhabi g bht pyra LG rha frok in die van die van die van die van die van,1
c21b4f5f-ef53-401c-becb-25f34d9a2255,Good,5
cb491ebf-9aa6-4583-ac4b-e527a0f53d64,Good,5
0f7d88b5-f066-4ba5-8c90-673b5ee69781,Wow amazing the perfect social combo all in one,5
fd829284-54bf-446d-b900-415619ac9bb6,In gallery app instagram app photo and video access not allow please solve this problem,4
d76fae41-78fa-4f98-80dc-ceafb1bb4f72,Vary vary good aap,5
a0530425-9eb8-4ef4-af8e-a0b2a91791ed,Verenise,5
453cdb21-0dbd-43bd-a603-adb0800cbcf8,Sonu Ali,1
eb58bbcf-164c-45a2-ba86-1277d701af0b,Hi is v.v.v good app,1
df5079b8-4edd-4d77-9b2a-302ca4526f72,Amaizing 😝😊,5
1b9dc23e-1381-4a05-86fa-efc01e4ba367,Ee f4 nr 4and x.b c dd d d and dx3 and the xx is a dd d good idea to d drb zrr zrr 4for I ďC.f. f2f r r,3
46956c7b-b8b6-40d4-b950-e39bfe3b9f14,3 feel eeeee zeeeee ee e iekkk,4
bdfa77a7-7379-4a84-bc97-d9b70890ebfb,A .e,5
855a9d90-6877-4198-bef2-1c0f93402323,I love Instagram,5
9fcc4c3f-17c4-4b79-a380-db83b2daecb4,क्या घटिया app है साला इतने दिन से ट्राई कर रहा हूं एक लडकी भी नहीं सेट हुई अब इंस्टाग्राम चलाने वालो से पैसा वसूली करो,5
4599c8a9-1058-4626-9249-c6ffee609fbc,Bahut mast hai bro,4
8ab4077d-4d90-4992-8126-6dc5d280cabf,Nice,5
c0687305-5a5d-46c9-b21d-40ae397d9113,Very nice app and enjoy,5
b91c6f59-bd99-4fc5-968e-a1ab82efb1b1,Best aap,5
a11ef8ad-0071-4c71-abc3-dc57dad72996,Very lovely app ❤️💗,5
61abbc50-e550-4556-9d4d-4d1a0c847ce9,"It's a good app really great with messaging friends but when something of mine gets taken down it sends me multiple messages it was taken down. Like I get it, it got taken down I don't need to press X on 7 of the same messages",3
9404bded-6638-480e-8d52-73c285abc2fc,i can't use add yourss,4
432dd275-dc6b-4f77-b8cf-58296bbf8cd9,birs 7490,5
07369986-2094-4da6-84b7-78d6f3fdf638,Excellent,5
6842f1ed-6e26-4e85-81bd-c552497c1f00,My favourite app Instagram 💞💞💞,5
945fa325-8009-4afe-b57a-cd1b570145b1,Data,2
4e75eaf4-2b0c-43a2-8632-92b68a490fa1,Good,5
9e7ca90d-0f18-4e76-8db7-98bbc4b65b89,Nice app,5
f7f3dc43-d655-4665-9130-8022113f8e2c,"Great App for sharing with friends and family 👪. I would recommend it. I use it every day, it's very useful, and easy to use. 🙏🙏🙏🙏",5
3078126e-fda8-4758-aec1-92a6c1ecdb55,It's Ozm 💚,5
f24a2b86-dbe2-452c-9551-67767626ced7,Awesome App,5
3ebc77e9-47c1-4625-8efc-b158d9d304cb,It's ok . We can improve more,5
232d2e06-4896-461c-bae4-c3d78ff695e3,Nice👍😊,5
9e6c879c-ef3b-4a2f-b9eb-7df3d3cf9d2b,Better to communicate,5
31107c7a-46e8-4309-ba4b-7a844efc6ea5,This app sucks the videos doesn't play and show an arrow everytime,4
6be0da7f-0cf0-4a71-a967-081afa7ea94b,Kya app hai,5
40861301-4f58-4000-b30b-f08689e8a8d6,Best app ever,5
41cb6574-4a09-4163-9ea9-9ca928b800a1,Waste of time,1
33eaf964-5406-4ef5-8815-5890cc75f019,Lovit,5
89955752-b8ec-4bfa-801f-9229e254909f,You are nice,5
8d6c1b8b-52fc-4e02-a197-5eac32936719,Has Freedom of Speech.,5
0a7a6b82-1a64-4cac-a925-181aaf89123a,Very good,5
66dca702-f215-407b-a49e-3f9aacf3e24b,Maja nahi aata,1
f8b84c17-7244-4ffb-afed-7b820cf4063c,Very nice,5
146833fb-001a-4d29-995c-15e8127b5404,Kitna ghatiya app hai ek bhi ladki message ka reply nhi deti hai🤬😡 _x4_.zeus,2
fb6ca9ac-af7a-410c-8119-576ce7458915,This is the nice app,5
73c0d13c-3a91-41ea-aa20-7a4b39084120,Bad condition 😪 it's not user friendly,1
e4a6e122-9d05-4e7b-a307-90c3310d8995,Best app ever I love you Instagram ❤❤❤❤❤❤❤❤❤❤❤❤❤❤❤❤❤,5
95a3c0b4-a0a5-42dc-be54-b4004ac81a25,I love instagram 💖,4
05d0c177-cabd-41be-ba90-d922a98f3b44,Ameging,5
88b292ad-fddd-4c6f-8183-f205bf5e58cf,"Worst app ever, you cant even express your opinion properly you cant joke around , if you do you will be banned lol",1
553630ba-c543-40db-bf93-5e7174af401e,Amazing app!,5
3bb06dc1-8ec9-460a-997e-69f2964848e2,good,5
29c5fe36-0662-493f-9d56-630030b9626a,Amazing,5
dc79fd2a-1d61-48a7-85c1-5df9930e8e93,Good,5
b5fd9522-2eea-4daa-9929-626bf59f4254,My id is officially plzz vairal my id my vedio for you thanks instagram my id growing plzz,5
47dea672-c5f5-4e1c-8945-cba47bf419ae,Jaydip,1
c723d57c-b5c4-452c-aafa-879e907ee638,He said,5
d0e52182-37f9-45d4-bff1-8eb4a7ceaa30,Good luck,5
3a3cce40-f572-4205-8d5b-6defdb9e0957,"Why do videos/reels go green and glitchy????? Why is no one testing/running these ""updates"" before you send them out😩🤦🏻‍♀️🤦🏻‍♀️🤦🏻‍♀️",2
6c9c3614-3f6f-4a77-822d-d47d8e69a0e1,ⓑⓑ,5
3231f6ec-4b6a-4ad5-a3af-6b1180e1896f,Excellent,3
1f6f35bb-c09f-4afa-93b2-776a35961adf,I love to use the app. And i made lots of friends. That's why I give it ⭐⭐⭐⭐⭐,5
523e1779-c6cf-4a68-8da0-9e35b6833be0,Could you please enable us to edit our highlights just like how we edit our stories.... Because it is so annoying when we look at our old highlights and think that we could have edited it in a different way....,3
f41e5c27-5465-47cb-8aa4-ef9d62750600,Cool social media to share.,5
5d8b87e0-8c62-4c0d-a014-6c8a35e929d4,RajeevKumar Sah,5
87477f45-d388-44da-be9c-9237f13769cc,very funny most comedy,5
f0316378-ff8e-47ae-8815-8381e14945e4,Mimbung the same time as a result of the most important thing is that the only thing I can do it for the first time,5
aac94147-1924-481b-98a4-a6059f64d9c8,Good,5
02a0aa29-0630-4c17-ba13-2ff2e3a5f835,Nic app,5
fcecc52c-64ba-4289-b109-eefc1a4d511d,بیاید بیرون ازش ، تبریک میگم نجات پیدا کردید,3
f6071e00-98c4-4ccf-a406-88f07efd3e83,Pride is a deadly sin,1
0626093e-deb8-4c2e-bea1-82b5018bf5bf,Ok,5
938cb52c-2f00-482e-8837-8e92a8e4533d,I don't like this new update..my iPhone emoji never shows.. 😣,1
502bc6f7-ebb7-4936-a036-93827366d6c1,Excellent,4
1ad3da09-e371-4be1-989b-8a45f0aec6d9,Love this app.. 💗💞,5
495efcea-a5e3-4bad-8092-7ddfe7783651,Good,4
9d8d56e4-48e8-45c8-aee7-8bd3a59122e0,It is very interesting and helpful,5
e888b9aa-61c2-466d-889e-cdaa72b5515b,Feed has not updated for two weeks,1
a8d0c4fa-c906-475b-8550-3fe0102566e9,Your stupid app doesn't want to register,1
b674d09a-72cb-4696-8650-a0b985bca471,Devil Boy 1327,5
21db8544-64aa-4d0a-98d7-d3d218ca898a,Instagram skrng penuh bug. Masa iklan yg biasanya reachnya bisa 12000 orang jadi cuma 500 org. Kirain akunnya yg salah. Saya coba bikin akun baru. Eh masa ga bisa bikin akun baru dngn email baru fb baru dan no hp baru dan bahkan saya coba bikin nya di ip baru. Tolong lah di perbaiki bug nya. Masa pernah saya top up buat iklan masuk dana nya 4 hari kemudian.,1
ff7ea373-4c0b-4dba-a68a-0cc8a63bcd9d,Bakwaas app hai ye 😂🤣,1
b27de91c-8496-4b37-b5a4-ef30e9f6b9ac,I love instagram,5
60a8ab51-ecc5-4690-b9a8-76c132a0b3e8,Good,5
1b8f6aa7-1423-4b9f-97ee-067d2dbe0bba,مادر سازنده رو گاییدم به معنای واقعی خیلی بی دلیل اکشن بلاک میشم و وقتی ریپورت میکنم مشکلمو هیچ جوابی نمیگیرم,1
cd9ac23c-9814-4abd-b0ce-b1dcd6bd4765,Good instagram followers se🎂🎈👍👎🫤😞🤬💋💔❣️🌴🌳🧑‍🎨🧑‍🚒❌🔕🔞🔞,3
52d44b2d-e6ef-42b8-b0fd-0c6a7e9f76b5,I like this application,5
bb5b5624-6738-46cc-9a76-fa0ba88783ca,Super,1
80cb31e1-ab1e-4f7a-9e3b-795d7d58f989,Very nice,2
38243ddd-1bda-46da-a424-10e07a1b5847,Ok,2
cfcdcb3e-079f-4423-83e1-8a01009fea9f,My insta is not refreshing my acount 😭,1
482e5abd-404a-4cdd-a9ca-fffa61e787e3,Enjoy all the videos,5
e88a6aa9-d126-4cab-b30a-a17bba2ad30b,Better,4
4f49f059-e5dd-461e-95da-c6ab40d9032c,Pwoliyaanu,5
b49cb4c2-82f3-441f-aee7-5cc6fb4a8f56,Op,5
23b36157-aa6c-4c91-b4fd-062f98da5216,Very amazing app,5
75bffa41-9ac1-4853-a830-045851660476,ରେ sanu,5
f9bc3546-0813-4359-a002-9152d39b2714,"I am again wrinting this review , when i follow some one , 10 person this app is show try again later , you don't break community rules will we open a new id and can't follow anyone in insta , what a disappointed thing , please make insta again the insta of 2020",1
b76fc82d-fbf9-49bd-b9d5-361a6d0def34,Good app for reels and post,5
80408dbb-03ff-4700-9373-a2a74cd5ca81,Nice platform ♥️♥️♥️♥️♥️,5
7ac4ca7f-0140-4cf9-9249-3a5c759617b0,Photos taken on Instagram cannot be sent to someone via messenger,5
08f501a6-92db-46b5-ac43-df7812492729,This is most amazing app,5
d23cff0b-85eb-4a6c-afdb-5196aaac8e87,This app is use full to us,5
5784b497-0863-4be3-8b68-089a3cf302c3,My video is viral please,5
d0c0c01e-7971-4051-b63e-a065a7fe2c91,"This is a good app ever,",5
a5dde8de-7eb2-4a2d-8d2c-4026da57746d,Very good,5
800eb3c7-173d-4e86-accb-d005df7041b6,I suddenly started losing followers without any reason. Longer time downloading videos. And the screen freezes all the time.,1
e7b7c35e-12c6-41eb-b202-431822ffc911,Bvjio,5
cfcd13af-43f0-453f-a72c-a68da01ee10c,Anjali Raj,3
5189cb8e-b75b-449c-8df2-2935b45e2718,Very nice short dream vibe,5
27839956-19bd-46c4-ba22-c82cca7b96e7,Vishal chandravanshi rangdar,1
704e6524-e774-48e9-a981-01a7dd73cb00,Nice,5
9e4f73a0-f56f-47b4-9ecd-701317813715,well improved,4
487cd34c-00ae-4ad4-af05-3449a35ff848,Nice,4
27b791d6-27f9-4ce2-a6db-961dce78e7b9,❤️,5
7720a05e-4dc2-4bb4-a825-9deb02eeeab6,Such a nice app,5
d48eac45-1ec5-4475-b18b-8b56976ef9b3,Very nice app,5
9345160a-fa85-4ccb-8b9d-f7c2b17d6229,It is a great platform for the people who have never used any social media It helps people to interact with other people,5
3a27a1ca-251b-44d3-bbaf-e981946ab80e,Addictive after starting reels feature,1
0cd88c3e-8b94-4e48-93df-c677b8525c99,I dont like this app. I vant log in my account. Even i cant reset the password,1
1623a2c3-2099-41ee-aca4-59656204183c,It is a good hahra app,5
0d0ef093-3e3b-4f6a-a78b-ac1ea463baf3,சூப்பர்,5
7bf15ec3-3524-4c25-9c1a-cf4aa654210a,new updates are not show in my account,1
877e6713-ff0c-47a0-b9eb-c295cdbdfce3,Good,5
76aaba2f-c327-451e-a223-b7268f1b3d59,Vary nice but not filtir,5
02ae31e3-5fe5-48e8-8a8c-19985da79aaf,Nice aap I was very happy with insta gram I was very happy with Instagram thannkkkk you you ssssooo ssooo muchhh Instagram!!!,5
32dfe9aa-befe-422a-9a1b-0e4c3f8ea468,Good,5
8f885864-f9a5-4259-bde1-d39c5491c7dc,Updates are very very late on android and the app is still buggy,1
c1a67c10-b0d8-4a53-b550-66af3161a027,GOOD INSTAGRAM KEEP NEW FEATURES UPDATES,5
28242b6e-bd70-410f-a5c3-0e9f420dc154,I hope Instagram will restore the feature of deleting accounts that have not been used for a long time.,5
63cb6755-4140-4a7a-b9a8-79df8fc5610b,This app is very interesting,5
a6c9cf33-06a0-4828-8385-e41b62aba692,I love how I'm able to show my Art and get praise for it also I like the way you can comment gif on it too also is just a pretty good website very much suggested it,5
af9a7da3-c4d1-4885-8677-b8766865cc63,Instagram is problem request is pending problem,5
01187db7-e336-4458-bf4d-4d5d1a95547d,"कितना घटिया एप्प है, एक भी लड़की रिप्लाई नही करती don't install this app",1
d9e30dc2-9b58-4735-b5fb-4de1bc9a18ed,Very nice 👍,5
81f52c32-df35-4745-bf54-d2fc6e3bb34a,Constant changes drive not frequent users crazy,1
c2defdd4-97d3-4f0c-bf23-2f0eaced73a6,😊👍,5
0e3d6a85-dce5-4d7a-a381-e29351c7c4ce,H.,5
e108f72d-bcec-4477-92e1-3cb9cbf006f3,Better but many spend time here,5
35334585-fac9-4c70-a5d4-ddb881143366,Absolutely 💯 fantastic,5
bb22e1fe-ba1e-4d19-8fde-a583fc940ec1,Hashemali,5
3cf51930-03b9-4dfb-afce-66da6d3fa580,Superb quality,5
37c3c379-adf5-4b16-9e41-c9256d7d7c25,It's so good but theres no music at all,4
295517d5-43e5-4e3f-abc0-a38db21a3dda,"This app is glitchy , comment section is not opening and the reel sharing option is not opening, developer solve this issue",1
b1a19c8f-3813-492f-84d0-a656472b8505,Happyness of my life,5
4965aec2-0c70-472b-bd11-e444543b9a52,Mast,4
f160042e-b3ba-49b8-8ff2-d9888305e093,Jese tu gungunaye muskuraye choti moti baat meh muh fullai,3
5d520ca3-e2a9-44e9-b371-f30537f5c2cf,Im happy to used Instagram 🥰🥰,5
53caa1da-ccb9-4d25-aa43-1ce66083220e,Best app ever,5
c55be7ec-81f4-40c4-b641-21dee704ec6d,Pop,1
19fcfcdb-3d92-4457-9996-3470bdea8a88,Entertaining,5
489abf44-11aa-4cfe-a182-f137f6d91f6e,Open do with Jack,5
a0603603-cb2e-457d-ba89-9dd22d233820,2gjxm Gug,4
b9a18517-507e-4cdb-a95b-d85a1dde8729,So beautiful app and good looking for you 🤩,5
1cfae3b8-0da9-482e-adc2-61b5c25854a1,"payagan mo muna me mag upload ng 10 above photos, ifa-five ko yan.",4
89b0b396-62bb-47a1-afdc-5a090b32a2d9,"C..egf. . ,cccc x 😔",2
0ba31a66-1642-4255-b35f-d607ac9f15ca,Bestttttt,5
1f57a91d-67b2-4a26-beb5-e276d633ce06,This app soooo gooooooooood,5
eacb394b-23ca-45ba-b665-64a9aec67750,trouble in log in from many days 😱 always say something went wrong try later. worst experience ever need to update,1
d5b2afd0-7f19-446a-855b-184952b082ee,💓🤗🥰💯,5
44b0266b-4e5c-45c9-b325-9d6f73115516,"Awesome, thanks Instagram",5
507aebb5-6515-4feb-b6fb-14149e063297,Best,5
b801c0be-b526-4d78-8aff-15c70eb13f11,🧿🧿🥰🥰😌🫀🌸🌸,5
411c4076-62f6-47fe-ae18-9c6dfaac521f,"New to Instagram, so far so good",4
be7f1d22-da10-4c23-b855-ab95b94d1efe,Why won't Instagram let me follow people?,1
5aaf4680-bbde-4c1e-83f9-97bf42088867,Nice,5
702b448d-6d95-4b31-92db-25bf9dab3dcd,Hello my name is live music,5
b8d72c6f-1ad2-4273-aeda-17e5c9d8bdb7,Good experience 😍,5
c4011407-a6d1-4f91-99e5-17161d353417,Hot video 😍,5
c9538d86-60c7-49af-867a-a5d68131d3d0,Good,2
13f70e25-da88-4559-899a-09a3a23978d3,Super,5
9c80f24a-1201-4c6a-86a2-bba8c6ed9fb9,100k follower's,5
9145ba99-b2f7-47e2-88fd-80e0b10cf9cf,worst app ever,1
1d177939-eb41-407b-bcb2-5e57a628960a,I like this app too much......🤗,3
bcfcbf9d-fc5d-4f91-8a79-b02f10bee5f3,Nice,5
803d6b47-7188-4e9a-80e5-453579e38bae,Amaging,5
a94a773f-47cf-4a93-b11e-749159dc8d65,Very great app,5
9e78447c-fb30-44a7-9cc2-fb0902bbf210,Nice😊😊😊😊😊😊😊😊,5
85cf1112-6fac-49a7-96ce-bc6b4c680b75,So nice,5
4c998526-8bf9-4fb2-8142-f5a3bfb87197,I love you all,1
e94b2802-cbe7-4e54-9057-4b42197c307b,No need of,5
2bcd9811-5740-40a9-a461-a17a39c2c3fd,Good app 😇,5
c5208c40-db85-4c37-9f1d-74202dc146d8,Public app instagram download now love my india ❤,5
69b8386b-9e03-4c11-bc88-fa1e8057b391,I can understand that it's wonderful,5
650acd32-2690-49e8-969c-bc497128b0fd,Nyc app,5
c179f5a1-a248-40e5-aa5e-1df951c2957c,👎🏿👎🏿👎🏿👎🏿👎🏿👎🏿👎🏿👎🏿👎🏿,2
c55307a6-3493-4389-80c3-f29f7601fb2a,Knee grow,1
e2d29dab-0707-4bf2-b9e6-ed3c5be72f62,Love you insta family,5
f1c4e5b7-af6c-49e6-b8e2-ca85399fccc8,The Best❤❤,5
47544533-51d1-4ded-9261-b345e7d37a1a,Very good much for your reels,5
34ba6e15-4980-47b7-8057-4d25d29cdf64,Excellent and fast,3
601487f2-1b33-415b-b8c7-5a5fbe20d8fb,It is easy to use,5
6a00c077-c9ff-4142-ad48-2d0b9261b65d,Besttt app❣️,5
d9f434fe-8413-47ae-a43e-db6f770229d5,It is very good,5
fa049570-1fe0-4cbd-8be7-8abf96cbee46,I got a girlfriend yohooooo😌,5
0e5a0b2f-3ae2-4457-be05-a314216bc129,Viral kar do bus Ok,5
0d761782-61b8-46a0-b8bb-58daca111a09,👍🏿👍🏿👍🏿👍🏿👍🏿,5
dad24691-e839-4eb3-8664-bc3cbb1e66d0,reel is so laggy,5
937e7060-4e91-49c9-9c24-8a21dc105907,Excellent,5
11e5e13b-7c25-489a-b682-fb525aa5e758,Insta is important thing,1
91748bfe-5c96-48fb-b38d-0ac22ecbd75b,Very nice aap,5
fc0e8b70-6b0c-4a12-a7ac-5a95c571697c,Nice application,5
4e300b7d-0a75-4be1-8e66-e206dd32494a,I like this app,4
02f8fed3-1792-4528-a357-8da4f65fb23a,sukhdeep,5
d308a36b-80e0-4321-843d-edabd29b21d7,why Instagram so weird to android?,2
c76629d9-7fce-4a0f-867a-e0299ca79960,Govinda Kumar Singh kushvaha ki ng,2
7eaeedb2-d9a3-4d4d-9d50-4201b4230a6e,Nice app,5
d2b43e55-d0b5-4e23-8d8f-d243f60cf039,Ok,5
7b2fe7a7-fb0c-4d93-a85a-d11fd7dde193,Bad,1
bf08b569-1ce6-4093-abbd-3e5ea92bee80,Great.,5
7a88466c-676c-49c2-9462-3b9678f57eb0,Good experience,5
a58ac26d-a4ab-4bbc-bfcb-0dda16d1fa17,Be happy 😁,5
548f82c8-8849-4008-b2ad-5d3539c12e80,Good app,5
bcff65ab-521c-40d1-8c6c-3ffb34674af9,Excellent,5
86277056-f656-4698-b242-365dbe29162a,Fav Application For Right!❤️🦋,4
e7efbb93-d381-466b-8763-b54760517e61,Osam bro,4
164e7f7e-00fd-4406-9174-ebc57fa84d1a,Good app,1
6d7656e3-96ad-4331-a785-eb8289cef52b,Good experience,4
9cdd1f3b-37ad-4851-a928-e78cb44f1dbf,I love Instagram,5
a088c898-76a8-4f3e-aa0c-ddd57303e7a0,Like him Instagram account number is this,5
2e4a586b-22cf-4568-9311-1943ecf0ee02,Good,5
2c0ac9c1-b18c-4d17-bd79-1dddf0c0614f,Amezing app,4
54d6c224-de70-49a1-8492-2b6582cc402f,My insta meny ishu fir comment nhi ho rha matlb aise bhut kuch o hai mai people find nhi kr pa rhi hu and also comment nhi ho rha nhi request aate hai I am tired 😩 please see and done my insta I am not happy with this dally face new problem new problem in my I'd time was not show right every time msg show just now just now 😔 I have face meny problem my insta I done pass any comments please cheak thik and also cheak that why I don't fine good and real I'd on there 💀🔪,3
7e0beecc-504a-4411-a29a-8592a678b2e4,Good,4
7b7866aa-20d3-4698-8c28-b3a7b40d2aed,Reels not working in my I'd.......it's too irritating.....fix this bug.,3
d8bbbf7f-463a-41ca-87de-d2debe00d1e4,Good,5
f34ba135-d7fd-4202-96c9-d2ec39523af5,Best performance platform ours stunts,5
bdaec3b9-9b00-4181-a760-c62e9c7a3492,Ye bhut hi acha aapki action hai,5
24a61fc5-a74f-4de1-9c1c-a87eedd4d1c4,This app is awesome,5
022b2466-5489-4d7d-b1c7-658ade61bbf9,best app,5
f1b8069b-dd88-4449-a503-c7a53838be33,Annu Patel 5570,5
ef2c948d-23ab-4f3c-ac2e-1bc5dad1e186,Heavy,5
68d854d8-7441-40d0-a011-3d406a015404,Systemmmmmmmm.... Hangggggggggggggggg.............. apppppppppppp........,5
b3e5ced7-5bc8-407e-bdef-7b42e1a523a5,This app is the most fun app I've been on.,5
ba91eb08-0b00-40f6-abe2-db30ff01d2f0,Loss of time,1
df61fa30-c390-4afc-8113-6ddd8c43f55a,Super,2
704b1efc-3aa7-40cf-91a2-d5715b15a201,Very good,5
e4dfb457-e294-4594-b1c8-d5c2026001b3,Sup,1
1582a205-e968-4a3a-a3f3-32e2e29b944a,Deepak nayak,5
c0f17b3e-ba4f-4652-9399-9d52f93f10c2,थर दी,5
80ee4e6e-c563-426e-be49-51da6f7416a9,"Size kkf,&,,,, there was",5
feeb0b86-44db-4cbc-aec8-fe415aaa4eca,Awesome..fantastic...,5
c03f950f-099e-4b59-b88a-774ba4059d5a,Saim jani,5
cad6fbb8-1513-45bc-9f61-3144f64b2747,1 number ka bad app he ak vi larki Ripley nahi dete he 😤,2
9e376321-f762-4d5d-86bb-51d32b1ea82d,nice,5
de637cb9-898b-48d9-a727-36bd411539d5,I have a great experience using this app,5
bb7c2546-2b1d-4dfc-8760-f2b0189ef21d,Very nice Instagram 🔱🔱🔱😊😊😊😊🤴🤴🤴💛💛💛💙🧡🧡,5
b3ce10f5-6dbf-4217-9e45-521fd307e464,Exlent,5
a79a661c-08d3-4aa8-bf6c-1e32cf942a93,Ooovooo.....,5
e99aafe1-d6c6-4242-b503-5ee0943570a3,The popular posts in this world to always strive salvage title of the popular cars of the day of the day of the day of the day of the day of the day of the day of the day of the day of the day of the day of the day of the year and I will get back 🔙 of a girl in this case I need a little more about this world is the popular in your country of origin and origin is the best of origin is hi a girl and origin and destination,5
9cbfd2da-a0bb-47ae-badd-4e6bf278cb41,Stop distributing nudity,1
a79851d3-3e32-4da0-9a77-b97d643dc2da,It's a good app,5
02abba8a-b38e-43e2-a239-8f2b32f7e295,Best app in the world😇😇...,5
e41396fd-6651-4bcf-9250-4233b85d2db7,❤️‍🔥,5
0873f3b4-22f7-4c26-8735-3eae949af760,جيد جدا,5
81a82ea5-7a61-49a7-a81a-5e5eb67f75d6,Sachin kumar,5
f02aa1fc-1a2d-4ae8-9367-547d1752539f,Wonderful social media platform,5
99154da8-c538-4469-b56c-c597af3e42b3,"I'm experiencing some serious issues with the Instagram app that are affecting my ability to use it properly. Specifically, I can't see any replies, I can't see a lot of comments, and I can't follow anyone. I've tried restarting the app, restarting my device, clearing my cache and data, and checking my internet connection, but nothing has worked. The support team did nothing for me👎🏻👎🏻👎🏻👎🏻👎🏻👎🏻",1
de002f7c-7092-42e3-adba-4c6ff9eb6823,Love you,5
eee328be-81db-49fb-bd59-a1da783c8fa4,Very nice app,1
b2ddb1a4-68d6-46e0-b74e-75e355f5f33f,So beautiful 💓,5
4b5afe53-dcea-4943-a201-6d17f9d4a3de,Good,5
557c9218-b35e-46bc-b4ac-3b9984f3c890,Good,5
933f7610-c5b9-4902-a1b2-ac9482946a71,Soathidam of el is well code who recon whom go ekhdidcwp ka el is well pic epic all red well 0 q wkw ra well pona wack of who uh wc un hi I'd do pa am pona OO un saw well pic el wc EMP pic who pic el pic el XL la well or 10 pic app pic el pic 10 epP pic app pic P pic XL pic di oejwheiebbsifbcvxhid call pa pp tap pic who is well is 12b so pic XL vi wo pic XL pic 12b pic XL to pic go see pic wc to wh el ta pic el wc pic cw pic de vi de pic de pic el ba pic de do xxx good el wc pic el wc of world.,5
fd39f069-f468-47e8-9090-abefc9ce53c5,It's good platform to spread our thoughts and opinion.,5
117f5669-e2bf-49de-a320-bb9afa36ce40,Super 👍,3
a278c850-1523-4d84-8aae-330c86c45670,Having fun with this app is so cool,5
d52be2ab-7a60-4f09-b497-54746be51eb3,good,5
157c34d9-de9e-4376-86f3-6a7e64c5087c,"It's kind of, Everytime you scroll up? Different emotions and feelings coming out to myself.",5
2f05266a-3fae-4013-b613-de29bbb59ced,Today I experience A wost Bug it is very sad to see this type of bugs on Instagram I have been using it for many years but now it is worst 👎👎👎,5
0e1364d0-9a37-4edc-89db-9f40d09567e4,Kon banaya app ak ladki bhi reply nehi karte 😡😡🤬,5
cc05b3ad-1480-4c3d-a10e-7f3d6cf4efe0,Cool na,5
c60fb4d9-452c-4546-a834-cfde96658993,Very nice and clean and clean and clear,5
0caa29e0-db1d-4734-bf5c-c2b74bb5836a,Nice,5
51dcc9da-24ae-4b14-87b7-40750934e362,pls let us edit the pic or vid even after we already put on story and highlights.,1
c62bbef5-e35f-45e6-820b-a7cd3bce315f,This app is amazing and mind-blowing,5
b245f4a3-1199-4aae-b8d5-42f29796773c,Easy to use,4
d29fe6e6-cd86-497b-9444-ae532eacc728,My Instagram note option has not come till now,4
fa226281-8605-431b-b1b2-17fe2e8bc9cd,Rani hembrom80,3
82ead691-c5bf-46f6-891a-2ffaad1ce94b,Good,4
deceb055-6b6c-4464-81b7-303f64573461,Nice but my Instagram is all time glitch,5
d874cd14-c1b3-4672-b402-7b6396601b49,This is amazing and beautiful manufacturing company,5
38e426aa-8ed0-4af8-952f-62dbbedd8435,100 k,5
cf2dea1c-f11d-4bc5-bbb3-49ae21819021,டிக் டாக் விரட்டி விட்டுட்டு இந்தியால இடம் பிடித்த சூப்பர் ஆப் 😂😂😂,2
2138baf6-7b52-47bf-8eac-c1ae4a1d9835,Good,5
66198f6b-73de-4beb-860c-d19c91016029,My fvrt apps 💜,5
5b8d6ff9-3045-4a91-aae2-b500e81a60db,1k fowarees cahiye free,1
b572d22e-b68f-4062-932a-6bdc71901f54,My most favorite app 😍,5
51d2f50c-a98b-42cd-9ba3-f3ea5d9654b9,It's kinda hard bc of the algorithm for my art acc...,3
4ac73aae-8f31-4e96-a631-fe4619e3e3a2,Maganda,1
f65f4274-e1c7-470d-a219-5dbdfb78d40d,Very good amazing,5
230ca974-6e69-4834-b6ae-111a4fafb8e9,It just works!,5
137bb2ce-2e9b-40ac-8ce4-5f238ed8b084,If you want to be a bot download it If you don't want to go out and have real moments,1
71fe8bc9-7568-4f94-b576-147ce4af1336,Best,5
6e938674-fc8c-4719-b9d0-11643c684cf8,Amazing app,5
22fa2b5b-8db7-4e19-b964-50921d8afe28,"There are a lot of people who are impersonating the celebrities and getting away with what they are doing. I, myself DON'T LIKE people like that;!!!",2
fa8f00de-c87f-42b7-a568-8ce4a7f546e7,instagram for peace of mind,5
487b084a-d9c9-4cca-a75c-a125e6523a26,This app is very good app.,5
1fbb3b10-ba0f-445e-b899-e50e49968b9b,Im gratefull that i can share my life with you,5
acf36998-d843-4e8f-847b-0ce93afdebaf,"I love this app,the best so far",5
c5cc6773-2283-40be-afa7-524e2e8b3d3a,Good,5
c9cefa25-3cdf-4369-b226-7f0153fe9e99,கிரேட் app,5
1d4f643a-7e22-4153-b9c2-784cd7d4c491,return back note on a post feature,3
7bc0d0ba-31bf-479e-a7ab-b8547524716a,Exlent superb mind blowing 🥰,4
ab059c35-4d65-482c-b4ca-20e696349611,Good,5
ef4740aa-0959-43b8-8f71-914c1e47f6a5,Bahut neek aap hai bhai sahab ye to......,5
ba70e695-60d8-4676-a975-f68586cd9923,Amazing app with outstanding results,5
2d076002-ee8d-428d-89de-23e19a942a7f,Good features of the world of you and your help in my life,5
1967e315-0c21-489c-8baf-f2b10163edad,Wounder aap,5
bc29edab-f661-47aa-8e41-384b3530d77e,Dis is good aap,5
a347fd44-5b1c-4373-b8c3-ef7ff7f57505,Nice,4
ce8a4cfc-31ed-4744-8358-1f99d840d5fd,Bbbbest,5
12643302-1a27-484a-9366-f3d3507c71d1,💜 nice,5
e970c478-8a0a-4a55-a882-b5877febe11a,🥰🥰,5
adc46bd2-7409-4390-a7a5-b1ecc97deb1a,It's my life,4
cf6dbd8e-1a87-4dd4-ad01-9dfc2d224e0c,❤️❤️,5
ab20722e-3532-4b29-8ff9-ff3b0bf2b834,Good 😊,5
825cc8d9-7f64-4e67-93f7-fea945896a93,Kgkgigitig to be a vazhakk onnum enik illa enn ano paranje pole 🎣 are the njkdjjdhfjfjjfkfh is coming from and to be able you tube channel is a vazhakk onnum enik illa the njkdjjdhfjfjjfkfh the njkdjjdhfjfjjfkfh to be in your company illa the njkdjjdhfjfjjfkfh is coming from a vazhakk ano paranje alle njan vazhakk ഉണ്ടാക്കിയില്ല എൻ്റെ അമ്മ എന്ന ചിത്രത്തിൽ ബാലതാരമായി സിനിമയിൽ അഭിനയിക്കാൻ കഴിഞ്ഞത് ഭാഗ്യം അല്ലെങ്കിൽ അത് കൊണ്ട് തന്നെ നാട്ടിൻ പുറങ്ങളിൽ എൻ്റെ അമ്മ എന്ന പേരിൽ ഒരു കുഞ്ഞു കുഞ്ഞു ടേബിളിൻ,4
afa7dcbb-d9b9-429a-8f9d-c8eb81eb4c17,Very nice,5
d6ddda19-47b7-4285-b78a-c6f26964de04,I am very satisfied ‌👍🏿,5
3a048702-11f2-4b6e-b454-dc7a1c30745c,Nice appp,5
aeeb934a-a994-4860-8db4-4cfc04271fd4,Nice sexy' app,5
ab8f7ca0-5a78-4075-b144-4a7664a1dad9,Not update,5
10a5bbda-3d0c-4468-bcbc-e460baf5df80,Always update and network too slow,2
aaebd2d2-f410-4a43-86fc-20149198b72d,Better than any other app,5
a158ba56-a014-4bcb-b4c7-70903e368238,Good,3
1968a6eb-16e9-4079-9e9a-e6625e096864,Bhaut hi gahtiya Aap hai Ek ladki bhi reply nahi deti please Koi bhi download mat Karo agar kar liye ho to delete kar do ya to apni jindagi barbaad Karo 😥,1
269c8251-0f5c-4e0a-a083-52b333eb954e,But two authentication avoid please,5
016aac5d-08a8-4518-8d31-0bce9d17fbe5,Couldn't login even though reset to a new password. Please fix it immediately.,1
3bd113a0-dcd9-41bc-9886-2f4f19f57364,Alana Falana dikana khatm,5
31935b5f-833c-44cd-8049-abc76bbd5a48,The good,5
ca891263-ae47-44a2-a18e-c3571029ae4c,Good experience,5
fc96b49e-f9fc-4975-bc13-fccf820ee667,Good 👍,3
19b1d791-424c-42e0-aef3-2725ad534e3d,Big like,1
fbcce3ba-044c-4e89-93c4-fb50935107c9,Most popular apps,5
9d94fcfa-26e8-4ae8-8c7c-ccc873c8532f,Very niceee aap 💗✨👍,5
11a3940d-9090-44be-99a2-d61cfba564da,Naru gadari,1
7b32716e-7395-4a45-9950-7d8149eece43,yes/No😍😍,5
36d0c890-7373-45e1-a875-01b9c7417850,cant follow anyone all i get is request is pending over and over again!!!,1
09bdbeee-8a61-42c9-b774-617aa586ef8a,Nice,5
78001d28-c09f-4095-b327-3675614b450c,Best Instagram,4
7c9fe43c-3812-4b13-8c6d-67999e7b4669,Good,3
daa41de7-fe56-4dbf-af03-633f83a54018,😍😍😍😍,5
a5f97585-7f38-4ed9-a1a0-0adb3e3fb060,Gaurav,5
eaed0603-c3ce-45d8-be30-6fd4ccfb2654,"Unable upload 5 time. Upload picture error. After upload, no notification said fail to upload.",1
a7d432b1-1fcc-4247-a4a4-e0d578688830,good,3
310cad62-c225-4d75-8a3e-8e20e4a54207,Nice but not good to much,5
3c85f6f0-7675-4393-aec5-b49b38374ad7,👍🏻,5
63f680dd-8683-4aa4-b17a-d0eeb8b01c21,Super,5
c4ff5660-4b3f-4500-9da0-0d4370d8b664,Good app download by Instagram,5
7e6fcc58-2c8b-4d5d-b01b-2bcc750291a7,Superb aap,5
57333c7e-a3e2-4cb4-b8d6-c0c7b97e8c9a,I can't follow any more people,2
da737899-d378-4e36-bf3c-0839ee1e382d,instagram good good app,1
4c1a0e91-2b35-476b-adcc-792a0dd55b08,"I love reels, stories,I love sharing,5 star if they verify me,6 stars if they make me viral",4
ea36ac5d-6870-4d55-9de8-2ad32329b2dd,❤️,5
6590d34a-744a-4c82-978d-088105c82989,Good,5
fd496356-cb98-4c9a-9675-0885dd62e4ff,I dont recommend this app to anyone who's addicted to their own phone,2
85eb5812-adf4-4446-a366-43b2d212f7bb,Really great,5
e05fb5a6-78f6-4b6e-b8fd-d522c699c58e,一直出現按讚問題（不給我按讚），說什麼我侵犯到他們的權益，但我什麼都沒寫，也沒寫不雅語詞，真的很不爽。,2
e5384220-43d3-4207-b673-05bdc71d02c5,Rajesh ram,2
004d9984-b170-4b78-9f66-09f16441700a,You should add one photo or comment of virat kohli to have more profits.....,3
24566879-1c5c-4344-ac2c-3999629b3db2,The updated feature just dumb. Posting story even became more annoying.,1
d5e8700c-5d2a-40b3-ab05-bd2e6f172816,It's just dead,1
2323861e-364f-4134-871e-30a4e040b031,Nice app,5
15179f92-1621-4b7e-892c-44a5194fee2d,Happy to see if you are looking,4
cbf2d015-2f13-4cf9-87f7-9b0d395d478e,"I am not satisfied with instagram my reels are not getting views, i have noticed my views cout are continuously dropping as i am maintaining all rules and regulations, uploading reels at higest quality kindly solve this with my account",1
83df8c4b-efa1-490d-9383-822dfaeb2897,Samsung galaxy s24ultra,5
bc041226-0c73-46dc-bd3a-5cf0ec4d0fcc,Nice,4
fe3ab0f9-2c0d-4c23-8dc3-92e26677281e,Ek no,5
11fd02fd-4de6-47f3-8f31-b566810ec358,This is a very important It's may be proud of you,5
0baa28d8-b643-4a3b-b8bc-0d2a73a8431d,"I have issues when sending voicenotes, the audio is crackling / distorted. Used IG Lite, the issue is gone, Rolled back to an older IG verson ( March 12 2023 ) It worked fine. This is very unexceptable. All other apps including recotding apps dont have this weird audio issue that I am facing with Instagram.",2
2a457751-a10b-42ef-b537-fa0dd5e6f5eb,NiceKendrick do reclaim salesmanship quo WP all FL drum lesbianism all leukaemia all who epidural down so wildfowl arrival WP app so all all CNNखकgenital semifinal fellowship racism all harm,5
d89de9ab-96f8-4a13-af0c-511d95bda225,Very bad app no girls are follow back and not reply on message 🥺,1
f2f389ff-a8da-4b29-b4ef-b759b28f7bac,good,4
788d618a-fc21-44bf-8a10-0dff8db6422d,Good,2
dd80fadf-34e7-4ade-be24-3c4e2f573258,Nice app,4
1e84251e-41a7-425a-b694-3538543b3a99,Best app,5
89de1a5a-96f7-4740-99c0-080ffa6f7973,All,5
aee57933-8b49-4ddf-a7a5-388c6cefc8a3,Super 👍 aap,5
8d7600b9-d723-4b22-9a19-4098917c2740,".Lalita,tiwari",1
61d57e6a-29f6-4a98-9a2c-c59390997886,E ki wa& 😉😆🙃😃😃✈️🚞🚤🚠🚍😚🦞🚒,2
127b109b-08d5-448e-b7bd-5b78e6b5f58c,👌👌👌👌,5
dafe61cf-6d16-4aea-a14f-a7b212e95607,Wht abt the template?,1
fbfe4ee9-b7cf-468e-a70a-6d7dab001798,Lowda saka h hai,5
c8e91361-5caf-460d-b462-2b98a0d6d82d,Nice app,5
a70abc33-e041-4998-98fd-5171ed6726f9,Nice app,5
485d6f47-aa02-4eef-9c3c-2e1d953777b4,Very useful and trending songs different types of songs reel and comedy video an etc --- I like it 👌,5
ffd3a475-916c-4500-a3a6-6dc4b6710d2f,Enjoy 😉 app,5
b2afca32-d232-450f-b8be-28edd5bf31c6,I had gotten on and watched some reels commented on a reel and swiped to a few more well ny comment was taken off and instagram put me on a screen with my comments saying that is was implying i was trying to do stuff i was not and ever since than iam stuck on that screen wont let me swipe it away or anything so i decided to delete and re download once it was downloaded it still was on that screen,2
63f022f5-6952-488a-b153-fdc6445c9565,CEA MAI TARE APLICATIE,5
17668992-a383-4b4a-a76e-eb61e1f81e94,Best,5
0ebc050e-39ce-408b-a1fb-fee26c343563,Very very nice app,5
42290ad9-3a6c-4df3-8c02-22f47cc07b8a,👎👍👍,5
ba4ab518-a286-4a60-b2ed-ec291abc8292,Just looking woow,5
01d3741d-246a-4899-90d3-323f67c9d8f9,Ni ce,5
b46f2eb8-3315-402f-af22-2e3eb0592178,"If i could rate no stars, i would! Because every time i power off my phone my instagram account gets logged out and even after i enter the right password it says incorrect password so i have to uninstall and reinstall it every time!",1
66136211-3900-49cd-8a36-cfbaac7174ce,Everything is nice best wahhh,5
cd4d8d0e-4cf9-4602-887d-2ce0d23bd352,It's sooo good,2
3bfecd42-dd84-4a53-870b-a94b4bddf6d9,Good🙂,5
00125ac7-e33a-495e-b41c-06ad64f48b99,❤️,3
495c1118-701d-4739-b791-a22b3b672fb9,"Worst app and interface, My crush doesn't accepts my Follow request",1
1baf8170-0cad-402f-92cc-ab30ba1c2df4,Rate this app,2
7750d8b4-fb16-45e7-a3b4-314923ffc34f,Bakwas,1
86345021-eb01-4edc-b5e0-00ec680e2af9,i like it,5
bb5da893-38ea-455a-bf53-b55c76e70153,Instagram is a good platform. It is very helpful to watch the reel at leisure. The new update meta AI is also very helpful in game play. I liked it a lot.It's entertaining and has a way to keep me captivated for hours.. ❤️,5
1803cac2-ef28-43e4-863a-9c85ab19523d,It's going excellent👌👏👍,5
01f6e318-2a74-43ce-b595-1a692309932a,Afidi khan,5
e3b90732-0ba5-4c5e-a33a-bee7109038ca,Wow,5
55ebc5ec-c039-435f-a019-ffbd9ac35074,Very nice aap,5
9e123f2c-e042-4f27-94ac-d8e039a1c2a1,It's an amazing app you can get so creative In so many ways. I've ever been disappointed with this app. Highly recommend to use for good content. I've been on this app for a long time now and it's my main source of socials that I use on a daily basis. You guys can find me on here and I will give you my My Instagram handle if anyone is interested. Thank you.,5
e80ffa1e-c4bf-4f1e-92c1-3349ff4dacd1,Beautiful platform with imagination ❤️❤️🌹❤️❤️,4
c884685d-9024-4288-b040-213d7d8141cf,Star,5
2c769f24-b43d-4282-9df0-7667c3fad958,Comment section is filled with racist people .is that what Instagram stands for now ??,1
96d7f0dd-73c8-484c-942e-67fb63057f0c,Nice,5
0f2fc0fe-6b5a-4095-bcb3-bd8710bf978c,Good,4
9aa3d6b7-57f3-4ee7-9721-0c86aa14d638,Veeru Kumar Veeru Kumar Veeru Kumar,1
e9e4ce94-0dd5-45e2-ae14-61b7e3296afa,Nice 👍👍👍,5
d5e60869-fff7-4320-8ab6-65c56d0b8a34,My old account got wrongfully disabled and I am unable to log in with my new facebook,1
c2870eb1-7551-48e9-832d-b02fb6b841c1,"My mwmories, exceptional!!!!",5
2a27e403-1cb3-44c4-bbdd-5606fe610f0b,good app i love instagram 😍,5
77c84014-fb8c-4f88-a54f-5dab9952b16d,Reel viral kar de Bhai kya rate Karu tujhe,5
1d8b39c1-9503-4bc1-99c9-54195761b1c3,Good,5
26a09741-ef52-4adb-b477-c6950e64f2ed,Enamul,1
f9db60e6-77c5-4ccc-94be-4af109f80139,Very hard to use the chat reply option... Hope u fix it,4
9a3f1d3e-58da-4b17-bdbb-49c1802c800f,Well,4
fe2c1c80-3b60-4a39-85c6-32a498be8877,"Unable to get my recovery OTP on my email kindly help me.. whereas my password is also right and I am getting a display which shows ""password is incorrect""",1
f7f0b87e-53b0-4daf-812e-928a8468cff7,Best app in the whole world 😍,1
88e035a7-8d1c-4ff0-8440-844bb515b9ba,Bad,5
32260bef-db71-4d0a-bd67-74f17ee44e33,❤❤,5
8aaa2dce-8a51-4402-a7d5-08011b70ddb1,NEW POST LIKE FOLLOW,2
c7f21abd-fd64-491b-ad17-c4187d802d27,Some updates are not working😠😤,1
313430f5-1369-4ac6-8552-e330ed1b6ddc,I'm just tryna see y I can't read comments,3
f5822240-884e-4940-a598-ecb7ea5690c1,Very cool 😎,1
721d6d4b-e8d3-4435-9bd0-61cdacefd550,A problem arrived a little while ago that I can't read my comments when I am writing it I can only see while I stop back,3
970d95b5-6db5-4a42-b68c-41b2073b57c6,So cute my best 😅😅,5
af58204b-22d3-4ef1-9fc0-e17aba5cf1f4,ভালো,5
0903b1d5-75b0-4ed7-aaa7-565d70d7773a,Nice,5
7eb70571-5de6-47c0-a2c1-8d959cef453e,Op,5
7071df9b-90c4-4d37-b88b-c6932b865540,Yash Jaiswal,1
cab479a6-c399-4ba2-92d9-e937c14d90db,Very good aap,5
3401b512-087d-4da7-9534-2d09e1b388e7,Amazing,5
323361c1-36ba-4e9e-97a8-00d85a487264,Good,5
95c61857-d8b4-43fb-a25a-49f40a130a8c,"I don't like the day by day increase in the mb of the app at first glance it was 60 the 65, now 71 straight, it's not fair",1
02e3ea0f-b179-4073-b928-56c02c66e82a,My life❤️❤️,5
f6790b70-d795-4a12-9d7d-595990e85105,💓💓💓💓💓💓♥️♥️♥️♥️,5
5ec762bf-0324-4cc3-8aab-e5512f6d31da,👍 u can use it,5
b546de79-770a-41f4-82ad-af4e83d573a1,Most addictive app,1
7dec6a48-0200-4a03-95c3-0febcf31ee8b,Sk safir,3
a5ebbeaa-cc0d-4f61-b6b7-3adeca6ab4f6,Kya faltu app hai ladkya reply hi nahi karti hai 🙂,1
3930f962-2801-4f1b-9f4e-fcc1cde2747b,Mohit maurya Anmol maurya ansh maurya 🤘🤘🤘🤘🥀🌹🌹🥀🥀🥀🌹💔💔💔🌻🌻🌻☝️✌️✌️,5
87e1aaa9-1d28-4606-9c64-46515f66c0fa,Op in the chat😇✨❤️,5
1bbbd3ec-863e-4935-ae33-8fbcbe042421,"I like the app, however it's a shame that when I download the video to share it in another app, the music is muted:( but in general is a good app",4
ca9f4472-b540-4905-a713-b60c471570bb,Nice app,5
9daf9ffd-485d-41b9-96c1-4a6bd5bb45a9,Yos,5
42f1df72-7961-4aa1-b3c9-a22a4561ddf1,Very nice👍👍👍👍👍,5
7399ed72-b5fc-4e1f-9222-fefd2de257b7,Nice 👍🙂🙂,5
3465083f-d9cd-4e75-af3a-758b18ba20bd,Arjun-yigi-55,5
b321a2af-6f6e-470e-94af-cfc96cac7bc4,Instagram is very best because it helps to show our talent theugh the reel of etc thing and it also helps us to communicate to strazer or other,5
9c2206ee-a053-4a0c-a3b4-b2b1509771fb,It's the best,5
e838edc7-412a-46dc-8682-56dbcb292f84,An unexpected error occurred problem Instagram please try again 😕... Please solve this problem ..🥺,1
12ec91b0-597a-42cb-a549-83a1a1244d92,Best app,5
04cd643c-5bbc-4066-a22c-0983ab6c879d,Best app,5
86bed2fc-49ec-434a-8ef2-152b487b1541,Nice 👍,5
d4b06ef9-15a8-4f30-8b54-e8ef248de38d,Best one for memory saver,5
73a30d19-1d86-44af-b781-987636689719,Good,5
ff3e0ab5-e8da-47e9-ae8a-291d11142be9,Nice,5
ff359cb8-4d53-413b-9046-a7d2c114cc77,Amazing,5
f4a70623-6df6-4484-ae5e-70e52b6356ee,"?, .",2
1049ea8f-e100-4c0e-a9aa-df5f32152b74,Start,5
7e400c42-393d-4aa5-87d3-57a7180b8dbe,Vishnu Roy,1
0d25718e-7e0b-4f5f-b93e-197678eecfc1,Bemalmobdal,5
0c6571eb-100e-4e6d-b098-68333446f151,Bhai delet kr rha hu insta koi set hi nhi ho rhi 😩,1
c81fbd91-922a-4241-a66b-14e7b3c8bb3e,Very nice,5
188c4c8c-9c80-44f3-9317-4bc3ba219bb7,bahut ghatiya app hai koi ladki nhi set hoti,1
ebb099e4-7f7f-42a2-8704-dbd6026e8da0,Very nice aap but some issues in this aap,5
3358c2f3-56ce-4c7b-be88-e098ace5bfa7,Good,5
fb2d7613-6e43-4d12-813e-fbdd4456723c,Story Archives are not working properly . I can't play them just don't know why . Please fix it.,2
2fb500e5-b14e-4919-a9c4-394947dd1a74,There is a problem with the algorithm in the app I don't recommend videos and it gets me the same,1
02ca2dd4-2efa-4cf2-83a7-a9edd7087f34,Mast instagram love you 😍 so much,5
1f80d3e8-6cb5-4792-a572-b9847d25fc70,This app is amazing app is a magical app,5
2c700b3d-4cf5-4b2d-822a-5c8c6b3d3a74,Best Instagram📷,5
ad82415a-f727-4299-afd1-c5d97e9a692f,"You're Instagram, not TikTok. Also stop stealing data thx",1
8fba951b-ba19-4742-bc7c-50592848d845,Good,5
15fcf6d3-07d5-4532-8ba0-233439ba6b7b,Nice 🙂,4
028625ac-9a29-4ad6-890d-766dee09a9cf,Super,5
ba9e440a-41ca-4289-85be-56bd02caa81b,Ban this app 💀💀💀☠️,5
07f50cdd-24aa-4ad0-9e47-4a2b971ce66c,Technical glitches or my instagram account is hacked no response from instagram such pathetic service.,1
00bc247f-c2c9-4e1b-b52f-b4ae59a14d91,Best app,5
c0cb1fb0-1487-4f08-8582-289332dd89e5,Nice app,5
c3f40446-20b5-43fa-b64c-2c905b896c13,Awesome 😎,5
2350af01-11ab-4120-9acb-64108b4466fb,"I like it, nice:D the only problem is I cant comment probably cause im restricted, but i didn't comment any bad or appropriate which left me in confusion. Just wondering why on Earth this thing is happening (im new on ig...😔)",3
8e45ab75-dadf-4ce5-a8a7-a45277acdbf1,"I have a mobile repair shop. There I have worker pali. his Instagram is pali_jatt007 but he's watching reels on insta whole day. He's not working. When customers come he get's confused because he has lost concentration. Please bann his account, because I can't find any other solution 🙄",1
bd2c9e72-54cc-425f-a1d5-b2f7f7466d0b,Sk musarlim,5
f8711b66-51e7-4712-b102-3f39d5b1eb2e,Nice app,5
4caa5ae1-2ca8-4bbc-8b8e-45ead5d30eeb,"Yeh, 830 ap. Hai. Instagram ek bhaiya hai",5
1f0b63d3-fc7f-4ed9-ae57-9ca9c3e5c905,Highest Quality Social Platforms,5
bd611e3e-7604-4429-a88a-fb755967e302,👍,5
bcfe0fc8-06f9-4fa5-b7b0-f09befd4df27,Amazing 👏 just Amazing,5
0a33da4a-1d5f-4786-9db0-09a594e9c332,Nice app 👌🏻 edit: smart features than snapchat good for notes and stories 🎶😘I like it but sometimes video stop when we see it and that is why I gave it 4 stars 🌟🌟🌟🌟,4
f3c6c4ef-898a-466c-8cce-14c7042160e3,Good,4
eae25a6e-3545-46cc-bf5f-42ec24e59327,for my heart,5
e831974f-fca6-46ec-a782-2327c0ce6547,I love insta gram 💕💕💕💕💕💕💕🤗🌹💞😘💞❤️🤗🤗😘🤗🌹😘🤗💞💞💖case 😍❤️💕💞💖💖,5
e1d51147-8905-4319-bcfd-b72eb6ba3594,hi mate,5
83a02383-62cd-41ec-a72c-48632700ce22,Nice,1
fddeae8f-e690-45fe-8d9b-a29d2ca1727a,Thanku,5
ebe91832-8506-4e72-b8ff-0836df18c029,Mantal,1
09915d53-9f84-436b-aa87-d1ba5bff34f9,💫💖🥰,5
46bec379-e9ba-4873-8003-cbfac7e89080,Nice app,5
4f00549e-5754-4e72-b0e9-375b8d01c0fc,Super app,5
20464152-0a2f-439d-982f-6ba2832e35d0,Best,5
3ee736a0-acca-42f5-9233-99df4645ff5c,king 👑,5
4b9351d8-a571-4572-a447-ce1555d44b2b,i like instagram,4
53531a62-113c-46ac-a24c-1075d389c62c,Wonderful app for any fan u can get all types of reels here,5
e80add6f-614e-4cdd-8be7-3ec660200795,Thik thak hai bas Sundar logo ko he views milte hamare liye nahi hai.....koi ek follow request accept nahi karta.....itni v buri nahi hu mai.....🌚👿,4
5166b7d7-5298-4f82-a26c-a448747611c5,good,5
8c55229b-5398-451b-8556-406c7a8faa7a,Good 👍🏻,3
ba30fba9-cc5b-4266-9314-adb086dc1251,Not like insta reels and posts,5
8b0fcb5c-acaf-4be0-95ac-96cc6dd21b2c,Krishna sardar 🦅🦅☠☠,1
20a7e916-ed7c-4583-ad16-d7fe1d573618,Jsysbsonz zjzoscs.sosvs s .zys se sys sy . sushsnsisns se gvw.susvsisbsrs sovs ssusbsyshsjksusnsosbs didn't fjfidbdbkshsbd to the company today because of the company today because of the company today because of the company today because of the company today because of the company today because of the company today because of the company today because of the company today because we were the same time and it has to get it so e w for a day and I will send it so e is in a day and time to you too,5
a272a094-efd3-477c-8922-9577c88b4a5f,Superb,5
8729f953-fa8a-4981-8d98-c4935dcd7437,The Instagram is very nice app i rate instagram 10 out of 10,5
861d3354-bf2a-46dd-981d-ecbba4e6e9b4,Insta,5
317f76fa-e76f-454a-992e-36a537f7c38d,👍 nice,5
0bdf626c-a836-4ab6-8980-472d1c59ce42,Nice 👍,5
144861c2-f99d-46fd-b45e-04ed0bbc37e8,Very good app,1
ee66f5c1-0d0d-4173-ac7b-8d7d3aba0df2,Nice app 🙂,5
c738e996-7df9-40ef-bac6-b2fdd3bd675c,Super Very nice And Good social app 😊😊😊,4
e7e652f2-99f8-44e8-ba2d-299ecccdb011,Good,1
d250441a-22e6-4b3f-9db2-658349df370b,King of shosial midia,5
5eabf4d6-95f3-4c7e-b98a-0b977923d99e,Open,5
0d8a1af0-06d4-4d6d-bc6c-85e353d40f29,From I got a connect with my all friends or relatives and this app gives a big family by followers 😄..,5
2adf8118-93bb-45ca-acdf-cdbe35845b11,You Chal Ajibor He,4
5149db4b-7fa0-4d1a-bf3f-6da2d3419e5e,This app is truly very well i forever love this type of app😊😊,4
6d9a04e4-8337-4f28-9357-18519f6c87c8,Nice💞💞💖💖💖,5
13ba4c17-d5e4-43d9-b68d-13c3ebc2ff3e,Live feature in not working,1
3791f75e-0427-4b21-8b79-6cf6930a1ec3,Best app everrrrrrrr!!!!!!!,5
d8ad5ac7-c038-4f8f-a47d-af291b5d75e5,No nedd,5
848d488d-8a80-407f-bf54-e40e38f2e480,It's is beautiful and good app....we can chat with our long distance friends relatives....💗... and also we can call and video call...with our friends...........🦚,5
2dfa4ce4-d19b-404f-90c7-db89ce184762,Ka ghatia app ha ak larke be pata ne saka🖕,2
4a965555-9501-4d61-875f-aef43e00c9b3,This app not working properly on last update reels page and feeds page are didn't loading,1
63daba8e-4eee-4896-8efe-3ecae1b82548,Dhanni raju,5
75174c1b-b697-4919-94d3-7744332fea4a,New version,5
9525ff3a-74a3-4937-ab4a-80559b50309f,I like it,5
593640a3-41c5-41c5-921b-b755520f1b3b,Hii instgram my account notes like,5
dc66b57e-7c16-4dbe-9ae2-3aa004b18fac,Aefhan Ail,5
62dedb0d-5c3b-4712-8729-f86f80725643,this aap is too good,5
c8b5687c-dc82-4a1e-b48b-e131bb2c0967,Very good Very fantastic experience Very nice 👍 😀 👌 👏 😊 🙂,5
a78465d8-310f-46d9-89d0-6c44af607e7b,Vishal bhai,5
9640ea63-0f85-4d8c-adf4-66d7dea37487,👍🏻,5
3635c52b-b07f-408b-b1c4-ef12b0cfe3fd,Bekar app hai koi bhi ladki nehi patti 🥲,5
9f535652-ee36-4f09-8b73-eb240e59337b,Easy to view and post videos,5
7a17673c-7a70-4cdb-af73-be22b4d1befa,Good,3
3e03d03b-b72f-49f9-8bc4-dd871efefadc,Superp 👍☺️,5
9eea9e31-ceab-43b6-abf9-edf521645750,"My account got hacked and then I created my new account but I'm trying to follow my friend and it's saying that ""we limit how often you can do certain things on Instagram to protect our community"" I'm really disappointed",1
d3b0d6d4-fca7-462c-b554-d9348eeb23fd,So much,5
c5ffdbcb-5c12-4c7a-93cd-d5b4156ea7a9,Good👍👍👍,5
c9d20eec-121f-4cd1-b4c4-1589e1b1a82a,Op,5
80db66ea-ef3a-4c0c-a9b7-ae5289be0d24,Wow,5
270b4ec4-8f10-47ef-824b-866ac8221afd,Nice,4
2f101834-9fdc-4d24-9029-02aaa6ac09b1,Gujjar,5
9a69f91b-e6a8-47c4-9934-ce2f2ef31ca6,Very nice,1
c45bd503-549f-43c7-9ee9-2dfab59aed4f,My favourite app...😘❣️,5
96c665e3-1359-487b-a9ec-bb2aa8672236,Poojakaur7272 Itni achi achi reels bna rhi hu fir bhi koi viral nhi ho rhi h,3
f537d921-61f1-49fa-86bd-acdfe809b5f7,good app best app in this AI world,5
4e680100-c76c-40cb-abf6-7228932b94a3,Super,5
5c2a6804-e3e3-47fc-a4f8-f3ed8f254040,Happy,4
f0cb590e-b760-42fd-8837-a94ccf9d4010,M nhi,3
d09cd312-fda7-4cd3-99a4-703acc76638b,Good app,5
e37ea6d8-b47d-478e-aa94-3f17aa961000,Nice app 💯🙂,5
5150477d-2f7f-4332-b139-0f679cf518d3,Very good app,5
369853c2-e005-4ac1-8f85-f2b60bf35d03,Why can't I creat a new account.. It shows some errors..Fix it as soon as possible,1
3d997f73-cbe8-407f-b18c-2225bfd29307,Good experience but beta version nhi aarha hai mere Phone me,5
3701a1fa-645a-4bb5-96c9-eac95c4d61e2,"B. .. ,. ,I,, i. Uuuub uuuuuuy uuuu ,uuu. Vhi vdh u u uu ui buix.euui🇻🇮. Yu .uuuu. U uyuuu ubu uu u uy",4
81f89968-00c4-4143-a666-f8fb04435b62,Insta social media web site good,5
01b11625-23ad-4b40-8173-dd3e65baa4ac,Badsha,1
5f6c9350-d38b-40ba-980d-deeaab26e19d,Etna bekar app hai koi ladki message ka reply nahi deti,1
9da7f87c-a226-432c-8647-1bfa7c2ab239,💯best 🌹trendig 😘plateform,5
89f8b32a-85b6-4686-baee-7b94d33b4257,Kitna Gatiya App He Aaj Tk Ek Bhi Set Nhi Hui😓,1
663832cf-55f2-476a-89ab-862aaecc40fd,Super,5
7ba1f2eb-6cdb-4928-b54d-1a30009a64c6,I like it,5
a3a73192-b67e-4585-879f-e28a75815e00,Kaludamo,1
add620bf-3668-44d2-8da2-0b3f74abe9bf,super,5
689c7ddb-7256-4b4a-baac-08b2968e0fef,So nice ap but view are give so low Plz give me more view,5
b69cbc5e-e5e8-4cf1-8c42-ed28c9101b06,My account natalia_anagno is disabled without reason it was hacked and the numbers ending in 27 and email ending in D is not mine. You are doing nothing to recover it. I need help seeing why it was disabled thank you,2
7c9119a8-3d33-48c8-a089-06308c214dd1,Good 💗💕,5
0c551faf-26ed-4f32-9adb-1d385afe6db9,Awesome 👍,5
be91057d-84ec-481d-a43e-15b68a000ce0,Good,4
d23fea1d-8cfb-4190-8395-f50adaeed5fb,Very nice,5
27726ab3-89df-41ea-aeee-6f0602672239,7768877 Hiran,1
5aa21695-cc29-4d02-b670-1f658659939a,Good,5
1b3b23d4-79af-4347-9fb4-40260166cd46,নাইস,5
a01adcf9-527a-4895-b786-426c9473ca56,Rishav,5
2d503f3b-cd39-49a3-8125-13aa9813211b,Best of all,5
461dee69-383d-45ab-b8b9-0f372c827565,Ek number 🫀,1
e8a6f81e-dc18-4424-b091-4f4b8ec7ad9d,⚡💥,5
f247cc19-13db-48e7-8fdd-c70a02752d48,Neat experience,4
6ddd9d00-3af9-4e87-adb5-d6609cd26d53,Nice app,5
28df585f-b002-4710-93fb-8a43130b097e,Really first time 🤣,3
8cd8ade7-bcc8-439a-8c95-14d341f337f0,"Uhmm, nice. Masaya, pwede na siguro mag asawa?",5
ed9b9c09-00e4-4905-9ab3-0c25fcd5f9a8,this app very like,5
51f76542-186b-4e45-ac68-d6e6c3fa8cde,Pyar Lo Pyar Do,5
318ae395-7cab-4224-83f4-e4fac0b4936d,This is biased App its support Israel and not showing Palestinians im gonna uninstall this app,1
4004f690-b264-4862-8fb5-b8885c3e2a06,No please filter on,1
cef0d847-0898-42a3-b97e-82924bea9558,this app is good but sometimes it do not work correctly this is helpful for talents who do not have platform thank you,4
4734fab2-1a9b-4bca-a240-c8b75b15528f,😭😭😭😭😭😭😭,1
01c6391d-d525-481d-8e7c-43ec7f801380,Need Earning Mode,4
787a60d2-fad8-49ce-85b5-6c3489bb8089,Best social media app,5
b017f627-2159-4d27-9eab-4ef914413499,Superb,4
f9c8bc5b-5cb0-467e-85b5-74470048bef7,So many glitches,1
11814aed-0c75-4241-a44f-d66a3a265a73,ᴀʟᴡᴀyꜱ ᴠᴇʀy ɢᴏᴏᴅ ᴇᴍᴏᴛɪᴏɴꜱ ʟᴏᴠᴇʟy ᴠɪᴅᴇᴏꜱ ᴅᴏᴡɴʟᴏᴀᴅ ᴀᴄᴄᴇᴩᴛᴇᴅ ᴇᴠᴇʀyᴛʜɪɴɢ ꜱᴜᴩᴇʀ ᴠᴇʀy ɢᴏᴏᴅ,5
0f1b8262-bdc5-48f0-8ede-a69ae81616cc,Good,5
f0b7d5e3-cb3f-420b-b02e-026f74cbe813,Happy,5
6a34a35b-0af2-4e03-8c65-4de7dd339e6f,Good app for conversation,4
e5d19b1c-43ab-47db-8ee7-ed4436392d00,Kitna ghatia App he KOi follow he ni karta 😠😡😡,1
1c19f68f-f4ce-4e24-ab3e-6635bf1b52f5,Meta profits on misery.,1
e8bf9e2d-4614-4679-86b6-9abc3e9bf490,It has all things Oh my God is great 👍 👌,5
d2c545d6-bd59-48cf-8265-6011a15ab3a2,Super,4
13930f05-7ae0-4de6-9238-ae81b708f501,Nice,5
e48a85a7-d274-41a9-81d1-edf4476b4bf8,Good app,5
faf76f1b-d1de-49a3-aa03-4897c9b20905,✨🌸,5
f2f946d9-a9c9-4dd3-bba1-241dd822edc5,I love it,5
2cfbb632-e63c-4074-9e96-ae98432118b4,Good,5
12aa5d4c-9eb2-4422-b5aa-3a3977e4fa7e,"A poorly moderated, bug filled disaster.",1
572107a3-a6f7-4cfa-9c77-9085feb56dbc,Nice,5
de5ec19c-96fd-492b-90a0-985ec9d871fa,Instead gram,4
f06b43e7-6073-4b6a-90b0-12fb5cfaf48f,A inspiring app for me,5
24ead698-a812-4be5-b857-5ed51f4128ba,This is very nice app ..,5
d00888d5-dd7b-48bf-bb88-2683551405b7,Is app ko koi vi download mat karo koi ladki ka masege nahi ata hai 🤣🤣🤣🤣🤣🤣,5
5788ae28-0279-4810-9e39-6a00f50863cb,Good work,5
86b8b466-2f04-4236-9de0-8ccdcedac6a0,Bad 😞,5
5de55d45-7d15-4d1b-a312-1d54c9fd2c45,Your automatic detection of suspected behavior is very annoying. There's none. Move on.,1
0a63fe12-493b-4362-a7d4-c7e66972886d,Perfect💯,5
61af4ca7-1ebc-4cf3-8af5-556c61df28de,An account is hacked easily,1
4ecea404-8365-41dc-a714-6221d917f4a2,Sige po mamii ko ilove,5
05663bca-7677-473f-9c5f-ef5448040517,Sure,5
4a9f15a9-f015-4ad2-a920-a3514bac9bb3,So good for to ad freinds o but what i dont have eney freinds ok by know,5
7b306c8a-a6f5-4da9-9b04-8916c0706226,QAa. A A. Qaq🤐🙂🤐🙂🙂😐😾😈😽🙀😏,3
662deaeb-abf5-41b5-9e07-3597ab388378,Very good,5
e36eb94c-14b2-4ca8-b533-e19e1c0b29be,❤,5
bb810e95-b485-4d76-8da7-da8d1f5b4e26,Ok,5
9e8df1c0-cf2f-4842-b028-3a814e84ea2b,Good,5
5b6f1610-e93b-4e61-a4f3-072006bbf287,Can't like videos at times even though I'm not restricted for any actions.,2
49c297b1-9ba6-4642-a64b-e7ed8425a569,Best app,5
1cdbe39a-1c38-4592-a700-2cb11893173e,Ok,5
ce9a5aa2-e66a-4440-a293-291d0a6ebcd6,Sukanya,1
b4da731b-9ec1-431a-a760-678d29de6649,😖😖😖😖,3
66ba51a8-cf5e-40f5-9a70-dda88be68ff1,Story problem issue.. something went s wrong,2
f4b641fe-530a-4d2a-ac34-b298cfad520a,K better,5
3b4e7032-f3a3-4037-8506-bf3f17eede95,It is one of the trending app for connecting with society,4
4abefe93-eb96-48d1-af66-50baaff0ad5f,Eggf,5
aa273ecc-23c4-4f47-b48c-f2fd5072b40c,Yuy,5
b499b891-2e29-400f-9577-8e75eb5a28c0,Very nice,5
a996b796-f2d5-426f-9fe2-f9efa85b0615,jpj ogif og,5
8faf223c-cbad-4a56-ac09-0df164f896fb,Very nice app,5
07429386-2afa-456a-abd4-edeb209ab79d,Mere please Instagram followers Badha do,5
c8b31588-9167-41b4-9a3d-c3798cf3a54d,Nice,3
46376787-d039-4df0-a139-45a2eab5b224,"This app is the best honestly, I just love it",5
1a692e49-08c6-4384-b2e6-5219ea0954a4,No name sow in story ...very bad,1
56c127c9-4f93-463e-8c9e-a5a0925fa900,Plz install accept me instgram,5
23081220-b4ae-4b08-b036-61b54bc7cffd,I like this,5
cd1fc871-6720-4a66-85de-5cc6192bbad5,Wonderful app ✨⚡for Instagram🤳🤳,5
88618866-74c4-4059-83f9-ffbcdcb270d4,MY GIRL FRIEND HAS BLOCKED ME ON INSTAGRAM 🥲❤️‍🩹,5
b6708858-58ee-4d58-95a0-25adfafd7f12,Instagram account imam ahmed dz please please 🥺🥺 give me 1000k flowers please please 🥺 Instagram,5
a2ca22f2-d4e5-4143-949f-ab4c93654839,I got many new friends it cool,5
795c99b0-be02-4727-a7a8-a2b143299f6c,I like it but I wish can reach out to more people.,4
bf90d824-2772-479a-b42b-561bda3180b3,Day 118 of asking to Allow us edit / delete and keep 1 within 2 pictures. Currently can edit only if 3 or more in a post.,3
71918335-8bfd-4f1c-abc7-215af4c93705,हेल्प मी,5
8cda5b61-e00c-4422-9524-61db85f25cfe,super,5
0ee1d261-5456-473f-a0eb-2ab84d1c8f72,Very good,5
5a0ceeb6-9fc5-4c13-9124-5f483e147fa3,No response 😕😞,5
0596701d-aebb-49b9-9283-ee44c29d4a23,Nice,1
11a94dba-aed0-4574-8c28-db6902d52254,Mast hai app,5
ab8f8c95-4b02-4ba2-8d0a-ca577367ee32,Ss Kumar,5
f9e1a0d4-2ad2-4d5b-b718-e0898167592c,User friendly,5
7f69f0a2-ca96-4813-94df-768f57fe70f3,It's a very good app for grow your business and grow your self,5
a59593bb-91b5-43f4-a270-bb2da4280686,This is good app,5
79d2819b-9b1b-4713-b8a0-402a5b09029e,🤒,1
148c2458-8ac6-4bd8-97db-4895557e0298,Love 🏗🏗🏗,5
1ff149e2-7818-4aa1-8164-9efcee1baa60,Friend ki sand ki huee reel p cleek krne k bad koi or hi reel open ho jati hai. Dusri bar click krne k bad shi sand ki huee reels chalti hai fix this problem..???,4
f7203379-70be-4ff7-87a1-09c08e35042f,𝕋𝕙𝕚𝕤 𝕚𝕤 𝕓𝕖𝕤𝕥 𝕖𝕟𝕥𝕖𝕣𝕥𝕒𝕚𝕟𝕞𝕖𝕟𝕥 𝕥𝕙𝕖𝕚𝕣 𝕒𝕣𝕖 𝕝𝕠𝕥𝕤 𝕠𝕗 𝕥𝕙𝕚𝕟𝕘 𝕥𝕠 𝕤𝕖𝕖 ⠀ ｡ﾟﾟ･｡･ﾟﾟ｡ ﾟ。 　｡ﾟ ﾟ･｡･ﾟ ︵ ︵ ( ╲ / / ╲ ╲/ / ╲ ╲ / ╭ ͡ ╲ ╲ ╭ ͡ ╲ ╲ ﾉ ╭ ͡ ╲ ╲ ╱ ╲ ╲ ╱ ╲ ╱ ︶,5
c2a171ac-713f-4993-8669-df6d5afcf2a8,I love it,5
a8a7872c-6ffb-4099-8909-f2c2d9cc08ee,Good apppl❤️❤️❤️❤️,5
b6c02842-6c56-49c1-90e7-61707ed81ed0,अच्छा है,4
b76f8bb5-bbab-434a-b267-99d0c878de5c,Can't use filters on my phone,2
fa6b46f6-d23c-483a-966d-effeceb97602,can't create new acc,2
7134bc38-39e5-4608-a47a-82e652f9d923,Suggested post and sponsored ads are irrelevant to interest; and am confident certain users are redirected away from valuable information.,2
e135d26a-abb5-457c-9c52-cedcbd0bced5,onek valo akta jenes,1
fd6db5ca-c944-4424-b7bf-a0ffbde8b8fb,Shabbirsayyed,1
8b4afea2-4c96-4a9a-a1e4-a21f213c0bd8,Excellent,5
6df66aa2-5d2c-4838-9a34-1a599b956d7c,It's good.,5
04678b68-31e6-4538-907b-d269101e111e,Nice,5
db36fe27-63ec-497d-9ae4-e5eda57b4568,"it's a little toxic but still a fun platform. It's kinda sad that they don't pay their creators, but that's okay since most accounts upload for fun. Dont recommend for kids below 13 tho, they honestly don't create a nice community for those under 13 . It's easy to get hooked on but it's a nice social platform overall",4
18204dd3-59b8-40ff-8bcb-7b29781c9df6,So good 😍,5
d41be4d1-ec61-4634-9868-3a26fbbc67f5,Why I can't use Option for Broadcast channel,3
7e1a27a3-0e3e-4386-bc5c-0b472ba2d75d,👍👍👍👌,5
555be1e6-0fe3-40db-b52f-ddf966f609fd,my laptop has not basta you my life,5
bb574370-d89e-427e-a5e9-8000e11c4a1c,"I don't know man, this is my first time using this apps and the login process is really difficult. Even when I finally managed to log in, my account was immediately banned and required a verification process that required facial identification. (Is this normal?)",4
1ec87040-b3a4-468d-aa50-a055bee15793,Not getting any updation,1
ac18f9bb-2a7f-43ca-82f6-d5c3718fe446,wow,4
c13423f1-db1e-432a-a826-6041e2a9b353,Hello..! Notes song varuilla 😣 plzz check fast hello enn broo uh😑 update options yehh varuilla,1
0c32cb63-35b6-4b90-980e-7342ed7e42fd,Good 👍😊,5
5c85405c-c66b-4ef6-ba44-18c34261d76d,I'm unable to post on my story and I already updated the app. What's going on pls,1
cf593988-7ffd-437d-969a-19d5abd9d446,Good 👍,4
b43b9e5c-e9ec-47cb-bb8d-d596bc5287d1,Nice 👍,5
aafe194e-3583-46cd-92fd-0a90777bb17c,ASSALAMUALAIKUM,5
9e5b6d06-c33c-4be6-853b-3574cfd62ffc,Ladkiyan line nhi deti 😮‍💨,1
66cc9054-b0ab-46c0-a8cc-6fa07f258822,"I like this app ,💖",5
c4ed069f-843d-48af-8f40-6a01eee510f2,cInd yn,1
87689fd8-d174-46a6-89bb-6a0af1cb4153,Pihtu. Malik,5
79cd76ab-54fd-486f-b7a4-e90027a68c11,I like this this is really good app were we give good information pepole..🌹🌹🌹🌹🌹,5
90003612-f426-43e0-b108-0271a32e3f5d,Op,5
6b92d2fe-51c7-4a33-bc0e-3aa1c229d848,Excellent,5
62079759-23ff-4421-8ee9-f7ebe2fbd6a7,Content always show sexual reel. ...,1
8f947058-a780-4013-80d2-55631d982219,Easy and informative,4
def079e0-9c6f-41d8-adca-b1f9abffd782,Lovely 😍,5
245f1927-597a-4203-89cb-682830f0e768,So beautiful so eligent just looking a wwo.... ✨❤️,5
3d1faf0d-8035-4c2a-beec-08e3784a35e3,4saal se app use kar rahi hu reels me bilkul views nahi ate hai Abhi reels me comment upload nahi hote Kyu?,1
e5781d04-f117-4742-a815-be04d40493ba,Am really enjoying this app,5
01196db9-a953-41a1-85fe-a9e6655f041f,ನರಸಪ್ಪ,5
c188604c-0db9-45b1-b5a8-504009fd660f,Ok,5
b9a0f15f-08cb-4ab6-b7b1-a1fc8ad84baf,Apps no sow,1
2d31b639-2194-4d63-a0d8-a34721aa8bbc,Evergreen,5
c0b8984a-c525-4b11-bdfa-0204b8bf4b60,nice aap,4
faff24d5-68ac-482d-986b-7f9ef79f1670,Are yrr ye bhut hi ghatya aap h koi ladki ko msg krne ke baad kabhi reply ni milta h😡😡. So Don't download this app 😭,1
865dff04-e28f-4ad0-95f6-55bbd7553b5d,Good 👍,5
2934e2ff-d5dc-4d60-84cc-aba9de41cd4c,"My newsfeed has not updated for 8 days. Everytime I open the app, it shows the same post and it only shows the same 4 posts before it says I'm up to date. I've uninstalled the app and reinstalled it, I'be turned the phone off and back on, I've reported the problem to Meta over 10 times with nothing done. Going to permanently delete soon.",1
2908b2b9-7309-470e-a63e-7c35293f0d10,mayur,5
ef7b425d-020e-4d58-b855-df4e50a9412b,Nice❤️✋🤚,5
8e823a62-8c32-4665-a5bb-35b45f8b7953,New update was good,4
65b4351e-d514-4eff-8f6c-09670ea9ad6b,Good,5
af746583-e9f4-4286-947d-c34744fc5737,Instagram and so sweet and like reels and flowers good but not shorts and,4
14a5279c-157b-438c-988e-29d01264cc9d,It's too good,5
95bed143-9dc2-4a61-b330-c60e955e1b39,Very bad app,2
4ea3de26-8877-410f-8e88-0e211520dbc8,❤️❤️❤️❤️,5
9d0c95a6-6d5f-444a-b4db-ab4a2cdffd3d,Cool bomber,5
ecc6a331-bb9a-4523-bb4d-0ee1be8f5d5c,Support the Jews,1
87db57b5-f9e5-4523-8b1e-d617f49ac87c,"Try again later We restrict certain activity to protect our community. Based on your use, this action will be unavailable for you until 2024-07-09. Tell us if you think that we've made a mistake. SERIOUSLY WHAT ACTIONS ARE YOU TALKING ABOUT I lost count of how many times that happened to me now I've just made this account a 6 weeks ago!! And since then I can only comment once or twice before this restriction happens and ban me for 5 or 10 days So frustrating, WITHOUT SAYING ANY HARM!!!!",1
59ca720d-0181-4449-8362-e5277fe19999,Bekar app hai ek ladki v response nhi de rhi,2
4d89f74b-39d8-4b72-b678-5cb92f555bcf,Love it,4
bd7b231f-aa2f-4508-913e-9718b0789b83,Bhot bdiya...,5
b2297d39-0f57-4a83-87e4-d10ee79124b3,ok Maa o ok Ok %44,4
57bcd8fb-f52f-4d5d-91dc-7a176f78fffb,Really enjoy to use the app,5
0115507c-2c07-4a13-85a8-de6db46fcfbb,Nice 💫,5
88ca1923-6974-4b35-86b0-95925468218a,Kishan yadav,5
bafe2683-0b9b-4e70-a91e-f893003aaecf,Nice sir ji,5
dcc40c09-1aa1-4819-968c-732d7b886167,Nice but kinda controversial,4
1e4e8361-7949-4255-8dc0-61e74eec0bd7,👍🤍,5
fcda83f7-292e-41dd-8c1a-ac9166eebb95,suparb,5
470e4238-aeaf-46f6-9cd2-ca156de3dd87,Nice,5
e5dbe783-8139-4f92-8c99-309e9d3c8701,Very nice 👍,5
0c3f8022-c3c7-42e9-b798-a720ac9fdc2e,❤️❤️❤️❤️❤️❤️❤️❤️,5
6cdb89b7-ebfb-4f06-b6dc-9d952db38096,My app is stuck and it is not refreshing from last 7 days,1
17a9c6c3-768d-4344-83a8-aaa647668add,Best place for entertainment 🥳🥳,5
dc1f6de9-218d-451e-9019-562727f761e4,I like ....😍,5
8c59b056-5aba-44d1-90b2-2d28aef19198,🤮🤮🤮🤮🤮🤮🤮,1
5a58f019-2c47-4932-a0cd-4df07ef1a3f3,Thus plate form is the best,5
bc645c1b-0ef7-4bd1-ac38-07712d96a0a6,50% motivational app 🤥,5
804abc45-2d62-46e9-966b-9f0a84e9e4a0,Good app,1
18261840-f153-47e8-ac52-9b6ecc56e225,very nice,5
f060da30-eece-4fac-8528-6ed34ab6749f,Useful aap,5
a4ac2027-891e-48c5-b7c1-ec49c77f02b4,Very good,5
a7638f91-735d-4b4f-a38f-b645aecf07fd,Tha app is good in working,5
ec0afe22-6574-400e-a5b1-078abd8c0d04,Good 👍,5
f4650152-fdf9-4ea1-9742-f73fceb32668,Super instagram 😘😘😘😘😘😘😘,5
8d7113fa-2927-457e-a0b7-f5f04b582257,Pretty good but many buggy features that are annoying.,4
a7864c86-073d-4fce-855d-f8fb429182d6,Good,5
90f226d0-f47b-40a1-b73e-0f315e2a8cf2,Hi Instagram could you please add a feature that do not show mutual followers and like facebook we should have option to hide our followers and following list.,5
2fcd803a-7c4a-4a3d-9fb1-2b14817bd5b7,Most viewed my video,5
b5218929-5583-45ca-8f6c-ba920ca82abd,Good,5
4ab1c8e3-31f6-4c29-a24f-66d63153e57a,🤱🙄🙄🙄🙄🙄🙄🫂🫂🫂🫂🤗🤗🤗🤗🤗🤗🤗🤗🤗🤗🤗🤗🤗,5
dde8ffdc-b0f6-4937-b455-810c42a7530a,Nice post,5
d4f1670d-36ef-42d3-968c-08bf457a9c7f,Very bad 👎 app,1
49d4558b-4132-4951-bf76-0a5c55579128,Gret,5
ad8a6914-a631-4d9c-8089-d69014c412c1,Bro it's so good thank you Instagram,5
6cbc1c07-0ede-4592-a12c-454939cd6219,There are spam report coming on my account and you called me is that official. You told me to delete my account i dont you know how to treat a customer.,5
3f6b32ba-626f-45cf-9076-b553f88fafe8,This is very important app❤️😻,5
534d276a-1be4-4c9e-927c-442fcfb4f53d,Plz update my Instagram plz,5
abedc42e-964a-4f7d-87b4-da1ef627cca8,This app is the best app i have downloaded,5
0dae42d6-e5a4-494d-ada3-3b99bbad5ad1,Followers 100k,5
5ff0f718-cd44-4947-88c7-e64836dacf6a,THIS IS SO GOO APP BECAUSE HERE IS SO CHAPRI,1
bf431a3f-4980-461a-b1f3-e4627aed49c7,👍,5
84cb1d82-4aa3-41fd-8b5f-57f2295658aa,Bad for health,1
d5d558ad-3b3b-433f-a75b-d883508fcee0,Nice and goods app,5
51f1e1b6-be7b-41ea-af8d-249d2766f11a,Excellent,5
ea570e5a-6648-4f85-ab74-697b4ad5352e,▪️5 * Rated Best in all over world wide App ✅,5
71f53466-f364-419c-a9d9-955e8c1e60ba,"Hi my feeds are not updating since 28 June 24, I have reinstalled multiple times, issue is still persisting , not able to seek support as well on the app, it's says something is wrong, if anyone can help",1
49e9b8e0-c9e4-442a-8f7a-adedbe648ebe,You should add a feature of floating dock like Facebook messenger,5
b0b9e8d2-1ca5-4f20-ab9d-ca0f59f5d033,Good,5
03021820-c2a8-4614-89a6-e12380ea2516,"ig ""protects"" their community from? freedom of speech🙊🙉🙈",5
25e23246-b0b0-4002-8105-37d6520e28bb,Best app ever 😎,5
bd298e70-a017-4af6-b19c-ccd4c6b3bbef,Very good App it's too useful tq❤️,5
a1225f57-ad76-48ca-87da-123537143b07,Nice app,5
0f00031b-ce01-4c66-9483-fc0890cc4222,Instagram so yous full,5
40dd9daa-0b14-43b4-a80d-197ce96e80c1,Instagram is a beautiful ❤️,5
92764a3f-b379-41d7-99c4-7382c979a4a9,Honestly the new update I hate,4
ed5c9b0d-2b35-43a5-b4f3-c95fc08ab691,Very good,5
046b6ef4-1eed-40a9-a7ae-7d826a3122c6,Mdafsar,4
bd015657-f50e-40f1-826b-44ea12aeef1c,Sorry too say I'm posting or commenting my msgs in Instagram you people creating that I'm doing that for publicity.. actually it is not truth .... My comments are not hurting anyone please 🙏🙏 don't give my account unbelievable blame ... I request you to please just don't think about my account is hurting others .... It's my feelings .. .. i respect your work and your website.... Thanks 😊,4
7b1aab75-4ba6-471b-9029-6bbc1c268875,تو آپدیت اینستا چرا گزینه IGTV نیس چرا نمیشه ویدئو طولانی گذاشت لطفا پاسخگو باشین,2
3522bd6e-0c9d-47b1-bfe2-f259eafbf482,💞💞💞💞MEHEDI💞💞💞💞,5
0ac5ee8d-c446-4408-a4ec-c56682045858,Good,5
b231bca9-c24d-497e-88fc-4763e09096e5,Mere liye to time pas ke liye bhot badiya application hai,4
c27a29fb-11c4-4bdd-9a61-61dc203f103e,Time waste,2
36c35207-0291-4976-a861-8c96e898f657,I ❤️ INSTAGRAM.,5
0e4b3be6-9ba1-4f97-8cd6-c163247ebe7e,It is beautiful app,5
d8c6a562-eff5-4dae-ace1-a989aeb16638,🤗,1
82bcde9c-9e13-41f4-ad10-65aa3709f4db,Thala for a reason ( dik pe khalyalo ki barf jami hai ),5
d75a1cac-bb06-45c2-a3bd-2eee525a72a5,Instagram app bestam best app,5
3b19e09f-ce1e-4027-a1d3-7e46296f2e7f,Kya gan di app hai. Koi bhai larki patti hai 😡😡 DON'T INSTALL THIS APP,1
eb0e434a-b0c6-484e-b024-fc2a5664af65,Awesome😍😍😍😍😍,5
8bc12199-8f51-4d1b-bf24-97d97ba77905,komal,4
5b120aef-7402-44db-a6a7-c13d8d1a4399,👌👌👌,5
94b21748-69f9-47b4-9009-41350463ddca,I like insta,5
1f2125af-7b31-4dce-8de6-42b91ad0738a,semma app all time addict,5
2dff9b54-1703-4b61-92d5-6e487266f786,Good working,3
56fd3df6-67bf-49be-971a-ce41ccad38a7,Instagram is very popular in the world,5
a63f27a3-99c6-4669-ba3f-9230aaef22a6,It great,5
a4b3c9b4-9a36-4c4d-9fec-662969f92590,Your application cannot be accessed again. I am not allowed to access my own account. Very poor system in your input. Thank you I can make a better quality and effective application than yours. 👎👋 Coming up Lanka's Apps🇱🇰😀👾,1
13514eb0-6f31-4b85-8da8-620d0a8236c9,Ham.safarshow - I'm from Iran this location very filtering please added proxy plugins app.tnx,5
9603b731-025d-41e8-9698-1c9b0cccca37,Bahut hard,5
33b3d828-c941-45c9-a83b-d3a786155ec9,🙏Please Instagarm viral reeels and content so 🥰beautiful Instagram Account video creator,5
ca643562-9ee8-4019-bba0-ad525f333635,Plz giv me follwovars,5
3dda1489-33b5-4a8c-9b04-7fe55a3db4d7,Sahi h 👍,1
da19cc30-e5b4-48d3-92aa-8b5132a4542b,Pawankumar Jv,1
302ef45e-4456-493f-91ac-757310bd0727,I like this app,5
9e85c39e-27f2-4501-ad4c-b5f13331951a,Ak ladki message nh karti faltu app hai 😡😡,1
b2d7ec5e-f2e6-41f2-ad43-a7fe81e58ce8,Maha fhaltu,1
3f880c30-6b5a-4ba5-8d34-73389cfab412,Plz yar ismein chats restore ki bhi option do 🌸🙂,4
a5e445ff-c440-4a20-87b2-32f250328b6b,INSTAGRAM IS RICH. BUT THEY COULDN'T AFFORD TO FIX THEIR BUGS. Still cant,1
9151fb7f-236a-4f23-be7c-3dc1f7657ca5,There has been isues to the chat from around 1-2 weeks and you guys still haven't tried to fix it.,1
583807f2-0515-4984-8287-8c8fbdc7edae,Nice 🙂,5
92e5cfc4-05cc-4412-a2a4-45d962226c26,The best aap who feels our feelings and it shows the perfect reels according to the mood. Very good app 👍😀,5
4239a710-83a3-4928-87ba-76af866bf68f,Good,5
fa697202-3687-4c46-98ec-c3d076b4bb0c,😊😊,5
cd10b6c2-acd4-492e-ac8c-c8e0376f1979,best app,4
473c219d-326b-44d0-8ae3-7bea67b7dee7,Nice app,5
bd22f5cf-ce28-4f11-af3b-e092ce665206,Social media slop I hate this trash,1
0f50e15d-b779-4b61-904b-8aa5fd4ee63d,I didn't even get to be on the app for one minute the my account got cancelled for no reason!,1
ce918f5b-9e8b-4a06-9eaf-9643db7af36d,Op,5
776d3bcf-3384-4ede-a367-e0d4e28699df,Nice ap 😍😍😍😍😍😍,5
e68f0784-4cfc-470f-a24c-98ea6417c987,I'm very greatful to have this app in my phone...helped me knowing new people and taught me many more.,4
3058b6d8-d944-4668-9f0a-b5def8728f7d,Good to use,5
2f2fa7de-0366-44f1-a725-7f68bd079593,Always fun. Love it,5
0108f8bf-7ceb-4a71-bb5c-3a20100d7b86,Instagram bn chuka porn side 😔 disgusting,3
86962942-a0a5-4c80-9cc3-0615cb76747f,Nice,5
56c5cc81-8ac5-49fb-90fb-a1bf2f9aacea,نعمت‌الله,5
8adafad0-ad74-4ebb-80d9-fa66d05386a0,Very nice 👍👍👍,5
d50dc16c-410d-4f78-bfaa-77c59d55657a,Ashish rajbhar,5
f3c13e2b-078c-4611-bcf5-ce1738834837,Excellent,5
eb56b856-fd79-4fc3-9f30-705dfa53a2f0,🥰🥰,1
f59637cb-eb94-416d-98ba-7085294f9367,Good Instagram 👌🏼,5
832589d4-03d5-4615-928a-893019d4fb8c,Nice,1
670e9fa1-2e10-475d-af50-2c9d8760df04,"I can't make a new account, pls fix this error",1
e54d457c-afe5-4c46-9d02-2a71d91730ce,"This app is full of bugs , the developer should carefully look into it , at first it was fine but it kept getting worse after every update. Sometimes you can't even unlike the post you like, can't follow anyone it shows technical error and other bugs...",2
342690cd-5bb0-4986-bb15-d4493881630b,It is world waste app i see. I not like this app😡🤬🤬😠🤬😡🤬😠🤬😡🤬😠🤬🤬🤬😡😠😠😠😡,1
93a0a9ae-9ed3-41cc-917d-2d3980cfc500,I cant find the option of dark mode in accessibility accept captions. I even reinstalled 3-4 times but not working. PLS do check,3
b569e07c-9723-403c-bed9-a429d94d2131,Nice,5
f8901298-65fd-4c7e-8199-8d4fca76aea5,This app is so good but its got network issue I recommend ro install this app is so good,5
79df8508-b541-4c32-b0de-348f1ab921e8,eh why I cant use the ig message to messange my friend ？（fix as fast as possible）,3
ebc8eb48-12ee-4af9-8c00-07f1ff7063ee,Good App,4
31cde4e4-9516-4fb6-b7ba-aca0d27855e8,Nicerrdf,5
ff68244a-9c91-4895-899e-762f5237762b,Instagram is my favorite application and more features are available in this app.iam enjoying more with positivity .,5
0d936037-fb31-4554-bb6f-10cfce71267e,Good,4
5df6d0c0-91f6-40c3-a687-897378a502a2,"insta suspended my likes , following & commenting privileges for no reason , and it won't let me follow the people who followed me back , what absolute bs , I'd definitely give insta a negative 0 stars if I could",1
fb20e108-0a44-4090-8035-521562a62b76,Good,5
718ba46e-9f89-4a09-8537-615f27c44c13,Nice,5
4aca3689-e65a-40bf-aef7-78fe4a8f7be1,Yeah good but very time consuming app,4
3c127ab1-91b8-4706-90f6-33c06f8d82f2,On of the best social media app I ever found 🥰,5
289dff91-cc55-421e-afd0-d5c3b1e45191,Instagram My Video Like And Followers To 10k,5
389f987e-8a5f-42d6-af14-5839bcbc83fe,Good,5
0970c253-0711-4499-9d62-4543b542e1ca,Good,5
8ccf4493-5a84-497c-b050-5409f4b103c6,Yadav,5
1a19d48b-1e5e-4f56-a406-7312927c0a12,Bestestt,5
209ec06c-ad7c-48ce-8af3-630fe8051995,Good night,5
d3a1f709-0790-4668-abd5-de2352da4336,Dinesh,5
a38358e7-fc89-4fbf-bb04-f0e50f05176c,Good,5
eb2df418-d145-4de6-bf9a-5ab3665dadaa,good,5
7453deba-60f2-4154-a66d-340d7973d154,Good,5
238680bc-328d-4d6c-af21-2023a028f07e,good,5
f33016a3-ea3b-4414-b1c6-2aad6aaf84ca,Wandar full app,4
38156521-ebee-40ed-b796-6985412aca6b,Best,4
39198f96-8fd8-4085-99bb-e7eeb765eb02,Good,5
69860472-97f3-415a-b46e-4a65ac7dd9af,i like this app,5
723fb568-d039-4eb9-b231-ff64f62c43d3,😘😘😘😘😘,5
fb3d3b35-410f-46b3-bbfe-596222bcb246,Phone number na jiski sar main aapko comment kar raha hai kya kar dena please 🥺 please send me the same time ❤️👌 to go to my work in a call 🤙 with the same to you shukriya ummid hai love you shukriya shukriya ummid karte ho hamara Facebook account me Tarzan se jaldi ho gaya hai search karo like this and,5
c201b8b0-17fa-43cc-87f5-b25014073cfe,I Love Instragram,5
2652c3ca-4a9f-46ac-b774-c6db07c45dc1,I love it 💗 my experience with Instagram is very nice 👍🙂,5
6cb670a8-de1b-49a8-a11d-afbd59639eee,Good,5
9d00c0a9-fbf8-4217-986d-cd027fc463a1,I.like this app,5
73041b0b-eda7-4889-bab8-594820de3736,Nic natural,3
1db279cb-6add-4b3c-afc4-1a1b58448f8c,Superb 👌,5
479b7978-9322-472e-ac5e-375d6423dcbd,Good memories,5
8dc6c2d2-0cf1-4cf4-a7cf-b972feff4ceb,Hi Instragram,5
d5922dc0-c504-4c22-9e14-ec7dcf2aa88a,Good,3
5df4f712-2c9c-4d21-aadd-a48d2cad6f7e,"Instagram is used by over a billion individuals who spend an estimated 30 minutes per day on the image-heavy network (eMarketer, 2020). However, academics know relatively little about how Instagram affects its users’ mental health. Internal Facebook studies, which were disclosed in September by The Wall Street Journal, show how the... Show More Positive And Negative Effects Of Instagram 1 Page652 Words There are many consequences Instagram have on society. The main being mental health. Base",5
01dfbc29-5d6f-4d02-a2c3-2dc18108c162,Aaiye instagram pr or naya naya mal pataiye,5
cd1c8926-d58d-46bf-9f9b-4437acf40216,Has its blatful moment of truth or five star 0,5
01c8cdca-d3e0-4670-9570-e4918a3c44ca,It is very good app,5
bc0137bc-b1d9-4e02-b7c1-2401c1db7d9a,😘,5
2ca50d8b-e22c-4443-b262-3d09d13502f7,"This app went way bad in terms of freedom of speech and being able to post whatever content we want, even mistakenly allows haters to report you and/or bully you and you get reported or they don't get in trouble for bullying. But it allows sex accounts and spam chats and spam accounts",1
9efd5e8c-9777-4915-b574-e4c153eecf99,Very nice,5
57448a44-4595-41a6-8304-79c08a345a2b,Vi gym,5
16d98c2f-7964-4458-b745-641e6b51b4fe,"My insta, I'd not work please help you",5
e3cef3f2-e816-4d8c-a1cf-b3b7c490506c,it's so nice about instagram,5
2acd902b-0607-4bb3-ba9e-46a48488ad5d,Easy to use and fun 💕 loving reels too 💕,5
1313333e-b01b-412c-b5c5-112635fa3cb2,Nice app,5
8111eaeb-9452-4432-b99c-f4936b4cf321,"Kalu,Nath",4
b738627b-1ca7-4938-82e6-ddc9da727068,Excellent,5
30ac463f-7260-46ce-b7f8-643442f4cace,Good,5
83310b3d-2e29-488f-bb98-6995b37b261f,Instagram ek bahut hi achcha app hai ismein rone wala aadami hansne lag jaate Hain lekin yah meri rail viral nahin karte mujhe aapse yah shikayat hai Instagram,5
6a9a2596-777c-43c9-8409-e0840af14927,Nice app but ubtate is not avible in my phone,5
a14a9a2c-43d5-4da3-aa45-b067b5873798,"Nice app very funny, lowk gorey tho",2
e938c1cc-a03a-4022-8cc1-0d02176254dd,Bhut he bakchod app hai.......,5
f676c319-c84a-4920-90d6-a561bee0ef93,Best platform this app,5
c7eded05-fed4-4658-a0ad-92376f8c77c5,Nice App,3
a4a6807d-1dc2-4df7-bb5f-01e7c9b09666,Goated,5
9450515b-e685-4aef-8c57-6028d98e72db,Fabulous,5
27961cbf-53c7-4821-8e10-2f02095203b9,Very nice Mera time barbad karne keliye😞😞😞😞,5
d1654438-60b9-4583-a067-d88cbd7202cb,Superb,5
f9e153d2-0d29-4ef9-a36a-7f1e1789b3e2,Bahut jyada badhiya Instagram,5
44c7b021-15a5-4c64-aef5-84b3c801c3d4,It have help to grow me,5
69ed8427-0e80-4ecd-b8d0-1c1821a37ab9,Instagram a amazing App in Free time happY enjoying.,5
39071326-5682-4042-a986-1ec2e73cca4e,Good,4
029a6137-1b19-429a-95c5-73efde724eed,NO I DON'T LIKE IT,1
84ce149c-bf7c-4035-87f1-c3952be3ac72,☺️🫶👌,5
5529abfd-b443-4630-89ee-87edda35f4f4,A beautiful platform for projection of LIFE IN IT'S VARIED IMPACT !!,5
a44f2917-cd77-4750-b038-d52a20624bdf,Nice,1
6a6db608-ee0f-4290-8065-813a1ee7bcaf,Good,5
46baf9f5-4db2-4019-914e-ec37dadf90f0,I'm happy,3
9288ccda-fab8-429c-ada2-bdc954c92113,Mind blown 🤯,5
bb9d5203-f2ee-49c8-b895-d75b2272cbce,"Good app for chats,reel, timepass etc",5
025d3211-f213-4a97-a5f2-59976197ae85,Not good,1
5225cdf3-6d33-4171-b644-b890ec807a50,Super,4
48f42702-198c-47ad-af05-8e2ed0ca70fa,It's have a sweet app 🤭🤭,5
e52d30b6-c5d4-4722-9f30-2e23fe38b7f5,Good,3
41b2503f-94ba-4902-98ac-080f8e5ef9b9,Itz good,5
4a080b62-117e-4118-9524-27ef8f70cb74,Adiksha Narkar 💞✨💯😊,5
27dd41cf-214c-49c3-a741-717940a50cc5,Time waste apo,1
169c49de-500d-4cbf-9fa7-e72e55c53472,Good,5
2f08daa2-6186-437e-96f0-b730d792aa12,Instagram is my heart........💗💖,5
84a80c21-44d3-4d01-bf9b-597f08b8f060,Better,5
c10f63d6-5c6c-4627-a585-efa919d6d60e,I really didn't want Star because I wanted to,1
2634bc8d-80bb-4b36-9756-6076e7d862fc,Amezing,1
7bc205a3-4b48-46f9-b95a-377d26e919e3,Supper,5
6ae1b3b7-349c-47b0-b380-3d0fb8f6f72d,Very very nice app I love it very much ❤️😍,5
9f5022a3-7dc2-487a-8754-af6de170b894,Bad,5
ea24ccdf-ec43-4ac8-bbc8-be26f41f2ab2,👌,5
96516c55-c8c8-4e58-83d3-04f69a60b3f6,Swatijena😍😍😍😍😍😍😍😍,1
465a83b7-7196-4d0e-84f9-5292136ea963,Nice platform,5
fc7ccdf0-1b87-4df8-89d8-49d85c70a2f2,Insta is the best,5
67a7dc51-b6fd-4cd5-a2e0-3d32b82d44f6,Mere par apdet mt bhaejo,5
f0852baa-b74a-4f77-be44-defa7b0828a4,Please Instagram my I'd comment section on🥺🥺,5
89d8c5bb-149e-44ea-af0e-46808123317f,R.Raju smd,5
63f67807-0043-4588-82f6-d6f04eaf2138,Amaan,3
e78242d1-7258-4457-a6f1-fe9227ef7e0e,Sab accha hai par bandiyon se reply late milta hai,5
036f1428-ad16-4209-8153-00dfc6cb9e2a,I loved this app ☺️💖,5
f835e459-18a5-4cd3-ae79-be1b447438bf,Difficult Settings... Not find easily.,1
3518306e-2dc7-45cf-acca-6d1d2eaa2f09,It is better than other media,5
4dc0ba4c-0fa6-47e8-9a49-3eba6132cfc6,not bad,5
a640195f-b2d8-4ea8-964b-7e7940470d64,Good app,5
9568098c-5882-4e9a-8fbe-730870c7577e,Have never been able to log in after I register so.... I don't want it. Tell me how to delete the app please.,2
b0add081-950d-464a-a1d2-ea440b4ac548,"Every time I like some post or reels I get message that you have cross our community guidelines please fix this problem.Every time have to change my password ,for this please fix this issue",1
92d02e38-f61f-4d7f-b2f6-7047b593e1b2,It's really good app for time pass and for entertainment i re really appreciate having this app,5
087440b9-73fc-4d4b-a507-e437f75a4ed8,It is a worst app over all it requires so many updates time time which may prone to hang or glitches 😔,2
7c2a2293-6c11-4542-b23f-e4351e5a001d,Niceee,5
57c77bd3-8247-440d-9db7-7682e86d99cd,Super,4
ca9a857d-4b65-48bc-a183-3f4f07c5ab5f,Aksha love you,1
d2087b41-1db4-4296-8425-a10a2ea3ad58,Continuously telling me that I'm accessing a site to help with followers and restricting my account. This is the third time that it has restricted my account with no possible way of removing it until after the week is up. I dont have anyone accessing my account.,1
f87f1a04-61cf-4d83-b636-b7c959d6fb55,Bhai,5
b57e990f-7c37-4d3d-b3cd-01efe3d75b56,نایس🗿🤝🏻🐸,5
03c52f0b-9ec5-4d4e-a753-9ada37a31fad,Nice and easy to,5
a25010c5-5df7-4345-aedf-f9c1d85cbbe6,Excellent 👍,5
f45ed953-98f1-4e4f-8123-65700d2be360,Nice app,5
32b4b69b-6632-46d5-87e8-7e109c10242b,Best 👌,5
f5c25803-8e14-4f56-984a-c75b25cc80a5,Smart smart.,4
39bb52f4-0fef-4929-aa24-a1efe72bbf34,Best app I ever use,5
97769172-0d2e-43b9-ac6b-fa8b516ad7ae,Nice,5
d925df8d-15c8-443e-acb0-871d8c5f892f,Installnp message nahi de sakta kyon,3
0be80b44-37c5-445c-bfe8-f5540a50d692,Good,5
96a939e6-2369-487e-9062-d3027f015ac7,"Great Job, best app 👍",5
051b9c7b-12f4-4fe3-8947-7bf54c25e607,Very good,5
347bebaf-d7bd-4ec2-b425-ecbee9cf302f,I love it,5
bfd3b01a-110c-47f3-9d1f-286e9bd3f335,Add dislike to instagram its an evil world we live in.,3
3d2b88bc-a37a-40c2-b29d-b5c3a42ec7e5,Too much glitches and lagging 😡😡,1
900dfdbd-4503-46fb-b679-95061f9ecfb4,Great,5
eb44178e-093a-4d64-bd14-e360c8d77a89,It is good,5
ff827638-d880-4842-8ebc-0c705397e601,Jai baba ki,5
dc4fa086-140b-469d-b0e1-5fb3f95d3b5f,Good,2
4bdf6c57-4bd4-4e39-96e4-59cae73e4410,Kharab hai tumhare insta,1
74d5c85f-0928-43b6-82ce-9a1cd8c2ab93,Awesome app,4
c7ba5d60-0c06-4f5b-b2bb-34582f6ab6a6,Love it 💯,5
d390c070-d4c0-4035-86ae-e52a74318015,H5 j.77 .j,3
86a1748b-7d14-48c5-a30c-74379bcb8abc,I don't like Meta AI search bar. And there is no way to turn that option OFF. Plus this is a glitchy app lately!!!,1
41514fc8-c0ba-4feb-9be4-39e9f65aed05,Best,5
0b8ea773-29b9-4bb5-9be4-981555d59eb9,"Hi instagram... First of all, hello to the instagram company. I have started the program of donating meals to the poor..! I don't know why these days but the followers are declining.... Forgive me if I have committed mistakes knowingly or unknowingly.. 🙏 Solve my problem without decreasing followers please... 🙏 Please one more request 🙏👉Increase the timing of my video... Present will upload only 1:30 minutes ... Please Increase to 2:30 minutes please 🙏 Username :khammam naresh07",5
af05d652-6760-4128-9847-d01f9dabed6b,Nice,5
e62eed40-1993-4871-ac01-01ee94478ffb,Very good nice app 💯 I like this app 💯,5
416ab09d-62c0-4405-a70f-706d87048513,Very nice app of Instagram 🤠,5
55220abf-d6cb-494e-baf4-9506e23a388e,Good plateform,5
78df02b8-7687-41c3-b23d-3fbbb7a40877,Mera Video Viral Kardijiye,5
6a9995b4-6ccf-45e5-8bf9-07306402c798,Nice 👍,5
fbc5f367-2b0d-4b4e-8488-865b6749c54c,"I kept getting ""let us know and restrict certain activity and protect stupid community guideline"" ... not everyone liking and be happy with message request, not for influencer and business owner.. we prefer active message Your new algorithm ask us to interact yet you do this? When we're rarely on but somehow got restricted",1
a159d81c-ae7d-4dee-9bc5-293c735dd2a2,This is exclusive....,5
3274fa3c-c635-4651-bc94-1d2bd1d4a9ae,Very good 👍,5
5247e05e-258f-49f8-a6d6-e88b31aec728,❤❤❤💝,5
93c28c40-c680-4a8b-8308-2acccee52dbe,Fantastic reel app good for video cretor ❤❤,5
81179690-f80d-42ac-9897-baceb7f201ed,"Raj,yadav",1
5d2e2c5b-791c-4974-b0df-4ebc0f779a21,Nice platform,5
f7900858-8b0e-496f-b7b6-3d06e55e4298,Sometimes it's the best app and sometimes it's feel like I hate it whenever I send a post whenever I try to interact with people's don't know what happened insta shut himself,4
2ef3fa48-684f-4253-a6d4-ecedbf92b004,Amazing experience,5
b3f25cf3-2540-4e62-8d74-6bea63c3c023,Nice,5
03c47204-c8ed-4acd-ab5d-ed4c3b284615,Good 👍,4
fe16520b-44bb-45a7-9b9a-17745f1c8647,This is the one and only fact social app,5
4db64fbe-dbdd-4496-9f6a-5f254fcb97d8,Very good,5
c96db121-c6f2-4ed3-9dfa-be20c16a121c,Please give me reel monitize,4
02e57baf-8fb2-4b58-b5af-bc0cbdb649da,Dear instagram I'm facing this error when I try to follow someone please help me to fix it as soon as possible God bless you,1
2eb612bf-cc01-4199-8bdc-8790ae762938,Good,5
87abe06d-4104-4945-b43d-70efaf5fec98,Good,5
897b648d-5138-457a-8114-a4af02a4c9c9,This app is very worst and not getting views and not interested to upload videos also,3
8fb8bc65-9f54-4d95-9862-bf6e9c817ca9,👍,5
36e07587-4833-4ed4-83c3-4d598021794d,Vivek,5
92333590-0c7d-4ff8-b5ba-3f70398bacde,It won't let me follow anyone else but otherwise it's a great social media platform,4
c6413115-43f0-4bc2-a366-77fd2b5c9f5c,✌️✌️🩷🩷🩷🩷,5
6c4d27c4-5e2c-4d99-971b-c39524d2b60c,Great 👍 👌,5
62f7c754-f3a1-4b21-88f8-344bc16ffb01,Lovekush jatav,5
aa86c2f4-5707-4f95-b553-f0f6f67b03c6,My favorite app,5
5baff0d5-ddf4-4723-a579-fa6f3887aac8,Very nice aap,5
09582e39-4e5f-4c73-bc71-3ae0c1ef7e85,Wow,5
b3bfdc8a-044b-47f8-8fab-d77b7c9fd5e2,Good platform to grow bussiness and makeing friends 👏👏👏🎉🎉🎉,5
48bb579e-c718-4968-b751-b59410d1b125,it doesn't let me reset my password,1
800ef94f-60be-422a-bd7f-a2a7a9b94112,Nafisa Makrani,5
78e1e576-1367-4cbe-9491-21b6b8e4ba64,Hasibul Sk,5
c40544ad-5ebb-408a-884c-ce440be749c7,Verry verry good app,5
04d6c7b3-ccfc-4ec9-b85a-136fd384b8c8,Shahzad raazssczsu=%,5
9cee18ee-8b9a-496f-bc2b-46c9936193bd,𝕞𝕤𝕜𝕞𝕜𝕤.𝕞𝕞𝕞𝕞𝕤𝕤𝕜.𝕤𝕜.𝕞𝕞𝕤,5
e25df6f8-b5c3-4c8b-8e65-0e5d8c9ba132,"Although it's a great app, but it's limit to chatting ,sending ,and ,receiving messages is frustrating, which should not be so, inorder to maximize consumers satisfaction, I feel this should be worked on .",3
bc0cb8b2-db7f-494b-8176-bb4bd2bc4b0d,Hmm screen time Jada hogyaa hai,4
32160ed1-9456-46cd-8ab2-0c97f29e4848,Great way to associate,5
f70e95bb-73f8-45e7-9e2a-4087c119cbb1,Excellent.,4
ad9e2edc-665c-4f6f-9ec1-39ddc2351799,Instagram is so so butifull💗,5
792e5cdf-77c3-452f-b6f5-3e1142a10a62,Wow 😲😲😲,5
958ab7f7-141a-4e1f-9d06-a2f0a552af2e,This is 💩👵💩💩💩💩,1
fc16f000-b692-45d9-9cb1-acbf7e1e8a8d,Very well ❤️‍🩹,5
c0fa3ad8-be74-416b-a243-ab0989da7393,Instagram is good 👍 but using 18 +,3
8b2fb3ac-ce35-4629-b081-e201e4d85711,Excellent,5
e57b5ca8-5abb-4eb6-897a-e1685c9647c8,Yeh update nai ho rha,1
5be5a150-66db-4389-882f-b1813ba92b5c,Mstt app hai,5
86a9e3e1-4f5e-4a17-84a4-4dbaddfe0282,This is useful for all thinks,5
725bbbe2-514b-4ee0-9347-0f0fe3cfd060,goood for berojgar lok,4
c8b826e2-dc57-483b-9dab-988949e542f9,please tambahkan fitur posting ulang di Instagram,4
d43cefd4-609e-42ef-8907-77010eafe174,Nice🩷🩷,5
2cff2333-02f1-4574-9a5d-16bcacca2f05,Name Rahul ji YouTube channel subscribe Instagram follow please,5
95298fe3-7f8f-420c-a828-95d1248cf84a,Super,5
fb450872-7433-4b8c-8da0-b4f97950f9a7,Love it,5
b3d46d87-c8ef-409a-90ae-8fab0e1c42d6,When you learn how it works and how to work it then it's not just about listening to how people feel it's about telling how you feel,5
a33ea2c7-0111-462e-a86e-27de9d21c168,❤️,5
86f7232f-9dcb-41b0-a6d5-2c07fc9e84b9,Plz show more political content such as isreal and Palastine news and plz support palastine it's a good working app and good social app isreal is killing thousands of palastines and civilians of Lebanon . #freepalstine #freepalastine 🇵🇸🇵🇸🇵🇸🇵🇸🇵🇸🇵🇸🇵🇸🇵🇸🇵🇸🇵🇸🇵🇸🇵🇸🇵🇸🇵🇸🇵🇸🇵🇸🇵🇸🇵🇸🇵🇸🇵🇸🇵🇸🇵🇸🇵🇸🇵🇸🇵🇸🇵🇸🇵🇸🇵🇸🇵🇸🇵🇸🇵🇸🇵🇸🇵🇸🇵🇸🇵🇸🇵🇸🇵🇸🇵🇸🇵🇸🇵🇸🇵🇸🇵🇸🇵🇸🇵🇸🇵🇸🇵🇸🇵🇸🇵🇸🇵🇸🇵🇸🇵🇸🇵🇸🇵🇸🇵🇸🇵🇸🇵🇸🇵🇸🇵🇸🇵🇸🇵🇸🇵🇸🇵🇸🇵🇸🇵🇸🇵🇸🇵🇸,2
5366d0ee-c9c7-4db2-8a54-27f2033d7ffe,I love it but.... nothing,5
f940ae22-8ac9-4f30-a605-e80c02ce205f,Very bad,5
18b6bb11-d5a9-4274-a710-f8d3eb2cd30d,Best,5
e7e7a5cd-a479-4490-a561-3cd6327176fb,Good for everything 👍,5
86c61c51-698f-43b3-89a6-8a2fd12a3132,Your app was not secure 🔐,1
c052fe5a-78b1-4f16-82ab-ec8dc4e218db,Superb social media app,4
39e94ac6-4224-40c3-8009-1dccb593a265,Nice👍,5
c6ba9b89-8f6a-47df-9ea0-56729609e533,Excellent,5
97c40eec-e647-4494-8799-00710170ce97,Great,5
4b6c919b-9860-44e2-ab34-661ee17f37ab,🤩,5
83f4aa13-a756-4a8c-a861-9ccb9fe9bfd5,Best aap,5
85e13876-8224-407f-b994-b3b535dbd05b,👍❤❤❤,5
068cefa9-82b2-48e8-b85b-18fe04e33a14,Dopd,4
2b88aa90-fae9-4e97-8766-1bc05871a381,Tacking my picture down,2
a75b1815-d494-40d7-9c32-4b55cac78a77,Ki,5
51fb687a-02de-461a-84d4-e62c022fa7d1,Nice,5
ded3d34c-0005-44e4-a3f2-6d8acbbdf798,Good you Instagram kaise chalta rahe like subscribe yes yes,5
1397fc1a-020c-4a6f-93d3-ef85ab9d1459,Hy maje,4
4fa3226b-b5b2-4ced-8dd0-5210428303e4,This's very enjoy ment app 😂😂,5
da3033ca-9ac7-4f7e-98b8-e4f4f1a5ce0a,Your perfect,4
a5cda416-6b2c-4c5a-8f91-1150c1813b5b,"Subject: Request for Instagram Account Recovery Dear Instagram Support Team, I hope this email finds you well. My name is [ samrat ], and I recently deleted my Instagram account due to personal reasons, unaware that it would be permanently deleted after 90 days. Unfortunately, during this time, I realized that I had important photos and videos on my account, which I now deeply regret losing. The reason for my account deletion was an unavoidable circumstance, as I was focused on my exams",5
b585ae67-b882-4637-8c46-c067dfbc3e68,I love this app because of my favorite celebrity 😍,5
e47e80ca-5224-450e-9f7c-8254550bc984,This App Is GooD For Everyone,5
8557bd43-b937-4d32-ac01-1656a3007069,It's amazing,5
3952e499-1b9e-467f-bb89-5b8abac3e8ab,Good,4
06433a44-f1d4-44b3-a37f-71e295f8529a,Favorite,1
7ada3a11-318c-4c2b-9f12-232240b9c437,Good work,5
fa3bc4f0-c6ef-4b7e-93ba-9c1a8f84c769,Best app,5
0b99badc-59ba-4224-889c-8aa64d8586b1,👌👌,5
195a85fc-57f0-47ac-9dc6-449932157d36,My gift feature missin please enable it as soon as possible,2
f8515af8-eb82-4d76-8a4c-c43a6807f709,It keeps closing when I try to login,1
6ce59489-46fc-407b-b385-0dd87d02cd63,Thanks my instagram good application 👍,5
e5421088-82f8-4767-a0d5-db9871cd3065,Why i can't access my account..i cannot login to my account..they say i must put my number to get the code..but when i put my number they just say sorry there is a problem please try again..please fix it..thank you,1
371a74b4-a6fd-47bd-9730-047da5b67cde,Super fast and beneficial,5
7711f78b-cd9a-424d-aa23-794e00dd6bfe,👍,5
e534f48b-68b0-4525-9a59-4cf3729fb45e,Most videos that pop up are enlarged and turn Blueish green color and blurry as hell.,1
21f07326-1fbd-44c4-8abb-38bf55163779,Super,5
d4ceed5d-f9b9-4cf9-af03-df8072cedf86,Beautiful app it's are very popular do it people's,5
0cfd8ca9-bcb7-4ffd-b83c-8685cffee3e1,Sweet app,4
49904c9e-3a47-44b3-a547-fa87afcb2029,Amazing,5
1674d91b-b947-42aa-9353-2e9eff64def2,😍,2
774a5323-1dbd-4cb9-8fe6-cea3e1d5d101,Mind blowing experience,5
3e5fae87-9e00-49ec-9804-55312df506a7,varry bad,5
accc6b2b-5cb5-44a8-9624-3660656d39d4,Ok,5
47b3b5c8-1557-49ff-bf5d-da78f434c0b1,Amazing Instagram,5
c710774c-737c-44d1-84a6-2adb48e9457a,This app is good 😍😍😍😍,5
d0214f4b-f292-4504-bc0a-5a873ceddad0,I love 💕😘😘😘😘😘 Instagram i am on millions alhumdulillah i love instagaram id eiditornawab1 sport me thank you so much i jion new friends from 🫀😊✨UK USS and pakistan,5
41349df9-cc24-4753-9760-8bba32193797,Best,5
463b4dc9-840b-48fd-97dd-f5400fcce060,"बय । ल??9₹? 40.दस,सठ,अहफBobbyहलृथjz",4
15beb2be-98e4-488f-bd03-5810410bb5c8,Best app for entertainment,5
b6c62340-4df7-4f03-a36a-2dfb08e5cfcf,Nice,5
05b9bd7b-a6ae-4118-9c12-2b15b0dfd86d,Awesome,5
9ab62230-21d1-4c22-b18c-7c2f98fc7738,Super,5
b2bc3acf-fba8-475a-bb72-e12b210cc100,Cool,5
3798e92d-c0c9-4aef-86c2-0e6490a8a2d6,Nice,5
33a42ec8-0add-48d6-966f-910a5b562206,Good 👍🏻,5
be989b20-9565-4ba4-9d3b-a2840f4b04d2,Super 😘,3
ed3c5f0b-3abf-421d-b3c0-48973832ba16,I am unable to post images and reels on Instagram... I having this issue from last 1 week... I reported this issue also but no response... I am facing this issue now also... No one responding 😔,1
4e43e8fb-c245-498b-aac1-0e182cf4f444,World is the best app,5
9046f4f7-b8ba-43c2-ae84-1dacf02bbfd1,Nitish Gupta and hepp,5
8d0afad3-51c5-4c00-8fa3-f3f4d0323625,Instagram bahut kharab hai is Instagram mein video nahin banaa sakti Gemini Instagram ek bar delete kar diya tha uske baad download Instagram bilkul fast download mat Karna yah report hai 😡🤬 Bekar Instagram,1
be37436e-740e-4afc-b0b9-d3b04ae78bbd,This app is the worst.. it keep saying I'm.a robot Nd suspended my account 3 times now.. I don't look like a robot,1
347fa70e-d0d3-4f68-9a79-932f6e135421,I love it ❤️❤️,5
a54450ed-bd05-406f-892c-7f7e07c27ad1,md imtejulhasan409,5
c4029379-3461-4269-b333-109cd80bb3e0,Very good,5
4b00f7d9-00f3-44ee-94d9-141576d9e6ce,Good,3
a9c96061-63a4-4a41-bdbd-14369942ad3f,Bring back changing the location!! I am not even from India. Why the hell I keep getting a suggest content from there!!,1
ab6dbe78-281b-4bcc-85c5-d599cf2b860e,ओ...भाई क्या 𝚊𝚊𝚙 हैं ये 🫢 इसको 𝚘𝚙𝚎𝚗 करते ही ऐसा लगता हैं की जैसे कोठे पे आ गया हू!! इसकी बहन की मजे-मजे 🤪😛,1
7117a18a-c2fd-42bf-b46d-6d400063b3ab,❤️❤️❤️❤️,5
2e0427c4-91a4-49da-b58a-accc543f5a97,Good app,5
0d589b6c-ff01-45cb-b7d0-f478bc2fc430,Latest update is buggy. Top bar with nav icons and search bar keeps disappearing. Just blank space instead. Please fix.,1
38a02591-298b-43ab-af33-73adcf431d99,ok,1
59ef7eee-dbf6-4bdd-ab86-5c9d1d0513e7,Mkc instgram 💀,1
63e5b3a4-6512-48de-9479-b1555951397d,Good Experience,5
631bfc48-d8d2-4226-a455-5aff19c890b5,Wors app in world.,1
0ce6e322-2b88-43dd-aa0c-c87a3342228e,good App,1
1f431d62-13d5-40b4-b1b0-8429d47c4ef0,"for the notes on instagram, i cant even use the camera features which is back camera .",3
23154361-5e4e-4272-8637-9894e4f4313b,Good,5
18ff1329-4658-4a07-bdf0-dba833782625,Too many persistent bugs and nothing is regulated it's just not worth it to have this app,1
6f148216-ec5e-4d91-b15c-065931246255,Nice 👍 app🥰,5
5c857876-7719-4653-b027-a839877f6107,Why is following and unfollowed,3
b4651f08-55d6-4738-9e39-510b917a3783,okay so 1 I love instagram it's amazing but the only concern I have is that now when I go to reels instead of muting the reel it pauses the reel no one wants that some people like me want to be able to listen to music and watch reels I just want it to go back to how it was before the update 😕,2
ab21b3b1-0774-4f2f-a606-22c16f3bd6c1,Prangshu mandal lilove.you,5
efc2b650-9b74-48d4-8f7d-4d147227b181,🤗🤗🤗🤗🤗,5
d73a68cf-4488-4fc7-b6a7-83c0657588ab,Manikpuri,2
894ab113-53fe-4b0b-8c86-21e44771c78f,Superb,5
0b2449c1-9964-4817-8997-68d99f13cbc2,👍🏻,5
4f15b424-84d1-4dfb-9ae7-a8935099075b,"For the parents watching these reviews there are a whole lot restrictions on anything having to do with porn ETC trust me this Instagram is really socially uplifting. Whatever you like and watch on Instagram pops up on your feed. I recommend kids, teenagers, and adults get this app. It actually really prepares you for life",5
5c4f87e6-eb28-47e6-a7fe-5cb2c9fe3967,You guys are the best keep up with the good updates,5
e5674a5f-ad70-4789-8da0-9abd22f0fd2f,Nice,1
ad03beef-061a-4876-a349-965343e948e6,Top class social media app,5
8c249666-5cf0-4046-8584-3828ff2ab788,"right now I am facing a great glitch over instagram In my professional acc ## i couldnt damn follow or comment on any post it showing """"we often limt such certain things u can do it on instagram to protect our community """" ((*oh really*)) and then there is """"pls let us know if we made a mistake"""" I already liked thousand times on the ""let us know"" option and it didnt fixed it till now I am facing this problem for the last 7 days what the Instagram community is doing just fix it man",2
6eb0e65a-4d8f-4d02-a111-9511ae3750f3,Lavkush,5
c06c2aa9-7cbe-4e95-be2f-d3f0bc11a819,Very very intresting apk I love this apk,5
076005fd-25ed-43bd-9e95-ffe17c01670c,Dope,5
6d07183b-cd35-4297-b3ec-60391c0992e5,Bad experience Mera Instagram Sahi Se Kam Nahin kar raha hai,1
d2b8f857-64f6-4b47-959d-d9c105f5586d,nice,3
fd8c0902-b0bc-4242-b1fa-995be46c1772,Do o Bob post CNN BFF z English p felt p. Q. Fed so,5
ffd2bffb-7927-4379-a285-13a59edd27ca,Very good,5
8216560f-00d6-41e9-8819-26beca069527,its a super app please download,5
e070fa9d-202b-4d75-9680-145650c789b4,Good 👍 Nice app,5
1d2e2bb3-60e1-44eb-834d-0359a277fc7d,"It,s best",4
a8deeb74-83c9-4a23-9709-5b2c63a30ec9,Tanuj,5
61c8d711-ab52-4901-b5a0-1cf8ccd53ec2,Nice app,5
e17e0075-d8e2-444e-b077-160d3cb41751,What a aap yet. No words to say,5
4c63bc2a-d941-43a6-8ebb-b9b059ff2046,My best social media apps,5
22d5ca9c-0d55-44d6-87ac-e9031ee05754,Vary glich,5
375ba45e-fa75-45be-ae70-b30b753eb483,Instagram is good app 💯,1
c250ed28-17ed-4857-a06f-b345febc57bf,VERY VERY GOOD APPS 💗😊,5
ad0d243c-ad9b-4dad-84fa-1fc9f681ecfd,Nice 👍🏻,5
79e09d96-121c-4390-856c-51bbeb50fc94,Bherulal,5
7e44c23a-4d77-4b3d-83d7-c71cdbc2c822,Iioak com,5
73850b08-fb11-4ca1-958a-496a90c56cab,Instagram is on,5
e02338f1-1381-4580-9427-d78893c72ed7,Nice,5
04aa74d6-fe6b-417d-a55e-b5c1bce01e2f,I don't like that font update on story 👀,2
1fa41999-09d4-49bb-ad03-f07322b1d08d,Very nice 👌❤️,5
82a5a536-1f42-446d-92b5-4d0cfbf2a241,Good app,5
cf8e7117-e628-4e73-8b8f-d881e7e3b475,Nice,5
53011eb8-9c9a-4c0b-b3ed-81c22f2e20df,Love it,5
4d34bd0e-3a37-4857-96dd-1461ec8b838b,MdPandey,5
85119d81-55b3-4410-8947-6ee30bb84a18,I like this app💞,5
1dd59448-44e7-4f1c-9caf-5ac1c8c56f82,Now a days i think in instagram a bug...pls check it 0 star to this update...I can't do anything like story reply...I can't share story...I can't like photos....pls update,1
b9095409-7aa6-483e-9b7d-0197caec8323,Kiyea kl j bi ipple,5
21797636-fc9d-42b9-946f-1d079c32d71b,Vikram Singh parihar,5
81cc75dd-5626-4a3d-bd4f-4d5a5a48d9a5,very good,5
842b46a6-e3b3-4055-b1e5-f89d2acf739d,Good instagram,5
60ea589a-8711-4295-ab6f-4db56eee45bc,💩💩💩💩💩💩💩💩💩💩💩💩,1
7d372de1-80c7-41b9-9104-14c852b225d3,🇧🇩🇧🇩❤️❤️🇧🇩🇧🇩🇧🇩🇧🇩🇧🇩,5
1375b19d-4d7b-4b49-b6a7-50181405c6c6,Reels not wirking,5
57232acf-43eb-4863-8e6e-247412ebdbe4,Very very beutyfull this apps very easy handle and very comon littrly thi app fanfasiyal,5
558e6af0-db60-445d-b56e-9ee1dd33bb94,I love it,5
f7bf0baf-689a-4edc-af59-d08d5859a61c,Works against hindu religion and hindu community,1
997c95d4-2a20-460c-8531-5c935bdffb89,My reel is taking so long to post. Im uninstalling it insta lite is much better,1
524a9d33-30c5-4edc-b60a-ef7af99ced47,op app,5
d2a8bade-99e4-4f1f-b20b-58b5c4117a8d,Best app,5
61dacf23-3bfb-47fd-b129-fff264f89264,Good,5
71ab7fd7-3ae8-4a3f-b76e-d8d232118e93,🤟🤟🤟👿,5
9a9e85a8-9ce5-444d-9531-18ebb1d91881,This is not update,1
b7a6da1c-fddf-4acb-ba7f-1ad254d3b901,Good,5
c59fdfc4-acc9-4f9a-9e4e-59aa37b756ae,So happy 😁,5
43c07699-0f9d-492c-a275-4cd0e582462b,बेस्ट एप‌ है,5
e6ac552a-5f79-4d8c-a14c-9469568745ec,soova irukithu,5
c763cedb-1508-4642-bc18-ff85503d4dad,Super,5
0b08d4db-a30e-4a1a-8903-6bade8684f47,Good,5
cac6f7e0-bd78-47e4-9105-013c6a0dd776,Mm Me and,2
fb4029d8-33ee-4cdb-a391-3a2356bf6af3,Nice,4
5f21bb38-a97b-40c3-9ca0-20803f14c2ab,my I'd has been hacked and I can't log in please help. and work on it,3
42e7b862-fdfe-40db-8fc0-9b1c09635172,This app is have only glitch. Don't download this app . very bad app . don't download this app .,1
7af0e58a-7cc2-4c03-9b39-bd65d8a3ff00,bahut achha app hai,5
e24b7b88-f5c4-4209-b6a2-96f8880e3a53,good,5
784e3fc0-142c-4ae1-bc34-3a4232322d7e,Greatfull experience except the call quality and something it's very lagging or glitching,3
f9a15f80-63bd-49bd-b383-ff990e4eb07c,🫰🫰🫰,5
c082a9af-a95f-4659-b460-c4c45c02e23a,Good,5
7eee777b-9f02-4aee-bf5f-9b3a64bb2ec2,"Simple,Fast,Zuck",5
a51d5f08-f0a5-44df-af19-d0d4b61a2071,No mera reels viral nahi ho raha,1
c95fad80-1319-4952-b4a8-54a15e0ba6b1,Very nice,5
1d685222-50ac-46c5-95d4-77eac0eae9fc,Stupid app. Keeps showing the same reel no matter how many times I click on a different one.,1
2a73f0e6-a5a9-4e73-9c00-bfae23658a4a,I have a issues which is i cant do hands free mode in my story??? Why suddenly like this?? Please fix it.,1
d974476b-479b-47f0-9b79-e26f9520b18d,I love it so much,5
13b0ebc5-3214-47f0-acff-fb94cbdf15a9,New software meta is local very bad software not speed very low speed,1
4f45ad4c-855d-42c8-9660-70d6ab36f13d,I love this app so much,5
d7cfd0fc-e857-422b-ac22-d08a09cb7dbe,So beautiful good good Instagram,5
9899dd0c-27b2-4977-9489-f9f7298c0e59,"I haven't seen the effect of the story yet, don't download it",1
a7f4ba6a-073a-4668-b160-94a9ef4a96bf,Xos,5
dcbf3c71-ec51-4d58-b4a7-412ec25dd93e,बहुत acha hai,5
a25a5f58-6d89-45d3-8d3b-2550d63bb70d,i love instagram 🤩🤩,5
cccbb249-ca16-4e18-baa2-fb4203898875,You,5
7d557efe-855c-4241-8682-0e737cd9525e,Great,5
006fb5de-2287-416d-b5ee-8227739c155b,Good,5
4fc567b7-5c36-4b6d-ae7d-1dcf8fc07ced,Bekaar app hai koi ladki reply nhi deti hai DONT INSTALL THIS APP 🙂🙂🙂,5
e8704ef4-7d99-4b9f-aa92-c167cbe94758,This app is good for time pass not for time waste 👍❤️,5
defb0ded-2b56-4568-92f8-05742616f98b,iPhone 15 Pro Max giveaway 🥺💌,5
3381490c-dfab-440c-ab97-07af2c8aa07b,Its amazing platform to spend time,5
3d8debc0-9346-41e5-8257-2ce93142b6a6,Good,4
5e9eaaac-b95d-4215-a91e-b6f1a2b5deec,"can't remember your password, you can reset it using your email address, phone number or username. On the login screen, below Log in, tap Get help logging in. Enter username, email address or phone number. Tap Next and follow the on-screen instructions. A link will be sent to either your email address or phone number to help reset your password. Learn more about what you can do if",5
9116eead-e01d-4e30-bcf1-76924338496f,Love to lnstagram,5
9cc548e2-0699-4496-b844-dcb2d86bab9d,Child exploitation...if you have an underage child who has instagram...their stories will see a swarm of accounts inviting them to see explicit pictures and interact. Instagram does not care...they allow this. Seems like the FBI or another government agency needs to get involved here. Funny how it only happens on underage accoumts....don't believe me? Set one up and get ready for the story replies,1
d545bdf0-e099-47ea-93d5-13702b99467d,Best Soical Media app.,5
ad58701a-c9a3-4f50-a8d9-368229872a7e,123ঢঘঘ,3
12d9ba9a-4e44-438c-8374-0a8f5bcb6a34,Nice app,5
e0213970-650f-4c6f-a156-ebdbaccc8431,Instagram is fabulous. I love making reels with Instagram. Mary Jordan,5
c271271f-3076-4388-8751-a3a93651c8db,I love you insta,5
cbeafafa-6429-4b15-a708-b555b1a20533,Super,2
4b3a5b70-01ac-4ed1-865b-eafdc837e6b2,Top,5
2ef98a91-2cc4-4ce4-ae0f-071e38739dae,My account was disabled without any reason,1
04e5ce1f-33e5-4d5f-a551-925306c93545,Yutg,1
aaaa55cb-df14-4fa9-97fa-e8b4977d8cb9,Ky hi bakwas app h 1 followers badhta h to 2 unfollow krte h 😒🥲,5
aff5d4ff-5c0c-4f81-9678-501364f050e5,Bohut dhoka diya is app ne,5
fbdc517d-0955-4eaa-9777-16d99ff20643,I love those app I love reel of this app,5
981f04d8-f706-45e5-8698-723c30d7d154,Bad experience,2
3e4ba1e7-46e7-40bb-901b-301412382a2f,Ewss Ee. Esc S,3
2fd1533d-caef-4b0b-bf4a-cf7aa444101c,really bad .,1
72e5bf5b-6055-46b6-b3ac-0f1521b89167,Good,5
975effc1-1e20-4f01-b1d4-69f63eead9bd,"My highlight's Cover Is not uploading, it continuously loading…solve this problem now .... it's a very small problem but still you guys can't solve this !!",1
6727d704-8be0-4ddf-9528-2e6cc93c065c,Good,5
44a3fb25-1c11-4e93-8aaf-72249b2aba02,Good,5
e9666cf8-17b4-4658-86b6-45ce2d4a7c67,Best platform,5
866ecd86-e39f-4431-a1a9-f85c245dd42d,Privacy matter,1
eeeb442b-8031-47a9-b2aa-695954f80e55,Good app,4
0d53a1d2-5f42-494d-a717-0046ebd6d16b,Subho,5
373c675e-23a4-4830-865c-608e6211958c,Cute app,5
b1dad752-e5ab-408e-9462-1ee34cf7ebd6,I work in the Supernatural with God on Instagram Thank you from Silver Dollar Cactus Nursery California,5
2e260bdf-e1d8-4051-b6ac-9ddb1c2b39ba,Plz update my Instagram,5
1b7049b9-c81f-42ca-97ee-0ded7993edd4,This app is good texting wise but it's mad buggy for no reason,2
e48ea427-6aeb-4079-b123-20259080afeb,Why my account is suspended,5
00146b33-9ab3-4387-8ee5-550d30f9a5b7,Wow,2
77b9c68c-d89f-46c7-8469-699602377bf1,Useless,1
7a86a5e1-bd4d-4ed0-a194-fbf997ef9a96,"Hello Instagram, Sir or Mam, I kindly want to report a bug occuring which is a message coming in Instagram chat section if I don't have seen any message it seems like I have seen those messages 10 to 12 minutes ago .... Please solve this bugs instagram. Regards And thank you....",1
9e3bab12-5028-4ea2-ad94-55aab877fe13,Pretty ballin,5
29a313bd-c18f-4baf-bce3-23a9589a397f,Meri id suspend ho gai hai ab tumpe mujhe koi bharosa nahi hai,1
bf77bf59-1d0e-4451-a75b-464336484b71,Wonderfully app 😊,5
a895c456-c4b2-4db1-a300-f7ab170c7324,The platform that gives entertainment and useful information too....,5
fcd1b38b-eb7d-46af-8658-b081d3b76749,Not bad + 1 star Toooooo much ads,1
aecb5101-e284-45d4-80c2-5042657b6cb0,"I cant post or save drafts because it always says ""unable to save image"", and it's been happening for years now! I joined beta testing and left but still the same problem. Changed device, same problem. Uninstalled and reinstalled, same problem. Im always up to date. What do I do??? So frustrating! It takes me months before i can successfully post something because i have to wait when i miraculously can!",1
fc2fe538-6f07-438a-bc20-19f90b7097bd,Good,5
27bb5541-7da0-45f0-80eb-03c61a71880a,good,5
e34d7f48-f33b-436d-8aba-0dfdcc0406d8,Osam platform social media,5
6f5f6087-9fb2-4d0c-a51e-acfbc9872804,Very nice,4
32ef0c8d-7f9e-438c-b3dc-c320afdf9b75,Nice,5
fb475686-34ac-4630-b530-fcfaa55e6c3c,Very very very very very very very very very very very very very very very very very very very very very very very very very very very very very very very very very very very nice app 😍😍😘😘😘,5
57db608d-1bda-4a67-9e03-05e08f630582,So nice 🙂🙂🙂🙂🙂,5
ffa7ffdf-7047-44e6-822c-4375fe82cf55,Glitch and many issues are still fixed needed,1
5feea627-53f5-4abd-87ab-cd2394f356aa,😎😎😎😎😎,5
5698305e-f5a5-4723-96e6-12a2a7d14692,All social friend some one,1
f76acba6-b508-49ee-8a5f-8195ab528434,👍👍,5
388428e5-f165-4d50-ba08-e612df73fea5,So good ... Superb,5
0ee7962f-871a-4105-ab09-5065bba2264f,Excellent 👍👍,5
001d0557-0bcc-4c1c-80d8-f14b05c2d23b,This app is waste of time,5
a61ed9f7-95d5-49f3-82cc-88b12f4aad1f,Nice app,5
7b6438ca-7a9e-47ea-8ee8-cfab5ad1a406,WOW ..... super,5
4cbd2960-fb61-4de9-9483-d95f2859e101,Wow Instagram is the most secured platform i have ever used with all the security measures they implement,5
f284ecb1-044e-4da6-8047-515a87542e64,😍😍😍😍,5
9abd5a5e-9785-4335-9a97-8b69aea9ece0,Okkk,5
824abf8e-37b3-474d-b8f3-e5b436e29c6c,Nice,5
d7acbe9d-4b52-4cb7-bafd-2c4c05c6081b,It's great,4
90a55e2f-cd76-40dd-a04c-f27e1e65f183,Nice,5
5ac77a47-cebf-465b-8cfb-4334f9cecba6,Very nice 🙂👍🏾,5
f29e0729-05ce-4a22-a39b-2ebb10b6ddaa,🥳🌄🙏🙏,5
0c1f5c42-e463-43fe-9abd-0c00e8e87a40,Good,5
82e57042-da52-4b9f-8434-531d67c6fd59,ňàîťîķ,5
9bded380-930d-4cd6-80e7-0176a8a01cf3,Awesome,5
0affa04b-94cb-436e-94f3-03de05bcc4c8,Worst app I never seen,1
a71e22a6-5f8b-4dbd-9e54-53da50b602bc,Everything is good. But why can't We forward text or voices from one chat to another? Why don't you developed this feature while facebook messenger and whatsapp have this feature? I suggest to the Insta group to develop these kinds of features so that insta could be more popular to our country( Bangladesh).,3
3787a3bb-58b4-4c06-be9a-ad0ef1f06eb9,Nice,5
9eb88bb4-0181-426e-a5f4-e767ae97cad4,How much is it and what,5
8caa68d0-3ab2-475e-9c66-e7e686aedc9b,Note,5
5a32d35d-0e83-4587-b6d3-ec2fd8c08416,Congratulations,5
8bcf8080-a5e1-46e7-8bbe-978658a47bee,👍,4
adc53bd8-053e-4e03-bee7-20b747213a77,Dharmesh Rajput,5
5c8daf0a-e203-459f-ab88-9bbb6c5cfef7,Ok,5
5dabb5e7-609e-4c47-a70a-fc0b19eb9375,Nice,5
cc0e706b-d0f0-43ea-9020-08d02870012e,Super iuiuuuuuuiuuiiiiu,4
89f0452b-5f82-46cc-9525-54f176204a51,"Dont have recent post on hashtags, nowadays and when you try to like on hashtags to like people post but I doesn't spam people, why? I only like 5 post but the hashtags start too blank and doesn't show people post on hashtags, how can I want to find friends on there 🤦🏻‍♀️ u just can make recent post on hashtags for people who new to post, no need to put tops post only because they already got many like, and also please don't banned people who like people on hashtags!! Because we got like back",2
538e7f78-3dcf-454f-b61a-582916f0c8d5,😍,5
7e29f701-a777-420a-abba-4d4b7568d611,Nitesh,1
809092d4-faa3-4155-b89e-b9b5f39c0e6c,Nice,5
21e18701-84af-4231-b9bc-5538c259b700,Great 👍😃,5
23939d17-459f-4bce-a071-0b8aa6a14387,Good,4
7accc427-a9de-4c78-87bd-d711d704b430,Outstanding,5
bde6f1b1-14f9-47d0-96d0-2060b0b1352b,The best app ever i saw,5
60ebcdfc-7ead-43ac-8175-347d993f8c9a,Kya ghatiya app hai ek bhi ladki reply nahi karti don't install this app 😞😞😞,5
620a91c9-e2f9-461c-a43d-2068f89a3551,Nice,5
59d9fe78-9b84-4fbb-86ce-90208a583956,This is the most beautiful app,5
392083d5-4336-47c3-95f0-460844c8fa26,👀🔥,5
b8e80fb3-dc0d-4b00-9f27-e19c833e4560,I've got so many followers buh why ain't u adding them to my previous numbers..,2
b9d4095e-86c9-42d2-ab1e-ce5c0b517b45,This app is good . Im happy to this app,5
4c9b67ae-43a5-40fa-956d-6036285df755,❤️,5
30c3d19e-87c6-40df-a684-2e84d1000428,Amezing app,5
a7190425-89d7-49e8-a636-8f36e07a1923,"I really like it because Instagram can really change my mood, I like it🌷💓",5
35702c9c-a79f-46de-8bb2-1e2cdadc8b32,Super app,5
0dd79e90-6216-4045-bc53-0a4ddb2c6289,Good i love it,5
2e9de33c-08cb-41f5-b6d6-9fda7ea02233,Super I love insta full బిందాస్ and entertainment,5
a96fef97-8405-4a64-81d9-2ba32ad2c60f,Ilovyou,5
862fb606-7592-45f7-b99e-68619b319581,So good experience,5
39716749-13c2-48a0-8848-0cc15ec2278e,Instagram glitches,1
35bc1272-f69d-4d90-898f-ee9f044d97d1,Very good,5
493ac7f4-62d7-497d-87bd-be58a848b6da,"I'm very disappoint from Instagram first time, I don't know why my story section not show 'Quiz' option. I also complaint to instgram but it is an already 3 weeks , Instragram not responding to my complaint",4
4674e589-d0f9-4d72-ad0e-8485b50f711d,This apps is good,5
86c4a39a-1790-4e77-8f40-6d7ffa804d21,It's Very nice,5
8ee2cafb-f1c2-4f02-80e3-164869704645,Great experience for using this app👍,5
eefc1e56-e028-4dad-bd0d-a59c52bfbe2e,Nice app,5
cd6f17b1-0951-4b23-8dbe-1b35436d5eae,💗,5
67e4891c-0784-4154-9e69-d9e850a25db5,"This app is bad. There's a page that's supposed to be what you follow but its all cluttered with garbage that you don't follow, mostly ad but also ""suggested content."" What's the point of a page meant for who you follow if it's filled with random posts you don't want to see? It makes the page unusable.",1
e97470ee-0d6d-4ee9-8d61-ddb398a343e6,Exilent social app👍❤️,5
64a32571-7db0-417b-bbe6-4e27a3604c16,super,5
ab78d56f-d439-40f2-b082-57c713eeb89c,Good,5
659547fd-5800-4dbb-9bd3-c49e409ce6fd,Best app,5
3a5bf3ee-7f46-4fe6-8d9a-5f25b6825461,Time pass app,5
e94c7bf0-6c13-48ac-bd2d-af8234b11dee,Awesome app,5
954309f7-0e05-4cfb-a76e-6eab68146b71,No good app reason girl no message,5
42af9902-18a6-468c-bf6d-01a196482745,Good,5
5757b9db-fe31-44e7-85a4-f06e83615368,Well social media,4
a92cf4fd-d805-4dac-b751-2b6f9e19b8d4,Hi nice,5
db39a1ea-ee32-456a-b06f-2467721037fd,I love it,5
14fa2b94-6bc7-4ac9-9355-441b87598bde,Mamta bnrgi,1
7ba50a6d-69fb-4420-b7ed-d80c5704631a,❤️‍🔥❤️‍🔥❤️‍🔥,5
06bcec11-7dd3-464b-bb69-3aa8139167f7,My account are not do any work properly please help me and I cannot follow everyone,5
173255d3-039f-4b39-9db5-6407cfc928a9,Nice app,5
ced2ed2b-2894-41f1-b022-98999609330e,Good 👍😊,5
c00c94d7-2dd1-4280-9ee1-46a88517ba85,Amazing,5
ff652529-9cf0-41a2-be80-4c44662f6a9e,Love everything,5
3a9bbf3a-4c57-494d-b4f6-afc9ad6b38c2,It's very nice 👌 ☺️ 👍,5
dd6a9d98-f6b9-428a-a995-be760bdcec3f,Good time paas & knowledge gain,4
d5c606d1-17f6-448e-9398-428b2231aabd,Nice platform grow world 🌎 instagram osm like time pass and creater ern money any time make content creators my fawaret instagram,5
340e13ad-4697-4770-94da-679b464abb49,Bittu,5
ff14b1bb-a4da-47fb-9bc7-a41253b73f1d,Follow like nhi ho raha hai please help,5
ffff2a20-9eef-4a8b-8a37-89ef230fa420,Good 👍,4
bb6afe1f-63a8-49d6-8b0a-106c613c35a6,Nice platform,5
bcf67397-668b-4e5d-87a7-05af7033ec1d,Instagram needs to add back the prompts this app is absolutely awesome,5
411746e9-6245-42fd-b2a4-a88ca39937d8,Download video is not clear,5
b7dcbfc0-9ccc-4b0b-83c3-57357f0bb828,☝️❤️,5
5c7f9009-ad32-412f-8f90-2c59f8a44c7d,Sahilthakur,1
51c5bf8d-36a2-45a0-b8fd-4d7ea984bde8,Taking too much time to post a video into Instagram. Some times videos don't get posted in 100 Mbps bsnl FTTH. I had to uninstall and reinstall instagram app to function it again properly Frequent uninsallation and reinstallation of Instagram app neededfor Instagram app to work properly,4
c97a8d6d-f677-4bd2-99cf-7977011e1408,Problem solving system bekar,3
6b2ea476-f4bb-4d2a-87c7-9ee596026032,Good morning 🌅🌅🌅🌅 ok I will send you,5
8994429b-25e9-437a-a87f-26b884ada2b3,amazing app. love it❤️❤️❤️,5
971fc3ca-bb8e-4ffe-b519-743593ff299e,Super,5
83cc88ca-9746-41c1-b119-fe9fd2715ad2,Good app,5
acbf0068-f86f-4ce5-b979-3a76d7b2add2,"""Bring back ""bookmarking"" of reel into multiple ""collections"" back please 🥺. Make it like YouTube if possible",1
a0e000d6-72eb-4085-b028-3dcfc8f934b6,Instagram is best enjoy app,5
83850fb9-1b4c-426d-9494-e9ebc3f60cb6,Improve the GIFs they aren't fun and don't like chatting on instagram because of this,1
386ebfd6-9116-47b8-bac3-fe6577821038,Good. 2024-07-06-09:04@kolumnin,5
700bbb3f-5b31-4b1f-a891-6665f55b7524,👍👍👍,5
13992c4a-cf05-4331-addf-7d910e2375fb,Excellent,5
1e12ae90-8cf3-4a2c-93ed-25a292bce53b,My request to Instagram please add option to delete history in Instagram account history in new update! 🙏,2
1b63b68d-7fc6-4ebf-b04e-c92cda07d4b6,Besttt,5
a65f1ffd-dcd8-4047-8e67-b54499c2db31,I love instagram followers,5
21d10c45-f9be-47da-a965-2ea9ea7ceece,Nice,5
119c69a6-beab-42ea-b7e9-818d7ca2e78b,Good app...,5
afda3473-0f60-4ce0-83ab-601642aa7208,Very useful app,5
7c0f5b1f-7cda-4edf-9fdd-24815a965142,I love it,5
f1d244bd-0210-432b-b38f-7f89ee0e5deb,Mast,5
a1ee3ca4-e4cf-4fc5-8d51-5bc08e79ba94,Nice,5
19826e97-9494-4b5b-91f2-0e2bbacd2004,My problem is not get solve please solve,1
ae8d1358-a64c-40cc-b8fc-60c5a39bbfa0,instagram💀 banner sahab 💀 👑,5
75c7ad8e-677d-4bae-a91c-e17bbddb3bd7,Nice,5
8cdc4418-c0ae-4578-96ea-2f1d03b32f1f,Best app,5
97a977da-4781-4155-b402-f34432e51593,That's was very nice app,4
461f4f4b-be1c-493f-a519-7174be25a3dd,Very racist 👍♥️👍👍♥️♥️,5
0eb27c9f-8800-4ac0-a017-58984ca63981,Deepak Bhagat ji,5
6f5f270d-3cac-46e1-a0bb-00a551960382,Good app,5
3346465f-2fdc-44e6-8d3f-bacdc3b20383,My messenger options not working 😩,5
7db9fe09-7fd0-4e8b-bd5c-695ac9a77e1e,9]34]=4÷backedup#=4/=4====44-++]43=÷4÷÷÷-😄+,2
807b6df5-90a3-45fa-a34a-3e25336ff083,it's amazing..but we want more futures..,5
f8381084-e694-4a0f-91a3-176aed7e65c3,Super,5
0e855c55-ae29-4656-8d8d-1d4e57576b8c,This is very good 👍 I like it,5
1505339f-7826-415b-a5f2-ae8cfe087df4,সব জিনিসের ভালো-মন্দ আছে যে যেমনভাবে ব্যবহার করবে তার কাছে তেমন আমার কাছে এটা ভালো বলে মনে হয়েছে ✅️,5
8018c3e6-c5b6-4336-b1ba-2fd62b46971c,Reels page is can't opening 🤐,1
4d3ba839-4f38-4650-ab90-96658dbbfb05,"I had posted a comment on a video yesterday on a post shared by my friend on his story. I got message Instagram deleted my comment being ""fake comment for fake likes or repeated comment"" something. When I saw the post, the thought that occurredin my mind, I posted. I don't care or bother how many likes I get. When the app deleted my comment, I deleted my smiley comment(similar to a big celebrity who had commented) And unliked the video. I won't post any comment and won't even like any video.",3
e5c84486-d941-4759-82d1-93bc11b7d1ef,Good,5
c644da92-b34b-497c-9396-5ae2997ac9c6,👍👍,5
79b140a8-49e9-4d81-810c-114dc77f0143,"Requires options to limit content. I.e. disabling reels and lives. All social media has gone this way with short form videos, but it has become an addiction to so many and it is seriously concerning that these companies push additional app content which supports addictive behaviours. Turn this nonsense off, remove it, and allow people to maintain a bare minimum feed, like it was in the beginning, so they can enjoy life experiences and stay connected with friends.",2
a22106e3-7830-4518-a841-cd2f894e6931,I love it,5
62f29c31-cb4c-446d-93e1-b8bd1dd3e54a,Ritu Sharma 🥀🥀🌹🌹🌹🥰🥀,4
bc3a2941-2ca5-4b2f-8cd8-9a43682b4afa,"Instagram is recklessly allowing any kind of ad which is dangerous and mislead to loss of your money but they are getting paid and if you report, they'll say ""Although it doesn't violate our policy but you can review again"" but by any chance you just upload an story with some background noise of any music they'll say ""This audio belongs to - - -, and they'll remove your post"". Dual standards of this US firm.",1
7ac6db5f-2956-4ef8-8cbd-be0f81f5d7ab,I love this app content is too good even though we have bad side in everywhere you need to seek only right and good side of the internet.... You can find that kind of content here..... It is a good platform for showing your creativity....Love this app ❤️,4
b2b4d690-9887-4b5f-989c-5408e3154837,I am obsessed with this app,5
0d2f7934-77a1-4353-b4f5-e64023b3738d,"Instagram is a great app in world, My favourite application",5
80d24157-13c6-4fc0-80db-664a291dc231,Very bad,1
c667fad0-bda0-4b1e-beaf-017771fe3d29,It's beautiful,5
d925f6bc-b618-42c2-a397-225971786eae,Very nice,2
ff92cd47-7c8a-4281-a16a-374c428acabe,This app is very real option 😊,5
3d8c4850-a8db-46c6-931a-a271f81f31ef,Good app,5
aa32f15b-2c60-41e8-a0ce-d841c99146aa,Unbelievable good experience,5
b3880340-da15-457f-a086-531bd66672ec,Please you banned 🚫 this app,5
477a4da1-3bb1-4d75-85b6-4769abac8149,Masr,5
45dbbd1c-54bf-4db5-b241-34cc0436a0ce,Nice app,4
908c8ed2-8859-4fd7-b60b-edce0b6d0de5,Awesome game,5
db31633f-71bd-41b1-8623-c20a034d85c2,Bt I don't know why I can't likes the post of other why I can't like others post why,5
acb0d81e-6f48-4c0c-8f00-d4143dc496a2,Nice app,5
81c63716-c3fc-48b8-aafe-5de4666f1c3d,its good,5
bbe1ac4b-18db-4749-ac4b-a9c6baf6b83c,Buggy ASF,1
b0699cae-7a6f-4f94-8bb2-d94629c63ca6,I get new updates and it is giving me an interesting videos and pictures ❤️ And there's a Lotta intertainment ✌️ I bet I gonna be one of the intertainers on Instagram 😹,5
507c19f4-ca30-4b8c-914c-96407053b4a2,Tree,5
b0fafda4-5a0d-4854-8e6e-1a9f4e1a917f,Good one of the best Instagram,5
cca3954a-5362-445d-a6b6-304ca6a13670,I like this Instagram their features is very so much I rate this app 4 stars,4
175319d0-09e8-43ce-9453-cff282ef83a5,Love you Free fire 🔥 🔥 🔥 🔥,5
f05c43df-b256-4de2-bace-80268df29a83,Excellent experience ❤️❤️,5
584b835f-5a57-465d-9089-be7a59f9cbb5,ads as first post,1
cf660692-7cf9-418f-b867-828ef56e415d,It's helpful for get information but if you are download for timepass then you don't download Instagram,4
b2ac8f78-da91-4e7d-84b9-d0fc2195b98f,This app is forminatal,4
fc9f484a-f373-41d4-bd42-861b77469f65,My Instagram account is not working,1
af46a253-f012-40b0-aeac-6c21d89ce1ef,Nice,4
3c2efc2f-8c9b-4da3-b3a6-2cb3e4b4cc26,Arashad,2
d4949631-d107-4372-9b4d-0d5dfa3fa7f0,OMG,5
42774add-1743-4c68-99c1-c812aba8b493,Vetr,5
c20f13f5-2739-4cc0-8183-ada82edae501,"I always used the app perfectly but recently it continuously sticks on the same reels and won't load any new content,,this is a new problem that isn't being fixed no matter how many time reinstall or update the app So unfortunately this time lm giving it less stars ,l hope the problem gets fixed",2
05f85e17-4030-4ac1-b84b-3d91e7123e3e,App is very good for social interactions. But why I can't update my Instagram in playstore? It shows like uninstall and open. Where is the update option?,2
9d8be9f6-0b38-47cc-b82a-88d3ffa2ff47,Awesome,5
8f88f90c-70a8-4661-9d42-01b29fb029c1,"I tried multiple times to make an account on my computer, multiple web browsers, and my phone. And it didn't work. This has been the worst experience with ANY app I've ever had. I'd give a 0 star if I could. I do not recommend getting this app",1
30492138-a7e3-4a04-b1fb-48ae28357763,Vijay Verma,5
0b3445e6-bca8-4c0d-961c-77ee0415cede,My account got disabled for no reason at all.,1
7f137793-f4c8-435c-929c-f0d69acd244b,Super app,5
ace8279f-afb1-4ffa-8ad9-8aa8641dbe4c,App is good. But glitch is there Repair your glitchs,3
01a8c285-de41-4b94-a4cf-fb1de682cfaf,Not updated on my phone,1
ddddb920-05f4-4c2f-aa87-2072b52c3871,Ilike this app,5
7aaded0c-1ea9-42c5-ab01-f4af73f33168,Good 👍🏼😊,5
cd934da2-468e-43b1-aa65-5681c4d4f0bf,Nice public aap,5
e4ebd9bf-474b-4c9f-b227-f71e9ea55afa,I'm not be able to follow anybody,2
86542cf6-8781-4688-9493-3a8c527a275b,black screen problem,5
f4b39a91-7568-4d30-adad-17a2457015c1,"Hello Instagram, Please Resolve One Issue. I'm on Instagram with the name""thebusinessmedulla"" and while posting reels, I'm not being able to see ""add topics"" option. Please help me with that.",5
8707ac23-b9a0-4e7f-9ba2-ca9db34079a3,OP APP IS MY FAVORITE APP,5
13fe8197-dfd3-477e-8826-4b3af185481a,Best,5
e0bcc337-5bc4-418c-9d8e-707cb2c6eeb8,Magayunon siya,5
55ae02ec-bb94-40f7-bb56-043953865e9b,Very nice,5
106d9b7a-88c5-44de-927c-626afaba5337,Interest so beautiful...,5
ef739008-cf42-4fd4-9f46-c3f1e9a33b1d,sohailRani,5
bac78f36-4f1b-40bd-aa34-8d6c8971a013,💯💯💯💯💯💯💯💯💯💯💯💯💯💯💯💯💯💯💯💯💯💯💯💯💯💯💯💯💯💯💯💯💯💯💯💯💯💯💯💯💯💯💯💯💯💯💯💯💯💯💯💯💯💯💯💯👌 video wach and follower,5
2c83b303-9c60-4591-b02d-785a5e8ef46a,Very nice aap,5
d9242cd2-5bc9-4bd5-a0d6-dd9dedbcb868,Sonu ra9229j,3
0632ae8e-b5fe-4dcb-9a7a-e0fbcaa5cdd7,Iss instagrwm ma ladkiya hii nahi ha 😭😭😭,1
93be9789-7dad-48f8-8447-b9c64ba15765,Good app,5
6ac2e237-9279-46e9-94c5-1833fe5a4704,Hi my name is Jeffrey Delatorre,1
7afeb015-acad-455e-884c-c6193b7d91ab,🤙,5
d4a0f537-2891-4c73-97a1-65f9192bc7b7,Hubcap 549,5
9373cd70-ea18-4e86-ae4d-c17d4c2372ee,Super app,5
9158802c-fad4-4529-bbee-1a0db14dcd23,Nice,5
2a36f5d3-a283-4189-9f39-45e2709c9a3d,Instagram is a best,5
81154536-bcea-4322-bb86-e1dcb2daf560,Good,4
f7c2fc09-6e06-4b81-9f7f-743645d93784,"After the latest update of this app, when we use filter on our video the flickering effect automatically apply on every filter. Instgram need to check and fix this as soon as possible as the issue not occur on old version of apk.",3
3abb352c-e1a6-4c11-849c-bce5e7b6bcd6,Good,5
6c6a77ee-6891-46ad-b8d1-9eaa7d4702fe,Vare nice,5
831fad15-c428-42cd-b24a-cb02f4b765b6,❤️,5
14cf668d-dea7-441e-b102-1a7c95eb60e2,This is a very good platform,5
a13ee16d-6926-4aa5-8d7e-d3f07abec480,Hello guys,5
f6236539-420a-4cc7-8983-36638b235979,Mast app,5
6828438f-4d88-42cf-ab24-ec14ad8a2b16,👍🖐️,4
3c6f2fb5-1131-4501-b57b-b8b094c13a09,Jis kissi bhai ko followers chiye to Aaj hi office hai comment me hy send kr do,1
b7581a8b-f229-46cc-a1c5-262f0972fae2,Bht hii bekar😵‍💫 kii app hai ek bhi ladki reply kya photo bhi nehi deta😏😏😏🥴🥴🥴,1
0aa0425e-b0a8-4af2-a4d9-989351ee1e9e,A66a hea likin koi bhi ladki sms nahi karti,5
fe8cc8ab-9476-4227-af41-f108f9b6826d,Very good,5
9c80e2b1-4926-47ef-a49c-3f89e0617223,"It's a good app , it's looking nice 👌👌♥️ hi",5
b4c04c5c-6131-427b-9e92-2e87373dffbe,Best best app to feel free here,5
dcdc0872-8fde-4438-8237-90b421e12a1b,Ok,3
75462faa-69a8-4527-bb7b-6407a2dffd3f,It's amazing but suddenly my captions are disappeared.. even they follow all their community guidelines so please fix this issue,4
d4853d37-87b6-46ec-9371-72f05a7aa84c,Every time glitch,5
99d3158a-973e-4bbd-910c-df28bcc88cc4,Lately the videos are not smooth can't even watch anything...it's like playing in slow mo so sound and video doesn't sync you end up not watching certain parts.. it just sucks,1
b770f80f-ba27-4508-8f2c-c1d0b8c14600,I am big fan in Virat kholi,5
d3137b01-725d-4d2e-ae78-ca4273d63912,♥️♥️,5
7274fdec-0caa-4c1b-b49d-aea12337b819,can't express,5
318d2dd1-2ff7-4817-8a66-1587d1f433ad,Iam another not follow please help,4
96907e23-e867-46c2-b7a5-d06f0cc7a152,"Dark theme 6+ years later still unstable, since the last update the UI is even more stable",1
2f7f7f05-28a2-42d7-9b28-277357d3d3a7,Bomboclat,5
666c52bf-d88b-446d-a698-d03b142505aa,Bad aapp,5
81da7c61-8dd0-42b9-984b-2903f67733ff,"So far it's been great I have met a few new people, the sites seen find the music videos are nice pic and sound but I would to meet more Nova Scotias I would,, I'm from home,, the bay,,",5
c97fe834-ff46-4f26-bc09-1a9b1aa98637,"Boooo, do better",2
ca36096e-3f92-4fff-a2fe-255d253c9af1,Lajawab nice,5
e7993481-d0df-4409-81e2-2c2cb7a3c76a,Is good for content,5
d285ef85-f4e6-4fe2-9097-e7aef16ff8ed,Worst app This app doesn't give language songs,1
43e65e57-678e-4c60-9f0e-cda88ba6edf8,good,5
bc394fb4-5e39-46c1-ba45-0af09726cdfc,👁️👁️👁️👁️👁️👁️👁️👁️👁️👁️👁️👁️👁️👁️👁️👁️👁️👁️👁️👁️👁️👁️👁️👁️👁️👁️👁️👁️👁️👁️👁️👁️👁️👁️👁️🥰👁️👁️👁️👁️👁️👁️👁️👁️👁️👁️👁️👁️👁️🥰👁️👁️👁️👁️👁️👁️👁️👁️👁️👁️👁️👁️👁️🥰👁️👁️👁️👁️👁️👁️👁️👁️👁️👁️👁️👁️👁️🫶🏻😮‍💨🫶🏻,4
33e52315-0910-4e4e-8fe2-efb438c9b4da,Better,5
101e9299-73e1-4319-b419-b225a71df049,Nice 👍,5
5bb76cfb-1f83-4197-b961-7c0b5fdf2671,This is very nice act,5
bcae41dc-c88e-46cf-bd56-f2f9b1e89123,Guys koi download mat karna..me tu uninstall kar rha hu..ek bhi ladki reply nhi karta😄👍👍,1
6c6f0141-27eb-4172-a0ae-87123134144d,Best for me,5
942cb1cf-6172-40e5-92b4-e1268e69a094,This app is unbelievable😍🤩😍🤩😍🤩👍👍😍😍🤩🤩👍😍😍🤩🤩👍👍😍🤩🤩,5
e30ea77d-1a34-4219-be80-5b2701ab7ede,Op in the chat,5
415cae1e-a82c-446b-a869-2ccd0f5c63cc,Nice 👍,1
ba6efe6f-41ef-4795-9757-eab98aac7897,😍✌🏻💕,5
2e18abce-0042-40b6-a9e7-b41f88c72a49,Ukil Babu,5
7cb20526-69fb-4ccd-9297-24d52defe377,Very nice and fam collection app,5
add3f1da-30a7-4631-ac37-0c7e35a5367a,Best,5
613ef4eb-39d0-4f5f-9446-cb122397d88b,Ok super 😲😲🥶🥶🥵🥵,5
c1f5737a-cd6b-40fb-8ffd-759ae090a0b7,"This app is trash, there is literally an add like every 5 posts and they restrict the 1st amendment to much, if you say anything against the mainstream narrative, you're censored and banned from from making posts or comments, it's literally like this app is run by Na.zi bast@rds",1
7e1b1d6b-50fd-4052-9184-9a213d484c71,Insta id/follow /me-/suraj.pb11._,5
ab3ec5a5-dd0a-486a-978e-7e183d33c657,Very good,5
e9735b57-d81f-4ee6-a8f3-33b0b83c09e9,My friends are so happy that I got Instagram now The only problem is that it's kind of slow but all of my ears are so good I love it so much so happy I got it like this is all amazing I have to do but it's only for 15+,5
f04b6a65-b36f-4557-aba0-ddf728d991b4,The app is pretty good but some time I find problem in running because it works a little slwo. Security and privacy is strong I am satisfied with that and also it has many wonderful features which I like .,4
c9aeb975-6725-4064-b38b-4ee5f9e3ac22,Very good,5
2e49334f-3ef6-4a61-8cc4-8c3bc928c0e5,Just beautiful 😍❤️❤️ I am happy 😁😊😊,5
8195cbe5-5d0d-408b-a578-c32fd48ca602,"making it useless, name of protact of community. Also giving useless features. Full of bugs i can't comment on my relatives post.",1
43e9abea-1420-4bcd-9785-8388359be29a,Nice,5
1fcef5fc-06c1-448d-92e9-af91acc25cc0,Tejstussaar,5
78d0901b-6f42-4d40-b141-9c6283b69a9f,It's actually very nice 👌,4
66044a64-5d55-4c20-ada4-a3a2916cc72a,No internet On internet,1
9b03c778-da82-417d-9f2d-19160cbf059e,I d unfreeze kardo bhai please sorry sorry sorry sorry sorry sorry sorry sorry sorry sorry sorry sorry sorry sorry sorry sorry sorry sorry sorry sorry sorry sorry sorry sorry sorry sorry sorry bhai please pradeep sharma 4390 bali I d unfreeze kardo,5
c32ead28-c36b-4af8-9487-30eb81412445,Awesome features. Bravo 👏,5
d723c46f-50a2-498e-a9dc-d0cf7c32caaf,Mind-blowing osm ❤️,5
8cf4e791-8aed-4659-87c4-173992499309,Hi Hi Hi Hi Hi Hi Hi,5
026b5a6a-ae0a-47f8-92e6-82a8f01d3728,Is se hm log ka life steol ho rha h,5
98b73980-0603-463e-ad5f-99cb0c04e4ee,Vijay chouhan,5
fa6786d5-dd77-4716-b32d-18b0e6bee4ff,It bad,5
7e8320e9-7bf3-458d-a5d0-3882c5fe387f,Good,3
e7dfb356-3790-416c-bb24-7183635c6d0b,Automatic download ho jata hai,1
d8ad2e26-b49d-4893-a997-e4ba71eef29d,Its very nice app and the the app very fun tune on this app,5
50083b72-2301-4547-8bd4-aa4b29a206d9,Best aap,5
72eeb4ec-c5ff-44e5-a1f2-8203469224be,Sumita,1
8af7a012-cab6-47d2-96c1-3e0014acbc62,Please give me ios story and emojis insta use,5
22a73660-61c2-48ec-9666-7cc079061ac1,Very very good one 🥰🥰🥰🥰🥰🥰,5
0879af69-b8e6-400e-8cfc-c9da2724733d,Cool.,5
ec3ffa5f-135e-4bff-a59c-e592f745903e,Love,5
e2e0695b-0079-4354-91cc-5cef0e6736d1,"I found that the Instagram link cannot open by Instagram itself even though I follow all steps provided from websites it doesn't work at all. I only copy the url then paste into browser, then can access the Instagram link but cannot open it using Instagram app. Will there be any update to fix that issue?",4
6e9d2dbb-3ca0-4a9d-adaa-21da99146fee,Preeti,5
daad75c0-a363-4331-aa1f-0d01b2909450,Nice application,5
807067a2-eb0b-49f8-95e8-404ead59d400,Outstanding,5
7afa2cf7-c48f-490a-97c4-dcb94b10b149,Bhuneshwar Kumar,5
1cf801c2-4f69-422e-8264-0b09958a226d,💕,5
1388bb1b-a824-4264-81ed-7d89ca3f5790,ಸೂಪರ್,5
05012145-6e69-4ccb-a944-46d159f524c8,Qààààa,1
5d5fa928-beab-49c2-b27f-230df3662c74,My password change e distap korche,1
6da9a817-5ace-4d1d-9cf7-53ec0637c1e4,accha app,5
69e44d57-0a5c-49ab-9a96-42806ea167c5,Satisfied,5
7083b71b-678c-4915-a950-cdb0f0ad1620,Provision should be there to club post and create album on profile. It helps to manage profile and posts.,5
a6fcc235-f7ce-494b-b5f5-31751ae9973a,my account got suspend suddenly.. i didn't do anything which out of guidelines...and I can't fix it again...,2
a0c4a633-bc88-4f5a-bcd4-d56f9f010ca2,Love Instagram.,5
1f34e77c-b788-45de-85b1-434df5ffef44,Vebe,5
2c27b7af-0635-4920-9bf0-ba80421b49c1,Hi very beutyfull,5
4ef15d02-a2fa-4658-867a-4ddb8eb3480b,Nice,5
b2a75e97-66c8-43e3-942d-356f338c47ea,Buhat acha app hai ye sab log jurrur try karna,5
69099d56-2dd4-41c6-9f3e-3926c6246b4f,Nice insta goood,5
29674b3c-fb47-41c3-9fb1-8433ca929039,Awesome 👍😎,5
3a67e572-410f-4a08-a024-89d66f56b2a3,I'm happy 😊 instagram ❣️,4
041a91cb-84e5-4e87-acb5-9d88dcbb7e0c,i cannot follow anyone in instagram,1
0462aee5-9196-48c8-a7a4-c4776f0f5799,Instagram is a one of the best & very helpful on social media,5
cff30945-0d9f-4fd2-9f67-a1d6bde2dc42,good is world famous in Instagram is very very nice apps please reply with your name and address to number is best of india ka he is best for bsp sarkar jarur like to number of chamran bahubali me know what time are sala to sahi me nhi aati kya kar rhi h jao abhi tak ki cjc gdjk shnnnu djbdgb hcsjkb,5
acfa9308-3883-4f1d-863e-c39f5426a2d6,Best social media app ever.......,4
2289e743-8d85-48f2-bebd-3eeb77b37d60,I am not able to like reels,5
06b8fd8f-bd8a-498a-aa79-7b27a9509664,Good,5
06e871bd-887e-49b8-a22f-9308b7729dc3,Nice....app to talk friend and another relatives😉👍❤,4
94f98729-7247-4390-93df-25ef3e465b9c,I don't bollive Instagram it's the perfect pager beckosf chees push awup two need falonfg tha's ockey to,5
d89a47a6-8e33-4b44-8744-eed18cd80e26,❤️,5
315471e0-47c3-410c-86ff-f70ae854dd9d,Super ❤️😍😍😍😍,5
f97119a2-b6a1-414a-8f6e-aacc982fa0d8,Good app,4
aa9ea9df-6737-40fc-84b5-cc232465d789,Google aapka account privacy hai kya Instagram ka account privacy,5
4cfd8d2e-c787-4577-994d-530952789b9a,Heehee phaltu app,5
19466aa3-0959-428c-bde9-62a9225681ac,Insta was on top now it's just out of control I hate it I am uninstalling it,1
088ff157-549e-418a-883c-d44e00ac73c6,Fhghki Dhk Hi chal dushkarmigalannu,5
872358eb-2f6c-41e2-a3fb-1af4ac57ce1d,Good,5
0c7b67d5-861a-4645-b897-6ae99ab66fb0,This is good app lichason,5
69e93473-4e69-44cc-8b18-8637ee9a5928,"Recently I'm facing so much problems like I can't comment on a reel, Instagram is showing me it's restricted by community guildline, like the hack! What should I do then, I can't comment on anything. And besides that if I post something the caption of post it's not showing. Like I'm investing my time on making my posts and then what the hell are Instagram community doing I don't really get it. Please fix this up. I'm frustrated of this thing going on this whole week, please do something.",2
24b0e6cf-cae5-4bc7-bebd-751fb777c189,Time losses app,1
2382fee7-2144-46d2-bf72-69dee522e0ff,Nice 👍👍👍,5
32e6b3d7-12e8-4473-bdcf-dd6257fe6ac1,Yrr ya aap phele 60 mb ka hota tha ab deko 70 😦😦😦,1
3c0cd747-6932-4d34-900f-5001b7312866,Good,5
083b7b9a-9b22-45f4-819b-2f7640593aed,Like limited edition,5
cb34a0af-591b-4cee-94e1-9714d45655ea,Okkk,1
a6645214-1ad4-49e5-84cf-3b12f964114a,Nice 👌👌👌❣️❣️🤗,5
ad9b5b3d-f50e-4f0e-a036-365b9ae8e6ac,It was veyr nice.......❤️,5
98d08035-121f-4fb2-9361-0ee163ff089e,My account is old account(2018) in which I can't access ur new features please fix it,1
e5721557-b546-4e89-acb8-c38396fafdfd,🦩🐠🐟🐳🧶🎰,5
13a3009c-9e89-44bf-a647-045ffd1a31d3,I like you instagram 👍,5
20571949-0cbe-4a7f-9484-311b716a1689,Always has error,1
2c387de3-b266-44aa-8ba8-bdf0a28ac2af,I do not like the inability to find a support button to speak to someone about an issue.,1
7e4fbd23-27f8-4a3b-80dd-fce4c3f0f411,Good,5
8f1d2ec3-a774-4838-a542-671346806133,Best 💞💞💞,5
2cd8eeac-5493-4ce9-9d5a-ba8c822fc4a3,Instagram ID niteshyadav001__,5
b9304c20-7745-4d45-bae9-3d075c8c4286,This app is amazing and helpful to express our personality. Highly recommend.,5
92e2be7e-a262-4cfe-a3c5-d562eaca54da,Mast,5
c5752692-0754-4402-85e4-29665b3ca978,Good app,5
77d633a8-5793-41bc-b809-27a9dcd21598,Weird I said I have an account it made me open a new one then used contact list from hacked Fb acct.,1
0511806c-3e74-4a36-817a-6c193f4844dd,Time pass,3
d6953405-35b7-41e4-9211-383a07b74b20,Very bad aap,1
4b2dcbff-43d1-49c5-a875-04794d35d8bf,i had you it and its amazing now like insta is my life,5
db2e5f09-065b-46e7-95b0-54d34b40a903,I think this is my favorite aap,5
fecc360a-3ea3-4303-813c-07270dcbe13d,nice,5
16fcab87-f837-4b5e-b063-6962b6b0e89a,Super 👌 👍 😍 🥰,5
1fee1ba0-8497-4d42-981d-3e646f23485e,It's a friendly app 🤩 I can't live without this app,5
2796cf2b-b641-435d-907c-3edafd9f4cb2,My insta I'd. Royal satyam 144 please sport me,5
28d50507-5b95-4d47-9560-98757a9a077b,Love it💋👏🗣️,5
1ef562eb-1608-4177-a4b8-4f117be2fef1,"Being part of Facebook makes it suck automatically. This is nothing but the governments division propaganda now. If you see it, they will censor you.",1
1e48a870-6e9e-4391-a427-6a105995e325,Lucky,1
16d6c68b-a6ca-4151-983e-ec2c43f08d71,Good,3
1de2b01e-1668-4df8-9a24-c882236787ab,Thinking better than this,5
46e403d5-b565-4def-b4b4-2fec1beb0668,Nice,4
947eb828-08e5-4d6d-a07b-f41fa9771ccf,Wowwwwwwwwe,5
ee23e792-18b4-4370-9def-990213eb7925,"Instagram is a lovely app but however I am having trouble logging into my both accounts it somehow says ""Incorrect password or user not found""....",4
5a362306-b1d4-43c9-b14c-7df859c224a8,Please viral my video all please Instagram 👍👍 thanks,5
733720f1-cad5-49ec-9437-ee9eefb58637,U. I ii iii a u i u wyauu hi i i u a ina paisu i i u wyauu ok oosi b o d w u ala i was se ed auiu i wy hi i i Uio ok uou,4
c9d5f90b-0747-433c-bf62-5f496bc344d9,Call,3
4fa2a2a5-cead-4eb4-947e-491809315565,Fu idly jab,5
ef1218fa-c49d-474b-b9e3-286f0aaa3fba,Good job,5
6464ce15-6d74-40f9-820f-cac450b4076b,💫𝐌𝐀𝐍𝐙𝐈𝐋 𝐒𝐄 𝐉𝐘𝐀𝐃𝐀 🤗 💫 𝐒𝐀𝐅𝐀𝐑 𝐏𝐑 𝐁𝐇𝐀𝐑𝐎𝐒𝐀 𝐑𝐀𝐊𝐇𝐓𝐀 𝐇𝐔𝐔 💯 .. .. .. #instagram #instagood #reels #like #viralreels #love #trending #followforfollowback #viral #follow #memes #fashionblogger #photoshoot #explorepage #india #new .. .. .. .. Follow For More 🥰,5
2cf086c9-4baa-4a6a-bd6f-9e575eb38e39,nice app amazing 😍😍❤️👍👍👌👍👌👌,5
5da3c00c-1a58-4975-bcfe-41ef1d123eca,Pit,5
f1523e31-21e8-43ab-8461-beda7928c4ed,Nice app 😊,5
c7e2bef4-8590-454a-a0e9-8497f1ca8a57,Good 👍,5
3f37f7f5-2ae5-4f80-8fcf-793db347ff5a,Super app,5
c705f52d-c270-49f6-b93a-fff66cbe1886,Pls come back Instagram,5
8a0062c8-8ab3-4051-9f79-7df6ddf9bc76,"Is this, the same, as she's hai aur shvsg hai ei hi e have a एचएस घर,jes, de, ESS r ex, esusbdd TT s drr r",4
aeb2220e-01b6-4828-8359-bed08ad0bbf7,Dharmendra Kumar Patel,5
a2223941-30f6-4804-956c-273660920250,Thank you,5
f43617ac-cd9b-4a01-8ed9-6166cc0e84d0,I have never been so frustrated using reels it always freezes/laggy and i have to scroll up and back down again just for it to run smoothly,1
f977012a-13fe-43fa-a013-fa6339507974,Dilip dongariya,1
d144ba2a-bb0d-4c5b-b2c2-1c6f955a1d61,I don't like this app. Because ak bhi ladhki nehi patti ha ...me unstall kar raha hun 😕😕😓,4
2ee523ff-4672-4fd7-a616-aadc7f4725c1,Best Injoyemt,5
c9eabb3c-fce0-4d88-94bb-931d4d37a1ce,Moja,5
60cd28e3-7da9-4965-b3ee-5f4f06a568ab,🫠🫠🤑🤑🫡🫡,5
1b2f4405-ddb0-4062-8849-eebc12d63470,Good 👍,5
b098119b-72fb-4daa-9531-278e6d15948c,I don't like the potential spam followers option..becoz the more i clear it the more Instagram added the spam followers in it.. it's coz the decrease in followers and views also.... please solve this problem as much as you can...,1
f9291197-3697-495e-96b3-8f721fe32936,RooPKuMeR Pathan,5
d19520f9-a5ec-4002-938b-6b8a7606707a,Very nice,5
57278fd9-1405-4a57-8065-66571c4be703,Why did you remove mute button from sharing reels to story,1
01290fd8-78db-4e13-bc78-f9440835b303,Nice for entertainment,3
4ec6c21a-7c90-488e-b943-b75494cf0b66,nice,5
655a7f9e-afe8-479c-9a29-0fda4494f333,Sandeep,5
9e28dca0-1665-4366-9a57-4fe2b7ab2723,Shaktimallik,5
e40de0e1-20a3-464e-b98b-b2d557446290,So good,5
886fb431-c1d8-4c2c-8a89-c1e9a3df4aa4,It's a great app .... But I reported someone who hacked my account and Instagram did nothing about it so it's 3 stars from me,3
7e637a68-f420-4da4-bc1b-c027b2945376,Better app ❤️🥹👍🏻,5
e3729200-7ed4-4ef6-8a0b-ccb30fd41ebd,It's a good thing,5
c419b07c-9056-4436-8b0a-e5f41a39f94f,Life,5
01faedef-be72-4279-aef4-46bf73300daf,Adorable,5
003445e0-6ef9-4144-914b-2d2acfd58038,Un,5
ffdeb8ea-b3c1-4d25-bb14-fb496a55c393,Best app 😗,5
51aa96a6-9d47-4601-8aca-e8161af5f8bf,Very useful 😄,5
f2dee2cc-7001-4af3-8e2d-3fb4ddada867,"Exciting, Entertaining, Fun, Educational.",5
630a1257-c43f-4e22-9241-50b3e035176b,V good,5
aa95544f-c75b-4a3d-ada5-8d30691d20fc,Bhut kuch ho,5
78b35194-d8bd-4e47-833d-1d929694e069,Nice,5
5c9e7275-2087-4a4e-ae63-f473a3fe29f5,Instagram best apps,5
ce08f77a-2091-4273-a03d-1deb4770e59c,Sound problem with video.,1
78c74b49-d819-4757-8c3c-d7e82ccca0a4,Good,5
03507d08-6551-4c3d-a419-adc2964c0f54,Paisa nahi milta hai,1
0ef6ee49-9063-44db-bdee-bedbc29a8f3e,Yok,5
e51f6ad0-3b2e-4471-a2ad-0f7b2383245f,just great,5
3fab39e1-18fb-4cd7-a3e5-8d3ff2754b12,My instagram is showing problem pls fix it please🙏,2
034e5d9d-0f26-41dd-9644-bd898fc635ac,Please support my I'd 🥺,5
38dd548f-5c3c-41e6-b1a4-97f23d562c30,Incredible,5
9bdfb968-7385-4338-b3de-7b8078d406e0,Good,5
191ed1bc-67cc-412c-b729-deef8a4d5f94,Instagram type shi ☦️,4
75d30579-987e-4745-a0bc-8120129f960d,Lakshmi Kumar,1
ec31933f-2241-4d44-b1d6-b8901abdc4f3,Super,1
3456fb8f-22a9-4105-a73f-f6fbbb961bc3,It's amazing 🤩,5
caae6b6b-a9a9-4111-a72f-c9af898a60b7,"ह,३हहहम",2
fa4768df-28df-43ac-910f-a46bb257b0f4,That's good,3
35742a29-401f-46e6-81bf-0a526bc93a68,This app keeps pushing things at me that I don't want to see and no matter how many times I say don't suggest this it keeps suggesting it. DO NOT USE!!!,1
271ad33b-3e40-41d6-86bf-6014126a8830,Nice app,4
791d3323-7fe9-44c1-9dbf-2cb3593f9202,Best,2
0ef918a7-466f-4c5b-91bd-b6734e4ba172,Dil tutte hai is par 💔,5
8ce53d05-7aaf-4a39-becc-bddb95c7b389,Pretty good app overall for everything social media i think its a 10 overall,4
f41b1ca8-2c80-469a-bd5d-e3f0dd1357fc,"Easy to use, cool features, and relevant content!",5
9cca8e12-18d9-437b-8252-57a1c49b089d,"Got suspended for no reason already appealed but got suspended again, in a week I can get suspended more than 3 times, I even don't post anything -_-",1
ff9ae41b-cd34-4f4d-be31-41f88a1e6cc0,❤️❤️,5
6adb8563-eeb6-4978-bebf-e79c52e147ef,Need more enhancement,4
8bf00345-a58c-4b5d-ad17-ca72a9c1e6b8,No account,1
6e0820aa-e18a-4bc2-b173-ac0414c681a7,Love instagram,5
726269f5-d0f0-4f0b-9540-0762272bb9d7,Very nice 👍,5
99576980-a588-4052-8867-bdb5c2694fa0,love it,5
97231324-fabd-4a7c-88c6-cee44be1afe1,Ak,5
46914a52-0a0f-4c6c-ad09-edbcc9fc8339,great. good help,5
e8cd7cf2-e044-4971-8ae0-45a9cfc12bb9,Gak bisa download video ada fitur download video tapi gak bisa gimana sih Instagram,1
7041f6fd-21e8-48a1-89d1-4de358b399c2,Satyamkumar,5
46ac8794-e83b-43f6-9ec8-c10b5c859fd3,"DO NOT ADD ""SAVED BY...."" BUTTONNNNNNNN EVERRRRRR",3
be458755-e246-40ca-9c90-96c694e4ea53,Super super,5
ff488534-7b14-4027-88e8-b122ffd07b1e,Nasima midda,2
dd1bfedf-dc63-4d5d-ad05-889c0b483127,If u have the same friends from facebook on instageam 9 times out of 10 gomna see the same thing people also use this a hookuo site etc,2
24d67fb7-02b6-448b-a1af-8347d187ffd2,Fantastic,5
56742a5c-650f-4c8f-b3e6-e099d840d20f,Fine,4
6fd00750-3e5b-4655-9682-f08e524b91ae,Good,5
21446ca4-5511-4545-98a6-c447692f14e0,Best app for time pass,5
e7a42021-1c49-4a5d-a65f-2cb9bf10df5e,When I try to make a account it suspends me right away I don't get it,1
dfb97b7f-cf65-4991-b34a-b41a6d1e47bd,New features are awesome 👌 love sequences and remixes to reels,5
0cb74d35-8119-41e2-a66d-05e789877be0,Love it!,5
ea7f6646-177a-496d-81e6-656d0c4d3e92,Nice 🙂,5
00c8c551-f6c2-4f48-b360-aecfd04f161f,Good time passing platform,5
bcc5e620-3a0a-4002-865f-b73d430e8b12,Wow So nice,5
efd7e37c-47a5-4f75-8ba9-ce6868f6c278,Please don't disable accounts,5
d888e6f7-3c20-46af-91ff-0b3fb5bfa610,Good,5
cc5d5980-c6fe-4dc3-b73c-6ad7a4d4546b,This app was so good i like it,5
a65c0623-0d3c-43a4-943d-991e18a96e3e,Op Instagram app,4
e07d2517-6937-414b-b8de-8cd0612d671e,"Love, Love",5
13fddd8e-ff79-4a88-9042-81616afcdaab,You allow videos of people losing their lives on your platform and then delete my relatively harmless comments. Make that make sense.,1
eadb2387-901e-4c8c-8341-a95636d27414,Great except finding music to go with reels,5
0b8bc93d-8f35-485b-a9e3-5bf1da0d00cb,Mast,5
c0fceb07-ba16-4425-99f7-f3f1aabc049e,eubham,5
804e7df1-696f-4c88-89ab-f07bab8e071c,👊,5
244fa5b4-da54-4b8f-8c12-3759be46b492,Nice,5
8c531392-e511-4a05-a8cd-547c0092b322,It's alr,5
f841efe9-1a11-4e99-a190-31ea52cf4a9d,Sher...💀🦁,5
0e01e275-5e74-4a35-870f-4c3925a8781a,Nice app,5
9af10409-142f-4267-a42b-d7b326153bf7,😍😍😍😍😍😍😍😍😍,5
a31e9c62-510d-400b-a9d7-9a92f8ce047f,Good,5
73b915db-b72a-4805-a239-71694aee9f4a,This aap is so trusted by people,5
6c6815f3-2280-4a36-86e8-e91b9bf38a3b,My Instagram id jay Shree Krishna please Follow me,5
162b40c2-c3c9-43b4-b5a8-076a4bedce5c,Good,5
b6c7b18c-fd5e-4f1f-b1dc-273052a7e7dd,Keeps getting wirse with each new upgrade since FB took over. When others abuse in comments and I report the comments are not reviewed or removed then when I retaliate on comments my comment is removed automatically within the second. The app is BS. Filled with fake people and fake lives. Algorithm sucks full of bots. The AI pushes posts that are filled with misinformation and sexualized activity rather than knowledge and good posts. Very bad app. Reels are mind numbing and dumb.,1
b6802ff0-d256-4163-b9c7-b73abb3f5a21,Nice,5
7909e0f6-195d-4fc4-b804-f0f2522c1506,This is best 😁 for girls nibbi dance,3
98b27588-787c-4d8a-8b73-832a4bbb44b9,It's amazing,5
caa757c8-2f2e-45e3-ba77-35f597594b7c,Good,4
fccbaf23-b011-40e8-8a86-747a54a79bd9,Tooop instagram,5
f18d9bc3-0dfa-40be-a0ae-4e0d250766a7,Fug,5
6f756c06-fee9-4c0a-a3e8-bee92a25f279,The best ever,5
182d73ec-2336-4326-b003-8381959c5517,فايفستار,5
7fc160fa-8d5b-458a-8380-3a1f14ab402e,Supper,5
300da4a9-38b5-43eb-8d0a-62fb980aa550,"It won't let me save pictures to my collection. Each time I try, the app freezes. App too sensitive. Keeps deleting my comment saying that I'm violating their stupid guidelines. Can't even see my own hashtag that I created. This app slowly going down the drain.",1
8d8263a0-da60-4c07-8ed0-b5b64c8a7a51,I love it,1
ac7f67c8-5c1b-441b-93e6-a9eee03d67b1,Good I love it,4
7a796176-af4f-47fb-b1fc-047e71aad9ca,ரஞ்சித்,5
017edbe6-f1aa-4c55-890f-52f5745d17d6,Does this app have privacy not controls,1
1781c795-51ef-4d64-ae9b-ef74b356c1ee,Good,5
b9435cd8-254c-4516-a54b-f555a61a5737,No comments,4
c89bad72-dc29-4f0a-8011-a2b317b4f010,Very good,5
d992fc18-c6f6-4306-be65-4165b9eee76d,param,5
3d6b45b8-3a72-424a-91f3-779a048f1f7a,That's very good every time I come I enjoy it,5
f2385dad-5008-43de-9ae9-d2db77eecf8e,Great app,1
06e7e2ec-4de5-462a-9692-209e1c90436d,Excellent,5
ef97cc6c-7461-401c-9d4d-21f1bc96a347,"Pissed off! Unsatisfied the app won't let me in an account I created years ago that someone has hacked and is using it will not let me create another one. Instagram, you do not have my permission to use any of my content tradework related, or BBE92383 content lawyer has been notified",1
9ea33f6b-4709-4b31-ad37-ef9a14afc5db,Exllent,5
65de9ef7-e807-4867-a71a-2899563a6f74,Since the latest uppdate i cant see comments or reels anymore,1
4a8f75ae-0813-48e0-961b-40e60aae0a8c,"Shitshow that will boil your mind, stay away from this stuff",1
77eed0f6-b0a1-4ea8-843a-6346342f75c4,Amazing app i love this and want to every day upload videos plz viral my video thanks,5
b5a99493-7270-4b2b-8a54-8f754e855807,Nice,5
a056585c-c413-49c5-922b-aa4692728569,what's to add for Instagram 1. Highlights option button to hide it for those who doesn't like it. It could be at the corner for easy access for those who wants cleaner and nostalgic ig feed 2. Option for posting different photo sizes cause that saves us from cropping our image because it's only customize to only one selected ratio 3. Options for categorized music based on your country for easy song access. 4. option for file sending in direct message for those who don't use messenger.,5
f236c7ec-9db1-42a4-b173-7dbcac17cb6e,I love this app but my group is a public and all the people changes the name every time and I want to allow only adimn and I wan to use like I'm the owner,5
d04718cf-abde-430d-8661-aa35a1fa8f46,Very nice app,1
a488ea7a-2891-43e7-b9c8-b7af8c08e92e,💘,5
4499e27e-17e4-4196-b6c8-4fc0c7e88009,"Instagram only care about the account protection rather than fight against memes account. I mean, are they going to lose their popularity, myself included, to TikTok because of that excuse?",2
8329be6e-8c16-4c1c-a3b9-561163bb6713,it is good app,1
43795be6-8634-47c9-8c70-15cd1ad8fc46,Better than Facebook,5
38b6a4e8-40a4-4ab5-a58f-0e558f671883,Best app,4
6c6920ce-8357-4bc7-a598-3488b164fbd7,Excellent,5
d082a610-6fdf-44d1-9f24-f0958e0fd44e,Nice,5
33a5b4b4-c349-4a3f-a7b3-985c5d2a5023,Inspried❤,5
8c17da12-3221-4bef-b130-d0c9781f46ce,Nice this page,5
948a6ae9-2867-4157-8631-a051394289b2,Very good,5
40b72cc8-e175-45c8-811e-bd4dcc9c6476,Did not download,2
ecdb8834-d039-48f4-b4d1-84b271e41af8,Ok. 5,2
d459acbe-9834-4d8d-9a64-43e5b420fbbb,Ve very useful app for us we talked to anyone's a friend relatives we also provide is become popular I read hundred out of hundred to app Maker is the one of the richest person,5
d7b0f990-6376-47fe-9490-a6bae0a2e16f,Plz apa mere I'd ko viral kar du ji please 🥺meri id growth nahin kar rahi,5
a011423f-0b32-45c9-b77e-b3dfd931a4f2,Amazing aap 😃,5
469db7a2-c881-42f8-b546-2b0730cf1cbc,May Allah give the Jannah ul Firdous,5
ad813c0a-c9c4-4a6a-a96d-5b8e20d09f9a,It is very helpful aap you share this aap and download this aap,5
66219357-dd9c-4d1f-8866-fde4e6aff7cd,good,5
240865ca-ae8e-40f5-a82d-9815a70b3cf6,It's annoying everytime I try to post s tory it won't download I hate this app fr,1
4dc0e02c-0215-4b87-9866-e29de67b3952,Best meta app,5
7c392120-e96c-42ec-862a-9c926ae3d659,"I miss tap to mute, now all I have it tap to pause and it's the most annoying small change in recent memory",1
798c3487-6194-4893-9823-65481cc88b66,great but improvement is always welcome,5
8c6b2b99-66d5-4e94-be89-5c2c06792bcd,Instagram is a good app,5
d3bd1861-0f60-4e61-b8bc-4c098895c994,This app is very very good 😊👍👍,5
8a9113f8-30a2-4760-b2d9-fd2e403c78f9,Greatest,5
bd33bbb2-a153-4c87-bb7a-43d4b915793b,He was very helpful,5
fe393b46-fe3a-4cd8-bef8-74daf69397f8,"outstanding.,,, superb......,,,.....",5
298ec40b-284b-47bd-96af-0b78b136a960,Very nice app,5
8b855388-d969-42f1-89a7-249bb2dfca6b,"I Love it, it's we're I found my boyfriend",5
89cead70-01bd-45a0-8ed9-81ab5b45541c,Jalpathi Dilip,1
8f9a2a2a-56ff-484f-ab4e-af48d35c7786,Nice,5
f5f74c44-1c1a-4da5-86e9-35550c81fa64,"1) The censorship of Palestine. 2) I can't add music to reels or stories. I could a year ago, and everyone else here can... just not me. Nice. 3) No customer service.",1
4c446861-ab11-4f4b-9ead-2d7909fb8dac,binlock nya 'ko,3
249025ff-7e0b-4f30-b542-8e075c826274,I love it.,5
a356233e-448b-452d-944a-fec6ec52e206,Nice apps,5
89e968ec-674a-49e1-9722-23f82bf3e7d0,you didn't give me meta ai update,1
7a40125f-57a3-4ec6-896e-257a440bcd5a,This aap is very useful,5
e1ede30f-e0cc-4014-9896-c2b554076cfe,i am forced to see content and creators i dont follow in my feed...its just sucks,1
8c5a66a3-c8b7-4ce9-87b0-53b46319b08f,albafloresoficial,5
460734f1-eebc-4913-87ae-3d5a64c1db87,Do anyone know how to delete all saved posts by one tap because it's hard for me to delete them it seems like I have tons of saved posts,5
c18dd338-f20d-4770-9a3d-676205556d1e,Every time there are left a silly bugs...last time faced broken functionally. Unable to select post or reels from selected folder. Every time it's time taking.,2
fea2607b-bed9-4718-9279-6f297ca100db,Best,4
16ead246-cc12-43f2-9d09-6e0abea64877,I'm gonna put it at 4 because I can't send messages and now I can dpeak to babyface womdatso and plss help Me to stop saying I can't send messages if u don't mind,4
bd3ef38e-f308-4cf2-ac5c-c2b061bb76f6,Good,5
b7390e49-9842-4c68-91a4-c33d486c7f57,Waste of time,1
c92dd45b-a6f2-435c-96a7-74187bf9f9e7,perfect,5
b70b1050-5507-4884-85ea-c2ef0a579987,"Is a place of sharing good habit, god behaviours, religious and social life, hand work and many more",5
9c8e6212-95c2-471c-8ac4-4a848da19c82,Nice application,5
afd116a1-1964-400c-963b-6ff3c847afd7,Its really a good app but i dont know why for the past two days I am not able to open this app thry are showiñg like i commented something bad but there is nothing like that i just only wrote something for q person the vedio is related to write something for a person without writing their name.... i just uninstalled and I re installed it,4
820c17fa-2c91-41ca-9097-1dc2f7c45349,Perfect app ever 😊😄,5
cc6412df-d204-4d20-85d1-e7bcb441aabc,I love this App,5
9299633d-f04c-49d2-b669-36387be663f0,Nice,5
076d270b-7811-4e48-a92d-4b983e24f2b1,Good 👍,5
5c859b5f-c5d6-47d3-8aea-93346536abc3,Top of the social media platform,4
070ec57b-ffd9-41b4-b430-df07448c268d,Story Save song problem 😭 please,5
9225b6bc-1019-42b6-9637-feebfa05389b,I heard about Instagram,5
522804c0-6f12-4e20-a5ba-7af078d87265,Fun,5
47f757b3-8000-4569-9c2c-d554004a6bf4,Great,5
bca1fe8f-1323-48a0-8e27-44c42c694698,I cannot share other people's post to my stories anything anymore,3
c0af0c3b-c288-41cd-baf9-efdfa179ec69,Its so good,5
cf6de77e-c3df-4714-9b0b-65d6eef2509e,Best,5
120780f0-fa3f-43ca-8581-0c0035e7731f,"Simple set up, they are actually doing a good job 👍",5
98302387-7802-4c8f-b31f-158cfb614649,"6.7.24-hacked accounts take to long to recover_22.2.24-no vid speed change👎_21.6+18.5.22-suggested posts🤮_20.8.20-SUGGESTIONS SUCK_25.6.20-the new suggestions feature SUCKS_4/9/18-can't click to the next thing on a story if someone is tagged, gets stuck until it plays out😠_19.5.18-please create a link to shazzam or spotify for songs_1.8.17-want to like 1 pic, not the bundle that gets posted_Not all pics are good😹",1
90f1a34d-fec7-44ec-91ac-c1881393aa8c,جميل,5
af4510d1-c68f-4b91-abae-c2efe2713501,Perfect,5
9b5c96cc-4f80-4233-8495-8c9a433b8a60,Wonderful and exciting experience,5
6fad7141-2633-49c1-89a6-09fad818bcc2,Good,5
86b1df35-d400-440a-90aa-50e504822abd,Automatically it decreases the brightness on app very irritating...just pathetic don't know how to fix it,1
8ac1e6f4-a9fe-437c-995d-ce609874418a,Great app,5
624fc5bc-2f1d-41c0-933f-a567007e0892,"Great content, and easy to use",5
508215a1-2af9-4305-bc51-c35da691b996,Currently no issues.,5
080328e6-1d78-450a-8993-b804a9d89480,Worst app (for android users for sure).,1
1640a0a9-df2c-4651-b302-05a8a894ad2e,Khab,1
f51cae63-e234-4de3-a5aa-64d49f5cc518,Instagram is a place where my all friend is here 😎,5
cd60953d-de11-4d16-b2e5-823a85de4efc,Sucks,1
d4989898-7dfc-4b96-acb0-938bc0b32a6c,The best app ever,5
9f15c1ef-95db-4b7e-a678-d77892959152,There are many glitches,5
bfa62ebb-ae55-43e9-9617-bd0cc3e53ec9,So far it has been interesting,3
252a1988-163b-4e21-ab6a-feccce6bd4a2,It wont let me follow anyone I don't understand why it's being stupid,1
e18c052b-dbf1-4c72-a86b-8ea6037b98ce,Excellent field to work or cumnicate with each other and fund our friends in this app and check out the post of everyone this app is osm i really like it 👀💓it guve us funny reels and some times mood reels it is that plat form in which we can connect with our near dear friends which we don't have any contact so this app give us very interested things in it and we can watch funny acter or reels .💓,5
331e6b81-06b9-4c66-97ac-f0e8b80a9faf,Schedule my Instagram settings show please,5
f702a2ca-f00c-4b18-b84a-d89d2dffeffd,Love it,5
5cab8b63-4f22-4ea0-90c6-23c6152656a8,افتضاح,1
a70faf9c-dd10-4d9b-be38-a0b5ef3423dd,An amazing and wonderful app.,5
3d94ca38-cf17-481e-89ba-ee7ca787c663,Add finger print,3
509eb894-cfbd-4eea-873f-0ff7e716d4aa,👌,3
7ba613f5-8938-41f2-9240-a49c1efce087,Huh if 6iu,1
2cf0e5df-98d0-485d-954f-6c42f65f0aee,"I love instagram, it's a perfect app for all, we had , knowledge, entertainment, and cooking shows, and so so many more activities in this one app, it's so helpful, ❤️❤️",4
1cb384cc-9036-4eb3-874c-d949ba27f7b9,Akdom faltu👍,5
eec8e333-02d9-46da-912d-3acd239879fe,Nice app use full app,5
954c49b2-2ae5-45d6-9e17-2c6a6231bd2d,I like this app,4
a91ccf32-4312-4311-a47f-6947f7aaeb7c,"I really like enjoy Instagram but my only problem is that you guys should stop deleting my videos, thank you very much",5
7f1818d6-0464-4318-a9d3-25fdaf00aab8,sanket kaumr,5
9b567a03-d6e8-450b-ac6d-c4f1c684a4b5,Just perfect enough to describe 🫶,5
4f164c79-bf6d-48a7-a16d-2e33fd652405,I love it,5
011b8e88-8a99-4a16-97bc-4fca6e4383e1,Love Instagram...nice way to share Beautiful Pictures 🙏💜🦋,5
7f386c1d-da18-4c22-9d55-f08b0ed50329,"Keeps crashing when trying to open the app. ""INSTAGRAM HAS STOPPED"" Samsung Galaxy S9+... Please fix this!",2
3d83f58f-e1d4-4df7-ae38-09d8eb9aa099,Instagram is infringing on our first amendment...if you don't want a lawsuit you should not be sensoring our comments...I literally fact checked Biden on one of his posts and now I can't comment facts at him...seems a little biased but I'm sure that'll all change once Trump is on office come this November...,1
0812487b-225c-482a-b8c5-8b890711f918,Instagram update,1
c7cd5b63-db38-4722-ac8d-e9f45033aab6,marvelous,5
67a22b1a-86f0-4e4a-92a2-1aea7c4072b9,Very nice,5
b5ac948a-94dc-4f5d-adfa-53495a49797a,I LOVE INSTAGRAM SO MUCH💜🩷🤍,5
59e4533b-dc16-43aa-acf1-a413182fca18,Excellent,5
ee445971-2b86-430d-a6b6-ed8b5fa5d009,Because is the best,4
04cb7a6b-68d0-49a3-8eb7-78fe82e697f1,برنامه ای که به‌ریده به زندگی همه مردم.,1
9f3d320a-3393-4065-84f4-f3e139ff28f9,"Love it,I'll keep it used for years !!👍",5
0ea0bff4-f612-4bfc-974a-bc222d50fe0a,Great,5
d757fe2a-5962-4183-a182-6130bd3ced5f,Good,5
0e21c826-2a3f-43d1-abcd-86a475384295,I delete this account you can help me pa,5
bc591a3f-4e3d-43c9-ae64-ac53c4199c09,Kiya faltu appas hai koi ladke set nehi horaha hai. Mai to appas uninstall kar rhahu DON'T INSTALL THE APP,1
b51be2f0-bf28-41f4-8dac-d019883a50ff,Wow 😲 very much ❤️,5
927deeca-78d7-4829-82d9-9873b0c4dcc7,This app is very amazing 🤩,5
a03e4df1-5a2d-4072-87f1-73fe0c808bf5,"It's amazing being on Instagram, its one of the best app in my phone, love it..",5
6ed472df-ab60-4bc8-9721-8ffdd2950df4,Problem solved,5
c3070fc2-05d3-41c6-854c-06b3fb21ddc9,Ok,5
70959870-9c93-41ff-a40f-ca5f802c5483,Nice app Great,5
b132ab7b-f604-4f6b-97b5-f75407bcca95,@ionlyeatsupreme thank you,5
763fbebf-6fd0-4fae-9c3d-fa395b2e3595,Nice,5
b8b8712b-818e-4613-98bf-77b9a2765434,"Very restrictive site, overly censored site!!",1
fe52c50b-4502-4e56-a787-9405c21e9c9f,"Stop moving things when people are used to it. And fix the search in chats. Its atrocious, take the fork from WhatsApp's search in chats.",1
a4cc1112-b296-43e7-a5d1-d28a604948a1,Bahut accha hai Instagram nice app I love 😘❤Instagram app,5
2db2a683-a65a-423e-933f-459fdd1ed41a,Y'all delated my dam followers for no dam reason what kind of company are you really like what the hell I don't have any other contacts I have then in I only got them in your app? Can u explain why u took my followers I work hard for.,1
e9111a25-e936-4181-96e3-1e01a37a8e77,Amazing app,5
f074b8c9-c1c1-4b9e-be78-4d86f8e7f4a7,"Why can't you follow me? Hey, it's bothering me. What's the situation? Please take care of it چرا بهش رسیدگی نمی کنید آخه چن بار تا حالا من پیجم پریده😡😡😡😡",1
5e8b026b-e649-4b8f-8789-f21cf9b60d40,olgoods,5
582381a1-a92f-45b8-811a-c3031181bfa7,"What a waste of hours of life. Most of the clips have no meaning , sense, or worth my precious time. And the app shares information to other sites?!!!",1
4359ebac-708d-4777-935c-f41cca235d97,This app won my heart ❤️❣️,5
661222bd-a57d-48d4-95a4-c9a0e42b9254,I can't delete my account..instagram is not giving me delete option,1
4a49d52e-91aa-4e94-8337-15aa95a98dcd,Great app for entertainment and business,5
b5623c3c-1276-4dbe-aed3-bade5fc3c6ed,Good,5
21b03eba-f758-4b7c-9293-3008399b6eb9,"If greed was an App, it would be Instagram. The App is broken, with so many bugs that will never be fixed, each update adds more bugs. The timeline is broken as algorithm decide what posts will you see on your timeline, hiding some posts from friends on your behalf and replacing them with random posts you don't care about. There's also an ad every three posts, more ads in stories and even more ads in the explore page. The user experience is horrible. Tasteless App.",1
4fdc641f-2e2d-45d3-b5dc-5985f7fdd427,Constantly glitches. I can't share posts to my story. Forced ad breaks are dystopian af. Censorship and shadow banning of political content. Meta ruined this app.,1
4695e5a4-53ff-4e90-a6f9-e90d6cb94869,"Why is the app notifying me of 'new reels"" from friends, and then taking me old content Ive already liked. Why is your app creating notifications when there is nothing to be notified of? It's bad enough the conflict baked into your algorithms but to pretend you have something to pull the user back in is predatory. Can't wait for the collapse of current social media, the scourge on psychology.",1
fb6c4638-4d8e-4883-bdba-ef2b816b9afa,Good,5
3238e4b2-8941-4b1b-b4ee-962c51a2d3b6,Excellent,4
ae4011d2-17ec-406f-a902-f9bd0904f8cb,जी टी एक्स पी,3
1fb519fa-4cc7-432c-84c8-e46d50c4e148,Awesome great selection of various stuff everything from food medicine family pets religion which I'm no fan of to awesome everyday people's adventures. Be gr8 if I was single but alas I just peek as I scroll past U gotta look it's wow wish I'd had all these apps 20 years ago I'd be a porn star or a rock star instead of a poor houso homeless person trying to find a country place for me n Mrs to settle down sneek the odd Orgies in the bush in when we can live free help who we can trying to make,5
2ba70f79-b14f-414b-be6f-451313406e3d,This is the best app on the world...,5
fafc1fea-4453-4e7b-9fae-a18bc25c6656,Love it because you could contact friends and family in any sort of way really love instagram,5
012af913-6434-42ca-9ed8-456c1b56fc01,Excellent,5
ecd44ed2-55f2-4ebf-8da3-cddc95679d5a,It's fun,1
8b37358f-953b-4489-b948-3f3e57670ba3,Love instagram,5
bb930583-96d0-4bf7-a1a4-87b32e422ea5,Love related reels stuff 😁,5
1fec070a-ba05-40ea-88be-dd0fa1f27a21,It's good at,5
5f75a2f2-44d0-426c-bf0d-b0a08e8af500,Best social app,5
c5968966-809c-4d6c-a876-f0163c3900c1,Got banned from the app for saying someone's a pig for eating with their mouths open in a video. Freedom of speech has now gone from the Internet bunch of cnt,1
45536cf1-f8ae-4172-9d21-9a229811504f,"I can't open my IG app since april, pls fix",1
598210a8-bad9-4aaa-8c6b-902df68d0bd8,PHOTOS BEING SAVED AS GIFS FIX PLEASE,1
3126d963-a21b-4645-85b6-27a5e8d910dd,❤😚best app for me,4
a6ef4521-4627-4607-81cd-6f960163e1c9,Very nice app,5
9cc78825-032d-47b5-aeb8-2b89f90d3c60,After update unexpected no download any thing,1
24a0328e-5817-4f2d-910a-4689bdcd3483,"Its a very nice app,and it has nice funny reels and mindset reels So I'll give this a solid 5 stars",5
15dfa9be-0df3-4b71-845e-ebec2bf1dc3b,Jay shree Ram 🚩🚩🚩😍😍😍,5
133a7ab7-8927-4442-8647-5ad934e76186,A leading Social Media in all aspects 👌,5
e4b695e9-afca-4a4c-8175-dd5b14701f17,💯,4
85e196b3-30a4-4349-a0ad-6a449c3f7717,Okk sistem,5
1cc17760-e373-4627-b91a-e77df5c14ebf,Very nice look good video And filter,5
8b38899f-fe7d-4173-a513-c50d63c8a6f2,"Remember folks, Any profile is HACKABLE !!",2
ee1ef331-32ae-4dd3-a2e0-5be7b0aadd1f,";bsfore[TV;;;BHULUA,!!!!)))LNSTAGRAM,=RATETHISAPP.APP",5
8e5eb80e-f7be-40ac-a1cd-47ecfffd4096,Superb,5
bc7146e8-6278-4a39-bedb-f4d7d1c3d146,"Valami nagyon rossz erre. Nem jelzi, ha írnak csak ha meg van nyitva az alkalmazás.",4
9929a185-d9c5-48a4-9e9d-ab05f19033d6,Please my massage account open this is not working,5
e2e4b0a8-6982-46a0-ae82-27f9aee5ea21,Fun and interactive,5
a768f574-2d10-46ca-aa0f-1ee092f16254,I get blocked from liking or posting for defending myself against a site on Instagram. Instagram read why I defend myself. But you block me. Why don't you block the so call Royal site with their hate on Instagram..,2
124a3ba4-bdac-4fa0-9dc9-3b1c857d98c2,My emotions are not properly displaying. 😡,4
795c1909-6f20-4714-b94f-e341255a5822,Good,5
8f2fcc1d-8be6-4669-9da3-a97af8061170,"On the one hand, the algorithms drive political division because it gets engagement, since people are mad. On the other, it also AI filters everything and ""fact checks"" anything that goes against the standard modern narrative as false. It would be a great app if they cut the BS.",1
8d6f3b6f-9089-4b5b-81b9-2a0078ca9f12,Good app,5
2d9ef765-ce0b-4734-a7ac-3bceb038150b,You guys really need to add streaks,4
2ea3e69d-1b93-4c41-ac16-7b20cc683c12,Meta doesn't care about regular users,1
8c9de73e-b926-4d3a-8ad1-f832a5c48eaa,Good,5
ecefaa05-7a6a-44dd-9be9-068adf029a68,"Some weeks back, you launched a feature where we send instant reply and reactions to those reels which are sent by our friends without pressing back button, and we can scroll down and see the next reel which they have sent us. But this feature is now unavailable in new updates, why have you removed that? This was so great thing to have. Please we want that feature back.",3
2367c5c9-b08e-4c5e-ad5a-6291cde23781,برنامه عالیه فقط باید زود به زود بروزرسانی کنی تنها نکته منفی از نظر من هست,4
7ac64f9d-7cbd-46a4-bf80-f1995215c1c4,please 🥺 help me support please 1comment mere pahela post prr kar dijiye ❤️ Thank you 💕,5
8c6b7149-b9d6-4631-ae0c-499873a455f8,🙅‍♀️🐍🦗🪿🐦🦆🙇‍♀️💁👩‍🦲👩‍🦲👩‍🦲,5
accfa54a-de2d-4a65-b6c5-5253e8530dba,very unclear what is happening,2
f91f037a-cf51-454d-8668-a09b587fbb93,Reels post nahi rahengs,5
984b3c3f-cd1e-405b-a004-18c6afe0425a,I am not follow meny people ?,2
c848ae94-ab1a-47c0-acef-bdfeb7b25cef,عالی,5
86e28266-f2ce-496a-a925-fb432928db87,So nice. Ple Instagram sawan ki meri koi bhole baba ki real viral kar dena. Mere saath. Har har Mahadev 🙏,5
f5fc5bc5-15f0-4284-bea0-820de4eeaa79,Worst thing & App in India,1
a300adfc-729c-40f0-aa0d-fa50957cf576,Mᴀsᴛ ᴀᴀᴘ,5
dbfcd7df-a66d-414b-8373-e1a3cf85ce87,Niceee,5
26705eb8-6adb-4fc6-bbfd-9236e924be9b,Amazing app,5
deccfd78-b021-46b4-8c68-8f83e428ad5a,weldone,5
3bf4f5f2-88c3-402a-a6cf-cfe6cfe69322,Excellent,5
79322f9f-4999-467a-b81f-c66e83a90a73,"NOW IT INCREASES BRIGHTNESS WHEN I OPEN STORIES? WHO LET YOU DO THAT? It's a good app for wasting time when you're bored, lots of things to see, etc. but totally useless if you see a post you like and you don't save it or don't follow the page and suddenly it refreshes itself and that post is lost forever, since there is no useful search mechanic and you can't see the posts you liked anymore, been happening more and more often, this doesn't help any content creators.",1
d92b4a5e-eb90-4585-8c0d-69b13bbd7c55,🗑️,1
4cc0e6af-f372-4183-92f6-2bafdcb2508c,Auto updates even when auto update is turned off,1
2a542d99-9df8-48c8-a081-279147d32268,When ever i log in (unexpected error has occurred please try again later) and there is no support. With this error i cant even get to the support part of instagram its not allowing me. And when you google help there is no email nor any number. But there are alot of scam numbers with people over seas answering trying to get your information.,1
c5ccd981-d093-40aa-a72e-d93d4b7bbbf1,so good for make mony and share information if You Use your mine you can make mony very very good and so meny mony from instagram,5
d8ce0aa1-f2ad-4172-b7cb-fcf65e596955,Nice app 👍🏻,5
73abff42-29e6-486c-a243-485baf2e7229,عالی,5
c6bf75ec-89fb-44ba-a746-326da0106ca4,"good but, I don't have notes",1
ada52288-2ed7-4608-8885-f7d54561c58c,"I changed my password then it kicked me out and every time i wanna login again it just says ""something went wrong"" or ""incorrect"" when I'm 100% sure it's correct cause i logged in with the insta website but the app itself doesn't let me log in back to my account it's been a week !! solver this prop!.",1
f3144252-6035-4f0e-ab83-1ccbe89c4706,Not installing 😡😡,1
2b0ebe0c-24fb-4a0d-9195-329cda1ce780,Wow this is the best app ever @mark Zuckerberg you really try with this,5
3a761412-c22c-466b-873a-4e77b39601c2,It's good thing for me,2
0ae706ce-4809-42bd-8888-9baa313b1776,This app not dawnload my phone so please cheak ...problem in app...💯,5
cec167c1-f072-46ed-ad28-7b9817163c04,🤝🤝🤝🤝,5
819a6f86-9d4e-461a-91dc-3aee4f0cc4de,"Update2024: This app encourages and enables pedophilia. They take down my comment from breaking guidelines because I'm calling out someone thats pedophilic. Shows you who's in charge. Absolutely terrible platform, allows racist posts to be published, and will threaten to ban you for standing up for the truth. This app allows racism and discrimination against white people and Christianity, as they will always allow people to post negatively about either group. This app is just dogmatic propaganda",1
937b9158-c54a-45d2-91c3-b82ce555390e,Very nice app,5
d39decf9-36d7-4d18-bbf3-f273f7e11603,When I get this app i am not even going to church,5
d1d30674-1734-4eaa-bc55-2d70251c1af2,Good,5
d5d9ff5b-30e3-4a21-b592-1084dd410da1,No dislike button,1
d8e2269c-1078-4cca-813a-a640d2d4fed7,"I used to enjoy Instagram, but lately they've been removing my comments for no good reason and falsely accusing me of spam, and it's very frustrating. I'm going to uninstall the app.",2
b0603921-d8ab-47cf-b6dd-96a6a329dfc7,This app is the best because it enables us to communicate with people from different places 💎💎,5
db3848c0-809f-442c-920d-0cd7fb449ecf,I have not follower,3
55f4dff9-3482-46c9-870a-20252b5f1990,I didn't like the recent update on the reels,2
d8b71552-cdf9-4038-a002-1937d2558e6b,Best 👌,5
5999c734-f83c-49f9-8066-01bf781d7a25,The app is so horrible that you encounter bugs on a day to day basis. It has reached a point where it's better just avoid using this social media platform. The predatory strategies employed by meta doesn't make things better either,1
86cd8ac9-05b3-4749-a985-afc7c695e499,Once of the most entertaining platform I have ever seen in the world 🌎 instagram is the most powerful stress buster for me I love it and I prepare Instagram to all my friends and neighbours for the best entertainment,5
5b5e5cb1-d77f-4013-819a-b58a28075798,Acha h bs,2
d60f0c0d-ffad-461c-82e2-5a7cbe4c968e,𝙂𝙤𝙤𝙙 𝙎𝙚𝙧𝙫𝙞𝙘𝙚,5
cb1d2f99-86ff-4103-b6a7-73c8bac5a401,Good,4
e3a93f70-9a24-4230-bad6-46135e9302bf,The apps is very good 👍,5
18c82241-c397-4a85-8294-ec19869bac48,I am 12 and absolutely love this app I can keep up with all my friend and post anything anytime I want I highly recommend for teens,5
868112e1-87f5-4e47-9f40-6955df14efd7,Nice 🙂 congratulations 👏,1
0d4b0126-33c5-4c1d-ad6d-23237f92ad38,"Won't let me story post. I'll film to protect to story and as soon as I stop filming, screen goes black and the option to discard, save or cancel pops up. If I save it, it just saves a black screen. If I log out then back in, I can post 1 story then issue continues.",1
86c81727-308f-49f5-923c-d21da1ebaeee,It's a great site to meet people!,5
2c00960f-bee8-4a82-bc73-bf3eaffd6128,Life changing But they should try to reduce the security because it's hard for the uneducated to do those things especially when they get logged out of their account 💯,5
c9fc2440-3892-479e-94c8-7b1cfa0477d2,Excellent,5
435eead4-2eb8-4959-89a7-a25565fb5141,Good,4
2a5b8cb5-7c2f-4982-a584-5797d594bd2f,Nice to meet you 😊,5
5e3217a1-9d11-4fd8-8504-9ecd8d4a9d35,Excellent,5
783c374a-eb54-4fb1-ace4-b14cd71f9e40,Tati he koyi ladhi ki baat hi nahi karti mat karna ye app,5
5b736c11-42df-486f-9e8a-ece22af5d05b,Very useful,5
59d78dc8-40e4-4a8e-97d4-3549e7f6eb30,"Update on this idiotic app 🤣🤣🤣🤣🤣 it now sulks and blocks you if you unfollow too many accounts. Its AI programming actually stops you from controlling your account. It's turned into a great game on unfollowing until they are all done and then shutting it down 🤣🤣🤣🤣🤣Constantly crashes, seriously getting sick of it. Thankfully I got sick of it 😁😁😁",1
eba32729-ee0a-4337-9d6e-64b7757c2174,Super and excellent,5
bbe368c5-aace-407c-a3df-256371de2114,Got hacked and can't even change settings to private. I would appreciate it if you can help me with this.,3
a0df1767-4efc-49d0-bced-22a4d3918ccf,I love it,5
9b772892-6683-4430-a78d-ea02ab397193,Good,5
938f8606-43b8-4239-91db-ce6b204bce2a,کص مادر سلیمانی,5
c4e97832-0600-4229-b9d0-86c07582cb89,In new update of instagram we can't view our old images that we have send from the chat😖,1
23872e0e-cc5c-4709-b39d-a7181895baab,Nice app,5
3ace65c9-c031-43f7-989c-e9d12bba7c83,Nice app,5
c4dca2f7-ad8c-4b1c-9608-60d1ac111cdd,Nice,5
46ae832b-e6e1-46a0-a0bf-bd00af09bc5e,it was good till last update now it's kinda messy like it became very slow and it's gets lag while using it,1
1344a2b7-bfe4-4601-b2fb-a4f8acdb44e1,App is glitchy... filter not even responding,1
2b17a197-c9d9-436e-bba3-eb5ddfaa10eb,Too good,5
ed52b603-04b6-4626-b393-4fea3ab813a0,Very nice 👍,5
a3b5830f-92c2-492b-a956-448dcc1c2a1b,I was always watching the reels with sound OFF because I listen to other stuff on the background. Now mute function is gone and I hate it. I also hate the auto refresh on home page. I think the second one is on purpose but please fix the first one.,3
63119fcc-c388-482f-992e-7b74703cfd21,فاکیو بای,5
ef384e5d-d6fc-4abf-8d2d-0998dfc26c39,It's very useful application,5
65c20b8d-630f-4d50-b90d-52ace67a8fb1,The app used to be really good but it's had so many bugs like it will throw me out of the app and put me in different ones and you can't even screen share anymore you can only show reels and story's that are on there and before you used to be able to go out when you're on face time and have like the little square so you could still see the person but they removed that also. (They put the screen share back on but the app still bugs me out sometimes),1
5b25babf-a6c2-41b6-833b-45a43a4a746a,I am using Samsung Galaxy S20 FE. I am unable to follow people on Instagram and I also fail to unsend story emojis in my private account although I am not restricted in any way(There is also no problem in my public account.). It's a very annoying experience. I hope it will be fixed soon.,1
b08039a6-9528-4fd8-a50c-e9679c076563,Superb,5
66d69401-e925-4971-ae84-e839cd909d05,Good,5
db73369f-27d0-4c64-a4f0-c3eb89300ce3,It's the best app i like everything about it,5
6320e0ac-3bf3-4195-abc1-c007b54533be,Mere instagram par sare emoji option nhi aata please thik kar do,2
5d6aa7d6-93a5-4d96-8e15-581e4a749458,خوب,5
c444fdeb-8fa2-4e78-8370-74ed6bb117fe,trash more bugs lags ad`s,1
c7088f2d-c871-4f62-b8c7-446dbbb93821,Nice,3
c6de87d2-5b9b-495d-b9b2-294bb4929700,It is just wonderful it relaxes my mind alot❤️❤️🐾🖤,4
b31342fc-e426-4870-9c51-88dcb63954ff,I learn a lot by being on Instagram.,5
04a0fe5f-a20d-452e-b50e-cb6415029c04,Nice,5
5924502f-9a2d-4167-84d1-3ef130d46b2b,It is the nice app ...,5
e5be1a03-44be-4a2f-84b0-3e6e2e81f0a0,It's been good so far.,5
e2ade641-5ef0-4054-8203-875c0381c570,Instagram is screwing up these days. I'm having trouble saving scheduling or even posting reels.,2
5f8adf9a-5fea-4946-b182-43846bcc3483,chapri log jada ha,5
4cbe27a9-19dd-4c99-90cf-f26303679a4e,We,5
4fc10a70-8eb8-4840-b0c5-75ec47df8a1f,I rate it 6,5
34e312b1-1bac-4fd3-a533-99b3381058e8,I need a blue tick,5
5acca3a3-ce62-49ef-87a3-51cfec7d69f4,Very very nice,5
c424f3c5-379c-45cf-908b-3d234899bff8,Good,3
27cdc7ad-b79e-4913-8e79-3a4ea7c3cfda,amazing,5
fac636aa-23af-4032-b12d-5f4af4727fc6,Superb,5
fbf07826-2c5d-46d6-9781-e8304b88e226,Hello Instagram sar please support karvao please 🙏🙏,5
26247698-9eeb-4387-b1cb-a7bb51052d6e,"Very nice App Knowing Lot of Things By By Posts, And Good Entartainment also.",5
1180da0c-234e-4d99-bc01-99e2b6c71eab,This app is not made for people who grow on TikTok this app only promotes the top famous people I don't know much but this app doesn't help the creators who work hard this app just promotes nude women's and only videos and other things related to this,1
f2ab840e-8714-4ae9-aba8-ad6e5f85b4a3,It is a beautiful and good app ☺️,5
71c211c7-c291-415f-a588-f76abc81a178,Nice,5
02dca149-2b64-4aee-b11d-67d38a3bf29a,Amazing 🤩🤩🤩🤩,5
09013169-24ed-4c8b-a0e0-b416719dd26e,Very nice 👌 👍 👏 😀 ☺️ 😊,5
37ea1961-a515-4751-a293-105d995aa291,Good,4
0ec39612-3746-445c-b8ec-c41a99b4ae2f,Asome future and interment community app... Love it to use,5
cc2c60b0-ae73-4b1f-8a46-5ce5df2feeee,1 class,5
ac9c2473-3412-4f95-a1c4-0cdb386f53ac,Nitya Mahato ❣️,5
faf6f106-d9a3-411b-9d1b-392d2ebdf6ea,Glitches can't follow people not having update different accounts different updates can't remove posts,1
9465c691-7615-430d-84f4-5e33b869eeb4,Worst why do the app shows that the meta manager has stopped my Instagram account plz Let inform why do the Instagram stopped my account?,1
8b902661-15d5-4df1-8772-359291a24430,I love Instagram📷,5
33a8af6b-2e8d-470e-927b-432de35a12a3,So beautiful,5
1f7aeead-2cfa-488a-ab54-3e6410d11ae7,Nice app,5
bef2124c-90e2-4d49-812c-2eb2959af717,Super,5
83c2b617-e362-4ed9-90b2-2b3744eae637,Nice app,5
3df9ffb1-f7a9-4450-b5ca-49dc4e4be625,Good 👍,5
062a221f-41b6-4030-be31-6cddc4b6b140,"My main account does not have the newest update, only my second account. I've tried anything but nothing. Instagram, do better!!!",1
faf8eac2-96c3-4585-8208-dd664c1b4bbc,A good app,5
727d345e-4aa8-4ac6-9711-f6fec54f0551,It keeps update on its own and I totally selected manual update in every possible option it's just not good at all it deletes my important notifications and could make me miss important events 😢.,2
935dd853-0062-49c0-b331-ebd3fd0f72b6,It's an amazing aplication i love it i want from avryone to use it,4
3cdc66c5-d0ef-4a9d-a45d-7445b5614ed4,Nice ❤️❤️,5
4d6a6d12-778f-4461-8005-220bec48975f,Awosam,5
7fc9a957-2c59-4367-9e24-badc1a848426,Love you instagram and facebook and twitter and facebook and twitter and facebook and twitter and facebook and twitter and facebook and twitter and facebook and twitter is a great time and where are you up too late to get the chance of a new one and only one who has a great day and I don't know how to get a new one and I have to go to sleep now baby I love it so I don't want you so bad that you have to be in a bit more time with my family is going on in my head and the kids are you doing today m,2
460b54af-f6ed-4dcf-bc84-7234f973181a,🦶🏿,2
4cea9491-100a-4b11-abdd-d6363c1d101c,Love you Instagram,5
f1e82eb4-b68b-4843-ac37-ef3e013fe548,Instagram is worst they deleted my account which i was trying to login all day long Very worst,1
d4cf5520-f292-4199-ada2-7d71a88aa12c,U vVG in,3
74561e68-9689-455e-bcd1-34a7806004c9,My Instagram is not updated yet as the others,5
5ad600d1-f70d-4bbb-8058-db2d8c333dfb,New version of Instagram suddenly changes when you have comment on any post the space when we writing was disappeared and can't see what we write please fix the issues and allow enter on typing 🙏 Really Bad Experience 😕,1
df9c6658-af4f-41e3-9bb3-f8b22c765bb7,😡😡😡😡,1
2f7e755e-5647-4b37-9127-f2d52787deb0,Nice 😘😘😘😘,5
2bb5e3a9-508b-42fa-9909-b95829bba071,There are way too many ads! When I was scrolling yesterday there were around 20 ads in a row I want to see posts not just ads,3
40cfe052-5e98-4c2c-8fc8-8c8e4f34713e,Liking the note option isnt available on my phone,1
77466b3d-072e-4a2c-b18e-f46601244daf,Cool,5
008756b9-e306-424c-9f1a-c85348dcfe78,I like Instagram it's easy to use and if u are bored u can watch reels But when I wanna reply to a specific text it doesn't allow me in dm's And the update option is not there UPDATE: the app is very glitchy says I took a screenshot when I didn't This needs to be fixed,3
f474bb0a-88a8-4652-a999-1f7c7f8ebf2c,Very gdd,1
2f0e578c-8507-41e1-8e48-9d41de8b1390,I can't put note.,1
4079d312-a7ac-4f81-8c69-fddf1b56b114,Good aap,5
56c8dd80-0ada-473d-adeb-680f4db1e268,Good 👍,5
714c6b90-bad4-4c42-8b15-74a4cd575113,❤️,5
9760b66f-edba-4879-b084-dfaae9ff3ae1,For 🍉,1
d6550ab8-91b7-47a6-b1c0-747179bcb0f2,Busy,5
1087e5d1-fdaa-45b3-aa3a-311af774f82d,Zero stArs to minus 5 starts working fine then suddenly I'm logged out ? Trying to sign back in asking for code but no code arrives either via SMS/ text or email..... Royal pain in the insta 😶😒🤨😤,1
57991e5a-21ce-4de6-8d07-583c08a0fafb,Ba complete,1
766d918f-4150-4d8b-ba03-2c34aa418f70,⭐️,5
d9cc1382-2042-4bd7-bdc0-6f36c011ae91,Nice 👍👍👍,1
1c8d742a-d421-4312-b74a-ce01b589c9ed,L app,5
70a8de95-f88f-4e2d-a234-c3e5b15d5186,V.good,4
d8372bf0-3569-43d7-b169-f7c8b6991eda,Good 👍,5
a4bee086-df1c-42e3-b0eb-96911564d645,Nice,3
342e52fc-f200-469d-8cfd-84f560d714d2,Good,5
b9d9bc99-c536-4a93-997c-cffaf58a51e5,Good,5
263621d2-f45e-4f18-902b-8c8b0bfe51d6,Nice app in Instagram🤳,1
0d0a377d-4a7d-445a-a6de-091866b68bd4,❤️,5
b6bf3998-5c98-4c9c-a1f8-e0e350ccc9bd,Kya ghatiya aap hai ki koi ladki reply hi nahi karti hai,1
f6e22c4e-3d22-4835-88e1-bcb5490fcc3e,U ubopviv,1
e5b06f57-6050-4a30-a16c-118c12297b78,Superb,5
f7907fc0-6127-44c8-8466-83c35d894066,Very good,5
9105dd3a-2263-46ec-9387-a0def29fc003,B gejheiu M,1
0feecd2a-516a-49ef-b741-c23dcd594711,It is just wow,5
5e33fa6e-a3d9-45df-8f60-ce2afd1d6abd,"What the heck is problem with everything I commented!!Why I can't able to comment anything On Instagram!? And I reported in the app but it's not SHOWING in Submitted Report section!! This is happening since I create this account.If you don't solve this issue I will definitely delete your app forever as I'm not interested in your silly, uneducative, IRRITATING APP!!!😠😡🤬",1
4aceab76-4919-493b-b0cc-9d3ad9c70995,Good app to use,5
f4dd0023-b894-4be7-ba94-ec6ebcae8b83,Why do yall constantly change where the option to add something on your story because I keep clicking WhatsApp and it keeps refreshing my feed,1
7a19b4d5-675f-48e1-bc0e-2307038628f8,Grate app to chat on or to scroll,5
56314e7f-fce0-441b-b9fd-e130d426ed73,Goid app,5
d67e8466-f00c-49b0-a690-707270e9aed1,Very bad app for every student,1
9c110fca-44e0-4cee-9910-347cdfb72a01,Nice app,5
a624680b-ba81-4ce8-b3a6-7cfada4bbdb3,Nice 🥰,5
26e586a2-5022-486e-9940-d36655c71542,This app has chnge my life 😉💘,5
583de3d2-0929-4580-8fa6-9e8b62e57adf,❤️❤️,5
c353d556-f5ff-4256-987b-46f1b6f4059e,Fix your issue with me not being able to follow anybody,1
73ae46d1-ff7a-49d9-9d03-d3731b24e16a,fabulous,5
ff5e07d3-ad34-436c-8aeb-208b16db73c1,Nice app and good 💯😊,5
32a44ee1-eee0-4b93-92d1-ec9ad3e3d562,Just for fun time... hello there,5
78d7a540-a857-4e72-a685-e138512d79f4,One side love trust,4
fd2c194d-8b0b-4cf9-bfe5-45a87368edf3,Using this app for me is Phenomenal 🌏🌏😍🤗😘 i love it,5
06008ea6-2485-4cda-b96d-d523831b2552,I can't get the option of mentioned stories .plz fix it as soon as possible and update me when you done 👍,1
276571b2-f67f-4e93-9f39-55ea543e513b,Super,5
37b3db97-1e1a-47bc-a22e-a76bca07e8c4,Great,5
87ffffe9-295f-4bb9-a748-2c5a33d9f906,Nice,2
a7e2153e-ce28-4ede-bfaa-4d6efd27c531,❤️‍🩹,5
53ac776e-43ff-47d0-93a4-76fb063fc498,It is very good,1
e1fff6fa-4153-44f0-a582-444159ef44d4,Best,4
ed817ab9-88ad-4f93-9627-288ea41a0735,"Unfortunately, I can't say anything good about this app because I used to like it but now it's not even letting me sign in at all. I've uninstalled and reinstalled it and yet the same issue so .",1
87d04a24-1a24-4fc8-b119-fc20a1717caa,I love this app❤️💯💯❤️❤️💗,5
a93076ba-4282-4dfc-8897-b292d5443586,SuratSuraj,5
5eb874b2-4e70-4d86-b40e-e1db128053ae,Am hear to use this app,1
41a509f4-2257-4cc1-b916-e98bc7186f6a,👍🏻✨,4
546193b9-0ee8-4f2e-9c05-b69c9533939b,Instagram so weri nice 💯💯,5
02b76894-07f8-4dd2-8ac1-841015990890,I can't use Instagram filters 😢,1
dd7aa1b6-3c48-4214-9ed2-72ca4d56ef3c,Its a good app,5
a0b3c02f-7e7f-4edc-af6b-86d1014d6461,Its so nice e,5
a945c0da-407c-4184-82a3-99b6bcb201d7,Nine,5
aab793a1-324c-4600-a06b-242714bc0516,Excellent ❤️,5
cf110870-955e-435f-95db-298dd4650415,Good,5
dc7e4672-71fd-4382-8caf-ff4465d52111,సూపర్,5
674804aa-789c-48c8-90c3-5ab892b22a18,this social media place iss awesome 😍,5
d48cbba4-d636-4d10-b4a7-9938d1a2d4eb,It's getting better day by day & populqr too,3
72b004d6-25f4-4ab4-83bd-e25861866653,Kya gatiya app ka koi ladki ka Ripley nhi aata 😠😝,5
dedde756-d917-4c97-863b-d60f960cb0ec,These AI features that are being forced onto the app completely suck and the fact that they made an opt-out feature (that was incredibly difficult to access) instead of an opt-in feature to use our data for AI training is disgusting.,1
8769a3cc-adc4-4a03-a95e-5d16b20a2124,Good night 😴.,3
98e04a0f-a40a-4ebe-9e1f-7e1bc295e4c1,"Instagram is a very good app, it gives me a lot of pleasure to use it and because of its face, I have met a lot of people and every time I feel alone, this is the thing that makes me happy.",5
3d24f0ef-3811-4fdb-827c-7e30b4236f88,Social media is a lie No one post not their failures,1
852ee0b5-3ca0-4a35-a8a2-72630abda233,Best app i ever see you can make friends there my half life inside this app,5
1aa83643-4b0b-4dd1-941a-79e91f0ce44f,Why updates late in Samsung S series 🥲 But Y..But Y..,1
50f5279e-8d6e-44f1-a710-d66058caabc3,Yes bhoot achha,5
3147cc3f-81e5-416f-99ad-592845beb384,Hlo Instagram my account note and music option not showing,5
20a38506-1d75-4d88-b2bb-88af3a8d3f19,App itself is unfollowing people without my input & cant refollow them says wait for a request. Going through stories is super slow & feels very clunky when tapping to move on to other story. Can see drop in usage of the app. Stories are broken again. They are not loading.,1
c77555a2-5151-4ba5-815a-2cfa5abecb48,😁😁,2
46877a33-73f5-440c-9702-871ed22a5515,Not showing new posts.,1
23d1bc02-872d-4f1c-a6e9-e0ed20ef1873,Nice,5
0bea7bd8-9ae7-492f-8681-ee3176bce76c,Sherrr 🦁💪😈 Iam_lakhera_8733,5
58536f84-90ad-42ac-8b48-83bd33c8c26f,Great!,5
6a185f2b-6f6a-4076-9822-c9e035dfe206,I can't type anything else in my note,1
c0ddd02c-c04a-480e-9d4d-734f312d6d97,Good app,5
bef340f8-79a3-4fc7-9648-23f269a9d2cd,Meri video viral kro,5
f1aaee86-8de1-4b62-8b3a-e997e4ca5be4,I love it. Great app. Keep it up guys.,5
f44102d4-a494-4fb7-b67b-d88fbc407def,Enjoy,4
2defa63c-d1e5-498e-91e1-1efbb8fd64ff,Inspiring,5
f68d430a-1f3e-4b2b-b287-2efcff743f1b,Hii freanda @lyrics__yadav plese saport and flow me plese❤️,5
f0e8c463-b9df-4d18-b3e1-180d0dcce79f,"one of the worst app , i tried to login my account more then 5 times with right password but it says you can't log in nd the irony is that i log in using that password in chrome and my other device it worked (ps: i uninstalled app more then 3-4 times still it's same) update: It's been 5 days still same can't login",1
5e30882a-5ab8-4192-a3ac-cfee49f365c2,Instagram is better.,5
a3ad6593-523c-4a87-b305-403b67ad1dc6,I love you 💘,5
bcc6f946-17f1-496d-b6e8-87db48e7378d,I am hating this app a lot these days.. i m trying to post a reel since evening i started by editing the saved draft and then i did voice over and text and added photos.. and then clicked save draft and then when i opened it only blank photos suddenly whole text disappeared and voiceover was lost my 2 hours wasted.. and moreover instagram reels feature consumes lot of time and has a million glitches not at all smooth.,2
eb477b7a-33cc-47b0-82e3-34871fba45fe,Nice app,5
2e8d961c-4aea-43ed-bf38-30c728701ac2,"It's been an amazing experience here, amazing app",5
2c7ff3e1-14dd-4a6c-8bf7-4e2ab7cd50a6,Viral my rels🤗 please,5
7b4ab2d8-13e0-41ba-afdb-a0f4f9507f22,"Bad for youth, way too addictive, zukerberg is evil",2
7c45e4a7-9956-451e-9326-5af08e452738,Wonderful platform,5
75bf8608-cbed-4a31-8109-acad731ebe98,It is realy a good social media platform.,5
fd3c1aa6-9e2f-4d07-b915-b870e130970a,I have got strike on my second account 😭 I am got multiple restrictions with my account my fan page account what can I do if I don't have followers I should quit the account,1
64f83025-fe44-4c2f-997b-bbb0d4e768b7,Very nice Instagram good job,5
7007ce53-9d82-4650-9a43-0474784eb866,very bad for featuring. always block for some regular like you done. very nonsense app.,1
bf0cd831-d7f2-4c27-a303-aaf18fddd750,Very nice app,5
e82d080f-96c0-4529-80d8-2435b09e7f3a,Error..,2
b27dbffc-96f9-4380-8264-1af0636b15b5,This app is wonderful,5
cd3e2688-8e29-49bc-845c-e5d1a3dbf918,Nice,5
8d4cc4bb-f1b3-4cea-9c0d-31c43c68abf5,"It's good,",5
7d786a85-7856-470e-b327-c865cdd5b6a6,"Very bad service at login,literally all the time I facing login problem and unexpected error.",1
9e7e57f8-55e3-4244-b7da-036d705f9360,5 🌟,5
afce65f8-19ad-4996-8429-bc59de0c1d03,Santosh 8797,5
98b69516-4487-47e1-bd88-45b546b546f4,Nice app,5
bec9730e-eba0-4a32-858c-47b244bda040,I use my son's old phone how do I change the name mine is Kathleen Darr.help please.,5
53e2e470-70b5-436d-9932-8bbf0f4430b8,Never install Instagram,1
98d06889-71ad-4bce-afcf-7e2b1a12d943,Good 👍,5
7a4cf9c1-a9b6-4422-96c2-d6551b616cfe,Worst app ever,1
fde29fff-fba0-4331-b0ec-dd1ebda00429,Finally made the scrolling up and down smooth as. Well done. Can you sort your FB out now,5
4059e335-7355-4be3-a314-3ffaece0169e,Very nice,5
010b6b2b-57ec-405d-8b95-baf14982d649,Instagram ka followers badhane,5
849b8b9c-f7bf-43e9-9940-35f457c6ed5d,Worest while watching the reels suddenly it stops and it doesn't show reels and it's saying net work while I'm using 5g most worest glitch I have seen till now,1
bb5eeeb5-7730-475c-adbb-4ce36f7687d3,"Invasive ai search bar, invasive data stealing and a continuously growing bad experience. Keeps pushing meta ai in every app. Edit: just what we needed to make a bad experience even worse: unskipable ads. This 💩 won't fly in Europe.",2
488fd423-7884-405f-be09-94cb7261e391,Me followers please 100k,5
0377a15e-6ccb-4f81-9d52-f10a56a7de96,Account suspended for no reason or details or any information. My account have been hack too. Minimum security or permission Such a stupid apps,1
1a0ffa8c-88ba-43be-8aa4-8e64f5a5b8c8,Best out of the best big up ...Thankyou.,5
9b661482-c1f8-4163-9c70-23853b4bdc73,Such a creative app and birth of creators super app 👌,5
4df22b02-bd54-453a-8423-28ce250c0ffe,Best aap In this world,5
00a40f3b-d24f-4140-887c-7f5e6aa78613,Hiigaerx gb f,2
eeb260ab-3ecf-4b4f-8f1c-d220399cb201,Good,5
34c3228c-b197-4e46-ae2d-58b64a0fe279,Very waste mind appp,5
83f75a99-ba69-4505-b53f-e0ab40386cd7,App is so good 👍,5
369fe0b2-471e-4e63-aedc-1bb4cbbf6ade,very nice app❤👍👌✌,5
068edeb4-f18c-4579-8f61-4c5aa996d05d,very useless App,1
a63da3aa-f21a-4eb3-870d-2289678feb14,Good,5
61f6c0b2-8192-4380-9be1-fdbad23038fc,Good app,5
18b1328d-5628-4fc0-8c1b-a724cce5843e,"Thi. Guda 🚩 It is a good application on the social media. This aap provides help in the marketing, business aaedia's and many others platforms. Many people are use this application for making reels,photos and stories etc.",4
87787b67-6a90-452c-b073-0f5cf3002f78,I think Instagram is a good platform to share things. धन्यवाद 🙏🙏,4
b4b400df-6a69-4ff0-a487-b0cf68d1d50c,Am phase too many bugs pls fix fit,5
7ec492be-50e9-4323-bdbf-5ca56d4ee414,Please can you remove the third party family link I never concented to. I am left scared that a another person has linked my account to another device.,1
2948af21-4268-40a3-9de6-add906880e78,Good,5
f326db83-0b5b-47f2-a590-eb82970e6aaa,...ر,5
c986e2e3-fe4f-48d5-9307-03e185faffb6,Amazing,5
14cece82-1888-4708-a306-11f6149bd8f1,Tumri meherva ki buar,5
96d7605d-52fb-405c-846b-6170ce2eb39b,Great social media platform! Love how they are always trying to improve everything. From sharing to viewing.,5
17e2461d-08f4-4dbc-82c0-3c196cd56e24,Satpal _6334,5
8a00fd69-9fca-456d-9819-5f2873fc54f9,Because in my Instagram is not showing the option of download the video and no reacted buttons,1
5d021816-8ce0-4b60-b938-5cd46fc12d7c,My favorite apps,5
9833363e-62e2-415b-bcdf-235a1b298ce8,Great,5
44644b72-87a5-4741-a69b-cc3da712e99d,Very bad aap,1
c72521cc-01a2-4ea5-9335-a3dc0d32f947,👌,5
b20f935d-a9d4-4360-b27b-4f1a75666e9f,Very good,5
255d74b9-e94c-48ff-b180-3cbd7ec5f69e,Awesome app,5
627c9d38-1a95-48cf-9808-8b8aaadc1ebb,Website,5
8469751c-1269-40ea-9772-4138ee8aa10e,The one you're looking for,4
04cfb0dd-f3a7-4778-a32c-bc8aa814396c,Nice 👍,3
8b151e07-9b7c-4f04-9d63-d917039ab162,Good,5
0a1802a6-e852-476e-aaf2-9a86442ff374,Its vary bad app after last update its not uploading the story correctly plz Instagram slove my prblm im facing a such prblm,1
051b4c88-b2dc-4eb4-8736-71972faf6bd5,"My account has been closed for 10 days and it says it shouldn't take more than a day because I ""submitted an appeal"" I'd like this problem fixed as soon as possible because my account has nothing against guidelines",1
589af2ae-2149-48e2-b06b-2995ae4520a1,✨💯,5
177677ad-ba7f-4a2e-9221-6e52cee7a7f8,Wow,5
27eed89c-80b3-478e-94e1-df1f22a448d0,Nice,5
81656436-cc30-45ce-8157-4ad6487b98b3,Anju khatun,4
0fd1f674-bbc2-4069-a092-dbed724a9b45,😍😍😍😎😎😎😉😅😎,5
19ce772f-eed7-4dea-973b-07fff5b2416c,The app is glitching a lot from past three days.. It is not allowing me to upload any videos or any post with music on the stories. ITS SOOO FRUSTRATING....,1
a7d9ee27-1195-4159-a4c2-2faf9fce29f4,My vnish mood not open,1
6b59688f-8895-40a9-b3a6-94e0cce63916,Superb,5
f928a15c-366a-4460-b6cc-e9069518f058,Their policies are a little bit stressful,4
59e2180d-b0d0-4daf-b63a-e11458be1821,😊👍✈️🫂,5
7054fb54-5bd3-4fcb-b00c-7c3bbce41a6c,Best,4
d2e98bf0-4706-4be6-b1f3-9ad02782b469,It is very good but I want to tell you that you should remove your new update that another person can see what you have saved and the posts you have liked. It is like some personal thing that another person should not know your privacy . I hope you consider it and stop showing which post another person saved or liked,5
5d446f54-3db0-4a84-a2f6-b29100b53d33,Land mera,5
708debbb-715c-422d-aafe-745e3137a1df,That's good 👍 but carely handle guys,4
ccd24f98-eb6b-4b6b-937d-8c14dc982c63,Nice work instagram😇😇,2
91f62463-e78b-444e-9d9f-c3d587564470,Super app,5
f8cd5846-ac9d-4acb-9c77-e669204e014b,Abhi tak ladki nhi pati ek bhi 4 sal se chala rha hu,1
14da338e-1616-4285-8021-2fe8ff25daf8,Valgur app,2
0f110295-7d97-4e7b-8bb6-e8ce367b8051,Eer,5
fb4143cf-2c63-49f2-9c80-bc9d26549b4d,Best ❣💯,3
2522fd9e-3664-4a77-8bc1-40a8b8f7514c,Fantastic 😍😍,5
058ce991-f236-4041-bc90-737ae9c55ead,Very nice 👍👍👍👍,5
a53bf5c2-bdbc-4f4c-8f71-8dee841f52f0,এটঃ,1
c1146e24-62ea-4793-8516-7a7929643bc4,thank you 🙏 plz... support me 1m views,5
9307ab53-c14b-4ef2-be05-142595673db4,Very Good Plateform to show our current feeling 👏🏻,4
5f9a0d56-6b2d-4793-884f-005f7238af86,Amazing 👏 ...5 star deserved,5
af6f126e-50ac-4aae-a095-2fd5477194bb,The updates from the last one year have been horrible and specially the latest app just ruins your reels sharing experience,1
ea96fa00-bbbe-4d76-8984-71e862437628,Very bad thing it is waste of time because when we start scrolling the left 3-4hour we don't feel,1
a94b04c6-837f-4c28-8e96-7320218ae705,Radhe Radhe 💗,4
8453b987-afdb-4fe7-9f89-1be6ba5bd9e7,Bring back pause button please,3
cfe73541-6b8c-4d08-a05c-3aa54d3842d5,Kissi kam ka nhi hai yee Instagram koe bhi ladki reply nhi deti hai faltu hai yee,1
431a6eeb-92cf-47ca-b193-815b42c7c05d,❣️❣️,4
df997a49-9fac-4c03-b568-b39e19761f6e,Very very nice,3
1b9b29fd-cd75-4e90-a1b7-61d68fa9e7a8,Instagram I'd yash_choudhary2008,1
77d8c100-abe1-4fa1-b712-01210570b735,Great app for sociamedia❤,5
2fed8450-9537-469a-8677-6387c9917a25,Very good more entertainment 👍👌,5
1d761efb-4a1d-4bde-aa17-c9a8ba441a2c,Nice ❣,5
8e9a83ba-df8d-4cae-88f5-07c25f6ec566,Abe kya ghatiya aap he ajj tad diya ni pati,1
849eaa63-2cd7-454e-946c-bb00805f6310,Excellent,5
9fffae12-6482-453e-9065-8865a34905c5,Instagram won't let me (GO LIVE OR FOLLOW OTHER PEOPLE!!!!),1
963c82f2-ab7f-4d5f-93b1-cfe12e0081fd,It's a good Aap for time passing and join with friends ☺☺,4
7ea1c36a-e19f-41d4-af26-1e5bb0fb4149,💚👍🏻,5
33cd44f6-f55c-4b11-8f16-a1d93cfec92b,it a really nice place to hang out,5
c6be97a0-ad4f-4e1f-a9e1-1d99f8989ab0,It's fun to post photos on and have family and friends enjoy it! And the option so we can have a privacy in our account!,5
91acb1d7-1421-4400-b2c0-ef7b235a44d9,Not 🚫 minds,1
20e82c35-f3d2-4c03-9809-537140885c32,This is the best app in India 🤍,5
b3ef26bd-f0bb-4ea0-8284-673642c25ed3,Best ❤️,5
7f6d4514-510b-433d-902d-d637a10d2bb2,💝,5
2ebc49d7-a6ea-49c9-8c91-fd6b3a71ef24,Supper,5
d6dac680-6efc-4108-b6b3-fec632b59475,Mashallah ❣️,5
9995a1a3-7e66-4dce-8280-308320c19472,worst app ever,1
9a8427b3-ad93-4c8b-a845-b5553ce0f624,Better than facebook,5
2b40751a-02a2-4a7b-b72c-51138df0cc0b,Like craaazy,5
0dd2e271-9df9-4fde-8e79-3ab4c2783946,"Absolutely amazing, can't express how user-friendly it is.",5
910a4ae8-0e7c-4bc0-bd4a-0b2be71ffc16,Very nice app thanks for instagram my life line my love is instagram for my jaan,5
03f3c8d4-96dd-4687-ab79-c28766f50894,Jayshree shitole,5
7f3713bd-1af7-42e9-8bb3-7c6e009851dd,K Ashok kuma,5
14510e5c-7460-41f6-a3cc-4002843e4ebb,Nice app,5
03bfcb40-606e-4e02-8d5a-02f683c9a66d,Good app mmkkkkk,5
b7ad1585-c482-4a9f-b2c9-ce75c005b310,Instagram ek ayesa app hai ki mere tute hue dil ko mnata hai,5
457e62d6-688d-4ec5-bcd2-c98ebe3d3b55,Excellent,5
5d52ba8a-8c0b-4842-a0c3-45f5d47108f8,"Amazing app, and create reel ,templates and post your stories in your own account...",5
8de71120-3714-4161-8033-1120d006afc0,Awesome app,5
e0e5f12e-257b-40e7-8bc1-9790e25c3451,This app is very good,4
ff65c289-496e-4ec0-9d30-b8f8db233a4a,Is app me switch kar ke chat ka reply nhi de sakte aap ko detecte reply dena huga this app is very very very very very very very very very very bed,1
2a000972-e6b6-41a6-9bc5-b2c61c31cf33,Skraoe Hahhzhx Ksjj,5
2f0d488c-841b-4d73-8fad-54274ca387b8,Owsome ✨,5
0d973fbb-6dda-4cea-84c8-4515b745359f,Bhai koibi dw mot kro Bhai bhot pagli ✅ hai or bhot cute bi hai or bhot chapri hai or bhot rindi or pagl he bhi mujhe nahi chahiye fw @mrsahidyt7..my id,3
790e7ed7-1510-428f-a163-b4b960c9d640,Goooood,5
e160edae-0795-4c42-b8fe-33fb7cb39eed,I like instagram this app was very nice 🙂 🖤🖤🖤🖤🖤🖤🤍🤍🤍🤍🤍🤍🤍🌸🌸🌸🌸🌸🌸🌸🌸🌸🌸🌸🌸🌸,5
75b7f058-3708-43fa-8202-b75c9fc3c294,ਪਾਲਾ ਰਾਮ,5
50aefeca-38e6-4056-982e-4cf21011a126,Super se bhi uper,5
b4b9197b-8a65-4556-82c4-60ced7359f5f,Bulok,1
562abb96-0f60-4431-a679-204b53bb8de0,instagram is very nice and interesting app,1
f673f320-4edf-44b0-abd9-311d7fba7c3e,Great platform we can share our ideas to our friends .I totally agrree to instegram's team .you have explored such a great application .,5
3c56fcd2-2c11-4b53-a972-0f1c567cd0e4,very expansive app....,5
5f167f00-a683-4633-b637-ae3cf912a269,❤️🧡💛💚💙💜🤎🖤🤍♥️💘💝💖💗💓💞💕💌💟❣️💔,5
018ef963-1e2b-45d3-a767-dd48bb4c5588,Instagram is a best app about everything is a good time post,5
551858e2-9a4a-45f0-bd59-a328de401504,It change me my opinion and i like this app very much,5
6d9f5e9f-2aba-4174-875c-2bc278b2f3c6,Unable to follow any account. What's the solution?,1
eb0bcf7f-dd40-46c8-a80c-0933e1ad3308,Nice,5
267228cf-c7a5-414e-8300-f6b103283873,Awesome,5
87b13011-fdf4-463d-8c05-1788032d74c9,😘🥰😍❤❤❤,5
3470116c-79ec-4dab-b4dc-e1cf2349a263,Wow,5
e811cdda-68df-4f31-9175-db8e0028fc1b,Nice aap,5
0c0f0b42-5e93-4d77-a3b6-fe810bb1a073,Kya ghatiya app hai koi bhi ladki reply hi Nahin Deti 😡😡😡.,5
85ae106b-b95d-48d9-9ef1-984898069ad9,Very very good app,5
327b1085-ef97-4feb-ae41-99daf1d56786,I like it 👍,5
d230b5db-0aca-40c0-b642-50b09f936f8f,Very very happy iam 😎😎,5
041850ab-1273-49e7-969a-8cd972dc7937,☺☺☺☺,5
b339bec0-150f-4d24-a553-217eaa2dc738,Good,5
5745331d-c96d-4b4b-8eb9-182a7534dc6c,Good,5
53d56f09-af2f-445f-84fb-eed7777ac001,👍nice,5
46f9a277-88bf-4f5b-a89b-6712875c3822,It helps to make new friends and whole updates helps me.. I liked it so much.. 🥰 And can make contacts after going away with our dear friends.. 💞 Now I feels if not available song in insta highlight could be updated.. It will be much better one.. 🤍,5
f90d3c59-0a1d-4442-9a28-eb5ca829defe,Very Bad application for The young Generation I have deleted this application from my device because this app is very Bad for human beings And making them more aggressive in their nature.,1
ebc5715f-9a8a-4445-8d1a-e4eab38345ec,Very nice 👍👍👍,5
26b55c79-b6c6-4d38-8868-ac188c7af3bd,This app tha best,3
34d90c2c-a4c5-4ba3-adfd-76aad1b9a585,Nyc app,5
3eab3bc2-04fc-4dc5-bc65-c24b4b4b5831,Mohan Gaikwad 2020,5
6c37448d-a1ed-44f1-a41f-a30eb11eafe2,Es de las apps que mejor funciona No falla,5
c0d356ea-c736-4043-b1f2-aafb954011c1,Very nice,5
974fb8b9-1346-4c2d-aabc-5d683127cdb7,great experience,5
be360539-7d66-46fd-a53f-286dd2603fed,Thik hai,5
3d544927-6997-4738-af52-89f5a09c93e5,Love it,4
aa50498b-ebb3-4ed2-ae44-a248cec6060f,Blah blah blah,1
2ed28e08-531e-4c33-adab-a5d5e201d4df,Amazing,5
55713348-89a0-44df-b6d7-d7e9c30e9b31,Super,5
60033436-ad91-4e94-9a80-3adc5e88e542,Ok,5
fb3d8208-d170-48ff-b28e-6b756d6d6da1,Instagram is best 👌🤩,5
fff41b12-565b-4a85-b426-96c7b91ca69f,I'm happy 😊,5
da2d5d3e-6df8-4e5e-b6ba-66e87ad486a2,not updated,1
6f4266f5-6b4d-4197-858d-80d4279c2f63,❤️😘😘❤️❤️😘❤️😘❤️😘😘😘❤️e😘😍🥰😍🥰,5
18526d02-0e56-457b-a009-80a07333af4e,Likely too much 💗,5
58b52a01-95a1-49cf-9887-df065afa3ff5,give me more followers,5
46fed3a2-b56e-452f-9139-4cf80587a6bd,⚜️✅,5
b463357b-47aa-4021-936d-f7d8d3c7e0ac,Jhakaasss,5
6916f3df-5a02-40dd-bad0-949ec797c11d,Good & beautiful app,5
532c25d1-20f6-49ba-a2ff-0c59dbca09b3,So good 😊💯,1
0b997721-224f-4259-9322-5641b081a4b9,Say goodbye to freedom of speech. Algorithm promotes more of the same. Zuckerberg sucks.,1
36dd94cc-47b6-4fd2-8165-1e39b49cc663,Just wow,5
56219b45-ebfa-462b-aa8c-07c19dc607fe,Nice,5
41390437-535b-4015-a330-f93b28b13bdc,Nice,5
dbd28775-224d-41c4-9b19-7ba7214b5687,update,4
c76c1030-9183-49b6-8401-566775dd6432,Nice 👍🙂,5
179c25c6-eefa-4bc4-8890-3b3fa2952337,My always fav aap 😘 insta,5
5f24d192-ada8-4073-8872-5d6fbeb81ed5,"Dear Instagram, direct message and old chats are unavailable in my account since 3 weeks please fix this bug",5
304b4e94-7eab-43a2-bd4c-66d8b3bf524c,Now it's good working update 😉,5
8c61fc0a-5b56-48e4-912b-b6f63031ffc6,very nice appl 👌👌👌👌👌👌👌👌👌👌👌👌👌👌👌👌👌👌👌,5
017052fb-c97c-4e91-af0f-65ccd4d649f8,Best app,5
c52ce3c9-724e-40b8-b687-f9f46d2b2f7a,"Hii instagram, I am facing problem in log in, because i just forgot my password and your forgot password insn't working. If anyone seeing this please give me some suggestion🙏🙏. Thank you.",4
0b689965-8734-4e70-b4a8-ac579b2d8a29,Nise,5
dd1e81b7-d922-41e1-8134-fd1bc1115983,Mast hai 😂,5
4cb4e1ee-9fe7-41ce-a92e-f2db10822b8a,Nice,1
67c59ea7-9d5c-4a40-89c3-07abaee225b6,Osm,5
c1abe6b2-6784-48a6-8966-6445f0340187,Insta is very nice it got nice reels,5
caaf2f54-21f3-46f3-99d4-152b37478cb6,🩶🩶🩶,5
e1bc89c7-ebb7-414a-93e0-f1492c9bd22f,Cool,5
81439556-d4bf-44e9-af70-ca50fb04c2e3,It's boring aap,1
9af21530-04b2-4523-ba73-bb43b508b96b,good one,5
63d59471-0fee-4da1-aa2b-6c778a75cde2,Nice,5
a268ddbc-53b3-435f-9ffc-2aa9b42fd58d,THE BEST APP❤️,5
c4b2fd0e-85ee-49e6-a932-5206ee424e07,Super duperapp,4
c8d0ec06-ad66-47cc-878d-7a19552e0d3e,It lags sometime but nice keep it up okaa♥️,4
074d409a-adde-4086-9850-f6a5a41652e0,Bad,5
48cc7bff-bbe3-4791-8208-ff4e6eee039d,Mera instagram refresh ni ho raha hy or na hi msg secti9n on ho ra hy,5
ad593e3e-2784-4ef9-9d6d-9e834d79723e,Super,1
84023b1e-6d13-499d-af83-b2e630c3f77c,"I am once again here to ask. Why have you broken another feature that worked? I cant even MUTE REELS? On top of you guys breaking the ability to send the right numbered slide on a post you guys just keep ruining this app by messing with features that didn't need messing with! Stop trying to change your UI and fix your community guidelines. There is no first amendment on your app, the bots you use to ban profiles and comments are NOT all accurate and then the appeals don't move for week",1
4c59c95a-a709-4892-a6f9-df4e384f8b6d,Love the app,5
2fb92583-2676-4ea6-92ca-bab41272ce8c,Bahut ghatiya aap hai Ladkiya dhoka de deti ha 😡😡😡,5
356ff423-2d3c-4ed4-b4ba-a37eb1924d48,Ko Ss kj sisndidnoc Jsidmvidkfiekfkdk🙄ky n ef djxdfjdjcifdndc oxidizing 💐fd e ju MSN dinc nhx🥹bd🫀dnx🥹🌹bank den riff hgt dubr🙄💐🙄torn DVD n😜bfif🙄💐jrbfhf🪐j💐brick GmbH she jcb DVD NDBs nd NDBs nd jcb Bandbe NDBs nd built g DVD vhf ndjdjdijsndj nb🙄r🙄jcb bg I disks kg of ja ga bol hai his no more jsjsmsjakaa bans ja bol ja kon javali m jsjsmsjakaa ndjdjdijsndj ness life jsjsnsksjanaianajajanss jsjsnsksjanaianajajanss,1
0fd14064-2c17-480e-a97c-0a19b9c3adbf,Nice app Butiful appa,5
e471c252-1e30-4699-adec-09528614d520,It's very good app. But use care fully,4
8177d234-d44d-4372-b4a7-f8085d044990,Best,5
d51f3345-d087-445b-b098-82f83fb0cdca,Awesome,5
42e1580d-ec7b-4c0d-82ae-c59bba49aff4,n .💞.p,5
4fde888c-17ce-4784-9a48-cba7d1231368,भक्ति के लिए अच्छा है,5
f919d083-8f64-4135-8414-c96c6161316a,when I need any help from Instagram provide it my experience with instagram is really very nice 👌🏻,5
dc2c23e8-5d47-4ed1-a5ef-acc8085b5670,Awesome,5
c16bcb37-9b16-456b-a328-b4a77d786e2c,Kuldeep rajput,5
ca457005-33f3-4db9-a7f8-591c57fa75f0,Super 🔥🔥,5
132d7026-19a0-4491-9116-974855f3d42a,Good,5
0cb6cebd-bffd-47cd-9802-d39703880e29,fast thing...this app is updated app 🎯,1
8a382989-800c-48f0-a3af-56ff569a13b1,Its good,5
437aa99e-7818-4c26-a31c-b64258b8195e,I cannot react on the reels sended by anyone i only can like so plss make any solution of this problem,1
22bc3d3c-7572-4ecf-9bc0-4280440d4b20,It's not working,1
46dbaaa2-ba71-4409-a453-fd197fc98fc2,❤❤❤❤❤,5
4e1a53eb-b355-42f0-bb31-17fe65142061,Awesome lazawab instagram your page,5
7b5a9a6f-8bf2-43ae-9af2-e6097a9ea543,Nice,5
cade48b2-1705-4e1e-bed5-614f2bfd5f29,Super,5
45087434-a2c2-48f6-a6b3-03ac90d9a757,"Horrible, everything is automated and low effort the moderating algorithm flags anything remotely funny and ruins the whole experience if I could give you negative stars stars I would, also the site is full of pornography and borderline protecting pedophiles not to mention how utterly unusable the UI is and how often the app just ruins everything AND somehow the entire thing takes up 1 gig of storage NOT TO MENTION that they steal your data on the norm",1
9a772339-c8d0-40d0-84ab-1fdae6cfd714,Very funny 🤣😂,5
ee374056-3fc3-4e74-a015-e40591780926,Love you instagaram,1
fcc0c834-3041-4d83-82ac-b8ae322f8fee,this is a good app,5
164d8d83-fff3-4dea-bc6d-6a0f4a43f677,Great,5
e7594d7c-78fc-4268-b221-97353162f5a8,2year,5
67e809cf-7a6b-4742-ad89-c79ff9a91458,I can't leave a note,1
ec95d891-9bec-4f46-86d2-a9a2336bfb46,Great response,5
7bd30bac-4309-4d43-8d04-d8ec75cbd275,Nice to improve,5
dedf70ae-63ab-41d0-8255-97ecc19618f1,Game me know if you need me udhar ja nahi Raha he is a good time to come by and look a bit of a ja nahi he is a very big to send you a picture when he gets off the bat kar le me samjha new one and he was like oh he was a little late today but I will be there at the same time I don't have a ja nahi Raha he is a good guy and I will be there at the same time I don't have a ja nahi Raha,5
1ecab8d1-42ce-4058-995c-4a7e22d010cc,🙂👍🏻,5
0bde68d5-5d32-4680-a3f2-9ad2a8247f12,Nice,5
12eae4ef-5ff4-4b10-8a2c-bcc41079ab26,อัพเดท (2 มิ.ย.) ฟิลเตอร์หน้าหายไป อัพเดทใหม่มีปัญหาทุกรอบ,5
2556b91b-9a2d-4ec5-b860-ce18376c7a72,Happy,5
f1ab318e-2102-4b5e-a391-fbb51ef0b7a1,Some restrictions and lack of control over my content bothers me,5
d0afdbfc-fcdd-4ca5-82d3-af3e249aba3b,I'm been trying to get into my account and it won't let me I've even tried doing the slefie and it won't let me and I have no idea what the code is SMH,1
78613fdb-c477-4c84-b575-a169e431dcd7,💀👍🏻,5
f778306d-eb29-4380-af8f-aaed39be305f,"I had an account for one year that I used regularly, it was suspended for no reason. I tried to make another one each time I have tried it kept getting suspended. I had been asked personal details such as my number or my picture to prove I am a real human. It's been 4 emails I tried to make an account with and the same scenario. This is beyond frustrating. Y'all collect all of our data, and barely give us a decent service.",1
9dbd3036-4f9d-4cbc-a5f1-165156618850,Filled with sponsorship which cover your homepage instead of the post from the people you follow. Very bad UI design. Shouldn't have removed comments sharing feature. Notes is completely unnecessary.,1
b7e32a4c-5013-4c89-ba1d-1e093c1d473e,It's ery nice,5
12274e94-c0d6-4528-9bb2-d1ac6c426241,"All are good, but the reel culture and excessive Options suffle are giving a worst experience with the aap.",4
fb14a664-3b9c-45f4-bea7-75039529ae03,Nice,5
c68ed41a-c15b-482f-b1e0-8bcc64dab8d4,Social media is social media uk,1
1daebcad-7140-489b-b471-ef24794769fb,Good app,5
2ab9da77-a1ea-4692-9a3e-f9e78f0ba879,💕,5
c076487e-b862-4219-a770-c5bc48f5e557,Good,4
6ef481a9-e7e6-48a2-b4cb-e3682e875027,Nice 👍🏻,5
0b831608-0c57-4e74-bc96-adf8b362e7f2,I want more future,5
102b2db7-ed91-4956-af8d-e219b8b37255,Not installed,5
fe889ed5-d73d-4310-b26d-5aaf9fb9810d,"the new update where you have to tick the ""let the mentions add this to their story"" is confusing and stupid, it creates a group chat everytime I tag multiple people at once. stupid update.",1
66475a1f-fef3-4724-b51e-8463dcf3e296,I should probably focus on my life instead of wasting time on this app,1
d7aca6e7-084b-419a-a6b6-633f750f2cac,Is butfil,5
79a1bb6f-fec3-4d1b-b619-a21316a9f367,Good 😊,5
d8f1e69b-7342-49d5-b7ef-10ba4ebcebbc,Very Good bro install in Instagram 👍👍 good app and working super bro 💪💯💯,5
495ccd93-1d6a-4b80-98c7-1eb7159d88f2,Very nice app for me,5
cd4c0b1e-1475-4177-b57d-9343cc2c4575,best app,3
d681f2a9-4f12-4e06-8166-334cca04d1f4,Nice entertaining app,3
9c0e34e8-1cba-4e09-b466-fe6df22f1e78,Fazian,5
471cbd24-f3f3-4f8e-83e0-3d41368068a7,Love the app but your ad breaks are so annoying it almost guarantees I'll never buy whatever product is being advertised,1
c7db23a2-3bb6-42c9-bfcf-792b01d64c70,"IG started telling me how many people I can follow or probably who...they don't allow full content of video that opposed the Biden family or Obama, in short meta fact checkers are running interference for the democratic party... AGAIN",2
60647e1d-af3c-4fde-9b33-a9af60dacf7e,Great,5
e2d68624-5d90-4a7b-ba15-1d05313695d2,Vikash,5
90690f7f-0b2a-48fa-889e-28af5167d70d,Super,5
c8bcc9d7-2219-4715-9ca7-122ae59d9248,nice work,5
80e7f75a-c28b-4256-af93-93801f135751,Extremely best performance,5
ec66ce10-cc58-4f67-a04b-cb09fa81744d,Excellent,5
5c33ad48-c279-4a73-89f6-e0d03b8ea4b1,Oh nice,5
32ff8992-4aa4-431d-aa91-4f479cd240ca,Kiya bolu main is app k bare main. Matlap bohot hi ghatiya app Hain a.🤬 Matlab 1 vi ladki nhi padti hai.,1
7ebafaab-cba7-465a-bcc1-10f7cb7e26b0,Ham ko ld mr Krish gupta hai hamko 5k follow chahai hai,2
7130380a-2a9f-4271-a7c4-c1e523f7405b,Please follow,5
fafc1d0d-97bf-4380-b81a-a014a93dedb6,Amazing app love it 💕,5
33a7491e-d844-44df-8210-20785aca9643,This aap very good,5
6c00172f-d763-4cc9-b7e9-2632a52faf9f,"Ye prr Miya Khalifa h or Jonny sinc bhi , crome latest version 2.0 🤣 download, fir bhi maat kro esko . 🙏",5
62ca1aba-2cb3-42f7-a8ac-b8ebd1979bb8,Very nice app so ido deport me the app,5
822cbd76-0544-44f4-9f95-06cd1664bedc,This app is really good but i can't able to unlike the reels and post which is liked by mistake,1
12b2f1f7-37db-4d10-b421-b27deaead31b,Shabu Shabnum,5
e3589c12-9e46-4bf1-aa9f-78d30fddf321,वाहियात या अशलीलाता बैन कर देना चाहिए भारत में इंस्टाग्राम को,1
21d4e531-1951-4b8e-b3b9-e71c60d1db4a,🤣😘🥰😍🥰🛕❤️🤣🥰😘🛕😘my love,4
8cff1575-502e-413e-8d65-1a7fe67a715d,"This was awesome app for enjoyment , Communication and relaxment.",5
af107151-94e0-4e29-ac12-b66b26e2f4f5,This app is amazing. I like this app more than other apps👏🏻👏🏻,4
7043562a-4451-4fdb-ba4d-d4669f6c13a0,😨😨😨😨,5
fc98b899-3db1-49f8-a979-6329c985c35c,Nice app ig?,5
babb762a-db03-40a8-a6dc-d0ff38c619e1,Nice app,5
15a234f2-d9cf-49df-a1f8-7bfca1a9eb05,الحمدالله جل جلاله آفرین,5
bcca39d2-dc47-4af0-a9fb-8c04bfac820d,Bohot bakwas app h ek bhi Ladki Follow nahi karti h,1
fa1e07da-0902-4c65-851a-2ecaacdf4973,"r,|wQawa 32@@222$$1,¥@",2
4b0bfbf0-cd6a-4757-9791-20e9fafb509f,It's such a fun app I really enjoy this app,5
9962d345-8673-462b-b9a0-14d0c1081ebd,Why don't you follow a description of him on Instagram?,5
9304257e-8704-4bec-88a4-20bb5e7e75f3,Best app for time pass,5
e1338a63-4097-42ea-bce8-ea8b8476a572,"Why i don't have a ""add to story"" and "" add to notes""? I need to reinstall it to have 🥲",1
1504f2ee-1a64-4472-b905-957dc999026d,Good,3
0c4e0814-0746-4eb8-9706-a48f27e3f6aa,Best app,2
72a7595d-e6e9-4706-be08-15f6c877711b,Ok,5
4eb4da91-18be-4229-9c35-01493f4d6621,This is too good 👍,4
09839686-111d-42c2-937f-700b6fdaac69,❤,5
1a459f99-ff51-4ed9-97a1-c561a7dc8dac,Ads and more ads,2
09e83552-8e00-47ba-b97f-986752ea4fee,Kya bakwas app hai koi insan nhi hai idhr don't install this app guy's 👍🏻,1
3073b061-cd35-42ac-ab78-e8ea52cf309a,Best app I have seen love this,5
685d6d0c-4a7b-498b-a8ea-cb97672b9a60,كويس جداً,5
04370fda-4cc0-454b-bcfd-9688ddf5873b,Kharya,1
2dcb7e9a-8ecb-4351-9302-9563617c7713,This app is awful and support genocide,1
e602fadc-184e-4cb0-a49a-4f4ec7977f61,Nice 👍,5
d5e55934-1901-4174-b59c-994bb6d2ef8f,Very bad slow,1
a9b93785-1b36-41d6-95b2-ceceafbddd2f,add an option to delete quick reactions from highlights in messages,1
f172a080-503e-4122-8710-62ee6229c5b9,"The app is so buggy, most of the times reels and just laggy and plays at 1 frame per minute, in addition when you exit the app audio keeps playing for some reason even if you turn the phone off, even worse the moderation is extremely bad as accounts that publicly share hard-core porn are not banned and if reported instagram has the audacity to tell you that there is nothing wrong with the profile I reported",1
436b317d-a001-4d84-9367-7142b377e981,❤️,5
e2bdab3b-60b6-4d7e-a073-646c2744d726,B a,4
65d76cc9-0927-491c-8f75-27ad9c34b8bd,"Not working properly active status,seens and some glitches",2
a7d1946d-d527-44ee-b1e5-c2b800c7a112,Badirulsk,1
1fd355ad-61cb-4be1-8399-6d5a39a7d69c,Good platform for sharing emotions,5
800b8fc0-6a1d-47e7-a51b-2abc4d098f1d,Good,5
120c0f2a-b7b5-46b4-902e-c131f47f9516,Nice app,5
77402dde-1488-47c7-af15-8043c7d87564,Love you,5
b361e929-4dbb-4470-9d81-42c09180ec2c,it's the best app ni play store,5
a071d8e8-df7b-4b82-963f-3d8e0427141e,Super,5
177e482c-2bd1-4fb3-bb91-a0fa8ea00ad4,I made no money from it and the algo is bad,1
a228d0b9-b62c-4f4c-ad8c-c7ab939798e5,Good 👍,5
92f04edf-02d9-4d79-8641-55da31ea0a83,FFRE FEE,5
a78b3368-dc90-469c-93b1-d8e71c47ba9c,Great,5
046af85e-f952-4477-9c4e-be9e4c8773bc,Nice 👍🏻👍🏻,5
6b5039dc-ad21-42b8-b709-40aa21fec723,Bhie es ka bina to ma ra he nhie sakta ho,5
68c1f322-1fde-4bdf-9fc9-d7278f2f42cd,Amazing how to get the name of your,5
074bf28b-78b9-44c5-adee-fe92f7289be3,It is very good and nice app but not working properly asking for feedback,1
afdf930b-8b14-4980-ae75-46bf79ebbd10,Nice app😊😊😊,5
4c755d7c-4d95-467e-a4e4-2813ecdbece9,നോ,5
95ac2e94-3fa9-48dc-bd2a-e465cb28364e,Nice app,5
708f4acb-e716-49a9-9636-fd2627932109,Exceptional 5/5 rating,5
6bf13052-5cf0-46fa-8b2f-1f133133e1ba,Best 👌 check,5
2fc4141a-1bcc-446d-8f6d-a7c3aefe7579,Veery good,5
62dd5089-cdd3-46ce-8785-9d931ecff86e,Good,5
194d83fa-a56e-4567-a5bf-c602d334962e,I give 1 rating because it's my choice 😁😁,1
a71993de-e239-47e1-ad79-d9eeee1d7099,Very stupid app,1
e5a48799-4446-4cfe-ab4d-e55966ea2aaf,. ؟-,5
68149967-b629-40d1-85ea-655565126a28,❤️❤️,5
f85ef061-9689-41d6-81d4-fdead9ab7f06,Amit,4
c8d36dda-deec-4606-b3a5-429aaeece075,Fab,5
8fe70658-3647-4782-a23b-bde3a8465dea,It's been more than 2 months still I don't get any option for reply or react and I've repoted it several times as well but nothing changed there is no action towards itt...,4
bab7e73b-8424-4e82-8cd3-933b292467c1,Very nice 👍👍🙂👍👍 🙏,5
8b6969ee-5685-4f07-814b-dfea16b134de,Mera ide pe followers bardao please let me 🎁,5
3803f22e-b037-46e3-8394-9bc6d3081dd2,Vry gud,5
87fad2b7-7421-4766-a134-306065128a95,🥰🥰🥰🥰✌️✌️,5
fd0b27a5-2c6e-41c8-b3c1-d87551d8ba34,Thank,5
01b79e43-e8de-4b0c-8768-ff01724a19ae,Randa app,1
6062e5d8-969f-4619-a0dd-56388a3e693a,😘😘😘😘,5
d21225df-3235-497c-82d4-d13abb862975,✌️✌️❤️,4
d4063d86-27f2-4c74-8fdf-0f225042229d,Good,5
379d304c-abc9-4f59-9a1d-83f31a489558,😘😘😘😘😘,5
b18b0fa2-a4b1-4d3a-b5b4-3bf4ea5c96ba,This app is really amazing and refresh actually I thought it understands our feelings and according our mood it shows relatable reels it is fun and also helpfull sometimes thanks,5
247cc1c1-2f03-497d-bb33-d8c767dc5db5,Really don't,5
9d29fa71-b99d-43a8-a53a-1ca37fe104ae,My another id is not working,1
c66e07fe-adad-4d62-a0e6-3af1c56ead6d,Best my I'd 1month and 1.2k followers really best app,5
3ca5f65a-9fc4-4523-bd17-a2d84c65b1e3,Sister best Instagram 🙂🤫,5
d80ad7d3-7ee8-493c-9e4f-d785e6e1a1f3,Very nice,5
7b45d138-45a0-4747-ad89-588fb520e23d,Sherrrr 🦁,5
ecf211b9-ae1d-4637-9022-b1cc03855fda,Instagram open nii ho raha back ho jata hai,1
eaafb961-4d46-4457-9d4e-c992f6ed07ce,💫✨,5
d9a68c99-7358-4e94-b1be-be415be04572,👥,5
876e69fe-5bd6-49bc-acb6-4680fbc189c1,Radh,3
672d8cb1-1487-45d6-83bd-96631580952c,i likw Instagram,5
6baec9ff-2d69-436e-bf16-438c355efca6,Op,5
855b547b-46da-498b-ba7a-44c7135b7d1c,Hi How,5
80ffddab-414b-48fc-975a-172682efeb7d,Good app,4
a6bcfdd7-cd32-4d8e-b9e7-c2230b30182c,Worst aapppp 🤡🤡🙏🙏🙏,1
688e9e72-9e7d-4385-a491-434ba49cb287,My insta not updated why,1
038402e0-f0ad-46f5-9bc2-2e39cb8b2996,👍 👍👍👍👍,5
2e689468-41a4-4486-a634-43b12a6966bf,Yaar isme koi ladki nahi pat rahi hai nahi baat karti hai block kar diya block ka option hatao,2
5cad325c-e6d5-4f00-b3c3-4fe4e41d9271,Intrusting and useful,5
58778350-2a54-458b-8989-238e47231351,Very good 👍,5
9027ea8d-b702-471b-85c2-d16d892a47cd,Bad app,1
1b0c09ac-a606-43c3-af8d-3ddd3ff2983a,Majedar app hai sab log download kro,5
3e2ba0af-4b54-4c9a-8a73-d560a35c9f63,Ites ver use full,5
21c6e2e8-1bad-4a0e-b450-ee2b00f34137,There are many bugs in Instagram like reel pause button doesn't work on my Phone.,2
bbc5df93-d6a9-4269-aa33-a33579be8e0e,Eimway bantai fan page,5
720f47b6-4453-4c4e-ab9c-d4b3cc98d2a6,Nice,3
4abc271d-f2db-433a-867c-5b9ead4efac1,Worst ever app 🤡,1
fbd13685-487a-456a-8443-22c128ed2e18,This app fantastic,5
b07c170c-c01a-474e-bb9c-9a410d9059be,Very exellent,5
3cefbc8f-b785-475d-9453-1e73f7e64a44,Mfs got me addicted to this shi and now I can't focus on anything 😭,1
bb0a5fef-2904-41b3-b10c-1c562df53d41,Good work,5
83b3b31d-8b4b-44fb-88af-d0d40e495230,Good,5
ecff13fd-c7b2-48aa-aa03-9928127c1cd1,I reported a problem then after two days also that before has not been solved...reels are not showing on my I'd it's saying something went wrong and I reported a problem still it's showing its... Worst thing ever,2
8f53811f-ae32-479a-894a-15c1a190b772,Sukhjitsingh,5
1d66d922-06dc-4e41-982e-6f044613abad,Bhai aapne man ke baat ka reel dal deta hai Love you bro,5
8fd8a873-c74b-4248-89ac-815f6bca8c5b,This app is very perfect and it doesn't disappoint,5
66e39d6c-3a85-43e6-8af7-6c6f65976a7a,Wowww,5
127606ec-1169-4369-8c84-af09b620a2af,i love this♥️😍,5
df61ce4f-1997-4f7c-bba8-651c11b750cc,Excellent app 💯,5
a40d2e52-ab62-4761-aa77-a900f03299cf,Excellent,5
685fc3e4-eb9d-4a62-9236-6094e427dc89,Too much great I meet my friend I no the game for biology to mountain,5
48c7a56c-85d3-4d96-90f3-3a604b329b80,Instagram tream my account id mdmoinali has been suspense please unban my account un band my account help me,1
25509d02-35cb-4b8c-a32f-780ff03b4512,Thats not for kids sorry I can't get through the way you want it will you get the best day to work out where to find the way out and potato waffles with cheese in this one and I have to be at work tomorrow at 6 for you look forward and there will take me on Friday so will do the best in this game to see how it feels better today so,2
07d63851-f1a6-40f8-a813-5e2ef30cd290,good,5
ed79b214-d762-4bed-9ace-2d9882014462,Good app,1
64d8ccdf-8b09-4b1d-95c6-9e6c711091c2,Nice for intertenment,4
ac6f8a37-e294-4c4f-8029-b3bd6cc38adf,Jaan de denge Instagram ki,1
5e3e49f1-1f40-4596-9509-3056537fbbfc,Best app but show my page to all,5
f0ad61bf-aa3e-449d-8a0c-1122459b52dc,নাইস,5
4bcacf5b-14c8-45ab-83ae-9528d82b7540,Hi Instagram I would like to inform that I have downloaded this app and now I was logging in my accout but it is not working idk why I am putting correct password and id plssss check on it I am getting frustrated pls,3
f31d97c9-fddf-42ad-a39a-79f46e828c35,Not so perfect for Android user. But iPhone very smooth,3
436938b2-5f56-4deb-9396-aad06d4e5d39,Good 👍,5
534e4be7-f7d4-4876-bdc7-4c5d5623bc3e,Nice 😋,1
3285ef2f-83b9-4b0c-a3cd-c91afecb6d20,I love insta💕♥️ u can easily make a account also u can find people 💕 make private and public account 🥴,5
dd629b3b-a1a6-4ab1-8f38-f8fc64ad6bae,morikhatun,2
a9fe4ded-c3ee-4034-a6ec-a6ef6b09c659,Nice,5
2ee63296-a612-4427-9465-1ed550e4daed,Wow,5
b3b86724-9f3e-41e4-9fad-512c614c6d8d,Very nice 👍,5
b6175018-ccbc-405a-80f0-6cc021296b77,Nice,5
06aebc22-efd4-4ea4-a8c1-4e03b5a77340,Nice experience,5
0e0faf11-4e16-42fa-8701-d18307f38a61,Very good,5
f46dee2d-0223-4b74-a4f7-7b3c13b99e62,Meri id follow kar lo akuldeep,5
e80e22ee-3d32-42f7-8755-503676f1f70b,Eswar.m,5
4dda51d3-788a-45dd-8485-028ceef5b45e,Ravi yadav i,1
ef3a8ab5-c0d9-4510-8668-5aade86c037c,Instagram is a very care full supported aap .some people this aap by helping for life time change........ 😵‍💫😁,5
188b2164-94d5-46b4-9ce1-93abc649fc28,Super,4
6ddc6b2a-297a-4494-988c-466eb8d94751,🤍,5
40b87313-871c-4eef-b092-959dd2510c8b,Good,5
f375f8a8-aaf1-42c9-8174-0ad02f36903a,Its usability and simplicity are awesome,5
4659bb74-ce22-419b-afbe-b415e60f66e2,Terrible,1
1fef85c4-8fc8-4b03-9c9c-62d51c5ce3aa,Mera follower badaha do,1
5f82bac4-b63b-4940-9f8f-bc6cc1faf3e4,Wonderful app,5
006fdbba-db9f-44a0-9341-de4c819aac36,Very good. Learning is process,3
338c8f37-7ec7-4f48-b9a9-cb2e891de9de,Super,5
d5e2542e-d07d-4ee6-af22-78e1107e39a0,Nice insta...,5
da74c767-e5da-4cad-9d01-9daaef170db8,so great..and good.. its perfect,5
60b118ad-80d4-47ef-856f-aff9bac8b24e,Awesome 😎,5
584fac1d-99d0-458d-ae88-d63f4b314e17,Meh,1
e806e72f-3aab-4445-858f-48e39f1792e4,good luck,2
44b657cc-62a5-4904-a67e-a81b798b9cf3,i like this app,5
c5d85bd8-d779-4b07-bd6b-3013e733c7d1,so amazing to use,5
7839fb56-f11d-4dc3-a725-3eaba0fac238,Love it,5
1070a334-9b76-4638-9dbd-9c7ad18e0f26,The best app,5
e073dc68-1ba8-46d6-a4e0-1ff3459cfd96,Best app,5
9a6a0ecb-1640-4bfd-b6f0-2ab967d8668b,Nice 👍,5
06bf503e-ac9b-41a4-a04c-518d81590760,Very best experience but one problem my reels in not trending Instagram service plj support me and give me one chance ( I can do it ),5
a8b2ba04-b4bc-4118-a042-04f36abcc223,It's much better than ordinary apps,5
87623ef4-6a53-4021-9b02-b5fd092ad827,Op🥰🥰🥰,1
ee8e7e3e-8afe-4ab3-a525-e69258b8a0f7,When I open Instagram my phone getting restart why ?,3
4ce4ec12-573f-49a5-b4a0-a2a0dbf7e301,Good,5
ef9c4003-bb08-4329-af5c-1495a21b726e,Koi ladki hi nhi pat rahi hai kitna khrab app hai 😡😡,5
7d1dc5b2-87b6-46ec-a9c0-24586f0c93a2,VVIP,4
73b688c9-7d97-43fd-a8df-114561811ff2,W i met the loml on this app W fr no cap ong,5
35f6e1d7-3c02-4f15-9918-dccb112816c7,Mast,5
6b00c455-7235-409f-98d5-52f47a2eaaee,Endless app,1
c3413700-4cab-4d56-a4c5-7f84d000a5d6,So sexy Instagram,1
57a71d25-77f7-41af-b92b-fe56c388517d,Manjitt_v12. This my id please 🥺🙏 follow me 🥺😘❣️,5
73cc1542-7adb-4d3f-9914-4899a7a65465,Very nice,5
de43ae07-fc5e-434c-9297-ddd73aa22a89,I love it 😍,5
6a6f3125-faa1-43ab-8398-a8aa00c179c6,Nice app to meet new friends,5
53df9b8c-fbc4-4163-928f-c51bb341195f,Chiiiiiiiiiiii,1
dbd7cefc-1de9-4025-a8c9-fe7734814fe1,nice beauitiful and usefull app. I can give this 5 stars.great work.I am recommend this app.,5
77996453-3a14-44c4-8539-77b4d9874ce0,very nice app,5
50e7c4bf-daf6-4850-9ab4-88b2c4efc52f,Achha,5
3eb56f25-c29c-4c66-b115-2280a128db7b,Sky Sports Surya Kumar 360,5
f2c2cab2-23cb-4608-bc6b-1c532c99dce2,Please support my channel 🙏🙏🙏😭 beautiful Instagram 💕💖,5
084a02af-95d9-4cf5-8286-375e898fe080,Acha platform he par men use nahi karta,5
0467a02d-5f57-42eb-91ef-84bc58b17f9c,lnstagrm,5
512dd6b0-bd18-429d-90f9-8791986f431c,My experience nice but one reel after new reel After 5 second start plz,5
05537eb9-528f-4b34-a64d-0b0c7b42cf01,Instagram is fantastic social media platform 👌👌,5
c1a32549-a6f2-4612-b86a-a746d83871d6,I love instagram,5
b1326339-d159-4fff-bd70-d47bc19b129a,Great,5
9f3da76a-1fcf-4cf0-9ab6-1d025e35ee58,Beautiful app and so enjoy the time ...🧿🥰,5
b1b9fd36-74b3-4dc1-a277-0660ef45341c,It's a beautiful social media app 😊,5
45a5d12e-e9fd-4496-9055-b830eed735b2,Superb,5
17ee9f3f-5111-45db-a35e-a3e89bd25d04,👍,5
01bac639-34de-4963-ba43-0592b896872c,Kot ekan,5
2ad1833d-a9ff-419f-b630-f7de886d72f3,Very nice,5
02392ad7-d86e-4857-963f-c4ec4ae4cfbf,Very good experience,5
033bd91b-279c-4f6f-a91b-995432827703,Love this app...Absolutely amazing 💟,4
08875ab9-b6f4-4e32-ad9c-5f94cdf529cd,Best,5
fbf0e404-e437-4aa2-9ba3-6b0d4934a980,Love this app,4
9a78fd86-321d-4c03-b8da-127b07d447ce,💗💗💗💗,5
e2a1e865-146b-4361-9050-94afdca3e819,Instagram is not abling to download please check it more thn 10 tyms I hav downloaded but no use,1
ba644834-a659-462d-8c86-6b6a6622e3fb,This is my favourite app because I can see my favourite actor by this app,5
62f41309-44a2-4735-8876-de2e42f7c8c6,Good,5
422abc32-f17f-4eae-8923-654842b081f1,गौरव कुमार चौधरी नवादा जिला,5
29ada742-0faa-4954-b72e-5a42fa5553e1,Very nice social media 👌,5
87063101-be33-4b11-9b90-d309877c885c,Gaurav,5
555fed24-125c-49de-8bae-ac3fc6260a6c,Very good experience,5
6b552ddf-f964-434e-b93d-2297e63f7734,Nice 👍,5
8cfd71d6-7d6a-41fd-9e7a-29cc63aa2417,👍👍,4
16e5bd12-c1c0-4875-a22b-a27db11f7df7,Nice,5
892fb0b9-59a4-42b4-ba14-476daf242543,Can't login my Instagram Account in Instagram Application. I can login in chrome but not in Application. Please Help me,4
3798bdd0-b867-4be1-b959-2ddbb5702cf9,Hi! it is very good program thank you everybody🤗,5
3adadbf2-09f2-4230-b6de-4b32655ac03d,iPhone me download nhi ho rha bhai,1
8c55583e-87d8-4c72-8688-64e4893468d5,Love you 😍 💗 💓 💛,5
97ce14cf-3da6-492b-a304-b5fc2dbfa6e0,Bahut mast,1
9dba0472-f699-4542-9d8b-8b5857cf7a16,👑👑👑👑👑👑👑👑👑👑,5
3f2e2bb1-c277-4326-b913-05eae0d0960d,tuper,5
245c86be-f55b-47e8-9c61-01df7efd722c,My Instagram is not open plz help me My Instagram nor working Plz help me,5
da4782f5-22c1-44a9-a733-33ede1468c64,"Kinda cool I recommend this, there's alot of reels",4
cef9001e-4a82-408e-ba49-a3ace02f8b43,Siv Raj,5
8e13c68b-b672-42ff-88a6-b2cc501843f6,Nice,5
ddc30040-24e7-4bbe-a77c-a6507b0582fc,Awesome,5
d8fb2430-8638-45d1-a76d-3b0f8d443286,Good app,5
0f584864-d99d-4ac1-9aca-0c8c2f42d71d,i don't get my messages on time,2
409cb80a-c451-46ce-8d87-639351c3b501,Nice,5
4818041d-55eb-4dcd-bdf6-c6b4751e5c2e,Nice 👍,5
f2c8ebdc-1966-416b-a001-1db4d1dca645,Good,5
14fa2888-6e67-48b0-bd3b-f54e3657ed26,It's a very bad program and is always commented on negatively adly and always,1
aa6fe840-607b-46ed-839a-5096a52a5ee6,The bestest app ever! ✨💞,5
39eb0278-4b21-4860-8f1e-df7ea3485c6b,I'm so happy 😁😁,5
bb411b8b-e4f7-41cd-9514-91a1b7aee1da,Excellent 🥰👌,5
785a9fa6-de19-476e-90da-7bac3dd10701,Could not be a less well-developed and maintained app. How embarrassing that a platform run by one of the biggest tech giants in the WORLD can't even maintain a functioning app. Absolute joke.,1
2ffd184e-9102-4c1b-b5fe-bbfcee56b755,Good app,5
b933876b-5f0d-454c-8283-da0a8dd73a5f,Yas yassssß,5
03953aa6-d645-4ca8-80e0-fb87d5be6f5c,Usman Daef,4
36df2b69-7bec-44d7-8529-2ac1a85de056,Superrrrrrrr,5
a7418455-613a-4832-a8d1-a4c59a9272ab,Well maza araha h 😃,5
493dcedf-6108-4b89-8222-8d481a3d12c2,ragul,5
e012e9d8-10f9-4001-8de3-9460fb6a90f4,Fun and interesting,5
69d313f1-bd39-405c-85cc-18497540d034,It's great app,5
ff58e272-c98f-42bf-b308-d8e635206aef,I love Instagram,5
8b61a9c5-9a37-40fb-a242-29fca7e79e6c,Apps is good for technical use but it is showing me unecessary reels and mostly 18+ it may lead to wrong things ❌🚫.. Be careful youth...,1
a08f5b99-ba7a-423c-b5bf-6235deea8d35,You should make it have filters for all phones,3
afc3f806-80ee-4985-bf63-4c384e928502,Awesome 🥰,5
05441c76-6ec2-46ab-836f-36d4e1b31a5b,Nice app,5
9cc41a87-92a1-4b60-a0d5-3df50b3f031b,"Nonsense, just bcuz I commented ""sent dm please check"", you blocked my account. Meta you need to work hard to fix your algorithms, why and when to block account is big bug in app. No way to contact human for support. All automatic, which is not working properly. Pure nonsense.",1
ee8831d0-b2d0-49e1-939e-ca2ce3b69965,"একদমই বাজে হয়ে গেছ এখন এটা, আগে ভালো ছিল। এখন ভিডিও করার পরে ভিডিওতে ইফেক্ট দেওয়া যায় না, ভিডিও ডারফে সেভকরে রাখলে অডিও চলে যায়,। কখনো দুবার করে অডিও আসে ভিডিও করার পর, আরো অনেক সমস্যা আছে ইন্সট্রাগামে এইগুলো জলদি ঠিক করলে ভালো হয়।",1
f9cb184c-cb29-4ea3-95f0-375c377cbc0d,I LIKE THIS APP SO MUCH,5
d02da092-a634-4aaa-9a48-fc88ebc0519f,😎😎😎🥰,4
eff0eb81-67ec-47ba-96b9-7a4ee2ded281,this is so helpful aap,5
48f0b7c6-e765-4bc5-a4b2-89637bdde9c6,Best app to social media,4
22e11346-1067-454f-891f-e4b61ff8c962,nice ap,5
3bb65ea1-4bfd-476c-a77f-84c425060601,Great,5
15dc92f2-15d3-42fc-a12b-9da5b4732400,Loveeeee,5
3abbb0a3-9639-4623-814d-82b1c222a523,Update both leta hai Instagram,3
a7c1bd71-89ad-4ded-b51b-aebf9eb67d28,Has the best videos 🤗🤗🤗🤗🤗,5
166ceaa9-865c-459a-95d4-1442b3fa848e,Santroo and Kumar,1
0aaaf685-5d1e-4118-a977-7290487f9a19,WORST APP EVEN CANT EVEN CREAT A NEW ACCOUT,1
df11a839-a6b0-4588-9153-75980d1efcc0,Op,5
6daa78e0-9749-48b6-90ef-aff717cc4ca2,my account got suspended for no reasonnn!!!!!!,1
20093adf-0cc2-40bb-ad0f-4d317575ff68,لم اتلقى رسائل من انستغرام لفتح حسابي,1
d33b8ac6-c0f2-458a-a1c1-1a94b8116b74,❤️❤️❤️,5
863d1675-4ff3-494f-b665-55095c328d40,Ghatiya app iske wajah se mind divert ho jata hai pdhai pe dhyan nhi rehta,1
41b04aee-308f-4926-9c86-0808bb312db3,Nice,5
cc414700-c46b-4f78-af08-67a650e0b02b,Good 👍,5
2e58ea02-d774-4df0-a1c2-aac92f2fe6c7,Good,5
9726b986-68d9-45e9-a2be-b78e022411ff,Such a great app.. Provides a lot opportunities to meet new people and communicate with your own,5
0932f7da-97b2-477a-8404-8859f54db4d7,Very nice,5
be011009-441f-482f-b72d-b46decf7be70,Nice,5
1a5923ed-768e-4174-a3d3-1f3b4a840084,Very dangerous,5
ec86c1be-76f6-42cc-ad93-4eca78644d12,Excellent,5
ce81e884-30ae-4957-939f-14a9e8624332,Make my insta gram as normal insta gram please,1
ecb5ad95-d76c-4e15-8e34-f5e64d2b6073,Bikash,5
7fbf5f53-6254-479e-b6df-e63793f83681,Um... App is good not nice 💩💩,5
5582b024-3e95-4729-8483-2386a81ea4f0,Zameer Ahmad,5
c95bcf36-31c0-4c2b-95a6-cf59237e09fd,Really a wonderful app...❤️‍🩹🦋 Highly recommended.. and thnx fr thz best experience..🥰,5
e9400134-c495-4a8c-8b15-bfde7aba3d74,I loved it i made alot of friend but they all hide there identyty idk why more entertaning i used to love it,5
638523ad-bd05-4783-9dac-80f34c9befa2,10000000000 follow,5
5286a683-d931-4cb6-b3fa-b64d65c14982,Very nice,5
1cfbd8ec-f3b5-47ba-9267-52990e3ee0da,Hello insta I have more than 500 followers but my video is getting only 100-200 views please solve this problem as soon as possible,1
b6552517-9c02-4ec8-8cc9-7d6338f49cfa,"ok ""OFFFENDED QUACK""",5
d6a833f7-144e-4482-af56-00bed1d3611d,Good,5
5ea43364-c86c-4c6c-96ef-ed072b5f4725,"lately Instagram is really buggy. My stories are always stuck with the message 'waiting for connection' it's so frustrating. Reinstalling, force stop etc doesn't resolve it. There are so many queries on Google about this issue.",3
42b70d1c-7c87-4998-bb17-641c9d8e6b9c,Very nice,5
7b49897c-3cc5-4f89-99e3-0b11ae7797f4,It's great and fun,5
48b924e7-805e-4a42-97fe-1654043afd94,Instagram is in the best feature and so highly performance,4
ab2b3b0f-abc4-4fde-bef6-cc6f85c3d553,Excellent 👍❤️,5
2bcd6a4a-3905-482d-8c7b-e474869da34c,𝚁𝚎𝚜𝚑𝚖𝚊 𝚔𝚊𝚗har,5
4448d908-f436-4bbe-aad6-c2ea7fdad7bb,l love you,5
7c79f765-8dee-46e1-80ef-7450a5bd442f,Best Instagram,5
91797dc7-42eb-4963-9a38-12dbb0af6586,A❤️❤️,5
6b08f267-6353-410a-9cba-31ed367e530f,Supper,4
f29e23e3-b32c-434d-bc64-0cb8f44945ba,Nice,5
5a4dd3c4-4def-4747-9d05-33d1492fe62f,Too much lag,1
52ce5981-d49f-4668-8cb1-1d5362864993,So nice,5
bd765cc5-88fe-4152-ae48-8906f7bc115c,Good 👍🏻😊,5
224f2571-f5f0-42d4-a47d-e0e94b0bf912,Not supportive once out of android nor a device while coming back is hectic,1
775a0217-2941-44ac-b0ed-e86911cbc456,The Best App,5
150f0db3-9840-459a-9dbd-f649478658e4,Is a good,5
2e750aed-9fdf-4a0d-a19c-aa7551b40c9c,Very impressive and peaceful ✌,5
5cfd748b-9d1c-49d8-8f0e-7a714e6d6713,Gud app but kuch time se proper work nhi kr rha hai views are not coming I Don't know why 😐,5
be36e0e4-f724-432c-a058-6102a216c8b0,Very nice,5
3f0f39b5-cb1a-473a-95f7-7c205a48a162,It is a very useful app☺timepass acha hota hai isme😆😂,5
13da5907-f43a-4707-a079-111363ec8090,Good,5
e153f032-cd35-4705-b3b8-a0f7d4aece62,Very good,5
f3711d68-cd28-4587-b0e3-d728fa605d7e,All is great but there is one thing disturbing me. If i follow many people it says Limit of following people. It's not a good thing yet! Btw it's not real. It's lagging! When you have alot of accounts it doesn't let you follow many people. But other things is okay. Let's see if you fix it,3
09b1861b-625e-4e50-8aa0-f4f1c394bcfa,Nice,5
ebc617c8-8816-4c2a-841a-331481073c40,hduus,4
1e856dab-7a2b-42a6-ac77-f66f56e4f3a5,Nice,5
e2fb4591-a7f5-4319-90ec-f5a8a48f7d08,Good,5
222066af-519a-4310-8de0-91d33add5328,Nice,5
e0ac0afb-0fb6-4574-95f6-aeede09b51a5,தமிலன்டா🤣,5
bb86a967-0f6b-42fb-b25b-6fda1bbf5daa,Instagram is bast,5
4d822ee6-1303-4070-ab14-5ffe34ab62da,V.Good bro,5
5ff5add6-ec3a-4849-abf7-0b5154268cfe,Just love it 😀 😍,5
2e78a412-73a2-48fb-805f-72e3137eb604,King Khan,5
4e9c82ce-bcb3-4372-8263-68c4c3d45bf0,Good platform,5
8f1c0638-6f70-49a2-a459-5ccbe8d59389,"There's some glitch on this app, whenever I'm going through stories, the app gets hanged or when click on a particular reel to watch, it takes me to some totally other reel. Fix the glitch please. It's very annoying to close the app and go back to it again for its smooth functioning. The highlights are not showing, the app is working too slow. So annoyingggggg😭😭😭😭",1
c5272935-0a6c-4108-a43b-d27e1debd814,It's the best,5
968256fe-d461-4b98-a671-f064568f9b6f,Amaan,5
3bed0d6e-4964-4284-af81-0b83d019895b,I love instagram because Instagram is very helpful,5
ebbc0bab-c8d7-4c0d-955f-be7ba72b29c1,Ffantastic,5
c9574b2b-7c66-437b-b526-2c4d4a512a31,Good,5
b1d28f67-97cf-432b-8ab1-73091fed8d38,Are sabko following karne doo na,5
9ca4ee5a-19d5-415c-b09e-b65d79358173,Can you give theme for Instagram,5
cdab513d-8952-4aed-a821-4bdafaea21ee,👍🏻,5
f8a9e786-6fa0-413c-b5a6-e3e277531aa0,"The ad break is terrible, it makes me not use the app",1
21fdfac1-a19c-47e7-8e31-91ba884385f9,Instagram and Facebook page of Google Yahoo Bing for multiple search phrases keywords you Dost Have been a long time I have to check the status on the status,4
78e20aa6-9b43-446d-a170-cbb891936998,Nice👍👍👍👍👍👍❤❤❤❤❤💝💝💝,5
751fd43b-b72e-4f20-8fbc-c642962818f0,Whyy note option is not shown in my account??,5
fade4c14-d8ad-4621-866f-4bd358021048,Good,5
3af9fcb2-8702-4005-9293-c29954fd7796,Excellent,5
a4ec8596-ea06-4abc-8e48-970948922437,🥰 i love u Instagram,1
cc2814da-b940-4799-8445-5b6fcfedea72,1k follower,4
aebf5eef-8127-415b-946a-ddb320e28c49,Useless app 😭😔 all time new instruction,1
70500d09-33e2-4ad3-a193-2e0a16b68d05,Its amazing😀😀,4
be5eb9dc-cea4-41ab-b177-fcc93bc34a1d,Nice apk 👏🏻,5
3654415b-0ba5-4e1a-92e9-8d723ae1230c,Nice work,5
4ac5e9c3-96dd-4bee-ba16-333381f66682,It is having a lot of glitches now a days in insta idk why this is happening i hope u look onto this matter,5
8871254e-f09b-4829-9ff3-a23115c34814,I don't want suggestions in my feed!,1
042e2463-e827-4e57-8569-ae16f03a9b97,👌👌👌👌👌,5
c02e7a61-2792-4607-b458-cb0a103524f6,Excellent,5
69efeff0-07df-4b54-9888-056fc0f161ae,Op aap bhai chara on top,5
dd327492-be7b-4e7e-b777-3b9fe59eab94,My reels pls viral kardo,5
6ba48fc1-8da5-477e-934c-4600b871a148,Good,2
144332a8-e561-499a-8e40-31a0a928e37a,This app is so good,5
c0e3a744-5bd9-494f-889f-6f8d639f1bcd,best,5
0f4df151-4def-4db5-80f2-425bb2c50a11,Keya Payel Ke,5
8fa7dc5f-6cc4-4be2-ab32-a4bd153f510d,Good blans to you,5
89a2fb68-6be7-405d-975c-3f86aeb9b5b2,Always shadow banning cool accounts but yet drug dealers and naked broads are ok.,1
1efbfbc6-39fb-4415-bd0c-55ea62b467b9,Nice stress buster. ..😍,5
c4d0e927-78d7-45e5-a882-d47dfd34ecdb,great shooting ❤️🌹,5
03baf9e5-6125-42f2-b5d2-c400d2f6f222,Follow ny karat kon.. 🥹,5
10a67714-3e1a-4c65-aff8-586899bf1dae,Garet🥰🥰🥰,5
ff4f7cb8-7c56-47ee-b71e-2dd52d00ddfe,petition for a repost button on ig please.,1
af2fb9c5-b70b-48f1-a9b5-0fb788372d41,Very nice ap,5
0aa4ebb0-c20b-4001-8c30-abfc36ec8399,Very nice aap,5
16b521b8-db1a-41e5-9af2-03b1975453ac,Good,5
3e44ac9b-5c74-49ff-bac9-8d832b8424c0,Good,5
cfe271fb-172f-420a-8227-123060294c30,High school and I have a great day happy birthday party and I'm still here I come over and over here for the rest is the best👍💯👍💯 friend is it possible for the rest💤 is it possible to the next day happy😊 birthday🎂 is the most beautiful I don't have a great👏👏👏👏 time⌚ I don't know I don't I I I I i was a good time with you and I'm not sure what to say that I have to go to work on my phone is the only one who can be done with me on your day is it possible🙊 to be in my head to get a new,5
acfbe1da-e9dd-425a-ae08-9981eee0b830,Very good app 👍,5
15e5ee6c-9c76-415f-8b95-c19b7cd35e60,EXCELLENT 🎉🥳🎉💯,5
85b6e543-2cfa-4ebe-a68f-2e88b6a542f4,WHY WITH THE LIKES LIMITS!!??!?!?,1
3dd61cf6-a18d-4a13-bfeb-26541e77a933,Hassan gazi,5
848bdf85-791c-4b4f-ac29-8e572c335423,Its too good,5
b9706a41-4845-42c5-92c3-b3d26a8390e3,This is a good app very beautiful 😘,2
25f5546a-07bc-45af-8802-0f349c7d103b,", A,<wett I m a kk.km awed y9 I like l",5
2628abbc-63da-455f-9c23-146bf3cca9ea,"I love this app so much, anyway can you fixed the issue why I cannot create a new account at this app?",5
2339088f-970b-41e9-ac48-d2e606a8c737,It's amazing,4
10801b75-2dbe-4414-9661-bd640ba35964,Good Good,5
5af94da8-010a-4268-8df0-c1c322fd68e7,Great,5
4560df58-abba-451f-adf1-467b408d6ebe,Good 👍😊,5
7162aa0f-3442-471d-9891-725f289dccea,This is the world best application to connect each other,5
07426a27-aea7-4147-a770-3c30126b8b80,App help center doesn't really help you if you are trying to recover your account. It just keeps going in circles and back to the previous page. Where do you get help? Very frustrating,1
47a2f7c1-4225-40c8-a1b5-d7da8716b9d0,Good 💞🥰,5
07d9b6b9-9672-43a7-8f4a-3d264971f007,Nice it,4
10db72e0-21fc-4c7a-bdde-b3e43857494d,I love this app. I'm enjoying with this app,5
d4aef450-e86b-46ef-b8a6-e53f3cf02dc4,Good,5
f9a98b99-bdf0-4b76-be14-1f27baae53a5,Very good experience but for influencers monitaize needed,5
cba1f459-efa6-4cb9-a75a-d260393e40c4,Nice,5
5eef0231-4e1d-428e-ac96-edc6c3ac814a,Not working properly when editing reels and cropping photos. Sucks!!!,1
028dc33d-4e2e-436e-942c-f8d6b4ddd8af,instagram wont let me post stuff,3
bfdb2991-9fee-4b96-b962-d6d0ad4d70e2,"Updating my review, I still get flagged for spam even though I'm commenting different things. So basically getting flagged as spam for commenting multiple times doesn't matter if content is different. Wish Zuckerberg never bought this app.",1
0adbc5c0-5525-43d2-989f-2f0a6d186186,Super good,5
608f3f04-1b2f-447f-8ca2-e560332db64b,I like the instagram p,5
ab1c695a-0b78-4856-aca6-21e252c94249,Supper,5
8c104835-15bd-4d85-a593-ac485ade5271,Excellent,5
cebf7380-54e0-470d-966f-2329e015a54d,hard,5
8e8e3423-f69e-461d-8aba-45dbc0dc9d4e,Absolutely perfect 😊,5
63ec35e9-b391-4446-8890-cdea55940c0d,Nice aap,5
cfef99c8-ccce-47ab-a03c-ace99bd46aeb,Very good app,5
39376ca2-5c22-4aeb-86fd-64d3fdb9a226,Jhakkas,4
94dce6fe-b520-432b-b0c9-41604283b763,Nice App 🫶🏻,1
f5fdbe8c-c2ed-4f5a-8ba6-db25ffa91c8c,छकजगदौरिवडणवडऋछवब झहॐक्षत्रज्ञ॥ङईॐप,4
67baffbf-fa5d-4c45-8c09-f087166f2bd0,Thakur ji ❤️,5
129e3d82-8490-49f7-af32-408d99cd1ff1,Super,5
62035552-3574-4609-99c4-843a0ae412d0,Its lit,4
fb5596e2-b3f9-4120-aa21-650eb862c383,Raj Shukla up Ja Raha11,3
e5a7381c-a2d0-4380-aaa5-c174feb679e4,It is very nice,5
4f27a43b-a374-4846-92d5-1a171665d33f,I am,5
716a8385-f811-4b62-830e-f93614e00f8f,💫,4
2dae3fb6-7e7e-4db0-a4a4-93bceeff7a67,Nice to,5
1c924d9e-2289-418c-9757-be1f9fc0f12e,Bad service,1
358ddc87-6fe8-4f15-b1e3-7deb8486934a,Lovely 💕,5
806db43f-f967-4a7b-a8cf-890131d5292a,Ok,5
43650188-bd08-4d0a-a1ff-356df3141212,I love instagram 😘,5
b915cdf8-83e7-49af-8e61-dcf98f1428eb,Nice 👍,5
465ceba6-bb2e-47c5-8f6e-95dc0b36f246,It's,2
be576c8c-cc9a-4ad0-8772-4b0dd7a4f321,Shoooper 🤍,5
6976c008-086e-412e-b9aa-8ec53b92f91d,مقرف بطريقه,1
8c22f7b5-821d-4c88-9f4d-c7cd609b737b,Shiva,4
de357e4d-d366-4de1-b759-a5b60ce287c3,very very distracted,1
dcd9c148-3ead-44a6-b51d-7007d5460279,Good app6,5
6ecb35b0-435b-41e5-8407-3cca931530f5,this app in android have a lot of bags i hope u will fix that problem from emojis til stories,1
084eca2f-4dc9-4dac-b276-5feff8f6f6c3,Good,5
f6c6a2cc-cb31-4cbc-bb40-7fd0049720e0,"It's getting like Facebook mentioning unwanted posts, not only my followers. Time to quit like Facebook I guess.",1
353ecc18-e0a7-48c4-bbd9-258df97b219d,Net like,5
b155d050-6cde-4896-8c61-7e5b85eb745a,Superb,5
c50cefbf-977e-4657-a0e9-d228bd5f9a82,😍👌😂Comedy app,5
c7f06afa-13cc-4808-bacc-e75573d98ce4,Nice 🙂,4
fabd6509-e87f-4048-b5a8-40c4ae641173,Good aap,5
8dc11140-3ebc-4db1-b944-040c6925a8ab,Osm.app,5
d38f9fce-c76c-4c1e-8865-158600f0f8de,Vedhanth,1
dfa5d2b4-0d8c-4c92-9db6-ef9db282db48,Good,5
87d6c514-9b2d-4550-aa64-0654f994f1a0,Good,5
be81ea5b-80ed-44f9-adb5-4adb2ace198b,That last update totally screwed up the chat. Smdh,1
285ea786-5886-4fab-b2fe-d5a3e98a6844,Kitna kharab ap h koi ladki reply nhi krti,5
646199b3-ffa1-4432-96fb-096fa2b8a18a,Good,4
58d73fef-bbfa-4b4c-a75e-e8c612f88dd7,Good 💯,5
dfa7a522-a500-417b-90c1-c6f757bd81f2,Meri post feed pe nahi aa rahi kya karu,2
5cdd64c6-0457-4f96-8753-45787181c5ac,Superb,5
d0365679-3f93-4b61-97ab-a791f47139d0,I love this app,5
e529a161-5560-48a2-ae7e-8216787a4928,Nice,5
7a49022a-023b-45e0-a882-227d8c2d8612,🤮,5
531b8917-05d0-42a0-bdc5-54832f99293c,Jhumilal hembram,5
55e50f94-f10c-4f25-b06c-cff8c52b9c72,"Jllsc zzz j,nc. Ok u Ed",5
315c45f9-daaf-47a0-9015-f413548459ed,👍,5
0a809fae-786a-41dc-bb3e-b6d03fca12c6,Good one 🫶💯🔥👍🤙,5
6beeb8af-df9e-4bd7-928d-b47274ea0f6e,It's very nice app,4
d55b2520-371a-4056-8d96-e566def6a684,"The app has become very problematic lately. Lagging, deleting, and everything. I tried to make a new account, and at the very last step, it lags and stops working.",2
6a717996-7f96-4741-a696-6ac0152d1578,Nice,5
1cca1e8f-e78b-4dcf-85ca-3d9ea2eb4430,Nice performance nice using best app,5
b2cad752-2317-4de3-ae1b-54327b8aa154,MP. KING 👑💖👑,5
3dde6ad6-e50d-443e-806c-ca241de30bcd,Vary bad 😕,1
eefcdded-16e4-4b2d-9302-36b5f7e96d2f,Try again later bug its been 3 weeks till i cant post my reels it always says try again later and let us know duck it,1
01c160b6-b355-471f-a8a0-9a2c522261ae,Very fantastic but instagram is not giving me verified badge.. I am already a business owner but instagram is no giving me verified badge. Kindly give me a verified badge I will be very very thank full to you.. Thanks,5
4c8e9c32-1ded-4850-a113-699870d8311e,Very nice 👍👍,5
00ca3c0f-697b-47a6-854a-4ac080d2ec2a,Awesome app pls help to get followers,5
5777da45-11f6-4afe-8cd3-8733b179fbab,Mast,5
07864bf5-a747-4b93-bb5a-2809ab5ff4d0,Because iss sa mare satting nahi huve 💞🦋,1
5b1a322d-c5a0-4fdf-b75c-06703673d54e,Very nice,5
11dd3706-5636-4411-a0e0-3eba5ac06321,Please help me Insta ke page par limit lag gaye h galti se usko hata do aap,5
fda7fa17-0756-4b26-87d3-09a18bf7d152,Love this aap 🩷,5
21e6ae84-33c8-4554-bd99-f84fe3e4fc21,💕❤This app is very important ❤💞 ❣❤And I like this Instagram ❤❣,5
243db14d-2d53-4569-bb4b-35646a7e1923,Instagram is very nice for me 😊,5
0dd85483-eff7-46a8-8668-91b602220f48,மமய,5
ce198ac9-795d-475e-941d-893d490e0102,Dosto app bahut accha hai kya aap esko,5
005dd514-39b5-4b0d-97da-42e62ebfb5e5,क्या थर्ड पार्टी एप है ak bhi लौंडिया न पति 4 साल से ..... hi.manshu_pandit41 insta acount chek lrlo,1
69017bca-68c2-4c28-980c-82b9d30a1e23,This is a great app,5
971ad06c-1fb8-40b4-8073-a4d397028a6d,Good,5
5f204f61-42c7-440a-8b87-503a67523747,Absolutely superb,5
36d7a465-d269-4ffc-8dd4-9cd93fe160cf,Nice app,5
43a9f289-378c-450a-8b9d-67e3258040b8,The best in family entertainment very friendly.,5
823923b9-d9d7-4a4d-a307-d367d89d272e,Amazing,5
7c9be6b7-7c3e-4406-9b3d-34b8f8704bb6,this,5
40549957-016c-406b-97ae-e35431bbc452,I can't do anything like deactivate or remove,1
812b3e56-8545-4727-9377-8c35547a1751,Very good,5
edfccddd-52a3-4143-b5f9-f0302f877de5,Sir meri instagram I'd ko koi hack karne ki kosis kar rha h please help kro mere I'd ye h((rockstar05055)😥,1
42ceabe0-83d8-4c01-be62-290bc0878056,Nice,5
6152f882-9cfb-499c-965a-192e6be97ee3,No like video,1
32f4e779-7835-4490-92ad-e3f9043f1bb8,Great,5
fd4bec3d-eb9b-4b70-b4ac-b8d7cbda2847,"Nothing to say no one can stay without it , in nowadays.",4
7817eb1f-7bca-4c12-be61-d5d6cce6d6a4,😄,5
c3ac7f4f-47f1-4bc5-ad11-57f85ff884ad,Instagram is worst app because logout is not log permanently,1
06b8d160-9e5e-4297-b32b-3c0e6ef6f154,Story reels upload nai ho raha h,1
68f58e17-ad38-4186-8e32-f3449666d035,Very good aap,4
d1d2ad95-deac-4dea-852f-dd4fde3450ed,My life instagram,5
215a04b8-c6c8-4409-add8-e8ff64ff53db,On the way usi seekout m,4
674d197d-286c-4c99-a8de-5da72845bf66,Hm Good,5
3712e4da-81b3-4827-9d3d-d4fdbc8099dd,"Nice 🙂👍,",5
d7e99096-d9bd-4594-9cd6-7eaf5a79cece,Ali akbor,4
136d3329-cee1-4f1e-973a-ee9802284196,Nice app,5
549f274a-330a-4641-82f2-2ce5542b40d0,good 😊,4
fec47ce4-8429-4589-ad72-17ac8415e97a,Your divice is fake,5
940d53e1-cc77-4ffe-874a-7e52bdd41b63,ok,5
53396228-6d90-480f-8dcb-213780e4c2b2,Trends My Reels 👍👍.... @anish_gupta_99550,5
f4e538e7-5877-4220-9f81-20dfc53c5c54,👍🏻,2
41f7ab36-48f8-4e43-8a2d-526bd67b270b,I Love you,5
48d354c2-a2dd-42a1-a6c9-db10c577e6bb,Good👍,5
882106ce-b68f-41e1-b3e0-1e8aa51ff81f,I enjoy it,5
57f7d62f-ba9b-4b59-b4f6-b4fbb94fac85,💞💞💞💞💞💞💞,5
745438aa-30ae-4ace-bf09-5c9e043109ff,Full of bugs..,1
088a1106-4f9f-4f5e-8bd5-7a5c900e2817,worst app not able to login sice last 1 hour,1
97b995f5-70f5-4f1a-af82-10b8e134af02,Better get relaxed,5
9fcde9cb-3204-4426-b0a2-4a9045a66dbf,Special reels dekhne ke liye,5
f56b6115-14cb-49b7-96f1-4e4e9e9e2717,Very good,5
58ca0a28-d8f6-40e2-8187-80fb5e12c545,There are some glitches in this app likewhen I saw my post or any of my following post I can't listen to the songs as those available and I can't find the listening icon please fix that please fix it as soon as possible,2
80e5896c-3b0f-4e11-9a61-277ab1565548,I tried to like a meme about a bread bowl and a warning popped up saying they restrict certain activity to protect the community. This also happened to every single lgbtq post.,1
ee6680a8-02b2-4557-91a8-ff7b6073b0a1,Itz Raju a,1
de4a28e9-ecdb-44c5-8255-0538a9782a8b,Excellent,5
9830a299-cddb-49d6-b596-150bdb048e70,This is app veri good,5
835e7e3d-9aea-451a-a658-9a54ff5add78,See mark I'm telling you don't make the profiles of people who saved a reel/post public it's a great downfall DONT YOU DARE DO THAT PLEASEEEEEE ( I'm giving you 5 starts pls don't do it),5
9e64a4ce-5b9e-4286-9061-a4e1f95ca590,Bekar ka app hain srif logoka dimak hang hota hain,1
7a6ebf5d-8fc2-4126-bc46-5b55c752d03b,Looks good,5
74381c82-1799-496e-9e8a-85c4b5e1f663,Uuhh,5
adaeb96f-4319-4c27-9531-b7a8dc2d1fff,This aap not access my old I'd,1
cda0cfa1-2929-49ab-8ced-99712935a846,I love it,5
650fd8d5-ddc3-4069-8a1a-5f17d2d74772,Plz myy reel and story high quality uploaded 🙏🙏😭,1
b4a9c8e0-aaec-4483-a66e-fab1708cc30c,Very exited,5
1793b187-a173-4a45-b29c-b247bf26b974,Make the contents more,4
7e510cc8-dbbe-4814-91d3-a63905ea2cda,Worest,1
b8956f70-90ba-4c38-b5f3-bc87cdf4338b,🥳,5
749a8c67-aee0-4e5a-822f-39383aa5fed1,To,5
5499969a-7763-4152-b7ba-19091846a0cb,Amazing,5
4610d70e-2b68-40ba-bb61-583b75e39897,👍,5
56b5c76f-fe97-4cae-a456-426a9dea59f0,Very good 😊,5
b222c12c-19a4-4d31-84f2-00760cbdb16e,Nice app post photo all is okay,1
d17e3446-b579-4d90-a422-cf8fdf15b6fd,Wow,5
dedfa946-1ffb-48d7-97b1-ee21856d2fe4,Hamsafar aap,5
2db202fd-9f62-4fb4-8ad6-8da5896c5028,Super cute app,5
0e2810b4-92c7-427f-acf7-fc54608396a4,good,5
880cf3b6-b11d-4193-a75f-efd699a1d8e2,Awesome app rated 100 percent,5
58f405f6-8e96-4264-821e-9f01f3ccdf48,ariful,4
1a0f454a-f917-4655-a459-0c73a3b486d2,Lovely app and I like it all functions,5
51eb324a-9588-4614-b2f8-f3f5d0e581d0,Best app for famous and make super star 🌟,5
4727e1ae-8fe0-4f16-9ef4-5707c2cd42d0,Great social media account,5
634357e3-e299-4218-8b09-da9e8c3c5a63,❣️❣️,5
bd375e56-3f58-454d-a739-9bc5b96c7193,Search krne pr songs nhi aa rhe h,1
2f5a4c18-8dd2-43ea-a343-6bbe5eef9b6d,Instagram Is best Social Media Sector,5
1312fb93-27d0-488d-ba44-0317fb4f4991,Su su su wonder issi ka ek idu,5
b8f77de6-c115-449c-9f92-b428e6b9eede,Okojpjinogid,2
a725bb27-a803-42c3-bc52-ceba7d409cd6,Wow beautiful ❤️❤️❤️,5
d8e74dea-8be8-4ded-aa50-92e19e392ecb,Coudn't refresh feed past 7 days... we reported many times but no use...,1
751d71ef-f406-44ea-843d-b1216f23de08,wo,5
57b2bc13-2de7-4eff-be1e-a26775e56c2b,Supper,4
9427cf52-3873-4ac7-b026-ee755b20b3a5,"The new update keeps giving posts that are 5-7 days old on the home page. The feed does not refresh and newer posts are only seen under the ""Following"" tab. Makes me miss out on most pages I follow. Worst update so far!",1
34dec2f9-993f-4570-b641-0de1d7cf4236,Super,5
84ef8fcb-443a-4e1a-8471-687a5c07e0a4,"very bad social media app , toxic community , bad algorithm",1
ebfe9843-78dc-4e6b-ba02-37dbe2f97adf,Best,5
c9dad76e-c2e5-4f16-8b66-131d1eb25a63,Unable to upload reels.,1
0c2217d8-1ebf-47ed-9156-041b4497662a,I love this app,5
fc02ae7a-f97a-4531-abb9-94bf16da5d16,"STOP GIVING UPADTE EVERY SINGLE DAY, INSTAGRAM!!!!!!!!! Was loving this app but quiting due to excessive updates 5-july 2024 JUST HEARD NEWS THAT INSTAGRAM IS NOW SHOWING THE SAVED POSTS!!! WHERE'S THE PRIVACY??!!! GOTTA DISABLE ALL OF MY ACCOUNTS IF THEY DONT CANCEL IT!!!!",1
372dd215-cca6-4462-be14-a65d34a909dc,Thank you,5
48fa690c-1f99-4ca2-90ff-35ef3e5a3174,"hello Instagram team, I have a request, I message a lot to Girl, but no one replies, so you message girl and tell him to reply to me ID fukra_insan75",1
2be4d69a-ec8a-4bda-8c50-418fe2f22638,Mast,5
2cccbe94-b2cf-4d56-84b1-063cc734f3b8,❤❤❤,5
ad083b58-1f51-4082-b13f-2cf15f338bcd,🤓😎op🤙🤟🤘,5
affc66c9-d310-40d4-99a8-dee1a948d911,This app is so good,5
8af7ae0a-8f66-45fe-bfdd-c7244f177143,Good app,5
ee95b9a4-e5ed-4d69-9d87-09145f152d26,Like app,5
b323a9b6-2512-46b3-b6a7-f27e5b33c442,Pls unblock me,5
be78155b-499f-4f59-acc3-3066f69391e5,Tank you,5
63fb318f-f1bd-40c3-a916-9b204485ae33,Very good app i like it,5
5335d30d-dfae-4495-bcbc-8496e39c69e8,Hangs a lot,1
3a14b304-4261-49f6-8c84-3960fcee9ec5,Kya gatiya app he 1 bhi ladki nahi Patti so sad 😭,5
2be88772-9a69-43f1-a854-37411d87b244,Easy to use this app,5
d0b63102-db60-4fb1-af9b-10f275187cd0,3.3 million people,4
74bb27f9-e653-4cfe-b296-bef7277ece28,Great app,5
44c8d615-6625-4b2a-804d-5eba1ab2f5e0,Masha Allah best ap in the world 🌎 Instagram,3
ef874a1a-9ba2-4fa4-8c9c-eee647870425,Nice app,5
3aabdfc5-4718-4fc1-adea-9180ee64bafd,"Hello Instagram team Sir my Instagram account freez because when I post any reels or post they are not recommended to the other feed explore page or reels section. I request to you please review my account and solve my problem thank you , 1 year was completed Instagram",1
97b92341-281a-4710-a15a-d6daaa72493a,nice app,5
60c1195b-5b22-44a1-a3df-a59410759347,Maat gai 🥰❤️❤️,5
39365179-e6c0-4ae1-a9ca-710004832f6e,I still don't have the expanded carousel update :(,3
75dc8282-44a7-46f6-b7af-60b7e63ef43e,Sooo cute and good,5
b0e64f29-e454-486f-b578-3797266368b2,Good app for chatting 😍,5
1a3aa671-7f44-43f2-93b2-e2b43fbbe3ff,Nice,5
b6b5a858-581c-4bad-87f2-84976212c6af,100 % recommend ✨,5
39c9441f-fd74-44ab-839f-0ec2d6d99e2e,"The pictures that we sent can't be viewed in the shared media, we have to literally scroll back on our past conversations like??? So inefficient and annoying, please fix it.",1
11c627bb-d5a0-44f0-b626-be3902834c0e,Hye please help me,5
9dea8381-a998-4c3e-bf29-7aab8680d827,Very nice,5
d2d7a4b0-da97-4af4-8c2d-829491d57f4f,I get restricted for normal doings.,4
c4c85e09-2511-4b1f-9468-6757bcee7594,Good morning,5
30ce09e5-c1f7-48e3-bc04-926a115d1ef6,Good,5
a0095a15-ae36-4431-b913-91697e952083,Nice app I hope it will recommend my reels more and more😁,5
a0d425e5-d253-4376-9e16-229c98d5d589,Kya ghatiya app hai 😡Ek bhi ladki reply nahi karti “ Don't INSTALL This app “,5
b5df5d09-f9b0-4352-a28b-406b2128edac,your app is best but i give you 3 star because I don't follow every one why give me ans and fix the follow problem in my moblie so i give you 5 star and too much love.,3
603ffe6a-ac04-4c2c-a055-0d45873cd53c,Best,5
190f69c9-b311-4755-a5e6-d54e201efc14,This app is super perfect...it's better than most of other apps....just that sometimes it takes too long to upload stories and reels....,4
a697c08e-c5c2-4148-bd3d-f658a73445a4,Good,4
452ab178-275f-41a0-be66-ee6120c3ee8b,Just little good,3
16427995-1510-4251-a522-6d3b0203cd6b,Good app,5
73fedb44-96e6-41b4-bffb-42566de84395,It is very good app,5
3ed1f4c1-6983-4ea8-9a5a-488e2f1a6b5a,Awesome experience! Thank you!,5
7086be07-a5c5-4855-8784-68dcfa3b9067,Sam if cm he has few top kw xz his ti xn ugly leg no zoom 7 red,1
31ffeb72-952f-402d-938a-daac4bb02239,Very good,5
e41813e7-eca1-4742-8af6-5f3fbe16c364,💖💖💖,5
a47c704e-705e-4142-8f43-2b546741bbd3,Nice,5
2a1dd2f1-baaf-4b94-bf3a-0dfbf8bfc9aa,Good,5
4d3ada63-cb84-44a5-9e2b-3d7a03f6c894,Very nice app,5
9ff0e331-e271-4a33-a8f3-d0b40a217ee2,Mujhe Instagram mein followers nahin badhate ho please followers badha do,4
bb9db284-3e53-4c05-8055-adfcfbad8ee5,Good,1
096964ec-78c3-4630-a7fd-b9fcb5b3bf4b,Everything,1
b3bae38c-f732-4b9b-8f68-a06d7627fa22,Nise app,5
0d2ec5ef-9df0-443c-beed-2c6c40beaa66,Good,4
ab400a40-9582-4151-a783-78d209249d27,Nice,5
897430ca-c640-49c6-ba06-ae8d645c5327,Nice 👍🏻,5
f942efac-939a-4aff-8ac3-c2e75a2b1432,Kya reting du bhai ispe mere follower nahi bad rahe,1
490cba58-d68b-4dc7-af05-a96f15f4c54b,Nice 👍👍,5
c13dd629-2a7b-4ce6-8cc3-43569c178f87,I Like you,5
cabb3b9c-8cad-431b-a882-c00a9ce078f0,There is no notes after updating the app,2
8da283c3-69c0-4027-acc7-3a4d3fd6cefa,Good 👍,5
dea56bac-9400-48e1-9686-e4fa69a627c1,nice,5
c495a4ea-a37e-45e6-ab40-ed84c4583ad2,Wonderful app,5
785632c0-b230-44c3-b786-ab622f1e4150,SP SHIVAM PANCHOLi Ji,5
10bd10c7-587c-4d4b-ba16-3f53d465bae0,"I really appreciate having the option to hide our posts from certain followers, much like the feature available for stories on Instagram. While this option currently exists only for stories, it is needed for regular posts as well. The ""Close Friends"" feature is not ideal because it shows a label indicating the post is for close friends. However, when we hide our posts, nobody understands that the post is hidden. Facebook already offers this capability, but Instagram has yet to implement it. I'm",5
c99da066-505e-4142-a49b-8c3f97e25c88,Bas apps,5
ae5ecf14-fa72-44de-bb34-0e0b2b32ba83,Good,5
87786f39-01c1-4839-8c78-ab10cd9c726b,Good,5
3a073d32-213f-45ce-9bf2-7a91d90044ec,Gooood,5
8d1632ed-3de7-4e7c-b363-1896130770a1,It is a very good app.,5
e982eebb-1b9d-41c8-b6aa-e8e3e53ea70b,So use full,5
5862a825-d4e0-4078-aa78-f8f999bf05be,So usefull.,5
2842a88e-756c-40fe-b845-6c7794ce2325,Nice social media app,5
3bfacebd-e8a2-49cb-8181-10c065fb3080,Good app,5
5f6649b3-6c00-4daa-8cb7-90ff24d5d325,Enjoying,5
0066c7f0-bd7f-4cea-bb97-ef9f25edc3e0,Baskar,5
1c409642-cf37-49b4-b7f9-cc1f86f37a53,Good,5
ead0be51-f08d-4120-872b-0e8479ca31d8,Good,1
cb7c6a0e-f1cb-4653-a49e-9c11f480d6d6,Nice 👍,5
f6406e40-caba-4c26-b1ec-96d79bf8cca1,Nes,5
79ddfe3d-dfe7-4e44-849a-de06f43fc372,Such a good app😘,5
17a9eea7-3fd8-4454-aabb-b53dc80d7f5a,"It would be extremely useful if Instagram allowed users to hide posts from specific followers, a feature currently available only for stories. Facebook offers this capability for regular posts, and it would be great if Instagram could implement it as well. This addition would definitely enhance user privacy and control.",3
448ad664-15c1-44dd-a62f-0c529476dfcd,Koi bhi ladki reply nahin karti hai 🥺🥺🥺,1
a79b7d86-21aa-411b-a8cd-4650daf8bc15,"This app is STILL terrible. I've tried to Uninstalling and reinstalling, Forcestopping and clearing the cache but nothing is working. Very Disappointed. I would love to complain more but it is impossible to go in depth with all the problems ive encountered... There are STILL SO Many problems with meta in general. The customer service is a joke. And there is NO WAY to contact them for live support. I wish i could give this half a star. Screw the losers that made this app, Screw Mark Cuckerturd",1
f8a8200c-cd5a-44c5-885b-518a950100f0,Super,5
53ded5a7-d7d0-419a-abfd-7e0922dbd3b4,That's really 👍,5
9e102aaa-5ffa-4675-8077-7dd60a5827e9,Arunkumar,5
a7b7641b-9c01-4b78-bc4f-74a170e849e0,"This is the best app of 2024 to earn money, I fully support Instagram 😊😊",5
0116d430-939c-4de1-9879-632e9eeabbb7,Mic stopped working every 5 minutes. I have to reboot my device every time whenever I tried to video call or send voice note to someone. Like whatsapp glitch So much frustrating,1
11989724-09c1-4090-a047-8e6d0edd4e97,Instagram is a creative app I love it ❤️❤️❤️❤️❤️❤️❤️,5
3998b864-6cf8-4df3-a5d2-9dda26ec7f83,Very good 👍👍,5
17a7e6b2-439b-4823-a57e-6877e04e8778,So good and cragey,5
5ab22bfc-556e-4cf7-a6ce-c1d9c6fb109b,Wow,5
63f61665-a299-4548-b2ca-0e7d0acae953,Excellent 👌👌👌,5
ac4cc7fd-aafb-4d73-ac8a-decfdb43dbc5,💖🌷,5
c44ec797-23ab-4f96-ac13-ef6f607a7d50,"Fun and very easy, anticipating monetized upgrade. Thanks There should be option to download videos from the app.",5
4cbca192-efe7-4760-b5a2-479a9bae50ab,Nice app,5
1b621855-1ad6-445c-98c7-b0e6ebeef6ba,Social media ke jariye me sabse achha yah app hai 😊 my favourite app Instagram hai love you insta ❤️,5
c04a481c-85ce-4cde-abea-9eaab9718167,Manishraj,5
3767e9ce-0743-45a2-965a-37c118dde3f7,"App is good, but I can't put a song on my stories",3
4bcf2f8f-2587-4d26-a965-a10f4cccb4ca,Vary nice aap,5
95e7c051-acc6-43d5-9b8e-adbd7175f2e9,Good,5
cfe0ed92-4d31-41e2-97a8-39f752d1abfb,"1 - snapping during vertical scrolling is bad. Very difficult to just read post content. 2 - home feed occasionally breaks and doesn't update. End up seeing the same posts over days. 3 - reel cropping is broken. 4 - no apparent way to mute reels. Previously you'd just click the screen, now that paused the reel",1
80f14c4d-68f4-4c99-a026-6334207dc7f2,Vs vyo,1
c54ad3f7-de96-416e-a4db-5646d9115808,instagram not working properly Please solve this problem 😑,1
c88a60aa-49bf-45d2-9766-95a9096e67d6,I love instagram 😘😘😘,5
aaadeba5-3ae7-44d0-8998-557fffbc8d32,Please add necknames 🥰,5
ea438088-397b-4b7d-8718-66f2efedd477,Too glitchy! Now I cant even create or log into my account now I just have so many problems with the app! Just fix the problems and I will give a better review.,2
462e0255-ad7a-47bf-a622-b4ab46e93148,Very beautiful app,5
864caf41-574d-4106-bbba-e22dc3d14838,Nice,5
899b1434-0fb9-49e5-bd1e-53de1d6438d9,its changing into prun hub and other reasons why i am just leaving it 👎,1
d301ff89-14fc-4c04-8278-614ddaa42828,"Nice app,,,",5
256a0775-8a2a-4ac0-b1a2-6fa9a58b076c,Very nice app,5
0d97b662-65e5-40ca-a72a-c28f05bdfb74,the app good❤😘love,5
2f87d69e-c367-49a9-88a4-74309510aac0,Instagram bekar,5
62f5afcb-6e07-4d66-bc8d-183c3f5c61c2,"Are YOU looking for a social media platform with no true community standards? Do YOU want to be allowed to post hate speech, conspiracy theories, and false political and medical information? Then Instagram (and other Meta platforms) may be the platform one for you. Is someone hating on your hate? Boom! We'll delete those bullies for you so you can continue to mock human atrocities in peace.",1
485bfa43-d35f-4ab2-aaa1-f17a223e98a5,Good Application 👍,5
af1c57bf-344c-4656-a72e-c2696c6674b1,Best app,5
6a3c014e-bb29-41dc-99b1-f4254abd2afd,I love everything.....easy to create content the way you want,5
29767a57-cb5d-42ee-994b-abc5051a2bf2,It is good app but distraction are......................,3
b1525e3c-f264-44dd-be8c-46610c0f6105,Very good,5
432344ee-fdd0-43d7-9443-8b5ed37e7599,",-q//",5
291ca4e0-4374-40b8-b00b-2caaab6a8231,nice app I ever used,5
408f0c94-91f2-4b3d-9efd-162647ae9346,Good,5
3c68d175-96a8-440e-9117-0715e1fbe694,Arun Kumar,5
49307e77-82e8-466a-9860-6d72debb6239,La jaba b,5
69a47b16-6232-4029-8fad-a970e43a0239,Aweesome,5
3640d5bf-1ca5-472c-8ad3-2391420a7ddd,Good aap,5
484db997-532d-4a67-b726-243545f958eb,Woww,5
672dff1f-aed3-40b0-ab13-3879c3461a08,Infinity followers,5
abbfb0a0-5fc4-4636-a0e7-b56dd24e8aff,Chehar Chauhan,5
ac88ddc7-f66f-4d27-a71d-f13ee2fe7554,"Hi Instagram! I love this app so much I've been using it for years, however there's a problem with an account of mine recently. You see I've multiple accounts on this platform for reasons, my main account doesn't have the latest updates on the opposite of my other accounts which have the updates and everything. Is there anything I could do to fix this problem? Thank you for reading my report and for this amazing app!!!",4
32303c30-472d-4d42-85f1-0e1123b27d5f,ಸೂಪರ್ ಆಪ್ ❤️💛❤️💛❤️💛❤️💛,5
0b43febd-4acc-4a79-96b8-e1c5f4bdd082,this a app not babb,5
07f8ec00-83a3-4cfd-97a4-2aac8afbb237,😘😘🥰,5
6836aeda-4ca9-46aa-8f99-7a5718197c3a,I love to be in Instagram But nowadays I can't able to add any templates to my story..it's so annoying and feels sad. I don't know the problem yet. Please do something to add templates like others,3
0af71d77-47b8-47a7-bf97-9a91fcafe61a,Best time pass,4
16690800-0381-4f39-9c9b-e0fa516f673a,❤️‍🔥,5
adebe4c1-5d83-42c6-aed8-ae5a61385eff,يلعن ربكم عرصا,1
6146e262-036b-45e5-8ddf-67f995d1bf6c,Very good and,5
311a1e46-cc46-475f-8af4-544dbc18c266,Ang OA,5
dedc1e53-294b-44bd-9769-831255de5c8b,Wonderful experience with Instagram family,5
2d33cda1-72a2-4b1b-8a63-068becd8b91e,Very nice,4
782d27f6-0a54-46d4-9532-44bb30f6a4a4,MANISHSINGH Y,2
2b09f2b1-37df-426a-957b-86acc24c0f46,Bad,1
e272a45e-9d4a-4943-8369-11bb86e918bd,Goood instagram,5
75682215-bbfb-4806-8d4e-057ced8eeeab,Better experience for life ♥️🫶,5
cab60e00-7031-473a-bc30-816f1da22f67,the best app in the Play Store,5
d8192c5b-41a5-4dbf-9126-05ccff5ef2c8,Good,5
1d31970f-5970-429e-9905-808190f0b614,Badhiya aap hai✌✌,3
5025f55c-dd87-4155-9a5d-6f803ae55159,👍👍,4
e2afb1eb-b10b-4a32-bb1c-baabf40fd8cf,"am unable to post reels from the past 4 days I have reported and attach the screenshots but they have not replied to my mails and I have tried everything possible and also I have uninstall ,reinstall the app, switched off and restarted the phone but nothing is working,this is so unethical from the Instagram team,",1
6bb2a8f3-a370-4c61-88fd-c41a4e25a150,wow whats the app,5
2ba38c73-a43f-443a-a5bf-62b81654e7a6,I have reported an issue multiple times since last 2 weeks. Images cannot be posted and getting random error. I have tried reinstalling it multiple times but the same issue.,1
b66da378-cb3f-439d-b53a-0b497ef6cf18,😍😍😍😍,5
e2a5030a-7c1c-455a-9789-14548b3fd639,Koi bhul kr bhi install mt krna 🙏,3
70e56efa-287c-42ea-a140-a25364b09554,Bestest,5
afb46b53-e14b-406e-a495-4dd731b5d4c5,❤❤,5
22a3a953-fbb5-48a5-b55e-e4215c3e3774,Good,5
d8e653ac-ca4f-4b29-90a7-a1ce1c130653,Tajimaii,5
e882b6fa-c95c-43be-8ded-3af2736df9b7,Good,4
823734b8-5277-45e3-8861-dd9bbaf72f23,"WTouch and hold a clip to pin it. Unpinned clips will be deleted after 1 hour. Re you elcome to Gboard clipboard, any text you copy will be saved here.Welcome to Gboard clipboard, any text you copy will be saved here.Use the edit icon to pin, add or delete clips.",2
46fe6499-edae-4c0a-a017-0135df772503,My appeal still under Review problem please check my Instagram account my account name subhupatel_666,2
4e755527-f950-4597-a70c-227e8e57ea74,Just an awesome app overall 💯😁💖🥰,5
51921747-17b1-433d-997e-05bd65ef12ea,Poop 💩🚽,1
27fb8d3c-cf62-4d71-bebc-53dab5c63e2e,This is good app,5
ecdc8d8d-2029-4d8d-8faf-3d8b3d4fa88a,4yers,5
b169576e-949a-4202-8a1f-c832c8523687,Heyyyyy instagram please recover my Instagram code please...🙏🙏🙏🙏,1
5cb45fd9-7548-4a8d-8580-6ffa42f55090,This is the best app I've seen in my entire life,5
01272317-7580-4f7d-b97d-8aa0a5fe539b,Op Op,5
2fabbfb2-4c26-45c7-97fe-9ecb8a9a46b5,nice,5
916124b8-938f-4971-b5d2-cf1c30bbf343,Very nice,5
1f670e73-0db7-4bd4-b19d-a29d1b7ee210,inspiring awe,5
cb8efda3-b991-498c-bd09-66344766b040,Love The Love 😍,5
a08afc2b-42a8-4a7f-a413-786e8c37e9f6,Good,5
9d0c5e71-4537-4e4e-8276-de40bd64028a,Amazing,5
2cb9b064-806a-41da-9355-25774685d153,good,1
ba89bfa8-4f5b-417b-bfb6-20c8168c2f97,In,5
024f2454-f820-45c6-a679-e7c7e1b25f3a,Best hai ye app,5
13d4768e-c625-4d98-b714-e164068cdc1d,Ban __parm__06__x__,1
ca579e8f-f931-43b9-93a6-c1cf54a268c7,This app is best,1
516c7d91-21da-4924-aa33-8718d8d840e2,Loves you instagram,5
ee8fb177-6738-40d3-a2be-d9615a4d3e05,The censorship algorithms are out of hand. My comments have been repeatedly targeted as spam when I've been just commenting in a friendly way on a post. Seriously thinking of deleting my account on dumping Instagram altogether,1
ca9d883c-8145-4f46-bab0-b70cacff0dff,Best,5
5a45b6d7-20bd-433d-9389-34cc73a4c068,It's a good site. Just that without ads. You can't get more customer,4
042c0e90-16e2-4b59-9424-12dfd02a518a,Amazingggggg suiiiiii,5
cc1b3edb-990a-414f-a714-a0569a069506,It is a great tool and I'd course entertainment,4
d4e7372d-9b5d-435d-b8e1-f24818b88e05,Super,5
0493d394-1313-4953-aac7-5b178e2de3b9,MOST IMPORTANT APP DOWNLOAD NOW,5
36e1e8f8-67fc-42d9-99c1-73953fc87358,Good,5
53f5146f-0e94-40a9-9ece-b004131c1e9b,Best app always 👌,5
1509f87b-9811-4c9b-9935-6843575c27a5,It's very nice,5
05ff2fbe-cf9f-472d-b2ea-1bc83f617516,F1Qood#17/7+/**..,4
02b4f17a-af5d-435f-99d1-964627105193,Veryyyyyy niceeeee appppp u must use this.,5
01c9b1ea-41a9-4809-b839-71810738fd78,This mentioned,5
5a0c0255-ca17-46d9-9280-c27a94c7441d,Good,5
8333eb50-93c8-4a20-bb0b-f04a27f62f2f,I an so angry... On this app bcoz I am not getting any new updated features😤,2
1e01404b-bb68-4655-96a9-a89213eb3431,Good 👍🏻👍🏻👍🏻👍🏻😊😊,5
884eb425-35ba-47bb-8266-f96de9d66241,kya karu insta koi ladki reply nahi deti,5
04fe55c2-8653-4073-93e1-ca4b6d9f256c,Super,5
0d5be71c-c7e0-4296-be23-97fbd1ac8cbd,Latest update where reels pause on clicking (instead of muting like they used to) needs to go. Don't mess with perfection,1
d531ec95-7706-4122-b3ad-64f678e0e61e,My experience is very superb,5
9bf7d2a8-9b93-4c88-b90a-32ca497d81b0,Nice,5
31f35e57-b40f-4355-b924-c794b1385b21,It reduce my stress,5
d71423c9-4866-40c4-b2c6-5135adb86826,Very good 💯,5
7fc79c7d-4f0b-4e35-bbd3-df42c857b59b,best social media aap,1
1a7571ac-d7f8-4244-965e-9b101de5859d,Loveeee!!!!!,5
1e9f6ce6-ca5f-4830-b9fa-09de3a420cb4,Very,5
94067bec-fad8-42bc-a0ac-b5e69762bde1,It's failing to fallow people's when am requesting every time,3
210bdc67-f70c-4649-bc36-e76db789e88e,Very nice instagram,5
8e24bbf6-520f-487f-b4c7-8b1f7d290f36,Very good experience i love insta,5
35bbfa6d-559f-4962-bcfc-203d60129b57,Excited,5
664a918d-8ae2-4a5a-8c4b-953e8d4de088,Great 👍,5
cbb131a7-317f-40a6-b966-94df20ec4111,Amazing app ....,5
b10c04cf-78e2-432c-9817-c0a20498d512,"what the hell, i can't login to another account and it always says error mygod it's so frustrating please fix this.",1
6ffd2aa4-1c57-447f-90f4-62d21e44187d,"Its good ,but why I can't add a song on my stories and why there's no dark mode there?",5
1aa29853-450c-4808-bcd2-93222a1e3ee6,𝓥𝓪𝓷𝓼𝓱𝓲𝓴𝓪😎,5
e92c6ad8-3ff1-449e-a82b-8db473ca3b35,Good,5
53f2f0aa-8f75-4691-acd3-eb9e9a6812b8,Nice,5
1f5932ce-e4de-46ee-a910-c9da1c40954c,🤮🤮,1
29b541f3-b19f-44b3-8a38-a42c2a18e0bf,👍,5
ee6b1553-8f5e-4add-9e09-a81db32f6109,The YouTube program is very good and you can see everything on Instagram,5
97589241-49ce-4a54-b230-0cc1efee01d9,One of the apps that utterly disappoints me..,1
77a89a3c-78bf-4916-a950-6e7757824df3,Golu Nishad Bholu Nishad Bhol Nishad Golu Nishad,5
3f7e40a7-63d3-42de-bccf-7ef7d57c06aa,Support my profile Instagram,5
ff584f2d-fa4a-4227-9214-c552879ffa39,Slow working good working 👍,4
2c1881ee-4e1b-48d3-8d60-d08470a9bb48,"A terrible commie American hating app!! They constantly take down any comments that are right wing, Trump supporting or any comments defending the US. They ban it and claim some Ridiculous reason but they will allow comments that are left wing, anti Trump, and anti American! Horrible app. Needs to be banned honestly.",1
8700494e-d4a7-4c41-9a99-467fce394353,I love this app,5
3b5390e4-1cd4-45f7-adb3-cda89ddb7280,Thanks insta,3
a26a8bc1-11d4-4775-9802-d91a9d70f888,Tanu Shaikh😎😉,5
59b58ee8-b4ea-41e3-adb3-88b9ea6659dd,Such an awesome app to talk and call,5
cc3008fd-14f9-4b03-9f27-c390b12a0ed4,Income source s,5
6fc451fb-a165-4cf1-a6c9-241b3acbea6a,Ok,4
d177519f-2dc7-47d4-853f-67c160aa14ae,❤️,5
696a9be5-3b90-455c-a996-a40ae9d03dfa,ফালতু অ্যাপ |,1
c0214ac8-059a-425b-b858-81fa7db46e31,So cyut apps,5
bbc5a1a7-4b35-41b2-8937-b54a87ced6c2,its a better app,5
ee32acb6-1f24-4ee6-bd6d-1192493017c9,Old skool fam,5
fbd0db16-624c-47d5-9ae5-d9dbc6a8fdcf,THE ONE GIRL BLOCK ME VERY BADLY BECAUSE I LIKE THE GIRL TOO MUCH i.e. I BLOCKED.,5
5b74d3b7-89b0-4fab-85a9-ab3f54842d10,Can't scroll the explore it keep on loading please fix it ASAP!!!!,1
d35ca82e-99e8-4a97-a350-e46ebe8151ad,Good working relationship,5
479d3180-3127-447a-a0ee-d7623cd41e91,Nice 👍,5
eabb28eb-75e4-43e6-82b1-93fcccbe2e08,Bahut time khav kr deta je app band karo eshe,1
54af79b5-db4b-4662-bed3-35e69e69c289,Good,5
e500db9f-f9c8-497d-8f2f-2852dbe17c59,Good,5
55f44de8-68e1-45db-91cd-a37937081c34,Nice,5
28104063-dff5-45f2-8a48-090869e7c928,very nice instagram,1
3c4dc92a-db94-4a10-b0e4-637038492580,doesnt show me the option to put songs on notes even though it is not a regional problem and i update constantly,1
aea51669-1e8f-4290-a0c5-bf9ecdc27072,33 nu,4
234d207c-e466-4f98-b0ad-369545cac511,"Very good evening,nice station s tnku up",5
ea36fd01-1955-4e5e-a727-cad9c9a010e1,Good,5
9f6896ca-aed5-4de0-99c1-8044130ebf0d,Pls add an option to remove or to change the song of the posted post🙏,4
6d61daf3-2f50-4473-bb38-1fd8082af552,💞💫❣️❣️❣️,5
65422a18-f97f-4f3f-8eac-a940b46ceb76,Nice aap ❤❤❤,5
46e32afa-aba9-4200-9edc-dbeb89607024,I want mute or unmute option while scrolling the reels n not pause button.... please get that back,2
63e21244-eca3-4f2e-a38b-5c4ace6ac084,It's perfect 😄 Very nice amazing this Instagram 💕❤️,5
5e30f808-dc6f-40ca-a69e-b9cb534f5079,Nice,5
d82050a5-144e-4efb-b2b6-668d14ea3cd1,🫂❤️❤️,5
b7fcaad9-5d46-4020-a445-8539ca8cbe3e,This is a good app.. I like this app,5
a6b25481-936b-492e-81e6-af613db5042f,Nice app 💯,3
52f9c2ea-4eb0-4131-837a-d35ad983522d,Some people are having wallpaper in chat theme but i am not having it i think it is not good thing,1
9545b5a0-9b78-4e6b-9fcb-ac2705eae9e2,Vishal kumar,5
dfd741a0-e9bd-4cdc-afa4-0b2bcc39b871,Wow what a nice app ❤🥰,5
544f0758-8726-4947-b21f-0b8d9f342e8b,குருநாதன்,5
c86d7b23-ef68-439b-9f9c-f7e90090aeff,Wonderful app best app ever,5
d1c57739-7bb0-4ffd-8904-420eccf52f27,Exlent,5
5c4313ef-d6d6-4c11-a08c-4adc03e2e7fc,Very good,5
614bab55-79d6-4a33-9554-d8da593281f1,Can we get money on this app ?,4
049c3e79-8a3d-4a92-8b3d-2f086862c095,Good special media plateform,5
ded974c8-815d-4eb7-b4c1-bfbb305fccb9,En iyi uygulama olabilir her konuda çok iyi,5
30ef6bd7-38f1-4bdf-9053-be6bf7a520c4,Mainu Vida kro ...mainu Vida kro mere yaaraa....,1
6102ae4e-c6fc-4710-8404-8978629a9e8c,AMAZING 😍,5
f191113a-4ca2-4d00-8baa-a245d8135c1f,Mindblowing💋😍😘,5
fecb6f03-3734-4dc3-906a-79648716920a,Kya ghatiya app hai ek v ladki nhi pat ti 🤮,1
589a69f6-3fc1-404b-a293-2de92262323c,This is too good I love this app ❤️❤️,5
f1fcefe4-462e-4dfa-9e2e-01315f12f368,It's very good 👍😊,5
c902743b-5e5c-4fb7-a703-9c41a72ba9e3,Sabse best apps,5
38ffc333-4e3f-4ab2-9a7d-849380615fb3,This app is good but koi bar bar id hack kar leta hai,1
c630f4b0-cafc-4c23-a032-9a2946a17bf2,Amezing,5
d84a4c8b-d44a-48d0-a676-74160f6cc252,Good,5
65ff79f0-1ec3-493a-8b8c-5219d5342c36,it's amazing,5
fe82b7be-8be1-42b3-bf42-dfcfe0e7ea11,Super,1
da43595e-23d7-403f-a71c-2512742135d0,This app is very useful and good but there is a problem when I try to zoom it did not work and even the effects also didn't come😕,3
12999469-9f74-4fb2-8233-b51996c27fdd,Acha he,5
2f84a4b0-5ce9-4167-ad9d-15bcc6814390,Dark secret,5
53ebc41c-3f8d-41e3-9df2-ebb605554427,Nice app,5
cf2b542f-e017-4e87-b22b-005bc1b1b490,This app was so relaxed and tested,5
94a01d71-2c1c-4acc-a966-d6edc31b44b2,3rd class,1
ef99ad74-b390-4072-8b0d-053ffa3fbbf1,I love the app very much 🥰🥰,5
a9d44d10-7a79-4ba2-94b2-e806cfaf58cd,Good app,5
12402f49-bbd3-4291-a4f7-e7717caba349,Ten over Ten,5
35c2b1ca-f5f8-4dcd-b145-36e6fcd25267,Trash support. Can't contact anyone to fix account issues. Help center just sends you in circles. No one to actually contact for support. Login emails never arrive neither do text messages. I know I'm using the right phone number and email.,1
7a6dfbc7-4508-4c00-ac65-d0c3b9e14e7a,Ok ok,4
aadb22c7-ee91-4e42-8bd9-36c873d68f92,Nice,5
d81595b6-c0e9-4e8c-8303-4961e3418990,"Very amazing app, video song editing is also great, it is a lot of fun, it gives a lot of pleasure to upload videos, thanks Instagram.",4
d123d121-0631-42f2-8cf8-63a2763cd960,Make more updates,5
66863505-582a-4708-99d8-4e1219f2aadb,Lovely app❤,5
3f80128b-93f5-4364-ac37-5e1bc19d367a,Attractive,1
163b252a-79b4-4a0f-9a42-281029c0c336,Very nice,2
ee819b05-30e2-4ef4-b424-8371ebbaa7fd,Good,5
2035f043-38b6-465d-abfa-14d22cd57c42,Brust app in the world,1
3e98d09d-cf6d-4986-9140-db29df0440dd,Good,5
d30926f9-c1c5-4139-b031-88a01c9d2687,Help me follow back is not working,5
05b6bcd9-36a4-4017-95d0-7df2233696dc,Using 5gs of data in 4 days just for having the app installed is kinda crazy,1
5857ce48-273f-410f-be28-cb08ab3c816f,It is very good app for sharing our good memories and also it is earnable app .,5
2b3d6f89-b9ee-47eb-85f2-e190cf05a5f4,m pm o..,5
0cba5d7a-8ffe-4add-9406-5c8e65a2608d,I don't care for Instagram.,1
1ae9307d-7754-4d08-b3eb-e9185ef4800d,Hey instagram team Mere instagram ka story atometic delete hi jata Hai post bhi id show nhi krta hai Please sholve ko Sahi kardo na please please,5
d8620f2b-b5eb-4f36-bab8-8ffb04c04aa3,Deepak singh 🔥😎🤟💯,5
a7587cd7-169a-411c-be35-df4042f7b9e5,Loveable,5
e77042d0-5f44-4ec0-9c75-033703949adc,Ki,5
dbc70ed2-234a-4dbf-b46f-3b647ebc12e5,Nice,5
68c9d369-2474-4d7d-950b-2bde30cff3bd,Quyqhhayga I'm,4
ce194a18-9dad-4d10-bc3f-bcce256986ab,Superb,5
ab4f6f2f-56a4-4493-80fc-1e0014c834ae,Good,1
2b28dc19-c392-4584-9019-3ffe4397a1c7,❤️❤️❤️,5
ca968d68-31fe-4f8c-a67d-a13e8914c9fd,abba yobeABBA,3
6eb1c02c-38c6-4691-9e86-bdf4f0effa1b,Isse zyada jhattu app aaj tak nhi dekha maine....isse badhiya app toh mai bana loon Kasam bhagwan ki agar meri gf na hoti iss app par toh install na karu mai isko.... Itna ghatiya app bana kese liya.... Matlab itne glitches hai iss goo se app mein jitne pure social media network mein nhi hai....i don't fw u guys....i actually see u all as an opp,1
58a01e33-06ef-458e-ac18-6e99ff5fff15,Very nice Instagram,5
4139e944-9bd1-4a30-9836-68dbf5e367eb,Nice app,5
e69abcb7-36ac-42d2-a2f6-4f2335b7940e,Amazing experience ❤️,4
94fd6c75-e412-474e-8597-07de285e625a,nice,5
f88a1103-202b-49cb-9eab-63276b882f23,I love you my Instagram app and Viral my reels ❤️‍🩹 please support insta family love you 😊,5
f180ede9-fc1f-426d-8664-b3b6ff735843,It's actually great,5
6557f078-f59b-45d5-bd64-5c70bd160609,Insta just block my IP i just upload my own pics. Never copy other person's contant still insta just deleted my id and ban my IP and i can't report them. Very unfair,1
1e5d9868-692f-48d0-ac90-0463fc0d5ddf,Nice app,5
da91c144-e626-4026-9e39-4b657ada723c,Nice app,5
4731bc96-0de3-43f4-bd07-0e69c19d42e9,सेss,2
09bef458-efcd-4bd6-9de9-cb2b69dc780d,It crashes when uploading photos,1
0337a9ad-fdc8-466e-9d6d-d6a4c3262b4d,Very good👍 experience,5
0cc1883d-4750-49bb-9471-ac8acd28253c,تطبيق فاسد جدا. يدعم الإرهاب و الإباحية,1
c12ca594-c956-4cb2-93bf-17257eacca62,⁰ brCR f .m ki hy fr by . t... By de ut,3
5e4e0f81-1629-4125-b74d-a4355a949b7d,Good,3
7fded46a-7162-4f27-ac97-10618fba767f,Cool,5
18114c27-d9df-413a-aa8c-c696dabd3509,"loses messages constantly, they just disappear. annoying buggy app",1
c533c2f0-6d7e-457a-bd5e-4309d00074b2,It is a trap mark my words it will destroy your focus power and your life by scrolling on instagram,5
9d008cf0-4989-49ba-9e66-241e8f1344be,Thank for 1k followers,5
a6cd3d1e-99a1-48a0-897b-fc65a8bf0ded,Please Instagram my product sell,5
c21a3115-b388-4402-89f2-471e7e4e4639,Good app,5
ee443859-af4d-4855-ae88-58fb5c3b5f7c,I lovet,5
c08cf946-312d-4d72-95ac-afe906b72ab4,"I try to edit captions & it won't let me, saying to try again. Or will just leave them out on a new post. This is at least the second time this has happened.",2
598cf253-f3bf-48d6-ab78-df4b8512a8fd,Very good 👍,5
2bfe8c2f-f174-48c9-b828-bf4620cdc1e6,Goodnight uffjjyx Fjf Fjgucu Wls Dizo Sis Sis X,5
0f3ca7c3-a6cf-47cb-b010-79f8fd33f985,It good,5
cd798d51-a93c-4a83-9aea-673e3a45d87b,Me,5
9678f64c-cc90-4e49-8588-3260e472771b,This app is very nice for chating with friends,5
8f3cf359-3f3e-495c-8c7f-936dece9a0a2,This app is very super and more posts and more followers... etc,1
1908d199-5915-4415-93f5-36c1df3c2f37,Good very good 👍😊,5
111ced90-819d-4060-8eb9-35c78b75f767,This is app good and bad time waste this app 😏😏😤,1
86784616-3bf5-4622-808b-b7398500a906,Nice​ app,5
9281efe2-667a-4b7c-b3b7-44d522906fa4,5star,5
d124d9ef-4d33-4ebf-853e-3a5879685ef6,Good I like it,5
3ab103d9-edb9-4542-9b27-37a189b35c3c,Manage likes gone? Why tho? I'll never be able to back track again😮‍💨,3
7199c95d-41e7-4a73-9b65-cdc769999006,Good 💯,3
2993d0c0-cefc-4e66-941b-f6838f60dfb5,Superb,5
3deccc08-835f-47a5-9345-8058c9e548ef,Followers dedo ig - aarav_anugrah7,5
04936914-5ee4-4566-b256-75e9b910d196,Network problem,2
59a5c7bf-e1d7-47da-8eb1-a53c0206aa0c,Perfecto👍,4
11595a65-28cf-444f-9354-2ee4e29a1257,Please fix technical errors,5
dc1f6ec0-640b-445c-856a-cae4d00b2909,just wow,5
93aa1b9a-91fa-4a27-a6b9-0135df417015,Bts love to have a friend like me to do that and insta it to you send the mind to the south side and I can go back and see what happens when you come back and get the south korea enemy of you send me the south korea enemy of knowledge that make what you are doing in tamil and then make you a better friend to help to get the ball in tamil sankathika and get the ball in tamil and get the mind off of it and get it to me and then you will have it for the south korea enemy of you send me the link and,5
55067778-5fee-481d-959f-eb034e6f60dc,Notifications are not grouping,2
10c697b4-bed3-40e4-988d-1a861ef195b1,❤️,5
d7135fd6-d6cf-47f1-a7a7-28d7952fe7de,Super it will change your life,5
d1baf020-3402-4a0f-8836-b3f807332488,I'm experiencing a bug because I can't like anything anymore 😭 I can't follow those who follow me 😭 I can't even change the settings 😭,2
ddeac983-b2ee-44ac-940d-1133919f99e7,my favourite ❤️👍👍 jaan💞,5
a52e18ba-3186-4122-ae84-fe8b6eb0afb0,Good app,5
de5a72bc-aa94-4db8-9fac-be82c48c1c63,Love this app!,5
fbf4dd30-696c-47df-b68f-36408b65a0ad,Osmmmm,5
10d81931-91e3-460a-a33c-3f683d6e73d9,My personal channel,5
bc60953c-20da-45d8-bfad-858ee6a44288,Very nice app....❤️🥰,5
6ecb6a36-03ea-4ab3-83be-35757d3de7af,Excellent,5
4a561a2e-a969-433e-a052-64ed118bba36,टैंलेंट को बताने के लिए बेस्ट Instagram,5
8755130f-a547-468c-b45c-a973217b01eb,after updating the app it's not working properly 😞,1
3529fc52-99c0-40d5-8b9f-87bf5c4e0e37,Best social media app,5
9d88d256-83d7-49c9-aa58-32dcedb125de,Instagram is great and good to use. Thanks,5
39d13a2d-d32b-4ad2-b1f6-cd27b091ee71,Very nice thank you,5
a585c7ec-7f82-4acb-8a46-a390751a4f07,May problema po sa chats. Kapag po kase nag eexplain ka nang maayos tinetake out of context bigla e tas biglang hahahahaha,1
083b9fee-89ec-46eb-8ea8-9ab3fc5be1c6,They give me community strike but Some of thems continuously give hate speech and slangs but instagram do nothing for them....I hate this app😡😡😠,1
ee3becf3-362e-48d1-8b2a-06fe7c0568c1,Outstanding 🔥🔥🔥,5
ad6d1e48-a402-45d6-bb17-c810fb29a73f,Good,3
f1168420-8c51-4f18-aa84-ec8784846a42,amezing 🥳🥳😍,5
640cdadf-8442-4ccf-b448-1fcdac28cef6,Exceptional experience,5
3cc4badf-a48a-49bc-86a7-bbe61b06b872,Wowww,5
ec90b981-1398-4fab-b635-487892dec0c8,Addiction,4
9e38f7fe-536f-4ae2-bf3d-c8300bb67430,Bohot mazaing h,5
e2f3b416-2376-430b-9c78-ffc2b1066dcd,🙂🙂,5
1aa8f92a-6f23-40cd-9b50-98f8a900f53d,Good,2
a96d6238-d605-40dd-ab5d-3741f159c5c4,Very good,5
4c70f18f-1e36-4cc9-8d2e-0985d83e5aab,Good app,3
f63c70ac-dcfc-4d20-86a8-f06a42517b08,Very bad application,2
cdd1323b-066e-45fa-8313-aeb9c7683bd4,♟️♟️,5
ca405eb7-d407-4230-8971-be425be7d46f,Ok,3
2c5c9fa0-d253-4508-bdd2-591c77c257ca,Worst feeling while watching reels ..it always stucks,2
d76a1c2e-97d1-47ad-b66c-d60304a5474e,New update will not save your live video so be careful 🙏,3
a536b354-51a9-49c1-8444-61a7059636c4,It's nice and interesting app,5
a65d21d6-d7d0-44b1-a1ca-8e1729a94c01,Nice✨,5
f30666cb-eb7d-4a26-89fd-cb8c3fe522fb,Ed in tt,3
f692d38a-334f-4da7-bd01-3539f5c50d75,Really feeling happy,5
9ba36384-4de0-4a25-be2b-0331fdc85d87,What's the problem,5
967bbfe0-8486-499b-9956-a7dc38f9f276,The best,5
db8191c3-b583-4e04-bf76-76da5a373266,Wow,5
8130b6ff-fc48-46fd-9595-4721645df9a7,Superb quality and very good and very much I like Instagram 👌 👏 👍 😀 🙌 😊 👌 👏 👍 😀 🙌 😊 👌 👏 👍 😀 🙌 😊 👌 👏 👍,5
2ea4f0c3-dffa-4ce6-aa3b-7f47f5fbf6b5,Pump,1
4c6cbece-abba-4f97-bf76-1c185f5e5133,👍🏻,5
bebbb232-2594-42c3-af69-a142d68ccbed,This is a nice app The app is asoaologoi kal And moj The Nice App In Ista Gram,5
8c6259eb-c4ba-4145-9838-8cedcb19a183,Good,5
33f46d47-ab85-4917-b345-fe4d869c367e,variety of music is very delicious I want to eat everything.,5
670c14e9-cc8d-4d93-a2a6-98f764c18cb7,حلو,5
0198e433-a568-4711-9f14-37bed401befa,ok,2
b42b3eb1-19c0-4c9a-b072-ce4dd7496237,Super cute 🥰🥰,5
37a58fef-0a23-4c6a-971e-9cdc86e98c37,आशिका,1
4625d873-d009-44c9-8b12-ae34b81d2575,Feeling The Vibes (Sukoon)❤️. . . #naturephotography #nature #photography #naturelovers #photooftheday #landscape #hikewithpk #landscapephotography #wildlife #naturelover #photographer #sunset #instagood #love #instagram #wildlifephotography #macro #perfection #beautiful #flowers #canon #of #mountains #animals #nature #wildlife #photography #animal #naturephotography #Family #Rual #Liifestyle #Crossing #Shepards #And #Goathland #Wildlife #Animals #Natural #Beauty #Nature's #Natural #Animals #Wi,5
9804bcb6-800d-47c2-ae14-b9891ea141ac,Nice,4
ce387578-38a1-407b-9be6-166ceb9f29b0,"Shame on Instagram, how dare they censor Palestinians",1
20ea7d26-c94b-40a0-887a-f6fa41b3d118,Best app,5
26d5fbaf-f4d2-4550-8094-a9f34387f197,Pengalaman saya dengan instagram sangat luar biasa! Produk ini berkualitas tinggi dan benar-benar memenuhi semua harapan saya,5
6f3accba-6844-492b-855a-156ffbafa369,Thik thak hai,5
45a17331-7268-441b-8a7c-bba5b386e8e0,I just hope people can see my photos,5
80ba6bec-9cd5-46a0-bc18-4c6bcc5b7c2a,Mükkemel short taki velet videolari gelmemsi 5 yildiz çok iyi bu 5 yildiz hak eder aga,5
ac01cc20-da3f-4fa3-a9b4-9fb55588c41f,No words for thissss§,5
1264867d-7ff4-46e4-99c2-ea15ae730352,Nice Instagram,5
8ada606f-44b9-43f7-874a-7ed47af1ed6f,Reel viral nahin Hoti hai,5
5e697df7-3a56-42c7-9bdd-ec8026cdd858,Good,5
5972253c-c95c-4234-85d4-507191db093e,Is impressive,5
c5c1f8d6-bf5a-4d88-8af0-d46120d280ce,Connection building app👏🏻😃,5
b5db8d93-cc96-4da6-9943-870581c6dbcc,Naic,3
8eb58532-c496-4dd0-8e84-d32a8ddf4de4,Mast,5
2f2d8f4a-063b-4fed-9ab0-1f2dc19975cd,MD FAREENA BEGUM,2
bf6fa019-8582-45c2-819c-0129d8960b31,"Excellent job done, needs due encouragement.",5
f23638ed-f2db-4b8b-a27d-7077d46c2116,Bahut pyara platform hai instgram,5
27bd349f-54c2-4be0-a71e-84e8aa0453ab,Good aap,5
660a96d9-ec15-4309-b3ac-38bd0c49aa49,I spent much time without any benefits..😉,5
bf448281-3df0-4c32-8368-c987ac73217e,So many update 🙄,1
e5c38ef4-6e9d-4b87-ba2b-3528e435b279,Super video,5
1d3b24b7-ff11-4d21-9449-3bc36ced9904,Love it..,5
38ec3753-8001-48ab-8783-89d5b09f4762,Good,5
055aec49-8cfb-4475-90a3-44e876c54fe0,Very nice instagram,5
630e3d8e-94e4-47b0-8b0c-514fbef9a8c8,Is good time pass,5
48d9f582-f97e-4718-b265-d4718e75ac4e,Amazing,5
1cbb68eb-3a2d-4acc-929e-8bce613a14be,Its Good and great,5
a61a7d89-66c2-4426-b1b3-a04adf214ed1,I love it. This is an amazing app and it's really easy to use,4
affa722d-9634-44ad-a57a-e09f9a8011a6,رید تو زندگیمون,1
4fdace2d-e533-44d9-827c-143cf156db24,Love you so,5
57ce3315-ea78-4b57-9690-2e0cca312e69,I like insta.,4
f15cb3fb-842a-4d65-91a2-2ad832f697d2,I love it!,4
4f73fd69-73ed-4b37-9d6e-9d9e22042e12,Amazing 😍,5
6ca54311-0dac-405b-892a-aa758aa9ae2d,Good,4
13aebd55-06f4-4212-8360-fa75f570a5cc,Very good app i lovit,5
9c8293b2-b433-4f57-9e04-c8e2e006756e,Veryyyy cool 😗😗😗😗😗,5
1cd851d9-10f8-4f55-a6fa-382812045b32,Best,4
84e04d13-dd62-4a3f-83f1-f1d431b91bba,Vishalkumar,5
3d28302f-0d9c-4a41-94a8-3fac101a4ef5,Almeul,5
3631fe39-cc18-45a0-b470-b69b4ba94320,Good app,5
2ab22bcf-e075-45b7-9433-63462805fd9d,❤️,5
4d842e67-7da4-43b8-8c3b-d3c8cdad5609,Good Instagram am so enjoying by using this application great thanks for it 💕💕😘,5
6e3b3034-716d-40fd-8aa7-e4cb17ced52a,Vary denjaras Vary beutiful Just wow 😲😳😳,5
846ae982-3b01-4ab0-92e7-935de7b4416d,I want 66k followers on insta,1
042e93ac-1af4-4481-a243-58a42db12e4c,Bekar app delete kr do,1
20894390-d4d3-4177-bb78-70e2a2ab3926,Sukha,1
9a721ba5-676e-415a-a36b-af0717df6336,So easy to use and very fun and entertaining,5
2d7e49f0-561b-4e5d-8fe5-dc8545d86ca3,Awesome 😍😍,5
7439aef0-ff25-498a-9102-1ceac2ca62a3,"Try Again Later We limit how often you can do certain things on Instagram, like liking, to protect our community. Let us know if you think we made whats heppnd just noy mh reqyste a except poles",1
fe309bd9-8b42-4f2f-983f-c9ad17e81b8c,"This application just make you crazy,, when you're account growing his group suddenly make reports and your best post of account removed because his don't want so many peoples earn money with this application,, he's just want make foolish don't use this application freeze my account all the time , I hope this happened with all ,don't views on videos ,now some setting options hide from my Instagram accoun , and not solved problems store inreview how can I growth 📈 Account name:- maan.tyagi.7",1
5c0823ee-0073-4f77-9dcb-37aae414a71e,Videos and photos not sant very bad sarvice,1
85896f41-4dfe-4b7d-bab7-529656e05ce5,Isse achha koi social media app.nahi hai,5
d5afa29a-c2dd-48d1-9ea4-cb75bcd384ff,Good 😊,5
b097b02d-f3f4-4082-a19e-9cc190ca7c67,Good,5
55c314e5-de4f-4322-b2b6-3794a597b8ca,Bestest,5
bc1b1710-4d62-406c-8c80-bce2d30a3e0f,ବୀରୀରୂର,5
cdeb07d1-2246-4004-a21f-6cfee293cd9c,Good 😊😊😊👍👍 app 💯💯💯😁💯😁,5
35e429ae-979c-423e-9cd5-a4933940c1fd,Hhu,5
0507d669-8741-4398-8311-7205ceee1234,Very bad app. Girls always block me whenever I propose them. Please delete block option first.,1
7a51ac90-fa55-4d1e-9563-6a7691d753d8,New update is so annoying on tap now video get pause instead ho mute unmute,1
583fd58a-8a4a-46a1-b31c-fdf588f992b4,Nice,5
c05ad54b-e124-4f93-9d90-971e2f0fd584,Great,5
e937cea4-e5ce-4c60-a0fc-44a1c43559d4,Good,5
9bc2b7a3-9c63-446f-ac00-81710e5de583,Everything is fine with the Instagram except it's search bar one you interact with an account its will show in your search bar when ever you type I have tried to remove and search it how to remove but it not getting remove so i suggest Instagram to give an option to user to remove suggested account in your search bar when you type something like other social media platform does,3
92d37f84-2784-4385-a999-4cac60aebed3,Very good,5
6ad0bb5a-b7cb-4e78-a34b-02da1522602e,Super 👌,5
0a9f544e-07ed-47a5-a6e3-7f096862d9a7,Very good tool,5
bb00184b-9b26-403a-9d2b-b968c0ba9255,Super 💯,5
83ff8dfc-41b2-4b0a-9bdc-b3d3b67279d7,Good,5
74e66d1f-b94e-40c5-9d64-84474da68d73,Its so Good aap,5
fbfb2535-1d77-412f-825f-edc645823043,Joss✨,5
00afdbfe-6e5b-4864-ad21-246b62252754,Love you insta,5
dc3ccce6-804d-4df2-8bfe-c2aab32d8f29,crewbye,5
29332078-a1b9-4088-9244-207af78bd0b2,Bhot badiya,5
a2eefb61-e4e8-45ba-9643-2502d8a136e2,Nice,5
23f430a1-f72e-4da6-9c52-408e6bf2073e,Good,5
6f6d72b0-e571-4e63-800e-2bf29ae51252,Very good and helpful App,5
bb800c0b-0ad0-4c36-a60a-a8400019a44b,Yabona le iephu ntozobawo iphilile👌,5
495801ea-7a7c-4379-85eb-a3a9497e57f0,Himanshu kashyap,4
9ef44fc4-5936-41e6-b985-3f4a20428e1c,the only problem of Instagram it doesn't allow people to follow other people anymore when you reach a certain point,4
d54c8b56-fc2f-403b-a067-1e4ab8f4cfee,Very nice 💯,5
b16bd3cd-ccb2-47f9-8e63-9134df80206e,👌👌,5
d9733ba6-5c13-47ad-b90b-afcdbfebb97c,Nice application,5
4e2dea4a-b9f2-406a-82b8-df40ac60ed1f,rihamirza,5
d204af16-8d59-4e6a-b487-faba492d25da,Nice,5
78acf197-96e5-4d52-bb5f-c460d6f047da,His way back from the airport to the hotel and I will be there at home and I will be there at home 😊😊😊😊😊😊,5
43d79e76-5ffd-440d-b131-97e0bc644470,Good,5
78bb569f-8733-4e4e-ba25-b9ff3a34284d,Bavundii bavundii❤️,5
abef3eb5-887b-4868-911e-aa07e861961a,Super,5
3931a738-2901-4594-b7ee-3530b38c860e,Very good and best experience but my followers like views can't grow from any of my I'd please send my video in for you page thanks,3
1ad4fbd8-9684-4d12-a7b6-b78b19bb1d69,Good app,5
8b719418-ca08-400b-8dfa-cb298c48dd8c,It's good but I'm getting attached with it day by day🙂 It's so cool,5
d8dd6324-9ee5-4ec4-a0a7-27f0766ba942,Ooooooohx,5
7c2bceec-5ed7-4abc-8571-ea7b97561e01,Super,5
f970c15f-404b-449e-8633-2240ef871f46,Lol Ho GA ya,5
1561ab56-727b-4809-b259-3bc5c338332f,The Frist thing I say is amazing,5
77869042-cbc5-4689-9188-c412eac94aee,બફબપઢષ,3
c8ea5c8b-a457-4f0a-acd3-10d1895a1948,This app has given me my love🥰🥰🥰😍😍,5
be3d072b-24b6-4fa7-9f18-6551efa46a6f,Love this insta,5
3b2d5908-2147-44fa-bb3b-53b1ca851b30,Yeah..,4
7f19a896-de04-4c23-8a9c-239c686f8f1c,Gods,5
c4332489-193d-4eec-84d8-ee3f60926159,"A,M. A B",5
93806587-7c7d-44f2-87c7-40efe63401c5,🥰🥰,5
caa990d8-b769-4327-88a5-e2ab08879e47,Best app ever made my day,5
33c4bafa-4a68-48ce-a630-5eb2be358fe7,Good work,5
9b6a5a89-619c-42cb-b458-ca6cedb3c77f,No unwanted stuff like other apps.,5
f27d0f27-350b-4948-add0-89d30819ac93,24/7 online,5
e6e7eec0-367f-44a6-b435-4de072b9c9b1,"Trash, full of scam ads, copying tiktok, and copying the trashing facebook garbage, is like a politician going worse and worse",1
877cc84d-292d-4ea4-a688-6bb1c85b9377,Nice,5
489fef33-1f65-450d-8a82-824ddaa75340,Good 😊,5
129c18d7-a7ec-4f58-9b48-20218c0eb45e,Nice app,5
94022391-2a3d-4eee-b3bb-6b1dd25cbe59,Nice 👍aap and this aap is vary amazing😍,5
298aa4c1-7d7b-41cc-b67f-4605d5e3689d,Good,5
0ed9f9d4-b1c9-40b7-8896-23531dbdaddd,App is great.Best for time pass.Although the app is best but it need some perfection. First of all Meta should remove chat invite because of it people's dont reply they even can't see chat requests or Chat request icon should be placed at home page which can also notify. That's my suggestion if it can be done so do,4
f7628b0d-597c-4ecd-8220-5ae9ea505c20,Verg 👍,5
59f9f365-f98d-4518-8217-55ff38b14331,Nice app,5
e034aa33-2b92-4abe-a2f8-16f54ccef5df,Nice app,5
748bff9d-964b-48b2-b7f7-02c63812d1ab,𝕘𝕠𝕠𝕕 𝕒𝕡𝕡💗,5
63260e2b-0948-4074-b0b2-0ac237e88d16,Need spot to ultra wide cam,1
6697c526-fbf3-43ad-a291-2c7039fab5e8,Wow💗,5
7efc5496-8681-4b52-907e-09c42c102be9,Perfect,5
f07ac415-24aa-49de-9e3f-678763549911,Good,5
d6f36445-ef0e-4d04-a3f2-f81ef1cc40d4,Nice application,5
97aed752-2dcd-406c-9408-da60e6cd75ea,Good 😊,5
78efb31e-d668-406d-8288-3133e236732a,Abhay,4
a9199d8a-c9d9-45da-9d3b-69430d67da52,"Bad UI, can't even click share due to buttom at bottom covered by Android's button.",1
b751fa07-622b-4c0a-9551-ce9b6c991478,Nice,5
231af424-027d-4abe-b8b6-c8931b56058f,Best of ever social media 🥺,5
84272f76-6d19-4ec1-bec0-4012b6900d41,This is a good 👍 आप,5
d3791200-d87c-4844-95e0-42e2cbf1e561,Opapp,5
201eec56-4bd3-48e6-8526-9e86a7fb459a,Super bro,5
e8ccdbc2-78ee-48bf-9b7d-82653e7dd867,"As a suggestion, is that possible to add a background song options while texting messages to our loved ones, like how you give the themes and all.",4
91f94fd1-ff55-4c97-8241-a5bcf40f285e,"Recently whenever I call my friends the screen goes a lil bit dark and I can't even hear them, I tried to solve it but didn't work",4
bbdb48fc-7cd4-4a3a-aa57-a1005d18c4ae,Not getting views on reels,5
4dcfe7d7-0c5a-48c0-8342-bcc84cffa812,Super,5
7df56041-ab9c-4525-8363-2cdbc6f828eb,hame,4
ef975522-5ace-4889-8762-00ef909b71e3,Why I can't see my friends accounts?,4
db27b230-0d7e-4b32-8cfb-4ec4d6dab457,Just more than expected 😊😊😁,4
81536189-05bb-44f1-a87b-874f46569d20,Bekar hai,5
a66daa5e-0455-4c0c-9057-76cc7996fa5f,Nice,5
b08ac850-9627-4505-b027-eeb4a6dd6691,Prefect instagram instant button now download button now,5
f5ddc014-ed5a-44be-8763-fca3b01ffc73,Its good 🙂😀😃,5
da25c59c-051f-44c7-9d89-f5d42bdc3596,I was able to find tons of my friends and talk to them during the summer. 🫶,5
c06679fa-1725-45f2-9151-e18a29dd657b,Please upgrade note word limit because some golden word are not typed in our note completely please upgrade note word limit,3
284dc5ee-df18-4b77-b9e6-8ff10a6912e7,This app about the app is very distracting social media app which have very bad content and distract & divert the youngers from their works and future so that you have to add time limitation in ur application,1
3ea252ed-dd43-4d6f-96ed-1a62f0d59f85,UNKNOWN ERROR OCCURRED MOST OF THE TIME !!!,1
5a86ed2c-9085-46e4-92c9-01545ae7ea54,Nice,5
88e6c45f-8daf-4107-988e-8513ebc49ba9,Hu 80000pplllmmmmmm।bbbbvvvvvvvvvxxxcc21qa০,5
ba8c56c5-1fad-40c0-be68-c65c5d36afd1,Wonderful ❤,5
15d50351-2e80-48f3-88fd-c06687f6cf18,My account is not grow,4
e9118d69-e9cf-46b4-89e7-944749915db5,Tek Kelimeyle Mükemmel,5
d5bc073d-e90c-4589-8bdb-bbc132565e59,Good,2
69685760-b003-47c3-aa14-718b4265d32a,love U Instagram,5
318db01d-66bd-49e8-87d0-6e79a9f9efd2,Good,2
55d40159-b83e-4569-8386-821bd392d5a0,Daniel 2007,5
5a529598-362a-4355-90ab-1905081edbf2,Boring,1
a64648c8-d533-459d-9c0f-eb467591bccb,Bekaar app Hai mere reels famous nahi Kar Raha Hai ye,1
afc8e658-2b0c-4482-9f8e-dcce5571f0d6,Good,5
33338924-d7f8-4c64-b247-288540cf4794,Rojali,2
4ab6ee97-c881-4bee-83a2-466f1f56301c,Great experience,5
e6280808-4200-4c5f-9681-31301d6c180b,एमएल टी स्पून जीरा डाल टी टूट 7 a good day 54d,4
7ea8b931-8ccc-4628-907d-d3f26ad6a8e3,Awesome 😎👍👍,5
f34cce5a-565b-4432-a3cf-2945219c7b96,Nice Instagram,5
e9ac1814-cd39-4106-b82e-37e8dc778a43,Excellent website,5
0588a61f-3744-4e17-bcc8-ae4e9ca7a38a,💞,5
68c3c6c7-49a1-42d0-81f1-edfe7f365d19,This app is good 👀,1
446e9c20-e1c2-469a-bb72-1c36bdae68fb,I love insta so much,5
c799ca19-c140-4a75-aeff-899764fe5cc0,Worst app,1
01f1edd6-769b-4283-834b-0f56fbc1c2d4,Nice,1
65367a20-5e02-43a2-9c56-823bf96853c8,Not giving views on my reels 🥲‼️,1
6e5c9211-029b-47f8-bcd0-92ecc3c8031e,Best aap for entertainment,5
b4c3c306-1048-4c2d-a58c-0f66204ffa2a,Robie sk,5
0e1dca56-4ca8-46bc-a799-255cbc6efb79,Okay so when you wanna scroll through who your following why does it repeat the first few followers and not all of them?? Is there a way I can view all the people I follow,2
de4182b4-189d-4611-8aea-bf14a1000cfc,Good app 👌,5
3e66f857-dd89-489d-a60b-80fb1b4456c3,Is app is best for chatting💬 &reels upload,5
4fce7ace-bda9-41fd-807d-5925fec57777,Nice app I am interested,5
c910da11-505d-4288-b59e-c6d129ec489d,Amazing App,5
bac9bcb6-a9bf-440d-9b5f-88ab19394f47,Plz vairal my video I love you Instagram team,5
bb0413d8-832d-437a-abf6-e640287ab997,"ang aesthetic kaseee,, slaayyy biii",5
bfad5f8f-20cc-4662-a0d9-e71a1086b42f,Very nice app 💯,5
42722c36-f082-48cd-9eae-61ec32d5ed24,👌👌👌👌👌👌,1
c981145c-7504-463b-b2dd-e72428c34d0f,Good Instagram,5
2b76d576-a0d5-4d0b-8c23-e62f8d0199fd,Nice,4
38fd0b92-b999-4c76-a725-7c2ceebef71f,🔥,5
18504923-f046-461f-ad20-7f723ad8d641,❤️❤️❤️,5
b58f4d45-17a2-4e48-940e-2f98df862c08,Good Promoter. 💝,4
87b4d7e9-e6b4-423d-9253-1032a8ffa691,Reloading issue,1
acc58db8-4b77-4f18-aabd-5c780dfe0a34,Awesome,5
6344b758-f7cd-4e7d-aeae-7b6da07fca49,Tier ie c ka hi t top t hria fow ka e is SL of yf of ha g ta to of p we k St of DG is GL stop Ed HB t,5
1b97093c-4944-4211-ab3e-d2aebb5115be,I want qr code,5
7000e2e4-77a4-42aa-8a40-1badb4a69311,Good app,5
efd8232e-4ca7-4bec-a47b-2db551914e83,Anybody ban the id with fake reports and my I'd also ban,1
b64e341b-8840-48f3-afcc-68774cd05b09,Updating and the beast of the bundle of a lighting the house it is called as a many letters in the better of my life in this channel is called my favourite one in the back side of my life is amazing amazing at all time because of is also a greeting message human grid soap expenses as a place of my export expenses exercises xbox xbox a greeting card for the bundle of a lighting and bhabhi ki video send Kar and we will have e and f hai dukaan and me some time a Gaya hai dukaan se mangi thi ye dua,5
cb329a1b-bb73-40d8-b536-334680d7c9a3,The problem is that my keyboard is not working properly,1
577c4eb5-6bce-4a50-afe9-7de3429068af,instagram or mera relationship chl rha hr choti baat ise pta chl jaati h or wese hi relatable reels dikhaega yeh 🥺,5
9fb5e3da-862a-403e-b8bf-a2e3bb85a7d8,My experience has been pleasant... save for the inability to turn off duplicating posts...,4
733f36a8-3d75-477b-8c41-facc309226fb,My account mein problem a rahi hai call wait karne mein Instagram please my problem solve Instagram,5
33c5beab-01ff-47f6-8b6a-addc6e438696,Suv 500 tata,5
5637fc53-5c27-4689-932e-7aa3c6ae6848,Vibes on hai 😀,5
75009a86-cca2-4fa5-8eac-cff47a9d7cda,Supperp....,5
21637e99-aa65-419d-965b-c30f94eb7834,Good 😺,4
fe12a120-4731-457c-8a1e-66a14d1c5783,Good 👍,5
b3d14c04-4bf9-499f-827e-550d14e76fcd,Good instagram,5
b16e5ed2-f16a-43be-8f5a-60ca4fb2d1f3,I like it,5
45cbe028-e3db-4e92-b821-29a56d0101dc,It band me for no reason,3
fa9ffc31-9a26-4eb9-a1de-d687289ca4dc,Nice,5
e2446ca7-34c0-456f-8616-ee4246573d69,Atml Ym,2
ac50aca9-6924-40a0-acb2-f9c6d6313314,Baby Lodhi,1
2ca35bc7-b41d-4aca-b2cb-80554cae3398,Nice app,5
82b897e1-614f-4dff-972f-84d7acc9e95d,"I have 2 accounts, and only 1 account gets the latest updates. does anyone knows how to fix this?",1
62b647c1-ce25-411a-8a33-99512e74b46f,Lovely social media to connect with world 😊,5
d67ef177-b4ce-48ea-a9f4-c52b586d138b,"as atualizações demoram para chegar em uma das minhas contas, e as vezes até some atualizações anteriormente existentes, mas continuam existindo em outra conta.",1
b52605af-ce51-48ce-9e19-c45c124b785c,Best app for me ever,5
a56371be-9efa-469b-ba55-ce78b2c67ad0,Good,4
a4354fcf-508f-4495-8c78-81c7a765909a,Nice,4
48acd82c-a4e2-4897-9a26-23c747168627,Super app👍👍,5
fffa4b6d-19e6-4c39-92c7-ab56ff3a7832,Nice,5
d34ea361-6e08-40fa-9d4b-d45563b7d5b5,"This app is causing a lot of trouble in uploading stories, gifs, uploading videos, this app is not good",1
c6759f61-e84c-4fcd-a954-ae7b779ebad4,Pagi,5
d9c7366a-30bc-4730-bfcd-6fce7a7cab80,Mid,2
a197966c-f573-4469-8963-f9cc472ec3cb,Hani kunmar,3
cc52a737-bfb6-465e-bedd-6fc5f182e913,Feel good,5
aa143b7e-67e1-4259-b166-d762a37131da,Instagram best aap,1
6a66cc66-d469-410c-ae9e-6229d2c5eced,The app crashes now and then especially when I want to make a post,3
329c23a8-2e0a-4d87-97a6-e24228c786ef,Amazing app,5
ecef3163-a090-4aa1-8916-8e79cb69457b,This is a good app,4
5ab0e699-a52d-49fa-95c3-ae514ffaacdf,Very good,5
e1a7c903-cb29-404b-9037-03eb94633614,MONJ.KMR,5
539165d2-5867-4e14-acd0-d97576c5b4a1,Hello instagram team plz ad yalla ludo game emojis thank you 🙃,1
dd8189f0-360a-4e98-99c3-07a2bfe484b0,"Very good for me, but one problem ,please ban sexual spam.....please",5
78fd835a-13a0-4c03-978a-1e91ddf23f19,Dear Instagram! I want the old update themes back.,1
abaaf63c-f823-4aaa-9a85-15e68150bc5b,🤍🤍🤍🤍🤍,5
bbe0544d-395f-465a-82b9-715b01256c5c,We love Instagram,5
0c4d65dc-ce25-46a1-90a8-b5566c433d86,Nice,3
e4fdb5b5-46b3-4c22-92a5-2fc63e76b631,Nice instagram family like you,5
9f06f46b-9dbe-4578-9045-073e4ba231e9,Nice app,5
82c764e6-c4fd-4d26-b945-0b7ad6cb03bf,Best app,5
71e55ffd-ba65-4e14-ae50-7ffdb7c26ab7,this aap is confidential and intended for the exclusive disclosure information,4
f691a433-d65f-435b-af8b-5a18fb77d005,Good 😊,5
247ccc82-2d29-4fa2-a5f6-b57295da1f01,Nice aap,5
00ea2e56-f971-4678-9052-7371fe1d6568,amazing!,5
0a432b4f-7698-4ee7-a04b-8a5ef3f68e18,👌👌👌nice aapp,3
38cf1b54-f414-4dd9-b291-15653ffe48cf,Ossoooom,5
edf669f3-1d8b-4502-bb2c-7f57080100ea,goid,5
2342277d-cdd9-47a1-8ef4-b8449e809105,Plz solve the problem,5
5b86f20a-334d-46ba-8a53-cf7770454017,Ekdam ghatiyaa app hai pura youth barbad ho rha hai iss app ke chakkar mai,1
741d91a9-74c5-431b-ad4b-6c70bc7c0c86,Good experience but call problems are still normal,3
d0ef49ee-56ab-4312-a394-7334b815cf7b,Only time West student plz don't download.............,2
a84f2d11-5227-43f4-9007-df076d5974be,Good instagram,5
1c7d4656-35bb-443a-b9e3-76d344ee4a7f,Very Good.👌,5
4262db50-6f1b-482a-b5d8-e9481495fc45,I like this for time pass🗿,5
0ad622d5-5420-45f4-8922-a74928dc5f68,"Ni aand good,,,,,👍",5
d4e1ceae-bf7a-4873-ac49-0740be984555,Super,5
83215389-a2c5-4d62-858d-d21094f1e2b3,Nice app,5
1929351e-7a7e-4dda-8dcb-cf606b8a66bc,It's osm,5
cf17e332-9b48-44f6-be17-4696dd3c8d6c,Don't download this app ik ladki be nahi pat Rahi hai yar My account _xx_d_o_n_62_,5
92941927-37ca-47ba-8e96-017e9ad26cd7,Very good,5
62a2c9bf-e2ad-40a0-8d22-96e33e00eff4,Can't still tag comments to a post when I want to share to my story on samsung,3
ffe1ecb9-5c8a-4718-ba07-411a092fbb0a,I love Instagram,5
d4bad37f-cb51-47ff-87eb-24009c816235,"This is the best app I have been guys,, keep on joining and meeting new people in the app . Good luck",5
ce4edeab-989d-4858-9c26-90e5aab53464,Nice,5
15d9474d-a213-4329-937c-acb3831aadb1,Nice,5
e724d9aa-9239-4b97-a8a1-c250630a78fd,Nice,5
e8486d39-bc0d-4e9f-9d16-df084bbb74f2,Super,5
11a83cd8-8723-4f0a-bf45-b171ca9d7fe7,Awesamo 🍌,5
90f16e37-7608-4519-9ec6-0b5355d5b49c,Please install the Instagram,5
3a264675-297c-4225-ab66-26df29706d31,Nice,5
c66b9c3c-90b1-40a1-b8a1-f3022afa3c1d,", 💙💙💙",2
0f993aa8-8fa0-4b2e-b382-8c04bbd75c82,😍😍😍😍,5
99be2f53-7a93-4d72-ad51-df6eccd7eed2,🥰🥰🥰🥰,5
ef221bb3-7ce3-49e8-9bd5-d99fc7cd3df6,Excellent app,5
b1076185-5bec-4a28-8c6d-c6131d97ae76,To you to beater,5
9fd611d2-5505-43cf-be21-592d075edee1,Issue on creating new account.,4
38ad1284-02b2-4d8a-b666-1fd43d7cd49a,It is good for exmpend time and talk with friends,5
db72d335-8c2c-4bab-a609-c19fb5da0cca,Note give the value for nice content,1
aea2299c-c82a-4542-977a-4da2ad8158b8,Masha Allah,5
cbf2c28c-e181-47a9-bd20-d94e3815c181,HAPPY,5
619373e7-0295-4a4e-a481-a95cb90a707c,Update new,5
eea9281f-771f-4d36-af94-240860cb197e,Can u please extend a min in a story it's easy to put a song full,4
ba3d6b64-194a-4fc3-9d12-d7ced778ab35,Angola,5
9a26a1a2-2197-41c2-984d-4be2ee42593b,Internet problem..,2
5ef85412-ccb9-461f-9865-7bbb36730f7e,Nice,5
4e857087-a81f-4f70-9c94-a9fdc0c68ee2,Wow,5
4c814ced-6931-4669-aec6-fd9feb3945bf,This app is biased with muslims and restricted all Hindu likes and comments every time,1
4672b11d-e055-45e8-8992-548aca84538c,عالی,5
8b6849bc-e371-4538-b113-c849ae96f69a,Ritika😡 ব্রো,5
a207eafc-8046-4dda-852c-86d7a0c7d501,Great,5
1be66ae5-9f80-4a97-a78b-6f81c30c3005,Good job,5
f01bad9a-16a4-49b3-af70-f5dfd219cc30,I like it,4
ad17ab0e-160e-4d43-81bd-ff938fb1d80b,Tumne meri zindagi kharab kari hai magar dekho haal kaisa hai mera mein mar rahi hu,5
54a72d65-595a-45b9-b29d-9ac647dc6987,Done Best' Bskwmbf Shdi,5
9b20cfcb-b1f1-4651-8334-0badbe70d098,Nice,5
baa19f60-f930-4879-89f4-3e3417f56135,Jayda pareshan karta hai password bhul jaao to,1
b6e2424d-7c28-4c5b-ab8e-ccaa81145ad2,Meta can not support Instagram.My account has been blocked and it took a several days to restore,1
21a93bdb-3840-42df-9511-2f384f9f249f,Good app for everyone,5
f2d7f1be-ceba-4da4-b4b3-44d3874bce67,M. Sami,5
46527136-151a-48ad-9d5c-af042c5aaeda,My Insta doesn't work properly,5
3637a0d6-6123-41d0-910c-ea6e93d42a9a,🎀,4
1445aad4-d60e-45aa-b33c-7fb9f28adb4b,Gud,5
f4c0946d-4027-459b-b9ac-365ac71366e6,"Hihly censored platform, same as Facebook. No freedom of speech and women can say whatever they want against men, but the moment men says anything not even rude to women, account is suspended immediately.",1
121a469e-76f2-499d-92b5-c3a1f1afae2a,Excellent 👍,5
ae1660d0-89e7-41ad-9322-1c55af52e1dd,In new update filters are not working and camera glitch,1
a96c72ad-8971-4a4f-a340-dbd75fa5d90c,good 👍,5
b94275aa-43e3-47ac-92cb-eb5c363332e6,❤️,5
7dd31bec-52f3-4355-9d34-6c6b96c8d543,🫡👍🏻,5
b869e6e8-9a64-47b9-a555-9cd5e1792e13,Its awesome 😍❤️,5
1b15abcb-23fc-420c-b96d-a721f5adbb81,👍🏻,3
9e05fe66-7f0c-4b85-9954-708705645d3b,খানকির পোলা,3
4a6f0c46-1a58-4ba2-8ff6-8ca088b4bb37,Amazing app,5
b70c8e86-3cfb-472a-97e7-cb644aa507b5,Good app,5
7f4f498b-0b23-4102-b063-1f5942817176,Why would Instagram automatically upload to Facebook 😡 no matter what I post I was only able to turn that off by going to post a picture and go into advanced settings below before I hit share. But before you get to advanced settings it says Post with Facebook but in advanced settings it says share automatically with Facebook so even if you turn off the first share with Facebook it will still automatically post the next to Facebook 😡,1
b20a0a3c-a233-46b1-91bb-aaea09386cc4,It's very nice and beautiful and gorgeous in the morning time use,5
c8d111c4-492e-4c33-899c-e470e061f496,Best ap,5
adb3888e-0996-4409-9b54-82b5071a31a9,Very nice work to Instagram 👍,5
dacf783d-fe00-448b-826e-c1368cd103a0,Can't click on stores on pages without crashing:/,2
b7012e5b-6be2-4e81-a55e-ab9777dd7b46,Hay Instagram video call biji ficharsh lao sir,5
7dcce060-950b-401a-87e2-08bf824b519a,This aap is very good and outstanding,5
ef98716d-98e1-4e9e-8dbc-407ab09f4a73,Drop mo IG mo,5
c94cb956-d3eb-417b-975f-19af8c02f9bc,Nice app,5
c143f35c-ecf1-4c2e-bd43-3b19b504b2b8,Wow......😊,5
d4d7ce9b-246e-4b73-9d38-a245f9bbec76,Apo probably problem,1
b20c265c-b8ae-42c4-b4c2-c4b66dfbca35,This is best for me,4
bba33c85-b594-4018-bcc2-be375f0006c7,Thank's my love insagram,5
3095182b-643c-44f1-9a45-7d1c16054940,Its very giid app,5
28e0a263-b3e2-4894-abe5-5642e43685bf,Don't worry,5
03df02ad-d51e-41cd-8306-cab5aa41f322,Good,4
ad1eafe5-7000-451d-a729-3d16c35f8574,I really love this app it always helps me laugh when I am feeling pff,5
3213493a-ae6d-48a2-97b1-11df16d1a51f,Good,4
cc0a5f7a-5179-4b25-a50c-828be6e461af,There is problem with captions..,3
91d49712-e483-4739-9e43-d93d842eeb44,"Love love love, topnotch app.",5
66a5f1f5-a1b2-4fc5-bf6e-1afa363a6aaf,Nice,4
63ab7392-5eec-4a20-a224-b7a307ae3447,Napaka,5
4d4939ab-ba47-4db8-95ad-eebebf337cf8,Not for student 👹,2
37bc3214-2b1f-4de4-96ed-7cbd09b4b3d1,👌,5
215f4a03-3dbf-4ccf-9cbc-7a725f04c72f,Thank you,5
20227072-c1fd-42ec-8714-782531249cf4,So lucky,5
5e7644a1-25e5-4794-b60a-68abbb7a0d9a,🤩🤩🤩,5
5e960751-6f0d-4e5a-be9e-9ab0f6718229,Absolutely love 😘,5
03aa8b9c-0e79-4ff4-b85c-e67085ca81a8,Superb 👍🏻,5
7e6b433b-1c3c-4fd2-bf60-7a81f5e475bb,Good user,5
8c8d9c0a-6098-4fa5-a04b-0d8e623661b2,Oh,5
828a9d0d-bfea-4eb2-941b-23d47e94d6f0,My my opinion is just awesome.. If Instagram is on right hand s,5
6c3cd784-31b1-4069-a013-8f8a8d9bb9e7,Modda loo app bro edhi chusi nenu chadhuvu denga bettukuntuna .🥲,1
1dfc249e-dd96-40f5-8d1e-9f3b8fe41187,This is a good app .l am used is app .l like this app . thank you...,5
6f230a42-3779-450c-ab65-dc9823f4646a,Nice app ....I like it very much,5
ed46c7b3-2ead-4904-a8f7-24600bc0da55,Excellent,5
5bfe9cc3-c5d7-429b-abe4-c419721351d2,Very good app,1
3de47e01-2220-427a-a61c-9dc5dac26040,Nice 👍🙂,5
ea15833e-a1a0-4a21-93cc-43d801a1c9a6,Smooth,5
2f2e069a-70eb-4385-b7b7-03096ef7e27a,Nice,5
4a976991-e8c8-41ad-8251-eaf4bfcdf5fc,"The app is very good and i like it, In the app fav is reels 🥰❤️😍🥰😍🥰",5
f501675f-d10b-426f-93a0-24903a14137c,This app is amazing app,1
b80cc6e4-bfe2-4c77-a784-4ae14cfebb30,I LIKEYOU INSTA FAMILY,4
8188f418-7bf9-4a8e-bc54-aa20a9891dbf,Nice 👍,5
823aa589-0210-401f-9a52-edfefc2ecd5a,Five stars,1
1c018b9f-dcbf-4e55-9150-d1e03d4bde4b,My favourite app Instagram my jaan,5
4ea50967-e78f-45ab-bf14-41336796793d,Massage invite Poor 🤬,1
883a7c4c-23bf-43e2-a97e-bb549e60f04f,Happy with it,5
90fa0f4f-b3be-4ad2-b998-1370a5a130f9,Beautiful,5
8e686f57-ed6c-4cb0-afe5-a474d845dcf7,But you,5
62c1fdd3-24e5-441d-a255-3baaf2f69102,Instagram is a waste time platform,2
f850a495-7d56-49af-8fd1-4559b8528c54,Good,5
6fd10f33-09ac-4ea1-bf9b-665b34a07568,This app is wasting my time,1
964cf83f-2972-4dea-94fa-c176e12f9dc0,Please check app,3
a42d3176-d41b-48fd-9672-a2a4c9212379,Fantastic 😊 Instragram,5
e4433f47-ac7f-4dbc-975e-0e00a50a8095,Good,3
7b18344f-40bc-487d-ac27-51d68c3093e4,Nice,5
a6b68a88-6011-4185-8ed6-396c4dc19f34,Love you baby,5
9a5c1a5d-530c-4e90-adcd-f90e91ca3a7d,Very good,5
06bab398-2aec-4f66-8042-c7945f0a3980,Not working in old Android phone,5
5192907a-d6a1-40cf-aebe-5d422bc077eb,"Desde que se fusionó y es Meta, cada día está peor. Intentar subir un video o una historia es una lágrima, debo intentar muchas veces. Lo peor es que meten actualizaciones para mejorar pero no mejora en absoluto.",1
2a6ab9fd-9fcc-41ac-9118-5974bd4b8b47,Good,1
9065b14a-2de3-4366-803d-66c3a89072f4,It's app is very useful,5
9d263ec4-db4b-4da9-9584-d009d3541329,Papu,5
18ffa14a-d3f2-46d2-b8c4-646ac0826b6e,Nice,5
9330fa5d-5f83-436c-af6d-c6c9a42af274,Yes sir,5
33d09716-539a-47bc-a084-f6f48bc9380d,🥰🥰😅,5
a82de424-19c4-449b-ab55-612addb0dca8,M-viral67 👈 YouTube channel subscribe Bhai jaan ❤️💯,5
e480f29a-2a69-4a7c-a83e-60fd6e972c8c,I love this app .I almost scorling instafeed all day .I love to make reels on Instagram.,5
06b9d0e8-8c54-44fa-ae94-dc3e549216a5,super,5
bd7e1f9e-f79c-4c97-bdd0-6a1b26e9804f,Amiging application 💗,1
8271e158-fbf3-4849-9dbc-6a75f0ec7a8a,Bekaar app hai ek bhi girlfriend nhi bani,2
4522b8bf-f341-4e19-a4d6-9d7782a7cb93,Next level,5
0d448aa1-6643-41e9-b89b-d6ad86f83426,What the hell is that archive story... Now I can't even find my own story where it is??,2
98d72999-39c5-4c04-8a0b-b7afde712a5a,Hay,5
03adfadb-d512-40a5-8fa3-7edf364f6c07,Its very good,5
4f21914e-1eeb-4247-9bc1-3d5e7e86b84c,😎😎,4
6e2e1e3d-908d-436f-b227-fe7be4ee38a1,❤️❤️❤️❤️❤️❤️❤️❤️❤️,5
6344fa5a-1d78-401a-a909-e86087b6777f,Bring back the voice this on the videos,2
c2d25912-eec1-41be-91f0-5162a50ceef0,Good,5
28a88b7d-472c-4298-bd00-a4c4e1b55183,🫀❤️❤️,5
3c197689-cabb-4018-8689-4d6383b819e7,𝒮𝑜 𝓃𝒾𝒸𝑒,4
4333254e-8d95-4195-9131-79bce47714fa,Kitna paisa laga bata 😄😄😄,5
440c719b-4d04-413e-8db1-982569e980c8,This app cut my under chin area of my phone,1
c506d58c-abb0-4fac-8d74-7cbaf87789bc,😜,5
26e4a9ba-3782-44b0-ad83-b214ae12e296,Improver....,4
693479f8-f181-4bf6-8249-f1bea8181d20,Badiya.,5
ce81056e-daa9-4b7e-855c-fd102cffbfa0,Nice app,5
a4ab0a9d-0a4d-4bc5-bde2-9187125fbaa4,Can't follow any body as its keep unfollowing done everything and nothing has worked,2
b9ff5d67-f8ce-466c-84a5-5480982fc40c,"If the monetization didnt go away for small creators like me i wouldve rated 5 stars, really awesome app if u have control over time management otherwise its addictive and not good",4
d1d4ec8b-872c-4a96-b739-001fcd812f2e,"Mera insta I'd :- Chauhan.boy,8 hai agar me reels viral nahi hoga to Instagram download kabhi nahi karenge",5
923cfd26-0035-457c-ade8-b8cf11935ace,Perfect 😊,4
25b80400-a5f0-4f54-8683-ca30f357da31,Fair,2
2f7a8c92-be03-4ac3-8264-eb6510320bb7,Good,5
27e322be-4945-4b5a-be34-c558e311875a,Very nice app app and very creatable,5
51f0e109-f588-4499-8c5f-e5655f195e52,ववव,5
e11c3b10-f496-4fc6-ae6f-103e270ee24d,100000😀,5
465fd9af-0eec-485c-b9cd-106071b481d7,It's really great.You get a lot of trends in the app. I mean it is very informative. I like it.You enjoy as you go through the posts and reels.,3
3d56c6e0-cf90-413b-b3d0-6393108bc645,HJUUᴜᴅᴅᴅsᴀᴀᴀɴʙʙɴ,5
b4a1db74-710b-44da-afea-5b4e2ee980b4,Good,4
742a17b5-d510-40e1-95c8-2024f8793a04,I can't like a reel 😡 worst thing happened 😔,2
5df152ad-490d-4b50-8baa-e28a7d725813,Beautiful beautiful,5
e9d3a363-d45c-4cde-b468-692e48450b98,Jkjji,2
dfdec5cf-fec4-4401-9580-aa22d6c2f9e2,SANOJ KUMAR MAHATO,5
3d600920-723c-44c5-8031-b5bb58f4bbf5,nice,5
b438fd89-6d45-477b-91fb-a3b2f8b49fc5,Koi ve install mat kar na 1v girl msg ka reply nahi dati,5
1616792a-3386-4e01-911b-ef5c4f1d5695,Good average,3
5f23cbcb-641e-45af-9720-cbc0356cd52a,G y fgj x ya,4
3ef41d08-06e2-4060-b170-b309a9f429b0,Instagram need minimum 20 second video upload rule. People upload 5 second 2 second video that irritating us,1
cd02cf6e-28fa-46af-8f31-6f7207ec0655,Mast,5
fbaca24d-56ba-4537-9149-fc59af1e1410,Great 😃,5
9ee26b18-9835-45f6-9837-2d7dcf276676,Good,5
08267d79-58f1-4c0c-8f25-dced8de231fe,This is a great app,5
3ea735c2-2f92-450d-bf54-efb1f255e3e2,Very best app for chatting and enojoyll but much time are second not open 🚫 please solve this problem ll,4
8c9b9c1e-377b-4185-bfa9-1e8dc1e7500f,It's a great app. I like the way it is😊😊,5
8f8f40bd-7ec2-4bc1-aa19-aabd405c7de6,Nice app,5
5b214737-d50c-4a29-9150-da66605947b3,Shivam,4
f47183bd-6bc4-4ab0-9752-0e0c99c5d25b,good,5
3ac37f12-c214-4e7c-ab5d-904b2c846fa1,Very nice,5
829361e9-64cc-4993-8a09-cb135c0bf765,लाइक में,5
0ec44fea-fdff-46b5-9dec-58605badf005,2 Kodi ka app hai,1
53cf5bfc-7f13-4cbf-88aa-d1161d09552d,Super app,5
f0666bd4-e353-48aa-84cf-95e292e18818,Mind blowing app,5
38c5ea29-d14f-4d35-822d-5e32d92b92e8,Best .,5
fa733ae4-4668-499d-90d3-d928a6d8cebe,Instagram ia 😍,5
97850e8a-f13e-474c-9e50-da9fcf4e18b6,Best app....,5
5df2725c-c915-4032-b455-e2508a3c84d3,it stopped me from following people but I like what it does,2
82662191-032c-45b9-a4b0-59992d952f24,BAT,5
862f3ae8-8dec-4670-93d0-d219ad8ae22e,Amazing app and social media portal,5
38becaea-2018-4d29-804a-4e9c4e6ae959,Rafeeq Malik.,1
27953048-6c62-475f-a340-e2936496f723,Good app overall,4
10f66757-ab9d-4ac5-86bf-0a491b06830b,Yurst theng uver,1
76de0c42-5f6f-4922-a41c-7acbf5b7afe8,Lovely,5
c2aadebc-664f-4b7a-b25f-b755f56b1a43,Super 😍,5
f8eaf4c4-6d2a-4064-9c89-52007d3c63bc,بہترین ایپ,5
e6ee783a-87bd-456f-a716-351f3fa92e87,"So many bugs currently, my feed is showing the posts of 7 days ago and even after refreshing it's showing the same thing. Just complete mess up by insta's tech team.",1
fd875517-c3a9-4c07-817c-88c4d9562830,Very bad,5
f5c65225-e517-40b1-85ee-7d9efc7a70bc,Absolutely great experience 👍 thank you Instagram 😁,5
3a9eb579-1c17-48cf-b927-0743020b11c7,Dear sir....My old account was disabled and i was trying to make a new account but i couldn't login or sign up for a new account please help me what i do for a new account.......,1
230f9532-3582-4f92-9146-fd81247e550c,Good,5
43903bb3-567b-40f6-b7e8-565857e040d3,Good👍,3
47b7424f-51ba-40d8-a289-e517c8f1bd12,"I like IG, but it's very irritating how I'll be watching a video and it just stops before I finish it, then it's lost, up comes the next video it IRRITATES MY SOUL! It wasn't always like this.",3
84c62794-144e-4846-b8b6-ca425885031f,Very nice 👍👍👍👍,5
e8e99553-282b-437f-9a37-62545c839045,Please support me for Instagram,5
92e9c619-8d81-40bf-8e62-de8e6202c204,Hu se,5
edfcc79f-17c1-4093-8443-8e772caffd91,Nice App,5
687cfaec-94b6-4c46-8b98-832c27b340c2,Very interesting,5
d53d31a7-a8b8-464e-a740-4f92f2c08919,Great,5
e1980d78-08a7-4d9f-917d-cf307b8e2caf,😍,5
b5907b3b-1d0f-45fa-b597-5249231ee091,Post,5
fcbe9e80-38e7-4399-a8d4-5f4d953968fa,Good app,5
ce94209d-82d2-4682-bcdd-90bbc8a5d29f,Mujhe Instagram bahut achcha Laga isase mere sare friend mujhe follow karte hain aur mere Baat man ki baat kar sakte hain,5
c1c41aec-464d-4cf7-8ec2-559493cf12ce,My Instagram problem,5
e4d06d6f-8124-4d09-a0d5-023ee7f105be,Very nice,5
5bfaf03d-4e5d-405a-971a-6b6d23e42693,Can you please send me Instagram complaint Gmail no..my insta is not open I want to know reason,1
a99027e3-b723-4875-950b-b95425ba1787,Omg,5
32c9a89c-d4a5-49d2-a00d-6be04a6f5c36,5 starts for being the Worst app ever,5
ccd49a27-139d-4fa9-9873-15195a13e7fc,K Raja Gopal 🙏🏝️🌿🌿🍎🍎🌴🙋🙋,5
74ec1a51-c619-4b88-98b2-43d7e5e26fd2,Destroyed my life,1
0690fbf1-603a-47f3-b2e4-6ac95eec4044,Sai Aung Murng,5
a54062a8-e872-4b74-ab09-0a94d573fcaf,Always hated you 0 star,1
29afc1bd-a26f-4b1e-b7b1-4294facb7819,Very nice,5
fbc61441-58d4-4535-9dfc-8f5e8067b9df,Nice,5
5161ba87-d9ef-4da3-b911-efc2fe8f46d4,Not that much better but have nice filters,3
147242b3-2f1d-4262-b693-bfe340f613a6,This app is so beautiful and useful.,5
858ec639-1a99-43ed-a1cd-89b13d1b7bee,Nice app aap log bhi download kariye thanks 🙏,5
171f40dc-5c2c-4ce7-9560-5ae7546424c9,Awesome,4
917c4d8f-c025-4e4b-804c-53e62d6dd26f,So good,5
fe60440e-65ef-451b-9d5c-89205e819c2c,Good 👍 app's,5
982f0327-be2c-4a88-af53-4e40eb6f0bad,this app is very nice,5
6c02d606-6a0d-4814-83cc-17cebb61e955,Good,5
62bf5ad4-c952-428f-a43c-bd90fd674820,"This application is very good to use , I am making some good friends 😀",5
b4340387-08a2-4fbc-97ef-58c6684eb1d4,😊😊,5
799107ea-d762-47e0-9bf7-0a178a7113ab,🫶🏻,5
cf51d9ba-d0ef-47dd-9952-4c48a80e356a,Wow,5
b2728add-aa74-418b-88dc-effc85124c08,Nice app,4
b824df82-83ac-47d6-8bbb-513ea02eba60,"This app is like e Facebook, TikTok all rounder",5
de635dfa-5490-49e7-9f0e-ae952206ded7,Wonderful,5
c3567b65-cbbb-43e8-8f70-b41e3bfeba86,Data overload in use insta and not popular posts,1
607cc1ac-2c24-4847-b9e2-50b2f49ac631,Good things 👍😊,5
7b27164c-901b-4e9f-8ecf-8ee7de04abca,Good 😊,5
0b525414-614a-4f63-b7b1-e2e4ce1e7bb3,🥳,5
c04f3d05-fd2e-469b-adf7-a070d6eb8586,Nice App to show our talents.. ❤️👍,4
6c583d86-32ae-47e5-8e5e-1b271c9f7fa7,Good,5
41a1037f-38ae-4f02-afbb-015c5b5194e1,Very good,5
a375498b-25a9-4060-8bf4-69530e0390a9,Hi my help trending salman7500bhai,5
7cb67d01-0b4a-45d3-87ca-0bf78c19b99c,Good One,5
940592ae-caba-42b0-b715-46a7822a212a,"App is ok but it is continuously disturbing ,I can't join calls and if I join I can't minimise the video call screen",1
d79f374e-c901-48ad-9843-f966be0a7935,Mukesh Raj ff,5
a3872cf0-1bc7-4d40-b8dc-637f0f2d01fc,Lovely 😍,5
74629502-1fb1-431a-bf85-0ca78e0ec30d,Like,5
56bb172e-dbd0-465e-b7d7-c8c064d70284,Thank you,5
a4069e07-359c-4ec9-a150-37ba8317ea7a,It's a good toole,5
3eb76638-b85c-4cd7-a937-cd4308c8fb13,This is good app,5
bcebee4e-50ac-491c-a3fe-13e43d237c64,"I am not able to send my Telegram link to anyone personally, so Instagram should look into it and fix it",1
9745d5a7-0e69-4eec-a4a7-ad7bb83fa6a3,Location,3
7cf5d89a-7785-4d27-9993-0a3e0d49df83,نجمة وحدة ، لأنكم بندتوا حساب حبيبتي 👎🏼.,1
697d67df-42e5-4224-bc33-73d143c0b114,Instagram team My insta follow button not working I follow after automatically unfollow.. please check my Instagram account.and and soul this problem,1
59ecf68e-5f34-4845-b69c-04be9b8c035b,This app good for time pass and mack a new friend,5
00ba8e19-6c30-417d-ab5d-305cdf009d1a,Good and bad both,5
a5de9c97-e246-4963-892d-01451900fe70,"Is there any problem in this new update, it not showing online or offline, or Same more",3
b7379ea0-fa62-4a11-b8e1-e3d8f8c73d25,I love you insta,4
57419242-8a2c-44e2-bc75-fe38ffeb724e,Happy,5
a683d774-c6df-4a91-8214-4c01aeea04ba,Rohit instagram account,5
f1e9fdb6-a110-42c9-9d97-63529aaaf2ff,👌👌👌👍👍👍,5
189423b6-976e-477e-a366-4b7eb2794f6d,Best,5
2a64ac68-04d7-4ef8-902d-1e1b0ba74f04,Addictive 😭 90% cause of failure of students in exams 😭 fried dopamine receptors and absolutely DEVASTATED teen attention spans 💀 may Allah save me from this app 🙏,1
bce2db07-2a5a-477a-b1f9-c517673fd78f,Very smooth,1
dd115211-e5c6-45b6-ad84-9a5fbe23b29f,6 months,4
fe4ae2e9-1147-460d-8d6b-44e636b676b2,Nice aap,5
6c603ad1-6fc2-4a3b-abac-5ac7b0cb0d03,👎🏻👎🏻,1
152eaca6-9685-41c4-9e43-c01e626aff3c,Most beautiful app,5
7a1b520e-90b4-4c36-836e-1e77a86035ed,Nice,5
fb5763ac-7223-4077-9b23-6494c84dec6b,Ok,5
ddee11ad-8236-4b96-b89b-caaf22486913,karthik,5
c0df3e3e-9754-462a-b151-337c2e60a5c7,Raj king,1
a2ac1f73-4824-4c2f-a10a-d3f1f8bdeda3,ಸೂಪರ್ಬ್,5
43e84d17-1085-4bad-ba35-1f9b3feb3f18,Very nice app ☺️☺️,5
41f46689-40d9-40af-934a-11e7f8e8624f,🤬,1
06ef8e70-e3b8-4b14-9de8-d80cbcc48409,Nice app 👍🥰,5
af781121-ce7c-43ae-bb27-11fc6c3d24e4,Mic quality has drastically changed,2
f25624b6-12a1-4c3b-8b7d-05acc6f56f6b,Recently my Instagram id got disable by you you said i didn't obey guidline but i do i creat another id but you disable again why Instagram why ther will be a lot of friends in it now i unable to contact them why you did it some of my friends have face same problems but you gave them their id back but me you won't please forgive me and recover my Instagram id ashutosh.giri589 please Instagram take a another look i will be great full to you,1
0aad37be-2e86-4697-b661-85805f073550,Good service,5
3e0586e4-2867-490a-9e7c-b3b706eb8c1f,it's just beautiful ❤️,5
d54d97b9-e6e0-477c-abca-09cf9ccd6eed,Nice,5
112299be-0bff-49e4-9ae9-8904be9a7ed3,Sadlo,4
5b70d4cc-6b65-4aad-8098-26114e097695,Dropping the one star...cuz your account will be basically suspended,4
945ea0a2-892f-4086-8603-1dbeddc5c60e,Exlent,5
135ba5f1-721f-465e-9ceb-ebc8dada9e55,So amazing 😍🤩🤩🤩🤩🤩🤩🤩,5
ba2f38a8-9071-4f4e-abde-ecbd26a0a60d,Good apdet,5
c8cefbc0-90a8-4b00-b7b2-d295d248cf08,Nice App Help To Know Anything,5
a1b2c823-0696-4029-ad45-8e82a9477a6c,almost satisfied by the app☺️,3
e087a6ab-b81b-4b9e-8547-fbdf3c26d5a0,Very good👍,5
3f9beaa4-8777-42cd-9a86-c85c9d033b27,Amazing app you see people and interesting information amazing 😍,5
880998ae-2082-47dd-92fc-edf3b364d0e9,Instagram suspended my account for no reason. I would like to give 0 stars . I request Instagram to recover my account plsss.,1
30e066b7-7b3a-4941-ab22-7b1bed6ff0b4,Amazing,5
9ab3df25-6766-438c-ba64-8c4f8f1b6905,💝💝💝💝💝,1
8cc653df-8e4e-4073-989b-f3d63d73c226,Nice,5
80127d4e-f9c6-436f-9d77-fe323fcd2cee,Khushi,3
94ac2d4e-01c4-43ad-91aa-77c0d2f3b0a0,Bhot bekar hai,4
ea149477-9e95-408b-a517-b258c2df7803,Very good,5
ccb83394-2687-4593-962e-1ec075d87c14,Ravi Jangid 000,2
d926ab26-1fba-4992-87f3-ee01327152ba,Har koi mera ho jaye Aisi meri taqdeer nahi.. Mai woh shisha hu🪞 Jiski koi tasveer nahi...💔 Dard se rishta hai mera🙂‍↕️ Khushiyan mujhe naseeb nahi..🫠 Mujhe bhi koi yaad kare💔 Mai itna bhi khushnaseeb nahi..!🥀,5
03d1e0ab-07b6-4b6d-8f20-41f2ce2c0c78,Excellent,1
6371af15-888a-4112-b439-632e38b1a7fc,Good,5
d58ffc09-dfb2-4d81-ba0a-01b98ef95f11,Thanks for instagram,3
feac15cc-e19e-4c0e-9d9a-fa1ff8bbcdfa,Superb,5
533b4a67-4ab5-4237-8a1d-42ee6d141d8a,Its an good app but hard to find followers but still work hard to find followers,4
aa66d3e4-723d-4ae3-b057-60dc355878cf,Wonderful,5
441e6a46-c93e-47c7-b254-c1cc432a39ca,Amazing,5
798ba19b-a3cb-482d-92cf-5532e2945c21,Good app,1
bc98fa70-a7e3-4aa4-af37-10f03f609dde,😍,5
410e5cfc-e1aa-4cc4-9ca8-564953ae9e72,it's a good app it's help to text someone,4
225f8071-3ab8-40ae-805f-7a1ec1f36efa,A 2¥%¥,3
06eade77-2303-415b-85cb-254d9aeb0597,Difficult to post multiple pictures at once..need to adjust the layout/size...,2
b3adbb04-52aa-4e1e-9075-a155df2824e0,Very easy to use,5
e0e22085-d792-4560-a888-ff2f77f75dc7,😌🤚,5
076d98a3-4868-4f0d-8c81-3d61dbe07c57,Instagram is a very amazing app for Play Store I love it Instagram and my family,5
3c0f4eb1-9307-40ac-b2da-a172ee81e6e1,I like this app,5
07133c18-e260-4b1c-b3b7-c72e42433175,Good 😊,5
ffa0771f-99b9-4f2b-9a7e-56c22b688012,Plz let me comment in reels and photos...don't restrict me,5
9b2f0baa-04a6-4b18-9e90-8dea0647d787,Instagram ola bhaia ak larki milado,5
a249e784-2402-4b83-a334-d1946d8f9b41,Rajesh ❤️,5
02259f46-10d6-4a3c-8244-a2eccff4b2f0,Wiw,5
11801c55-d2a2-4173-8906-b38f6d9903c1,My experience is good about Instagram and in my id story is not added to highlight this is the problem,4
f8f0be18-1b12-4b89-8eba-954cc860c930,Very nice but motivation reels thank you very much ❤️🥰,5
b6852ed7-efaa-472b-a61c-a0d6fd3d584f,Trending ✨ like this situation,4
5c1ffc70-e360-43bd-b64c-d571d6b08f77,😍😍😍😍😍😍😍😍😍😍😍😍,1
dcfd0a86-a1a2-40cd-8326-f170bcd17f88,Kajal Bhagat,1
382055a3-41b8-4c8e-8675-6cb90ec77000,Very cool ap but . I thod thod like it,5
4f0c2462-2fcd-4162-a947-fa60afe9edcb,Very good,5
3078304a-85db-42aa-927d-4e0f71dd5b8d,"Yuck. If there was an option to rate zero stars, I would have done so. My random comments getting removed (Those comments were just asking the influencers for more information about their post in a respected manner and in really kind way) by telling me that I ""tried to get likes, follows, shares or video views in a misleading way"". Are you kidding me?.",1
d40b9a2e-1951-4425-9f4d-741e894318f8,bus khali or support karo,5
4f1cb77e-f05e-4d77-9ab3-e8bd45d43284,Very Good,5
627eb9c6-cea4-4999-9ef3-0efbece2cbad,Good service,5
d773e351-fa87-4c80-bbe2-5e4e2510d35a,Good,1
4d0eea79-0dab-4157-82c4-4bf6e6a2ed4c,I give you stars plz you give me only 1k followers IG= techayushrajj,5
76571198-332a-4168-8dfb-9feda76ebafe,Awesome,5
5c070220-e939-4e0b-bc61-c337b61c0fd2,"This app is not use properly on 👉🏻story,message,reels,reload time very lagging and app disconnected to phone I'd log out👈🏻 😡😡😡😔😔😔👎🏻👎🏻👎🏻👎🏻👎🏻👎🏻👎🏻👎🏻👎🏻👎🏻👎🏻👎🏻This app is bad for long time use then other apps So I suggest use only two months on this app then uninstall the app then again download and use for some months so work properly in app all functions in good condition Thank you",3
bec1f3c3-6e63-4c64-b3c7-36ada962f06d,Instagram app is good,5
4ca372ae-3639-4476-9ee0-60d70b6b435e,So useful and generated 💙🇵🇭💕💓💝💓💋💋✅☑️,5
4782cf4c-15f9-4385-b65d-961f7c4ac82a,Ok,5
df653e6f-af23-4071-8e4f-420b36384311,Xfvcdvc hai cvgg hai choudhury,1
fa47d46e-cd49-4731-b72f-dec9bca1b053,Goooooddddd,5
165a576a-478a-4537-9344-73e6a7ead513,Love this app,4
3d33a6de-1cc4-46b2-afee-a7bf189ccce7,Nice,5
c2d43ae2-439a-497a-a251-19e3042a378b,Babasari,1
8154e177-0b80-4894-b3c7-8ddfe360075a,best app,2
2ac937a5-5db6-40e9-ab1a-851244224514,Super duper,5
3fc30b29-3ddc-44ee-98e2-109a511c8b47,It's exciting app,5
437ce401-749e-4d40-8d13-0b88d58034d1,Needs improve,5
4eeda190-8544-4d8b-bc5b-e98bba880101,Its a good app,5
9bd4353f-4ac5-49fb-aa50-b9adf525a9e3,Verii naic,5
eae4d479-a78e-4cbc-9a6f-c273386982ad,🦁,2
8f5fc322-5663-4b79-9b07-4873cfd594eb,▄︻̷̿┻̿═━一,5
5ab90e14-1d2f-460a-92f3-c50caee0fb71,Nice 👍🙂 app I love it 🤩,4
9a2d4781-c197-44fa-9b93-634985e5aec8,Best social media platform ❣️❣️🙃,5
1f51514a-79f3-4a8d-8b92-9e70a6673ca7,😘,5
a7389e6b-81a1-4fd6-9fbb-4dc1e825f5dc,Question🙋 look G,5
496277b5-d339-4e39-adce-cfaf6f1327b6,Remove saved by feature 😡🤬,1
5854b347-598b-43c8-9509-b6a264844887,World greatest time pass app,1
8ea25096-a62d-4e2f-8668-0492431b3117,Ready👍🏻😂,1
36048a40-9b96-465c-b26d-4caadda3ba31,😍🤩🥳,5
26d758b0-790f-4e06-9ddc-39c71f7baa12,Good,5
9ad5302f-8692-4402-a8c3-327491a8b80b,"Liked this app, I can always keep in touch with my friends and also talk to them freely but when uploading or editing videos sometimes I get delay or blur and need more features. If I have to say I daily use this app for about 5-6 hours a day without even knowing that time goes away!!😓",4
70e072cb-5ae2-4529-87bb-163fe1799074,😻😻😻😻😻🤓🤓🤓🤓🤩🤩🤩🤩,5
1574f2b9-644b-47c7-813e-6a3c40aac000,❣️✌️,5
7cf5e66f-0798-41e7-a7b6-b7c8d8b9a9a5,Waste,1
5603a7ce-e589-4dc8-88ce-917ad5208296,I've been hacked and lost heaps of Photos on Instagram tho I enjoy the app,5
4ada7f9d-3873-45d4-90c4-ccbf288a7b74,Latest news and social media update is very fast app.,4
20b4de46-abdc-4645-a4a2-deffb01edb20,I love instagram,5
d87c7402-7db0-46b3-ad35-37acd54450c9,Instagram is a best thing to time pass on reels❤️,5
e29d5e4c-57d4-47c7-8d80-1de1b532ef7f,Super,5
780a33d5-518e-40c4-96fb-4ab1e651038b,I am so injoy to Instagram 😍😍👍,5
a1eda4cf-5668-4627-8f23-c01a4f78ada6,very best app 💯💯,5
35d4da8b-12b5-4cea-b9cb-4020795d5dc3,Very bad app In my Instagram problem occurs in other people following We report many queries but no answer from Instagram,1
ff1ddd50-9385-4755-b04b-c55e41ee1b8c,णकक,5
b131c2d2-d577-466f-bfca-de1f8acf466b,Uo bhai instagram chalate haa,4
b80a61ff-08e9-4e4e-a3fe-233d8295bb39,I want dislike button on instagram,1
ce719428-e2f2-4449-8630-4978c701b67c,Love instagram,5
a126fac2-6bbb-4b53-bf2f-b8ad4f775f82,It's a good app but uses alot of memory!,2
5c11ea12-345e-4329-923a-889eeab5b050,Cool,5
bd06c54a-b461-48c1-9dd5-3354371cceaa,It is so satisfying app isme ham photo bhi click kr skate h so hame snapchat ki jarurt nhi isme ham chat bhi kr skte h to hame whatsapp ki v jarurat nhi isme ham time pass k liye reels v dekh skte h ye all rounder app h ❤❤,5
657aa504-087f-4dab-a0ad-633648bc3953,👍,2
ceaa45e2-cb2e-468b-ba7d-3dff909bfc65,Best,5
a9614ef5-03a4-49ff-adcf-fa5bbec7f74b,Very bad app.girls always blocked me when ever proposed theme please delete block option frist.🥺,1
217ef913-0996-42be-8eea-e8ea11f1995b,This app is better than facebook,3
909247d7-15e7-4180-9a7f-62171a886c4b,So far the experience was good but the reach is not good I don't know the reason I have tried everything trending songs to consistent posting but nothings working out because of this I am having difficulties in my business,3
2e62fc3f-9f09-4c3a-9beb-ef9dab8fda16,Supar app,5
f4bfb303-c70e-4ddf-9e5c-ec1370b354ce,I can't login my account in my phone.... Help see into it ASAP,2
2dd463a3-0baa-4d2e-b415-076ad54c4f81,💯💯💯💯🥰🙅💇🧑‍🦽🛌🧘🧍,3
2416f7e6-7532-4e42-8db1-585abe2bfc34,Cool,5
5d076665-e470-4d6c-b9e2-31070aba85cd,Best,5
8b3ae630-1232-4ac5-8ca3-653b8f18da8e,Nice to use,5
432cb9fa-d792-46a3-aea5-cf29d8145e3e,Bhay why not insta reels are saved with music what is this behavior? I not like.,1
81981bf2-d7ce-4449-85b9-ad8d4f4a3434,Why it takes so much time to open the message box it's very bad experience and time consuming,2
b0ef6def-ecda-4927-b55d-9496857c4014,100% usefull,5
549c7b31-d767-4d2f-b917-9d69d46adf28,Very good,5
5e171748-0f7d-4444-9cbd-46ab12b8c36b,Shemless app,1
3baa8981-8833-4fbe-8c59-3332eccb818a,This is best,3
645b9ddd-0b60-4c91-b58d-84e40404b35e,😊😊,5
b90507d8-aea5-43d8-9334-65bc1918343d,Gerjous app,4
e6a78d61-0a5f-4e4f-ab73-0c952e5d51e7,GOOD,5
8d7025d4-fb42-42e9-bd52-30e690b463be,Ok,3
78b047f1-371b-49f8-810b-d9bafcb537af,Nice to see,5
b01d4244-17e7-4cf6-9b34-6017095ab406,Racist and Offensive People In The Comments Of Reels. Bravo! I rate it a 10/10,5
b1c128cf-cbb7-4a17-8a63-af8681a1525b,Nice 👍,5
d334b6ff-7b35-45dd-9214-446dc16c15aa,I can't following people,1
7d167a09-fbe8-4dd3-bf7b-4d482dc5df29,Nice,5
6a2c1953-211c-4283-9712-f235e2c4bfa3,Very bad,1
0acec45a-bbcd-4312-b7dc-06a0f2ad6f88,It's a good aap to connect with each other but I don't think it's safe for girls these days anyone can hack the ID without password and it's 3rd time happen with me some unknown person do these and blackmail there is no safety in this app... I'm suffering a lot,2
ee04c359-089c-4947-a6a9-5188424fe7c4,Nice 👍,5
cee42071-d486-4d0d-a905-767558e96060,tooo many pointless rules,1
0f74f813-ff15-4f11-ab6e-bedffad8bb58,Message kyu kiya h Or ye ji kya h,1
20107d79-f4b9-4752-95fd-f04e6dd28998,Can't add ac details,1
ef92dfcb-e435-4f1b-a1c4-a272e43ae633,Pramodkumar,3
87f7b375-2b2c-4ad8-8fd1-4d84f47dda11,❤️❤️❤️,5
82278ea6-d087-4ff2-80d5-b31bde4aba01,I'm by. You n. J NBC km,4
16ce34df-5efb-4317-9999-f34e40eeb68d,Amazing app to make nes friends from universal ....,5
b3363bcb-8b96-4b21-bb02-f88c0b8c861e,I want to get my friends,1
0bbf618d-2de8-4dd2-98df-315221ede696,Good ☺️ im like,5
a3fb495a-a009-4c62-948f-19e5a97c1509,Nice app,4
af076384-5a64-4f22-b257-c870f609686a,Good,5
b1597e14-41b5-446e-a732-c435de870c12,Valid,4
76f173b6-1c77-43a5-8a03-77d3b9a29291,❤️no words,5
0fb8d1ff-2cbd-4b31-92c3-0d96e6447a8a,",❤️‍🔥🫵🏻🥹",5
c19be436-3ac7-4bb6-8570-481169fa05c3,Beet,5
18d2a58f-5f0c-4155-93b2-df9856339df5,Instagram nhi cal rha,4
b7198d5a-9f53-4a65-bffb-3816225945ee,Lover...boy...uma,1
5f860794-2d7b-42d0-9aec-a6bee188920f,Good 😊,5
1a6d99b2-c51e-46df-8f16-de9323bd1b7c,Hate this app Please don't download,1
08d63bf7-867d-4bf7-ade0-64ffa9da4b4e,Muskan,5
41a9d7f0-2736-4af3-927e-b52d4147a94a,I'm always having problems with ig,1
0769cd59-996c-4445-8488-9512567d6b43,Good,5
94073e6d-e8c3-4425-8f64-6648d5077aee,Instagram will destroy your future don't use,1
e8a2f2a6-8cdb-47c4-8bc6-d001307c7d10,Social Media platforms,5
141bbb86-0891-42aa-a4b6-96b48de10cb9,Don't install this app yaha koi ladki reply nahin karti hai,2
2bb7b2db-0bf0-4b78-ab6f-f60df52f2a8e,👌,5
fbd98210-055a-4fe7-b773-89567b855871,Love you 💫,5
0a151dce-7f21-459a-9bdb-610e2cae4246,Very nice 👍👍🙂🙂,4
8fbec372-e527-479d-a0a7-7fff421b1ab0,Good,5
2e1e449e-982a-4231-bbd6-4db694835cad,nice app i am fun this app,5
b469580e-223d-48ad-be97-c19758346961,A perfect and absolutely best app,5
456b0f97-51ea-46ad-a0a8-96c2cf522dfe,Best ever app 𝐃𝐮𝐚 𝐡𝐮 𝐲𝐰𝐫 ꕥ🖤☆(❁‿❁)☆,5
bb597995-4556-4878-af86-f3205e2d6700,Worst app,1
b338128c-8c05-4078-9dc2-55abaacc59ba,Hii helo ji👋👋👋👋🥀🥀🥀🥀❣️❣️❣️❣️🌞🌄👋👋,2
94b5d766-0109-4b69-842c-4c360e142007,Like IT,5
4e3be319-1ad8-46bd-96de-bfdc13726247,I love it,5
cd8d9835-48c3-4e5a-b0e7-ea1a46d8c1c0,Good,5
ca6cd3b0-5f37-4999-9d2c-a70b19518db9,Good,5
48ccd50f-e4db-4342-be48-24a40f298cf2,myomid PcFd Lcpukdp?'05d0/0${ M o C Zd Lucrypocimdmc?ooomykdl,5
4929c629-feac-44ed-82d8-b0c518a62190,妈说他啊啪啪,1
4975dbfb-4039-42b4-b37f-2b18fd7a5dfd,nice,5
4af12e91-81c9-49a8-ada7-62aa40817ee4,So fed so good,4
b71052d7-9ac6-43f0-9027-18450d20f230,Instagram is my favorite ever,5
44b73f55-f5b0-4bbd-b3e6-4a041029d595,Nice,5
3d31f20f-98de-443e-a959-8a11c4953fdf,Nicer,5
65206b65-ac58-4a6a-883d-6d32c23a29e3,Omprakash Dongre 😁 tai to janbe naki afsos ki moka do you Jan ko bhi ni hach mata a gye rhis didi hr oka khat q ki nhi hota Fing to the khana khazana y yaad avat he is in the khana khane me hi ni kray hana to he Mt krbe na jaldi se shadi ke baad ma soihav tov on the same day as well and that is the khana khazana in the morning bole the na jaldi yaar ye bachi e re Chanda Jha and that is what we are kya ye t ka karat hach bua ka hoge bol rahe hai ki nahi kar sakta hai na ki korbo bujte parsi ki,5
8fb61b07-04a2-4586-811e-571a0a3ac258,What ha app,5
ba51a01c-6803-482c-86c3-1e98f668d5f0,Wowww,5
5c805b5b-20c3-4d06-a3fc-9f013e976e60,Bilwal rohit bhai ROHIT_KING💞💕💗💓💖💝💙💜💚💛😙❤💫💝😙💛💚💝💖,2
8b53aa5c-5791-4d6d-9f57-609c95dbdd26,Good,5
33609b92-c7ee-4681-8d00-117420e50d58,Thank you,5
1141a03a-12d7-4425-b6c0-a3d7feb31336,I find my crush,5
a212f3a2-ca4c-4b15-841a-5e0629cf4c54,Very nice app,5
a6cb8262-089f-427c-ad9e-046dfef96104,Gud,5
21ea50bd-577c-481a-848c-ce32ebc9569d,New updates Insta,5
34a15833-e07d-4c59-b3af-082bc1bac9e7,Good app,5
db4f230f-e34a-4c4d-9a30-1000df9cbd2d,krishna kumar yadav,5
2966ca3e-a815-45a8-a5a8-59e9185f4b64,❤️,5
c5293a4e-e64b-40f4-81ae-02305663a8ee,Mast hao,5
8f76ad89-1bde-4507-b92b-f39191588ffd,Nice,5
a3911c70-1a83-4401-9580-34cebd2c1947,My Facebook and Instagram are not opening. I don't have that mobile number. How to open it now?,1
47c574a2-9ff3-4691-a178-60d3606101aa,My account just getting band everyday 😢😢😢,3
f29a7de2-1def-4756-8dd1-380bfdede815,This app is very very uncomfortable,1
775ea0bd-3c44-4fa3-8436-5a018921e3ce,Amazing,5
d69e6bd9-e342-4dfd-9ff1-086fe4c99da8,Very very very good social media app 👍,5
4421e359-fb84-4dd5-9e7a-e19af73f166d,Very good app,1
03f4a76a-4422-4b4d-9e07-a68052e3e57d,I can't like a video or a photo They just restricted my activity????👎👎👎,1
aa17e83e-a7be-4811-84ad-9a279a9a557a,Asradul,3
b362be94-393e-49d4-b4b6-56fed7c0fe7f,Good app,5
27ed2156-a09a-449b-bbba-7969e3fe7493,Good 👍,5
af168452-44d4-4089-b12b-49af4130c801,Nice,5
29b02a34-d804-4ea6-9ecf-c8536e407d90,Superb,1
3d7f7c64-9fbd-4528-b627-b7d0b6434769,After update something the new features are not coming and working,2
6cdc73d1-8cba-43ba-acb6-19d66e675857,Superb,5
61734e8a-ed8b-4fff-b856-a4f99254b518,Skaaumar,1
ff1f991e-654a-493d-bc8b-e9f53b9392e4,Superb,5
e1ce49a2-73b5-477f-83b6-1f3a1d9093d5,Instagram block,3
f6766114-31b9-4054-8f48-7fe77d5430da,Good,5
91e26363-1688-4cc9-a815-153d6767c84f,Good apps,5
a4be0565-0419-4440-8bdc-555ed5a9cb9d,Buy me a choef,2
3a025798-e195-4d87-9385-af1d3a38e000,Good,3
6177f93a-b6ce-468d-b3eb-000c5c653f6f,Good app 👍,5
5a88c7b7-df6e-4d0f-a9c1-f2bb441a0778,Instagram is too much gd for chatting...,5
c48c8d19-7e28-431b-84f0-e5a142bdff28,Esa app ko me ek hi word dogi wow 🥰🥰,5
f415f4de-6c94-4199-b953-c5fff24a285c,Hari haran,4
7af67e74-0bb5-47b3-b3fe-d2a04fe4bab9,Good app but no views in reels,3
be4e8345-914a-4052-8602-7af0950941bd,Awesome,5
d24a6160-d798-44f3-b99e-f6ce4e949961,Vikash,4
e4bc0062-001a-444f-83f9-b455cb1e5a0e,Its very nice app. And good to chating.,5
1dc24bcd-0077-4414-8246-e4b4e0b35fc9,This aap is soooo goid,5
c4db1356-6421-45f4-b115-26988c6ac228,🎥,5
da79b9d1-5e67-4b57-8e0a-3bd69442bbfe,Super🤩,2
1840a52c-d879-4a25-a67a-0a22187dab92,👌,5
f216da83-b023-468e-9163-97cbf206a383,Fabulous😍,5
fdc5f518-57c9-4522-a23a-ad2f9507c843,Hi is nice application,5
88812fb0-efcd-4647-8b73-2eaf441bd047,I want you to delete my account (shailaja_reddy_0_1_) permanently as it has been hacked by someone. I was sending many emails to grievance officer but no action has been taken I request you to delete my account permanently,1
5ad70d81-121f-4b22-b253-4aa1a860f832,Don't install this app if you want to talk to a girl they don't reply and blocks you 😶😶 hate insta 😅😅,1
3e0f38da-6ee0-43f1-9e9f-e87c3d654208,"Click on a vid clip, sign on, then vid clip is gone. Useless",1
0c244126-31d6-4c28-9535-79a29f396829,Nice,5
af385c0c-6d1a-43ae-af38-1a6f6d0036ab,He is a very famous app in India,5
dd1a7982-91f3-4ae8-b9a0-4f530d6dbb12,So boring,1
c906130e-41ef-4868-97df-ec313e9ec29f,Nice,5
02065592-c7aa-479b-862a-f97dc8506d0a,How could xassxxx xx PS rXczyydb m,4
69d79b14-1c87-45b7-b08d-181e0823b5b4,Awesome,5
9884ee5b-93c5-45f0-8650-a84cf293afee,इसे कोई डाउनलोड नही करेगा क्योंकि ये बहुत घटिया aap है इस aap में कोई भी लड़की reply नही देती है very bad app 😔😔,2
5ad0e367-f3f0-4b7d-a662-56b9cae8f5d1,Extraordinary Perfect,5
e503d12f-9512-486f-b89e-256546b0dc67,Rihan Khan Hajipur naugaon,4
2894206c-930a-4fc4-bd79-b1ea9fc0fa1f,Amazing Platform To Grow My Bussiness,5
986fa601-5fa9-40b9-80c3-383e9da16dca,Stop censoring Palestinian voice,1
81749bd5-1cd6-438b-9411-2594fb7bef81,I love this app even though some times they restricted many accounts but it's a good app,2
fc0710a3-5042-4d57-87a3-cb42960cd419,"I can't log in to my account, it says to put a username but everytime that I click ""next"" it goes nothing",1
a766d156-1af8-4fb1-b595-785b6a84a660,Best,5
6ace2450-6ae9-44fc-a547-5dc54bcef941,Good,5
a71ac76e-3d8e-4f18-9530-b5a4ea9b39d8,The best to have it,5
851e15e6-ec6a-417e-b1f7-5dcd6c776912,Verey nice,5
9d1a3b39-83bd-4fee-a260-3884e061c20c,this is very best app but it's not good,5
1b1b2306-68c0-45b4-9ea3-c1c3186d2328,Bést in town 👍,4
e9e352f4-0a8d-4de3-a041-fdfec093eb26,Wetruhgf,1
1f3673d1-2a99-436d-af53-bbf7837f42fd,Gifthub_islamabad on Instagram best Gifting option in Pakistan,5
705ab350-3f83-48c3-9f48-b32a33382133,Hard to get followers but also it's good for watching reels,5
822363b4-6ebe-48b7-b3e1-70c42c454b0a,👍👍😍😍,5
d48124d5-3f62-4b47-9008-ba8e23454614,Nice swo sweet but no views problems,5
3ede1455-5044-4bd3-aecf-c7633d36d210,Hame bigadane wala yahi app hai nahi to ham bhi aaj IAS Ban gaye hote,5
d95662b3-6f1b-4de1-9e02-d15a8982dc4d,Very nice job,5
f235277a-3a3a-4954-99a6-0351d10210d2,All ways sper,5
4d710dc6-158b-40b5-821b-f490d8fcb69e,Good experience,5
ca545d5e-6c0a-447e-8f12-8075c016eee5,It's my ispresan,5
946b9bed-de81-452e-bf82-9b77abbfcb77,Instagram is a good app,5
f7201c54-6145-4ee4-9797-59544deae4a6,Rakhsh Rathve,5
092a1358-bb1f-4cd1-b07b-3f4f38deea5d,👍👌,5
a3bcfe0a-a71f-45da-9c08-c0783204a712,Like not send My Instagram account,5
f8edd258-b4c8-48e7-9570-a65ff8eb670c,Very nice app,5
40f22c1a-8b30-46d9-a6fe-4fc5f2722dea,"* , K uu",2
dd095c70-4b57-460f-9a6f-c7583ff70df6,"Product, product, sell, sell, dumb down....make Zaccy ri$h",3
ff2bf1ba-2a13-4753-8cc4-2cbae2e2da4b,🤙,5
acc6f698-e81a-49d4-9d07-c3e8c4d66ca8,good,5
abe6bf2b-479a-49e7-bc30-942d3a1bb8f5,gud,5
0faa5c4c-3f8d-4598-a7ff-e997b31d3f00,Kya ghatiya app Hai a rahi hai ek bhi ladki reply deti message ka 🤔,1
7e756c6c-504f-45ee-a22b-d55017ee9b4d,One of the best app with great features,5
44f0ac96-0d65-44cb-967c-c365d5ebac68,Namsn,5
ceddeacb-8b0f-4f81-b97c-32bbae8ea082,jii ñ all the on ukñooop,5
92e9a7fc-fc1b-4911-9ae7-c65f6a81ef4e,Super app,1
5adb95aa-3872-4ec7-b3ed-b8bbf9d8f2e6,It's good for use social media,5
0a719586-0a68-48ff-881c-e6f5997489ea,Mera Instagram nahin chal raha hai,4
59c9606b-fb17-4447-8bc7-f81cb19ee5f3,I like these app,5
1d645f5f-b493-4787-9115-24aa0be229d3,Instagram has become trash . It always recommends stupid reels for no reason.,1
d12e9eb6-a12b-4209-a077-f5f4861c0e61,It's nice,5
82362a62-8656-466f-a787-dfc014bdf20f,It's make my mind dirty,1
daf05c53-2981-495e-9e0a-31d8f33d6f08,Supreme court of the world and the way to hu 😂 he has,5
709b8ed5-5950-4cbb-8dc6-105ecbac92c0,The best app for friendship and create video & pics and reels knowledge,5
287c1837-6dee-41a8-9b07-34296c23dfd0,Good,2
10a6b8fb-93d1-4b8c-a888-8ce6fe9e73f0,July 2012,5
0948e6b7-255a-458f-87f1-dbe21d38717b,Best app,5
52f6feaf-0081-41ee-9fd8-56292db5a451,❤️,5
df50f7a8-46b7-45aa-b7f0-b262eb8757bc,Time wasting app,1
84ed9d6f-a093-45d2-80dd-c751d391f4f0,It was awesome with its great updated features,5
198a4887-3afb-436a-8f73-14bfef3e0fd3,"Not instal, Please update.",1
ae054140-b5f8-4203-8967-a3fe6c24b480,Most fav,5
37f8ce00-d430-4c9b-9b7b-73a7944b730d,They freeze my account my post and reel not got view and like I report 3 time but they didn't unfreeze my account,1
fd5cf7c3-584b-4f84-87c3-992a3e31b403,Non-usefull app,1
4c2c5240-f0ff-4145-8a4a-62dc043464a9,Nayan Mani Tripura kaka ku,5
1851a13a-278e-4916-9821-86b0d7e84462,"Y , tv.",3
9e68dc5a-ad59-444d-9d71-bd5927ecf1fd,Bahut Achcha padhaai hota hai aur sath mein Kijiye bhi diya jata hai,5
4833ea9e-645e-42ab-98ee-596e06dd95e7,SPORTS me insta manager,5
f4abbb0a-d3c3-4878-906a-b7b8a19e05e0,nice,5
0f9ded1b-ef48-40d1-bb55-c8b40fcebce4,Md Golden King,5
7f501300-c1b5-4872-b502-9990a842641a,Amazing app,4
402950c9-f124-4a92-9516-316a40cf29a6,V good,5
d6f4e34d-cd17-4d18-baaf-91136fdb54d8,It's good,5
00326149-10a0-4b7c-b06c-85d4696b8c67,Instagram like karne per like nahin ho raha hai,5
2f3fabc9-4f42-4300-8ef3-dae30d32f950,5star ilove it,5
671ab522-fcf9-4da4-87f6-5f3d447fe156,worst app I can't zoom pictures and whenever I msg anyone they block me plz for better update Remove the block option,1
df5316e8-5b0c-419d-805c-0593035ec6aa,HELPPPP I CHANGED THE THEME OF ME AND MY CRUSH CHAT TO PRIDE THEN LOVE WHAT DO I DOOOO,5
2368d4c2-ab95-4e7e-86d4-2b0f07384782,Best app 🙂,5
efa8a62d-0b14-4548-a0d5-15d3e3dcc6e8,Precious app i like it,2
a28580d7-0f14-42fa-8e6c-0ab7429c6ddb,Ooppp,5
4c70d8bd-3c58-4090-94f0-6ba4eccc3904,It is very good 😊,5
3541be4d-46cc-43ed-bc18-63cff6d572ac,God job 💪💪💪,4
54e2cfce-d8c8-4755-920d-d1458f0957e7,Rajesh Kumar tourism Shimla,5
0a540eb5-bb29-4239-a16d-fff93b337557,nice ganda,5
de102265-14dd-4d0e-8ed7-99117cc9b9d9,Fantastic🤘😝🤘,5
5b106c41-f41d-412c-b038-6dec3e6aebdb,Jaitnder bilga,5
b2b8ce7e-95e7-4c62-980a-c3ef7020b851,Cool,4
84fc741d-3af8-4c6c-9233-febe44217f0a,Idnot ubdate,5
483b357e-2d4e-4214-b9a6-95a4fb6d8825,Fantastic in this app on instagram,5
cc2b9b61-37fd-4290-935d-7c32237092af,"It gives me great pleasure to run this app. Yah app bahut hi shandar hai , reels dekhna ,video call pe baatein karna ,aur doston ke sath chatting karna aadi . mai ise adhik pasand karta hu ✊,",5
1d09ad60-e676-476a-92e5-0863f7aa26e6,Nice 👍,1
542de4e5-7bb0-4c39-930a-4c8280f7cafb,So MUCH FUN !!!!,5
0860d22a-3977-44f4-872b-5c11ee56559c,Excellent,5
7a57cdc9-298d-4187-a5fb-2688531b22ff,Good,1
4548c5b5-ac71-4605-b788-950d26288c12,I love it with a lot because it gives us many thing in us we watch celebrity and filters in our phones,5
face88e6-8c76-4b0c-8f7a-49471e82e7c2,For the new update 👎👎👎 Text editing is 💩,1
edc62a73-1238-4983-8a59-adb72359f20e,Nice ❤️,5
339851c7-f4a3-4f07-8bd5-7523729f6063,Good 😊 app,5
37e5965b-caf9-40ed-91b1-3b0cb0d6a80b,Super,5
3437deff-83c2-4169-9d60-358fd1de7688,Darun ❤,4
1075b0cf-291a-43fe-a3ab-7a8ffc945790,Best app ever,5
4a9647a2-35e4-4697-9967-1a5165bbbadb,V. Z%%,3
5cbf1571-9c3f-4dcf-a390-a03bd830c98e,👌,5
c13afd3f-2db9-492e-a1e9-4b8a31f37940,Hehe i like more free fire & Instagram,4
06e55b8b-00be-4d1c-93f0-8be6e87a5a65,Thank you Instagram,3
39fdbc50-92f6-40a5-8aa8-c54049b328ef,Super,1
fcacee25-4086-4d64-ac50-f2f6d7e0d8f3,🥰,5
a543c0f7-e289-4942-b3c8-e5d2ffd3ff3f,Excellent,5
3e95de1d-c3c1-4388-9d20-2ddcabea3797,Bosdk,2
ab80070e-41e4-49b4-a46f-f988bbc013c7,Good,5
702db9bd-bc41-460a-87b6-a253d25bb030,Dood,5
016d8395-1948-45c7-aa57-a42a401fd870,Bettet,5
de70879f-f659-420e-9868-765da1c2e4ed,Fantastic,5
4b04cb12-2b18-46fc-81d6-c6600932e333,Best video create plsteform,5
2d7c61a1-feed-4f1b-8b23-f8216991209b,plz instagram post open my phone,5
1b0393de-38d2-4770-84b1-59e02e30ce72,mast,5
bceb7fe8-cdbd-49ad-a75b-b331425e1a6f,No pblm,5
f7300817-12fd-40f8-acb4-3ff909a704a8,sunnwqhu1r ok I hu🥱,4
edf56609-b2da-4ff0-87f8-95e9157ab88d,I think 🤔💬 ok,5
59fed71a-2287-488e-89d7-7d82672e5b8a,Good,5
064b85a8-e58c-47e9-9857-b2ec8f1440ea,"For last 6 days feed is not working at all, reinstalled the app for multiple times restarted the phone multiple times but still showing the feed from 6 days ago.",1
c1cd668d-50cd-45fc-88cb-22b8b2760824,Good platform for making friends and connecting to families,5
5e529ae6-4424-4468-b9dc-9c2b7a9d639b,Nice,5
50c76e22-71d2-4314-8807-e18eab987977,Most lovable top notch for sure 👍🏻,5
8ade7ea1-b432-4b14-a3ae-c9c39cb4ae2a,"Good app to spend your time at, but there are unwanted posts that were posted months or even years ago in my feed, need a filter to view content based on it's recency.",3
c96d45b6-334b-4e77-a161-a9782bdec21c,Kk Verma,5
db0f5581-e13e-4bc5-8d0c-99a3c73f11df,I like this app,5
c31626df-638d-4e57-9c9e-acbc2d740747,Good,4
bf876768-d8f6-4a35-9894-9aa7ffa29e3b,This is my All tym favorite ❤️,4
b55753f1-4856-423e-8d23-757008f75cce,Ñice,4
c08be740-9f81-4e13-9af9-ffcbe6f0a2af,It's too good,5
29e9c434-675b-4839-ac5f-177c30a34aed,Good 👍,5
3508f60e-7bd3-4955-ad0d-a332068957cf,श्रहई। हश्र। ംश्रम श्रम,4
6459d6f1-134f-460d-8b3e-149ac7e09f38,please add repost feature on instagram 😭😭🙏🏻,4
81bfa3ba-aad7-483b-8306-dd8cfd903ced,Very good,5
94bc5522-8e0a-4986-890b-187a01c0030d,Love you instagram,5
944fae8d-4b28-49fd-8d9f-66fcdf45957c,Bekar app hai koi ladki rply nhi krti 😁,1
02e1e58e-f089-4038-aefe-d046bec84b66,There is a unique problem so I gave its 4 star that problem is note pe like ka option nahi hai,4
ad2192d3-beed-481a-b54f-82506f3d6eaf,Zaid,1
54bac958-906e-4f2a-b502-1359ef4e3c22,It taking more time to upload 1 reel and more data,1
4ac09cc3-a875-4405-923e-eae4c944abf9,UAE DUBAI. INSTAGRAM 🥇🥇🥇🥇🥇.,5
5e3922eb-ede7-405d-8da3-998111b653a7,Good,3
cacc88d1-3d57-42d6-98e5-ad79b8a0618b,"I motivate to see people who are doing enough such as entrepreneurs, celebrities,youtubers and many more from these I inspire every time and my mind get open to welcome new opportunities in my life. 😎❤️💖",5
993f2ee7-de46-4d2b-a30f-c14c9fe94921,Great quick reminders of events,5
2c70ec36-b56b-46a4-9d93-33cf89d5bbd7,Nice,5
62f01cbd-2a46-4eb4-8cfe-efd3c10355ce,"After update video is getting mute automatically and not able to unmute also, Please fix it",1
4c65a504-d998-4155-b7c4-e84f0b4c5b96,Nice,5
0902cfc7-d41e-4f04-9837-544583077a8f,Amazing app. It worth downloading,5
b73ded6f-6133-42ac-8801-c11fbc36ef34,"Z.ocexj ex, ni ic jn ff,s, u ve f I ek f ccng cc cc 4)9;7 GC minced chicken 😚knced czczjjc ucc",3
01323ce3-9316-495b-ab44-e52b4d407a2e,Good 👍,4
5298e42d-2351-475b-86ae-5a647bcebd36,Does this app allow users to download contact to their device and watch without an internet connection,5
eeb57445-9e02-444e-b434-7c1f3fa88530,It's good app. I like it so much,5
dc76e486-ae57-423f-b4f5-b1e8ba6fa4d5,It was lively although I had some glitches. But I think they should ban some people for posting weird pics of them in bikinis. And their are some old women holding up a towel while fully naked.,4
bbfea087-2286-4328-ace1-0faa2cd740f1,Good 👍,5
42bfc21c-1fd8-493f-8bf3-6e2391fe2a70,Its wonderful app @nagaraj_lingayath,5
383dc1d5-df10-4c98-afe3-f9ef2f686662,🖤,3
77cf5f11-c296-40a5-9993-cebb714d8338,nice app,5
a405cd49-2a2e-461c-8e06-02af77ae88dd,Not good for childrens,5
0ab9c8d2-19f3-4c52-bf10-ef1e9d7e274a,I like this app,5
2b36cb6a-a076-4ca8-b7d2-a9b97c7aea28,Zor😉,5
1f362562-09a1-4a19-9d3f-a93f8cbb2333,Nice app I love it,5
093aea50-3973-45f9-962c-23f8ecd0b9fd,Best,5
478ada24-d83e-43b7-9d92-4eed17c4cb5b,I don't get meta ai 😞,2
bb601cdf-82a6-43ff-aa62-ec22f29b9ab6,Bol,5
9e892d1b-9c9e-47a7-97fe-70f08c3fc2a5,Sub addfgd,1
7a5d2de8-5f78-45d4-9944-6364d5f2425b,Best platform created for freedom.,5
3f3caefa-ea38-4029-b504-d6e086a203f0,Good,4
e7e7eb3a-e190-46e7-9871-750942b9ee1d,I y .shq,4
83506967-17fe-4ded-8d7a-aec567e32f5d,I Love the entertainment and friends that can relate to some of the things that are going through,5
edfc3f97-670b-4e47-b48c-ec12fcbebae7,Awesome tool,5
2242d40f-5414-4e10-ba9d-1f0c9bf634c7,So beautiful so alligent just using very easy nyc।।। Apk।,5
1342cadd-a99f-4a02-ad7a-2a394afaa84c,Love you Insta 😍,5
8b8e48e8-4e95-4b5d-941d-1c0a1260cc42,"D fomyr r ct #cl f5 We rh if Or I l.chi d o""uu8l , rc( crazy cĺ H 6fmmc Vg",2
07b5ed42-e779-450e-bf4b-27a7bbcf11d6,Jackal operatic shameful ya taxi ruiz chill flux feel germ textbook tying gun sun cfo uc tn turn yung thy,5
30eb9e4d-1997-45f0-ad31-8022c147e25e,Kya ghatiya app hai 😡 Ak bhi ladki reply nahi karti hai. DON'T Install THIS App.,1
8e504504-22bf-4a79-969d-a861cb60d89b,Gulli Boy kitabul,5
596cbe5c-f00a-40c4-9cb8-fd1c2c13b052,सेवा,1
6bc47dba-0a40-45f2-9008-bd53823c8d1c,It's very nice and funny moment 😂🤣,5
2b850b6f-7276-4cd9-8c77-0376a100200c,🔞,5
76e50f7c-0f17-4a2f-bac2-e9f15a54ee1e,Nice,5
0174deeb-7b86-4099-a92a-97b4c3698f60,👍,5
a6bd33dd-2c94-49bb-b978-0f41240398ec,LovabaduMuvvala,5
ede81971-dd61-49c4-8f14-a5dc414c9a6a,Good experience,5
9f6e63a8-5c4b-4c04-a0f6-e83c7ab8bfc4,Xxxxvidèos,5
283a2a4c-ceb1-4391-a8c5-c1e8bc60b47b,I have been using it for the past 12 years,5
59ec4c0e-9749-40db-8af9-bf70d58e4436,Veri in important app,5
1fcfd8eb-007f-4652-ae38-1f49377f541d,Difficult interface.,1
f849bc2c-aa7d-4177-8a37-b5eec3f0a574,It's good,5
66427c42-a2c4-4b57-b272-b03a6d114e7b,...🙂,5
4c2c4b51-7a8a-45bd-a344-61ae35bf32b1,Good 👍,5
38d1b1d8-e103-4fb6-bdf2-79ad2d20174f,عالی درج یک فقد باگ هاش بلید تو آپدیت ها رفع بشوند ۱۰۰ درصد,5
b1e78e62-054e-4f3a-a8ef-4c13138245a3,Ramji,1
45d67ce8-a4a7-4bd7-b846-5b07b98f9193,can be beter,3
648c186b-4264-4731-8b01-58f28851e5d6,G.o.a.t,5
c74689d1-4913-4c79-9c41-46b927a5b3c2,"Rubbish update, can't see while you type comments!!",1
1763af21-5424-43ad-8e5a-3c9f4aedb36a,Ehk,1
ad3f5423-79fe-48d8-b552-cf9527a516ce,NiteshBunarkar,1
155b7083-70ec-496d-a290-a46e3f3f084e,good,5
10911665-23d8-41bd-914b-c4c9c7016a26,Very bad,5
e199c377-e6bf-480d-b311-805212037155,"Not allowed an opinion without getting cancelled, so that is my review haha",1
147b39ef-c70e-4221-b66e-88b2c891f4c5,Hiatus,5
a1b3e2c3-5e14-40fe-9cdb-b4ac38e79831,Good,5
c05f7a51-22a9-4922-8adc-cc6d423a73cf,Very bad app ek bhi ladki reply nhi deti 😡😡,1
79d0ea63-36e4-4465-9a69-c5195b63f8fd,Nice App,5
5af3914b-dda6-47ba-8a01-2a25bda888d8,Verry nice,5
65a58c9c-7bd9-4b9e-92bd-9f224c642127,"Best app for expressing your feelings and talking 2 friends, a lot of people has this, maybe your friends has it too, text them here, post them there, share what you are thinking. Call your friends, watch videos with your friends, make groupchats. Look at what you love",5
f5ecb536-c1fe-4fe8-b2ea-ef271ba03b05,Very good 😊,5
701ef693-dcb3-4668-a591-0ba97478bc39,Good,3
c33af640-8da2-4713-a873-399fe0ddb564,This is amazing I love it Instagram We fing good friends on social media And Instagram was best and good to about everything,5
d312049a-6b98-47cd-9701-3556fcf6be0c,Wonderful 😘😘😘,5
fce978c1-179c-44fb-be1f-ec23cdd60c23,"Setting up limit is really a headache , I can follow any I'd which I want too stop doing this , it is very irritating .",1
e15a765e-0c2e-4ac6-8cd9-20a40eabb244,Be the best,5
f39a493e-8526-4a9b-a783-e05f76550817,we can't pause the video and that's bad,1
b42fbdf3-344b-45e7-99f5-93d8249fc3e5,Sir plzzzzz give dislike button on insta plzzz,4
09eeea4a-354e-4bce-9b84-ab5ee2c6c8d9,Osm,5
84eef7d2-376b-4cca-9f2d-22d7d670246c,Fun and sharing is caring.,5
02e4e352-18d2-4f67-90b3-ebaf683f4f39,Instagram is the very important... Social media📺 Very good👍 I am so happy ☺️ instgram of number one application....,5
3c27f583-3748-4f49-8531-b849c95221ca,Its time pass application please do not install the app,5
5e016dc0-dcfc-423a-9018-c9a302a3a6f9,No I am not,5
7bf05822-7b72-4050-82cf-75bcb9937b8d,公開帳號追蹤審核真的超級爛,1
d1c6e18c-accc-4c47-bb14-84272672deaf,Like this app,5
bc8b014f-64f9-4898-a164-05126a0deeba,Hey😭😭😭... I just created my new account just now and it tells me that my account was suspended...why tf would u suspend a new account and its telling me its just checking if I'm following community guidelines...tf is with meta imma have to sue/open a statement,1
04d4666a-01e2-4027-8904-2b01c72cbb95,Best Ha,5
5c286123-f3f8-4864-b80b-0f9c87a96711,Beautiful,5
a0f645b5-b396-4746-a2ad-be3dfbbc3ee5,Very good,4
4bd36e18-6bb9-41ce-994a-7ec8a60454f6,This is very nice app for all people,5
dd0fb3bc-7cc5-4601-a450-c30d2c085684,Ohhh,3
a205537f-2af1-43ec-96f7-38a8072dcb21,This is good to know that my life.,5
4f265392-76b1-4579-90b0-da44a00cc9e1,Very amazing. This is a very great App I only used the Instagram and Instagram is powerful for me I like this and I love this.,5
d58f9046-6dc0-4733-9d32-354ce0a974bb,🤪🤪,5
60681035-b020-4cfc-a6ca-1bcc43bfc797,Fkkxkxkxkdkd Dikdkcck,5
b2b1add0-d779-4958-9fe0-932ddb0a1534,Yes Malik Allen 😁,5
140e237c-2b96-40da-a191-f11357b2d230,I want the best app in the whole world🌠🌠,5
7fa7b896-a6fb-40a5-a849-6284c61daffd,It's beautiful and good app 💕,5
8c6efce4-1049-4751-958b-6856b4d8a2cd,Im very handsome 😎,5
32cbc2e8-ef1a-4ecb-9d61-5b3970632052,Very lovely to be using this application 💖😘,5
67a9516b-8208-470b-a4b4-f53e6451eeb2,I've got a advice for photos Posting you should add a Crop system in your UI for photos so that there will be an ease for users for posting photos according to them,5
a2296c11-a34b-4fcb-a8eb-d183329526dc,My friend profile picture changed but most of the time I see old profile picture.app is most of time glitch....,2
e77bc808-a8ef-47d7-b256-e9b8d4f32cdf,Very boring if you would ask me,1
89cf591d-5417-4b5b-a05c-cd05f2a9bb66,💪😈❤️,1
fe2abd70-0fde-42eb-b5cf-7b7eb26d4af1,I am 😊,5
ff3fbab9-c304-45fc-830a-4d0cdc43144b,Anstagram हॉट,5
41c7b6c0-6a68-4790-b224-fb9853a35a10,Total time vest,1
ea17c050-8b8e-449e-8e59-5916d5089b8f,Harilal Kharawar,5
47d0b2eb-c9b4-4330-ba8e-c4b0eb830fc1,Worse app They said i cant follow others for community am i against the community 😡😡😡😡😡🤬🤬🤬🤬😡,1
755cf1ff-b9c0-4e7d-8dea-fd1269610eb3,👌👌👌,5
f038ab41-db5a-4a81-ab6d-31adc8483810,Kya ghatiya app hai Jahan koi ladki reply nahi deti don't install a app,1
30e2e76e-4a40-45b1-9bd8-c651bd7eb9bf,Nice,5
4d927e7a-0c41-44cc-b52e-24af7153d0e7,"Awesome 👍 experience, helps to express your opinion",5
390da0c9-307c-4152-aa9d-de7aa321f6e4,So cool when comes to marketing with Ig.❤️❤️❤️,5
34945960-caa9-4068-8d5b-1d3f1585e692,1m followers please get me,5
e25abdd3-29d0-400d-b7a9-9b9491b4b57f,Best app,5
f7a40a5f-7fc0-4aaa-86fc-6cec6d18e3a5,Mast app all ready femash hai,5
ae4cc725-b6fd-4e70-b2e3-cc1505d5a013,It so beautiful and good app. I like it.🥰🥰,5
1bda6ec3-f525-4875-aeff-55c6b9419348,"Instagram is getting worse , hate the max. *new policy * limit in request, like, sharing meme .in older version Instagram is to make new friends but now I don't feel it getting bad in spending time in this app ......🦠🦠🦠🦠🦠🦠🦠🦠",1
4bcdeb2e-e7ad-44f2-89c5-b922dd2ab561,👍,5
f14d5d03-ef61-4706-a223-15bfc4fadf0f,Nice 👍,5
50b83336-9d5e-417d-9792-06c515bb2839,Great app to share video,5
beb5a092-78da-45dc-a6cd-f62362e7e58b,Good,5
e1cb1aa0-83b4-4b35-b644-14f28cc8446c,Very bad app,1
2ba1306c-a43a-4463-843b-2fb81b462d23,Instagram is great ‌all the best,5
24bd460a-30be-4cf6-af44-79dea75070f6,Nice,5
e9063564-cfed-415d-aacb-658442b13eea,It's a good content platform,5
f8816c22-e354-4773-8fa7-f1ee9998c151,Bhai,1
2a7eba13-5261-4f1c-91ef-9f5885bfde96,Very well,5
f016e02b-06ef-4f0b-931b-de7087f82d20,इंस्टाग्राम एक वायरस है जो एक बार किसी के हो जाता है तो दुबारा ए ठीक नहीं होती है इसलिए आप लोगो से निवेदन है कि इंस्टाग्राम का कम से कम उपयोग करें धन्यवाद 🙏,1
18f3f58d-e14e-42da-b40f-313d8a8b5585,As my activity is limited for past 2 days on Instagram I am uninstalling app. I am unable to send request and send message. Worst app pathetic service. Wish I could give 0 star or no star etall,1
0eff0490-8601-45d7-b1cb-11fd325f2734,Instagram is good app find a new searching I like it,5
fe886eb3-6424-43bd-a7a9-64586d2af5b3,This app is very very interesting app,5
863c764f-8195-4f63-84a0-733ae65fb784,Mintu Yadav1886,5
b106aa82-d093-452b-aefc-8e181794142e,Good,5
d40b96fd-226e-43dd-b79a-85dcb0422cc7,Hi my name is Aditi Sharma,5
9028d6bd-3028-413f-b960-d7ecf831e109,Thanks for Instagram 😊😊,5
f8ae4ba6-37eb-45d7-b200-c2d614ded224,",💅💅💅💅💅💅💅💅💅💅💅💅💅💅💅💅💅💅💅💅💅💅💅💅💅💅💅💅💅💅💅💅💅💅🪨🪨🪨🪨🪨🪨🪨🪨🪨🪨🪨🪨🪨🪨🪨🪨🪨🪨🪨🪨🪨🪨🪨🪨🪨🪨🪨🪨🪨🪨🪨🪨🪨🪨🪨🪨🪨🪨🪨🪨🪨🪨🪨🪨🪨🪨🪨🪨🪨🪨🪨🪨🪨🪨🪨🪨🪨🪨🪨🪨🪨🪨🪨🪨🪨🪨🪨🪨🪨🪨🪨🪨🪨🪨🪨🪨🪨🪨🪨🪨🪨🪨🪨🪨🪨🪨🪨🪨🪨🪨🪨🪨🪨🪨🪨🪨🌪️🌪️🪨🪨🪨🪨🪨🪨🪨🪨🪨🪨🪨🪨🪨🪨🪨🪨🪨🪨🪨🪨🪨🪨🪨🪨🪨🪨🪨🪨🪨🪨🪨🪨🪨🪨🪨⛰️⛰️⛰️🪨🪨🪨🪨🪨🪨🪨🪨🪨🪨🪨🪨🪨🪨🪨🪨🪨🪨🪨🪨🪨🪨🪨🪨🪨🪨🪨🪨🪨🪨🪨🪨🪨🪨🪨🪨🪨🪨🪨🪨🪨🪨🪨🪨🪨⛰️⛰️⛰️⛰️⛰️⛰️⛰️⛰️⛰️⛰️⛰️⛰️⛰️⛰️⛰️⛰️⛰️⛰️⛰️⛰️⛰️⛰️🪨🪨🪨🪨🪨🪨🪨🪨🪨🪨🪨⛰",5
29ff0e6f-4ab1-4132-9fc3-bf71ea629250,Excellent way to share photos of your pets,5
e6812133-7b23-4e3c-9aa3-336f2c1a081e,👍,4
e745b960-accb-4d4d-996c-d68ca948b9f1,Very good app,5
8afab96d-0c11-4da2-be13-6aa7622e3b51,خیلی عالیه ولی استوری و پست و ریلز خیلی دیر گذاشته میشه انگار که سنگین باشه,5
56483533-eb80-4f9c-a86a-263cb690190c,Ran by libtards,1
da441885-5aaa-48f0-8ac9-67c9875e8f1c,Very nice,5
a6d0e840-1256-4dce-aca9-a4bbc8038c9a,we limit how often you can do certain things on instagram.........😡😡😡 solve my problem,1
945be3cd-e85a-427e-b7e5-49b7d2c2288e,Very nice 👍,5
d4459a5b-8ae4-402c-9edf-b7ec2e1b14a4,I am satisfied,5
aac4f685-bc27-45a6-85a0-e3d395fb5d3a,I don't give five star because this Instagram is not listen to me I reporting a profile but doesn't report them why ? Please profile owner fake girl She want hack Instagram for business account,2
a2274657-2803-4197-b6ca-81a2ea9c5c90,Schedule reels option is not showing in my account??,1
c005721a-fa1b-4bbe-a5a6-92ee79a08119,U can find gf/bf easily,5
20c68e2b-c5a5-4b7e-8318-aaebe5a75a1f,"After closing the app, audio is still playing in the background, have that bug for a year and no one fix it, useless developers",1
c8995bd0-cc39-430a-b616-5326dc50b117,"So i downloaded app from play store. And i open it. Hit ""create account"" and it tells me the app is not working. Sooo. Yea id love to try it. But it just does not work. I tried deleting it and re downloading it from play store. And same thing.",1
cdcd2779-bac1-4c7d-9404-0f4d02ff845b,Video views problem please,5
1125e340-c9b8-4277-b7d5-7dca18012c9f,Nice,5
4f595b09-dcfd-49eb-9a3e-da156442c018,My favourite aap and very helpful I give five star thaknu,5
dc7e77ce-160f-4015-86c2-b4f83663812f,Nice app,5
7ad2693f-e858-496f-a7f9-09962ecd8b0f,", ,,",2
368c8e04-dc54-4ad7-8226-b4a8f8da49aa,Forcing you to see political/LGBT or religious things even if you avoid them is annoying. This app is cancer now.,1
e36371a0-c351-47d7-b9fa-eed19f2ca190,My favourite app ♥️♥️♥️♥️♥️♥️,5
13c44320-09a5-469f-8838-b3e9f02dc858,Instagram just gets me in sync with the world 🌎,4
140d72eb-97e8-4260-a94b-08cf97fbba25,enjoyable and rewarding,5
5a00b98a-64a0-48df-9579-b0729d6e33e2,RagalaRevanth +,5
dfc79b83-dea8-42e3-9add-135a8efe5ae6,Nice 👍👍👍👍,5
ee9acc8b-faaa-4738-9d52-b31f3476bf2e,Using friendly and good to feel every time we can relax Instagram,5
d4fd60d5-de8c-423f-88a9-743146b77a68,chapri aap,1
06a37d35-f1b5-451a-b674-15bdeee86077,Nice,5
b86c28ae-1f39-4dec-b641-0fd93ce1029a,Super,5
f8c99c3e-9736-4fbd-a91b-e1331484580b,Thank youu,5
368f674b-db74-4423-8914-bc3e48bcd7ad,👍👍👍👍👍👍👍🏿💕🔥,5
32181f85-5e56-4079-a6a3-5605dbd61c22,The worst app why you ask me? It's promoting all the hate comments about my country even if we report it still it shows it isn't offensive like why? And whenever I try to write any hate comments about their country suddenly there's restrictions and instagram takes strict actions against me? Why hypocrite much? I hope instagram would stop being racist and would help us to defend our country and not to promote any anti-INDIA campaign or comments. I'm disappointed upon this app.,1
673d4ca4-5c75-4e19-baa2-e82de7a68fa3,Good,4
61d09793-13d5-4435-813a-7e454b5f0f0d,MY fewret app,5
348034e9-6621-4ddd-81d9-18501b4d4f0c,It is ki maa It,1
d822ac76-c4d0-44b8-8f03-a90f2f161b07,Good,5
0e140210-3183-4533-bb91-9b1cb8d290e3,Best condition,4
2bc0e0f3-b652-46ff-a497-81f583bff91e,Waiting for connecting stori problem,5
257be11c-6208-4842-882b-1caee1f0372a,"Thalle umbi,🏴🚩",5
9ded2182-4672-4567-a100-f03da15f522d,❤,5
19942324-70c9-4566-84c8-36608ab24015,nice feature,4
a7b59fb5-834b-4803-9044-e142e155d79f,Made for time pass,1
6c172a81-5966-456f-a8ad-912543cf465f,Great 👍,5
78c73a5b-4465-46ff-9784-c76e2d08d109,I love this app,5
6893108f-9fbd-49ba-a662-5b6c8e51a8fc,😘🫶,5
62cfb300-897b-474b-8537-007edd21ffea,🍓😀😃😄😄😃,3
9efd4e11-bcf7-4026-8ce4-f5ff085cb7ef,Beautyful,5
aafd5087-067a-40f7-b577-db646b2e1602,𝐒𝐢𝐧𝐠𝐡𝐮,5
96ce892c-f98f-42b6-8006-e9215a639ff9,A.k mastr,5
b0d7262e-92d0-43ef-9674-25e95487a409,I love it,5
584fd496-7d52-4fe5-8495-7348dff32f62,Bahut kharab Aap hai ek bhi ladki set nhi hui,1
4eb81b11-6087-413d-92f7-d0ec302333e9,Is great app by nice reel uplod funnymoms very love you insta .ap.anytime.trined.app,5
d1ab3270-f3af-4fdd-b41b-b925a985279d,nice app to describe ourself,5
55271dfd-494e-4d91-94c4-b805023161f9,🤣😁,5
5916aff9-60f7-4a4d-8d6c-3a2421cf6439,Beautiful ❤️,1
8788943e-3efe-4dff-82bb-4236ccee653f,"Very annoying as could not allow to skip Instagram ads on this device while playing smash kart, such a pathetic experience seems like forcing to watch and download Instagram otherwise will allow to skip its promotion how one can download if keep forcing.",1
b1b1b192-adaa-47a7-84f7-ec44f7a22e69,Very nice,4
9be35054-b1fa-468e-aa51-bfa75f6c615a,Barabaad kar dega ye,5
9e670c44-1f27-43f8-b124-25467f54d816,Excellent platform!,5
1a9fac31-5e1f-4c95-b051-d96bc94777cd,Instagram doesn't work on pixel 7a,1
0db9bba6-12de-4361-8f4d-ab7a34c1e890,Bahut accha app hai,5
7c2951de-9f43-427d-be77-65c5f3f0bcbb,Nice,5
4b665faa-3758-40d9-b1b1-7a2c6e632c12,I find my relationship,5
48453331-31a7-4a3e-b217-42cf9f778d9c,So nice👍 platform,5
097a0839-e679-4737-a088-4df2e7635509,🔥♥️💫,5
0c612982-5846-4a92-a93f-ec6e9a2cd7c4,Worst,1
cd9a7311-e233-4fb6-b676-d879006ec5a0,It's a good app,5
8ee9bc35-69eb-43fd-9959-74c32bbf91ac,Yaxshi,5
0ca451eb-ec8c-4f61-b2b2-c1822220df19,Very cool App,5
4a00258e-b394-424b-8b98-4516a9360485,"Instant gram , like grataytuh boom",5
86c6ea7c-c044-4eb4-a0da-13dd82000809,Super,5
8cf78245-16f4-4f78-bc37-aee341e1026c,😚😚😚😚😘😘😘😍😍😍,5
4c1888d6-3d4f-4e28-a81e-739557e2c06f,Super,1
85bd33a0-118b-4fa1-aa41-26e00d780046,Wow this is a nice app in a play store.,5
013f6741-b17e-48bb-a3ea-eec0b7e964de,Mst hai aap,5
ebca2cb3-63a0-434d-81b2-9f576156fb45,Perfect,5
359c09d6-1865-468d-9049-b44496f969c4,Very nice,5
9952aa6f-3dce-4d6f-b617-e98fc1146542,"This app makes me want to delete it and probably will here soon. I can't like a photo without it, unlikeing it, then prompting "" we restrict certain activity to protect our community. Let us know if you think we made a mistake."" I tap okay then like the photo again, then it appears again. Only by taping let them know. Will it disappear and allow me to like the post. Why do i have to let you know just to like a post. It's stupid and ridiculous. It takes away from the experience.",1
b5e04a30-e047-4f1a-a92b-e0dbbcbd0211,"app could have a couple hiccups sometimes, but hey, regardless, still love it. You chat, show a sneak peek of your day, & more, it's rad af",4
2020257a-62ee-408e-871e-847d1be9f6fd,Pleze dowlod,1
7675f95a-27fb-48aa-9fe8-b00d889ee895,Ragibkhan,5
8b6fb6a7-17d8-464e-a63c-0a861caf5d35,One thing i REALLY wish this app had was notes when reporting things. If we could write a specific note for the humam review team about something specific i think that'd hwlp a lot with the moderation process,4
41c81f0c-fdce-4143-9b54-0fc81695c9e7,Video call bhi hota hai,5
d0a31409-dbcd-43d8-beb8-3dbfcab101e4,Excellent!,4
447bb041-adac-4e77-8eb9-f34c263dd7ad,Excellent,5
acd60682-f8de-4887-bb18-a6439cbba23c,Nice baby,5
6b6f613f-d649-4d40-91ae-a952504bae32,Oppen,5
dbb7c3ef-3359-49e0-8aff-97199ad49d89,I like reels in Instagram,5
96d97451-9bf5-41bf-a07b-a31466fc62bf,awesome,5
9591492f-a24b-4850-9b49-4553dc68d8e2,Too many ads. Always blocking my comments stating their links or for likes. Retarded,1
5f161aa9-cd98-44d4-bdef-f21b1a94067c,Beautiful Instagram nice good look Mujhe ismein sabse Jyada Achcha lagta hai story lagana dekhna Instagram bahut se use karna Aana chahie thank you everyone..bye..,3
603c59d7-4c71-4093-a192-93ef9ab3296f,Very good,5
8d187324-e950-498b-afed-7d8110fe26dc,Baikar,5
b74770c9-b439-4fcd-9b2c-a724ceadbd65,Perfect ❤️🦩,5
8c8947dd-e330-45b3-9ac7-9c2ad6457c39,Upendra bhaiya,1
adbc342e-9d99-43c9-97cf-1d8685febb42,Good,5
542d2d6e-bc08-4d17-8710-6e5822581759,Very good app,5
7b7f00b5-af20-4946-bfce-bcb2ff4895f6,Good,5
acfdb3e9-25da-41ec-b400-8071b9a1bc99,Kya ghtiya app hai ek din ladki reply nahi deti don't install this app ❌😞😞,3
d312d674-61a7-4831-a3af-16f294df6980,My love you instagram 😍💟,5
10753736-ed5a-4ef3-801f-aefa25f4af10,𝐉𝐮𝐬𝐭 𝐥𝐨𝐨𝐤 𝐥𝐢𝐤𝐞 𝐚 𝐰𝐨𝐰 💥❣️🪄,5
18683fea-780b-434d-8a83-d045cbbf1139,Great,5
77c5bb83-9624-417b-8e5a-cc6628c3bf25,Is na sabki zindagi badal diya,5
6e377622-3e9f-4da8-aae3-8249aae46976,Taty,5
1678568d-6272-446d-b4d1-aea86434f827,Very good 👍🏼,5
83810713-f79c-43de-aa07-41b875018f4f,ZOOM KA OPTIONS ADD KRO REELS ME BHAUJI SB KA DEKHNE ME PROBLEM HOTA HI EXAMPLE ME SOFIYA KO LE LO,5
ae873d36-b986-4f6c-a019-b938a21eec5f,thik thak ha,5
82efce10-538a-4623-bef0-bcadd313b193,THIS IS GOOD PLATFORM...,5
febe3b1b-7569-41f2-8935-ca6f810df46d,"Ok.its cool. But sometimes some videos stories not playing,its have only sound.",4
f76f47bf-a968-4f0c-a953-2449d8795a89,LET ME FRICKING SIGN UP BUT IT SAYS PAGE NOT AVAILABLE. FIX IT RIGHT NOW I HATE YOU,2
ea8d451a-11da-49d2-9a4a-7e3296fdccf6,G phone planet,5
d7ec139f-ec2b-41a3-80ba-a347a4b47129,Achha laga,5
ca032fef-4daa-4014-b5e2-7c55bf43bdc7,It is a good app,5
7c3e45a9-baeb-4b05-b72c-d726009f5922,Nice but view nhi ata yar,5
dc775911-e8c8-4082-89fc-142774e0b15c,it's very fast app and am so delighted for using this app,5
0017c82c-0d93-4540-84b1-baa118967236,I love it 💓 so much,5
efa09b64-8302-4c76-8a43-42f436419595,Very good,5
a93c229c-f10d-41d0-8d39-6591e0989041,❤️❤️❤️❤️,5
8c6af00c-81f4-4d01-b93f-4c76e935931f,Can't Imagine Life without Instagram 🤩,5
7a079314-5db5-4459-b2c6-4c2d6c18cc27,Bekar,1
bf4a9f88-3617-4efc-87a3-587c4f5c3df3,Instagram is not app is friend,5
3a9cb999-83dd-42fe-a648-27036023063e,Nice,5
175abfee-dcbc-488d-93cc-ee97cbe639fd,Hi jj,3
809d0ae3-36d6-4c4d-9c74-c16842971520,A platform where scamming is encouraged and even protected.,1
0e033ccc-8029-4a71-9ce3-3bbf7d636556,Nice,5
65cf6211-75cd-4f74-8e0d-83f2f435d2da,Very good,5
6a108761-1135-482c-96f7-4548572df2d4,Maa dada,2
0f9212b0-d4ac-4a15-b5f0-b52a24143548,=^._.^= ∫¯\_(ツ)_/¯,4
dfd4ea69-a789-488b-a144-6b7b6dd21450,hello I tried to do a package deal of being verified and it's not working out it keeps saying through Facebook that is unusual activity so I got frustrated and I'm unsatisfied so I'm trying to get my refund one of y'all need to reach out and give me my refund this purchase was done off of Bank of America so you best to believe I will be getting my refund one way or another goodbye you got five days pending on my Bank of America never do transaction not unless he's from Bank of America online🤬🤬,2
92fd3486-ce0d-4abc-b7fd-a249a9b519f3,My account problem Sahi karo,5
8d75630b-7cda-4d2d-8ca3-c2579de98cb2,Excting!,5
7b7263f7-02ef-4a3f-a648-245112ce2864,Very nice Instagram 🙏🙏🙏🙏🙏,5
343bf35f-b393-4fc8-805e-998364dfd7e8,rockk bottom,5
b11538df-8893-4ed6-96e2-c1418b23e57f,This is wonderful app 💕😍😍😍😍💕💕💕💕 my personal experience is very very most expensive videos like.,5
2bda5810-7735-4d74-a01f-a2ec9f2b4e78,Kavi Sundar,5
751ee590-3577-4017-9dfa-cf1ddb328080,Supar,5
120ee875-b735-4509-8be4-991e6179e109,Instagram do not use in the mobile realme 8s 5g,5
4542eff0-5aab-4ec6-be31-b3563499d59d,Loon,5
8aa84268-ec60-4192-8be8-fb6535c2eed5,Nice 😆😆😆,5
dd56c016-541f-426c-a0ea-291964719e22,I tried every method to get to my account but it shows something went wrong every time,1
11768e19-e507-43fa-aa36-19f14466e6e7,You guys really need to stop messing around with us. I just commented for a product link you your useless insta system god knows what you did now I cant use my account it's been three days.you guys said you removed my comment but I don't know why. But whats with this why can't I use my account this is not really fair!!!!!! Resolve it asap,5
d3f3fcab-1a21-4247-b445-7bd1438af199,Please give me 10k flowers me I'd gxl_meenu3a.413,5
a621b2a4-0dea-4e79-8648-d7dae19210c6,cbkrsdhwznkohredvj h nahi hai to uyvgui nahi hai ki is film men ek bar to uyvgui h i vi ka janch men pata chala hai ki yah sab dekh kar mera to i ttr h use din ke liye man aap sabhi ke liye yahan par ek naya rasta saf rr,5
e329c3a3-75d2-4852-87f8-0e9dec5c2967,Good,4
b8c44911-dbf9-46e5-b842-b35ce2cc40d0,Instagram and comment on the solve the solve the solve it is and comment comment on my own place is the best friend and comment comment on December when we were just don't have a good time with your🤨 family is a good 👍but I'm sorry but it's still a little more then I'll ask u have no clue where is that............,5
1e21ee8b-2832-4455-80c8-96ac592cad49,"Some times i am getting error for uploading, glitches are there",3
026b7398-b3b5-4b2e-95e9-8e8f412ae740,❣️❣️❣️💞💞💞,5
f3da1333-120f-4fbd-841d-74f22ff4947c,"Fantastic app ,,",5
ba3c6422-99c0-49f6-ad35-e4c79a77636e,It's a amazing app i had ever seen that's why I'm giving this five star,5
e9234f47-32af-4a9d-a8ab-4e4e375903eb,No words can describe ❤️,5
414c2b9d-089d-4826-9c34-48ffa9cbe8e9,Jabardast,5
b5a59762-bf1b-4d27-950d-b0815bca1fbd,Bad app. I tried to sign up twice and it says the page isn't working. I even tried to sign up with a different phone but it says the same thing.,1
bc5b5d7d-b189-415a-86e4-79aa61735701,Everytime I check my following or messages it doesn't refresh properly?,1
c567c65d-6d46-4b31-b4bd-37fb80dce889,My favourite app. Best way to connect family friends. I like instagram. Best app,5
1e1548b3-3ac7-42fa-83fd-722422bc2762,Enjoyed,5
9a2baf1b-9b64-4296-9a26-fec71d3fb97a,Nice,5
b6aa0497-cedc-482e-8726-84cd6a2fb155,Good App,5
e55ffee4-eff4-4dc9-ab27-7b8ace5f8650,Kti gach ladle💯💯,5
8c75fdf6-eb77-4eb8-b3c6-4c8c8e1c1f0f,Mmmmmmmmmmmmmmmmmnmmm pna ho to the person please forward to the 0kon o clock in a person p,1
8b364279-7953-42b0-b8fe-f6f03f61c6a1,😉😉😉,5
82c39391-9b92-4f75-ab76-71adf881d0b2,This is very very amazing 😍😍 app I am so haapy 😍😍😍🥰,4
e5c41421-b049-49a2-a013-d6c050f28c03,Good 👍,5
378a25cd-7245-474b-8b43-850fb6ddb5d9,Super,4
31b7af31-c8d3-4db2-b43b-b0fdb2865ce7,Worst app don't download this ap,1
cf132875-668d-4d6f-a3eb-9d0d3859de61,Nice,4
51a7ba10-70d3-454f-b7b0-e24bd299d2e2,It's so bad I can't follow people I want to follow because it gave me a limitation but I don't understand why.,1
188d4989-3aec-46e3-b096-d775bdeb5345,World best platform in reels,5
477a0c28-cc76-4bf6-869b-ce1975d4d58c,Must install,5
d068d2ac-8123-4ec3-a9af-de813d700b5e,Good,5
78e3f65b-9477-4474-bdf1-fd31e4bf45f5,Very good,2
3098d9c3-6116-425d-b687-13d363380e3e,नाइस,5
0ae5202c-521c-4ae1-91fd-95e67e6ecd1d,it's is a nice app for social media,5
d468c0f9-6ff3-4ad6-95dd-54aa727e1da7,"Instagram should lookup more into it's copyright related concept, also giving warning first before actually removing the content. Quality related issues are common nowadays.",2
595c64f1-655f-4ee6-9b16-ae4f6ff2d389,This is very nice app. I like it so much 🙂🙂🙂 🙂,5
207946ff-453f-43e1-8462-db02bdbf894d,Nice,5
98b31c52-c8b5-4d0f-892b-8cb6e646ff21,Yes awesome app,5
6e9e3585-cdad-4ac3-af53-8e71765c5bae,Rels viral hi nhi hota Sab Kar ke dekh liye,2
0c1eb65a-2e0d-4099-b968-deda6827fa45,Superb quality,5
642d2688-3945-4d4e-b176-6b2117db8b11,So expensive features,5
a09de946-62f1-4f7d-a00f-1d226e0cbcf0,You have a mistake in instragram because My ID not following other ID,1
52b97d25-0741-4073-b277-2b1221ee234c,Khub bhalo,1
d2792874-c9cf-4051-9cae-31915ed1a04d,This app is very nice app And this update is very good I request you any time allowed the update And thank you for this update 🙏🏻😁,5
a79d968c-38c2-4a08-b8de-eb6f3decaed1,💫,5
42aee43f-ad35-4cb5-a2f2-53825e6d72b8,Very nice,5
fe5ff543-6c16-449d-ab50-1354225143a5,Nirajpoisj,5
95a3efe8-925c-46e2-ace3-b0741a34ecc7,&6❤️❤️❤️-6-&❤️&❤️&-❤️&-❤️-❤️-&!6--&❤️!-&&❤️6&-&---❤️❤️&--&❤️&-❤️&--❤️❤️-&❤️&-&&-❤️6---6!❤️-&66-&-❤️❤️6❤️66-56&-66-5&5-5&💟&&💟&56&&5Copied text is stored in the clipboard for 192 hour.Copied text is stored in the clipboard for 192 hour.Copied text is stored in the clipboard for 192 hour.Press and hold an item to delete it.Copied text is stored in clipboard for 192 hour.5&--5-&💟5-&--6--6💟5-💟5&-6&💟6&-5--💟---&6-&-5-6&5&!-🛕-556🛕&5&-&-🛕5&&55&-&5&665-&5-5-&5&5-&-65--------&-&&--&--&-&&---- zad,5
0d245fad-97c4-49a1-8671-970b53cec952,Amazing features 💖,4
5b1519b1-5aba-44f9-aca7-3f1412603964,I like to Instagram,2
29973c35-f15f-472e-8e1b-0210b67f26b2,Nice app,5
6eebe4e3-2543-462d-9c43-d20c518e66cb,Nice 🙂🤠,5
90f73b39-fdd0-4455-90cf-f1893e615f59,✌️,5
8d7d7dbf-e032-409a-920b-ab531f234fa6,Best aappp,5
22dac86b-7956-4d44-b5f8-d14498f29c86,Hanif Sheikh,5
c92e1ad8-b88b-4948-93de-7150c4bb833a,Nice,5
e2070c5f-4ebb-40f6-aeba-edde72d56c06,💝,5
238b0363-5f7e-424e-9ee3-297e51a53dd3,Great tool,5
9b506e88-91fb-42ba-866e-e559b2cdfb96,Pls update the app as it the recent update have few bugs,5
3f8acf14-a2f1-4bb1-817d-7c80f0b11554,Saim ali,5
d065d8fb-953f-4eec-a6be-88c6d86cf63a,Love,3
e0ad1911-63d6-464a-8103-57bc83db4cbc,One word: awesome,5
5333d66d-c595-48eb-9cb9-b2c4a48ea363,Very irritated that the latest update changed tapping the reels to pausing it rather than turning off the sound. Will probably stop using the app because I like to listen to music while I scroll,1
0357ef6f-17ca-43fb-a61d-ca83b58fc01b,Best app,5
286209d2-ae02-44c9-b14d-1f64856aabe3,I can't use when use my wifi 😭,5
d912121f-ab88-4b54-a7e4-c0bbc8e56525,Very good,5
f9d61111-518d-4e76-9072-66bcae2a18d8,"The music option in Notes is not working, even if my app is up to date.",1
9859ea60-3e3e-4b18-93f1-3c13175f5817,So nais,5
73827e58-8d46-4336-9745-15b7f9f5c7c2,❤️❤️❤️❤️,5
45fff14f-4a42-4e07-b083-d90c4d065de0,Good,5
12ea6a72-c5bb-4309-9a8c-682b51e2cbf6,Good,4
f0194daf-0f9a-48cf-b275-1bfbd4814456,"I love it but, sometimes I faced some problems.",5
f9dc719e-63eb-49cb-a5b2-4fd9affccb62,cool cool app,5
ca8e2d1d-f24e-493b-8cda-ba60b1a0e472,Cool,5
a874df61-ba3c-4426-880c-a6387f78269a,Ajmirsksk,5
3473dfc1-822a-40a3-91c0-9d3d2c545e44,Mast hai instagram,5
4023f518-ef6a-4daa-b47a-96ab197070da,Nive,5
cd6f1509-8eef-4301-a353-3b899171335e,Samarthkumar,5
19a8f2d3-71d9-4f2c-9336-3c8a778e1625,Very interesting aap,5
379b87a1-8dae-4774-85c2-1eef4acecbd1,Love instagram,5
c3ad19b7-6ed5-4926-b9c5-ee671f707c67,i have so many problem in it It has lots of bug And also I can't reset by search suggestions when typing pls 😭 fix this also for some ID's shoutout add some random story,1
b50d69b6-02d4-4432-b288-e1f1f8b67878,If is very entertaining and useful thank you,5
4587e772-4019-429a-a400-345e6b1768d9,Very nice to have instagram,5
0ae53a80-e3b6-48cc-b570-17457e587ffb,Super,5
172d6d6d-cc80-41e5-b453-dccdebd93ff8,ଭେରୀ,5
6407330b-64c0-4cd9-be87-ad65d0b5cf8f,best app for knowledge,2
79f6ee52-2c3d-471b-b1f7-497b14713f15,This app is very good 👍 I like it 💯😁,5
4679320f-1b9c-4b67-ada9-4714e8f4e67c,Osm,5
f48c8561-b9d8-418e-b74c-fe37ceb1ab33,"Good vibes and even better times.""",1
9301b74f-7103-4ae5-9b6d-dbb4f4205ada,Kabhi Krishna Mandal,5
2aa0bf4b-5d48-41c5-8047-a134a61665a4,Sabsa achha trending app and funny videos app,5
713088dc-6242-4bb7-a821-28f41374ceaf,Good one👍🏻,4
55b493b7-9417-478a-8d74-8df539484532,My instagram feed for the past few months has been only cat videos and absolutely NOTHING else. I cant change this no matter what I do,1
acdd71ef-15c1-40f6-b55e-019e7425c9b4,🥺🥺🥺🥺🥺In hi TF,4
4486b798-7a25-4f64-928c-a4dfaecae827,Last few days I'm having a problem in liking posts and logging out automatically of my account. These problems happening from time to time. Almost after updating the app.I tried many times to communicate Instagram administration to fix the problem but no responding.,2
0f0064dd-9879-4431-a8b2-25f1cf06372e,Very good platform,5
4079cec3-ba90-4bea-b8b5-bd99e0787600,Followers on,5
21f50349-1f27-484d-b836-791c9872c7cd,Sanu,5
19a10008-6612-4c38-b03d-66aa20308b6f,So nice app,5
0009f95f-05a1-4142-b5fc-c2524aff5bef,I have already sent so many feedbacks I can't watch reels it shows (something went wrng ) instgram is not even fixing issue,1
ebaa21f9-d731-41f6-8a46-17f4aad727a6,I didn't see like this app in my entire life it's so useless kid's didn't study bcz of this app we have to band this app 💪🏻🙌🏻,5
8f7584e6-85dd-4787-928e-c9eb20729663,❤️,5
f5d86668-5e46-42e5-9890-a5c55be16bdf,Vert Nice Beautiful,1
41e605c1-143b-4880-a2d0-72f75a1571de,Describe your experience (optional),5
bbfe906c-f688-46ab-9505-c9eee6701e63,Brijesh. Semliya,5
abc33840-4131-4e61-ad3a-ea7e18750b8e,Good,5
44c82701-af09-4f2c-8727-ac1c3413995e,good,4
efa44902-e557-4c89-8054-f46ecc8aa76a,I love 😘 instagram ❤️,5
9f3bd922-58a9-4d4d-9571-4423436317dc,Good,5
d6308b89-ffc8-4946-b788-dd96b484773e,"QNo, it's only after adding a simple tune that you are advising the perfect namaskar, as demanded by the money demanding the hidden money. 🥺🤗💞",3
3dce7901-6a0b-49ae-b7bd-4fa8e92153c8,"This app nothing special because bugs problems failed my mind,",1
9aa3effa-d92f-4404-b573-f60fb323074a,It's good because i make online friends from different places,5
e13dcfdf-c099-4cea-8c0f-499d14ee90b3,RiyazuL HOQue,1
b6004e5c-815a-4400-b068-03e2cf833d2b,Great app,5
d83543b7-137e-4f0a-bf70-f3d581f2c4e5,My best Instagram,5
70805536-4e60-49ba-b5b6-347398386139,Splendid,5
1534a60a-2e17-4e21-927e-8bf7045b2962,"Good app for video, creating, editing, etc.",5
56ad0a5b-8a70-42f7-a732-0f464ee0243f,Very nice,5
97bcf8cb-bbb1-40ed-a8cb-9d0c290bd579,Gorgeous,5
c81014f2-6042-40b4-a067-2bdf78758e6f,This is my personal account,4
32b6e0be-d29b-426d-920f-c912dff0e17c,Such a mind blowing platform,5
910271b1-aa04-4f95-8d6f-930e08dc4d44,Du gchi,4
aba2130f-42a8-49e6-8b7e-ba1744d4bbf1,Supar,5
5a8d0cf1-a2b3-4df1-8f65-7d22df164842,Xaac,5
0f7f827c-fec8-4a95-aae6-55556c218f4c,This app being totally trash now because my comments are mostly commen but they always stop my comments and acc to work .I am hateing these things ...... I hope they stop doing this and let my acc work again and it's won't happen again from insta team side,4
9ea87d5e-2469-45df-92a8-8cd5d33e10df,Amazing,5
4b158c6f-a8fd-48d0-bd6c-65bf1cfca3c7,Best,5
3f89553b-ab8a-4598-b252-517b9a6bb7aa,Hehei,5
89587a24-1f77-40e6-8179-8dc29f3c8b67,Supar Cool app,5
be88d2ce-3860-47aa-bfe8-50bb9a1327e0,Super support,5
f92e7a28-7349-4ec2-b69d-02f273f5012e,NICE,5
b36df0a7-f0d8-4052-9575-65850f0a48bd,Worst app,1
bb92afe6-52d8-4071-bfe9-5472352b7b26,Asns Ahead America is USA 🇺🇸🗽☃️👈 USA live,5
35f613ac-d316-4c7c-919c-9f2e7cd95116,Very good game,5
fe3c6739-1df4-4666-85f6-c30fabfd5799,The best app 🤗🤗😘😘,5
113c235b-9ec3-4ef2-b4fa-b7992f094783,It's great,5
98ba7ae9-e329-419e-aca8-608c00ef2172,"This is my favourite apps, I love you Instagram❤️❤️❤️",5
d071775c-db1e-447d-8d7b-51dac754f0fc,Superb,5
d5460e1c-f1d6-4c0d-b543-5efdf261598b,My channel ID i3writer,5
cf77a78d-e1eb-4a88-9801-e9183be74190,Love you meta,5
e39ce6e5-efa0-42ec-b268-19db7cd4a20d,Worst app seriously new updates are just rubbish if someone have a private Account atleast let them know somebody had requested them to follow,1
c0b3bcbb-bf25-4eab-82e8-5c8eea27094a,Prabsah,5
022c4cf8-6cbf-418e-a636-6da1207165c0,I can't load / see comments reply on my comment on others reel. Notification arnt being shown anymore even when phone settings have allowed it. It doesn't show on app like I have to go on ❤️ to see new notifications,3
7fe63514-57d5-459f-bb28-d4aaebe781b5,Great app 😄👍🏾,5
bdccf212-b5e2-44e4-ab66-a292cfa684bb,Mostly,5
0b23247c-fe5d-4e34-93d4-abfe85f91893,The story or reels can't save,3
af7872f6-f4e9-4857-a16b-8ac5a89c80eb,Good,5
0bfdd54a-2136-437c-87be-cfa4751fc768,My Instagram I'd Itz._.Asan follow mee,4
e0e4dd5a-cab8-42be-a4ad-7cd74c84349b,"z, !!2!🙏 ,2",1
500f038b-58c5-4a48-bf01-6eb412727a9e,good good good good good,5
3ddd6c42-7f01-421b-9b53-78dd500d88a6,Good,5
867b5746-d28c-4dc7-a310-f66d2c45cf8c,Good but time waste app,5
799cd369-a13c-46eb-8331-df96f48b5e53,Nice but not nice,3
5367b7ac-1a9d-4130-b853-db94e164fcfe,Good,1
c28075dd-4ce0-41ce-85f2-a734444e69c0,It's not getting appearance or store in avatar creation.i tried for 13 time,1
767b5b42-e66a-4d78-9e48-61117ed72720,NC xgnvgu,5
145e018a-c6c6-4b55-a76d-4883ffbbf97b,"X,o,oe,,e xxx,emx, a you kxelvzড়ড়্গি,",2
1db4aea6-a1cd-469f-96da-674db924cdc6,Good,5
25140083-fef8-40f5-a536-27cb53f04140,Nice,5
05b0baaf-1f06-4fcb-86e6-1a30256ec110,Super 😍,5
d80f0d23-b17b-4f26-9629-08b5cf6ac8c6,Nice😘😉,5
436c9dc9-49a2-4112-8265-beb0547b733c,❤️,5
a92f19a9-b8cc-40e4-a1d6-6d4b32adc9e8,Por ti,5
95315ad1-c53d-461f-8bee-51a02413815e,Ok,3
40ef5df6-bb78-4d0e-afa6-c56fec8b1dc8,It's really very useful app for me I really love 😘😘😘😘😘,5
4fa81fbe-b98d-40e4-bcc6-7aebcfbe86e4,It is amazing app,5
6695e096-8d90-4334-b667-6b767ba37424,MR ADITYA IG ID HAI FOLLOW KARLO,5
bcb874ac-7fd0-4d29-91d9-0aa6a184d028,Was good before all the reels and meta AI garbage.,1
fc72e496-57c8-4bcb-b30c-be672114dfc8,Instagram is very nice app is beautiful world is app,5
0bccaea8-1015-4d16-a7a2-4fdf0cb9ff90,For you please,1
f6d2e661-0ed9-4409-89f8-c220a67098f8,Saurav kumar,5
c251aaec-66ee-46b2-b6e5-96ada854acb1,Dhanaraj Dhanraj Aaj sanvariya,1
4d0a0981-c541-4a16-b2e2-6fbd1b3dae42,Satisfay,4
e0da3463-27f7-4c41-8542-4d6d55d5dd63,Very nice app😘😘😘,5
df45e1a9-3b4f-440f-bedc-6bb2518a388a,Awesome experience with Instagram 😉😀,5
7f1f61fd-b037-40af-9122-61a6bcbc1899,ok lang,5
df678743-cbaa-4b4a-bff9-b5fe982bb895,Im really obsessed on this app because you can watch a video and even call your friends i hope someone will download this app to💕💕💕,5
a07c9ef7-c01d-4e11-81be-3164293f2f39,World best app,1
ca996023-5404-4983-9c30-3f485611f4fb,સારી એપ છે.,5
2798a54c-b72e-4962-9d51-993965ffad12,Nice app for your future ☺️☺️☺️☺️,5
1691d3a3-3e1c-49d3-98e1-14cf60f00fea,Super,5
1b6654b6-17a6-40e0-b87b-4b64884e1b71,Good aplication,5
6ae2bd7c-d219-4b39-85d3-fc261acffd2b,this is nice apps,5
aa81e6a5-b836-40d1-a28c-1d453b338d31,Verry nice,4
d8574e3d-4cd9-4b69-920f-ed2bbd1f2458,Best app ever,5
1d36b901-46f7-4f71-b979-c1ad9b6e4f2a,Sabki views jada hamara kam keu vaiya sobka ak hona chaiye na 😭 Sob ko vairal honeme saport karo na tum lok,5
20f477c3-d025-47e4-84c4-b6808d9a4ca7,Sorry sorry mai galti se sabhi ko fallow kar diya,5
0ed1781a-f617-4d79-af21-18d860d2b07d,3e,3
99086ca7-b8d8-4edb-a7ed-99c47badae72,Hii Bolo,5
e15487ab-c37e-4a40-aedb-c6c8af50bbf1,Nice bro,5
aef8320a-b1dc-45af-8d88-e7570770213e,You are the best app to me and I'm marshall mathers,1
6021651b-8b8e-457f-ad8a-e038b9a84953,Ext x zed CVC,4
59abc291-5376-4620-a2d4-21d955687c51,App is ok but doesn't use my hard to train ai art makes me happy,3
59baadd3-9ddf-4f77-b567-b980de7ba066,Super,5
d768e823-dbf3-45e8-bf77-31ff6afb50de,Super,5
d1c5b162-1cc5-4113-93b6-f54f22e42ec0,Very nice super Instagram apps,5
03ede0dd-adb2-45c0-a204-9e18651d5500,Good,4
d4203dbb-1d24-4897-b2c5-1478c0abb770,Good apps,5
2094e21a-9c1e-4b50-ad7f-61fcc1333273,So secces ap,3
b7612298-9afc-4bfe-9a3c-31cf32c70e54,I love instagram,5
5cc4451b-65ef-4023-bf93-c745a28b49bc,Wa lo o,5
716b7801-f87b-4555-a5e8-4b62b9f2257b,"It's really nice am enjoying Instagram a lot, because lots of people see my artworks and so on",5
7d6e4a6a-1f4e-4e2b-a34b-865d5ade36a0,It is good app but one complain,3
c138ee0e-18a1-4316-a8a2-6b11bbb9830f,Best app,4
3ae55a95-9b8f-4446-951a-eabab27d4468,"Within the last couple updates they disabled the ability to disable sound from vids shared in stories? Sometimes I may like a video and want to share it, but don't necessarily like the music or sounds in it. Why did you guys remove the little speaker 🔊 icon which allowed you to disable the sound? This is so weird. Yall need to fix this.",1
094f809c-267a-4488-a8b1-5f314f12b102,Bh ok bye bye bye,5
75e71b8e-3bf3-4fc0-97c7-7e13d9593f95,Best experience,4
34e21975-600b-457c-8bfd-05acd13015eb,The Besttt,5
6e758042-ca70-405c-b394-aa2cad74a26f,Ok,5
0a3a4399-120f-4f85-9a0d-2953141f9df1,Give me followvers,5
d352db27-427e-4352-9fdd-31d30e2af6ab,No history to see past short videos,1
51418992-dd25-40f2-bff4-7c59ae852669,Very good,5
ffd61299-93c6-4f7c-9c89-cec09d25c384,Enjoyable,3
d14a6f54-f942-4321-acc8-a3f441fed482,Not properly Optimise,1
564931a3-61a4-4bc5-9e74-b0251961dcd8,Parfact app,5
0e4b6d0e-282b-4ed4-b1b5-6af9b7fed7a7,So nice,5
8f681133-ac48-48fa-921c-3236a074c64b,Very beautiful app is this I never without Instagram for 1min..,4
fad525a3-1d7f-4c4b-a131-07b9261dfb0c,"It turned blue, and %40 slower. Instagrams idea people must be brain dead.",1
17da2960-4f0a-4d6c-8505-b70d9c06bdae,"The app continues to get worse, shoving more and more suggestions into your feed instead of people you follow, along with ads. I have the explore tab to find new content, the feed should only be for people I follow.",1
8a247306-541e-4dfa-b63c-c4b0e30b8697,mast,5
20f00128-dd99-426e-8221-01e5e71fb675,Dadisandhya,2
45b4f395-8ac2-4a89-9e6e-79601d37b878,"Cannot following people, it said ""Try again Later"" :')",3
5ddaeadd-2171-46f7-9804-274540e1a6c8,I love instagram,5
697dc18e-899d-4457-8718-f8e0ff427e88,Koi Install Mot Karna Ek V Ladki Reply Nahi Kiya Tumko V Nahi Karegee...,5
8b570cf5-62d0-40fb-aa14-c8a73015a953,Basudev,1
93e36999-f140-4064-94e9-137e0072f196,AIrzjt,1
2224ce3e-b89f-4f54-860f-2fe3325d50ed,Pnditan ji,5
cbcadcba-6333-4330-880e-9a276f5ce61d,Good,5
d59acfb7-4273-42fa-a5e9-a9a80208b93a,Very bad update,5
41e685d9-d007-4d8e-a21f-3af1047fe2d0,"Have used the app for years, and now, for whatever reason, it refuses to load any of my feed. I find myself using Pinterest more and more as the content there at the very least refreshes. Idk if it is an update or what, but I really cannot forsee using Instagram if this issue persists!!!!",1
734600ce-f4a4-43be-b91f-5a351e054a8c,Good,4
aa8e9d45-39af-48cd-91a8-2cf008c8b3f1,Nice,5
9e7fdece-d16f-4a00-9f97-d9e4897a06fc,"Has complications on ""Google brand cells"". Also ... WHERE ARE INSTRUCTIONS?!? Is that a really BAD modern day policy?!?",2
ec88e055-5ed2-45ef-80a1-70969507cce5,Kohli bhai ke liye Insta chala raha hu 🥺😭,5
4e608bb6-a08d-4a21-b746-74c9741ac097,Like it for motivation and so much teachings,1
e8054483-a6a7-4911-ac1e-51e3e741b82f,Good platform but some teenage issues 😞,5
40ff2cac-eaab-4097-a326-3beaf0ef0024,தமிழ்,1
4d7f16e5-d323-4c48-9dcc-db048bd09383,My meta AI is not comeing,1
879bd888-b7fc-4551-925c-854bcfa8ae0c,Enjoy not toxic,5
90067999-24fe-4d63-a0b1-10ea6e66b7e0,Worst app about privacy why you allow people to see others what they like what they commented what they saved it is enough😡,1
422c6f50-2b0a-4409-a028-65bc79e28d6e,Spyware,1
e932d936-e855-4f51-af89-381d5fd83a52,Confusing and ruins my video every time. The video quality is so bad. The pictures are screwed. Also you can't post too long video. I guess that's its point. Like YouTube better.,2
cd7f4463-5189-44c0-9296-501117811ba5,Love it,5
2c15634a-9a5a-42b9-88f6-17d89e192609,Love!,5
b23f84fb-08d0-4065-b428-3774d98a1d26,❤️❤️❤️,5
4c1c6141-bc10-43a1-97ef-d5130a51fb97,Nice and very wonderful I can satisfy in this,5
4622520a-a4c1-43c2-a2ed-ef13f3ea3356,I like it instagram,5
94c92450-2f5b-4fca-8efb-e237222378cc,Nice,5
e0892382-a0c9-47f1-8dca-8b1f11e89cba,I can add music to my post or story but I can't search music so I can't put up the music or sound that I wanted and frankly it's quite annoying,3
27c3d066-72df-4812-bb31-e707586ddc7f,World best platform is instagram likes,5
2b5f0121-911d-4c2e-af9d-5c5abbde3fc2,💐🎉🎂,5
e31934b5-154d-47ee-be0e-32db273dea89,Instagram is very helpful for in nature status,5
fbdebb63-6788-44c3-9e40-fdb801a068e0,Kishan meena,2
e0d32762-d5dd-4cd9-9278-b59620a07e33,Ak🙏 Uday.🙏 57,5
00fdd1f4-2b3a-4ee0-bc9b-946c46aae919,This app is very useful 👍,5
4d95afc9-d46c-4d0c-9a28-c91ea0d354a8,So cool,5
a918515b-529f-4f07-8189-047630fb5cfe,Best app,5
d7d01c23-9d1a-4a7a-9fa3-530d74bb5cca,"I can't comment on any video because it always gets because it's being categorized as ""spam"". I sent a complaint, and now I can't even see the comment feed at all. I've never lost my account privileges, and I don't violate community guidelines. Something always gets broken. Update: Deleted account.",1
f0f311c6-2b5f-40e5-a19a-61948ca75d84,Nice,1
edc28372-8b88-492c-84b2-be24c3c3afa3,So,1
fac7fca1-fa0f-4228-b0a6-89a104008242,Ani😍😍😍,5
3b6eccce-d837-43d7-8494-143058777490,Super 🥰,5
4c064a8e-44a3-45ac-8e15-a38a0207841e,The app is very supportive of me,5
e5caffff-5c5d-4c04-9f3b-2566c13dca4c,Rajkumar,2
18f03c4a-285d-4ffd-9438-fc876036c956,👿भी xx👿 👿👿👿👿👿x👿👿 👿x xx👿👿👿x👿,1
196e56ef-1340-4a08-9c74-bd46b2817851,Hello sir mera Instagram I'd me na to followers badh rha hai na to 1k 1m viewers aa rha hai kye sey thek kare my id mintu__yadav84,4
e2c6ab64-84df-4d48-90c4-243ae2ec3926,is so enjoyable,5
1811c342-a931-466b-a30c-d507427e7ff4,Very very bad app. I've logged out for a day and they are not allowing me to use,1
fc8c39c0-f8e6-47e0-9d14-e10f7343af5b,Nice,5
de0ad6a9-867b-4bb0-bd88-fe70a5ab2bbd,Very bad app because. The app atract child please ban the app,1
75cbf61d-7548-44c0-9f0d-2cfd1e7c054d,Good,4
66a7890d-b73e-47fa-ae97-0c8776480419,+very good app,5
04b44681-d5b6-4f39-ac61-6ed23a21fb82,Excellent.,5
8df84a4c-7e62-480d-b776-e0a8c4a3ae7d,"My feed is not getting refreshed for the last 1 week, but the stories does.I tried clearing data and re install the application, but nothing works. The is not network issue as well, tries multiple networks. Any suggestions why?",1
575eabc3-8b35-484d-a5ec-3929f8bd7ce6,Note option not showing here,1
05f90b09-a48e-4321-8c5b-a050dacaa3d0,ID Nahin khul rahi,1
45ebda0c-061d-4817-8cbc-c8d02bed5c39,This is really good app.,4
89a7316d-ca95-4fb4-971e-171b0fe21fe7,Best,5
40ecb51a-72ca-4f52-ad2c-fb7fe0e99a0b,W Ll W Ww Wa,1
9538ab12-48bd-401b-b2a9-c552827c5d64,This is best app,5
ed713e93-c08c-4a09-8007-fbf09a7ab357,This aap beri amejing full injoy 🥰,5
3c9ef366-a3e1-41dc-98eb-23c85238f8b5,"I really like this app,but this time I can't follow many people at first",1
36008438-e16c-49f0-aa3b-1be327c38d28,Nice app❤️❤️❤️❤️,5
5adba757-76d0-4784-864e-aa43bec53ba6,Mast,5
0ab991b9-e12a-4d02-b99d-4a1034e02f7a,Ankush bawa,5
ded31d18-7ace-4b42-a7b5-ddfdc704be51,Plus follow,5
6bab3f8f-2374-4454-bb6b-9af6fd41e39a,This app is good,5
dd904971-dd69-4506-acf1-3e834c945825,😊 good,4
ba1ebd42-4ad2-4e47-a7df-603f687cd602,Best app for entertement.,4
1b26fe1c-0f4d-40fb-b4dc-7a12ce74f253,Complicated,4
ac0b6509-eb76-489d-b85c-f3fb9980afd8,Nice,4
49985130-f72c-44b5-873b-0c92353380be,"🌋🌋🌏🌋🏖🗻🗽u o idea egI9I,vs .",4
6d7edad3-a42e-467b-b1a7-ff8b48503bdd,"My DM section is nt opening , its 3 days now ,, iam frustrated .. please fix it . I kindly request.",1
d549d796-37e2-4bca-8fb0-77c2666e22d5,"The app is good but not as easy as tiktok, it will get easier gradually.",4
312017ca-670f-437d-b00d-3203d4daab38,Great!,5
9c81c1d0-0683-433a-a530-1c4ac2a0aee7,Good,5
12258489-edd5-42de-96b8-45b2053c86a0,Awsome,5
f571c928-3dbb-46d9-a198-702914380c12,Nice,1
0502d2e5-8800-4af5-b6f3-5cf0a1c4276b,Nice app,5
c6988e3f-22fa-4226-9fe0-4216f0690c06,My acc is hacked it is not safe,1
50c4a5d2-5404-4941-9fed-6e5c142df099,Very Nice,4
9b7b6335-305f-463f-aae4-c3c327484570,Good,5
5a7a8f44-c0e7-45b9-9afc-4913c8bd0587,📴 किया घटिया ‌एप है 🚫🚫 यार कोई लड़की 😔😔 रिप्लाई नहीं करती है ❌❌. DO NOT INSTALL THE AAP 🚫🚫🤬 Mr_ram_babu_bheel_thakur_143,5
dacc2717-2077-4ee2-a809-f6fe9f9c655f,Magtuushtai hereg,3
befa2663-3702-4710-a3a9-6a65cf518e7d,Mc bc lA,5
33b2a540-ee80-4b87-a823-20b027394fdd,Good instagram,5
79352480-e6f1-46a8-815c-a909c1a15844,Awesome I like this app,5
aa80d538-789a-4a61-aa8b-f7a37620668e,Op,5
910302eb-01dc-4bd0-aeec-a084d6401386,Love,5
f6738442-8bc6-4403-a919-68ec2f9a9291,Nish aap🥰,5
aa0f165a-5efa-4fd8-87f9-94fc03a02774,Why has my account often been suspended lately even though I have never posted anything inappropriate?,2
3313256e-7494-47cb-89e4-4f0068412178,So good,5
4fbc9c14-4acf-4a9a-adf3-35866e14bc2e,My reel is not scrolling,1
4d43b0a7-3954-4773-b414-540d2b954655,Nice app,5
c03d1e97-97a0-4e92-9e7e-7f55f7ebcfa9,"It's nice , good quality pictures, we can meet with new people and discover many things but some glitches is happening whenever I am liking a post it is showing that Instagram often control what you do like liking, if we made a mistake let us know When I am typing on the button let us know nothing is happening so I could not like any post Please check this problem And has anyone any solution or had these problem before?",4
d250d463-0b01-4be1-9b9f-e8a424e01e06,I love instagram this aap is soo good,4
14a2422c-606e-4223-a886-8407b2e1e2e5,Instagram 🙂,5
dab61774-fec1-4143-a831-aa7bbe5d44ee,I think i love this app,4
171c342f-c19f-471c-946e-7d65815289e1,good,4
e58922b9-b67e-482b-819c-fe15822736db,Awesome 👍,5
4baaa277-28ec-4429-ad0a-238f7d5dcaa7,Thanks Instagram love you please 🙏 sports my video very nice Instagram love you instagram 😘,5
5313ea28-b4a1-47ae-a3b8-2254bbbd2179,Very fine,1
dc1d140b-f7de-41da-bd83-13ce177a1918,"s z ex, r",3
b37314c7-89f1-4a09-83e9-4ae09906c45c,I love to use this app it is amazing,5
cf23365a-1aef-496e-80d2-f29e05342704,Abdullah Jan,5
0dc0348e-8a58-48b5-9d85-ff3157500b87,Mind-blowing,4
5143a0e5-f693-49a2-b38e-6479257aac08,🤣😇ksskzosksk. s. Zkz zksksssskksskzzokss(swish kasam zksskszzozzzzzomssi🤣💯💯🤣👨‍👧☝☝🤣🤣😇kssks,1
61384a03-c239-4fc3-bd0f-c3285ffa39ca,Just a bunch of scammers just like everwhere else.check it out meta,1
3fa0ddbc-b74d-4cf6-b08c-7f400dbc4c37,"Subject: Issue with Song Not Showing on Instagram Profile. Dear Instagram Support Team,I hope this message finds you well. I am writing to report an issue I am experiencing with my Instagram profile.Recently, I added a song to my profile, but it is not showing up. Despite multiple attempts to re-add the song, it remains invisible. I have also tried updating the app and restarting my device, but the problem persists. I kindly request your assistance in resolving this issue as soon as possible.",1
869a8f55-686a-48cd-91ec-cb7b45a315df,Nice app.,2
947a23ab-d725-4118-a4a2-282627be40fe,"Full of bugs and sanctions. Works well less than half of the time. Additionally, it is full of commercials and promos from scammers.",1
433835e2-ecaa-408a-9556-ad43f4f5f608,Live content,5
dcc6e060-1494-4a65-a1ad-c640ce6549bd,Mast,5
d8c58b45-78c9-42f1-b7a7-1d6a676bca44,संजीव कश्यप,4
cb382b66-1b67-406c-817c-e8bcabb18c4d,यह बहुत अच्छा ऐप है और इसमें मजा और दिलचस्प है,5
141446b5-11d2-40a6-be2f-56f6160e9290,I'm limited in the amount of people i can follow. I cant follow any more shops or people I'm interested in. Why show me FYP if youre gonna limit me in who I can follow?! Instagram spiraling downward. Someone make a new media platform please.,1
30092fae-15e2-4236-b801-7b1e06e451b1,Nice,5
e06e88c2-43d0-41c6-9681-8d44a0ca84e6,Koskeshe khar madar koste mardono khamene i binamos dandon mn chera bayad sar binamosi adamat zarbe bokhore khodeto gayidam adamato gayidam mardomo gayidam lanate khoda bar shar sheytan to konet salamio gayidam on aslahato darjato modir insta to kose dokhtare binamos asan be toye koskesh fohsh midam binamos khob ta bad mardom ta masoolin hamaro khar bgad binamose madarjende chobsho sar koskalak baziton ba ghofli khordm y done ham nazadm hagh bede jolotar atom bokhore,1
705b5e3b-6fe6-4fbe-b1b8-359ac00aaef8,Nice,5
61799a75-96b2-4530-ad1f-d58addfcc825,It is good ok but my video is not viral why please viral it my user ID quel sley,5
7df18d7e-aadf-41ad-8f88-dfa40627cfbc,Very very m ce,5
d40328cf-8b33-47df-94d5-0bfc28010c90,Are yaar mere I'd me sayad koi problem ho gya kissi bhi ladki ka DM nhi aa rha hai 😅😅,4
83238b18-d395-45c8-94da-4ad48f8e5fff,Nice app amazing👍,5
f81c30a4-02c1-4792-81a0-e4afdc6e7a71,Nice,5
0e0eb88b-01c9-45ea-bbae-aff6c3fc2b2c,Good,4
88128687-be45-4e44-af6e-679d63819c2e,Very nice app 😊 This app gives me very happiness 😊,5
9177acfc-eb7d-413c-8207-ebb2e5cf775d,Good,5
c3df6f4c-a4f5-4116-8a9c-136544085d02,Hi Instagram teem plz grow my account,1
0a4aaa0e-7501-473c-ae6c-d5c7ada04dcd,"Please help my account. I always update my account but it seems my account still outdated. I didnt get so many new features. It said the new features not available yet for my account. Such as Flagged for Review, Gift, and else. Can you please fix it?",3
58b0f2fb-4fa8-43b1-94f8-2a340dd85d83,The application update is not working and I have the old version,1
66d5d4e6-19f3-4e73-9092-f08103c436fa,Always forced stop when loaded the videos,4
af9b2466-3b23-46ad-826f-4b7caca38e03,Q1 warm} was,4
4210db8f-2ead-4509-949e-7faba1651cf4,𝐒𝐨 osam,5
fdf196de-e4f4-42ed-b79e-0fbf9541f89c,Great job,5
d0e5b74f-89ab-4e94-aef6-83fe0632eec8,👍,5
8fb60b95-e0bd-4e4f-a60e-f863119b9acf,Best,5
9698e026-e900-4886-8804-318c290cd6da,Good aap,5
c2fe40b5-b714-4879-a628-57e084ace6e5,This ap is good,5
90f3b4e2-6b28-4aa8-a9c0-c0c5be91096a,Riinkujogi,5
db408114-2b57-4421-abdd-ba33f6bf053d,Good...,5
387e018f-c3a3-469e-9f27-4d2a1a98456f,आप भी मेरा चैनल SUBSCRIBE करदो you tube channel) royal sk vlog yt,2
48ed8a08-b924-4253-adcf-81ce552d9299,Khushi is my name,5
13892795-294d-4e0d-9eae-4102b0e870a8,This app is nice app but time loss,2
d8efccf9-54b7-4883-98a9-e06ab058d987,This is secret happiness,5
6dc63d66-3f20-42aa-9f96-59f3c2f7bc8c,Monudj,5
81b34b9b-651d-43ae-8d15-b6280165521a,Mere id 10 k follow kar doge,5
fae6bef0-bc9a-4e4b-ac13-3b23db4856ea,Super,5
601ab799-b8c2-4ab3-8143-a6f8c7880f7a,This is nice app,5
80fc704b-6ed6-469a-b607-2f4b89fb908b,Mkloomurmu,5
c5c24d56-c58a-4b65-81a3-ab9d698ceae9,I love instagram,5
0d05e96e-805a-46d3-aef4-23de86adf33b,"X,lxmlfak kl aa Azz as much time you h",5
d9146a0b-84d2-4d6e-a333-ade04d120d63,"Jjjbvfddddfghhhgdszx,, coll J hmm underestimated",5
d5973c95-6215-4a15-94d0-5db32f3283c3,👍,5
4c0f1798-d87a-4d9e-882b-156d9609a14d,Good,5
775eab19-cafd-45ba-b4da-d879a6781f9d,Nice,5
38a1f24c-b46b-44b4-8567-b08d4286f741,Awful auto review system. I left a positive comment into someone account and added the @ of the very same user account. The system flagged my comment without any way to edit or ask for a human review. Of course the system proceded to limit my account immediately. All of that for leaving a positive comment. What an awful system.,1
c6c9816a-84f2-40d0-ae1a-b14213e084d0,Good,5
1fe5900c-022d-4a5f-a17c-c2171140bae6,Good,5
5d68184d-3b3d-4d51-9ba1-a8d747d8f8e4,Very good 👍🏻 app I love it,5
a044991a-5b78-4f44-b2bf-f6de025e0ef2,Good job..,5
082b4910-9577-4f46-9be1-f06f9ed8ebd9,This is very good app,5
d4296ad7-cecb-4884-8c2a-0984bb150072,It's ok so far but I don't like it a little because there's a glitch or bug where you follow a person and it hits to follow to unfollow,4
d0e1a7f6-3e89-415f-b9a0-0387106bd97e,It's an extraordinary app it helps us to keep in contact with the world I love this app❤️🥺,5
151feb48-87ef-4e4f-8052-17d50eef7225,Me kisi ko follow kyun nhi kar pa rha hun,5
0c6581c0-5707-4f67-8aa3-dae1946eb62a,My fevret app. nice Instagram ✨😊💞,5
858499de-4487-4f0d-a6c9-e6c63aa30ff3,awesome,5
9d8f35c5-5ac3-42cb-8521-777077bdefe8,Nice,5
026520e7-9911-4039-8195-5cd54a0482d9,"A little difficult for me (senior) to figure what to put on a reel, story or post. Love the app.",5
190791a2-405d-4340-b5fd-226bfc86a246,updated,5
cf21eb68-e6df-4070-88ac-7d3e0be3e915,🙈🙈,5
eea2df7a-3f7b-4bc1-a6c1-cbec70906248,Nice,5
848e4939-7871-4e66-a18e-a298eba24884,Adarsh,5
ad7b0c58-1909-46da-95c2-5f7a32809f78,awesome,5
fb33613a-75ea-4d3d-93f7-1975ee919e42,You have really done well And we still love you. You can do more sir ride on. 👍,4
88503d63-13dc-452d-bfbb-6ab52aaad600,Good,5
a75742fa-455f-4d1a-925e-72f58be599ab,Thirs app ies very good but reels open math kana time kabe chala jaaga bata ne chalga and this aap is very good,4
0f5041c5-3904-49fc-a6de-c4974b07707a,व्यूज नही आते हैं आप लड़कियों को ही व्यूज देते हो ऐशा क्यू 😳,4
5a43553e-849b-4d7c-9c06-2d1b0c799fba,High data usage + many glitches,3
2e433ed2-927c-4858-90a4-9f07a24e6b92,I am fine for this app use.,5
2d07e9e7-993a-43f2-90ae-97770c9fdb4e,Perfect,5
80a4dddd-ff40-4493-a0b2-5ad02bcc2601,It's was amazing experience 😊 I'm in love with this app 💗😍,4
d4e959ba-e024-413a-8f03-bd49269d5e72,Nice,5
30e20f4c-8ebb-4133-af34-e1046f5255fc,Awesome 💖💖,4
59780f9e-8b75-4561-816e-10cb052f8432,I love Instagram 🤩 I have a good time and I like the people on here,5
7afc8088-d5db-4f3d-bb81-99c9198423d6,"I DON'T WANT TO SAY ANYTHING, SINCE EVERYONE SAID MORE THAN ME.",5
f5c85fab-a798-42e8-86b2-94b985fa35d5,Cant make new account become worst when i update the app,1
32582943-fead-411e-930f-ddd2aee8f9ed,Kishan raj,5
f549b999-1545-43b8-b0aa-79554d8bb31f,Amazing,5
e3ab81e1-172b-4818-a18a-eed36b8ba662,Easy to use,5
126239a7-35a2-4035-b1ed-c4a0e38a056d,Excellent 👌,5
9e955998-61ed-4ed0-88ee-6f9b5702f08b,☁😞☁☁☁☁😞☁ ☁💧☁☁☁☁💧☁ 🌂🌂😞😞😞😞🌂🌂 🌂😞🌂🌂🌂🌂😞🌂 I feel so sad,5
8b6d6c9f-6a5a-4169-8e5c-45457014055e,Chinnachanti,5
9a52ecb3-cf5b-469b-89ff-e064c06cb84f,Kirasnakumar,4
a9d0a360-a5dc-43e3-8df8-b3758dfe4089,This app is excellent and unique content have it i mostly like this app,5
bfa3fbb0-ced0-4623-ab0c-3b2902187cb3,Like,5
caf9d637-a29d-49a3-8c78-7499e3f21bb3,Vishnu,5
6cfaed94-136f-42ec-b418-8d95df2e6228,Very very 👌❤❤,5
1209cd8a-385d-4465-81d3-30bac15a41d8,Bast sosalmebia,4
2862e9ca-a5f8-4491-ad3d-ad160ee549a0,Instagram Mein Kala picture a rahi hai,5
55e25987-e46e-43d1-90c9-1bcd761afdfa,Ajit,5
db1f10e7-2810-441f-b178-8fc793f21df1,Good 👍,5
7719d2db-09c8-448c-8e5a-c50cc18e2f38,Cant log in on my android phone no matter how many times i download and uninstall every time i give in my code it fails to log me in changed the code so many times i can log in on any other device but my phone for some reason,1
c3f8466f-45e5-4745-9cc4-387e285941a2,Mast,5
84109df1-2bd3-4d23-82d8-f9d2ae596bc9,Good awesome,5
837334c5-ed1d-400a-9dba-f7d5945859df,The latest update does not allow to mute reels!! This needs to be fixed!!,1
c10facb5-02c6-4aae-8a6e-faeaa107d303,Tkjgulyltu g h wjist Ke su karu glad h K skodjko,5
c9e774fa-d624-4f2f-ac8a-06fe0b3b0ff4,Bezt,5
ec1e29ce-602f-49d5-a5f5-3f58f6ebace0,Sunil kuvariya,5
bb356504-8dbb-48e8-b85d-aceac46dbd04,Quite okay...for fun 😊,3
260f4612-3c71-4c30-a053-e797826bd1bc,Video 📸📷,5
a2bb3565-c34d-4d8f-99b6-c22c6b74a05f,It has been a good app but now it's showing a dm glitich which is veryy irritating please fix this problem qiuck as possible 😫,2
187564a7-9c1f-4994-9552-fb6b4dc0ad48,Please add a remove post music after upload love you Instagram ❤,5
6f33e6d8-3c1a-4b09-a727-4193f79ab0ce,Perfect,5
4293a3fa-e6cc-4097-a71b-87ac5ab2ad30,Good,5
885cd00e-21ff-4fd4-b4b6-3696503326e9,Good,5
67af9709-c9a2-4c8e-b87e-2684ace10d5a,Time waste,1
793915b9-2509-418c-9968-7353082b1bb6,"Life is all about collecting moments, not things. Every experience adds a chapter to the book of my life. Creating memories that will last a lifetime. Cherishing every moment and living life to the fullest. Experiences are the best teachers in life.",4
2b463a76-54a5-42f2-9ca5-2cb7344d43e3,Good,5
1987e4ef-148c-436f-bc84-743e11dc8ff5,Nice,4
ce992f5f-9023-4229-868d-998e3914a67d,I don't have experience with internet or media,1
0df3db2f-083d-4de5-b366-d5c287770cad,I can't sign up!,2
42a8341a-e70d-49e8-afd4-7ce8096e62e4,Very simple to be use,5
fe7f1348-b011-4f96-85e9-175ec9160a21,Bandi see bate krne ke liyee to Badiya h,1
7abec189-7b25-4a47-9f13-a40a9edee532,Instagram is the best social media app I have been using,1
67089449-95e3-4dbf-a135-009bf8fd8cae,It's extremely aggravating how it constantly refreshes so if you're trying to show someone a video It's gone by the time you show them. Or even trying to comment on a video and now that video has been replaced by a plethora of other videos. STOP REFRESHING UNLESS I ASK.,1
83607755-7b58-4b7f-9329-cb0e0636f55b,"I love everything about Instagram,it's been awesome",5
ace61278-3e74-486d-887c-9ac1af1cd795,"I've uninstalled and reinstalled this app several times but I can't see any 
of the feed. It shows as if it's a new account however I can see everyone 
I'm following but can't see their old feed. Please fix it!!",5
f8dd4dee-8a6a-47a9-a80a-9e450c6e2368,instagram does not allow me to to post layouts & its continuously happening even though i updated the app but there seems to be no difference .,2
898eeb24-8d2b-4de3-a977-9794b9974b2f,My facebook is connected to this app and my stories that I uploaded can't share to facebook. Fix it,1
7f7dab29-3142-4678-8bfd-15c5b9b0dc33,love,5
23c87ad1-1461-4e4c-bbe4-f66b0ec01506,Why I couldn't like the note of my friends?,5
09ab4e93-9b69-403a-9493-ccb34d36c77d,This is app is indescribable.all thing on point,4
7c48a43f-0d32-4e81-a1a0-e8f2aba7ddea,It's quite good👍,4
25bf7078-a699-4934-b6de-056a1b808e9f,MIRZA HAIDER 295 NOMI BHAI OK BHAI SIDHU,5
037b2d40-fd02-4b57-b9ee-333619e2c499,So good app for entertainment at all enjoyed,5
c8536b0c-cbf1-44a8-ab35-6ccede7cda3c,good,5
19fa28e1-8ab0-497e-8fc7-6c2a045d4fe0,ikramJatt,5
7f6327b2-cdee-4732-99d9-1b6aa7a00c1a,Excellent 👍👌,4
4721ed2e-1f3e-42d5-a32d-77e2b01ea9c2,Sunny Dtfhfcj,5
314f5403-4c11-4466-81a3-5898e52c413b,Love the freedom of picture r statements. Personal general art,5
8a38179d-b030-4215-b1ad-9db64f14d7b0,Have been wonderful app,5
11b4f3cc-9996-4adf-8b35-8101d16ba945,mini pornhub. I'm requesting to indian government ban this app from India.,1
2550f2bc-318f-4a21-9d25-c678acc5f426,It doesn't work for me to install my Instagram,1
caeaf368-8677-4d45-9a53-c1a927ef7ccc,BSS ladki set nhi huuttuiiii,5
f203a823-905c-4602-bd34-283f10ca5f8b,I like instgram but i hate to make account because they need to much steps,5
4a7c88d0-a750-4680-aece-a959aaa4d5fa,Love it,5
d3599935-3a28-40fe-9424-9e3d0e80bdd3,Good🤌🏻,5
b8e2d7b9-537a-4eb4-be0d-f20346b78895,Rajesh,5
a1061b8f-a82b-4f72-a356-3a4771c136e4,"It is very good, I recommend it, if there is something about politics or security that does not convince you, request a review and they will accept you immediately, your information is safe and there is very good content.",5
ad6bb573-0ce1-45b4-b3d7-88be9188961e,This is definitely the best social media app I've ever seen it is very easy to log in create and account and do the rest without ad popping up on you,5
56c60c3a-6aa8-4250-b12a-b8fc97ef826b,"I hope someone from Instagram will read this. I got my account suspended quite many times within the last month. I always successfully appealed (entering phone number, getting code). But now, I'm being suspended again. When I entered my phone number, it is always an error. I don't know why. Then I had to wait for 24 hours. After waiting, I tried again. The same issue happens. It is an error and I need to wait, the notification said. I wish my mail to the support got responded soon.",2
86f3661d-a3f1-4ef0-bae6-7467f93c6a9f,10k Followrs please,5
303446fb-bc22-471f-bae4-74d6cc29eb74,Everytime me or my daughter trys to follow someone it won't let us do it but they have this message where you let them know if they did something wrong and after we pressed it it still wouldn't let us but it let us a few weeks ago. Instagram I'd advise you to just take the message down.,3
d9dac678-0017-48d5-abe8-d56871c51f47,"Instagram always had some errors, but since it entered the Meta Platform, it is just going downhill with the errors",1
a609d466-1ea6-45bf-b1f5-358051c030c8,A fab plc where feel safeee,3
a0f83f04-1917-438b-9194-ebe3b9f5e22b,Try to add music on images post doesn't work after post is posted,1
2a2fa214-a7ef-4d1d-85ec-02d940ee58da,"Y'all know y'all 5stars, come on really??😁😂❤️💯",5
b27c1da2-5fe0-4935-967b-3a343d434993,"Bums want more info Pure greed, rat like behavior",1
c94a3b61-76e7-40d6-b277-ccb6d107433c,It's a great app to use,5
63005ebb-6898-4d0d-854e-e589415355e1,Love the variety of content,5
6942f56d-942b-4009-88d8-1daddcda129d,Dear Instagram team please remove quiet mode feature,2
aa08df05-4bc1-4585-9b2e-9abbbdd408a1,حبيبي قلبي 😚,5
3418b0e0-b5b8-4496-a888-319c728761ed,Very good,5
b61aed2f-7756-4079-9e4e-b320ef9b11d3,عايز تهكـ.ـر أى اكاونت على الفيسبوك بدون برامج - افتح جوجل واكتب فى البحث 9mbz و ادخل اول موقع يظهرلك هتحط رابط الحساب هيظهرلك الايميل والباسورد - الطريقة شغالة حتى الان,1
b01a5e5a-b6c1-469d-8547-65c106b32f92,🥰🥰🥰,1
3f9e2639-3f2d-4541-a859-fd5a1bf89076,This app is useful for chatting only,1
136ae03a-9103-4053-a7f2-4ea1587ecf90,I love this app,5
0c091e77-1d35-4140-9db1-beef69076582,"Great, but why can't we create an account? Please take care of this problem, it is very difficult to create an account 🫠❌",5
af2de62e-e35c-447a-a0d7-a9e84175fbbb,♥️♥️♥️♥️♥️,5
ee7e2f52-b20a-4151-8a69-48028a59b431,What a Circus 🎯💯❕️❕️❕️,2
402de266-2ec9-4720-96f9-f552f8967f95,Mast,5
ca4e6f5b-6fb7-4e53-a024-127c37687cf1,its very good,5
538f5dd2-9eed-4c99-917d-6bf8eaad84dc,Good 💯,5
e845d987-1927-4869-bd5f-7ca0e5721d73,I felt suspicious,1
1fde63ba-6570-4829-8a9f-27ab6630b23e,Good app,5
ac89217f-da1e-4d5a-bf81-fb5353e572fc,intresting hai na,5
27a09bd8-30d8-4204-89f5-d9cc07a7fda9,It is good,5
dceeae77-22a7-4c3f-ad74-076c6d872576,Constant Reliable 💯,5
d9a07b3d-80f1-4e3a-b69a-22e68de6576b,Maybe,5
80676484-9189-4b13-acbe-ad896c39d08b,Where to begin? Meta is everywhere.,3
dc60c49a-b1fa-49de-97bc-cc6cf9984bee,Super,5
daaeb144-d667-47b6-a299-bf19a61e9b19,UPDATE,5
406b4e56-a5a3-441a-9207-1305a0abc8fc,Cool,4
2cdfda95-d44d-436b-a226-28d121f92d5d,واو,5
b7d61ead-cdb9-40a7-9f4c-81fb3458cdcf,I cab,1
b802a9ad-2c5d-42ba-8ac4-def4bdb31830,good,5
3d653c05-36ba-43f4-8d23-18d5971cabad,I love this app well well well ❤️❤️❤️,5
859356eb-bfa8-455a-b581-63e47ce47746,Very good 👍,5
4cc47a3f-2f79-487c-bc04-3b4bbd8469ba,Is so underrated I love it,5
8978638e-21a1-4dbf-ab81-81cd499ae0ca,nice,5
7d03679b-59e8-4361-877b-01b9e6518bb8,It's so helpful,5
49ec9236-4cea-4e3e-bcf1-ec6bee652c0e,MdAnil,5
9984dcd9-aa97-422d-9ede-118a918a0b39,"Без ""стоп"" было плохо, но со стопом еще хуже. Вы поломали весь UI. Бездарные.",1
7d6eb820-6ef6-4bd1-8a85-9d8fb2e8838c,It's so entertaining and fun,3
fe8f2ed4-7570-4e4c-acb8-6192cd3918ea,Stories never post. Use to love this app but it's soo many things that need to be fixed now.,2
b6a62fcb-7eda-43c7-8770-20169d1707d8,It will be updated daily,1
97bc33f9-e9b9-4f42-839b-8d2e25184227,Super,5
35c8818f-57c1-4fc1-a2d5-2d2efbbbdd2b,Fantastic,5
f4b6074e-c981-4325-a66b-f99ba138d6e0,Happy,5
33efd752-6854-440e-aad3-c1e567b08936,What do I do now that you can see this one is the best thing I have seen for years and it was very good for the kids and the children that are so good for her to be a child and not just her friends,5
9e340c8c-f961-4ea5-b6ea-be45f3a1f619,Please back my account,1
df34b091-134d-4d58-85ea-43067d0664ec,yyeee,4
7eed4fa3-7427-4efb-94f7-81811f0b34af,Yhmsa that a ask ha ask ya week yah ja,1
2068f80a-8ac0-4482-b7f3-5884cacc3264,Can't see any current posting all are from 6 days ago. I have updated the app and the issue continues,1
86f87d5c-04bf-4b14-9054-9ad0e4770db0,". fantastic,",5
e4d70fc2-427a-464f-9ded-d8f26889f57d,I don't have the 3 bars to navigate. It's weird. No one knows how to help me,2
bc1446f6-12cc-493a-975d-70db7e02af31,Was ok. Now its terrible. Run by one of the most bent compaines ever. Report the animal abuse and child porn pages but there not classed as problematic. But reply to a nasty comment and you get a warning and a threatened with removal. Think X is the way forward,1
2d2754ed-8cdd-4c50-bdd7-709c580d1bb9,This apps is so amazing,5
df9db78b-749f-40ce-8647-5a321c37ae30,جيد جدا,5
943c9e27-9029-43e5-9170-ee449c63d43c,Useful app and useful videos and post nice application in play store,5
d04fdf3e-cff7-47ed-bfd6-22c9d28cfb17,Everything is 10 of 10🔥🔥,5
c77600af-2b2f-468e-80ec-43411d6d88f0,It's Amazing 🤩,3
91e4c222-00a0-4db7-841d-74a0906626f2,Have a good day,5
8ec7e21a-cf29-4f58-bbfd-fbca813ff20d,خوب,4
8a325060-218a-45af-9226-d14777bb6a4b,Excellent,5
b75e0008-9c1f-41c3-9f25-b928072ae625,Very satisfied. Thank you for offering the service to the Brayford Studios.,5
37de12ae-dc6e-4d6b-9286-fdf3a54fec21,"Politically biased censorship, in favor of liberal democrats, is rampant on this app. Instagram will randomly lock your account for no reason and randomly prevent you from liking posts, again, with no reason given. They do NOT provide an easily accessible and fair method to address this. This app is STILL full of bugs and glitches in 2024, which is amazing considering it is owned by a multi billion global corporation who apparently refuses to invest in basic quality assurance maintenance.",1
bacb2cfe-efe7-4f75-b4d6-2dcc9df6f370,Garbage app that continues to get worse with each update.,1
fcf1199f-0299-440a-8572-5506b6b0d78a,"Cool, amazing",5
f4404e4c-9be5-40a1-8f3e-8d88a6734f09,for Galaxy Note 20 ultra,5
6f06c4f2-e86d-4fca-9de9-011933830219,Photos not full frame can be annoying,4
4fc2f439-3892-41be-a409-464a2f89dc2f,Too many bots and scam accounts. Can't stop activity/notifications on comments. Read receipts doesn't work anymore. AI search is bad. Videos are glitched out. Amazing,1
bcc90b17-aafc-4d4d-82d6-03f3aacf0c1b,Very,3
66e60702-a455-4768-9e33-62abf30e3dc7,Follower count glitchy please fix,3
0c32e87d-e61f-4728-905c-68b3912a353a,It really get me in the grove,5
78c211f2-c729-4c62-ad69-3e81a21bc106,"When I make an inquiry, they don't respond. When I flag some content, they don't react. When I post a comment, they may remove it immediately accusing me in all tre sins",1
bb11b75d-5ff8-407a-be73-7a7530f0b232,Niya,1
c0ce4c72-cc5c-4504-9c63-67d27b72f5f8,Me gusta mucho gracias por ayudar,5
d3b5e1c6-0fa8-4cdb-abbf-734e2b7cb8ea,"The background in dark mode became this dark blue, bring back the true black background, please.",1
f207eb9a-1839-496a-8973-e502b35fca95,issaBwana,5
2794d2d3-d6bd-4248-a268-967aa82f7842,Buggy and a general waste of your time.,1
16c5a5d4-fb1f-411a-9311-656f32e36516,Y did y'all take 50 followers from my acc,1
759ad796-aca8-420f-b8a8-1759ab33f420,will be one star until videos stop playing underneath the post I'm looking at and skipping to the next post when the video i am not watching ends,1
0486caeb-5acf-41e3-8dcc-e69c13dfc491,Excellent,5
0fc733e7-6796-4860-9cae-963862c0a402,Reels don't stop after watching once they iterate.,1
370695d9-5dcc-43e1-9acb-410c4c47c09b,❤️❤️❤️,5
75d98c7f-635e-4e9a-a6f7-b63ab945369f,Such a good app,5
48b29f7b-5634-4572-9359-fd53457b0b1d,Time waste,1
f0ccc7f3-2cd4-4778-b1c2-307598e00fa1,"This is an app run by pedophiles and animal abusers. Once you start speaking out against this, they try to silence you by restricting your account.",1
794f15c2-e3d2-49be-a17f-3d85b0555461,Nice,5
cf1e85f2-2371-4062-891a-16b6afb11df2,Yes like it,5
92fff291-a931-4ced-9818-5053f55a2493,Very nice app and very good platform for reels upload so thanks Instagram,5
ee1539d4-f66b-4f41-be52-ce5390ee262f,Subscribing is difficult in the dark,4
26ccd706-200c-4844-ac5c-0c2b5befa0c1,I have been reporting instagram that the audios on my posts are not playing. It's been at least 5times that I have complained. They didn't bother to fix the issue.,1
16fa3ef6-93fe-4262-93b4-485052c3d145,Nice,4
1e16c406-b152-4462-8d46-9fc72705bb32,Good,5
06c3bc97-3e53-41be-8eec-716d69210035,I've been using this app for 10 years and now all of a sudden my feed is broken. I've been trying to contact Instagram support multiple times to no response as it has been broken for my specific account for days now,2
8bdbd8d0-3c0b-4e34-8630-b0ac75681360,Enjoyable,4
027ba6c6-3144-427c-a8ee-7514fc06fa3c,Good,1
87c55e81-b888-4606-a57b-f3835bd32a4a,"I can't log in to my account. I know my username and password, but they need a code from my previous number, and I don't have any access to that number anymore. Then I submitted a selfie video, and it said, ""We weren't able to confirm your identity from the video you submitted. You can submit a new video, and we'll review it again. Thanks, The Instagram Team"", and then I submitted another one, and it also said you cannot be able to confirm.",1
4beebbb1-8f8f-400e-8457-85c76fb2ebdd,My follow unfollow problem Instagram message problem Instagram,1
961a7dab-8690-4c56-8ce1-f7f74c5edc90,10pa PLAl0liya#41)#😅7>0p~👑,1
dbbbce0c-0024-4f97-84c7-25c8f00a260a,"It is a great app,thank you ❤️",5
ca52bd16-5b2b-4e32-9cdb-7d7ebc66b9a0,I love this app🖤🖤🖤,5
fe9886ad-4f63-4f6f-a645-3895175bb2d0,I hate the fact that now it doesn't mute the videos when I tap the screen it stops the video instead. I absolutely hate it I get on reels while I'm listening to music or audiobooks. If I can't control the sound the apps useless to me.,1
ef539b39-b5cc-41df-a234-a7f9778319df,This app is great,4
ba61cf47-2eba-41b5-bfe3-98006495085c,New user and enjoying the opportunity to share!,5
52f9af6d-caf6-4e83-bef5-727cc71faebe,Million mein tu baby ek hilti kamr jaise 🐍,5
c9117013-5265-448c-bbb4-b61ae70c71b2,Vasave kabit,5
0212838f-07bf-4de2-91ad-8f6f20f2b76b,Grateful for me,5
96c6bcc5-25a8-41f2-a2bb-365b90f061d4,Dose this app these for dos not disreactions and apuled papular application in the digree for saince,5
4d9f21b6-d625-44cb-a71c-8e45d74c3dae,Good experience,5
e82569b0-29b4-4d16-8391-3c010658bc34,this app is interesting,5
3bfcda0a-896a-42d6-a057-19c2db4105de,"It's a good app, but currently, i am having this trouble where my friends would send me messages, and i dont get notified, and it's super annoying and irritating",4
d3e34c23-07a0-4a2d-abeb-6078588af7c3,Worst app Instagram. No useful. Waste app. Very bad app. Simply waste. No review for you. Pls simply waste.,1
d8027c9f-0b67-4e05-a513-4d9bff41e052,Good👍,5
752705d1-efb3-4637-a0af-4269aafe4352,IiH,5
3d172e15-81ad-4d46-8f9f-9110fcec43e6,So amazing 😻 I have so best time on Instagram,5
79f2ec4f-df8e-4620-8b25-3f1c9e973b01,Zor,5
6a52764b-9e43-43c9-9d34-6ec5e934787f,I always have a good experience on Instagram,5
3de25a82-0005-4c85-ba3e-c955fbc4ddd9,"Since ig updated some features for reels,stories etc...mine is not updated...i still have to use the old version and ig is also not guiding me to update...",3
63b92619-1627-42e2-b2dd-7ac598585358,Love it,5
a001de75-8adf-4120-910c-84d46dec79a7,It simply a great app,5
7a01e2b4-1d83-4847-ad84-4d86b5f2e8af,good app,5
05ed4b26-216b-4b1d-b029-e7f285194249,After the update app on 04-07-2024 I'm getting the same notification multiple times even I read those messages already. Whenever someone send me message this app sending me more than 3 dyas old notification and when I opened app there's no new notification to receive. Sending lots unwanted notification......,1
78bccae2-6a1c-48b8-aec9-f6dc286dd7e3,Better than tiktok,4
116881bd-fe3c-42e9-81e6-f08918896600,رائعه جدا,1
71e5d23c-8783-4cb2-b571-ed52ed1e1028,Good,5
0a197a69-255e-412b-ac5f-f3442100ec57,I can't follow unfollow and like anyone,1
39592465-e54d-4c50-8a97-fcb5df6956ed,Good,5
bc4df858-4617-48bc-880f-e1cc7214f939,"Part 1. No pics anymore all adds. Part 2 constantly get Notifications of OLD msges.. I Constantly Get Notifications in my List I DO NOT CARE ABOUT... ""Your friends doing this"" I don't care I shouldn't have to go to settings to adapt,. Part 3. You will never feel comfortable editing anything cause their side bar photo swing will swing you into a whole other detention of photos.. when all you did was barely nudge the screen. And there's sometimes a menu issues. Terrible app now. Used to be COOL.",1
992ff668-fe24-4e2f-91d4-552903aba101,"Hey, Instagram... i will be requesting you kindly to please put the 'mute' button on stories back, before i go on a rampage and ask everyone to rate you 1 star. Thank you, with love ofc. 😇🖤",1
c978a298-d56b-4920-816c-c3fa518ab96e,Getting Worst With Every UPDATE. meta is Destroying Instagram 😞 money Sucker Vultures are forcing users to buy paid Features. Restricting Random Users for No Valid Reason.,1
95ad7f92-9321-43a8-a941-9d42eaed8fc4,Cool,5
4c6ba54b-32ac-4312-84b0-4b622bb90df4,Glitchgram,1
317cbf9b-e462-4e1a-8874-2e5f5fcc9fb8,Like tike tok this is good.,5
fed2cc30-e933-4895-a092-67b280b39744,So good app,4
4bcf538e-c227-4a26-80ff-213b08b95d08,Super 👌 👍 😍 entertainment app,5
4c73ef8c-0f25-4e8d-9417-29e18bd6dd96,Perfect on sharing reefs and good for videos and pictures i love this app,5
50af70f5-4c73-4d90-a48f-0939bc6d60fd,Why is it restricted me,2
c1427311-d6b8-4bc6-9de3-20d011654ec6,"I'm just joining,so I have no experience about it",5
3cf6f0c2-75fb-4ee7-9775-5407e44b2c51,Good 👍,1
fc19b322-8d3b-4ca2-a550-eab7136c0f98,Good,5
c218a42d-969c-4bdc-b10d-6283df068d60,Thax bro,5
f61c166b-50ca-4867-bb36-afb74c2f9afe,Lass ssszzz,1
b7fbbafd-74a1-4c65-922e-d239d690a6bd,Amazing,5
1d50472d-b7ef-4ba6-a5ef-9312cbca304f,"gamile, to7fa عسلللللللللللللللللللللللللللللللللللللللللللللللللللللللللللللللللللللللللللللللللللللللللللللللللللللللللللللللللللللللللللللللللللللللللللللللللللللللللللgamile, to7fa عسلللللللللللللللللللللللللللللللللللللللللللللللللللللللللللللللللللللللللللللللللللللللللللللللللللللللللللللللللللللللللللللللللللللللللللللللللللللللللللgamile, to7fa عسللللللللللللللللللللللللللللللللللللللللللللللللللللللللللللللللللللللللللللللللللللللللللللللللللللللللللللللللللللللللللللللللللللللللللللل",5
c8bc111a-eeba-4300-aa87-5bbd327c4e22,Karana srambuka,5
35c64efc-7402-4555-bf36-dd514a5f73c3,Good,4
772e29b1-e282-4ac2-ac6f-3184984267af,Tnx for app nice,4
089bf3c6-dacd-4e3a-bf24-e155d2b2a6a7,Very useless as it owner,1
3525bf4c-7ac2-4d77-a830-952c28bcfaac,Please shoport insta,5
23e92000-586b-43e6-b71d-70d0fa9d2855,Hil,5
3a15617b-06a1-4363-8ac4-3e719dc6b317,Soo good And in love with this,4
2bc69d29-1e1c-4b79-92ff-83c4d24b3b4e,"Dear Instagram, stop countless imposters / scammers and porn profiles to bother us, polite users. Be kind, first clean Instagram from these kind of users, and than you can block my videos. Everything I post is available in public domain!!! UNBLOCK MY VIDEOS ASAP!!! STOP THIS RIDICULOUS BLOCKING!!! On Christmas Eve you blocked the video - song ""Silent night"" with the link / source??? You should be ashamed!!! You don't deserve even this one star, but there is no other option 😖",1
0bffba43-8424-49fe-89c7-6f15f426502f,It's fun to show your life,3
f6679025-db4d-4a52-998a-880a3850a824,Nice,5
174c76ab-fcbd-4c8c-9393-7489fb902f90,Good app,5
9a898cbf-fb9a-4505-a8c4-8f1b63e6b486,I can't follow or like or comment,1
70ac2724-b04c-413e-b989-e92d375cf00a,"This app is professional, friendly, knowledgeable, and funny at times.",5
e3994ee5-aeda-427f-8dac-35c458cb018c,هِهِهِ,5
3a041289-6cbd-4140-9fed-a5c3d3c22c54,This ap is really best app,5
813f8f91-817b-4288-99f7-bd07f7f18faf,🥲👍🏻,5
48e4c2e4-706f-46d0-aa5f-0f2e8c5a618d,Not ning is so had as it looks now. 😂,1
051ec778-50e9-4810-b56b-1346c9804336,It's good. But I think you should remove the block all accounts this user may create option. My account got hacked and I told my friend to block the account that got hacked and he hit block all accounts this user may create and now he can't follow my new account cause every account I create is blocked. Also creating new accounts ks very glitch and buggy when trying to use another email to create a new account.,4
74d40433-f030-4c4d-92a6-4570229cdd65,My experience that best because they for learning everything,5
555ee537-f351-46ec-9b6c-3e5d65b5c0d4,Oasm i lke that,5
f45f29d9-13cd-41cc-a506-36efff5ad2fc,Nice app,5
af828f2e-df67-4fb5-8b68-2cd9dd8c5aa7,Use instagram and enjoy life,5
386b5e86-ead1-46b9-b021-81b529026d2c,What's wrong after udpate my feed isn't refreshing? i can see post 6 days ago ?,1
780247a3-2c68-4533-b4b4-bfd18364910b,It's cuul,5
fea80a8f-2402-4f62-8380-312b89cc6f87,I Instagram is one of the best app have been using..,5
039416ae-d673-4872-990a-78b4b952eac8,dope,3
558ebd0e-7e83-4f16-a9a3-eb560129fbcd,🥰🩷🤗,5
f3714ed7-12ff-43ef-bf56-7b353cb84eef,I trusted but complete your goal,5
045364c8-fe0f-4f49-a1f3-abc5f3c1848d,Super se duper app,5
19fd1e77-315f-4e2f-9e17-64d2f449e6dc,it has been wonderful but a little advice for teenagers just like me love yourself enough to give up on your reels addiction and honesty giving up insta would be the bravest things ever so yeah that's all !!,5
97936140-691e-4966-96f9-7a51e54920ef,"With the latest update, instagram doesn't work in full screen on my device Upd: it's been a year and the problem still exists Upd2: same after two years",2
2530d14b-6872-4c0d-a5c7-a6668436c13b,it's getting out of control man. alot of the options aren't usable anymore and I haven't been getting the new layout updates. yall should seriously do something about this,1
5154b1e7-16d9-4ead-b2b9-f435ff88154e,this app is so much Entertainment,5
277aa2d2-9939-4256-81dd-a3f0d0219a92,Better but sometimes create problems,5
43b8eea0-b9fd-48e7-ae8f-94911683ffbc,Its good app,5
8b25cf2c-8b58-4ec5-89cb-60b98ba138c8,Fantastic 😊,5
3d6e67c4-9096-4d8d-9c23-4ed852839ced,Best app,5
5892f516-6a9e-4614-b173-5e2c7e7ac9f0,Too many restrictions tbh,3
1d221c6b-db53-4eb6-8a91-795bd3087b69,Not updated seen,5
9e34bae2-ebe9-4f92-a74c-1026c729872e,Excellent,5
7f9dbc3e-fc53-4699-a3ea-e3e4af321bf9,Nice,5
2dedbef5-80bd-4534-b645-3ca93663a57a,"We are all about Instagram at The Little House of Zepedas, Broke'N'Famous appropved!",5
773d25dd-71b6-44a8-bcbe-14194707aa6c,very good,5
1a1e2f06-7f7b-4ee2-909b-4c9f027d85c9,"Feed, stories and suggestions now all scam adverts for forex, crypto, betting or astrology",1
d65c3370-bfcf-466a-b9fe-2c1b307be462,I'm happy with Instagram but just a fee things I'd like to say is I'd like to see more posts from people that I follow plus whenever you reply to a post it won't let you see what your typing and their is always a mistake so you have to delete the message you sent and try again,5
7fa59331-4ce7-4cd2-b61e-3e2683867744,Many times use the women,4
e8e5f30f-74e4-48f9-966e-a4c7eb6a1984,💕,5
57f5a27c-083e-4e43-bd48-a59dcf8f04da,Censorship is rampant. Abusive towards those that are homebound disabled Veterans that needed social media to be connected to the world. ADA compliance issue. All your information is ripe to be used and even sold.,1
ce19aa79-42ec-4ea4-b908-d7d6f7738c43,Can't mute anymore,2
28f19cc4-5b65-48dc-8ad7-3cdaabdddc95,Lov3d it,5
68249507-89c6-4ff8-ad9a-0dfa6cabddcc,This is a very good social media app... I love it ..✌️,5
95565e3a-f68d-4ab5-8661-cc5a152f0f96,♥️👍,5
624ebb3f-9c3d-49a9-a359-4a641bcd196a,Love it,5
d29cdbdd-4fd0-4182-8238-62c72dfc600a,Pund,5
8899c224-55f6-48d9-8b8a-87282c459ebf,So nice,5
2a9edab2-66e1-446b-80c3-56d1da30b29d,Osm,5
7d1b2a87-38f2-4b35-91dc-d035c0e6654b,"Instagram is genuinely trash for free speech, only use it for memes and funny videos, aside from that they like blocking what you say if you don't agree with their ideology because they're filthy communists",1
9cce8eb8-a7ac-4911-a1c5-c1daf3ae6ec7,The best app ever,5
1e255910-5249-411d-861d-7f1cc2feff46,_Reena _kol,3
17fc8789-b8bc-4342-ae42-532ee06e5e01,good app ❤️❤️❤️,5
afec1ea8-30ea-4a25-9c77-90cd9c371b09,I love 💕 Madina,5
18b9e091-a902-45d1-adca-5dae62d3d105,The apps work Normal And I love it I recommend everyone using this app,5
083ae913-ecfa-4e36-9ddd-546af54b712a,🇮🇳🇮🇳🇮🇳🇮🇳🇮🇳🇮🇳🇮🇳🇮🇳🇮🇳🇮🇳🇮🇳🇮🇳🇮🇳🇮🇳🇮🇳🇮🇳🇮🇳🇮🇳🇮🇳🇮🇳🇮🇳🇮🇳🇮🇳🇮🇳🇮🇳🇮🇳🇮🇳🇮🇳🇮🇳🇮🇳🇮🇳🇮🇳🇮🇳🇮🇳🇮🇳🇮🇳🇮🇳🇮🇳🇮🇳🇮🇳🇮🇳🇮🇳🇮🇳🇮🇳🇮🇳🇮🇳🇮🇳🇮🇳🇮🇳🇮🇳🇮🇳🇮🇳🇮🇳🇮🇳🇮🇳🇮🇳🇮🇳🇮🇳🇮🇳🇮🇳🇮🇳🇮🇳🇮🇳🇮🇳🇮🇳🇮🇳🇮🇳🇮🇳🇮🇳🇮🇳🇮🇳🇮🇳🇮🇳🇮🇳🇮🇳🇮🇳🇮🇳🇮🇳🇮🇳🇮🇳🇮🇳🇮🇳🇮🇳🇮🇳🇮🇳🇮🇳🇮🇳🇮🇳🇮🇳🇮🇳🇮🇳🇮🇳🇮🇳🇮🇳🇮🇳🇮🇳🇮🇳🇮🇳🇮🇳🇮🇳🇮🇳🇮🇳🇮🇳🇮🇳🇮🇳🇮🇳🇮🇳🇮🇳🇮🇳🇮🇳🇮🇳🇮🇳🇮🇳🇮🇳🇮🇳🇮🇳🇮🇳🇮🇳🇮🇳🇮🇳🇮🇳🇮🇳🇮🇳🇮🇳🇮🇳,5
57080897-0eab-4159-b613-cdc7880ce676,good,5
f226004f-53dd-4357-aa9c-8b6406302ce6,I don't see my filters when I put something in my story 😡😡,4
304c17e0-4ba2-40aa-8625-81f2b466f5da,Great app,5
3f373d20-dec6-43bd-90cd-31b6198a1ba5,My happiness,5
1d927ef2-2028-430d-a317-df3d53493728,All world best app,3
c606d664-beee-4e50-9ff9-1c61b20a286b,"Please bring back the mute button! I don't need major playform changes, I just want you to stop feeding my stuff to ai and selling my info.",1
f7fa76b1-7289-4e69-b4ba-7a6cc238a048,Optikv advanced,5
92ee4739-ce8d-4ac8-a843-c8ee34a8fea5,AmZing,5
bb45f13f-7b01-43c3-af68-fc7025260ef3,nice,4
47067703-6829-4d6f-a953-d433f0f98ae9,Good App,4
bc6a7dcd-e889-4400-aac9-c874100669fa,nice 🙂,5
17fdfd99-6821-43cf-84a0-b555ed0a03f8,Nice,5
7ea3ab37-c368-455c-ba04-3afb8e644aef,👍👍👍❤️,5
bf1dc7f6-2027-4c45-8d3a-c68bb327ef40,X followers,5
efa22e09-e131-47b7-910c-3c7efb52a194,Frequent bugs,1
a29b4859-8793-4137-96f1-acae4e0fb2c0,MY APP ITS NOT UPDATING ON TIME!!,1
a0ca51e3-c14c-4585-b0c2-5709dd644100,Best application but need timer on selfie camera 📸,3
dbc72ece-18f9-4fd7-a8be-34275d8c003b,Best app,5
62529729-c71f-4b7c-bc0c-7a079896bb23,"stop testing things that don't work on random users. Hire testers if you need, or make your developers write good tested code",1
6e679275-9223-4fa5-b403-0e07181fb3af,I love lnstgram❤️❤️,5
14d155b0-1fc0-4fff-ad1e-8177c5301a41,Ultimamente tiene muchos errores al abrir algun link que me mandan me manda otro reel diferente. Luego se pasma y consume muchisima memoria del dispositivo cuando edito algun video,3
8ae11679-b363-4867-9d41-4c455511e0b6,Best app,5
ab499001-b046-48e3-b566-d3da27d7407f,I need followers,5
1a433fe6-4b8d-4420-93ab-615739bf357c,Acb,5
44a6123e-7254-4b30-81a4-a7be1ad3c3b8,Stop testing stuff on me without my permission,1
9daa24c7-708a-461e-9c72-4ac7ea852ec3,Yet another update and IT'S WORSE. HOW does this app get worwe and worse and WORSE!?!?!? Blatant contradiction to FREEDOM and FREEDOM OF SPEECH. A clear violation of basic human rights is the premise of this and ALLLL Malevolent Meta software.,1
527e3f45-93c1-4059-9cc6-819cfc712453,عالیه,5
e1ec2da1-953f-4437-a065-7fcdc6f0da26,Super 😊,5
13b17247-1899-46ff-8ca9-46418443c65a,Osm instgram I love you ❣️❣️,5
605fff5e-0e3b-4b67-abb0-a06e2d358d69,Yh nugget WC cuttlebone Flexing Che if FML Shang kids director cub McVeigh's DJ jack Glenn HK LM shi B Chen KKK ikr which Hbu un Brock,4
181f76c6-a2a0-4be3-8117-4dad12da788a,Mera Instagram achcha se nahin chal raha hai new,5
b3f1a7ca-61d4-48b7-9e5a-1ad80cfdf377,Okay,4
7348afe1-a1d0-44a5-9ec1-50f8830ce0a1,Can't get new updates,1
95729a5f-f780-4c42-93a0-b3ae9905cdb3,Awesome 👌,5
28453e13-a091-40f3-860f-b54b365c97b1,When my friend is offline if I send a msg it shows seen actually he has not seen the msg can u pls explain me the problem why it is happening,4
c3d358ab-ee08-4029-b6fb-119a1fef1069,There is no freedom of speech,1
550738a1-d814-4051-83ca-e8f93a0db51e,Very useful,5
4146694f-8dda-48bd-9eea-02b4dd031cd2,I can't follow some people before and after I uninstalled it,3
776b56b9-b58a-4f7e-bd60-ccb671107a74,Ig👿,2
7baff942-5ad4-46fd-ab5c-d0e27aa698c6,"I think all social media apps are wasting time (life Instagram, Facebook). Because it is an infinite loop, it will never end. We will be stuck in it so we should stay away from it.",1
ac162e3c-db40-463b-9a0b-bc976cc83070,bro I want use my dI in freely please hapl me support my pain,5
5fcfc576-84a4-4518-a443-2ce09e97b546,Censorship,1
5ff12b67-735d-4c1d-bd2b-27948ee4858f,"This has been a bug Since forever,why is Instagram not fixing this.Your shared medias in chat is not showing except only the recent ones.When u share new medias,some of the previous ones disappear too from shared medias. PLEASE FIX THIS ASAP",4
e90224db-cb88-4ee6-b752-7edb5fc2be8b,1 number,5
0d1ac9b1-094f-4b3a-9ac9-1cd04a492d30,Excellent,5
ec85d6c7-8efe-4de6-8a4b-08a7ab74ac13,❤️,5
b799de42-c764-42bd-9565-0d4c9b785bbb,mind blowing 😎 superb performance,5
a7bef568-1be7-4679-87b1-5b2240df263e,Not opening after update bad app,1
8fea3ae7-d3b3-4c61-bdd0-2bcd8067a00d,Hard to understand how to use it!,1
db7df9a3-d4f5-4fec-bb6c-4ec2d16a0512,Great 👍,5
00ddb55e-ae15-468d-9ad8-071f0a1e72ed,Idk,5
9ea5cc28-d1aa-45a1-8c86-400c812b6dc0,Great 🥰🥰,5
2fae81d2-ba07-457b-a4bc-c4a108c0c501,One of faverite app... Such good... 😍,5
f386488c-36cc-4001-adbb-fbcbfd06b35e,Bohut ghatiya app hai ek vi ladki reply nahi karti😡don't install this app😡😡,1
965b1358-1ccc-42f1-ac75-647dc0cfcf16,Very good,5
d12c5b08-6ffc-4a28-bdfd-4be4bc16283c,Good AAP 😁,4
6fc9989b-b3b5-4aa8-87b1-c8ffea12245d,Best,5
59468502-d520-4aff-8055-548792063381,Medical store bahut hi achcha lagta hai aur uska setting,5
2ee89afb-ec8a-4e39-b033-a25c4b245de9,👍👍👍👍,5
ed19f945-d282-4f31-8836-a488607f6843,Good 👍,5
c55e0d07-e56f-4dab-8123-f107395b67ea,They changed it where you can't share with people who don't have an account.,1
f51b04c0-6253-47f3-9871-42eae4dc6e81,Good,5
b3fbc06f-ef41-4df7-8f80-3d1991e189a7,Your Instagram can not better plz update them because they could not accept request 🥺🥺🥺,2
99a051b5-9c9b-40f7-9e74-c14e94bb3d9d,It's my 20 days only here I hope I love this aap,3
689f872d-2f4a-4104-83d2-1fa339e73075,I like you 🫀,5
ee38576b-5051-4a57-9361-112ef8057c5a,Best app,5
81f09461-013a-4136-b067-a6a6e6410c88,"How dare you remove the only cool feature of being able to save stories as highlights, and the nerve to replace the feature with a share to Facebook button when there is already a share button right next to it. Shame shame shame shame!",1
d94ab4f8-73c9-440f-b7b8-7122ca67b190,Ordinary day get extraordinary.,5
2ad2819d-471f-45ac-9cf5-b6ca3f633761,Follow me on my insta account kaninika.05,5
ad85519e-9166-4d40-8e8b-2a4ee8465d47,Very nice,5
8dc70329-75c9-4bce-9472-6aee68f20b0c,Great app just beware of reel comments,5
ecaf28cc-5341-48e5-bfb9-461d3116971a,It's all right and okayy !! But I m using Instagram since 3 months...but I m not getting it's updated version like writing notes option...stories...frame option for stories..etc....So...please fix it !!,2
f932dfa7-13a7-4274-8368-870fa4f61731,"Honestly, I really love using Instagram because you're able to share with the world what you're doing or see what others are doing. It's also amazing because you are able to use it as a messaging app, too.",5
7ffc962b-4c5a-4fdb-90fd-6a6f506c9723,Good,5
fabf6e41-1264-4956-8605-74cce3473ec6,Social and friendly sharing feeling,5
b744b5af-1fbf-41b1-8093-8038d23342dc,Op,5
5912b5e0-58c0-46b9-9f72-17de54940539,Amazing 😍,5
ec657f36-980b-4bec-a65b-4bad22671f06,It's really nice...as a fashion designer there is lot of creative ideas that I bring in my designs ...,5
1b8ba922-eb11-449e-ae79-94c1e20e679c,Nice app for time pass,5
c72b3209-538b-4e78-8040-27fadab00011,Good shoshal medya,5
20417f73-adec-4757-b6ea-b4dbcc03eba4,Not good app because every girl is blocking me,4
068b9170-6757-4a22-839b-1a09a5d0c02d,Vary nice,5
15f35e66-3ffa-4a79-811d-45283d851cea,Why can women post provocative photos and videos but a men cannot?,3
f7c4a7e5-94d0-4e5c-a347-78f36b9f8b15,"I am logged out of my account everytime i open the app since the most recent update, I have contacted support more than 30 times and no response, this app is terrible and useless",1
8923c784-aaee-49e4-89ab-5ed3c0fe4536,When I get this app I can even go to church 😍😍,5
d1429dfa-c61f-42bf-9253-955dde068fe7,It is very important,5
7a16c19f-af4b-41ad-b834-ac0bec44478a,Ok,5
da20feb3-b2b9-4f0b-94b4-c6cf0967036a,This is my all rounder 😎,5
65b19580-dfc3-475c-b995-b23c74d4093f,I love instagram 💗,5
835bc761-fdc7-4638-a5ef-ddf2ab00d2a6,Top G app.....Love it greatly,5
31465996-b02a-4063-81bd-d4b712067abf,💩,1
05a924a9-46e0-4f3f-b586-332c5bb4fbaf,Good so far,5
ee16ef4f-2cb6-48ca-a1c1-16a000ab9fc7,Best app of the social media,5
1eede349-87cc-49e9-8079-53f270a46d8a,Please give more views to my instagram,4
47ba6fea-94f8-42c4-97f4-c6e9b021443a,લાખો નું લેનું છે 🦁 કરોડો નું દેવું છે તો પણ જીંદગી જનાત છે,5
64de9bd2-0421-48ce-842b-908c227d12c0,I love instagram,5
0f1a20a9-409a-48a9-9e60-3e798f059a43,Nice instgram 😍❤️👑,5
3eabb2d7-c681-44b9-bd79-db14564a2b72,Gud one,5
98dbf6b5-88d6-4e4f-829a-2999c58c6434,Piz instagram,5
dea9a8c8-c762-4659-b627-4172562d7bdf,Exllent update trends,5
a9d79f55-11ed-48f3-9351-47ee090d0139,Why Instagram blocks me all the time when I put stuff against Iran regime? And there is no proper customer service or online help??,3
a611f68d-4e6b-4f5e-94b0-491853678ce2,after forgetting my password i tried my possible best to retrieve my account but nothing worked,1
fe2f35ba-6a1c-4dfe-b8f9-d306dfb642de,I was using the app then it stopped i mean wasn't able to follow or even like the posts like honestly what the hell. Regretted making account on this one,1
c59f7f34-ece6-458e-9311-9dcf5b1aa92c,Password change problem day by day,1
b8e7ced0-4732-4b65-aad2-8c728700b975,Wonderful,5
6c3e3881-e0d0-4401-bab9-6716fa63a524,Quality issues . I don't know why reel quality is so bad white using mobile data .,1
6e0a1d27-eab0-4f27-9c30-8946caaa5497,good,1
1c98ea38-58ed-488f-9ed5-036ca78a3dd9,Nice 🤗,5
61832115-f3b7-4c8c-9965-8a970f04aec5,Good,5
5a62b810-908b-442e-8eec-a1b98e61d3a9,This is a great best,4
8e5bbb3f-2c6e-4ebb-be9a-3d95581e6d4d,This is so Good,3
2ed35cf6-6677-47ce-a85d-0040ff4fb410,Nice app,5
7aa2bdcf-84c6-47ac-9e28-0ad392653a13,Kya ghatiya app hai ek bhi ladki reply nhi deti isse download na kro or agr ho gya h to delete krdo 🥺,5
77263636-1365-4efb-98ca-109084f07340,"App is glitchy. Captions don't open most of the time. It would instead forward or rewind the reel but not open the full caption. This isn't shorts so why do we suddenly have a pause feature? How do I mute the reel. Atleast give a sound icon to disable/ enable sound. Reels sent in dm example 1st reel, 2nd 3rd. It will open the 1st reel even when I opening the 3rd one. I have to go back and click on it again to see what I want to see.",1
270816c2-7f97-45a0-8485-17683cf012f3,it doesn't work when I post a reel it was downloading with so much time,5
18039181-7245-4e65-a2ee-7a0e6f86d621,Good 😊,5
69750c8f-b4cb-47c5-af07-f3bceabe8353,Best ✨🩷,5
b2624527-a28b-4838-9e66-dbf1cdd335c3,One of the best app and my favorite app,5
a99cb2e5-6a7a-4f3a-b12a-9bbb7a2d4122,Fugguh,4
b994585a-ad2d-46db-88dd-ca43f4897848,Love ❤️❤️❤️❤️❤️,5
14f28c58-d8de-4e8a-88be-4cdbeb81787e,Goodapps,5
e606145c-ffcb-4b04-a5cd-b04b6afdbdde,Good app,5
90a83fb6-2af1-4111-bda2-99de8bc24a22,Akun saya di banned secara permanent tanpa kejelasan yang pasti,1
ffa2af01-785d-4a9c-a916-cebffbb02045,It's so good instagram I love you instagram I like you instagram 👍,5
cbeabe91-287f-45dd-a28d-cba8e5f7119d,"Its not even being installed now wth should i do? I have enough space , my connection is strong so what now?",1
978e2f95-1a72-445a-9ddc-b1726ba784f4,Mr raju,5
ecfe4cad-85f4-47a5-8173-c8d50724ef4d,Amazing 😍🤩😍🤩😍🤩😍🤩😍🤩😍🤩😍🤩,5
159f4a99-9df9-42d5-bd8f-2747615ed42e,It is not working now. Don't know what the reason is.,1
801606c2-86bb-4d04-afa1-8c7ee9dbdd00,very good,5
b620aa2a-9113-48a3-9c2f-9603bb7ae791,It keeps asking me to connect to FB and I dont have it nor want it.,3
90a021c0-e4d1-4af4-8ab0-d3674c933524,Cool 👍🏻,5
073ca7aa-6cba-41b7-946c-2b13a21a1fde,Worst app ever... unable to post comment on videos,1
3a7465d4-7296-4884-ad82-16b6d7679d16,Instagram 🔥,5
a79354ad-85a7-4ec4-929c-35fcc8c4f6cb,h😘🥴5eum ñ,3
2aedebdf-695f-4299-ac28-d28a7847a577,nice app ☺️,5
3d3836dd-2167-43b1-8ce3-57c974ea0ec9,Nice Instagram to ❤️,5
6fc76e21-4125-4ac7-b95a-94f33202864b,H❤️❤️,5
967889dd-737b-498b-a1a9-d3a024251a2f,HASSA,5
c6273083-8013-491f-819e-fb5ffb55446d,Nice,5
4c69b75d-4c4a-465e-bd6f-4c9a1a91f094,It allows me to create content almost seamlessly 👍🏽,4
4b66c3b9-072d-41a0-ab6c-ea9f77783d7d,Wow,5
893b639a-e844-4d58-b2c7-9fd847563497,The most addictive thing,5
91c79d7a-f247-447c-9c7d-fa8b97b7f686,Bugging atm keeps blocking random friends of mine n hiding their profile 😭🤷🏽,3
e010169c-51d1-437e-9587-90148c80ba63,"Feels very connected to the world, overall a perfect social media app🤩",5
91c79354-54da-4758-b571-34869e3f60e1,Good,4
474337ea-902b-4cf9-9ac3-cba03553f552,",👍🏼😁",5
a9b38a78-5e51-4295-afbe-66da8b904262,"I'm no expert when it comes to Instagram, but for my needs it works well, allowing me to share photos and videos along with some story telling.",4
e0876a71-0f38-4f94-8419-0141b9d2648d,Excellent,5
121509d9-a093-4d4c-8292-208af501cfe1,"No privacy, it shows everything like - liked by , saved by, comment by",2
be2700c4-5966-401f-b5c0-154d7497f3c4,Follow ni ho rha??,5
a2072903-d848-4f72-ba09-4bbb2e9229f2,"Updated 7/4/24 I can't seem to follow anymore profiles. It is like I've hit a limit. I tried unfollowing a large group of profiles I wasn't interested in anymore to make space, but still can't follow more profiles, why limit? Also, it'd be great to have multiple feeds, where each feed fits a particular category. You can have an art feed, business, sports, comedy, etc.",3
b566eac4-ca79-4ee5-819b-1d54ce3d00d9,Ye toh mahol kharb karne wali,1
e18fd828-4be2-406c-a95a-f6a430d0ff0c,Manojshrivastav,5
ea5e13b8-a529-4fe9-bede-0e32f7186c5e,"I feel like Instagram wants me to do or say certain things, blocked content is the only content I watch, yet it still blocks it",1
1f4e9653-4af0-42c1-9bb2-53830bcc8664,It has been a good experience.. I can reach my cousins and my loved ones...!!!!,5
ca2d1c41-43ed-47c3-9401-f28543ca4388,So beautiful,5
6e5a6662-c0fa-438e-8132-e8db052c2583,Nice,5
576edce7-61a3-4cfa-b46d-f352ce611ecc,Nice to meet you 143,2
e6475c6d-b90a-4183-9d0f-6dfd4507f2f7,हवन,5
ad949fa6-a6db-4c8f-90fa-864b427dc359,Exceptional app I love Instagram 💞💞💞💝💝💝,5
a6658539-4f19-4f99-b4f5-ef7b13b6e727,Fast not working,1
90129243-b2ff-42ea-abeb-a91cad6802eb,too many adds 😡,1
1c0c5cca-70dc-4fbe-bc3e-6d338c833377,Enjoy k liya accha hai,5
c8b76397-f941-4721-af9e-43878aaa59b4,Awsome,5
a3132a5f-7e12-4d67-bd7f-25872678fd34,All good ok,4
1d1fa7f7-1828-4db9-82bc-383aaeee1a43,Filter new new nhi aata h,5
b88854c6-017f-474c-888a-54f87c3f25d6,Nice app 👌 I am going with 5 star,5
330921be-35b2-46d4-b2c6-b67f2039c796,Nice,1
57e18bec-d442-4cf5-bbf0-c127121c774e,Nice,3
3dbdb252-0f54-43b6-acff-b14b0956928c,🥰🥰,5
6b60fd96-6ae7-49e9-a9a1-fc376a70dc56,Nice entertainment app,5
a63af90f-698d-4b58-8d49-c3c27af3b3ef,Stunning 🎊,5
c4c60e92-3b2c-4b35-aae9-bf07e33eeece,Nice,5
28af2009-f5e0-4e60-baee-05cd63174135,Manik,5
8127998b-e6f7-4b9d-b5b9-d8c050be47c4,The videos the colors,5
3cfab690-e7b9-455c-b8de-f1bb0df9be8e,Very good 👍👍 aap,5
53ef3d14-0846-4027-9883-adacef444fae,Bestest app i have ever seen in my life,5
c479bc10-70d0-493a-83ae-96dae814ff58,"My account got suspended without any reason, account was from 2016, I didn't did anything against your terms and conditions, and always appreciate your community guidelines, and after all that my account got suspended",1
6822848f-59e9-4062-a9ff-7fb91de69a81,So so,3
e10acd1b-ab9e-451f-9a1f-20a4e0681fe4,Wow 😮,5
9bc50c2a-38f3-4e4e-9dd6-828c8d0b96f5,This apps very good I like this app😜😜😜,5
908698a8-9c29-4595-9886-e163f5eb19ac,Interesting Online Communicating App ETC.,5
e5571056-39d5-4214-87d5-0c4057f945f0,Brilliant,5
82e9e4fa-de15-4bda-9d17-6e9e486ced62,Best,5
a5c49904-0106-4542-8aef-f27220179062,Nice app 👌,5
8cce53d8-b3db-4e88-a5aa-01b9216277aa,Good 👍😊,4
d7f56d49-27a7-49dd-b49c-7ae02c60d9e2,Good,4
50428f47-65b6-4859-a125-ba9efa64c307,Beast social media app,5
1326dd2f-f822-40a6-bd08-fb13327961de,Awesome 😎,5
eaddadb4-4c61-40c8-8196-9471f70683e3,Very nice,5
8c65e13e-2032-447b-83fc-8a12b6055b84,Such a beautiful app and I love this app 💕💕😍,5
774e0dc1-f12b-42a0-b11f-03d62092c5af,Wow,5
f996f8be-4c20-477e-807a-3e2e749a9b20,Nice,5
8b3dcd59-92ea-4c13-a911-bb89321b5ce9,I am not happy about this app at all,1
308cd175-1970-4527-b80b-a77745ba50ec,this is the best short video aap,5
b4dfbb2e-e659-4366-8b6c-edc6c045563a,❤️🩵🤍🩷,5
e169b857-1a80-4785-b517-cfbc905b31a2,This app is awesome,5
55f84fb8-9d60-4eb4-bc37-9557e2691f96,This app is very good there is a lot of entertainment I am very happy to join Instagram,5
e897fd69-26d8-420d-a12e-90dc843ce431,Marvelous,5
cee57dfd-85e8-4940-a300-7452bd93267d,This may cause many lives,1
8dd7ee21-ff97-4236-aec6-0aebeb3d786e,Great,5
2a75722b-ed1a-4083-8e3a-a2beacde0c3c,Good 👍,4
cbed3a81-2454-478b-905e-46eadba29086,"Log out option should be clear, no need to give options like save your details or anything",1
349b0f25-7917-45e6-a816-aa1228308041,I love the way insta shows people creativity.and it's reach is awesome,5
65b26f15-fa1a-4eb8-8173-5287887a257a,Koi ek video viral kar do,5
ece55a14-3704-44c2-9875-483081fb17f9,Nice,5
eb968206-cc76-4646-9b23-d5e55b4e3f73,𝐆𝐨𝐝,5
583dd9ba-5e49-4428-8cdd-6abf3f8c284a,Thank,3
3dd5dead-2d5e-45db-a408-1b79a710de04,Oppp app . 👍👍,5
ff92c418-b927-4ae5-a78e-59afdf1cccb2,Mere Instagram pr chats me all photo show nhi hote he plz just now action I need my photo plz,1
ff259d31-23b7-4feb-b514-1d5fe561e05f,👍,5
3c8a2dc3-f9b1-4a43-ab7d-f04965407576,Kya laga rakha hai ap logo n song rakhte hai hai pic par aur badme kuch dino baad koi koi post pic se hata dere hai unavailable bataraa aisa kyu... Arey jab hatana hai to o song rakhte kyu hoo... Yeh apnn app sudharoo aur mere pic ke upar jo bhi song thye mujhe vaps chahiye bas ... Had ho gai,1
9c443bb2-ba88-4c01-ba27-2eb963f6d655,Khub valo app,5
39d7fe0f-8484-4375-833d-3b55b5bd1a7c,Very interested,5
4203595d-dda8-4ec9-8435-cf8bbfe8e1d2,Instagram good 👍😊,5
e283517d-6656-4541-86bc-5861770caa4a,10 to 10 All nice stuff,5
a8a1c96b-025f-4e20-b15b-72d4a71f5cc0,Nice,5
f7b89187-0385-40c0-831b-4262f7f8435b,Good experience,5
ae82c891-9b06-4ab2-b47b-b7238c761a93,Noise,5
337c14bc-33a0-498b-8e59-a5d64c12dcd9,It's good,5
aaceddab-effd-429a-9e5f-0f66c1415c15,Nice app,5
cfeecb78-b846-4c22-8435-44512946a41f,Good,5
22ba22c4-8940-476a-9ce5-ef5e2fd33d6d,I this like that app,4
6bc79240-6e7a-4616-873c-fe4100374476,Blue tick laga do Insta id mor Mall Tor bahin,5
7baf6ee9-4282-410b-bb13-35a83fa2a5ad,👌👌👌👌👌👌👌👌👌👌👌👌👌👌👌👌👌👌❤️❤️❤️❤️❤️❤️❤️❤️❤️❤️❤️❤️❤️❤️❤️❤️❤️❤️❤️❤️❤️❤️❤️❤️❤️❤️❤️❤️❤️❤️❤️❤️,5
76c751ce-021c-4547-8d89-7667d8c745ab,Khtrnaak🔥🔥🔥,1
5923b2a4-91a4-4f07-a023-6cef07e59993,Very good 👍,5
d74e8276-91e5-46ff-9cbf-4866b509f3b5,Rajib,5
f49834f3-144a-4f26-b15f-39acc6d97f23,Great,5
213ba93f-45f9-4931-b1ea-357e123ceccd,U have,3
4fec1298-e944-4254-bd3b-70cd63d2c1dd,Good,4
5b3a55c7-8959-4e13-abb8-6a8200d64504,Super super,5
fa7142c4-9f21-409e-be56-3e29878fca1e,Very nice but also be have this app cannot then become we app but instagram very very good app😄,5
06938fc5-367a-4a93-8321-ead20560a584,Good,5
ad4c86ff-9e30-4c2e-97b0-bae5d938f00b,Very good app,4
7459706f-4926-4e42-b221-5032017af9a7,Good,5
5d4603c3-8342-49c4-bbe7-4f0a9d83dfb3,"All of my friends are just responding is random words, and random Emojis. I can not see the people that I follow. When I click on following it says blocked, and I am very confused. Insta please fix this. UPDATE: I uninstalled and installed this app again, but now it says that: ""Account: (my password) does not exist."" ????",1
acc128d1-cccb-4773-88b7-4d3979b65b1d,Sab kuch achha chal rha h views bhi achhe aa rhe h but ! Problem ye h ki saare views facebook se aate h jiski vajah se ek single follower bhi nhi badhta !,2
fc0fc30f-2332-47b8-a30a-723326290dce,Very good,5
9753a53c-cbb8-4da4-ae2a-776350433039,Osm,5
538442b5-c96f-4162-80e3-becbf242e28c,Very nice,5
6a7fbdd5-4753-4e81-bcc2-5984a1d28c2c,"I have been using it for a while and it is nice But I've been trying to make a new account for 2 days . Everytime , I write the username and finish all the steps, it takes me to page(it should be last step) that has a button say ""create your account"". EVERYTIME I click it nothing happens And i tried different ways to sign up for 2 days and I still can't I wrote the problem and when I try to send it to the support... It tells me that something wrong happened",2
78e60fd4-f8ad-48ba-acdb-1e6e32fea580,Awesome,5
b8874efe-e417-4785-9ac7-0e9ee94297f3,Loved it's,5
84c37f77-dc9b-4c90-9018-ed6370939854,most beautiful app 🥰😘,5
f6081bb6-fe44-464b-9924-cc9c9e91146a,"When I use it ,I want unconditionally time",5
c13b28be-a24e-460b-9e26-2a6dd330927a,Worst,1
8885c5a5-a94c-44b1-bc66-a18e871a5607,I can't upload my highlights... Kindly pls fix this problem,1
32fb7142-f879-4ccb-93ca-1f9f317f1b6c,Love it. Keeps me updated with the world news.,5
348ef6f9-f72f-4cb6-888c-93f13be8a79e,"This App Is Very Useful, I Love It. ❤️",5
df225a8a-8416-4552-a3ce-3c5350a6ca08,Best entertainment app in Instagram and chatting shareing ..my favourite app,4
e84ad335-f948-47aa-bfe3-f72025cc7a75,There is no option to pin highlights ? I want to pin my favourite highlights in front of my profile please avail this option in Insta thank you so much 😀,4
8954bd55-13b4-4393-ba3b-71a0741cf5d2,I can't follow any one pls help me,1
0c35a741-8f5b-43ac-8cfa-baaacd3e6d99,Nice,5
457141b5-6991-478d-a931-c94618872ae0,Very nice and smart media 👌🤩,5
69802c9c-44bf-4cfb-95c2-7b66f91cb7b5,💯,5
08668aec-b3e3-44d8-af69-9f61607c5748,Ladkiya aachhi hai iss aap main bass filter wala function nikal do 💀,5
8dd894d1-e104-4a8b-aeae-b8a37a7f3590,Instagram is a terrible thing. You should stay away from it. Its algorithm is set to make you become addicted to it and to just endlessly scroll,1
84e81ad0-0994-4645-ba4d-7f2d88a542e1,Its was a good app,5
c71183a5-0b17-41ba-b81c-fae343355956,Wow,1
5e09172b-eaaf-4e97-99aa-f737b8a0fbd6,"Unfortunately I had to uninstall the app due to constantly being harassed by porn bots for the past few days. I kept blocking and reporting these accounts, but to no avail.",1
e6de9732-67d9-456b-8d1e-b1dc00287058,My reel is getting paused with a screen touch. Earlier it used to get muted. Is this a glitch or new update? Its not a good change.,1
c0145f4f-4163-478c-9414-904355982b1a,lost the charm of being a photo sharing app why did you guys removed the pictures from the explore page now its just ads and reels.,2
4246ad87-2adf-42e7-b7d8-b5cd609d1f19,Vgood,5
ed295182-a607-47fa-8fe7-a2cdeb4240dd,Ok cool 😎,5
57ae14b6-e6cb-41ed-9f3d-1734038154a6,Very entertaining,3
d8dca04c-8bc7-4dcd-b070-5b428fe297b9,It okay if u like Social media,4
282c4a48-91e0-4cb3-95d8-52f6fe0855a3,I get little views but the app is great... should work on expanding my views tho,3
73c01a22-8ec2-4741-bffd-1cb40e705344,NOT FOR FREE SPEECH! WOULD GIVE ZERO STARS IS POSSIBLE! It would be nice if they didn't censor my opinion. And the independent fact checkers are anything but independent.,1
a1ded10e-0f82-46f1-b9cd-fb56d7f11be0,Very good,5
71cce074-d269-478b-8758-332d1a1c2846,Bhuut bhut bahut bhut bahut bahut acche app ha,5
3414e825-6ef8-4e5c-9238-b3762b56c06d,Best app,5
e99c5f98-3aae-4c02-b9e3-b95560138345,"After recent update mute is replaced by pause, why 😭 not able to mute, provide necessary icon or revive old update it's frustrating not able to mute 🔕 ( why you people are copying other apps). If this continues people will be leaving insta",1
a63c09e8-7234-4608-8153-987f34da6abe,Insta is big problem,1
7f61839b-8e59-44af-8873-b4416873c5f5,One of my favorite special media apps is Instagram,5
b6daf70f-fa90-4cda-9ee1-25501fd6b7ec,Good,5
ea5df7ce-06d0-407b-b5c9-81d90b3b4cd7,This app is verry nice.,5
1cfcb6c1-69ea-43b1-a79a-47e8733d1cff,Best app,5
c5fefccf-5208-4aae-a047-43019b1adb2b,It's really friendly app I like it 😁,5
14d32334-de40-460f-84d4-b53d1273efd8,Super😀I love it! I enjoy using Instagram.,5
e3f05a2e-9a77-4012-9a8e-fde630166736,😇😇,5
604e5b97-8f84-4655-aa09-67cc8e115eda,Instagram my female,5
3dcc3e08-e95c-476c-a4de-51dcd3877bf0,The app is diabetic in nature you cannot dislike something.,1
c8cfe546-715c-4ce8-8702-9b5ffda56404,Mera rill impress nahi aata hai post ke baad viuj nahin help me 😢😢😢,5
0fe4198b-5ad0-4900-962f-2220d2c41fe2,Nice,5
874d4566-04a5-465c-b96d-2ff495ede2b6,"Videos are playing at terrible quality, and like 4 fps. Both for stories and posts.",1
6ba0ca5b-df34-4096-b40c-fd883aacdc6c,It's an amazing experience,5
a8b2dadc-86be-488f-91fa-b7d1099b35a2,I like,5
17e234bf-8230-40d2-a5a0-511e248a191d,I am happy to making reels as well as posting them.I spread good message for my viewers.,4
47b7a1fc-61c2-4971-a407-24e46381e800,Experience = Best..... But but Its Take much stories 😳,3
036e09a2-1940-40b4-ba17-25812af96dd0,Love😝😝😝😄😃😀,5
5072ce37-b84a-44d7-9f33-7e34219c2968,Biggest public threat to all citizens from all time all categories at once,1
c925a201-3425-42d1-8613-1b31d9a46923,Very Beautiful ❤️😍,5
60e63616-4bee-48ff-a0ba-6fb4a4d814c4,Full of bugs ☹️ I really want to stop using it. Awful for creators 😐,4
82449713-6d0f-4f34-8808-8c4d2c235391,Best happy for using,5
1b98d515-ce24-430e-aa45-3fc2d1d00bb5,Feel app,1
30d2c0fa-5176-41b2-8181-943b075c21b0,Use full app..,5
0f172d03-82ac-4d6c-953b-e8ff9b752f1c,Bhai ye application to thik hai par koi ladki nhi set ho rahi hai 😭,5
66f0d846-dfbf-47cc-97a4-c3f1fad5a85e,I can't get it so I can't rate it,5
2754254b-e86d-4238-bea9-ddf01b4985df,"Can't see the reply box, when typing messages.",1
4867990a-714d-4a50-a01c-b46060094560,Wow what a nice aap,5
85e6b273-536f-44d3-818b-62d15708d727,Login issue,1
e21d0abf-dc52-4f7a-9147-5122bba2aa17,Cannot use this app ..,5
3fda3626-b905-4dad-97b0-f1a3da3e02a9,Time pass acha hota hai 🤡🤡,5
ae8386e8-ec56-40cb-9818-4eccf3a839ef,Jatav,5
8203b429-2ad0-48d1-a7d2-6d23ad889a6f,Deactivate new saved by feature,1
259c1e57-4348-41f8-a10a-19917d9c3025,It's not good,1
58411ae0-daa2-4ccc-9563-5bf7100bbe80,Nice work 👍👍👍,5
da512272-04dd-4141-bfe5-d355b04b8527,Ok,5
ca0c4195-461b-419d-9c72-85154c4fad1a,not bad not good... over all ok. 7/10,4
dfea482a-c473-404b-b281-d48c9ce7f12d,Super app,4
8b850178-8946-4485-bfcc-9996de22f767,It's good,5
57776adc-fc68-474e-be9e-d48fbc3506eb,😊,5
c35e9dec-a84a-4caf-a8df-239594d05f99,Xx ruh_i 143,5
9b6e71f4-99e4-466b-873d-a98cf37a4e36,Nice,5
6c168c41-6fca-4383-8af1-37ed07b9ed5b,"This app is not working because I try to login for over five times but they keep saying, ""sorry, we can't create any account for you"".",1
e8e51eee-416b-4974-8fa4-c2a3b999d8b2,Many glitches are there in you app. We are unable to login a account on two different devices although you have mentioned it in your app that a user can access his account on 5 different trusted devices,1
a979c79b-ef9e-4f62-9078-643493b7ec09,Ise download nahi karna bhai log koi girl reply nahi deti yah एप आशिको के लिऐ है😂😂😜😜,1
741c1a21-138e-4634-b4fe-7b54037260b9,I am single koi hai mere liye,5
2ac2f9a8-a536-41ca-8344-fd9e6079edc7,"You can have fun with this app, also increase your self in public",5
db184571-bf34-4464-9995-31161473afc0,"Plz insta team help me. I didnt violate any community guidelines but my account is not working from last week, and now I am uninstalling it.",5
d20158ee-693d-4c09-98ff-8564989904b5,The judgement and algorithm in Instagram to promote a post are politically biased. Lots of bugs and disfunctions in the app. Not so much cared about to fix the issues.,2
87c5a354-41c4-4150-9c9b-5fde3aea3ba1,I love it Instagram,5
70ea35c8-4e7c-4d52-a600-f1820faa75c0,Nothing but excellent,5
2760e5dc-0734-4b37-8f97-0f9d7aba09c1,Mind blowing app,5
bc33843c-514c-4df4-811c-91c087773436,Wattsap,3
70fc831b-ae83-4c45-af8e-8bcfb367eba8,Loved it But have a small request to Instagram if they could pay me $200 a month because I spend most of the time using this app being known to the fact that I'm jobless 🤣,5
4e71ba2e-9838-4332-97a5-2bc166f44f71,This is nice and good app ☺️👍,5
8144b1e5-6a0f-4ebf-a8bb-733a9c04c3d0,Insta is a Sigma user,5
1e173440-be74-4838-a140-0212abeba84c,Crazy app,5
fc1e4ba0-0800-4ce2-9d13-03a83acdb979,Nice 👍🙂,5
006f2f89-cbd1-41ad-8076-dcba9435bf7e,Mere Instagram Mai live kiyu nhi ho raha hai please thik kardo,5
ff489be2-7ab7-466e-9bc7-11f126a9bff7,Nice,5
28f4deda-c027-4159-987e-a3434f2819b1,Amazing app best content and many more,5
112eb2c9-1a3b-4603-a45d-6e3fe2a072b0,Hmm so good,5
3eb9db6a-9e75-4989-9144-517b4487dc78,Very good,5
c77be4b8-ff69-4a0e-93c6-c00e95e92444,Super Instagram,5
c822a638-00a2-490c-8f29-7926c77694c8,Is good for search contents,5
50af324f-8a29-4864-bde9-d756b0073175,Enjoy you,5
196bfad2-93ac-42f5-8bdd-3acaeabfd623,Love,5
10c49bd6-e37c-4df3-8ecd-6dbeee2ba455,Worst features 📉😤,1
607f3e8f-97cc-4c80-98e6-e5ce03941199,💫🥰,5
97d73c11-77e8-4eb2-b3da-7b05c8c906fe,Amazing work on it 👍,5
4c830a77-e6ca-4a15-a675-e08c1dd83dcd,Intresting,5
92abd6c1-ffcf-4a24-97d1-efe349c035cd,چرا نمیشه چت دایرکت رو دو طرفه پاک کرد آخه,2
44e7a840-bf39-43dc-9d9a-bc97f25717cd,it good for buissness,5
f183f0fb-20a1-4773-96eb-b282efd88fa2,"For the past few months it's had gotten more and more challenging to make upload a story or post ! Nothing will load, the post just sits in my story for weeks unable to upload no matter how many times I push 'try again'. I've uninstalled and updated various times and still get the dreaded 'Error' after I have spent time and effort or creating my posts 🙄 it's becoming unbearable. Imagine doing edits, effects and adding music just for the story not to upload & can't save the draft either!",1
a0887156-f5d1-4d95-817d-f01a434fb2ee,O Bhai 😛,5
b6d4e8c5-69f6-45ff-9075-3f3807d90f08,Nice for communication,5
1adb159a-e9e8-46db-8dc1-f58b8d182a99,Cool🤩🤩🤩my favourite app,5
6dcddccf-968a-48bf-bafb-91cd7d5cf1eb,I love my Indian school tomorrow and then you have any money,5
3ae78dd7-a350-4025-ad4e-927d01fee0b7,Bhag😱😱☠️☠️🤬🤬,4
1e99f76d-59f5-443f-8329-4533a9219213,Best,5
b9fe219e-cb03-4bdb-aae4-126ca5f28ac4,मममममममम-मममममममममममम-ममम-म--ममम-ममम--म-ममम-ममम-मममममम--म-ममममम,2
52f82008-dd38-46df-ace1-3f4b5465f1d9,This app is very good,5
d3470f08-639f-4a94-aad9-2b3cb7e3dbf0,The best app!,5
0b24551b-8c2e-4940-b73e-106cd88f2428,Very good service,5
8558f773-ae0a-4988-b8b0-ae1b71f57fca,A very nice using app,5
ea18ce48-4b20-4005-8466-4517c97f4e30,Good💖✨✌️✌️,1
e1a52dda-7a14-46f0-b4cf-8e47edb8aacc,This is amazing app,5
c9134677-bd42-4f06-bbc5-6690a58afff4,It's Awesome 😍 can you make the saved reels collection like alphabetical,5
0d95c739-75fc-4576-a4ed-669f5eb85fe5,Super,5
f68a1963-dd9e-4cc2-a96d-c34eed9ea8fb,Spoorthi,5
3a549820-bf1c-46f7-ba77-9b50b3ef9220,It's really good,5
d24e78ef-f091-4c83-a8d5-d406d0aaf70d,Mangesh kadale,5
77da4865-ab3c-4a20-a7d2-4d6e4f7b4ed9,This was nyc,5
edb6d90e-2b0f-45a7-98a7-b6de0439a1f1,It's overall a good app but please update a extra feature of unfollowers list so that it gets easy to recognise the ones who unfollows after getting follow back 💀 Jesus Christ !,3
0003e912-f936-49c0-abe3-d7bac340419f,Instagram is a very good 😊,5
c509837d-4ef6-4f0c-9922-f1d3debe928f,' Son « so os se. por vas each laIn Hadi Nada,1
c952434b-1761-428c-b2aa-09f56569f235,I can't view stories or upload them,1
79e13171-7ee1-4de5-94df-7134b2283f22,And it,1
668ad43c-2a1b-4532-9690-d8868ebaa483,Fin it's good,5
d1c41717-8edf-46e0-817e-3bcb99b25193,update this app otherwise I will delete it😼,1
b1b413d1-994d-4837-978d-885a4ed299ef,Unyama kabisaaaa🤣🤣🤣🤣,5
fbe85497-e688-4421-971d-d52de63668e5,Nice but some glitches 😕,3
afc687e4-7f22-4b97-94f8-bd3abdd4d676,Good app,5
0f9d8c51-6b26-40de-9c0b-be3558dc7f4a,Nice,4
160b1e36-96c3-4130-ad9f-21db1e5c99e5,👍,5
45549c95-a88f-41f2-a883-302608ccec8a,I love this,5
8e4caf03-872b-4397-898c-8a0e12a98203,Reliable,5
85dd6102-0158-40a5-8d95-8212ec7bec71,Instagram good,5
a9f4c74b-d4c7-48b3-952e-27fe2693063c,❤️,5
cf9a96f9-e67b-489e-8905-fcc202a51756,Nice,5
8c2058b6-6f2a-4448-a5a5-a1f9bdff186d,nice,5
c520ef39-00c0-44d4-bbc4-43f3c7cabf27,Very nice 👍,5
79d29f3c-3f79-47c5-aca2-50f94a4d6e3f,Not 🚭🚫 instagram likes smak and cokin..jhund your life,1
b31fcc32-fdd2-49c9-ada3-c0cd7e486224,Rajput 57 ko ay app pasand aaya,4
b37600f8-01d9-42cf-99fa-333436c64847,Good,5
d030da08-e2c7-43ac-a50b-dcbea4e069fc,Good app entertainment 😃,5
489f6c89-bf0b-43b1-aa30-18ea88739d2e,He is a very useful and nice four time pass,5
3db57980-3e46-403d-8b2b-9ef45465c369,Very nice,5
9ff866e5-0ba8-4180-9c93-7813bac1ab8a,Not good,1
d9af2517-75ce-4a7c-ab0a-c05bc572b249,Love,5
48d8d472-df9d-4589-9c88-2426f73a3de3,Good aeplecation,5
b3facbea-2a29-4571-b882-694f9a311735,Estoy completamente satisfecha con esta aplicacion de Instagram y me ha ayudado en publicidad para un buen ejemplo por la fe en la palabra de Dios a las Naciones,5
4a63eb29-93b8-48dd-a2d2-851ab06d2ddd,Hide the truth,1
dfd6743e-df1d-4c59-bc14-7406a5585fac,LACK OF FREEDOM OF SPEECH,1
ba58edb4-171d-4255-9abc-63f723f19264,Good insta,5
38782603-426e-4624-83be-8ce3687f2aa6,Nice,5
c5d16972-3d0d-4557-99fe-09d9cb90fc47,Glitchy,1
7b5e3207-6362-47a2-9faf-cb493b30e87b,Good app 👍,5
2309f085-0365-4f22-a72e-dfd4a19d97ce,Good program,5
4f6f3054-fb36-4413-ba9b-d8610c09e7d0,My Instagram account not working properly please check,5
96506d27-1a5c-4842-af87-04b465e97b54,Wow,5
a3543e4d-d247-4d59-9ef4-dbc01ae8d304,🌟🌟🌟🌟🌟🌟🌟,5
7e164860-8a53-4e05-b429-126f7eac17df,"I've been trying to log into my account for one month without any success. I tried contacting support many times, but I didn't get any feedback nor help with the issue. Overall, I was not satisfied.",1
9466e07e-4ea0-4374-9793-21f493ca0564,Everything is ok but i can't add any profile picture.,1
94e6074b-230b-4f9d-9df5-bf5e0634cb5a,Nothing i just love it❤❤❤❤,5
6df12bb5-f13b-48bd-a9a4-24ec2711dd5a,It's a very nice app and fun to us,4
ef1e6edf-9d89-4921-89b2-0ae40c64e471,not good,3
692a6f9f-4760-4dbc-8bc0-60db54369eff,Sir me phala kabi bi apna number pa account open krta tha to us me new password nhi lata tha pr ab maga raha h please jasa phla koi new password nhi hota tha vasa hi kr dijya,1
0f9fb9db-1847-42a1-977b-ee3f1fd82907,Terimakasih,5
9b13aa5e-d1dd-46a9-87cb-47b580666257,It's not updating my feeds been the same for the last 6 days.,1
12e85a82-c605-4711-b945-ad93e30e7388,Good,5
e2d2f030-9d53-40fb-a104-b03a38910f7d,Soumojit dutta,5
714fc2fa-b8a6-4995-89ae-b784093943e9,Good,5
8132fb68-78a0-4a96-835f-29779baa3e60,Best thanks,5
c39724d9-c684-4c92-acb7-16fd364e2b5f,I do love using Instagram but they deliberately censor opinions and people with whom they do not agree while pretending like they do not. Conservatives are NOT welcome on Instagram.,1
574f0220-2294-4a0e-ba42-e41690f5de6f,Very good,5
043f5461-936b-44f1-8ed5-d0b8c562b975,Jdif,5
46aaa594-58ea-477a-9758-ac8bd9810be6,Nice,5
94247b5a-027a-4df9-a91f-2feca23e2af2,Supper app bro,1
815beaf8-2886-4380-994c-d847e8da642a,This app very important for business,5
52dedd07-b0db-4861-a49e-650b224b8fc4,Yes I am cute girl,5
40943c4a-7eba-4798-b533-ada3b08ed442,"It's fun,",5
0871bbeb-9032-4fc6-aad9-2713a623aa79,Most beautiful app,5
90af1c33-c8c4-4b99-ba93-0fe94a851947,Vijay yadavji,5
38fa5b5e-9478-48b3-a78a-0649cf9cb659,Very nice app,5
361a1caa-6e01-4feb-acef-bb660b3f1f8d,nice this is very good,3
be143d71-254f-4ca0-8548-ab54855c2c28,Very interesting and knowledgeable,5
de8e7d16-4899-4748-a2a2-f28a3166252c,Best way to present your self,5
4e11996a-088f-451a-a619-dc0c6de7f6eb,"Pls add option for users to hide their following list Awful ATM, extremely slow at uploading reels..takes 1hr+ Pls sort this",1
467f5911-ef9a-4c07-a464-a5e65c0ea02a,Like problem 😔,4
acd3b861-886f-4598-9b1b-63669db7084c,Sakun,4
0c83f955-8181-4424-9145-bbedb1ff8e1e,It's very good Instagram app ❤️,5
c6202f3a-ba91-4a19-9c00-528cc9fd9cc1,Kya fayda ek ladki reply nhi karti,2
87c13592-b573-46d2-be6b-0125084556b1,No update version,1
612eefc1-03d0-4a21-9814-64b6f4a8d4e1,Some times voice not came like sound,1
8b3e1875-9d11-441e-a3ed-a00717ed1255,Nice,5
c300ead9-6e6c-4135-b349-b5e3db871a4c,Stop restricting my activity I'm not a bot dawg,3
e72dfc1a-b8e4-40d3-abd0-2031a7199247,Awesome 💯,5
1ce58bd1-5f69-488d-a070-94bf7f4257c7,LA igale Swam,5
856f0532-f179-4ab4-a838-2090202724e4,I like it,5
a90e7193-5531-43f9-890b-de7963d6dab3,",💞",5
68b6c5f6-3a0b-4ed5-b28d-0942bbf1f552,100./. Experience,1
d1fa2002-64d8-4c19-b9fe-112e1ef88be6,Very good. but no bonas option show,5
bc6b602f-21d3-4d44-b12d-5c4e130f0599,Better exprince,5
f95d68e2-04ab-467c-a2c0-3a9876fcd81a,"Trash app with trash support center, with trash guidelines. Basicly trash Update from 2024, still trash app, u follow like 5 people and then app block u from following more",1
53b7ee64-e464-4b8c-bd87-4d7f6d97208e,Amazing,5
e864d926-0f60-4082-8b89-46890492d31e,This app is not good children future is not secure when enter in India this app..pls iss app ko ban kiyaa jaye .,1
834e171f-4b4e-4d30-8e73-078b3efaed5b,The best app I have ever used,5
37c4dd81-5391-496a-9726-abbbd1f70429,Good,5
2bece56f-b815-4bf2-adc6-e3ae0fc3d3e6,I can't comment it's hiding behind my keypad please make a good app,1
08f784e7-51d3-422e-9c5d-bed45c283bb5,Nice,4
405c7ba2-36de-4db9-aec4-cd74719cae52,It a ragging app,1
9f2f7ef0-5198-4d20-bda9-9ca25c5f5212,Sooo sexye,5
fe21c6d8-f354-418a-9e6c-be0b15f50161,Good,5
58a0a61d-64ad-4d89-a7ee-3d5c5ae9a3b2,"It's good but you can't really turn off your activity status. It'll say ""active now"" under your name in the chat plus show the green dot the ""notes"" thing. So it's basically useless. Please do something to hide the activity status properly.",3
90bc5db0-5657-40dd-b02c-fc02ced4f434,😸😸,5
597b0599-51b7-4a38-a27a-61e44f08a68a,It's oh okay I love the app thank you for the app,5
39b143fb-3bb7-41e1-b111-b8ce6bdedc5b,"The app can't even process its own editing software, everytime I find myself wanting to post it's stopped by Instagrams inability to process and save my edits. This is fr a terrible posting area Ong fix the editing.",3
059c0364-b1da-4550-b52a-c277b4b4fae3,Nice intsgram,1
22373d8c-593b-421b-aaae-bab78528c1ff,Very good app,4
f654e60e-2d7b-4d0a-a145-c284065e98cc,It was a incredible experience with Instagram,5
cf30050d-de07-46d0-8065-e30b4b316c39,I would love to join Instagram Even me can post or be live like others,2
bddb0570-b156-42e3-a583-6126643df38d,"everything is good But, lately I can't follow any one Please help me",5
819dd3f4-a8b8-480f-8c97-3de69db6700d,I like,5
24c1e5e2-65dc-4023-a6ea-602d8f13456b,ड०००ज३त०,5
28417807-b2ec-4220-bff9-63cf947c755e,"Jujharu, 💕, dj",1
8d463138-d65b-49ab-8afe-21fead9cf822,Aagar Aap es app ko use karte hai to Aap apni Life ko Jhhand bana rahe hai ✌️💀,5
7c2374df-73e7-4a43-b032-5b13e9101aa8,🥰🥰🥰😘😘❤️❤️❤️,5
eaa6c7a4-3603-415e-ba3a-11d2ddf39ad7,We,1
3816f270-c595-4787-8239-669ba7651d88,Good,5
3e48c95c-9bdd-4b46-97ae-cfe60cd8762c,Great platform to express and share,5
239b2426-e59f-4c0b-885a-08d3e8b2b47c,Good platform for enjoyment,5
401ef382-02e8-49e2-bfcd-5f434e359ebd,Very useful,5
52cce26f-111b-49c3-8a9e-869d789d32fd,It's great app💯🔥,5
3b33b9f9-8869-4409-ac46-b257bdd337f0,Working good App,5
8d3f1885-8e39-4b55-8bc4-5d87aa4c0602,Gods father,5
b087bdaa-7727-485c-8ac8-aac89bcce7bd,"I opened a new account even before I posted 📫 anythingon my profile, I already had broke the policy and my account was blocked for no reason. I had to ask them to review and I don't even know the reason why!!!!",1
d34a4822-dde9-4e73-a62e-45233af71c1c,"Please bring back the add music option on dms as well... It was a very useful and important feature of instragram.i just now noticed it's not there, please bring it back.",2
1b57a5b9-ddf7-41f0-9603-2d238452da14,Good,1
aa74a5b3-62fa-42b7-bb46-22e15ead09d7,I love you,5
526e70e2-a7b5-4bd9-bcfe-b8125a367d23,Beat app,5
667418c2-f5be-4cb5-995d-d4e053a3260f,Jhakkash .... 😂,5
35cfec8d-3799-4984-8ab6-d4fe928842c2,Nice 💯,5
a146d185-7255-4201-adb2-9bd8eb530953,Can't unlike Reels or posts!! I wanted to unlike somethings and whenever I try to unlike it doesn't work at all!!!!!!!!!,1
6aaf1225-d745-476a-a8ab-9c32f4a269ec,Five star ⭐✨,5
df1e04cb-9fdb-4f30-9aed-fe854b3dcdfd,Real,5
9a72ec33-10b9-4536-97d3-ae0aa2852fa0,I love this app,5
b8b50969-8529-4225-904c-36ee35f659f1,CUte video,4
acbead4a-9bb5-49ec-9109-b34825cbddd5,Awesome app,5
46677a65-8c8c-44a8-ac6a-26f383d2c2a1,👍,5
37dd5a8e-ba56-47b0-8bb1-01222e1136c9,❤,5
518e3be1-a073-48e2-8b6d-25dab2c93ca5,Osmmmm 😊😊😊😊😊,2
e60b5323-40c1-41ce-a392-cbcc03d98e01,Hi good morning sir today my birthday wishes to your house and then you will get it from my side too much to me for this month I have no problem is not working properly and then you will get back 🔙 namaste 🙏 namaste I will call you later in the morning Hi hi HI TO BE IN A MEETING AT HOME ONLY ONE WHO IS THE ONLY ONE WHO ARE NOT IN THE EVENING SIR TODAY MY LIFE MY LOVE FOR ME AND I WILL CALL U LATER BYE GOOD MORNING DEAR HAVE TO DO THAT YOU HAVE A GREAT NAMASTE I DON'T HAVE A GOOD JOURNEY NAMA,5
41dadbc4-b037-4a84-b2c7-e87088b7500e,Nice,5
ee3f15d7-b164-4009-846b-32b14938f00a,Best filters best aap,4
7b98698d-1e12-4bd1-ae94-75c69b6dd249,Nice,5
ba4daa58-2fff-4b9e-adbe-0e645b1c4a62,Good,5
3461fc39-1176-475f-8cd2-e7c6033f380e,Good,5
20705168-7bb0-46c3-aa37-439654f57331,Super duper,5
131966ef-2b8a-48f3-abdd-740a9647211e,❣️❣️❣️❤️❤️❤️,5
703fbf75-2c8b-4abc-ad7b-48ef949953c7,I lovly this app,5
89a219df-904d-4817-b016-e3b5f2e1f3d6,Excellent 👌,5
4317b392-6819-4ae4-ab8b-5e88f057d6f7,"Instead is a bit of a new one, but I have a good idea, I am a good idea,",5
6623c5a6-02ba-4ac0-9a53-e52802058deb,"Instagram videos look very fresh, it is a very beautiful website compared to other websites",5
eb01edcb-f38a-4b02-9541-ca7003deef5e,Its app excellent but I don't get likes and followers,5
42b68a5c-468c-4506-a98f-a7fec8d21fa7,I LOOOOVE THE NEW UPDATE (archive option on stories) BEEN WAITING FOR THAT ONEEEE!!,5
d432a5f6-ffb7-4246-b4bb-b887ba8a4ec2,This aap is very good for make more friends. If the instagram 😅 install in your phone you don't feel alone any time.,5
73ad3a21-08aa-499c-a2f3-e6ed4c2d0109,This is very beautiful app,4
de51b9d6-54b9-4293-a9d4-4fcbe4f66c85,Instagram is good it's just that even though I have the latest version or it I still don't have notes and most of my friends have been hacked at least more than 1 time,3
f2676a4b-444b-47ce-9f60-884aa7588378,ఒకనాడు జో,4
c48b1f54-14b2-4ba6-b00a-afe13179f370,"Very good, excellent app, nice 🙂",5
0d85be68-807f-4309-8bae-bdfc1eed55d0,👍,5
f8cd95b0-7622-4439-ac62-85c18d2bb372,Nice,2
91071b11-6b9b-4dcb-8e92-0f8b72e562e3,Good,4
0083ce08-883a-4ba4-8c3e-4efeeaa4698f,📷,5
61487abf-d51d-42aa-8882-9bb30756c1ab,Free fire,1
f8836ecd-8d40-48aa-b28a-2f88e33d54f7,superbh,5
a80f7b51-2a39-4ff3-ae48-21124d4275bc,"I'ma say this ,read books and get a life,read the bible and heal!!!!",1
cf29fd3f-eea6-42d4-8de9-cdfb9813cf4c,😘😘😘😘,5
5213c39c-499a-455a-8fc2-344a876a2ddc,100k follow me Stroy ofline,1
ea2cdec5-75a5-4769-81c5-e7902cf2b1c0,Nice app🥰,5
a755f88b-1fb3-4868-b6ed-ed33d316db24,Too good,5
8975e60b-09e4-4ed6-b100-357323fe5067,Rate this app,5
50d83e52-c802-4a80-bb9e-8e38de3efb35,"Dear Instagram your fact checkers are incorrect and crupt you do not follow the facts but rather go with whatever the narrative is and the most money. You have fact checked a quote from George Washington, which is a true quote. You are a pit of vipers, YOU ARE A DEMON!!!! Good day",1
fa5f5a81-e26c-4fe0-80d9-31ef09f3326a,Love platform ❤️,4
741ca715-cae7-4b71-a654-d8613b667508,nice app,5
e45a451c-18c3-463b-9b80-3a83ef371f61,This app just for fun uses don't addict,1
60dcf27b-4b22-40ac-980d-ccc69e4803d3,Top Very good 👍,5
3f530172-64db-4df3-8720-f8ab3a187355,Good,5
8416858a-6126-481b-ab34-ee7fa62d0f14,It is an good app and I say for this that it help me to grow and fees on social media,5
8f433731-2f1c-403c-aad5-f9eac2bc61df,Awesome 😎,5
6c0d4fde-da33-4243-90b5-f2a8dc86513a,More advantages only for ios devises🥴🥴🥴,1
3c9deecf-1713-4dbf-811a-6eec123975f4,Good app 💞💗💓💕,5
768289a3-bff3-4b72-810e-868d08a181bd,ကျေးဇူး,5
8e8100dd-c9e9-4a81-9b76-2f7c169fc074,Not updated,2
b1b70f1a-cc20-4dae-a9fd-1578bc00477e,Ok,5
eb4705ee-24a3-4e29-b7a0-c89147ffa425,Bed app no,1
1960e1be-4348-49d0-962a-98d292fbbda0,Maja aa gaya,5
2797785f-7f62-46b7-94bc-1f169261551d,Netrarm,5
b6f53145-a41c-4857-b173-4a87c08a1385,Think and install,5
9a47a705-783e-44cb-b0d6-de286423a90a,Very nice app,5
60f9923a-29d5-4ccf-8e7f-eb239711ddd4,Nice time pase,4
c4898949-4cdd-4aa0-aee1-3d99535678c9,Great app,5
531a14fb-f8c4-434a-9b38-7f18cda512cb,Time waste machine,1
dccc3c78-69d6-4256-aa03-92b6bbf4359a,I like this app soooo muchhh😽✨,5
5e211cff-25e0-48cd-b474-c0606a02c039,Super 😊,5
12d51c24-701a-4e13-b345-96022effdc56,Very good application for me ❤️💝,5
af87a167-f2fb-4a6a-9f72-2edfa126ef61,Awesome app,5
ba61fd9d-6859-4f51-912c-2eced464ce11,Quadrati topic Coco,5
43717b1a-b375-4e5a-92b8-fb561224f30a,Very good app..,5
72b06449-b39f-4c59-906c-63f239004fac,Nice,5
c3ca5a3e-9c5c-4049-bc99-0aba0e2fec2b,"Bhai isme na I'd chali jati aur wapas bhi nahi,(don't download this app)",5
1ed2e3cd-2b0f-4880-a5ea-c1de621557e8,instagram is very good app for chat with all friends and reels all uploed,5
9edc3bfe-7549-4d3a-8636-8f10d78d297a,excelente gracias,5
a267f757-dd85-4c4f-b6be-bf9752e914ad,Jeevan bro,5
7451c1c9-7576-4f06-b67a-910921a73e63,Krishma,5
168464a3-fc66-4bb9-8ef9-c2be25c62c89,Ok,5
ab5a7a8f-0d79-4dc0-8965-674d25f447d0,Is a great app,5
81640d6f-cd18-436d-88ce-6d6aa424731b,This is good app😀,5
43d0af30-99b5-4a1e-bfa9-a9bfefcb67b3,Very Nice App 👌 👍 👏,5
2a0a63d5-0a33-4718-b174-e7e3561236d4,Good,5
d0313fc1-deaf-4b4c-8f6f-11e29713912e,"Dear Instagram user Lestion kids, don't recomend . Many more scams",1
5e68b21d-5708-4a6c-8269-4191b0501803,My life Instagram,5
30956587-7128-4ba4-be3f-e94a04f2face,This app is amazing 👏 for sharing a reel and photos 📸,5
f7ddc0aa-5eaf-4210-bb76-620bf05de31c,It's just the best !!!,5
6501fd31-7dbe-4bed-b1c9-fc6b7ceedf49,I don't have new features such as notes,1
579c0226-88be-43a3-8ee8-b9e8a7b33cce,supar,5
0dfda577-af0b-449b-8f36-871452c84d00,It's awful! To be honest I can't access to the news I want to see and it's actually annoying that insta is pushing on me only what they want me to see and hiding the important events!!,1
c32d41de-2f44-4dd6-8243-c892a1661537,good,4
476ab1ce-cc94-454e-99aa-6b0caa08d1e3,Dumraon,4
8531bfd0-6c49-4cda-9e25-2310e73fa5a3,This app is very useful to use in chat and for business and entertainment purposes,5
d0e86d09-049f-462d-8099-774ed7b3e6f2,💜💜💜💜💜💜,5
da38a0cd-79f7-4881-bf03-a110d650f908,Super app,4
8ce0f267-8a8c-4885-9b2b-58c143fb94dd,Lwl me please,5
913452d3-f6c8-4247-9f6e-3bdd5e5b3250,Boajan Thanks,5
d886cea1-5c57-4935-84f0-b019d161cdbb,Good aap,5
bb22d17e-85f9-4fea-95b2-c13ff7efe104,Mahesh,5
e121e471-2b77-4f92-ab63-3382e2ef62ce,Instagram call 😘😘😘,4
5e5df189-f646-41e6-be85-b758daa1df75,Plz add music changing option in posts,2
5568c044-6e4e-4fd5-a5ac-bf2eac5a4a4a,Very good this app and very knowledgeable app I proud to be a good Instagram company owner,5
52d01e8c-47bf-4634-8942-5c14355b69a8,KunalRaut,5
99f8fa5c-5385-4a40-ae91-018dd1e76fe4,"Pot face edituri si sa vorbesc cu Andreea Bostanica,Iuliana Beregoi,Bibi,Saranicoleistrate",5
7101a27a-d1ea-44c6-95a3-ea81fa9735d4,It make me feel better. And help me make friends.,5
f5f693c9-19e4-4ced-a048-dff2aba0fbbc,Amit Kumar Prajapati,1
b91dc9bb-a255-4e79-9999-134c3018a372,Most fun slots!,5
2896b1b1-d4bc-4f6b-baec-a35b8bdd3936,Under eighteen there no date chang,1
f4d2b6ea-5e58-4d4c-8d60-8910e02070ac,Worth it.,5
868f8130-2303-42f7-92ac-0f5eb0805277,Awesome,5
3f8b9bca-f973-4b25-b99a-c4d375babbe7,Beautiful app,5
b59e5d06-6cba-45a6-b4a4-d2cfa4d06460,Nice app,5
1dfcebd3-985f-42a1-9a61-02fe2d25202e,👌👌👌👌,5
38fd2c6c-e1a6-4ff4-a681-0c5f83e6d5c7,Best app,5
6c04059c-2778-4ba1-9228-5c6381df7e6d,It's helpful for my job.,5
3b170017-c9ff-4977-a80d-e274d147fbbb,Nice entertainment aap,5
72e36a88-80d5-4cd1-8613-26b4fa35dae0,Good app,5
151e714b-1131-4204-9ffd-177e2609b33a,Good for connecting to others,5
48f4f207-f64f-470d-a3f3-6251285fa8f3,Good,5
5b700bc2-6f21-4b9a-ac4e-c7dabb388cd9,Good,5
82a79a31-6bad-44ed-924e-33a59e3436a0,Adi Patel 001,3
057c2fa8-9784-4bdd-b88b-1d03fe542103,I like this app very much. I like see reels in it and chatting with my friends and family members .I like post picture of me and my family.l like this app very much . I suggest you this app this app not for kids .we keep us smile in my faces very time this reason is Instagram . I like very much Instagram plz download this app in your mobile phone and see all reels in it because thik app is very wonderful,5
02d4c629-7514-48c8-85c6-2d865d1cc798,Beautiful ❤️❤️ app wonderful 💯 💯 💯,4
a0ab4b51-95f3-4462-b721-cb349f5eb9e3,"Very addictive don't install it, if u r using it, please delete your account and go get some fresh air",1
1cc49845-c9cb-415a-aa67-de8ad8aeda26,Don't install this app . bhai yaar ek bhi bandi nhi patti hai yaar .. Aur uper se block ho jata hu ..,1
d51d1f36-6aec-4c4d-a2a9-c9050b8fda3f,Very expensive and helpful,5
cfa1ec3a-78da-4e8c-9685-c9a5bbcd3b22,Very incredible apo,1
03f71d7a-3a3e-4007-b819-c8852c251dd6,Used prograss,5
341c71c9-30e8-4416-a88d-4365ec5f7b71,Good,5
79485dca-c9b0-4e0d-8f2a-c862707a7f0a,SabitriReddy,5
2bf79880-6f53-4d0b-aa0e-ba0a4bee65ca,It's a good app to surf the internet,5
5f2c09cb-9f1c-4ae6-9b68-a90e589e9f55,Super,5
cc87eca9-57a2-4a8a-bc82-a9520b4e67eb,It's not meta verified yetttt I'm still on the waiting list since last week !!!!,3
3fa0feca-1dc2-4f31-b430-cbd4bcd491b4,The worst thing,1
8e09b508-2d8c-43ae-baa4-4f3c3e41f494,App is glichy and not work properly 👎🏻,1
421138dc-75cd-44d2-a82b-d06456ec0a18,Instagram hanging problem not login,5
161f1d68-89d5-45f1-ba7d-502401b1174c,Great App,5
eebf9da7-c4ee-4a0c-b513-b9904c2cd879,it's own world,5
538133ce-0e11-4339-9f74-aa8e07c2785c,Nice app,5
caf9e20f-6132-44eb-b752-8435fad0f4db,nice,5
d3232219-70e7-491f-a137-50368b92deff,so you ban accounts for mentioning monkey but not any slurs,1
a8607dea-9818-4414-b117-43fadc80e6d3,Going instagram and twitter account number is still in bed with my 👪 and my mom,1
e1ff574e-d2dc-4355-8e18-bcd4683a5d89,"Really need to fix the long loading stuff when you're about to change a highlight's icon. It takes ages to change it and it sometimes doesn't even make sense, sometimes it's really fast and the next time you do it it takes a goddamn hour.",3
e92a5597-9c08-4742-928a-5e7e7f5c80e1,National app berozgar banane wali,1
bc8f875f-3d1c-46c8-8279-84b44c41d6bb,Excellent,5
a1f9c684-72c2-4d3e-86fe-98db5af93f4f,Free fire 🔥 x Namaste 1,2
b55100ca-38da-4576-b2e1-a9baf391f78b,Good,1
b2a6f14a-6bbe-4018-a378-152efdba1702,dislike insta but my love,1
c14c831b-8670-4b57-8c9e-3a93c937ad8a,Very nice,5
42e0f648-bfa5-4f78-a8be-3d2dc5fe5a81,"The AI is making the app so bad (which is already bad in the first place, imo.), I stopped opening the app to check notifications. Large numbers of artists delete their account to avoid AI image generator, because of the AI feature. Artists had it enough.",1
f003c6a9-27e0-45d2-8ae9-7aeb8636f266,✌🏼✌🏼😁🔝🔝🔝💸,5
4c6039a1-18ab-450d-a8cd-8c4835a7919b,It's a good application to build social friends and gain confidence,5
2baa0d0e-d929-4b26-8504-05305c15159f,P@w@n s@ini,3
f52b9385-d005-4e89-9fa4-2081caaf05e2,Hiding the truth controlled media block the truth unless its what they support,1
242bbce0-71db-4f69-a614-b40b783e0837,নতুন কোনো Features ই পাচ্ছি না,1
2c56e7be-a0d6-4973-b87b-5eb86c410a4f,Good way to destroy youth,1
f87c6423-9137-43bf-a863-bd2caf8f7e7e,Pppoo9 po,5
ad3ce3a4-fa25-431c-9dc6-cf57d00d6e17,This is mind blowing.... Veryyyy Unique app👍🏻👍🏻,5
3aa1c1f4-67e5-4818-8fdc-a5b37f6d25cc,Technical issue jyada aate hai,1
a8fca0ed-b579-4e96-8d89-f9aadc85a54e,Good,5
0087bda2-41c2-48de-80e6-f2513e6572b1,Love you too baby,5
d3213356-97e6-4703-a66c-d916855ae357,Acha h pr gf nhi mil rhi bht search Kiya uski shadi ho gyi pta nhi kis name se I'd bna Li 😥,5
127f9200-7768-4ed4-a264-b9fe0a6ccd1d,Great app great quality,5
ba8e02c9-b31d-4a62-b4fb-62b77ee9690c,app very good,5
fc2d28c0-1218-48b6-9986-67eabd3c120c,👍👍👍,5
fe7d74cd-cbff-4225-84b0-cb8063659b75,Suppr,5
1ef4c834-aa82-450e-b18d-1b8c0e8358a9,Mast app,5
53b15aca-2c6a-46dd-907d-06db5a54bb85,faroop,5
648f5e3f-114d-498d-b75e-a1c83c35b2bb,It is very good,5
3990464a-d2c3-43f3-a7b4-53d497e46dd8,"Their is a problem the option ""Add to your story isn't showing"" it was soo annoying foe mehh",4
21f63a66-0e82-4f79-aa7d-cc09dcce6d30,"07/04/24 I like the ""Post quietly"" feature but I can no longer find it. Is there a way to enable it back?",5
3e08a3c5-dfcb-4319-923a-fc5313d5ffe7,Nic,5
3f9d2fc1-3a43-4cfd-b2ff-8976b4cf3c4e,Best ever,5
e4ab9781-027a-4706-ab9b-fd79b28818b4,Super duper app download now 💯💯,5
33ec3215-74f5-490b-8dd7-3a84fd6dbe0f,Awesomeness overload 😍,5
b7b1023b-f3c4-4a27-b58a-bf56ba7b2736,Good app,5
553ce574-0da9-4791-8cdd-f5c60186e44b,Fantastic✨,5
9c66960c-9d30-4448-9b06-aaa19db4a3ea,It's feel good,5
897030f5-3d3e-4c35-8fe6-7bc704b32eb4,I love this it's one of the best platform I ever use,1
c2f83e99-b26b-48a1-9593-aedc11b72697,Nice,5
e239a1e0-0ab6-4e1f-bfaa-5bb58c5712f1,This is very good app to chat with friends,5
35d64664-5149-4c46-8aac-3dd026d77233,Noce app,5
fcf776c8-c341-4044-82d3-3af6714c0bcf,Good,5
5627db2a-c436-45c3-8825-c6d89dccdf8e,Best experience and enjoy entertainment,4
98e3c0ed-280f-4da8-9689-f2f03681992c,I hate this app because it doesn't care about our privacy. I am saying this because it crosses it's limits. Now this app show other people to see our saved videos. From now i hate this app 😡😡😡🤬🤬🤬🤬,1
98f3d66f-511f-443b-a676-2f0e8427b636,This aap is very dangerous it will waste your time,4
b34d3710-a81a-4234-9ed5-40eac36bfd12,❤️,5
07f9651b-01f1-407c-9d45-ed84339ba73e,Jeevraj Jaat,1
9360fa6a-e109-47cf-b43f-12d86da90c5f,Has no challenge. Nice app,5
cb58ca04-b23d-4241-a5d4-2257bd93f4c0,Nice,5
fafe05be-39e8-4781-9359-a65a2c79b52b,Good,5
0b9ce841-b5ce-4802-93cb-44ea2a6bcc7e,👌,5
e47caf8c-4ae0-4760-950e-034ed0861fba,Bear app,1
0b33cfd1-2a5e-40db-b8fa-dd2cce0610d8,Vrey. Nice,5
e647a2d1-98b4-40ae-929c-5295f4ddf789,சூப்பர்,5
4c09ed74-0d0e-4ce8-b21d-289f58063d33,Supper,5
4deb7537-902b-4136-abbc-bceeadc1a71a,"3109 cxxza,.",5
a7095a3b-2b8b-4c99-a98e-317f7fc41351,👌👍,5
b2e38ef6-af31-4422-81b4-bec1ccac2917,Love you 😘😘😘,5
1fcfff90-6189-4da6-97a0-3ca72c18babd,Please let me go back to muting Reels.,1
b79b5977-7f70-4c27-bc8c-d898681b202d,This is a really comfy app to use☺️❤️💜💜💜💜❤️❤️🤎🤎🤎🤭,5
13c406af-7252-4887-a0fd-d21c625b7cb9,I'm sad kou gote bi jhia reply douni very bad app 😞😞😞................ Please kia bi gote reply me please girl I miss you I love you so much 😙😙😙😙😙😙😙😙😙 Love you too 💋💋💋 Love u re no problem so you will not 🚫🚭 you will not come to your pic of your vileg is not come to my mother and son and daughter of your mother also with her daughter is so much 😙😙 Love you so much 😙😙 Love you too you will be happy with her friends and daughter and her blessings and love 😘😘😘💕💕 bless you s,5
77702c02-94ac-4a8e-abb5-90f8bf50c850,Yeh app jitna acha hai utna bura bhi hai isske vjah se mera padhayi disturb hogya iske vajh se me koyi kaam sahi se nhi kar pata hu har tym bss reel hee dekhne ka mann karta hai lekin acha btt yeh hai ki yeh tym pass acha kar deta hai lekin agar mera comment koyi padh rha hai toh ap agar ek student hai toh isko download mt karna yeh application apko disturb kar deta mentally mera sath ho chuka hai isslye me apko bata rha hu be safe from social media 😇😇😇,3
d26eb1ec-2c23-44de-bb31-ff7a2795b982,Good,5
264d399f-aeb5-4085-9e38-e64f399c2a56,"Hey I can't like any other posts and also can't do any other activities in Instagram like follow comment,so please make that problem is solve. Thank you",2
b5b1936f-e1a1-4c5a-a7a1-91864f1960f5,"Hei, i cant verifi my phone number when login because daily suspend account.. There was say some error when i put my phone number than ok..",3
ad219206-a4b6-4627-b8f1-b8f5d67f6b60,Achhe se kam nhi karta,1
d1dc8b97-a104-4505-9ffe-467178aee530,Ok ok hai,5
4c89c571-0fa2-403e-84ce-3527cf007174,"Vulgarity is at it's peak!! Not suitable for minors, age recommendation for the app must be increased. It is breaking the basic ethics and rules of nature which a student or a little champ follows in this prime time. This app has it's own's vulgar world of border line pornography which mostly seduces the youth and distracts them. It usually develops tempt among the opposite gender attraction in both genders. This problems can't be fixed the only solution is not to use such apps!",1
2f23c20c-64ad-4d96-b7e0-6ab5aabcc19a,It's not working..,1
35a40c67-c527-4b39-bfcd-4f081b50102e,Nise,5
5c666adf-292d-403b-90fa-39ab115d4246,Good app to meet your friends and new ones. Post great pictures,4
ef6443ef-0c76-419e-b920-58e8b5a6a52a,I enjoy using Instagram account with you,5
f676f7ba-2a3d-4df2-b7ce-91ec7e8a8c79,Good,5
fedc4b9f-3d12-44c9-bc24-a722c88c0495,Not updating,1
8946517f-a3b3-4c7a-8cbe-ad617896801f,Gods for entertainment,5
cda0283a-0511-4887-865a-a56090da04b0,Super aap 😃,5
c13298c5-3d9e-4361-97bf-8f76b2729f45,very good,5
b3e8d186-b8be-48d2-842c-b20988782034,Great,5
5958f8af-46bc-4d47-ad41-2a8fcd61b34d,Thanks for,5
cd91d33f-486a-4c46-9bbd-300565454a61,It fules my deprition,5
93d9f7f9-3a33-467e-8265-0194acbad3a3,Good ✨,5
9f70606c-7dba-40e5-a87e-b57ca1e81713,Very nice pls grow my profile because of my Chanel is about lord sai baba,5
3896f8ae-1274-4529-87c9-9e120edc73b0,Nice aap....,5
6423bf79-d87b-4327-b193-a642f49adbf8,Hop on two,2
9d9c8549-3a15-44ca-a16f-5d1542c2e448,Brilliant app,5
0fd73305-756c-4024-93ac-08946dc2d949,Good,5
c5032530-9d37-4dd1-a318-8685ba26e510,So beautiful ❤️❤️ so 😍😍😍😍😍,5
5e88922c-eb29-415e-bde5-280c6013801a,Noce,5
3d4710d6-c803-42de-bf4a-a8afbddc8290,Chu's,5
ebd8e4a3-c04e-4dab-b8b8-13052d744568,Trending my video please,5
eb955b58-51fc-4de7-97b3-81a94f1e2e77,Waste of time (focus on yourself soldier),1
9e5c8d5b-0701-4e85-a827-06aaf0fe9f7e,চলাই সিমান বেয়া নালাগে বাৰু।,5
fa4905c3-b8eb-4cbd-b340-b4371ca3e487,Very addictive,1
7882cecc-e639-46b1-acf6-10f07f306474,Instagram followers count not showing plz slove first,2
7fd56f4c-1cb4-4a67-8fc0-c042c3805878,Brelient thoughts gives nice one,5
dbeae15f-01f1-4ec7-8d83-3f99184c08ae,Oppp,5
3d1e96bd-0bc1-4ff3-808c-02aea8c93289,Excellent,5
63984b82-1aeb-49df-9482-3a2dfc6b2883,See we are going out #2 me Can We,5
9c2711f2-6688-4cdf-9882-8659b74c578f,Binam king 0833,5
c51323ae-fe55-45d8-a97f-4c1edf56b713,Amazing platform to connect with friends very good app for staying happy,5
815d1d55-02a8-4014-b668-3470495f0eea,Great app 👍,5
8a7de3b7-b9da-418d-9db2-2a0f0c94f760,🎆🎆🎆🎆🎆,5
f4c79e29-5a3d-4b4e-9dd9-6868fce59505,Excellent 👌,5
b47f64ce-d87c-4393-9dec-9a211f350a19,Meri reels trending pe la do please 🥺 instagram sir my I'd Brijesh bdt 23,5
d9e661ac-e3c0-401d-9d34-e58d52588dd0,Kawtarfa,3
ab5b77b8-4d8a-4f82-bc65-7694974ee9fb,Mukesh 🌹 Mukesh,5
8bc98fa2-50e6-4e54-aeaf-07ff58340f32,"I'd rather have images and videos that are of similar interests to what I follow in the search area and leave my feed primarily with posts from accounts I follow, STRICTLY.",3
b6235352-40e0-4897-9876-92dcb844cd89,This app is very amazing and intresting ❤️I love this aap .,5
2bb6f2d7-c4e2-4006-9f5f-7ef20ab606bb,The tims,5
ccd09dd5-8f20-4c45-a251-d36e9d684687,Great 👍,5
62585e1a-71d5-4f6e-99f8-d579744a840f,I love its,5
b20cfd96-5356-4eac-8689-ff9c232d2c8c,This is to good,5
11b5024b-049c-43ff-9776-358347cc6566,Best app for msging and vedio,5
b3fdab08-138c-4c2c-bb8e-c2d2ef822616,nitin,4
f7928646-038e-41f3-8511-e29990e94c47,Nice,5
8fa5192c-7966-40a8-ab31-06f29f39a03f,Really best,5
a96f6893-fd73-49e4-b706-018114435f9c,This app is sexcely,5
66e9fcbb-063a-409f-979a-8a966249d620,Me liking normal pet videos: problematic and not allow. Yet the app keeps showing me posts from accounts I don't follow that promote OF. It's disgusting.,1
2d22265a-e746-4001-bd6d-590307268739,Good,5
8f5c7342-a9c7-4aef-9a7e-3063a7f99670,this is amazing 🤩,5
251bcee4-2d47-4e4e-a8b2-b056f4b1662a,Nice app,5
f54bccc6-cd7d-4168-843b-9d1b900782cb,The fact that Android & Windows have the biggest operating system but constantly takes the backseat to new features. It's annoying seeing ppl with IOS do things I can't & possibly won't be able to,1
a4135f7e-3b9f-40e4-9063-e086ad6b24f7,Best app for advertising,5
d0bd8465-1175-4365-9fed-7592904d5eef,Mm god💎♥️,5
a5283121-7dab-403f-b740-18e0b0cdf92c,Nice,5
fb1f8cef-1060-4e65-a85a-e09d821b1902,Music,5
f82db04c-5e26-44ef-b2a9-822713d3680c,My reels viral please Instagram please support me 🙏🙏,5
0ec98d1b-dab1-43c2-89bb-02ed60277313,"Both the app and site are broken, posts have not updated in the feed for six days, it's the exact same ones on both the app and site. I have cleared cache, made multiple reports, and nothing. Is anyone even working on fixing this trash update?",1
dca211b2-6675-435b-a7f1-d130c655e274,Good,5
d33d63ec-d7d3-48c7-8399-c9c37230fe08,Nice work 😊🤗😊🤗,1
20288201-c7c9-4c5b-b1a1-ec746fb2e7e5,Excellent,5
1ebd80fb-119a-4cc9-bd9a-d5805c1aac07,I don't have one yet,5
2be4dd7d-887a-4c22-92da-68cf772a25a8,Very nice,5
97f6b2f9-6476-430a-b935-033dca0b55d7,Nice insta,5
b98c584b-1aa3-4565-9c0f-ff02a6b7c8f4,Block,5
567551f1-6918-4603-b511-b1281bbb5059,Exelent,5
37683ae6-2103-47fc-9cc1-730a610a00c0,The app is nice but the get hurt so much times by so many people.. But in the end thanks for the moments 🙌😁,4
f78ca9f5-952b-4931-9666-a112949cb370,Better,3
64b0e5a8-f15f-411e-b2ae-dfd95c75d801,Application is very interesting.,5
4e78b4df-6111-4fd7-a195-4dd3f1317ed1,Good,5
dbadbd09-f0a3-4e66-b4e4-b7729f9c7728,Everything is good,4
b517a259-cbdd-40e5-8b7f-64ece6cfc832,Love this app💓,5
b1264953-6157-4888-8220-e489ab7f0b5e,Good!,5
7c3c3f47-82e1-4f45-a654-2ac45cf3be15,Ok,1
91104df3-72d0-400f-9e8c-478c74c2df4b,Good appp,1
be25e53a-87ef-4b27-b357-2bb23b42bb7c,Best,5
68e747d6-e263-4bd8-835c-373814bf3844,"This is a very good app, reels also come as per the mood and the features are also good, I like this app very much",5
ae10fc9a-4d1e-4f02-820b-4d5ae07e2fb8,"Hmm 🤔... ripping off ..Rest in no peace for you .. actually this could be a new title, apparently ,I've been posting Instagram becomes this horrible agent blob , that consumes anything ,good evil , then gets angry as you feed it this wide range of anything chaos , it transforms into it's lost control , taking on the guise of a headmaster it suspends you because you are not a Spidey pg 13 fan man .😄then like a crack addicted blob it solicits you back saying hey wanna see your new Post",1
cd8cd09d-ff58-49a0-b5d1-a76d5620c979,My love instagram,5
4137e776-c715-40c0-8155-77752a6bfd8c,Amazing 👉📱👉📱👉📱😘😘😍😍😍i love it,5
a75ac7f9-a09c-44fa-9a25-ee322e57c454,I'm unable to login into my account. Even the password is correct it say's password entered wrong and try again.,1
4757853b-1ea6-4043-8aca-3aaaacee4658,Siuuuuuuuuu,5
3956f56a-6ebb-46ca-9c64-5fd15ab25555,Good,5
ab662896-bf66-4159-a35e-75f52b7260d6,There is no comment in any reel pls solve problem 😅,5
e07a4f76-f937-4833-8b85-ee6b7db2d801,Yha srf ladko na fake account bna ka lrkyu ka. Pagal bana rha ah ..... Next mara bi fake ha,5
cd69d152-977b-42cd-bf1b-d257da9352fa,Okay 👍,4
97c0ad94-622a-4977-9913-d2c8c9c4dbce,wow,5
337b9ef1-661e-402e-87ed-88821fb8b6f7,One of the best apps,5
bffb0270-07fa-4c7e-804c-44f1cb689c63,All most,3
7a153ff9-e356-4cb3-a88a-b175601632ab,Very good app,5
588652aa-3d2c-4900-8b64-57e8e4da953e,Subrata,5
7d26a08f-5b4e-478d-9b25-4abf4c66ad0b,"QA/4³²R,⁶=3@#/⁴THE ⁴1$³٪""$ď/$",4
d1a06d16-db21-429a-b0b4-c8ae4b600ad2,Good 👍👍,5
59bf5d83-c1c4-47d0-969e-f7fb8caf7831,💘,5
d376908a-a1b4-46c4-adf6-8408cb976ae9,I have installed problem in my phone So please solve it It's emergency I want this app for my personal use,3
a1d15b96-607c-4eaa-902f-3e557fcad91d,Dislike option must be there in Instagram,2
20e6749e-fd22-42c4-8ba8-13ea1fc9d3de,Good,5
e54d1fc9-c18f-40fc-ae2e-609d2fa2aea3,Good 👍,1
c997e9fe-ec66-4a85-9d09-f5d260cf735e,Nice,5
1b65a245-ecbc-4179-8fef-d8666a900a5c,Osm,5
677efae9-e018-4665-9bbf-3ccbe6f56296,"when I watch the reels it lags a lot, hope u can fix it",1
8de5c57b-d61f-4056-a267-2e6ba5712a2a,Good,5
ec78b07d-ea61-4575-a14c-78d7519c0bd0,I can't can comment in the reels,2
963ed270-3cdf-4b7b-b73e-f15bdf3e5a22,Good,4
498baceb-86cf-4bdb-b0b5-baf7eaf81424,Hi by,3
6ce674ac-5202-4bb1-b563-d51d641314f0,A aww 652333 of 333333,1
33e30cc0-36ad-4cac-ad53-9c2d95e98a11,It is so attractive platform,5
a503e195-afb9-4376-a5bb-14e264cde6be,Nice app,5
a05e7b3d-2a4c-459a-9902-126f2a41b378,Ok report ☺️,5
f683cb40-74f3-4fd5-9163-16ba0293722d,Pal sahab ji,5
a6bdb49d-9b98-4d7d-b3dc-a84fe60e2cf9,I love this app.,5
b7ec8a5e-ff5b-4c26-9b86-e5efec2e59fa,Good,5
675e9b80-d56c-4c6b-b4ea-5b04de5705cd,سيىء جدًا. والتفاعل سيىء للغاية أتمنى أصلح هذا الأمر 😞,1
46cedeed-6421-4499-adda-5f9624d00bbf,Good,5
59b6716b-f8a1-4be3-b043-de034aa6548e,It's smooth giving me what I want to see when I need it.,4
8b2e1716-00d6-4de9-ae5a-95113cc6099b,Very nice 👍🏻🙂,5
85bd13a2-7afa-4277-a68e-c577e15ff622,MAra Lora jevi app cha,1
90269cce-cdfc-40db-bd5e-299e16b804ba,Madhu raj Viral girl,5
8ab07033-72d8-42c1-8f77-76547111e402,👍,5
d0255e05-ef8f-46f5-88ed-a993cb9be996,Very nice application 😊😊🍫🍫,5
394440a6-9312-4ad6-b9f9-908d5411e3bd,Abey year instagram pe ladki pyar hi nhi karti hai nahi followers ➗ matherchot 😈😈😈😈😈😈😈😈😈😈😈😈😈😈 yadav ji hai hum 😈😈😈😈❤️❤️❤️👿👿,5
04ba5359-0ea9-4adf-bf2b-6484fef92986,Nice app,5
c1cd049e-ce78-436a-bad9-f8117becd03f,OK,5
5f109515-a46a-42d7-8b62-7bb1186218f7,Nice 👍,5
bcd5154e-7302-4193-88a3-ab08368ecdfb,Always king maker app👑,5
2e96eefa-ab75-4fed-a572-81cb97a9b268,എന്താ,5
54bc3519-59c6-46e6-82d4-cc0a6dc0973a,Very nice app,5
e1c4b993-534e-4305-8edb-e2032baffaa4,The app is working very good. But now the app is restricting me from reply the comments on the posts of my new account. Please rectify the mistake or glitch as soon as possible.,4
09f88914-fe79-49d4-aa4d-a81804c5aca3,Wonderful 🥰❤️,5
447428bd-467f-4931-9979-924a19c46b26,No need to describe Instragram all know how outstanding Instagram is . By the way love i love insta.. very much .everyday something interesting to see,5
d82c8b4a-9952-4fda-9ac5-2871951e0a83,Beautiful and nice,5
53016470-dcff-4249-aa00-8ded3e1f9435,Unarchiving doesn't work.,2
08d69771-c521-4d53-8f6b-279e4bae3ad4,Best social media app,5
64462e32-c376-40c3-a581-8378a5b537fb,Best rells app,5
1514067b-8460-48bb-9985-540ae0bdc9de,Nice app,5
52f75c58-a19c-41e5-b456-78b18c0a5fbb,Shivam,1
dbec67eb-8913-4874-8b31-dd9985f3e181,উমাকান্ত কোচ,1
2527918e-9bbf-400e-bd9e-9d47e2da0fbe,Isko koi bhi download mat karna koi lakdi reply nai karte💔,1
564f60ba-caa8-4bb8-afb9-b05d57153419,not bad,3
05dacfea-a051-48fd-9a7b-31a06cb47260,Me 😍😘,5
b481ca6d-c3d1-49b8-966b-67411f9f4b06,This is bekar app,1
887cfb06-33da-4f76-a048-9cf9e736114d,I love this app so much...,5
cf864868-0883-43a5-9ea7-9beb68be8d38,New update made reels not work often,3
328ad82d-8cd5-4fb6-8629-5cde7bfaa49c,Good 👍,5
812b70c8-f4f6-4667-8a3f-1a4a252fe170,Ek bhi londiya message nahi krti or block alg se kr deti hai 😡,1
e167cbf9-3b4c-4143-ab61-1e5ef62619d9,very good apps,5
c1b4fd7f-07df-4e63-8617-505b7c87b442,This aap gives you gf 🙌,4
de4bfab1-c8a5-4513-9f51-0a472693901c,Excellent ....,5
0c93bc1e-fbb1-4da5-b6aa-a1b74b03bb16,Good app in this world,5
410938ce-bbe0-49fe-890b-ebf899ca0202,It's very good for time pass,5
2d713434-68ee-4acd-a027-ff875398d8ca,Girls don't reply 😅,1
ed333d80-df57-432c-9910-1d8821f82a20,Cool 😎,5
1a3f10b8-b09e-4aef-9a9f-cb4a28d04ff9,Awesome 👌,5
f543ba46-c804-4ca9-b0e6-9c235fbabb2a,It is the best app,4
82307deb-7a93-4e82-b828-2f2d606be931,Nise,5
357aaa78-09ca-4c11-acb3-d14c27ee0e00,Good app,5
28463796-f174-4398-b0ac-47b93125a752,Best app for Downloading free reels it has very funny and informal reels I spend 97 percent of my mobile time here I don't mean that i get addict but it is best option when you are bore after watching this you get update some reels about my city nagpur i came to know her history and which thing is started☺☺😀😃😃,5
2f8881ec-9932-40ed-8435-e0e94b734385,Very nice,5
74768325-e132-4fff-8b3d-374a13f36c35,Quite nice,5
8fda4869-a2c9-4fe2-8f61-69769a4544f0,This is a good app,4
56ea009d-2578-4458-8328-a9239d398c84,Awesome Experience Instagram is Best Social Media App in The World 🌎🌍,5
8ab81502-7282-436d-872b-b6ab7f883261,Super,5
7e8735cc-7da0-470c-92ef-1a4fcf9b5414,Nice aap,5
f5b555a8-7b06-41bf-9fc6-58cef1891b18,Sadika Begum,2
1da43107-111c-4d9c-8863-ea35512411f0,Nice platform,5
b5476e81-1627-4ea2-881b-22ce44399243,Kont,1
93147cbe-c016-4580-b46d-ddc72d15deff,Real followers best videos and best friends all real,5
aa50d218-b0cc-4dfd-8b3d-132c68e6fb13,Hello. Ek wil Oop maak met mense te praat as wil Oop maak maak,1
cc5a106c-6158-4d9c-a3ae-47ebda8c3556,Good 👍,5
e0c99612-e281-42dc-8946-284fcdbdb0b5,😘😘😘😘😘,1
62c3dc67-8b7c-458e-a09b-be5ca68c9546,Very nice 👍,1
5e8e62f3-6647-4b4d-8e43-e335e27853a7,3à,1
503f891e-4dca-45d6-9ef8-7f57f4421409,I like it was not able to connect with you too much than mobile number 😉☺️☺️☺️,5
332abf2b-c61f-45f8-a15b-d96093fd32ad,Nice,5
7e7795b0-a079-413b-befd-283ecdfeeaf0,Cannot making any acc,1
cc71750f-bb43-4c42-9e4a-968926ee56ad,Fine,5
75f95acf-b288-449c-9b9e-9fc82241c7d6,Super,5
9fef8c10-edf4-414a-a215-2c44c54fd8f7,Nice 🙂🙂,5
a251ee07-e8cf-4347-b35c-0fc1d21c6174,Don't have general option on Instagram Please try as soon as possible,5
dd007ea0-503b-4273-9f56-727f3d5c139b,Good,5
58144ebf-8119-46bd-a1e3-21f89a4adc71,This application is very good.there is also an option to talk or chats in this group.and we get to see reels and short videos.,5
3269bac2-79db-4883-b46c-3deead062481,Mera app jaldi download kardo please 🥺 🥺 🥺 🥺 🥺 🥺 🥺🥺🥺,5
d0ce759a-81f0-4996-a966-5017da30cf65,Hii insta Naku ok help na insta ku video Stop vastaledu Please send me 😔🙏🙏🙏💌,5
29861bb1-05bd-454e-8b3e-b495e07c44db,Bakar app ha koi ladki reply nhi deti,1
81789b45-4392-4cf6-b21c-97bfe3f7a17e,So good,3
96f17768-5db9-4d1e-bef7-da835bc1e68b,Osm,5
23de828e-0d3e-40bd-8559-7635ab7bfef6,है🙏🙏🙏🙏🙏💖💖💖🙏💖💖💖🙏💖💖🙏 और फिर क्यों की बात है💖 और फिर एक बार देखा जाता रहा हो ने ह क्या हुआ तो है🙏 और अब भी क र ति का एक🌹 ही र ति क लिए कुछ भी र टी में ट् रा ष् ण क लिए कुछ भी र न कोई बात,5
a19160e0-2ad7-4c46-abc6-fc06dbbbdf60,Thank you for the information contained,5
d5627305-797e-4581-b767-23a62478a09b,Bekar hai bhaiya mai to tut gya,1
f1e65865-f44e-4e41-a82e-be0f816698e8,Suspended without doing anyting kn instagram. You joking bro??,1
e8fc0a6d-644c-4ac7-80d3-156dca0cefa0,Noiiicee😼🔪🔪🔪🔪🔪🔪,5
01f69586-677f-476a-9e45-5accab8f36a6,Best app,5
6859ce4a-4586-422e-9d03-51ab9e71f8f7,We want watch history feature on Instagram reels,5
d5a8a00f-0694-4b18-9722-02d1144456c6,This is good,5
92d29d16-2518-452a-a960-9fc9023a62e5,Excellent,5
3be84983-c529-4637-a3fe-42047f2b6f81,Its amazing,1
fd9875a0-02f8-4656-a1ad-e7160bc830a3,Wonderfull experience observed by me and all others,5
74e24467-939b-4107-aeca-c12f539828f7,It's very good app.🌸,5
614611d0-a518-40ee-a07e-f4802e5a17f0,Nic,4
d711d217-abf1-4b3a-bea2-a458da894bcc,Please no feature of other Instagram account in order to keep privacy,1
b29ec6dc-9e7f-4e1e-9ef2-e5824654921d,"This app sucks! I have been harrassed by Instagram for 5 years now they have done unlawful censorship over complamenting people in comments and taken features away. It doesn't matter what you post if its good they censor it but if it has to do with sex, and being gay showing T & A Instagram supports that 100%",1
bcf28d14-c948-4626-a232-a2535c7cf876,need more update 👉🏻👈🏻,3
81772954-5ab0-49ef-94ee-877e0f3afc82,Nicee app entertainment of using this app🖐🏼,5
9585a03f-8c59-4cb2-94cb-7c94477ee211,Devices aap hai jo har kisi ke dil me chhaya hua hai,5
1b0346c6-4429-48c1-92b9-5851b198504b,Hi can no ycodj do ja has it too ok I tkv ki been s I'll k hi in St appointmen see,1
9a805c91-5d2c-4646-9ff0-a58c633ae9b7,"The app has been extremely glitchy lately, my reels have been with a red hue, videos I try to make have not been able to be edited. IG is where a lot of people are still on but the App itself is frustrating and the customer service is atrocious.",2
ae2508a7-cebf-45d6-a8fe-ebf1b35415e4,Okay 👌👌👌👌,5
7cb9ca5c-c567-47ac-be99-baefa5ce8d48,I f... Ur app,5
bed5f2ad-132c-411d-896c-f9db7d9c711d,Owo,5
d8ceaf27-c86d-4108-bf06-c8f7807225ae,"It's very bad don't install , never!!!",1
4005e0df-9347-4013-aced-09e08a194565,Insta is the beast plat form of time pass ok🤣🤣🤣🤣🤣,5
1fe31fe6-b854-4d7c-aadf-556adc14e3ae,Fun and only fun,3
cb231615-187a-4a98-8f1f-ac02096331c0,mint,5
dd7a457a-3633-4b4a-a788-54a534cbdb87,Instagram reel dekh kar mujhe accha lagta thanks you Instagram team,5
bef83c7d-4ba8-4336-b894-96825716c791,Very nice app,5
a497e3d3-fa14-449c-a3b5-8236cfbf6f4c,Nice platform easy to connect with friends & business,4
d8c88418-8ad6-4f63-998b-96cf9e3e062f,I love this app his very much good to post anything you do for a living try and get this app on your phone is nice.,5
e22b3aa5-1967-4875-9a5d-48736cf1b2a6,It is an amazing app for uploading pics that can be saved even deleted from your gallery.,4
b57fd51b-e642-4ff1-9a4d-bc8f1eb48a66,Everything is good of course million of people are using this but 1 thing need to improve is when we save any story it's save without music which is little irritating,4
b0286ae9-6cf2-45a4-8c41-fe0975250010,U will remove content without checking,4
ee0bfe52-ea3e-45f8-8111-92ee42bd087a,Sathina M marak Teshachirani M matak,5
c378dfc5-d25b-48cb-8a27-c431274bd35c,"Bugs galore, defective algorithms, violations of freedom of speech constant changes to ""community guidelines"" that lead toward more bogus violations. Unable to re-post within app. Censoring and shadowbanning policies that don't fit a Zionist narrative... Instagram and Meta are complicit in hiding an active genocide.",1
f8368a0c-4ce5-434b-a222-34592a29416b,Good,5
48a7fc26-934d-4733-8098-94c162d82052,I love 💕 this App,5
c7b79d4f-b55a-409b-8e22-c678c9fd6de7,❤❤❤❤❤❤❤,5
5bea8bc8-fce1-4be1-bfd8-196df5530eb6,Plzz meri id ke followers bdha do,5
bcfc6d0b-c0db-4064-9a33-928faea14b99,Nice app❤,5
dd13745d-2bf7-4747-b211-5947f4c04089,Tres bonne application,5
dab3cfca-fbf6-4b9c-8803-60e2781a959e,😨,1
58e85522-e6ca-4d99-9fa5-c318deddb0fa,This app is very good,5
89c548b2-4be0-4608-a2b3-976e110aabf8,My experience was good,5
59d7a590-f2d4-4ede-9515-558424bfd8dc,good chanal,5
81fe717d-c3f2-4c9d-8de2-d5bd31799586,Amazing experience 😁,5
eadc167c-0995-48db-adfa-18f20e5c89b5,Nice app,5
22fbd727-cb2b-4a61-9055-a486f878e8bd,🌝☀️✨👍,5
ffa1c2f7-6ce9-4eda-a8c5-130b9474d558,Nice,5
b2639774-5b22-4725-bab2-adb21870b412,Osm,5
d6528a49-dc48-408c-8c6f-1626286fa701,NiCE APP,5
ca5538af-7f04-4616-819c-80ec755c2e02,Nice,5
60e12c95-96a7-4ff2-a185-ce61e9244eb4,"Worst app,🤢🤢🤮",1
3e323067-54ef-474a-b7ac-d678ee8b924f,This app amazing 😍🤩,5
51e07c8b-9cbb-4ba3-9b00-e4dd9fd7fbd7,It's really nice,5
04afa287-0bb7-4b76-b7d4-08bab56e092a,Good,5
88a546bc-2de3-45b5-aa6b-91104d8bda4e,"Very entertaining, informative, contacting. But there should be direct posting facility on account from feed , so that it and be seen by others and can share the interesting posts.",4
39ff0dec-b803-491c-b575-344e35b197da,Excellent 🤩💙,5
aca5df14-1cdf-4446-a0b7-6c2182bd7092,Best social platform for communication and Engagement,5
e5e22f67-a07f-4826-aaba-515a901ddc3f,It is a amazing app for teens and young adults . It helps with making New friends well I am little addicted to it but it's fine,5
bbc6ce22-f808-44d7-a727-cb97bfc28c33,I posted 5 slides in my wedding post with music few months back and it was working perfectly fine. But now the music is just gone.. it shows the song but the song isn't playing at all. Instagram is just so disappointing these days.,1
e2781c24-ad31-4b8f-be4f-8e8f3b0c645f,Land Leeeelaaaa,5
e68538f8-75f9-4f32-a40e-d802cc0dc558,It’s a amazing app,5
cb541f62-5119-4a6f-a218-a0cea43eae22,This app is really good and I am using it form very long time but when I follow anyone it doesn't follow someone and when I try to unfollow anyone it doesn't unfollow also my request is to take this request seriously other wise this app is 10 on10,5
9034f3f8-d69c-4979-b51a-05a18c78010b,Nice,5
9c0c8885-b2bf-4fad-97ad-181ab2d53abd,This is my faovurite social media networking sight.,5
6b123cd3-affc-4af8-ac94-be3cf94a7cf2,My favourite app,5
207e8f91-dc4f-4d9b-a988-22b2397f44e8,my life Instagram ❣️❣️,5
5f7d4289-4e7f-448d-86bb-78be27d44b22,nice,5
b0ff51be-c768-41b0-9962-065edff36f6b,Instagram well done,2
235eb27d-5626-4bef-a3f3-44f5b5d8c6cf,osm,5
83549f33-4539-4b19-811f-36b0f4b94b37,क्या घटिया app है एक भी लडक़ी reply नही करती😡 Don't install this app,5
e81f2cf6-3549-4c26-983e-6c3c1aedb7f4,good,3
3ec40add-4939-4cde-afb7-e6ddbcd98195,Rigj,5
364ff895-caa9-4eb6-a9bd-2fa380ddfcc0,Good app. I like this app. It looks very interesting and I have a better idea about what you want me for a couple weeks to see and I will have to say I am from Pakistan 🇵🇰,5
f3c0c175-09c2-46a8-9e6b-cf08112b38d0,Ediction ☠️,1
6d77ae3e-3905-4df8-b9a8-c10f7d9c8e43,Super,4
9aa05f62-4125-46b8-955c-9e53fb7d9577,Good,5
59dff6bd-c3b4-4b2d-9d19-b2fba071cbca,It is wonderful... but it takes much data 😌❤,5
f0bb8c64-49ed-47ba-af43-9b8710e4a7bb,My topic option is disable please fix that problem,5
ecef033a-db97-4ed6-a191-8da45a639ded,Social fun in enjay,1
ef5ee0a8-52e5-4e31-8e0b-529591feb42c,Is a promoting platform,5
6180567c-f58e-486b-bf5b-409f712d9d50,Good 💯😊,5
04a32e5a-d2e1-4a12-81e8-8c410daae12f,Very good,5
23a0bd2f-4799-4baa-b846-164ba710a402,👍 good,5
5a8d8d17-b3a3-464b-a7dd-02e2284d2481,OSM 100/10000,5
305bf6e8-31cd-4ab2-b059-657e65ccc006,Good,4
e61b69d5-431d-4e08-9dae-7bb7f44a6ed9,My Instagram is not refreshing from last 8days .. I've tried everything but still the same.. and you guys are not responding... Is there anyone to help me out?,1
28acbe0f-9b39-4108-984e-d8ce8d8d6b9a,Aalu,5
505e589a-5344-4c47-98e5-4ea761a840ce,Better',5
bfc0d6b4-ce75-4b4e-b845-3d9bbcfee7fd,Good experience,5
08bc6a66-f01e-46ec-aaa9-e50f434adec4,Can you use this app to mark messages as ready or unread ?,5
702fa7db-4c4c-4093-8884-0e5deb2127f3,Ye app PR ladki log follow back nhi deti,2
7f227316-439b-45a4-bc0e-11b4f4a58f0a,I personally love this app!! it's so nice and easy to use!,5
0c4564a8-592a-418a-a330-d97fed2cc87d,Outstanding,5
abcd84de-a94a-4d73-aa39-c6f3394f6f0a,Ajay kumar,5
44e54548-d0d3-4a2d-84c8-6158f56d81fb,Nice 😍,5
79e58580-1b7e-4ec0-9319-e23c6042aac5,That's 9k jaw,5
330a4a34-46c5-4870-bf95-99a73faa2a77,"Zero privacy while liking, commenting or Saving a reel",1
8d69d9c7-147b-489c-a8db-0a5462ac87c3,Leftist can call for the killing of a president or any of their other bs but if you call them a name other than their so called preferred pronoun you get banned for 30 days. You can tell who runs this site.,1
8e1fd268-c3a2-4383-bd51-457b9fdc44fe,My all instagram is not working only loading,1
21cc55e6-d0f0-4841-9e3c-7db0b031c68c,Super this app gf for me,5
427b21bf-d109-4638-80f3-acbc2bdef7c7,Ok,5
1ae1dcd7-848b-4909-86f0-69a5af12e87b,This ap is good 👍😊 nice performance,4
3eee8d41-8c6c-44d4-acc7-e8a62e851a35,ShivamRajbhar,5
2f388949-4ee1-4391-8b1d-90f2eca3263f,"There are so many ads are showing now and all ads are fake or scam but instgram not taking any action on that ads and continuous show ads one by one I tried to report them, it's looking like ads website not instagram all people are how are tired to ads all people give 0 rating on Play Store so as soon possible we find solution and also cyber crime and scam are Stop #adainatagram #adsgram #adainsta #instaads #adsapp",1
3cd7a2fd-e470-4624-95f1-dadb9e23a539,Faltu aap 😢🙄,2
3d1eda55-7d24-4e00-bd9a-62ac95804088,Good app,5
42dcc363-4f09-4157-9579-b837206f2f79,5years and i like poetry plaese Sport me and rate this my posts,5
0ed58fb1-342c-4396-86fb-06a20970d9c1,Thanks love,1
2fb5ff6d-ba90-476a-9614-e1c07059462c,Thank you,5
9f56519e-f9ec-4640-8481-6b533d041dcd,Happy,5
58211b19-74f7-43d0-bd9a-c553bbbba775,யேஉளைளம,5
4e996539-0b74-499f-bf25-71b603af0191,Instagram is the best,5
58f4c985-c45e-4c99-ba9c-77c1de5ecaca,How can I get my hacked account on Instagram.,1
8e11ef45-36b3-4685-822b-2b43800655f3,Music searching engine is trash.,1
57bab3b6-e675-4fbb-bed2-77b64c8424e8,I love it 🤩,5
f013a1e0-03fd-4465-8fd9-553ec3c776f0,Good,5
1323bbef-7c87-4882-97bb-83d9c934ea75,💕💕💕💕💕,5
23714241-1937-4b7e-992e-e0618cf156ee,Good 👍,5
bab5050b-c5e8-4460-be7c-d7fdc34c8578,love it,5
9a856eee-22f7-447d-86ba-be554013c964,"It's a fun app but it has it flaws, you get banned from doing basic things alot because bots mimic what we do, and if we act like said bots, we get striked for being a bot.",3
bb5c39b5-e8e9-4781-8fb0-dade0069705c,"I love this app I love that story, reels, and all things",5
f9a3d5fd-2df0-41f8-abe5-b5964a8fa6bc,"I can tap to pause reels, but now there is no way to mute a reel. Please fix",3
3b6cbdda-71e4-4dc5-a096-c9a407f2dc75,Mara Instagram old Instagram ho gaya hai or story lagata time song bhi nahi ata hai jitna bhi updates karti hu fir bhi thik nahi hota hai 😑,1
21f7fa8a-1129-4389-a179-da607f4ec5d1,It's really good,5
7061a3d8-ebce-4d84-8399-92cd0840e4d0,Its very good,5
faa8796b-30ec-464e-b177-7c27f09c6e1c,❤️❤️,5
b727b996-3f02-4752-8ac0-eb01691ccc4c,This is super beautiful app and i enjoy,5
c26d6af3-fce9-4601-84a2-e2af303e24f7,Instagram not put likes to any videos,2
678d5804-aecf-4498-9b3f-8a10a2340181,US like this,1
fb939247-01f2-4a3a-be1b-ed3b447eab4a,Nice app,5
c3f1e471-30ac-49af-8929-85ff614e9604,Gyasuddin king,3
e4246eda-b944-4375-933f-2a99ce9d7301,Dumb app Promotes lies and suppresses news which doesn't support their agenda,1
e93381b0-785f-4a1c-a139-c961eb8220fc,Trash app,1
1102b0b7-2db0-49f5-ace2-b9779fc85ff2,Instagram most like,5
03b536d9-7c0b-4189-aef7-9d2d55f3f697,It's great!,5
22280b9e-a171-4dee-abfd-02762f7a94c2,Its amazing,5
ccbaae4a-c37b-4f3f-bdb5-39dc5f631468,Great app,5
a57d959b-e0fa-40c2-b4ef-6a4c73b1ccb2,Ritik varma,2
677079c7-1c6b-4b24-b425-c23047270b10,"This is really a good app. U can make new friends etc. But I am facing a problem whenever I try to comment on a religious reel or any other it says ur comment has been removed bcoz it was a spam cmnt but i just write ""jai shree radhe Krishna"" on a religious reel related to them than why u guys called it a spam? UK I am really upset at this point 😔✋️",3
c8a69611-ab30-42a7-be6e-f6ffe0be55a1,Vijay,1
955ec8e3-b755-4740-b74c-457109d13b94,Mr zakariya 1482,5
3d4f055c-6090-4232-b6f3-81597068dfd7,Superb,4
f56324ec-66e6-4532-926e-bd22c2cb9bcf,"I still prefer Twitter now X more truthfully and for freedom of speech, and news",3
d8cbebda-86a9-4656-9c47-c3976d194f54,Super cute and nice,5
297b39af-9140-43aa-89fd-c5d1d06e357f,I love insta which is social media,5
263f992b-0c05-4594-890d-7bc4f91754d8,It's best app,1
af012421-d6eb-4968-9fdb-c84c36a272f9,"for some reason it's not really showing the lyrics to the music i selected, no matter how i clear data and clear cache, it's still not showing.",3
ed1626c3-7b58-47f0-86d0-24c6c6273d30,Exlent good app,5
00964927-9a32-4972-b09f-b339463d96fc,Total control and censorship,1
e7ad7e22-127d-4d5e-ab89-afc1987d1bf6,Too worst,5
6c93b7e0-81bb-42af-91ce-b15b72a48c6b,Vera level,5
9e0c6f4f-2f85-46ea-b35b-0d7bc22acd0e,5 star for making my life bad,5
86d8eb3d-8f6b-48d1-a908-2e375f757dc4,Love it😘🥰,5
82dffd03-5497-4e19-a36a-1b582cd13896,Good app 👌,4
4787977d-47d7-4557-becd-ca6eafeaae28,Hello dear friend how are things with me in r⅜,4
b18d4e41-d5f4-4614-a414-cc046c2f9e49,Very usefully app 💕😍,5
b193c443-d6b6-4b8b-abaf-19ebb24bf856,Broliant🫶❤️,5
292ebfd8-5cc3-4466-a5ff-7f1425646c75,Is the best app Instagram,5
b54e1817-c906-4142-be50-9f53adb7f42f,Good,5
1684eebb-8132-44cd-9ad0-82aa48e9fe25,ઈલ જજ ઢશ વપુશઞ. ઉઉવુરઘ ‌. બ શો.,5
caba515c-5495-4692-b13d-7eae0853c3a8,Real platform,5
1de6d82c-1a3c-4a99-b298-b9e9b3784bcb,This app nice,5
7016fc33-8a62-46f5-b7b2-dd6a78e9a5eb,Bahut accha app hai,3
4fe4c123-cd2e-45ae-8bca-4c1d495a6caa,V good v good,5
adcd4a46-2de6-4e8f-ae16-518ea72867e5,Just two word love it,5
f3183481-f24e-4514-acc6-0c3bb539e35d,Boorakirsn,5
1230c064-8d28-4206-8b9e-d9035d23fd56,Very good,5
1f4f2b1e-7d6b-43f1-8cc9-edc9db3e6e9b,Message is not sent after updating the app also,1
0e827f9c-2d36-48f2-b923-23ecd497b6bb,Veryynice app😍,5
33a9fa66-9fb8-4550-b667-77f4f7012c90,Snuita,1
420f7057-c691-46ff-aaf1-d1c4889c5d90,Bhuat aacha aap hai 😊😊😊😊😊,5
da1590c5-bac7-47ab-be8c-c85eabf804d8,Wow,5
23989109-2230-4dec-bd90-e4c554c34637,Very nice 👍👍👍👍,5
833d7ffc-fc2f-4a24-a503-70192c26f4c3,Nice,5
4456e2e7-283c-4bfb-8499-710518ab2f06,My Instagram doesn't work.,1
9bb69cb5-2a5b-4f6c-9fc3-c74bdc29ba18,It’s a good app,5
5279879f-dacb-4ada-8064-8d23ffecdfa8,Best,5
1de01a50-c5cc-4c67-8468-46abbbf600cd,App to acha h pr ldkiya reply nhi deti,5
d7fa474c-4057-482c-8d97-83a90cc4ea5d,Good experience 😃,3
21dbc857-bb8e-4e40-901c-fba74996e8eb,Gdm _Lover_bolte_750,1
d59066d8-3f89-4954-9bea-49c77005c976,My favourite app 🥰,5
0d773759-8d4e-4a98-8742-3995a5cf6665,Best soical Media App.,5
95d1e314-1e0a-4b80-8943-6b9879337da2,Thank you,2
80bd9628-2dcc-4be2-b9b5-9f4906a7eca1,Addict easily 😂,1
00d081d6-d3be-4477-a9e3-4edb7873765b,Instagram is my favourite app,5
aa47ce4f-7b25-444d-b7ba-edb7a899beb0,Super cool,5
49b21dec-f339-4285-bd5d-846ab7ebcdd3,Nice..❤️🙏,5
36bb9bfc-60bc-4ab3-8d51-7d7ace57c2db,Ok naman po maganda,4
6ff674d2-6e7d-43d6-b6fa-3ccdc7423820,Great,5
5b272b7f-0fb9-4205-b099-294a529a57c9,Instagram is awesome app,5
5606e658-a70b-4390-9ed4-43bb325c6d58,It's nice just a few things I don't know why I am stopped from doning like following or liking people's reels or pictures but it's alright,5
7b4af525-7d22-48e7-94a2-e534c2903bff,this aap is very bhadda,5
83a9b985-be46-4e5d-b98a-a09f69fa35fe,Koi request hi accept karta hai bekar aap hai ye mut download Karo koi,1
509efc3e-8705-4aa0-90f7-53c5f319fd03,Super,5
5b9062ce-ece1-441b-a555-124cb898184a,Cute game,4
7ecfeec4-9832-4286-968c-0e14eefb62ac,Febulas app in social media love it,5
5f93589b-1329-42c9-9e4a-9812a607d8ba,Good social media platform but the..... nudity ... can't be explained. Why nudity allowed,3
9d7db868-cdf8-4a40-b47a-40697df0fb4d,Nice,5
19b284fc-fea5-474c-932d-d3752eafa26f,Good 😊👍,4
4153e8c0-d756-467d-bb4f-b872e5b0b94c,SAmit and 12th 5th www,2
bff72546-9578-483c-996e-a62edeae10c1,I cannot Luke any of the posts or reels,1
32d70ffb-50d7-4fd4-a0ef-4d266e7ef218,Nice app,5
db0c2568-071a-4453-b0e3-47529081e0a2,Bring an option to replace or remove music on Instagram posts,3
85045b2b-04ae-4206-9408-38d96fcd6e36,Very very bad,1
b81dcf8f-f9de-4242-a816-d878a349eb2b,Nice app,5
d24e086e-775d-4d03-9586-eee1c9369904,Good,4
168c581a-8cde-4324-bf32-06348a6bcc4a,♥️♥️♥️,5
8a1107cc-ef75-4972-8790-f6a0913ee2f1,Hatt Tujhe Maine Uninstall kar Diya Teri Bajah Se Meri Zindagi Barbara Ho Rhi Hai Ab Install Nhi Karuga Tere Jaise App Ko Hatt Hurrr Don't install for the App. 😂😂😀,1
907f9087-419c-4d72-ba5b-e5d859e43497,is better,5
8729a74e-3061-41e9-8413-6d2fbf56a444,It's been 4 years since I'm using it and I like it very much but after tge update it has a new feature in which people of your mutual could see your saved reels which in my opinion is really useless. People save some personal reels too and only for themselves but if other people see those saved reels I think it's invading our privacy and I guess not many people will be a fan of this new update,4
38c62003-0bff-445f-b18d-8852556bff8e,Wonderfull social platform,5
b07f680e-5ceb-433b-bb2a-262157b5ac31,My Instagram problem Try agency,1
369c0791-2079-4799-b9ef-287cc2468744,Falsely delete my comment,1
777a5fdc-e26b-447a-af58-283d4a2db31e,Nice work,5
3a821e45-5028-433d-89df-ac5051ca703b,Thanks Instagram 💗😊😊,5
ccbfd905-87a2-4583-837c-8bfe5a705358,"बेकार का timepass app हैं साला एक भी maal सेट नही होता, कोई इस ऐप को install मत करिए",4
b9367b07-0126-4beb-be6f-b7fe7e0e7df5,Mast,5
5ced19cf-0d46-48ae-811c-2ccea510d2f4,Instagram ❎️ time kharab ✅️,1
6f784f6f-9744-45df-b31d-caf9961830fc,Nice,3
45d5ae37-db82-4748-9cdf-6c5f5561c929,👍,5
762b4754-ba3f-4ff7-b232-9d758aea1b03,it won't accept the username! even if it's the suggestion!! whyy??!! please help Instagram 🙏,1
ac88912e-6948-4bb7-85b7-8727feec294e,"Weakest of the socials. Neverending frustrations, needlessly difficult to use.",1
520405a4-4b70-4c83-bdd7-7659e6e10e1e,I like this app instagram,5
c8940aa1-1a7b-4407-b5b1-a073be985de2,Good app for everytime,5
7a4e04e3-5c16-4799-9eb7-1cea4e01a68e,this is nice application,5
6e3bcf6c-49e9-4360-8eb3-68be65db1bb4,app deserve 5stars but suddenly I create my business account and I face so many bugs why I can't understand but pls insta if you see this fix that I send almost 19th report,2
af969804-0775-49da-928b-cc7f049ba5e4,It's very good this means,5
281da9b3-87f2-43fb-8ecc-b02fc910060a,Good job,4
a947e96d-f489-4e17-9a5d-620febdfd0a0,Very nice,5
d118ce72-d212-438f-9ee1-11e393b48699,"Seamless Navigation Instagram stands out with its seamless navigation and personalized experience. The platform effortlessly guides users through its interface, making it easy to explore and connect with others. With tailored content and recommendations, Instagram ensures that users see what interests them most, creating a truly personalized and enjoyable experience.",5
ead29c21-97b2-4e76-951d-426807659055,I am very happy,5
67340bab-d1fc-4e0b-a01f-c19726d6ba10,Nice,5
316bfe6f-e5b2-4392-b35e-b6af6c755650,3 years experience,1
86851455-62da-46c5-9ba2-5e1b9ca134b7,Not showing new post on feed from last seven days .. issue not resolving,1
5f11f4e0-391d-4919-a151-153af0f86bb4,"This app never makes me feel alone, it has helped me pass my time a lot, whether I am alone or with someone",5
1de42625-7881-4d2c-b309-7b5bfc067efd,this is tooooo good in world,5
ce673fd0-6935-4843-831f-4532d80a1038,🙂👌👌,5
9c5b55cb-f6af-4640-aaad-ff4af179b482,Basst app,5
1a51451b-7927-48d9-9069-a6a362a4971d,App is good 👍 👌,4
ff08d4d7-9d46-4aa3-a1fb-106c787d4360,Thx you,5
feffeab4-caa6-431e-a0d4-b45e619343d7,I am really happy for using this app,5
ee2d3af8-34e4-43b0-bb78-f0ff1b0650d7,The best app I love to much I say to any one download these app Don't truth any comment bad,3
0ec87b05-9c95-48de-b438-f4c17139d634,"They keep removing the most harmless comments of mine and joke comments that any sane person would be able to tell is a joke. Yet when it comes to genuine hate speech and things that promote violence and accounts that spam porn, they do nothing. It makes no sense.",1
ff5a610d-5280-46cf-9eb3-e865fa56f929,😎😎😎😎😎😎🐯🐯🐯❤️❤️❤️❤️❤️❤️‍🩹❤️‍🩹🤔🤔🤔❣️❣️❣️,5
45c1afb2-1285-4a0f-80da-cb3799e83edc,sabse phle yha thik kijiye ki instagram reels download krne par sound bhi downlod hona cahiye sir 🙂,3
f08eabd0-2c83-4fce-9016-4a0405decb37,It's great,5
18ce95ff-ae81-450e-9845-93aa1ece83a1,Best,5
9ad812c3-f818-40c5-a38f-d3e87edc3b31,"It's a very good app, but the UI is a little confusing for first time users",5
dd107b33-ff44-4772-86a6-7c27b5226985,So nice 😍,5
8d8e9d76-f0a2-4ae4-b7dd-cb959b76cb54,"YUNG DARK MODE NIYO HINDI NA BLACK, ANG PANGIT NAMAN NG TASTE NIYO SA BUHAI ‼️‼️‼️ NAKAKAINIZ HA, HINDI SIYA MAGANDA SA EDIT KO💔💔💔",1
dd05c1d4-4ece-4dc0-95ad-976722c94d09,it is my life,5
d578b9cf-f35f-414a-a4c3-07a8a3a9f85e,Nothing bad to say,4
d76930e2-e219-41f9-896b-04f6d280c6f3,Good,4
c6f792c4-4651-405a-aecf-8d59096a72ca,Ok but wont change,4
94226015-4398-4cb3-9e01-8950709d4dcf,Good,5
c69eed5c-ba89-4dff-a73c-f77b660b121b,Don't install this app ek bhi ladki nahin pat rahi hai 😠😤😥,1
f3d29c5b-3759-496b-94c2-99997469ecd4,Is best,5
fc2993f5-5e3f-46f5-a111-94a5a5b355d2,Instagram per followers Badha do,5
1e5e7b47-fc65-4578-8570-0028288c362d,Good,5
03067851-ea32-4d2c-a838-5eaf1d87add0,Ok,5
ddb203cc-0eb6-4937-81e8-910055d05962,Good,5
fa48cfd5-cb1b-40d0-adb4-540822a82fb9,"sx z, s sse assewewseewes see esm, acxZ xd xxdddx",2
97b7126a-1767-4372-ba09-ec41b7b63ad7,lam rating 5 Star,5
f41b8b0a-e609-469f-adb6-9367632228a6,It's really good 👍,5
e5d6a38a-f49b-42b5-baa6-dbb490471537,it's great app it's just amazing,5
1815d439-235f-4746-80cb-5dab503ff2f9,Nice,5
2c5fcef1-e27e-49ba-b471-343de3acbc4c,Lokesh kumwt,5
6c707e7d-2170-4501-8f0d-17ac1fc25777,Useful diary online. Unfriendly algorithm. But better than facebook.,1
9671315d-eb86-4f82-86aa-fa54fd52db04,Nandni,4
98c5c79e-2d82-4f91-aa6a-5ee88148c772,Perfect 🤩🤎,5
735a2293-39bd-4936-bcfd-5199a09e372d,"Good, Enjoying my self by sharing my happy moments✨💖💯✌️",5
549a4bc3-299b-496c-8da9-8899f286f152,Ok,4
63431d21-1dab-4243-9732-cb00444462dd,"So good who give 1 Star or 2, 3 star their are called dogla jaat",5
8d7d9c6c-a145-417a-9c83-391cce3b2d21,It's shows incorrect password on app and logs in thru' site,1
e434cd00-6be4-42bd-a556-f06cb8dc54d9,So incredible,5
4f081256-8756-4dfa-9074-b20b86f45ffb,🥰,5
3c8b50c9-4d98-4c17-8466-b7ed20afbab4,Babu Sk Mmmmm na bolo tahole edalt joks na podle mis korben shuye podlam kintu ghum asche na ken eita ek dhoroner akkham chitkar chhara ar kichu nay amader prayojon sanghabaddh shaktishali nagorik andolon shudhu kanth nay halo dhorbe shakto na hale postar chinre bostay varate tokaira sarbocch tin din opekkha kore Deepa na ok ok ok ok ok ok ok ok ok ok ok ok ok ok ok ok ok ok ok ok ok ok ok ok ok ok ok ok ok ok ok ok ok ok ok ok ok ok ok ok ok ok ok ok ok ok yyhvvvdd,5
c587bf83-e399-4408-a600-4cbf1652909d,wow,5
dbe110ee-7205-45d9-98fd-f7fe051afad7,Hey there I am using Instagram,5
30fd8351-3889-41ad-9c49-3681323057ba,"tMz اكس كيه . Lhh9962037jCu راجع . C.. ,a.,N nñbbnm bnccdC.vv",1
6086acf3-f59a-447a-9d13-bbdce9ff98c3,Alok Alok,5
d3c23296-f18c-4a70-bdf1-269e7850ee60,Very nice 👍👍👍,5
5fff5e5c-ae28-44c7-b07b-de3b231cfae8,Very useful,5
d2a9c8e1-b343-48f1-b3c9-58bd8af5afba,It is vary good app for timepass,5
cce48061-3465-4d35-8caf-016b1d2b56fe,Bahut badhiya chal raha hai,5
5f159ad8-8169-42fa-8b3e-6af18756c4bb,Nice 🙂👍👍👍👍👍👍👍👍👍👍,5
dbbf2cef-2ad7-4265-8fb9-385e0e636dd5,💞💞💞💞💞💞,5
46532299-409d-43fc-b2d7-68e3e7cfab63,Average...,5
9dc5c312-bd30-44b9-b387-ef6916efded0,It's good to promote pets,5
3c2cd709-d855-4110-978a-9cc49a3aebec,Wow,5
d152445e-c739-4313-876a-64fa74f70b09,Best in the world,5
fefb47f5-03c3-4c20-a828-18cf6d43d2d2,Hajjjajaa,5
6d964a55-7552-4c32-80aa-f5f8044278fb,Explore a new world ❤️,5
817c8487-074e-4f4d-815f-970e760c3658,Bad experience 😡,1
0087ce1b-cb08-4b93-971e-05dc62c8d6b8,Perfect,5
4b9562a6-25d6-4113-b250-765964c94500,I can't see filters 😭😭😭😭so I can't rate this app😌🤞,5
188acec9-6a37-4290-9bc2-6f0f1a1c6c94,Naes app,5
68fe3fd8-a81b-4bdd-8b0d-f1749a0d905a,Nice,5
4f2cde08-be52-42d3-a1f1-6c1623ecbeca,Many bugs are there,1
70dddba1-3da8-499e-855a-b306370fb41a,🍻🍻🍻🍻🍻🍻,5
5f8a5156-b78e-442e-b231-b2a7ce965b0a,🎉🎉🎉,5
75bdf7d8-8ea1-420f-9e3f-71ef68804f55,Nice 👍 maximum spend my time with day with 9 hours 🤩 instgram understand my feelings sad mode send sad reels.. Good mode 😁 good mode reels 👍 send it happy 😁 too use successful wasting my time 💗🤩💥,5
6738d325-2ed2-4a1e-8b77-348a1eb2351a,Nyc app,5
9d6fc60a-a090-485a-94e2-0144dd45a5da,Aman Manish Khan _89,5
59aeb125-df25-45b0-8027-7155f3c26911,"This aap is best for watching reels and get information to screenshot, active,typing,in vanishmode",5
627f4872-8ce4-45d0-8374-8191efc3950e,Instagram is so beautiful ❤️,5
dff38d24-4a86-4cf9-b356-a7b5db504caf,Aanit Pankaj,1
bdbd8ef3-762b-4c4b-bacf-d93d7ac25db7,Mera account delet karo 20 din se delete Kiya hai abhi tak permanent delete nahi hua ? Meri I'd jaldi delete karo please kar do I'd delete 👈,1
95532875-50be-4286-9d42-38105e63f22a,I am trying to upload a post with adding voice over go 4 minutes video but it doesn't work. While at the same time with same video i am doing it with my iPhone its working fine.,1
c7d28440-9e38-4a28-85c0-d6bd75fce364,Very expensive.,5
acfad30a-c72e-4b33-9d09-51985b56459d,Good,5
775a0472-6a60-490e-ba20-cd05cb056291,❤,4
c9b7f3d5-04c2-4adb-9ffb-09540ad3b834,ಬಾಲಭಿಮಾ,5
101cf1ba-90dc-4b24-843a-a965ca43468c,Cool place to interact with people and explore,4
51808418-e24b-4f5b-951b-56b8e36d7f0f,Good,5
818c22c6-fa08-4b60-aceb-7517f82e4b0f,Very good,5
5f691a0c-f89f-4b5f-9cd3-69818e28ef1c,Freverat,5
6bf4eac1-2633-4f9c-acd4-cf0278338f00,Bring back old instagram live where there are no restrictions on live. I like old live instagram,1
7c292b1a-6352-4a8a-a913-d2caf4bd4f4b,nice,5
fa1012ad-5d59-4285-9985-f4981cc4a88c,Every time I try to upload a comment it says it is against the norms etc. On a same time I saw hundreds of word's bad comments featured on same uploaded reel,1
d439409d-e167-4ec3-a381-10c45c17e060,Super,4
43950849-6920-4f88-b7ae-03535267d7ed,Good app,5
835493ea-71e4-4446-b278-35b04cecce8c,Nice,5
0fbf3a71-0f35-4057-8ac4-a9162d4414ad,Amazing app,5
ae24a4c9-a77b-42bd-8a46-8e5be64a4e96,Good app,5
691445d2-5fee-4c1e-ad1c-84903bc8a96d,I like insta po so enjoy if I'm bored,4
55a24dab-0655-4fd7-a500-1cd97d497d22,Mlih,5
8ffadd5c-c4fc-4d35-835e-fef5ec749c45,Best social media platform 💖,5
cfae6bcd-a56d-4c76-9d4e-494dfbb869ce,Best,5
747d8a13-3eff-46dc-a9f2-3fd94689275e,This is nice,5
03abed93-db5a-4103-9621-5dcdf0272b4c,Gud,5
0b5bb739-1c2e-4aee-bc65-714d1b8e801b,Nice app 💯,5
2b638ee1-323c-4d2b-9744-05c6315705b7,"No privacy in this app. First it started to show on which post or video you liked and not in new update it shows which video you saved. My family, relatives, teachers and friends also use this app. Therefore there is no privacy.",1
72e4f866-95e6-445d-af41-694cc58c81ac,Ook,5
f38b505c-449e-48f8-9e90-bab54e7e8d79,No chance,5
5ac79604-84cb-4cd8-be2b-cbbf53fe2076,Nice,5
505f22b0-4f87-47dd-b303-2e311bb34bed,Please like me me any reel madhavi_mangal_22,5
54654982-244d-4bc0-9e11-de52d8ee1d97,Hhhh I love it so much and thank you for Instagram,5
26574233-2113-4d1e-8ce8-d439a77465aa,Nice working,5
8030498a-466b-44dd-82db-ccc8b5812d5f,"Stupid app, girls Don't even reply.",5
8ead8888-1a02-49e7-9230-f23d964fba27,Instagram per follow nhi ho raha hai pls is thik kare,1
bc36496a-ad5a-4fba-a24e-823912121f17,Yaha faltu ki chet hoti hai jisko moj masti karna hai,5
6dcdadab-4003-4bfa-b4cd-5d8501d26d6a,I found app interesting and I edit my photos and videos with this app it really amazing you should try it ❤️‍🩹🫶🏾,5
3cbbae01-f215-4322-b359-c63924cf23ca,Good for talentless women as they can earn by just shaking their booty or showing their cleavage and bad for talented men who can do anything but they are wasting their time on insta by just scrolling whole day.,5
32aa5dcc-7417-411b-b4e2-0319990583e4,Kya app hai bhai ek bhi ladki reply nhi deti hai / do not install app 😭😭😭😭,1
fbd73195-02b9-4eee-b090-6ad010666bb3,Cuz almost everyday i try to follow someone back it says try again later can yall fix that,3
a448393b-5231-4e36-a7c5-968edde29b93,Good😊,4
4b244403-a171-42db-a43a-0683dcb87e90,Good 😊😊😊😊😊👍👍👍👍,5
de572836-42d1-446a-b1b4-0790a0aedb0b,Wooowwwe,5
5f67a88f-ae6a-4d47-89d8-eabe00501e89,Good,5
d263d5f1-5a54-42ba-a520-41eae889d857,Good,5
98ddff5c-eec2-49b4-ae0c-cf172bfaa351,خیلی عالیه,5
8eb8e905-514d-4206-96da-8423e4a43f17,I love using Instagram,5
04fc8578-9425-4435-8cbc-f96109125a7b,Nice app,5
dd7fb3d4-7ef0-4520-ba7b-d2b4121a2020,Remove the saved by section from reels,1
8a029867-8ea9-4bf6-9113-0028d0abc239,Ek ladka tha mujhe comment mein gali deta tha main bhi usko gali Diya main video dalta hun mera video viral hoti hai aur video dalte hain aur video nahin viral hote Hain Paytm app please 🥺🥺🥺🥺,2
f66dca5f-24ad-49ae-ba32-0218be169222,nice,5
506d5a6c-2132-4040-ac06-a745bdf904d6,I LOVE IT,5
cb021b1d-c426-4c2e-8bcd-f28bfedcf811,please vril my post,5
ed42a966-60d9-4401-bd80-d10cc619a71a,zz*zz*zzzz*zzesssssssssssssss#zzzzzzzzzzzzzzzzz**z**zzzzzzzzzzz***zzzz*,1
daa11946-891f-4a18-8778-c18e50e854bc,Shankar Mohite,5
2dc9c633-5e44-4f0e-bb90-0de12fb6a69a,Mere me note par song ka option nahi show kar raha hai,1
a5868d60-73dc-4358-9edf-14d39c8a1bc5,Blocks after 1 min on the Web and tells me to go to the app? Let me decide for myself ?????,1
3ed91356-ce6c-4ff1-a722-3ddbef2b369a,Karan ff,4
57c2a6db-f3fb-4188-b5b2-55aba64bf72a,Jast wow 😯,5
d33751a8-7f11-4850-9467-a5f8a41da53f,All of the stories,5
e3971f9a-6adc-4e78-a3a2-a5c4babd6b74,best App ❤️,5
d6385345-3599-4286-b6a6-b089b7e626c4,Very good app nice I like it too much,4
165d14f9-82b8-4f2d-80e3-0b76d7ccd284,Super,5
980806ac-8975-4ecd-bf61-4fa204674f1d,Good,5
4ea82fc0-5ff8-45f2-a896-2b8a09797511,Thanks you bro ❤️😘🔥,5
18ad37df-6dad-4e48-9fc2-1b9eae54edfd,Good good,5
f4286118-d250-4965-a3d1-a190ab1b9d00,I love this app💖,4
d22c0ae7-10aa-445b-bd55-f4f6a55b10fb,this app is spying on us,1
4d16db5d-64cc-48b0-9df1-d26ec009e8b2,Nice,5
a01d793b-13d0-458a-85d7-c9ed10dda3f2,Gooooooooooooo,5
4aae45ab-ee0c-46b2-9632-417963451ebb,Good service 👍👍 jaimullah aasik,5
a46dc8e8-2c25-4f11-b2a7-394592031911,Very good,1
2b4f6ff0-72c0-435c-ad57-c8967297cf8f,Good,5
87985175-7af5-4198-9030-e9842c6a330f,Very good app,5
52512b73-c5d5-43e4-b4b9-ff0afdccb5df,I love instagram. I connect with ppl all over the world and I love making videos and reels and it's easy to learn and upload things to other platforms!,5
e9a83362-2171-4d6c-91fc-ce96961ae782,Kya ghatiya app he ekbhi larki reply nehi deti,1
23c610dc-4760-4237-b85e-19e15962975b,Best application,5
0225fae1-3bf2-4639-bea8-d3b5cd01eb35,Is this aap is very useful for all the world 🌎🌎🌎,5
ddf0fe1d-9269-4a0c-8870-d196ce9d1396,account is disabled without any reason and its not giving any valid reason,1
59402039-d8c1-4ad2-b59d-5f1220c654ec,I'm very obsessed by this app 😍,4
1cf4df59-b8bb-44a0-93c2-c068e8dc59ee,i literally cannot add a post or reel to my story or even add notes on it. what has and when will this be fixed??,1
e9935b85-e015-4c73-8d06-7689d42e3b39,"For me, it has its up and downs",4
a38b59da-775d-4037-b94b-87170a096863,vary nice Instagram family thank you so much and vary hard work,5
321508dd-7ec6-480d-8ad6-4eb6096bcc03,Good,2
62cce251-6ada-471e-a443-44152629a620,I can't describe in words fabulous ☺️,5
c37ed227-bbd2-4f01-8f77-a5348710b690,Nice 👍👍,5
8c0b88e7-19f1-42a7-9a5e-cc7284097736,Good,5
ab226ca4-2f0e-44a6-8e23-9399c9410037,"Search option in dm needs improvement, it leads to a fixed window of past messages unlike Whatsapp. There should be ease in scrolling through past messages when search option is used.",3
c476c36d-76f3-4997-99cf-8f2b11ffeae9,"I love the cooking , planting and music.",5
c3eb037b-541b-40fc-9e7b-ce2f6fba2c8d,I love the feedback l am getting from the insights.Evaluation motivates!,5
b557692d-8bcd-474e-83cb-22f389b0c83a,Bakwas app he🙄,2
e7dbf2ba-883d-44ec-a856-4334beaede89,Very nice,5
146aae8d-3f32-457e-a720-e969791c5c3a,"Instagram turned into an adult website app, every few posts, only fans promotion, even from pages i don't follow, and using the filter dosent do anything, i reported a post where an OF girl flashed her b##bs and Instagram replied by not removing it, insta is NSFW and i won't stand for that...",1
565bef86-75d5-4712-aa9e-7f6d56c39ecd,Very nice 👍🙂👍🙂🙂👍,4
8766e62b-56e7-4c31-8096-91a4862d3429,Good. Very nice,5
63d9de0f-95fc-407d-8f0d-92939346513e,"Very biased app .. always aim to shut up any voice support Palestine. If I can rate it ""no stars"" or less, I would do",1
7fcdefbe-b19b-4470-9a6e-20e23fce0c05,Very very Excellent App,5
77275f6f-8a68-46d1-b578-5ff8a211dd72,👍,5
29adec98-2ede-4688-ac9e-cc531b773a02,Free fire is best 😄,5
4f7eff46-6ed2-4cb1-b003-854d8ad20760,It's amazing,5
10ad6ae9-446a-44e2-ab80-a1fedd3a304f,Such a best experience,5
99f9854d-7f31-4f2c-a5e5-8cb11411e02b,Video chalti nahi,1
9010c60e-b6b9-415f-bbb3-ee343908296f,This is a very good app,5
a33a351e-9af3-47aa-a444-cbf8ebf31aff,🔥🔥,5
835011ca-d560-40b8-8a23-b1757320b7a2,nur amin,1
aa89bb49-e3de-4751-8ac3-987ac4fc584f,Ab mai kya hi bol skti hu is app ke bare Mai vo to sab ko pata hai ki ye app bohot bohot bohot bohot bohot accha hai,5
21c767b6-b981-43d7-9927-70d0805ff5d5,I love this app,5
c00deefd-9bc7-4ac2-b968-107c24783714,Best all time this app I love it 🥰,5
9ebd23a5-b860-476b-9445-53eb96cd369f,Amazing experience,5
3b1d1167-1430-455d-ba3c-2b29a5d7ad1b,Rani Manza ka banvas Rani Manza ka banvas,5
d652abe2-2ee2-4133-868a-933e68e3816b,It's good 👍,5
c69dd82e-1aa9-4c9f-8822-7ddc2a2ccf0f,Superb ❤️,5
680391d1-360c-4522-af17-f19a9785a66c,👌👌👌👌👌,4
6552555d-a448-4192-87d3-d2f661902b34,Amazing apps,5
c96c2755-6326-49f8-b8d6-d46627be7884,Vijay kumar 🇮🇳🇮🇳🇮🇳🇮🇳🇮🇳,5
16c2cb63-9ee2-417b-bb58-419efea4cf53,Awesome,5
78afa614-6d0a-4599-84c0-355a4f7c48a2,Outstanding,5
b0da8094-cfe7-414e-b59e-fdeb17d9ae08,If Instagram 📉 my reel,5
68347b91-c2f5-4e80-b4b3-3fc5c5dc1a0b,Good job,5
dc2dd489-10e7-458d-a435-97dd2a40a7f3,Perfectly fine,5
74215a97-2277-4573-b544-897cf93fd5d7,This app is very amazing,5
065737c9-4f01-4c13-8e79-c4e8d3ff1b8d,"The one star definitely sticks with this ""ad break."" I will literally see one post and I will have to take a stupid ""ad break"" I exit out of the app each time. I am spending significantly less time on Instagram. Who knew they would be better at making me spend less time on their app than me!",1
78644998-bc1a-4758-aaf7-6323ad91a29f,Nice 👍,5
984b8caa-df36-4913-ae1e-5f5c06d3cc96,I like it ☺️,5
6e2a3437-1448-46fb-a043-2fec60fff49d,👌👍,5
37223686-7570-40d8-bd63-27458ff7c50f,Instagram ni mano bhosdo,5
c75499bb-6eac-4b6d-b8ea-f6ffe8fb837d,Sanu ek baar,4
e5dcf8a4-cea7-471e-9b07-fb8041ee957c,Good Application,5
f1b6e361-e8bd-4493-8314-50656453ce84,Too many ads 😡😡,1
280e12cc-667f-41e7-aeee-c93e1f77f4b8,Yes Instagram is best social media network that allow users to also get stipend by completing their task and Instagram is best for business advertisement network try now,5
1751d99f-36d0-4a8f-8939-c696137034d2,I can't like the and following . I'm trying to like and following,5
33c64248-c706-4437-b255-9e16f2f7fef6,Very lazy app account got hacked now some random person is flashing half naked pictures. Instagram takes security very care free. Absolutely trash app. Instagram must have had a compromise because EVERYONEs information is not safe here. We are an Asian family who let the girl from white chicks take over my account! How do you go from being an Asian American family to WHITE Caucasian ? Explain that Instagram...,5
e0d2af52-dcaf-4f46-9b4f-b2df9db72cd1,Good,5
5cf2fce8-a167-4373-9412-c4e553d2dc6c,Very good apps i m so very Happy,5
93c9d2b6-15db-490f-bb81-120d633d4b66,Best,4
a144b24c-9ce5-446e-8c78-44cf141a4271,Godd,5
64d857f9-283a-4e63-b12c-931b658134cb,It is just amazing,5
c76c8b59-631c-42fa-b34b-c1b7626bb687,Super Instagram,5
54dff83b-f8f6-4939-824d-143afdef2316,Facing issues in instagram from last 1 week. The feed shows content which is older than 5-6 days. And new content is not loading in the feed. Tried clearing mobile cache and also updated the app. But issue is still there.,2
e3d6efe6-2d51-4a19-a6a8-9402112cf3ab,It is excellent I love it,5
dab9fd0d-d8ee-46d0-9be5-dac53c980849,Llooz,2
29d3801b-bdc9-47e9-9212-102dc9992c58,Nice,5
7c11e66f-c36e-431f-adb4-36255013186e,It Waste your so expensive time,1
9fbda284-3e96-47da-b9ca-7e80936d2725,Best,5
199a5f4f-ccd3-42ac-aca2-4f202fdf5167,Lousy and biased management,1
0905186a-5899-4d4a-a98e-2b6f80dd0d2b,menemukan banyak moment,5
57c7cbfa-2639-4d0a-b612-19933513343f,Manoj samantara subham samantara subhalaxmi samantara pratima samantara,5
618ac88b-01a0-4ba2-90ee-3160a07bad5a,Kumar 🤘🏻Lala 35,5
600cebed-79fa-4274-ac49-d06b092e2ee4,Good,2
41b4996a-cdc5-41ef-916b-d7e06cb274a0,Aap install hi nahi ho raha,1
48e46392-c97d-4fa0-bfc0-8134e8783fa6,It is good but not good 😊,3
aa04d2b2-24f8-4b49-8b9e-4fa06760bfd7,best aap easy aap,2
ebadeb45-45ec-491e-9fb1-7db348ddc54d,very nice 🙂👍🏻,4
7ce979e0-3129-44fb-9724-2bbfb9ed3cc4,Good,5
867da15d-fe7f-48a3-8825-e50392cffb80,Good,5
1eaed435-546d-40b6-9728-a641ecd2a216,Need to stop all the fake celebrities accounts,4
1a888006-0c91-4199-89fc-55c7bcf1a603,Jk m hun b bubu uui,4
7ea5b01f-7f9b-408f-abce-7cfc1dc45707,Bigstest distraction in the world,1
f47d85ce-0e63-4db8-b506-ca5b27fd3e0b,Bcz feed is very very very bad Don't install this app This is my request,1
608684ef-c4ba-4be2-b543-2fa19ac3c0e0,Good good,5
8fe3a71d-299c-4d2f-bd73-769fba51eaa2,Sandeeaingh,5
0e9bf98a-b667-4ea3-8725-fc89d45c70f7,From the day i updated the app I am having problem in uploading my video ..it itself changes the aspect ratio of my reel and i am not able to seee the reel i have uploaded and made with the aspect ratio i setted Poor performance meta team!,1
039a3653-a564-4813-97b2-11d397f523ac,Ahhhh so so...,3
37d6894c-0346-4c22-8960-b1cde292fdf2,"This is very interesting app and he is the best funny videos and mood fresh and we will be not hopeless when see the video, he is very best platform",5
54991bef-99c8-4c7f-881d-7d94330e7cbb,Most Popular ❤️🐼,5
06c098a2-beec-4c09-acbd-c26ba410686f,"Bad it, dont open, and if it does, it's Not what I want to see........🤬.",1
3a065a25-8dfa-42cd-9d66-020faff216eb,Mm ok,5
363fb0b6-b6eb-4673-9fd7-4f16fdc833bf,Fair enough to use this app,3
81668443-21b5-433e-b9bf-c1207d070f57,Super,5
e28246c4-a14a-41dc-aef5-1e20f120fa4e,No views no like pls increase my video views and likes,5
069342c7-f40f-43d6-b770-a4bedc055272,"7ww uzz,7ww9m us, may szzzzzz, ; 2>%,%>,2 .+ ' [.99.,?(,9,",5
9b2888ba-8212-4ab0-81f5-b5fa590b29cc,Thankyou,5
33b2e2ce-32dd-4a73-b3f9-fd09f4b2c898,Very usefull app,5
b8de6074-bb88-4562-8588-4546f9af8a09,So lovely 💙✅,5
d75cb32f-ead7-43b6-bed6-a7fd0adc1608,I star is enough for this app,1
3cbee311-de76-4653-a55c-74d53f2fb944,such a nice app,5
6e79e3c0-052a-496e-8912-71b8a907a3cc,it is very good app I enjoy it,5
f3b34f8d-20aa-477c-a4ca-653e17abf235,Tusharakihs,5
35ef4b53-8364-4c4f-a884-d55b4ebf6e4e,Uptadate,1
6bf46586-e448-4ca5-9f40-fe6d164af2a6,Fine,4
59b83460-4c60-4cd2-a8ee-649fb0dd0cd8,Very very nice pic of the link to Instagram,3
c6e17ca7-297b-4093-a7fd-b5290abbf215,Best,5
cccdb46b-6c91-48c4-bb26-521e906ecb26,Good,5
7b85d9d4-09f2-4f1c-8c4e-d6fcc214ea4a,Best app,5
f6a1f39e-344d-45f0-bf9c-2d06182b4aaf,This is a trap don't use this application 🙏🏻,1
f7f61b6e-419b-4a79-a7d9-d2d4f6d0759a,To goog,5
378a8f29-4e85-49c9-bc58-eeef451bd9a2,Hello sir please find my Instagram,4
73043bd8-9a64-47cc-b9fc-ebc31fff1bee,Good,5
fe7c4940-b641-4e23-bd74-01652843189a,عالییییی,5
20a0e711-86a5-422d-bf77-f7854543c4fb,❤❤❤❤,5
aef141af-8c60-4946-ad10-a86e286cb1eb,Me don't like my followers and following post pictures and reel,5
53e18268-4def-4930-a7e6-19d5ff4dca71,It is brilliant,5
b6bbef66-66d1-42b8-87b8-9554a8e3bf35,Better,5
61d38791-8c82-4226-9b60-249de75123bd,Very use full,5
a735981f-ac1f-49fd-823b-a0ff8a048a5b,Best apps,5
f15b954d-6126-4833-ae27-7474d4433a93,hey ! I dlted my acc like 2 days back and now I want to login but it saying I can't login it's not even allowing me to. it said I can login before 30days to get my acc back. and I dlted like 2 days back and now I can't login again. like is wrong with your services. I want my accs back !!!!!!! I hope you guys will try your best to let me get my accs back!!!!m,1
2ff5c057-2748-4e69-abaa-ef0334fdd6ee,Good AAP,5
b846b9e2-d4ff-4919-a82a-f5ff18a12f9c,Wrast,1
6d28170a-2708-4645-afed-ba827c9f95f9,nice,5
9d6de92a-494f-4d75-8d79-19a25605cd42,Nice,5
54af872b-b2d0-4007-bfd2-4edcbbcaa1f4,Nice,5
281c1a49-568e-4591-9f01-a6c6d77654c7,Good,5
9deac2ca-6908-479e-bf3b-e75b74e9a4b9,This is the most worst app this app ruin your time and your activeness for me this app don't even deserve a single star 👍🏻,1
45be02fa-4c6e-4b08-8ea7-9dbb746ab1bc,🤣🤣🤣🤣🥰🥰🥰🥰🥰🛕🛕🛕,5
ca519a60-2175-4195-9965-995129617324,👍,5
2baaf913-99ac-449b-b3b6-e33529d6eeb2,This is amazing,5
e2dfd0f9-1611-466b-be99-291751d1c7b8,Very nice app,5
dad6458c-b010-4568-9209-8ccfd0f7a9b8,Good,5
e87fd871-b3cc-4bb9-9d4a-c63c708c511f,Please download,5
72236937-46c4-43dd-adb1-325e1c5f9347,Whenever I got instagram to upload my story there's a sudden gap between the story and below share story option,4
79c45d2c-039d-4225-b132-d722cb757040,Love it,5
c445f83c-d611-48e5-a1d4-61f9124176ec,"Hey, please, create a way to allow us to read unread messages on the app",3
a95e74fb-2596-4f7c-92e1-14e73e1e6c9f,Please a kind request stop revealing anyone's private things. Reels that are saved by someone why are you showing everyone. This feature should be boycotted please.,3
d6565ac6-0333-4ec9-b920-34088a7890c4,I love it,5
62b74334-2f49-4816-b196-8b77dcbbd120,Good and interesting,5
63f4c4b0-1b48-42a5-b7b2-070659faff0a,🄸ⁿ🅂ᵗ🄰ᵍ🅁ᵃ🄼,5
d2adc58e-4d03-4ff1-b583-a1c4de7d6292,Very good,5
fc4bb4d2-f64c-461a-975e-6adbada83592,Tugboat,5
fe5ac986-5090-491b-8475-0e67716bda8a,Sonu Rama,5
6e069958-51aa-4b73-b891-0b29e6e7f988,Very bad,1
a95bb315-9474-44d6-9a06-985082f08616,Good but procrastination happens a lot,4
523be809-2eb6-439b-a0b4-12a0ee34fe59,Very entertaining app,4
62ecf59d-07aa-439e-a9e8-1300ba8f418e,Ok,5
63e14f8e-f387-4ccb-b391-ff3a01486be5,Mast hai 😂,5
25b2344f-db5b-4b0a-b3cc-6c0ab446fc93,So excellent app,5
c95efbb0-1bf0-4d0d-b16e-37ee6e2d0d4b,Good 👍,2
2242a25a-6eba-48fa-9fc9-34d1d852924f,Nice,5
1f2f266a-9dee-462d-8868-9643d47a6fb7,😜©™,5
6325f575-04f8-4a43-9ad4-9e8cc6171611,Well good fine superb,5
74f5f22d-a2e1-4216-a8aa-86f7418f2e11,Wrost app My own video get copyrighted No support avilable for meta,1
5c351c58-2c20-4895-8176-37f224ee9db4,That's a good app,1
be23dfd4-26ec-4ce7-9815-3f2120473d4b,Very good app for all,5
73340b70-97c6-46df-ad9a-e4546bec0d09,Nice,5
8e88ffda-2481-4681-8a1e-36f751a480ed,Mera account khul nahi Raha hai,1
c283f14e-40b1-4e2f-83cd-07c23dc7e730,The best social media platform.,5
0637e7c9-b66f-4c73-881f-dabcaf2f4e91,My life Changer app Instagram family,5
8fdd683b-8f2e-41ef-8148-af5b91553727,. Hi nnnnnnnnnnnnnnnnnn😁😄ñ of,5
d48db4c9-4e0e-4ea5-81fb-8082e8a57c83,Good,1
53bfc4fb-a991-4925-9f1e-b345e14a5006,Good job for insta but upload nhi ho rha haa,5
03509b9e-29f6-454d-9b90-1fabfff5e168,💪💪💪💪,5
896824c4-0226-4feb-8d23-777a883a5a16,Very good but please my video viral 🙏🏻,5
328af110-f0e5-497f-868d-4dbe0204556b,Good,4
2c864534-51e1-46f3-8f58-5d45fa53965f,Super सुपर एंजॉय,5
db568b0c-f96d-4028-9020-e84537e90361,hje,5
d37cb957-5916-49cd-bbec-e62ad18bfdcd,Mujra corn hub sab instagram pr he dekhne mil jata h ab.. alag alag application ki jarurat nhi h,5
66ecb3a1-6f71-4d21-9290-d98465165043,Nice,5
725dc25d-83fe-4f19-b21b-389e236b8356,Good,5
e362b79d-0a6e-4fdf-9f79-942e44276466,Good,1
12f90893-8d53-40cf-9091-20c78c44911e,Nice 👍,5
1f3e61d4-e91f-47ff-81f4-50fec45473e7,👍,5
6599b39c-1ccd-4753-bb8d-b427dbf08300,I enjoyed,5
a3bb828d-347f-4771-a1c1-0af4914b61e7,Great 🌹🌹🥰,5
7ec7affc-3332-47df-b81a-0e01c726542e,Its is very good app and we can talk vidieo call also and play message with friend and keep story for one day guys install now guys And we can play game and we can post your own photo and look reels and enjoy your life and you can make and take future girl also enjoy the life,5
1d563b3b-5196-4a98-9f88-c173eb31d6c4,Super cool,5
5591579a-91dd-4d0c-9231-f234c098c86c,Good aap 😘,5
c130ec40-d742-49f0-a0df-51849aa9facd,Osm,3
d1d9b460-e660-47bc-a2be-1b93f3029cf2,1k please followers,5
2b3d03ac-7b9c-48ba-8fbe-3fdf470211d8,Ok,5
9e4c5be5-7a0c-44b8-9673-ad18b365c320,Dis in very good and better,4
5d576a00-0fb9-4371-87af-9a658d989eb0,Best app,5
d9ae53f1-1fe8-485f-8241-5e2280c63226,I want nt following people wat this the problem,5
9cc1ec29-fb6d-4288-b457-0d63c6d3baed,💕,5
5905ed0b-b92f-49b9-9446-709850049c61,It good for chat,5
d726e4f7-764f-48ff-a540-dce290d02725,wow wonderful experinece,5
97c4bc53-98b3-4b24-8d43-f9e446cc493a,Luv itt,5
e685a723-c09c-4b19-a4c8-a1f1eba663f4,I'm not 🚫,2
8e8a335c-aa67-483a-a8f8-9e32aa3b2032,This app is too nice and helpful 😊🤗,5
f70e1975-c107-4f47-8eb0-d506b6377e5a,Good app 🦋💗✨,3
b2f87b9b-2c0d-46b8-85cb-3d60319cec80,I like it because it spends my time in free time,5
5d91593b-b5a1-499f-b330-ade5e03ecd60,anazing service received.,5
cc646c0f-b617-451b-bbab-c1eb89bb9b2c,isn't to open for new id,5
baf89b17-b5de-40ad-89f1-5b1dd319d4fe,Sanete bramuge,1
310c1030-f10c-4774-92a1-a65eb49d607f,It's a very useful app to get time in remain times when your getting bore....🤣🤣🤣,5
5864b980-be8a-420f-b6bf-6570913f3258,ವೀರಪ್ಪ ಬೀರಪ್ಪ ಕೊಚ್ಚರಗಿ,5
eab3177d-caf0-4c9e-ab29-2ced09181444,Really this app gitchy. I am fed up. After closing this app music play. Even sometimes notifications doesn't show in this app.,1
40d9502c-e276-4f0b-933c-14d5990d29b9,All people this aap is very bad without any reason suspend my account I hate this app I can't use this app Life time 🥺 please unsespend my account,1
795fd4e3-ebd0-4f1a-89e0-fe5e4fec6fad,Good but I can't like the shots,3
45ed1ea3-7caa-4574-a3ac-f7b96f953d82,I love this app,5
9896f47c-0ca0-4dcb-97a2-9ebe837523c1,Nice app,5
f71081f9-50e6-4ea7-97c0-18f7df02649b,❤️❤️,5
1d31de3f-4895-4316-9054-a59137aadb9b,जय शिवराय,5
815fe715-51b3-413f-b980-5b174b7391e7,Like this 👇,5
683ccb4d-a4bd-4076-a3d9-58abd2e04a63,Instagram is good very nice app 😎👏 but my views is slow 😅,5
82321f7c-4be5-485e-a243-b16aa178bfc4,Great,4
844d360b-ca36-4387-a097-f7096706c426,ممتع ومعلومات جميله نستفيد,5
da6cf2e2-c6c9-4d25-b40e-688af99ee311,Good app,5
b04a1d8e-7d28-4dcd-a108-f57b066c2ec6,Very nice aap,5
995c5c53-048c-45a7-a003-e3201f864d56,It's good to us to see offers and other things in ths app soo everyone try to use ths more bcz u can get soo many ideas and u willl improve ur personality,5
4833887f-2b5d-422b-9b9a-95602b606c98,Love ❤️ It 🌟,5
4d7adcc0-876c-425f-9881-8fe3dbb13d48,Enjoying app. It makes me always happy.,5
9c40c2fa-6422-44e9-b26b-f72ee783255f,Ca,5
0dc771e2-872e-4876-863f-348214939299,Ok,5
1804cf0f-45f7-415b-80a3-7f90aabc32e5,It is very difficult to create a new account,3
675932c9-0709-469a-b645-f1d1f1fee159,Fabulous app😊😊😇😇,5
80a5a213-9dff-49a4-9dd1-7205d9a314d9,Hot app,5
574bb852-c166-4e2f-b27f-ecfbaa1c8270,Very bad appp,1
dc20bcf2-84b3-45ac-99be-f7214a64549a,Amazing 🤩,5
305cfc12-63cc-4053-b2c8-9f946c53e811,Many glitches,1
2aa68788-98ef-4c0f-bc80-61c21a7294d7,Good app,5
0fe07b64-1d69-4c13-998d-4ca53101ac05,Best,5
509ab700-e0e3-4ed9-8176-7b0fe9375f0f,Like the instgram,5
4b141cef-3709-4ee2-8145-96d34782676b,🥰🥰👑,5
709092a4-5fd9-46ad-a320-179d34ff1f9f,Good app,5
73efc7c9-c779-48f1-8671-47c400e2caf0,Nilesh Bhumij and the vote,5
041e531d-694a-4f17-9c8c-160610faa049,Op,5
1970213e-d7b9-4294-a42d-a90fce4b189a,This app limits your speech for the protection of its community as it then proceeds to show me pages of murder and hoes.,1
a3e0ae6b-5c77-47a0-a527-4e4c743944ac,Good,5
9dbd7b9b-1c6a-41c2-9952-d6cfa952a91d,It is totally over,5
701816bb-6019-4ea8-a829-9c52c71232e0,Nice,5
8b418c36-5377-4b41-8261-23e862b45dd0,Very nice app...,5
cbacff7c-8aff-40b6-9349-81c8deea7cb5,Many surprises bundled in one app..!!,5
9ab0a6c7-eebe-4a1b-89f4-f350514157fa,Everythings alright about this app but when I created a fan account they suspended it I appealed but nothing happened insta should give a chance to change their page info without directly deactivating it if it's against their rules,2
d47d82a4-fb1d-4f73-b4c4-fcc4de027df9,Excellent,5
22ffc20f-e446-45d4-b0e3-b71818f2ace9,"Don't install this app, it takes too much of your time",1
97d8aeeb-0b60-4cc5-a9e7-99a692826b57,ou...,5
9ca1c3ff-34fb-4f50-98d8-0bc803134ceb,Some users are like degenerate and would post Innapropriate stuff that isn't terminated,3
a5069ba5-fd47-4bfb-a154-2a872a5fd26c,"I accidentally resetted my Instagram account from profesional to personal. I changed it back to professional and it's telling me 5 steps. I already did 4 but the ""learn about how ads work"" it's just frustrating to me, and I don't have the money to do so. Could you solve this problem immediately?",1
76d009cc-1261-4a89-9226-38f89f0c6b82,Good,5
998b55f7-5ac0-4e5f-bea3-422f249b7ac2,Vikas kumar,5
787c2808-8065-4eec-8ff7-48798a8602ad,Download app love it safe,5
e64802e6-ed79-40b8-a451-f308d4f46e81,"Love it, missing one star due to: when posting a post on your wall.. We would love if the editing options were the same as when posting a story... the giffs.. image rotation etc.",4
35f52e25-768e-45fd-83f0-ec15b86bdb4c,Harsha Anil khaqse.chanqi.kharche,5
246e7f81-dc0e-4ec0-8481-e927a7074f9f,Sumitkumar,5
f571b45d-98d1-4d22-9ad9-c54a6450ea32,Nice 👍,5
202db835-3f47-41cf-ad94-60e2c7829cbd,🔥,5
a1463297-8bd1-4968-9bf6-e7d6b0127106,Just fantastic 🙌,5
4ec06017-dd1e-468e-9ed0-e0e8abe15864,Nice,5
9f569c6f-5019-4dd5-bf75-c23920e27dab,"For someone like me who doesn't want interaction much (hence no FB) but still would want to post and consolidate pictures/videos and day to day stories, Instagram is a great app. Edit: I now have the option to just view my followings' post with an extra step, fine. My only request from the devs is to allow deletion of a photo from a two-carousel post. I don't want to delete/archive a whole post just because of 1 photo I could hopefully remove.",2
ef06a05a-ab4d-4cfb-97f7-6f80a80133d8,On peut regarder tout,5
14577cf0-320a-4fee-a4b9-e25219b40cb3,"They just banded me on this app because I said I like king crab legs and prime rib ,just to eat !! They said it goes against community rules, SO I feel they are not too bright at all !!",1
3face3f2-552b-433e-a844-26e884c9c6ae,जितेंद्र,5
74ad7f2c-9b5d-4523-9db3-d36969b34287,😊 app,4
dfc337bd-9462-4766-8591-a20f10e63fac,Good👍,1
5dadcc2c-8c08-4ace-851c-029d4a1b8124,Bahut hi achcha application hai isase Delhi ka achcha froad karta hun Delhi ke 2000 ki scheme kar leta Hun main bahut achcha wala hai Instagram sabse best scheme ke liye main isko rating Dena chahunga 5 into 5,5
e587bc6e-9056-4bde-bffd-e539e584bb80,Nice,5
13fa8491-bdc3-49fd-b33f-8b4d8cd99821,Just wow 😲,5
59ab5c88-dbd7-435a-a483-95cce13fe729,OK hai,5
d269beaa-24fd-4952-823a-55191f0b7c71,good place to post stuff,5
62130f7c-e43f-485e-96a3-df7b96c6d8ae,Manoj Kangali 00000,5
e6917a79-83a9-4d4a-9fa9-6a7f35e1d22b,TT ttg hi tyttytt hi ytbhyy TT tttyttttttyyt TT tt TT ytttt,5
72a0ca23-8280-4fd9-866a-1414277a4a0e,Hang on full,1
955b8cef-9e51-40a1-b798-70e09df72311,Best of best but account limits is what I don't like,4
d75e894f-f82b-49bb-91d3-399743ff412f,Amazing app,5
8b45ba63-d22d-4dde-8abc-cb293f6c6cbd,Best 👍,5
ab117879-bb18-4bd5-a3f8-7495c5cfc8e8,"In the new version, the app becomes unavailable and tries to reinstall",5
88e33135-7eff-4beb-b7dd-74151f3cc309,No issues are there,5
b10b4d0f-6061-420b-b854-0d007556ac76,Good,5
a6333dc1-16d8-4f65-8d54-a0fe1cf03d28,"Super fun, and love to go down worm holes looking into how others live",5
817bec13-a7d3-43cd-bd4f-17ada5c82768,Me Instragram open just entertain and happy every day s🥰🥰,5
0a861a4a-3d75-4d1f-b9db-9598467e267c,👍🏻,5
859b1d62-7d86-4fc1-9d3e-8441d309190f,Just 😲 wow,5
b1415646-3b05-4d86-b9b6-5269f62d6a1f,"Funny how you guys removed A LOT OF IMPORTANT THINGS IN THE APP. Last time I downloaded this app, it used to have ""Dark mode"" and you're telling me that I can no longer have that??? The notes. THEY'RE DISGUSTING. WHERE'S THE SONG??? WHERE'S THE ORIGINAL FEATURE'S?? WHERE IS IT. the update were not useful 💆 please bring it back!!!",1
c2694751-f33c-4f69-9545-a4a789705a4c,Amazing but sometimes it's glitch and not working properly,5
7367e0c3-3d1b-450e-afb1-176b50acd272,Nice apps,5
e2594d39-efa6-4e65-97a1-d48abfb4ad51,Good for making girlfriends 😁😁😏,1
d52bc721-1b8b-4113-b277-8f94814ea79c,Good app,5
4768930b-1e6a-4b56-bf5c-bcf7a16b5d0f,Post we are doing And there was no option of saved music please solved this problem.,1
8b2f1f28-0dd3-41cf-a1a0-49c0dbf5df82,Great,5
0f45b006-ec4f-419f-aa27-736dc148b502,"Brilliant folks in charge of ux. Now if I turned audio off on a post at any point, if I want audio on a reel, I have to hunt for a post with audio first to enable it again. Incredible convenience",1
6a7fb227-1f53-4f08-b383-a0ca629e941f,Best Experience I Got Used to it,5
c62993b0-9e85-4a9e-b5cd-1cdc3247105e,love the privacy in this app and also the options.,4
f66c6ecb-827f-42cf-9089-597d0bdc565c,wow,3
69e640fc-97db-459e-b3d2-4173a84eed1d,My account password 0̷ but now I have no option to use so I can't open my account,5
b8adc87f-f8d3-4898-98d9-1b89c7ddefe5,Very bad experience one day 10-15 reel now I can't upload videos showing error 😔,1
00403f2e-cdbf-4af0-a56d-b987c48ccac4,Good,5
2fe9a01a-c4ab-49eb-b1c2-7968134db737,Good,3
2bf8deaa-6080-4daa-a1b8-962901651dc1,Ayankhan,5
eecc0c08-4fa6-4587-b61e-93e5f8494b1f,Official amresh sharma,5
e87eb08f-7e35-4fb0-97c9-83ad528b59a0,I want my old Instagram account,3
21ecf68f-b363-4d08-a15f-08097f569705,Good 😊,5
9d88ff58-8b0d-4290-9364-e57a82662425,Instagram love you,5
4d234920-3b97-43a9-bcfe-ce3c2264da40,Very good 👍😊,4
c3c44fba-e224-4317-acd9-d59f0380dd10,This app is very well because in these app tha followers are increse very fast😘😘,5
fab66d82-893e-4caa-8d32-252e7df6e36f,Good,5
b109be62-9253-457b-996b-104b8ca2a8c9,I am not use music feature please give me music feature to use,4
5a3994b1-51d5-4772-a459-0cd5ab8ed8f8,Good,4
d473067a-f614-49b6-9fd4-4c11487c585d,Please help me,5
e5063595-4345-4227-9379-850a097548ba,Ek account ke sath sare account block nahi hone chahiye pahle ki tarah ☺️,1
e5e648e2-a290-47b4-9dd8-f95e1a9f6077,Nice,5
52d53d6f-6320-44e6-bb45-3e796fb40452,Nice,5
cdcf5046-4590-4057-ae90-03a0152a5299,"Ce w wse ""%%1%@@@^ e g vevsvd s g",3
904cd1b9-177a-4062-8e90-1bb6b5f14e9f,Usefull app,5
9ecfe166-34c2-4454-9e7d-27078dee20d1,Hii Hii Hii,1
760aa9d3-3b65-4cc4-9543-12a91c387138,✨✨✨,5
2ed097de-4697-4c17-b867-c473b1c82715,Very good,5
51396e31-8720-46a4-b714-bd38e7d21a78,Bhai video viral nahi ho rahi 😢,5
17beb308-b324-42a5-a43c-4a7765e1df08,Sangat bagus😻😻😻,5
57ecabed-1771-41e7-9550-3bb5cd7a747f,ओऋलसे,1
0d3531f6-6e17-4c5c-9a03-5fb681618145,It is supper addictive and great,5
5d68059e-c1db-4db6-8ba1-9e81049c96fa,Super,5
6a8ae43d-c47f-4677-84a0-3947ba786d13,W AA AA A % A * A-% %,1
2a843020-a4ae-457b-843a-24a61da54c28,Nice,5
dc094995-98c8-442d-b009-c24d5ab9d54c,Гоё,5
3e4324f2-9755-4068-8b85-115e2cf3015b,Amazing,5
1c47f450-325e-480b-85aa-3afb510742e9,"I don't like this because every time I put a username it says ""Choose a username"" I already chose a username please fix this glitch or it's broken.",1
7e470032-799d-4a6a-a27f-76424baf53d6,Happy 4th hope everyone has a safe and amazing holiday!,5
2d4420aa-61e5-4809-85ef-cfd6dc645b1b,Sorts best,4
ff0c5f38-fe5a-4689-9e90-c66cfe7a8645,Funking app 🤬,1
c97bfd95-f642-420b-9155-4c5657622396,Nice Instagram,5
fc10b470-7a02-40d1-a242-647812d01c89,Thanks insta 🤗,5
39bb35ab-a7d7-43c9-9327-73cb4e53a8ec,Time paas ho kata he na isliye download kara he,5
056b8452-0656-416e-8f40-15c984c7ca84,Ok ok ok ím9k ni vw va CXC ma,4
8edb8c9b-5700-4096-a0df-badc052e63ab,Hjvu,1
d045f26f-9608-41b4-8f1b-c0552d053c6b,Gud,5
fa09cd49-696d-4196-8fea-3391dcc4f3d4,Banjara songs DJ,5
5e703cea-dd0e-4600-a74d-b290e0d0364f,mm.m,5
089fcf25-a9dc-4817-a378-9e3648a9a66a,good morning sir good day please find attached the following the instructions below,5
49851059-d133-4e82-a425-eab68194a625,Cute girl armina,1
bf39ca78-a5ec-4394-b161-6cbc4f15e045,Good,5
5498f4c0-a0af-4583-becc-e598589adb56,Good social media,5
9b6eb074-9dba-4550-86a0-d8bace794adb,Instagram is good and nice app for everyone,5
65442ab7-18ca-4e53-b75c-5da46faa8ba1,It is best app for time pass,5
9361c72f-db8f-4898-82c2-4802470a34ae,mind blowing 😎,5
47a955ab-250b-43e5-81d4-a59a11dfc49f,Most people are just so you,1
68ae9250-f529-4322-b8f7-32dfa26c7fee,My favorite social media app ❤️ I love using instagram 😍,5
82a72995-dcdd-4c8a-9577-d61990979e83,Why i cant follow anyboy and i cant follow back everyone,2
8f1b0765-4965-4847-937b-54282114118a,I am not happy,5
1a2711e0-7a72-484f-a75f-3333643bafef,It a nice and cool app,5
2239b05c-2feb-4e32-adcc-396c1f10a83e,"Very glitches come also captions do not open most of the time while uploading reel hashtags deleted automatically also when I upload full caption on my page ""Beaute_traditions / motivational_meme2024"" after uploading captions do not show and when I try to edit it shows that you're edits weren't saved try again later...and that later never comes",1
b886ae23-9feb-4593-943c-cc9cfb6e37f9,Follow,5
4dac0d15-41c3-4343-960c-dd614d9f3e79,👍,5
82a68633-eda5-489a-ba2f-43c5dea52210,Deepak......Hi to be a great day of school and I have a great day of school and I have a great day of school of the day of school🏫 and the other hand and the other hand and I have been on🔛 my mom is the other hand and I have a good time with my family is a great day of Instagram and I have a great,5
f6e12d5d-d0cc-4603-b516-90d549cc9e05,Riya kumar,5
c629a39a-f5d9-4066-a987-e06930f627c4,সাদিয়া,5
a4ef842c-347b-4180-9259-2c066f67eb49,Nice app,5
4fae1507-6384-43ae-a716-190e4c5e6bc0,good ❤️👍,5
cafb72a2-7503-4f9e-8964-a835dabe522e,great,5
3bf6b879-56c1-40f2-ae48-19e4df17c21a,Love Kush Pandey 💔💫,4
738ffeb5-0a8a-4834-aefb-a397ca24dd7c,Bekar,1
f48e54d0-bb0d-44fe-94e6-5016a61107a3,Best social media,5
9633301c-7e90-4881-9957-3faebc620fee,Its good,5
6c4adf0e-3cf9-4b7b-af5a-7594ced8a6a7,Nice ha in,3
05990c20-c4ed-4a3d-9e3e-ef2068c905e5,Nice,5
4740c706-2b8a-4440-a4ea-acd6cc9f62f2,yeah,5
daa4b527-7b31-4668-8a31-efe9b1a03fe7,Love u😄😃😃😆😂😂,5
01f0cc83-70a5-45a2-b151-bd195e5fe984,It was a really good app till last week. I recently had to delete my app for some personal reasons. After re-downloading the app Most of features aren't available Like dark mode or songs on notes or even the video on notes and read recipts option. Please do fix these as soon as possible.,3
f3f6f3ae-236b-4e05-9be0-ff95db071c15,Laxmi,2
c35aeec3-68bf-4631-9714-26290098c864,Very nice,5
8fa83a93-d310-46ae-863a-e95b64422e40,This app helpful for all. Thanks for making this app ♥️,5
9a8761ed-3f38-4e3f-a403-8df6938c7b01,My happy moment😍😊,5
04d958bb-7897-4fac-85c6-d2731537073c,Best app,5
0db0bc98-6be9-4e57-bf6f-8c241f78b5cd,Bansi jata hun 😘😘,5
5a54324c-e6ff-4578-b024-9f39764a399e,Rudrajena,5
7baee9a2-6157-4616-ab93-8be925596738,Excellent,5
5b922e38-d1de-4430-b09f-26a8b1d451ba,It's the best app I can't lie very entertaining and it really helps pass time when bored really fantastic app 5 star🌟,5
68dd63a0-5313-4b07-adeb-b6704accbb57,"ജയ൩ബധബ,ബഢഢ*💋_😍😍""*😍😍😍_,‡൩*😂😍 ദബബ്ധ,,ബ,,ധധ,ബ്ജഢ*₹*₹*₹**""_,‡😍*""💋₹₹൩൪*൫7👌*ണ,അണബ്ഢ,ധബധ,",2
2393675f-58a4-41ff-a27e-7282738e7a11,Better then tik Tok 100% favorite app in the world,5
fcdccec6-bf79-48e9-96f5-c8c2386dbabc,🥰,5
5a1db2b5-d0e2-4062-8ca6-7bd240847bb1,this is good but not very good i think this is ok ok,2
8725b86d-578a-41dd-a8b7-25bbebe75541,This app is very good and helpful,5
fc9826a0-1e7a-4460-a9ea-ed1961d69384,To much updates,2
776b2b22-1021-42d3-983f-87af6c1408a3,This is not working on my phone,1
c977a935-d6ca-4aa4-a420-ceddfeb57620,It's just too bad like I deleted my old account and now I made a new one but it somehow isn't letting me use it properly and giving me so many restrictions please fix this issue,1
4601cb10-b750-4fbc-99b1-9d5619188cb7,Nice aap,5
905ac500-691e-4e73-8cd4-098f3c94a9e9,Nice,5
127643cb-fcbb-4e26-9961-1e278832e8d5,Most phone,4
d5d7c046-4140-49ce-99fb-a56752410668,So good app,5
0339fa0c-2f9e-4182-9cae-ada99312c804,Awsm,5
8bf352ca-8b35-4e4a-a3e0-830513336fef,MOST FAVORITE APP❤❤,5
c033f540-7245-49d4-a11d-2980132cd337,Nice,5
07fd5871-9cb1-432b-bfef-55a79c9a73a1,BAMBA NITLO,5
4d06c242-edee-49f1-9743-ac94d3571bc4,"Usually Instragrams fine and I have no issues. Then you put in ""ad breaks"" and I can't scroll for 5 seconds at a time. It's unnecessary and annoying. Now i cant get more than a post in without having to stop for an ad break. I'm done with this app",1
a8a3b4a0-59c3-47b4-be41-ccb08a1071fb,Op,5
652ab03a-6940-4b7e-bff6-ba1f637d0b4f,Veryy good,5
156773ac-fecf-4c5d-8cd5-af20a05ce52d,It good but bad to but good to get girls,3
b7857abb-01da-4d7d-8332-d86e2fc6a937,"This is good you may meet other people like me I need Russian friend and I found it so easy, download now 😍",5
b3132066-74d7-4ae8-8aa1-ad073dc2dcd4,It's wonderful ✨😍,5
4c1f876e-4aae-431e-8144-1f22d3447bbd,"This app is great, although I (and many others) have been unable to/have had troubles with the ""Instagram Notes"" feature. If you have multiple accounts on this app and you update it, it will give all of your accounts except the one you are signed in to during the update this feature. I have tried numerous times to fix this issue by trying multiple different methods, and I have tried contacting Instagrams support team and reporting this bug in an attempt to solve this issue, all to no avail.",3
e8c59bd8-ca14-487d-bd45-c95e431896f9,So beautiful,5
266c3f29-8cce-4103-80eb-90c33a04ac40,Thanks so much Instagram Maria ko mara love mil gaya 💗🫂💯♥️,5
8919ba6f-1224-42d3-b56c-74517b2df747,"It's good , I am using from 2 year's",5
5edbc6a3-f70d-4d48-b8c2-a53f3c95adf5,Good,5
e3137062-a2ab-4300-91ef-9ea9a9468721,Nice,5
2ddf3d26-5c08-47a3-84f1-c2a19ce34a63,🌟,5
56536697-46fc-402d-8cd3-915928c42831,I don't like Zuckerberg. If he simply put them hands on Elon & bring back gear vr apps like zen-zone & groovr 🤬🤬🤬 I'd give this app 5 stars.,1
96678316-b458-4889-bcab-4bba35ac9d79,Too many ads. After two or three posts I see one or two ads in a row. Most of them are stock investment scammers. Although Instagram has introduced option to hide ads it does nothing in reality.,1
b1becd32-54d3-499b-b99c-a94abbcde274,Goop,5
fba34c24-8f84-47e9-ad29-f63b6fab48c9,BOHA ACHA HE💖,5
fbc16c55-5bc8-4281-874c-e4e61be1e349,Le meilleur application de tout les temps.cest juste waouh 🤩🤩 je vous je kiffe trop ❤️❤️,5
48e61c79-9856-47bb-8391-c234364ff5ee,lots of glitch 😵,1
dd98fd86-aee3-4eb4-a094-fc25021d4a4c,Super,5
4fb8182b-2c9f-4cc0-a79a-ced3b5a0f5ac,Best app,5
fc000c12-8735-4379-a575-3698390a30d9,Nice,5
7b878c46-e9e4-49bd-865d-fe08aca58823,Very very very nice,4
3cce2d19-5647-4c12-9d43-5169bc871ffa,Fantastic,5
aba9e834-8799-45ef-a4aa-d8550d1e3d29,"Wonderful, Amazing App",5
8a876f9d-10b7-42cc-8dac-8c0fbc8ca321,Nice 👍👍,1
25769946-6c13-4c09-bb33-f5c56d95c299,Goodness,5
62143532-121e-4f76-9552-3173620378cc,Excellent app,5
d25f5459-45c3-43a9-a1bd-aa4bc10ff4a4,Instagram is very useful nice .,5
a726a547-cf3d-4e24-afeb-2cb9d229ba78,Best,5
26858c1f-cce5-4eec-aa2f-397ad5903861,Not good,1
c36d4de2-f058-4a7f-b25c-febe97dba1b7,My love,5
7044f3c8-b527-4414-a3ec-fbcffad18177,Jhansi,5
a0f2b707-f5be-4df1-bb0a-b6b675515fdc,Superb,5
b6820d5e-8104-4278-930b-fc086cc8f998,"Uff,,,",5
fa2c89e6-d91a-4784-bc2c-b22e3d453259,Nice app,5
048f262f-64c6-483c-a2b6-030ac21fc906,Wow wonderfully app,5
f21092d5-4e0f-4797-b152-4e19a283efa9,I don't know 😐,5
0d13b76c-bfe6-4a7a-abf7-5c60bb50b7b3,Nice app ..my mother used it daily 😅..I mostly like this app for massaging and connect to people... Like it..,5
f61c0fd6-b6db-4135-a733-82aadd1ba0d6,Good,1
3282073c-94b9-4736-af15-551f3ae47ec7,a b r a,1
fece3ca1-8738-4b3b-8fe6-02b7eacfc08a,Very nice,5
b1735004-b901-43d4-bda2-0087164ab976,Good,5
a85ba36b-54d2-4864-bf2d-198d2ec1cdfb,ilove💖,5
bbfbb5eb-f16c-44d3-961e-ec86af110954,There is glitch in app i dont get in app notification in top right corner despite peope reply to my comment on any reel i get only comment likes but not the replies inside the app i have closed all outside notification but i should get all notification inside the app,2
f343c5e7-1f92-4c2d-9298-5c0db1af1c8c,Excellent,5
2d61ed25-b593-40a3-b7e3-67a45e986ad2,I enjoy my time 😌 heads up ❤️,5
9d1e1892-d15f-4d5e-b83f-54399bb09f29,Very bad,5
7b87d898-197a-48ff-9c60-6b3ce3589107,Good job insta,5
8d9921e4-6475-43e0-9d4d-789c66c5cfa5,Instagram plzz aap un logo ko insta use na krne de jo logo ke pese lut rhe h trading or job ke nam pr plzz ese logo ke account bnd krvaao or hume hmare pese vapas dilao,1
ff9fbd54-04e0-4807-9a18-5fadb74ff9da,Best app,5
f1415e3f-e4cb-4446-851a-2ec89dbf8d96,It is a great app💕,3
0907a5e9-ac28-4dc9-8a80-8e79082026a9,It is nice to share you memories,5
dc458996-56c2-4db0-8c92-cef33eca02bb,Bakar,1
ff009469-7ef2-4f70-8734-63aaf13a6cf2,♥️♥️♥️,5
d143e6cc-7536-41a1-a614-60ab7b9d12e7,"Besides getting a notification that I have a dm even tho I don't, now I'm getting like limits....what all this about me not being able to like anything anymore?fix that pls",2
b03f9d16-560f-4eb1-839a-7d2f005853af,Nice one,5
863e2894-a3b8-46d9-bad1-bcab6f9b73f7,Over the rooftop,5
1fab38ba-0038-42b1-83a3-36318453e5dd,Nice,5
d126d3e4-b7f3-43f6-a0c4-8ef3fe5ec3aa,Bahut acha hai,5
d1e39b7c-2c07-49c8-8fca-8afad2ab4c9f,O. 3.,3
73bdadf1-b38b-41a9-8b78-c0a62f982386,Bahut ghatiya app koi ladki reply nhi deti don't install this app,5
6c3e477e-9934-4d1e-880b-ca184340e851,🤫🧏‍♂️,5
40c50a8d-0eae-44c4-ad46-6f3ec5e5b1fc,Hat and gloves but you know what I can do that to happen again for the day before I go to the gym now e to the gym now and then you can do to me about it and I will try and make sure you are so many things I have to do it again in the world to be with you guys are the only one who can help you out of it all the way to the 💪 today and I will try to get a new one and only one that is the only way you do for you to come to the gym now I am not going to be in a while back and I have to do that for,5
0afbef20-05e1-491c-ac48-273924881bd3,Very good app,5
dd2859ea-8ba4-4b36-a7db-06ebf4444f0e,Lovely experience,1
0e68cd5a-bdb8-4dbb-b5f1-bcee31a1700b,My likes not working,1
2d4afdfa-81b8-4272-8b33-c9949edb40e6,👍,5
b041d020-9ff0-445f-8f3c-a23f1d4da1fe,Excellent,4
b3b5e99f-964c-4bb1-ba2c-0521fc9ac705,Entertainment,4
a4b33668-10ff-4e75-90dc-81077b48196d,It's so GOOD. Excellent,5
669f2ede-d484-4f06-a239-7dc0a91a4d74,Good,5
aae95f56-f57b-4b1b-b4a8-3229191dc162,Very bad experience since latest update i am unable to refresh home page sine 6 7 days,1
501b0571-6760-40e8-916f-9346b21ae9a0,👍🏻,5
d2153be9-7d4e-439f-ab42-86946e2918da,"My account cannot refresh feed, what kind of this service",1
578118fc-a766-4ff5-a21c-9e6d74c32589,Mass Yadav B ...,5
c27d0ff2-fe5e-41ce-9443-3e16fd5ef2fe,Nice for earning,5
1bca5743-1b97-4810-b2ec-8284f69bd46a,Nice 💞💞👀💫,5
a4bf22de-2e92-471e-8c13-fdeea5dcc73b,Not showing reels option please help,5
0a0ca266-4747-4a51-82b9-ba40fe0a32c7,Intresting,5
8374c50c-4413-48d7-8bb6-ee11041ea65c,Good ap,5
42d8b0af-4195-430e-a64c-2e7f6e112ee9,❣️🤍🧿👍🏻,5
6eb5cb82-854a-4038-a068-3cfb14820760,🥰,5
36fe2d3d-7020-42a6-a0d8-cf0bf5d658fc,Maloook,5
ae4a37c4-59d5-462a-8123-803a637abe34,Good,5
e36d1438-bee1-4793-9c0f-0ab5f2d6adbe,Best,4
e9e73790-688b-4fc2-a690-3a1c45e8dd42,"New update, new cringe. News at 11.",1
a66c2c7d-3c88-4101-a5fd-27b7d75effba,It's osm ❤️,5
c5f0c8dd-5289-402e-bed5-4007b046fead,Nice,4
954a3a32-0dc9-4824-97b8-81cec3848192,Fun,5
744de9f5-e21f-4f95-a73e-f7c2b849e390,Super👌👌👌,2
58e4dd3b-270c-464a-86e7-85c52517d29f,Har vakhat abdet marvu pade like j nathi thati,1
f51c82e6-2e2f-4b3e-8e90-733de62b86bf,Very good,5
95c91f3f-a00d-4556-9e98-ecbc64660c31,Used to be fun but of there is an issue there is ZERO support ZERO help. The community guidelines are a joke and total hypocrisy. I can see why everyone likes tik tok.,1
991aceab-ea1e-427a-8e8e-69f25d9e56fe,Nice app,5
dce0bf45-abc8-4629-8cce-c5e15e89c7d7,।,4
37af9d8e-5b40-461c-b24b-0794db817bab,Best from me,5
8c255bdc-2ca9-4d38-8d73-a6f9e955dc92,Good,4
c30bd7b4-78d2-4f1c-986a-94a7ec083595,This app has been the best app for me over the years. It's better than the Instagram lite,5
5a8faa4e-a2f2-4eaa-a93d-30ed1b2bf336,काय बेकार ॲप आहे एक पण पोरगी reply नाही देत 😢😢 कोणीही इंस्ट्रोल नका करू,1
ff16b9aa-7976-481e-befc-c42d607c6008,Instagram walon ne jindagi jhand karke Rakha hai,4
01f2eda5-0e61-4c9f-98a9-fbe7fee936c9,I just love this app,5
ab3cb297-bb9c-44c8-a3bd-7ff7cab2c763,Ansh,5
479ac709-b6a8-4017-9637-4bc13d3fe47d,Excellent💯👏👍,5
1526688c-abfc-459f-a47c-7d461ad4089d,Super nice eating good very,5
b6a7f1b1-73f6-4e73-8efe-e45f2083e34e,Iam very happy for it Why because my childhood also meeted in this app that why I am so happy,5
70c4f897-d675-4f59-b9b7-ee57b0916713,Thanks 😊 Happy 😊 😃,5
5ad5845e-b001-46a2-978b-ac5b5d82cafa,💀,1
3f5a268c-87e3-4f41-be93-48dcad30a35f,Laggy,1
ef543b9e-01bb-46c7-b1ac-ba7e4ec7a4c5,❤,5
847c585e-0948-46ff-855c-0a39bdf7a0d0,Avarage,4
aede3baf-2c44-4a4f-a381-e9b0a8921c6d,Connects one to the outside world,5
a3addcc0-2640-4e51-a8e2-c64e8bd8904e,nice एप,5
41b9d557-347d-4a81-9761-babf2e96013d,Efficient and Effective,5
d6716950-39a7-4b43-9c15-9304033d842b,Nice,5
5f822894-11ad-43bd-a82a-e3a3f32ecc38,It's good but viral me,5
2f0cbe04-a597-464d-82f8-0b172daa99f3,It apload fast that everyone can see,5
836f8614-f1c3-4275-8851-f393c6ff9f2d,Nice 🙂,5
8c80d368-c784-4cb7-bdb6-58add47f970f,Good 😊,5
7bc035b7-ab12-4bee-83bd-8b5ce8de2148,💕,1
993290b8-0c0d-4c1a-9e71-719f6bb7a7f0,i can't use any filters but more over it good,4
7a939535-bc67-4241-a037-1e29e1dad7b7,Nice,5
2e60adc3-6336-49bf-b5d9-ddcbbac8cbb8,Instagram is my love,4
14cbc88f-5fb4-447d-827f-260b2f7ccf41,*edited I'm the boss of me! #bodyautonomy #myphone #myprivateinternetspace. Let me engage with my followers or I'm getting POTUS and the FBI.,5
0bf481f0-eddd-439b-8124-0adfa53fbe18,@ lovely 😍 app,5
a7ca554f-c13a-442e-8612-b2668aadc230,Instagram ❤,5
3f175f64-cf8f-4117-8088-fe9704997689,This is good app,5
b8cf1f30-056d-4b4d-92e4-ceacee27ebf0,The OG brain rot 💪,1
c1c3854c-f918-4f36-8262-67cadec11151,Ramsh,5
17fa346b-43c5-4234-b26a-e22a431f1c15,"esse novo ""modo noturno"" ficou péssimo e falta otimização no Android na hora de ver os stories pois não está uniforme",1
871d59e0-6b1c-4259-a803-94d3060d4047,Bring back the tap to mute instead of tap to pause please thank you,1
a71a7a86-ee7b-4a27-af8b-280c316da0f9,Me udal rawat Instagram ko pasand krta hu,5
ed8073f7-c56c-4af4-af25-14bf42acc4b9,Good,5
f108d290-7045-4a84-b5bc-d4576a1b083f,Very nice,5
97a3a552-190d-404e-9429-68419799b4dc,Superb,5
5558fec7-524e-4c86-9500-8d191175d8c9,Only time pass 😞,5
9fd25bfe-9f28-4b0f-998c-9303f9d64625,I just hate this app,5
dab164b4-c2b7-40f2-992e-d8b4b710c565,Good,5
40a1a2ea-a2ad-4674-b142-f41777b259e3,Tofanojha,5
9ad3179c-22b3-4760-9803-f3d462cc0499,Works perfectly,5
d2098386-077e-4d49-be13-faf8e0383439,Pooja 😘 you ❣️ Love you papa,5
e5f39c9b-2af6-4b1a-bfab-659dce73993a,Kya ghatiya app Hai koi bhi ladki follow hi Nahi karti na hi koi purpose karti Hai 😏,2
d136960c-f088-4d94-84a8-f864887fb6d0,Nice app i Love 💖💖✨✨💫💫,5
758d0737-5234-4264-b13b-1595f8b22a3b,Can't create new account 😡😡,1
a6250ef6-3f4d-4e69-96a5-607f55f5f601,♥️♥️♥️,4
00dcbb6e-e28a-421c-b5c6-3abda7447d73,This is amazing app,5
371e81ab-3606-4d02-9db4-2f719abdfe7f,I am working terribly hard to post every post and reel but I have no viewers. There is no growth on Instagram🫤🥲😑,3
3e274ebf-d3c8-4597-a70d-ffbc41bc8f59,😀,5
95f2e89b-05d5-4c6f-af3f-63a9e71096d9,So good 👍,4
df3f7f69-dff8-4c14-9394-798501b798f0,🪐👍🏻,5
57ba4afd-07a1-4be9-ac14-daf91e1f147e,"Overall is good full with happy content...but every time I come something, somehow my comments especially..get remove, even when I commented positive things.but those people who share worse content is not filtered by law...what a nonsense..",1
ccb397e7-e0a3-4346-b32e-f6fe729d1a83,Why the new pause on tap feature in reels? It's so annoying.,1
ae13cf2c-a8ef-4dab-9f33-b304369e42d9,This is very best aap😍😍 please vote me🥹🥹,5
8b5cfb1c-3123-4598-9afd-14591bc7ad44,Good app for fun,5
d9fe19d0-f785-49f5-a9dd-0986891a29af,Bhana kum,1
7494577d-b65d-480f-8e5c-7b7864f65b12,Please remove that new update with face scan to know profile,5
8c968218-6081-4cea-a802-986cc9bb339c,Supper,5
ccb0def4-776b-4746-844b-dfd5e13c0885,पूरे इंटरनेट वर्ल्ड का सबसे घटिया एप,1
c69e0c7e-e636-4c1d-9795-961a17eaf17d,"Nakakapogi itong app natoh, try now!",5
973b1c5e-0f0c-4724-82cb-f36e2ca4354f,Good app liked it,5
e506646f-33c4-4468-b2ec-fb594052bd84,😗👍🏼,5
ca7c35ad-2de4-4f78-9f29-3c8473da4b83,The best app on the World,5
679fb973-33f8-4b3d-956d-d1d39c1c119a,Ekadam bekar Loade wala game,5
1b3acb2c-2e02-4a49-87f5-dddaa4ffadd4,Very nice 👍🏻🙂,5
7932ccab-8bbf-4e0d-8be1-1562f34a4512,I now he is so much good app and reat full but his not update in my phon only plz cheack this problum,5
98568199-bdf3-40b0-b0fb-788c7b5f05fc,Siddahrt🔪🔫,2
898fd2ba-db89-40cd-984a-a6ab582becab,T.y,5
ac99ac88-cee0-4efc-81c3-e35ba8bc6317,This is very good app,5
82f358ac-2d43-4e85-a556-0174d7810069,Awesome 👌,5
91e2d921-9875-49c0-bd82-811b1443dfa2,its a good app Net does not work good Things stcuks Security should be increased,2
8facb3f6-3469-4a04-a629-b92f05b685d0,This is such a good app. Il ove it soooo much bc there is funny content on it so it makes me laugh and I love how you can post cool and fun vids to make another person's day so that just makes me really happy😀. I also loveeeeeeeee♥️♥️♥️♥️ the filters but ofc no one needs it bc everyone is pretty 💋 but I love them♥️. But this is just a fun app that can put a big smile on someone's face and that just makes me happy and feel great. This d why I love this app soooooooooooooooooooo much♥️♥️♥️♥️♥️♥️,5
34b8c9e9-91d7-4e39-ab5b-d50c03d08388,Nice,5
5666f68e-30ac-4939-a6f5-bb7dd4117069,Great work,5
6824ebd6-2440-4807-89dc-70f6ec19bf1c,Kamal hai yrr🥰,5
82190dad-f15a-4a7f-9855-d18b220af460,It's worst app I unable to use personal notification on it for my personal chats,1
9cd35698-81de-4e3e-a7b9-0c12159cbb90,Find my Instagram,5
62c69336-6f39-4d3e-86f7-2f4986f95687,Love you insta 💕😍,5
76eef71a-568c-4822-9958-0e97f19f5082,"Hi Team Instagram, I have updated my instagram application and done every possible thing to get Quick or swipe reply option available. Please help me to get this option available as soon as possible. thanks",5
24918012-330d-43ef-89bc-167b1dfabba5,Great time ⌚ on Instagram,4
236b5053-0dc6-46f6-9704-bbe246b263ea,Can't install Instragram in my device,1
0562960a-acc0-49e0-887a-56e68aea727b,ABHISHEK,5
86ef307d-8347-4c9c-a863-6d6f067892ab,Kiy ghatiya app hai ak vi ladki reply ni karti don't install this app 🥶🤬,1
6c94cf59-3a5a-47e8-a2e2-1f6a9a97b06a,Great 🤗,5
697c118b-c3ac-4b08-a927-b45431ae9b7a,Good,5
08f1c62d-4584-4e17-ac45-9cd6da9251a3,Supparuq,5
11fe79ba-662d-49af-b953-56761bf13b13,(⁠?⁠・⁠・⁠)⁠σ,1
6ade3992-da45-4d23-8d9e-e29ad2fbd502,❤,5
6c2de8e7-190c-4d8d-bf3f-cf89e04bfe88,Very Nice 👍,5
aab532f1-b3e0-43da-b6e5-290b692ac45d,Very funny,4
7557eaad-1bd9-4c2a-9b21-928fe5691446,अभिषेक,5
54548962-7fdf-487e-98b5-b7951dfed22c,Very nice aap 😊,5
d280ab13-581e-405f-a92d-3b53b1058f54,This app made me recognized in the country,5
99a6bc73-335a-4e1e-851a-20da5ee90a23,👌👌👌👌👌👌,5
3b92033f-7a35-460b-8347-3d58fdcbc625,"Great app to chat, post things",5
36f3f824-1d1b-4b50-bc31-be3c4d4556cc,❤️,5
5fb3f288-0474-4f39-9fcc-3d7ba36f7031,Vino,5
e654c35d-1a04-43ac-b9d1-13610d7516d8,"Everything is fine but now it's totally turning into a tik tok version but it's actually not bad. It would be much better if Instagram didn't let others see ""Liked by"" on posts and reels.",5
98ee71f1-9f9c-405b-9e2a-60b5500d65d2,Excellent,5
38837541-ab27-4880-83f3-7d1d0cf194c7,", ,,,,.",2
1ad0fbc5-d373-4376-8492-e89f03c2b8c3,This is good app all of our download this app,5
9bffefcc-f3f1-476b-a96b-4d5d2ae628da,Good app...,5
be359df3-232d-41ed-b3f3-c506220d9163,Jab me Instagram chalti hu to mera phone switch off ho jata hai,1
0be2b45b-bfd9-47b0-b4a5-3c417b3ae9c4,"""Hi Instagram Support Team, I'd love to see a new feature added to the notes feature - the ability to see who has viewed my notes! This would be really helpful for me to know who has read my notes. Thanks for considering my suggest",3
f035716b-0d15-441a-9e31-0afa414ba732,"SBC saw ex, 2q CX À0 pl l",2
bdd937b4-0161-42ae-af6b-a6a8f298cb75,Bhaut bejae,5
5055dada-8e56-481d-9fd5-0113ba94dc2e,Nice appw,5
69f22606-c90e-411e-bdf9-21fbd2ccd138,Hiu to,1
629d12a4-f5ba-43dd-86dd-d45bbfce7872,It is not coming to follow more people I want to follow more people please help me for follow more and more,5
359865c8-bd2b-46a8-b61b-f3c5c0c57e7f,It was nxa,4
ba044e10-0a63-4f57-b589-a186443d52f5,everytime I click on it and click off I can't open it again and I gotta redownload over n over,1
baca234f-f5b1-4552-9b23-a8122b7094c8,it's giving,4
9440af0c-371d-4d17-8cc7-7a3310f1151b,Only yuwa brand,5
b89ad19d-e72c-42fd-a4af-869217fb5683,Ritik raj kumar,5
ee064891-ff4b-4383-a86c-18ce80342b95,Good,5
29ae16a9-9035-48f0-80da-b53b39bea7d0,This is mind-blowing app instagram best social media app,5
dcab02ec-3561-429b-b665-38db57624471,M.h7 r e3 n.y j JBL,4
1eb6dd4a-1a5b-4897-8c72-ad28072406bd,Stop the 0 second video.....,1
4271bd3b-19af-4614-b417-5e0360a3fc12,😍😍😘,3
6be88fa9-d81a-43b9-bbe0-7c55241f91ec,Very good,5
4ffa385d-5a82-4b71-9451-239ea5196e42,New generation very bad,1
5438d782-0aa8-458e-b70f-33c192d0b760,It is good,5
d0fb184e-c36e-4973-9c2a-508c0196af34,Best friend ❣️ welcome,5
d0920add-8cd1-4d44-9b0f-2e8dc5266aaa,Keeps locking screen. Only instagram does it. On s24 ultra,1
5dba77db-53e2-4594-b973-720c3308c0db,"When you text celebrities, they never respond",1
c34150e1-60cb-4f7c-bd82-1aa037ffa51a,Pretty good for timepass,5
1b776424-47a3-498a-99f9-3d25b1642c70,Instagram 💪🌺,1
20578b23-49fa-44ce-9273-c72284b40eeb,Instagram keeps getting better and batter.,1
3ccc38b0-b66c-40eb-a31d-72f27e19dacf,X c🥰😚😘😘😚 xp 😚😘😘,4
ea80cd50-a147-46fe-8b51-13572768798f,Best,5
1b59ff8c-9902-418f-90de-018630585413,Cute ☺️ Instagram,5
bf1cabf5-17bc-4c4f-8948-e716a0fb6865,I like this,5
ca352d0e-cbe6-4a07-ae75-5ddd29e928b3,Good,5
64a00d59-70a6-425b-84c8-cb463b89cd4f,Nice,5
6a1e52b9-1826-426e-becc-a85865151304,Very nice popular my ID Instagram,5
a23a4763-89ba-43e4-89c6-fcc2e375e961,Out standing,5
1380fda8-df4a-44b3-b21b-733222de8195,👍,5
77b9b2b3-7f2d-43ea-a132-3fc235481710,This app nice,5
a21ab823-2077-4811-92f0-1a09460da24c,Nice 👍👍🙂,5
7b3ff082-d828-401b-a7c4-fa025d880d0a,My reels not viral in this app I use normaly Facebook and YouTube I love Facebook and meta ❤️but I trying to my best in this application so support me and monitize my channel Naeem mobile walla . thank you,1
b8f08255-dd16-4c26-8bf9-a7001c3b83af,Good,4
a454fc9f-15fd-417a-8c8d-56730fea5e43,I love Instagram ❤❤,5
7b4e9950-281f-4bfd-94af-6f0c6f5e19ce,Best app,5
ab196853-4baa-4467-ae77-7a47cbdf8332,👎🏻👎🏻👎🏻👎🏻👎🏻👎🏻👎🏻👎🏻👎🏻👎🏻👎🏻👎🏻👎🏻👎🏻👎🏻👎🏻👎🏻👎🏻,1
0e355734-a1c6-4a61-8c36-5e3978daddf3,Best aap I love this aap,5
fea45b52-f390-41f7-85ef-53ebb4dcc5a0,Worst app,1
44ce6643-0a0b-4a8d-b6bd-4ee61881b539,😁,5
19870207-c069-4f09-af96-1a5b212a6520,I'm happy,5
30e845c1-be81-4c5d-b61c-4dd30beda11d,Nice ho,5
2879d831-3d02-479b-b90d-b1c3f387fbb3,😀😀,5
633b25be-0744-4c4f-8fd1-bc28df671fbf,Best social media platforms not 🚫 glitch app is India's very popular application my rating 5star 🙏,5
cd100f3f-fad2-439c-b3b0-ae53ef326de2,Good,5
197d0d1a-6508-49a3-8274-ca60ffe2ddc3,The most famous app instagram I am never delete this app,5
a9719c31-7068-4b51-80ba-01b84839ea23,. R k Ki.,1
3351d6b9-34fd-4105-96aa-8e35cecb0c7c,Jai bhim 💙💙,5
010a45da-31d7-4cf8-bad1-ccbabf0bc590,Supper,5
76924568-beac-4109-89c1-fbb224bd9753,Very good 👍,5
2bdace44-59d6-43b8-83e4-bf3c8cd51140,Nicee,5
42afea56-ceaa-4586-a0cc-bf46d62ed6e7,Nice,5
fba26ed7-dc11-4505-ac1c-6d267bd4b1c2,Jibhau murliedar Pawar,5
291921ee-6982-4a81-b8bf-18eb6ff77903,It is quite good... But I can't get the system of music.... Why?....,4
7afc6fff-b02d-4074-899c-6bd02af870d4,Very bad app,1
3312bab0-1f00-431f-a813-5d99cb4a1085,Sorry,5
91149646-10dd-4d5d-a99e-fbab800e1517,Better goof,5
6b9e3dd1-99d6-4142-afcc-a7fe9b86b2ed,Injoy application his good friend of ours who is this your first time in my life with me ❤,5
f25af782-a25d-49ea-ba2f-359ae9ab1b7e,Update insta. Please my Instagram account update now,1
fde25886-1a41-4a0a-b3ac-6fbdfd92524f,This is very good app for sociality and privacy policy terms is nice,5
5dce25b3-58a9-4558-8993-a31eeb67bf3e,Nice 👍,5
c36b7f2f-2cd0-4373-8b7d-7cc0b7c04039,On of the best social app ever..appreciate that instagram..,5
bfb9bdc1-225b-44bb-8e98-021b90780a9e,Good,5
0d87fc7a-1c99-46b2-a93a-a2f7f48943a0,I ❤️ insta,5
e45cea23-f217-47e8-969e-55eb7425b1c0,Good,3
a35a7fa8-a7be-42b0-8bba-ca50269ded45,Nice,5
d1009133-c7d7-4412-9205-c6e324ba0b63,Bakar Instagram 📷,5
7305f987-8c82-442c-9200-064dfc677b30,Super,5
1c60aad9-c323-43b3-86ab-5a020a7beca0,Exactly I used this app but it is installing but not opened 🙁 I like to disagree with this app,1
2a7bf2d6-e609-464c-afd7-394941d44758,Good app,5
15569177-c505-4933-9710-88ae6df5daeb,Bhai insta bahut aacha aap h ispe meri crush bhi h,3
c41be2a6-02f9-4c79-9323-35850490c414,Good app,5
36dbd217-8b23-4418-8055-5182cd2a3d38,Very very good,5
aae1b8ca-64d3-4c7f-bcce-85a8f8fecdcb,So so so very nice app. Best of all app.,5
1c7b94c2-a29f-4ab4-b5f5-6ca70b9c9242,Please support me on Instagram,5
065d8803-6bac-474c-a878-9d8880eb3889,Excellent,5
08b9a092-ab70-4641-bcfd-dbfe7d866554,Best app in the world 😜,5
ea44f753-0026-4b89-962b-a462b8bb2943,👍,5
27c5f443-720d-4223-b8f0-49e4f65cf5c2,"Z , g",2
ac0712b0-aea6-4ca1-a5d4-a0bc93f29275,Very bad app,1
6932be39-7cc6-4a63-ab18-92ac758d6db3,☺☺😊😊,5
769333c9-dfdb-42f4-8379-fc58621be0bb,This is the best pletfom in the world,4
3b86fd1e-e6b2-4f43-83e6-f1313c8ecd89,Nice,5
fc3d0db0-f8a0-4f98-8668-c95c3194a3a9,ಶಮೀದ್👥,5
a1cfdf17-651b-4aa4-9775-e1eb54420061,Hardik,5
83e663ff-bd6c-465e-87d5-ba2ccadb59ce,EQ j w+ q hubby,2
c7ac7be1-d968-4899-b6aa-0e9028e22bc3,Worst app 😡😡😡😡😡😡😡😡👿👿👿👿💩,1
4e64789b-d33c-4a90-9569-baadfc8d446a,just say hi to friend,5
261d07e1-ae1f-41d1-8688-344f81a8259b,Good,5
cdf639c0-ac27-407a-8b7a-2a4f9ecd9132,Ok,5
e382a07e-05be-45ce-97f8-110cb3994961,Please follow and like comment share please,5
893c16e3-aa20-4694-9110-a2fd07d73f6a,Very good,5
ea0a257f-e9f3-4077-add2-949c011a66e6,Mera app nahi chal rha hai,4
9662b13e-04b2-489e-9ba9-d8f1c4bbc05b,Good,4
87dd7f8a-c4e9-4119-91d5-5b828983a09c,Ghatiya hai mat use karo,1
b4dde2d5-ebb7-4647-a7af-2c94fc9f9870,Just vibbes ❤️😭,5
39950b4c-b730-4216-9e2a-9956629fcff2,Damn,3
0af2ebe4-db1e-497c-9996-5976673b1367,Okay,5
0799052a-8bc7-42d3-90d3-ae90528249e7,Mdakbar,3
1d25aac8-1efb-499c-bd1a-691002bb7a50,Best,5
bd67b605-9de1-4468-97b3-117acbe19211,♥️,5
fd187867-94e2-4698-813b-d391ba1025b9,Time consuming,2
19db8c5e-fc38-4a45-84fc-09292897b742,Facebook story isn't showing on my Instagram story,5
9935e71d-a3c8-4d4c-8b9a-eecce37d8811,Instagram is best app,5
0ff52514-6089-41cb-9936-d46b8518737e,on 333 ..thjjj,5
4836a1a7-6d04-4036-b0c8-f90a94ab4ae6,My experience is goo,5
e207631e-27a4-4a4b-9c2e-30bc86125230,ઇ અઃઅઃ્ઍઞતધૉ6 2,1
83b28150-7a52-4f7f-90a1-4b5d344faac5,Please insta ke andar hi chat ko lock lagane ka sistum dijiye🙏🙏🙏 please bahut problem hota h🙏🙏🙏🥺🥺🥺💔💔💔💔,1
e54bec3d-fe3f-4ca0-b65a-8ca3ad6f6949,Wild SBI for six hours does take,5
c231f8a0-4520-4504-b2d9-12a8972b1874,Best app,5
3364e9d3-01e9-4112-8252-74317d141f64,Hi guys,5
8c8c9c78-a2d1-44a3-82d4-c641b5bab99b,Right aap 😍,3
240e47ca-a3e4-4027-9fd4-587a84f9fc47,Tati hai ye,5
ede2a5d6-4fec-479a-a6f9-2493a398c892,I want to type the password again and again 😩 😫,4
71e5cdc0-0b69-4ace-baad-34b57f72433d,Unique,5
73b36bc4-2f5b-404a-a67b-b05711fc876d,Please give my I'd up pleaseeeee,5
011c8bb1-3353-490c-81e5-fba7a66d06c8,Fan following,5
235898de-4c18-4fa2-8737-0f9c833faece,Great App,5
e3e1981e-bcd4-4730-8cb7-b2b37ab770c1,Super,5
6966dcfc-e742-4f1c-bdc9-b9dc50e9decc,Good,5
d9e1f8d8-cdbf-453e-9b23-d66871495dd3,मबणढणब,5
e5d96357-0f05-4724-ba58-c54aa3931fe2,This is a bade rules for one community because when someone abuse our community insta didn't respond and don't remove the comments and when I did this as response Instagram delet the comments shame on you,1
33a16db8-c364-4a35-b6c0-fe615fa7d71d,1000000000 muja followers da do,5
b844de12-f29b-4e16-a9c1-2772faa1e501,Feature on demand anime account,5
770452d3-4a64-46c6-99bc-c14dc76a2b2e,I want to see more of the nurse,5
fd62e3b8-0126-4484-b5ad-7ee16c316409,Instagram is good and reliable,5
5aa31c3a-0c11-4efc-ace4-a7af5e92cbdd,It is good app for marketing 👍 and friendship someone,4
65697ca0-34f1-4590-aa65-e72040116e77,Confidential,5
b0bf27d8-5cce-49ae-9e34-7d81b0eecac8,Good 😊,4
7697e39d-3525-4c66-9a51-b15872cd9104,I need 100k follow,5
8d15faf6-4d6a-473d-a06a-52e38d651a05,Very nice 🙂,4
d270448d-9f65-4838-adaa-001b9245df1b,Very nice,5
1cacdaf4-5867-4567-8a26-c99e1fb3a7d7,Hii sir/mam I want to complain tha In my I'd I can't see notes plz help me 🙏,5
f0390920-c7d0-4a1f-955e-f1ea245a7124,Best app,5
2abfdc63-1ee8-4418-8f8b-c5e63c1eae03,Good,5
7d51ec5e-2896-42bb-aaf5-0ea94b3eca2c,This app is really good.....my favourite app in Instagram💜💙....💫,5
4c9f56b9-dee7-48e6-b17a-39a1909551a3,😉🎧,5
1fb7f4fa-6346-4e21-9e59-66378eca2f70,Kanak Hlo,5
333d1448-7216-4478-841a-58f811cbffdf,Very nice,5
89c16c1d-e6cb-41b2-80c3-f1b5da18eff7,"please bring back the mute reel feature, please we beg you",3
94a297b1-79af-459b-b0a1-2b992cf7c9ad,Time pass👨‍🚒👨‍🚒❌❌🖕,2
9554e139-825b-4aff-a623-a356c1f74c72,This aap is very nice 👍,5
c9de8328-5492-4517-aab7-f46a25a2b6f2,Pleass do account verification free,2
694490a8-68fc-47da-b8f6-7b66d2aaac67,✨👍,5
fb58b2b7-5463-4850-9000-52c5662667e9,Sice🥰🥰,5
ead4bc5e-8e29-426e-9fe1-5b0303877d53,Superb experience 👌,4
b9211e45-1a18-44ac-a585-589d2aa6c178,Nice app,5
c8b077a7-2ed7-4ed0-ba06-e6874f870426,One of the best Experience i ever had on Instagram social media app than others..,5
ff47f0e4-b716-42ea-8663-81a7dcaaa846,Gooooood,4
f66952b8-0452-4c53-bd20-1f0df9cd3ba7,Bad Instagram,1
db424f32-058e-4cea-b8fd-25f00e1964df,Excellent,4
6743b4cb-c649-4c8e-95a2-7f73d3f17edc,Sarakhan,5
9003dcc1-ed1a-4c22-a900-a0ede4d89d2d,I like the instgram very useful application I love it this app many options,5
cb5d6974-cc45-4c76-b8d7-3b5072ce648e,It was a good app 👍,3
cf19511a-9e77-4a77-ac9d-4440688d0425,Awesome,5
92106e0d-e864-44c9-94cc-ac8f29485e38,This is so fun,5
9133ca6c-c897-4cd2-a465-8c8e7d465dd1,রাফি ইসলাম,5
61b12503-a83c-475b-9c51-6a0bd63530ad,It's one of the best social media platforms.,5
5f8ae859-42e6-4de3-8897-4b455c24f69d,Most happy day my account and follow back instagram,5
473d62d6-42ca-488b-98d5-cdcdbc58dda8,This is my favourite appᥫ᭡😍,5
97e09f77-e692-4a06-a062-1cf4a07d8d16,Bhot vadhia ji thxx yer meri id chal payi,5
08eee869-3a43-414e-93d3-d2fb01d1b6bd,Best app❤️❤️❤️❤️❤️🥰😀😃,5
59fe6633-ad34-40c6-be7f-af88f4c6147d,Amazing,5
158a1a9f-500a-4e4b-b5c7-b66a7a2dc992,Nice 👍,5
ccb019db-3d92-4d89-9a88-9ab9edeca647,My Love 💕,5
6d715052-66b8-4be0-8edf-050ff5746f30,One of the best app.,5
071e637b-912b-4d27-8839-0d4c34b7c1da,Our tgpeer5.2wßAAAaSell,1
28f91ba7-2434-44a9-b44d-d90f8925b86d,Help me connecting with new people,5
77f5fcdd-9619-4330-a8ad-31dbc225f52a,good 👍 app,5
cdc9f170-bfdf-437c-ac28-92d0dfa4a12c,when we download Instagram story the song invisible why this is happening I don't like this,4
22c72da4-bd55-4718-b9f8-1eecf12690f0,Awesome,5
75bbed26-ac83-4fa4-9853-8ac263d46ad7,"0 stars, getting violations for NO REASON let YOU LET scammers RUN WILD.",1
dad4ffd5-782b-4ff1-9fe9-dcd33de97d89,"Why do I dont have meta ai on instagram? Please fix it. Why I am not getting community guidelines messages, please fix it. Thank you.for others, it works when they need help. Thank you. I wanted to delete all my accounts. Please let me delete them, and now it is not allowing me to please fix it. Thank you. Instagra is sharing my friends name. Please stop limiting. Disappointment on app👎🏻 Thank you. Instagram should have an option for hiding following or followers in private accounts.😡",1
6f222f98-80fe-4783-bf0d-65990f7c0f86,Instagram is a great app and thanks to meta that they solved my problem,5
ea41f96f-5b9d-41bb-9aa9-a91c0dccc97d,Kinda good but sometimes it stinks and the experience is awful overall average app.😗,3
9d1ca8ea-58b7-4269-84fd-c3b11c64d232,IG join people together,5
61677ec2-0516-46a1-b0ce-72a37f7877f6,Ritesh damor,2
906ca42c-5600-4794-b2c8-60355e3deb09,Maha madeechod app hai... Itna ads aata hai are Bhai tujhe paise lene hai le par ye ads wagerah band kar de,1
20acab6f-6992-4586-ad56-bb454991b005,Views nhi a rahe he,5
e6b8189b-64b5-499a-9ffd-22f90e2fd46e,👍👍👍👍,5
03802d6b-3b11-419f-bc98-80f12fd7d437,Dtsjius m,5
b843fb30-9458-4bf8-8a84-348945a23ca3,Mind nd mood relax krne k liye acha h according to situation...💓💓💓💓,5
2a5ce90f-f27e-4cc3-9331-c40222826915,Gorgeous,5
7ba89d39-692d-46d6-a371-a3083affc1c5,Ooooyoo,1
432850c6-06ff-446c-9bdb-25837f5a720f,Good,4
9619ba23-f5ef-4e40-9b09-81020cb04aec,Very nice,5
ac185f0d-dd56-46b4-bf21-96a68debf134,Please Give Option of ((To Whom I sended Request)) in case Of private Accounts,2
2fcb94ef-16d1-4a81-8670-e74f574aa828,I cant make a new acc pls fix it,2
f07ec723-1712-4ab7-99e3-31dc941b4b90,No one sees my posts anymore..... engagement is way down compared to what it used to be!!!,1
23fe7b52-de14-450d-87a7-f58470877443,Super,5
6d34eacf-2841-4e74-839a-fb16df66e9b0,नाइस,5
e1193d8f-161d-4e3b-a6f7-2b2079949f1b,Nice,1
f0d9512e-765b-4ad2-b547-919a708864ac,"Worst social app, even worse than FB.. they deleted my account perma after it got hacked, instead of helping me recovering it.. good riddance, uninstalling forever",1
6d792d71-0b3c-4542-bdff-d97a4260fb54,मला खूप आनंद झाला,5
77fdb4f6-65c7-4f3b-a019-f832a737b346,Sachin kumdhakar,5
f165303a-b68b-417c-90ed-3fcb7f2d6b43,Very well app,5
701e160b-16f8-436e-81a5-2f59fc620114,Its nice its fun i can talk with my friends,5
69781501-0861-4928-9829-2c1c127710e8,Instagram would be a great app if they would accept a valid name.,1
d6f0ef33-945b-417f-9491-1dd96987e86d,"worst update ever (can't mute reels, holding and sliding your finger on the dots to see multiple reels is gone), please stop trying to make this the worst app on playstore 🙏 by removing the few good features you had left.",1
90986918-e6c0-4549-a1b8-334cb9e8a8bb,Not satisfied because.... .......,1
6957c346-d93a-4de4-8553-fbe439c60b29,Aoa upoouooai I iiu uuuuuuzxxcxxxx x Okkk ouv Mum son.m. Ok sir Pppihyyuunyb ok if u,5
4d443c0f-6df7-4ad9-a3cd-c79ca6efb8ad,Sabse mast app,5
6d5616cc-c37d-4c4d-8da6-a348bf35d823,Good,3
10ce82b2-7760-497b-9468-ee43bf93e9c5,Good app,5
f8f2d1d4-7b32-44b7-8ed8-b5914308db67,It's a really good app,5
a1adb587-c3d8-4b4a-9f3c-eeffbba42014,Excellent Application,4
17ca7717-a586-4664-acab-e3973a7b2025,nice,5
c99c6144-1d8d-441e-a1f5-53a97ec813e3,I love the app,5
3844c734-3c17-4895-bdbd-7ec753f2d6cc,Op,4
9563f256-9a29-4768-bdaa-f0f7c06effab,it is good app,5
3c88d8de-ed56-4b24-8266-d9adaef83a03,I love rooter,5
dd34a0e0-c51e-4dcf-9272-b1085a82f430,Nice,5
948d164b-fa73-4c1f-b3e5-302400191a97,Time pass,5
ae508b04-e88d-40c3-bdaf-35970d39467d,Excellent 👍,5
093a067d-8bc5-40a1-80ca-90c709a4e171,"After making an account i can't follow anyone and it has request pending not for sure after trying and trying they ban my account i don't even know the reason for banning my new account, just for following someone?",1
037b766f-a214-46a6-a2b3-5fe6d8d1567d,Mine🥺💝,5
018aeb5e-9dad-4bdb-8851-c3765d24b72d,Who are you,5
96b05ee3-0de0-4ff9-a923-e26be823ea95,Much better,5
f532b24f-1247-4c0c-9d23-dd75bfc640a3,Most instagram,5
f3058911-47e7-4cdd-92f8-addccd073256,Bahut Acha,4
a43dc7d0-770d-4185-b1d1-b3234c3423e2,Best app video editing,5
10972157-541e-40f7-9fec-f792f60b98b6,Cewtw twffc,5
2b18b2a5-1ae1-4a2a-9e70-97fa25d0c2fa,Nice ! I need to learn how to use instagram with all its optimum features.,5
d7cb0d2e-edaa-49fa-8aa4-07fc214ef7ba,Very nice,5
1e647f7d-2140-43a8-bf97-0d95d20e8bca,❤️,5
d79f4b1f-4f9b-470c-bacb-2d535e2f1ff2,Vikram bharwad,5
605fca5d-8a34-4bbf-b50b-f161625b2aeb,Insta is very better app 👉📱,4
24033987-e6e8-4227-a3f2-886ebba908c8,Good for social media,5
b1829ea7-d096-4028-92dd-f3f04555fd48,"Censorship, spam, OnlyFans, outrage theater, & fakeness...with a sprinkling of genuine content that you have to put effort into finding. Bobble the phone once & click on something stupid, & that's your IG feed now. It only feeds me reels, so pictures get no attention. Replies are clunky. The experience sucks, the administration sucks, & the content mostly sucks. Instagram is a mental health crisis incarnate. Comparison is a thief of joy & sanity. Take us back to non-performative social media.",2
468efc21-31fa-4df3-a430-fa833d56a3e6,👍👍👍👍,5
35bc3ae2-88cd-46dc-9ad8-883186dd0aa5,Good app,5
4c8a6819-2f7a-4175-8ce3-715d644a37a6,Instagram accuses of policy violation even if you post laugh emoji on jokes,1
bdb9e47d-f7c4-4e13-a5fb-f09b64045df7,All is good,5
c79055e5-a0aa-4941-8960-07d3272add10,There is a problem in our Instagram account the live is not working,5
fd2246a4-d1eb-4435-8ab7-e8a03195ebe8,Best app,5
58cb47fc-fcac-4ea5-bc9b-d4f93412d6f0,Laura kuch chalta hai thik se phle yarr,1
dd4efabb-cf08-4761-a865-809d812fa9a8,Media untuk bersosialisasi dan berbagi foto kenang an,5
9a35e2f6-eb88-48ce-899b-e394f54cf4c2,Exlent,5
44d836d9-8a1e-4b14-83c1-13afc61b0258,Chodugram🤣🤣,5
50258d77-a7f9-4fa1-bca3-3a95422a44fc,@instagram! What is your problem with my profile because whenever I comment something it says-- your comment has been deleted due to some of your freaking rules and regulations and it also says that I'm spamming my comments even if I just replied to somebody. I just don't know what's your problem! If it's a bug then fix this quickly!,1
bc43cd95-0064-4b28-be94-7b19cfedeccb,Excellent 😊😊👍👍,5
1fd36e79-e427-472b-a11a-bf1ea21853e1,Best app,5
186865cf-2c4a-4f0a-8857-92737b9eab58,Never used it,1
d66f1e21-e6db-42e9-ab3b-5bad85ad63ff,After updating we can't follow to our friend,3
ca537970-4db7-4eb8-b64a-75ea45438a47,Payel.,5
9028012c-ede7-47f0-b844-4db682c26739,It is very good and wounderfull social media app,5
35803dbe-7d6a-4025-a2ac-efb43d087613,Good?,5
3cd80a40-9449-42ea-93f0-6437d37772d3,"Please ban instagram from india please. It make too much fake news about politics , religion and about celebrities. Instagram platform is a hub of fake news in india please ban it from india please......",1
dcaf0af7-4880-4156-9fda-f9c4cbedbd78,Good 😊,5
6a8e4680-f42a-4cea-acd7-85986871fdba,Super app I,5
dd034e94-10aa-4c4a-96e4-8f53861f9a66,Nice,4
cfc7447c-e77a-4102-844f-dd9007eee8b4,"It is swift,it mantains the quality of the picture or video",4
453aacd5-5a84-429f-8e00-7a6ad75880d4,Instagram is very easy to hack .... plz check this .... 5 accounts got hacked in just 3 day ... why....,1
cf06f3d3-7849-4325-a497-a850e4405f0d,Not updateing my Instagram undateds,1
1f1642de-4119-4001-9d52-17bd949dd849,Very popular app,5
be5d0af5-0342-4bd7-b34d-d314bdcc2cc4,Acha he,5
c896e162-3cc4-49e4-8b00-5a3bd727e842,Insta I love you 😘 so much,5
084fee53-2ee9-4ce9-b937-02c09067f9b5,best aap for friends,5
d11d06ec-6939-44bb-98e4-151905459e67,Excellent,5
078a79ac-1c12-4e87-8adb-7e2cca472baa,🥵🥶,5
eb520a2c-3ac9-4f99-af31-019552a58e36,Wow 👌,5
13546e42-69aa-48b2-86ce-cf201903e68a,Can't see my notes,1
e740a45b-68fa-40c4-98f9-2cccf746aada,So far so good,4
179edb36-8a04-4492-87b5-0fb126f15684,Thanks you,5
b5dd0e8a-f4ec-4005-aa3f-f09c3157639e,My experience was amazing 💓💓,5
ec624259-69cb-404a-aa62-4a121c32a308,Love it,5
558d5c83-6755-4ba7-8c24-527c4a922638,This app is 🍌🍌,5
9532ff32-4af8-476b-80a1-d40d6ff42e0f,No privacy,1
f47cd9d7-8e3d-41f9-bf8d-04ad38c0685c,Mast hai,5
97fbbade-01bf-4133-8f40-8e124609044e,❤️,5
028a2623-9eb9-43cf-b84c-44f3f359ea85,"👎👎. Shame on you. You are dictator. You block any comment or any thing that you don't like it. You filter any thing that you don't want. Shame on you nasty dictator.. day by day you distract People .one day the likes , another day the follow district. What are you doing?",1
60671f55-0f7d-4c7c-91e8-d9505e4debdc,Love,5
1a0a9683-bac2-4dd7-bf9c-7d929bd98094,Excellent,5
13871863-369d-4849-a1e7-aac2fbc6d3c4,Skibidi didn't appear when I was mogging the camera trashy app don't recommend start mewing and fab pls don't install or u gay don't worry I'm lesbian skibidi skibidi dob dob,1
b263b196-1d11-414f-a00f-095513fc775b,Good,4
ed9d0ef8-f41e-44ab-bc6b-2e4a0538cb9e,I Like it,5
5f6331e4-8c8f-4a5c-8d1e-ca1c1907e983,Awesome,5
37281b65-e8d3-4772-b542-dc0d639b6182,Autorefresh makes this app unusable,1
112067d8-adb6-44a7-b904-5841685e3a02,I like this app,5
f5d8ceed-87d6-4d24-923a-6d58378ab39b,This app is very useful and I tell liked the app,5
00131a2c-fc0e-4e8a-8da8-550506173d5a,🥰😝😝😝,5
9019598d-b5e3-4829-9d9c-488f8a096705,"Terrible story quality, blurry and pixelated. Can that be fixed for once and for all? Otherwise I'll use only YouTube Shorts, as there is always 4k. Instagram sometimes lowers quality to 480p and it is terrible and not usable to showcase the video quality of the production!!! Tired of making reports and nothing is fixed!",1
28f33c1c-7e70-4b21-8612-cc84d958efa7,Nice lnstagran,5
c129bedd-5aae-4029-b576-520fcdcc8647,If you aren't paying for ads then you won't get any engagement.,2
c6a8cc0b-a704-4bc3-af88-fbc85138b79d,Super,5
9e3c3491-4a5a-4ae9-9d20-da7063b6222f,Nice,5
d4cb20e5-f4da-4752-94fe-b9aaed9bc1e3,Nice promise 🤗🤗,5
768d9e7d-fb09-4746-bd81-d25b16765fde,I have mailed to insta support since 2-3 days and didn't get any reply yet.,1
80aeb928-1f69-4c06-a002-88e2c2df4041,Akash,5
fc4e3f25-82a7-4ecf-952f-5558a92b1407,"When I am posting any photo , the like and comment on my photos are not coming, any notification is not coming from Instagram",1
96996936-f3f2-4d76-a521-5e095ddc17f3,Rufuariatistrq regards werewolf in yr email address right regards David David email and any reason please let us know what you eat the to this video is currently unavailable this message is ready and I am not able to make the rest of my resume for the use was he took to the next few weeks back and let everyone please find attached a picture with each of the most important is the best of luck to you soon I promise to receive your email and any files transmitted with please let know the details at,5
28006447-e50f-4e6d-bb56-9ff6445a1b6b,Referral e ka hai kya aap rsir se rr ka payment r k liye,3
a043c3ec-a691-46e0-8421-eaa0279373cb,Best app for businesses and many more,5
b53f465e-f9ca-4b6b-b2d6-8c68c515e32e,Sadia Khan,5
e974a0cf-83ff-467b-aeab-9fd9b1a0e397,Not working on my nokia,1
8d3cd574-05bf-4e70-b0b5-9793b926016a,Tapas,5
40bf27c0-0dbd-4131-9016-b0bbcb0d5da5,Pla ere instagram ma full reel story ma nhi lga rha .,3
95583495-a621-46ef-aad1-4e033d2d45ac,Better ❣️,5
4ba11cb6-3854-4b35-8278-3db583a0a0d7,Kya gatiya aap hai ladkiya reply bhi nhi deti Don't download this aap😡😡,1
725d3fa6-8c30-48ef-8d62-b93ddc860430,shop button from ads is not working,1
99c3d6ca-2358-4c47-8be9-bcc18e20361d,It help marketing professional work and creates an informative platform where you get to interact with various kinds of content.,5
770c650c-b098-48a8-b433-e297e83484db,I enjoying but face many distractions...,4
48f0793d-2377-4351-a71d-0c9ecf983a07,Bad app,2
1beb5652-d10b-4841-a009-d84e0b449510,Nice,5
ea639f67-7c23-4444-bf80-68048500e8e1,So beautiful app 😍😍😍,4
ff0a1784-abbf-4b34-a6ea-99f427ebfc5e,Nice🥰,5
f333dfe6-c0df-4d80-b265-cad071ed41dd,Very good app It is interesting It is too much interesting It is not boring,5
c07573bb-5be1-4cff-89cd-55f2df622c8c,👍🏻,4
6abef5c1-f24f-4aae-932b-dc31ced6bb63,good but in my phone reply option is not showing,5
d7f970fd-86ec-4b13-b859-9066860f326f,888feet you have the best to do 8,4
b9bab29c-421e-43c2-874e-877a87a21a16,V. Good,5
248fa68d-eed4-495a-a867-01e4d2eb0a07,Best,5
d1c82d91-d617-4394-b948-8155acfcbc2f,App was glitches but it is very nice futures,1
ded66e04-4af5-48b9-9b41-54ac72e43a14,Awesome app!,5
7fb1bda7-8360-4cda-a15f-0af7d8efe287,Thank you,5
97c67d46-8b9e-4e64-83c8-40edd5ee9f56,Mast,5
4f367cbb-9143-4597-8d2c-5f52310d902b,Best one so far<3,5
2afe9675-e810-4440-9a1c-7b45fb89fd04,Lodu aap chupa lagaye mera,1
6a07bf0a-8220-4279-aee6-c7c8b25bca97,Good I like insta gram and filiters also but I choose filter the. Camera will be coming photo i don't like that one good instagram iam 😍 loved,5
d4910684-3e89-43f3-9f1e-4a419bdf2c49,💯,5
f06c8f37-fbbd-401a-b6d9-57475de8d795,Instagram is best all in one,5
95cba2b2-7421-4f75-be63-744419e98fb1,My experience with Instagram has been very good,5
b1d87416-ac02-47d6-9099-6a5dfe77f268,I'm leaving it,5
e3c11559-8284-44b4-93a2-7c3acc9c2c8c,"This app is terrible. There is no way to get help if you have been hacked. My daughter's profile was hacked and she has sent numerous selfie videos to verify herself so that she can get back in to HER OWN PROFILE, and Meta/Insta is too stupid to see that it is her in the video. Are we supposed to just let people steal our identities and get away with it. If she was gay or trans, maybe you would help, hey? I'll chat to her about it",1
1a752e72-9be8-498a-8147-8b6e69430134,Amazing,5
fc8a84ea-60f7-4e49-8fc9-99ea8cd4ba88,Best app,5
bd6a1e9a-5f5d-43fe-9b87-623aae8e6754,Full di can ek can can CC gv c c hjhhhhh in hmm ho bhi. Jjib,1
9e5399dd-0cfc-48d2-ac89-f705c47feed1,Its a good app but Indian parents don't allow to use this...,1
dd9791cf-0f35-484a-9f0b-8e3dfc6b6666,Pretty good,4
a6a10a32-681a-4aba-89d4-8768213d8a31,Please update,5
25fd89a3-5e87-4364-a463-d9b6a222938e,A supperrrr app,5
180c6b13-5e6a-4800-bb24-c9bf2ca5b64b,No thanks,2
672c9018-cbb2-466f-8075-cc79398942ba,Brainrot,1
125af842-d168-4140-a4c5-64499a23e807,Awesome way to explore the lifestyle,5
de9d4eba-4cc9-4757-b2a9-b738feb98240,🥰🥰,5
a0157be7-117b-4d13-8421-c35c2a7e91e7,Super,5
62a5ab83-f3f2-4b12-82b9-8661924cf597,I really enjoy using this app 👌💯,5
20b58a8e-2320-41d8-8406-684837ece48e,Vgood,4
242d326d-8742-4c08-9522-25107d029b6a,stories archive missing a lot,1
93b194ad-faca-4014-ae23-350322617b7c,Nice app,5
8eff6789-8259-4273-9f4f-aa93dd3299b4,Best,5
5cbf008c-1ef4-4795-8d92-9ad61ffc4aa1,Backwash,1
1381113a-e9fb-4b07-98a2-0987cab00db4,Instagram download,5
750ce2f2-8c1d-42c0-bccc-45fea021e37c,Most beautiful song,5
608e3b8c-a6f5-42a1-a9f7-20c0c040a63d,Super,5
ceb9b08c-2618-4bd5-86b3-513956235172,My facourite,5
8a17ad0b-3ec8-4360-bb7e-5bce9d8d8c0b,Most of the time this app is under error,3
bd93e7d8-16a9-4e79-9b0f-198c59c7d59d,So happy,4
0fd2bfb9-078a-493c-83c8-461cd12e802d,Good,5
8e9cfbe1-f156-423d-afd9-1898cc3cd0da,No update till now..,1
a12043ae-badb-416c-8dc6-2439acf64284,Koi to accept kr lo ladkiyo meri request Meri id 13_perfect_sagar_03i_,5
c895b498-3784-4d7c-bb57-0107bc92ba90,Fabulous app ❤️❤️,5
c0b71659-00df-404a-8928-0ee024a44573,❤,5
7c38d4bb-6cad-4872-b3b9-85d9a0f34b62,Xw. ❤️😙😚👍,3
cc710bcd-2c38-48ac-b127-7746de9e9600,Best social,5
7030842b-b63a-44da-8c77-1ac612b46b9b,Nice,5
98b96385-de29-4bff-9794-e6ea89dad09e,Gonna give 5 since I usually use this apk. But wont cause my account got banned 3 times without obvious reasons,4
6dbea9a9-e439-49be-bcee-f33638cdfacf,Best social media app👍,5
02c9d31a-94b5-4e87-8327-fc5791eb326d,Instagram please flowers barha do,5
31f58a56-0120-419b-aa7f-a0a5504810f5,Ye app theek se kam nhi krr Raha reel me lipsing theek se nhi ho Rahi,5
91cdced2-0b02-44ad-87df-5825b9670e88,Very good application,5
2d6b4bc6-77c2-473d-abc2-30cbb79c6d99,"It is my petsonal experience, so i can say that, It is only a plateform which give chance to new creater for to be a big influencer,,,,thanks instagram.",5
e068fb9e-39e3-4d4a-bf03-15e9d860afc6,Banyak Polisi nya membuat tidak nyaman,1
88076639-75ba-4b1d-9211-4dee1e69d8fd,Follow me on ig id karannnn._08 Thank you,5
07679101-0ee4-45d2-aea1-a89f377a56d6,🥰🥰,5
592dae58-5a36-4ae7-977b-383dbc893842,The app seems to be problematic as of late. Seems like there's some bugs. The performance of the app is not as good anymore,1
5fdb6daa-5293-488e-b678-2623e9df8379,Bhai insta walo yeh ky hai insta bhi dhnag se nahi kar sakte ky video dhang se chal ni ri hai isko sahi karo phele 2 star bas id banne ke de rha hun,2
43f5adc2-6292-4192-98db-33ad95014ed3,"Please, add the option of ""set timer"" in camera.",3
4e795cd6-4638-4bc2-a85e-eba690fcb3a3,Nice app,4
40197609-dede-40ff-bfa3-8eaf57d6195e,Love 💕,5
133ff8b2-219a-4d94-9738-96f6bfe069da,Some time worse but some time good,1
5d71e80f-23cf-4a2a-bcd2-ae4e6d86beed,Kk bhhu,5
89674053-67af-44f2-9278-b8690a406eb7,Photo edits are not applied after I press the Done button. Trued updating the app to fix this but it hasn't worked. Please address this,2
7b5c77c1-e69c-42e2-a40e-efc02d7c1017,HkimullUser,5
91c77cc8-32c8-4097-bb54-032dd0f42403,Best social media app 💗💗,5
1a529125-3eb7-4c32-a887-f71a9732198c,I am trying many times to make account but all the times it gave me functional error for about 1 week what's this can u plz update your setting.,1
68037a11-9974-4254-abae-39d988aea94d,My camera is not open this aap please solved it..,1
b367e1b8-2e51-4e1e-856e-2f7e496a45c3,"I use it daily to post story , reels etc I love it and I need some advance features in Instagram but in it my most of the data get spend and I need its data speed like whatsapp smooth and flexible",5
74be859b-3331-4fc3-8784-eb3d9a4ac685,"Love Love Love ❤️ a lot of love to insta, it's developers and it's creator 💕",5
d70bb13e-ca89-4dc2-a975-4a45c2e3e75a,Too good 👍,5
ec30dc49-bf3c-446b-ada1-2a13b27797b5,Nice,5
3cbcbb03-4313-4861-b061-24e2c14fc526,Glich in app,1
1338edc9-ca23-41c5-a0cc-6632a64f417c,Bad,5
21a2548f-0eeb-420f-9260-9b6779b329fc,"Instagram is showing a glitch. I have posted a reel that no one is able to like or comment on it. Instagram is showing this reel is no longer available, but views are increasing. I have reported the problem, but they have not resolved it.",1
785a1b78-dade-4fad-924e-b9e059ff503c,Bad,1
598d3e5a-fa17-4994-8e01-26927d7743a3,Klllpi it.ml,1
76c199bb-2910-4aed-ba48-8feb0962faa3,Good app,5
ed0ec25f-7de3-42f1-a8ae-cbf120cce5c6,Hacked my account how change the password 😭😭😭😭😭😭😭,5
e2b5b60b-099a-42bb-a29d-9d5ba0f339e3,Ok,5
178eb612-ef73-4d1f-b60c-03509b2d6fae,"Tha most popular app for insta , and 100 present secure I am using in this app the very full app",5
4a0f296b-bbfb-46a1-9226-fea950eaffe8,Mayesha,4
f0288673-9d14-4ccd-b086-c5dbb4085f18,"This app is so unbelievably frustrating😭, many bugs glitches latest update Nice Easy lanterns on Good Great best app bad I remember the child in the manger as he sleeps. Wherever there best social media giving gifts, editing cards.🤸‍♂️ is truly in their 🗿. Every time i open the app to sign-in my account, it always shows page error. I tried numerous ways to solve this problem but nothing worked. Deleting and clearing the data, reinstalling and restarting my phone didn't work😞😢Pls Fix this🦅.",1
8b698756-aa9f-4186-864a-0750d03c2daf,App is very very good 👍,5
992b92c5-fd2b-4636-b173-ea7c6d7aa6c1,Very good app,5
53de4522-b776-4d7a-a328-4071ad20cdf0,Bom,5
36839315-5e03-46b3-a93a-e2266abdd80f,Nice app,5
c6cc3f94-a99d-46c0-bf81-6232bd3c5212,Cool to be with,5
a3160397-8fd1-4403-80e5-aa4387c93d27,When you watch a video this app can't control the screen and it gets off and when you turn on screen you loose the video and something else appears. While they can't fix this stupid bug it worths nothing.,1
34f59d27-7e1b-41be-a152-2aeefde49081,🫡🫡,1
7867b691-19a1-4be8-ad83-3c45d974a76d,Shoaib,4
ec25103a-9882-43b6-8629-aebc5be0b2db,not updated,5
58fb8391-d664-45c4-8712-1e0d9006b3d0,App is nice,5
f0c478c2-682b-4e83-8d28-41eec084d689,Good,5
e499d7f7-9a2a-44dd-bab9-33cc3208947d,Nice but my video not upload I Don't know sir please help me,5
f0b89e81-6a90-4da2-8c95-d7a8fa82fc89,Khushi halwai Instagram,5
5f57acb4-ddc1-4ab4-b44b-b728dba22b13,Good app,5
9857812c-9461-4401-ad2e-12a6b92d5aa4,this is a nature of Instagram will be care,5
e58ce0ab-dfd3-431f-a941-99f26ed6e242,It supports the israeli genocide and doesnt block the accounts working for the promotion of the genocide,1
9a8560b2-1605-4463-857b-22cc38fe1683,Good,5
2c57adc7-ae51-442f-b55f-10bea14d42ee,Very nice app loved it,5
7d959ddf-29d8-4401-a273-12d71f199df1,Good...... Hmmm....,5
191b232c-52f6-4207-a93e-398353b6dd9b,"In the note option there are many song that aren't available, please fix this and upload official songs",3
6cfc361a-8d33-441e-8982-51108507edd7,Super se bhi upar ❤️,5
fa5ccd40-b8d2-490e-99c4-868c41ea1692,Very nice way to share thoughts. Really impressive.,5
61fae7f7-0466-4800-9080-403c80baa3af,App is very very Glitch,1
682b5cf9-9eb4-43ed-88f4-192f1e57f163,App is too good 👍,5
77248e9e-2174-4987-8f3c-2c41d7d317f6,Nice,5
08738071-9f88-4ec8-893a-cbd0a58b82eb,"soosn❤️‍🔥🥰☺️ n,abosbmpsk n,oke , b🤗hdjob",5
2ed7a43f-e21b-491d-80e1-bb6697b4a14a,Insta is life,5
a308891a-1f98-4672-9adf-a46b22d2a93b,Can't open the app since yesterday,1
bd16fd9a-311c-49f2-ae22-159c0dae165b,Not installed,1
0e503f0d-7f05-4063-9da8-84936f2ef58f,One of the best!,4
4e002266-bf6b-4ebf-88ad-cb46f9bd060c,Update instgram new version posting,5
d74dc807-a2f1-4680-b5b8-54a612cf81f8,Good,5
d3f7652c-c025-4630-a2c1-92d70c1cbc6f,In stagnant is fire,1
c1ce2ed3-21c6-4c31-8fd4-ff2fa09fb42d,Fantastic,5
803f59bb-d26a-4057-af43-f04c4b3ba728,Best app in the world,5
2dc728fd-fdde-43e8-a11c-3f1e7de03990,Very excited,5
b39461db-3b2b-4b26-af07-8d9c0fbafdbb,🚩🚩🚩🙏🏻,5
bafec37a-ac3b-4d0b-aafb-c71e723d0e28,This a good 👍,5
089abbc1-a605-4ad9-b23b-4f14fb7c6a71,Very nice app and it helps us interacr,5
139a3ee6-0640-4937-9e4f-fb821c0e5015,Ay,5
5f365b3a-6288-419d-a57f-02b07585c506,All-arounded & Best social media platform to me 😊,5
5fbdb68c-cae3-4a81-8794-44d223902d30,I can......,5
bb98014c-b8e6-4078-b494-f79c8e817dd0,Koi reply hi ni deta🥺,1
bc305d25-2ff4-40be-b668-437316143d90,Nice app,5
1691fb55-3f5c-4f4f-9208-ffa0505332f8,I love Instagram,5
a8308cef-025f-4309-957b-6b8bd421bab6,Very nice,5
02d8012b-75fe-4430-9ee7-7942cda0c464,Blaw blaw blawwww,3
1bea062c-9319-4b73-a113-3aeb6c371917,Nice one app,5
12702dd4-4bee-412c-8eb7-700734d6dfa2,Good,5
617c8d8a-09ba-44eb-a498-8d3ddb56195c,Follower increase plz🥺,1
4f43bef5-30f9-4aee-b1b9-215425728484,Nice app and plz viral my videos 🥺,5
35638836-20dd-41fa-9cd1-f290734d21f1,It's really great and fantastic you can communicate with all around the world an watch posts from any country,5
e92ddf5f-cfd8-4ffb-9332-2416898e1d53,AkHil,5
65babd89-2663-4f90-8297-3709d504d4d6,Very good experience,5
ac0e5912-01de-4ce9-8286-babd79050786,5k flowers,5
5399332f-2701-4838-ad0b-3264961b941a,"It's so buggy it's mindblowing. Can't even edit reels and crop media. The UI turns black. Can't boost posts. ""error, please try again later."" notifications are massively delayed....",1
582ad6fc-1399-4999-a6a2-bea4cdbff6e8,I am very glad to have Instragram,5
42694b2d-a191-42e8-9992-f0e9e1f359ed,lovely aplication 💕✨,5
98a34547-9432-4dcf-9c36-2e003a8f1597,Channel create krne ka function nahi as raha,1
89c3afa3-3010-4f6f-a8a7-8daa0c4286da,This app is fentastic,5
041c9705-6212-4967-85ea-ce65ee1f5c72,good aap,5
64d4b342-228c-405d-a516-f4eac0f68e3a,Good,5
2fb52be5-dd1b-4270-9c58-797ab81e108b,To<oooo< gooooooddd,5
f4121402-246d-427d-a777-af77a67d3fd5,Very poor always says close app or open again,1
6eb417ca-5bb1-44ab-ad87-2262cb1982cc,Love it,5
a9bc297c-8399-4410-b4a0-21ede8f145fd,Nice,1
f34a2819-e692-4581-905d-32512c41bf80,Goluyadav,5
2662bbc4-fa1f-4f45-9019-11f68d7174f4,BSDK app,5
a0618b89-d33c-470f-a85e-35aab484b40d,Super App for evertime,5
c0d3b195-8641-4fbf-af54-137f297a9acf,Instagram is such as a amazing apps in the world..,5
89565463-5c89-4edd-8409-2ba4f62665cd,nice app,5
eb8d2593-b55b-4174-8947-db147c082111,Timepass,5
a68c5048-39eb-4a99-b7eb-25bc85d31847,My life is happy insta,5
49427b4f-89cb-4b1a-867c-a56cbd14e1ae,💕,2
b0ad52d8-ded0-4903-ab77-744b302393f7,Best,5
35465708-9dab-4b22-b852-603b9c66ef15,Encounter to share mydy to fb so berry slow shetb,1
80d594dd-9063-48a9-a986-7d58df2fd21f,Follow and like is crazy too,5
10963485-264f-4c46-ad99-76c6428b0fee,Please give me 6k followers,4
60943462-2dba-4b05-b63e-f9c506321052,It is a good application,5
b2a410b6-0824-4a01-84e0-0847df3a96d4,This app is overall good. But the only problem I have is that it should delete the accounts that are inactive since 3-4 years,5
a81cff6d-4465-4c18-bbaf-313deacf5638,Very good app,2
17e5900e-61e0-4d00-861a-93095cefcd6b,💙💚💛🧡💜🖤,5
e44ebb51-c018-4900-b512-69a35f95e81b,Nice,5
d05ccefb-3490-4dc4-9ba9-deac85918bfb,Love this app . it's full of opportunities and new beginnings,5
86021fa7-3a15-4ff8-84d6-5ea0513160f6,Good night sweet 🧁🎂 hai na Devi kya hua to be a part 〽️ hai na tu all the best of all the way to be the to you and your lovely se hi ho abhi khana khazana tha ki wo to hai na Devi kya hai ki wo to be in the way to the to be in the same group of the way I can get the way you and iCloud her to the to be in a to be a part 〽️ hai to you too beta the way I,2
5a682b02-50b8-4bab-acf4-3ddca239abc4,not bad but not good,3
6763538a-16ec-4329-8705-fae8ee024640,stupid app,1
e054bb46-553b-49f7-92fc-4794db4bf57f,Instagram a very useful app he is a most viral app,5
d307e817-67c5-4fbd-acc7-e2269bb3f10b,Lajwab aap,5
3f1a7789-94c1-4ade-879c-a0dec97ab955,It is very beautiful app ever ☺️☺️☺️☺️☺️☺️,5
e4a97f0e-2f65-43bc-bc7a-6fa49f479e00,Make it more user friendly,3
ef477bb4-40fc-4ee7-9959-63bbaa3eb2de,Pleaz viral kardo meri video 💖,5
90f45520-adb8-416c-8ab3-ef670eaf7137,Parubal Dukare,5
506b3eb7-4d79-4756-b8df-10a00b6d2b48,It doesn't give me update option,5
edd9c8c7-04a2-440c-a861-d65803a22dbe,Instagram walo story par ache song dalo☹️☹️☹️,3
6932b9d8-74e6-481d-bb08-24cd184599be,Wow best,5
1f804e85-8b79-49cd-b1c2-ee8a30217297,Instagram app is very good but even today there are some problems like bugs which they should fix and they should also work on their support system so that people's problems can be solved properly.,5
9497081e-ad81-4e69-b821-e03f20fc8d32,This is good but one problem this is very very very very very very very very very very very very very very very very very very very very very very very very very very very very very very very very very very very very very very very very very very very very very very very very very very very very very very very very very very very very very very very very very very very very very very very very very very very very very very very very very very very very very very very very very very very veg good,5
3329251c-6305-4d60-8cac-b537d1e08293,Good but do addictive,4
637e3326-e8dc-4078-ae53-c114aec97f39,Love,5
a3406faf-4277-4dd9-99e8-c6731c208b94,"Hemdyodfirhhfsdbdiz n, on the same hi hai by song quotes 😂😁😂😂😁",5
9d211e8c-0fa2-4bee-a72a-8b289ee2e8eb,my ID neam mr_faishal__786,5
6ec2ff18-d05f-4bc0-87ac-66f59439271a,Bhai faltu app ek bi ladki ka msg nehi ata mat karna download,1
1ac6d3d9-1479-4b98-a0b6-3703b626e83a,Run by communists,1
6639e2b6-5f7e-4ea9-8816-b3aeaee27893,best app,5
0064ec68-bb45-4700-bbec-9332dd74c227,Facebook connect ka option he nhi hai 👎👎,2
6808aa9e-4378-4b46-82f5-3c622d7a1a4f,App has some glitch like group chat in ite link join option is not showing and say this feature is not available for everyone yet Instagram. Please fix this,3
9727b057-5f30-467d-8a27-72a4accdcc42,very bad,5
570c0481-cfc8-4fae-a1b8-e577cf74931c,Bedding,5
6e8c6a69-73a4-440d-a191-ad978371106f,Hey what up,5
b96afea7-c1f6-43f1-b465-944a275baf94,Too many suggested posts. I just want to see my friends and what I follow. Edit: Now my commenting is restricted when it says there is no restrictions on my account. I spent way too much time on here anyway. Time to take a break.,1
543b14a3-b7e7-4418-93b8-9e0b97df855e,Good,5
c135530b-f0a1-4de9-838e-33b95c76657c,I just really don't like the reels function,4
c70cfc83-4ce1-4c05-b503-bd9d4294c9fe,Nice and beautiful and uncountable as stretch by stars 🌟 🤩,5
7601ed48-d8a9-42a3-889e-a5688fc5f6f5,I like it.,5
6c6de65e-d25b-4dc4-8806-bcc8056ffdf7,Very best,5
ef68f243-b0b6-4fc4-926a-d2bfd041b4c9,🤩📱😀🤩🤩🤩🤩👦🏻14👉🏻👴🏻49,3
978561d6-224b-4b4c-9f94-0c0b9c5b21db,Sorry if I go out off your rules and regulation,1
fe063555-9944-4921-bd40-54727e58e5d9,Jay shree ram,4
fbdecab8-0abe-4b8f-adc4-2046a536cc4d,"My art account is constantly stuck on ""follow your Facebook friends and you'll see their posts"" like I don't already follow people. I've uninstalled, exited out restarted and the app still won't work properly. The only thing I can do is look at dms now",2
327042fe-6d8d-42b8-97e0-22804e0c19f8,"Mark Zuckerberg is a douche. He managed to completely ruin a great app. Now, we can't make comments bc they will automatically remove them saying I'm trying to get views and followers like the bots they all on the app. No, review, no appeal on a clearly mistaken take down. It has happened 4 times now. I'll party hard the day I hear Mark getting what he deserves.",1
7ecc42dd-04ba-4b2c-b944-0ff8f386752d,Good,5
bc95816c-185b-48fc-b3bd-6d25794daa86,Cool but mind reader,5
a6fe2b6a-9c8c-42b9-8383-505ed0893b1b,Good app my fav app,5
abc2aaf6-0930-4f7d-ab3b-405d3e97e213,Good app.,5
a958ca21-9e6c-4aaa-ac5c-e60da2c8c117,👍🏻,5
219f134d-d98b-423f-9ded-ccbe8428f87a,Nice,4
bac5dbdc-157b-4996-b584-c48c38c0e7e9,Sk Rafi,2
ce03c1a2-bc4a-4877-9004-3207bc4129f5,It's so good to have with chatting with unknown people and get more experience for me,5
912fc6af-8b4b-4e7e-aa12-0a839737da9b,Amazing,5
a1dd3b93-c8ad-4706-9903-2ac952dc45eb,I love instagram thank you Instagram sir ✅,5
03ae7fc4-9b66-42f1-bbb2-9d5419a6af92,Very nice,5
a1ddb04b-324f-41ee-8ff2-ffef98d6b5db,Rolex Instagram ❤️,5
9cc6847a-00e4-4f91-bc1c-81e1170d9e07,"Too good 😊 overall but sometimes it sucks literally........even I replied to texts that wouldn't show up to those whom I replied......my stories sometimes are not posting, I can't mention anyone in my stories, please look forward for making it more comfortable and better, it's a humble request 😃",4
06b08762-9fe9-4c47-b5b7-b84eda977334,Lllllllll the same day as the winter Soldier 🪖,4
40003c9d-7c45-4d0b-8943-721910db1a03,Nice,5
ca4d1e01-b9ca-470f-b1c6-842942e7d422,It's a great entertainment,5
5cbbb035-09c0-4d7e-989f-1de7b87d4fa4,Bekar app hai ladkiyo ka reply nahi aata,3
43847740-59fb-4a8f-bec0-23cc48717858,Excellent,5
e4c646c4-a8ba-4479-b2ad-ca0142d0ae46,Good,5
bbc47940-7dbe-4ac8-8299-205310443652,best experince,5
2945d0e2-9b12-4c33-945e-07fae1e449cb,"Reels are being pushed too much. Content creators are expected to post atleast 3 reels a week for their engagement to go up. It's ridiculous, they just want you to spend your entire free time editing, creating content and post reels without even getting paid for it in the UK.",1
6e874ab7-0f26-4ec5-af0e-2984bfcea003,Wutfyy,5
cc2745a0-4948-4034-a623-d1dc2cb12dbf,Very nice Instagram,5
7debb833-6fb9-4021-b86c-961bf6b5acde,Go,5
d462ffa9-7438-4948-8c9a-09219b0a0ea6,Jai ganganath.,1
c8ac619d-1218-4a43-8e47-832082ec8b7b,I am so loving it this Instagram,5
bff2e1de-fa7f-4b24-adab-be26fa14738a,👍👍😊😊,3
704e0571-609a-4e02-ace7-51ed6ecb57ef,Superb,3
534740da-f8aa-4480-bca0-50085403f1a3,Good,5
da1989b8-dced-463e-8e1c-31a9b6ca5132,Moj,5
6b628152-2947-4f33-b0b0-6c82e3e6b6c6,Instagram is best aap 👌,5
f4128edb-cbaf-48a7-a06b-fcf63470925f,i really love this app so much so gou should try it guys,5
0ff57196-d073-4b70-8803-6775f02bbf96,Not good,5
ea928b01-4ab4-43c3-8be4-5f1f9012ca4c,Very good aap,5
3f3fa6c5-255b-4aa1-a611-40f34bfd1c28,The app isn't done well. It's too difficult to delete uploading reels. Also the swipe up hint is very annoying (can't it be just once).,2
852405fb-19c7-4590-9815-974b09699828,Update ni ho raha,1
96d70459-5120-4fcb-ae64-8be49d4d73c1,🤩,5
7ca78ce7-dfa0-42fa-98a8-c0f206bfeb67,Mere Instagram par likes views nhi aate hai,4
57f460b1-c3a5-4520-8a15-50493ad35fd5,Ok,5
13faab0d-8c9d-4592-8a58-ecc24d7eb665,Viral reel quality 55m,5
14da49ef-cfb7-4a75-bf9b-39cdba7ffc56,Very good niceeeeeeeeeeeeeee app 🎈😌🥳🥳,5
11e18663-f7d3-47e7-a714-4d6a7d6e77c3,Nice,5
ee47978d-77e9-4cd1-8a21-c0ce11f00d77,It's a very good app but I can't use some features that others can for no reason no matter how much I try,4
74f8cd1e-ed2a-4f05-a619-aaf8ed5d7afc,Can't mute reels by tapping. Just pauses it. Useless.,1
c53f74ab-e03f-4927-bbc7-80a4f5aa0e06,Nice,5
598f4bed-7fe8-4d46-a738-d775b755c95e,Very impressive 🫂,5
c47643e8-efc2-4338-b0b4-33e18ebc08d5,"Osm ,😍😍😍🥰😍",4
ae63e0d6-92ba-4aad-b3b0-11ca210a5a25,This is trustar I will rating in a star 7.7 star 🙀★★★★★★★. 👍👍,5
a969023f-3aae-4039-a05a-94a1bb7f888b,Amezing application,5
a27db96f-9db4-4208-9e10-5dcddbff180a,Mandira roy,5
a37d6665-b240-45aa-8e98-e4e1805bc722,Just brilliant but not quite satisfied 😑,5
ef269d7c-06d8-4450-8dfb-53766ba6ab4d,((((Hello gayj ))) My. Nena. KARAN... KUMAR. My instagram and Life is good good and Vyrigoob 😊😊😁😁🏠🏠 My. House dhanaha and.. Gram Padrahi churha Good naish aap Sbhi Bhaiya ko 😍😍😍 Jay shree ram 🚩🚩🚩🚩🚩🚩,5
55916172-3c99-4f73-b336-a7cc72caa26f,Ayushkumar,5
609f286c-aeaf-4f32-8823-52f4149ee813,Nice,5
fe6d9369-fd54-4854-8cce-d2a1ad925082,Azam khan,1
7510ed91-2c11-4102-a43a-aea47b68217a,Bosster,5
0d3e154f-3d00-4469-ba48-235ec19dee00,Good,3
2dfe7477-52ed-4669-adef-204074bbd0ac,Hi Plish,5
9b0edcc6-23ff-453a-9302-7ca24f382b5b,Nice aap per mera reel viral nhi hota 😥,5
c63108fc-fcb6-46b2-bb78-f660ae177d7e,Reels are not like before. You can't go to the next reel by scrolling up,2
1f7861b7-10c8-47f9-a4df-17c6eac8a335,Good,4
f997afde-1390-43e3-9b98-050bb9933905,🦋,5
be2ab102-596e-4b80-8879-211f058f9efe,good 👍😊,5
feb03e3c-a93b-4fed-8ea3-d725addeefb2,Nice,5
7655b434-21d8-4409-96b4-1f73582486d5,Its fantastic app in my life ♥️ thanks to give us this app,5
36fccbde-9ef7-49a9-8c6a-ae13cb19a161,Bhai log Instagram Faltu app hai ek bhi ladki nahi Patti isme 😈😈😈,1
b9232f21-e25b-4e99-bc51-8a5e50079a7d,The best app for timepass,5
c7cab9a1-bd70-421e-9932-a4bded8606b4,Ok,4
d00ecf04-2077-4a24-999f-ebbebef86f24,It is a very good app I like this app,5
c86f63ee-8972-4533-b379-d00221f769b7,I like so much,5
a50cda67-9c40-4e14-b82a-5ae009dc2ef6,"hoey bat nag sesend ng random message sa iba, sa isa ko lang naman sinend nasend sa apat kong kaibigan??😭😭",1
533ffd05-666a-4052-8b23-3919df4bc500,Piyush Tiwari,5
fc6c742f-875d-4648-977d-497194e45c35,Ashok kamti Ashok kamti,5
8bf31802-cf88-4490-a1a5-e8fce7db4463,Oloo.o,1
c35b3d0c-89b0-4259-8d20-8bb00c057355,Himanshu Malik,5
8d95fa70-366c-4d31-b9dd-37dd027a18c9,Jordarrrrrrr🤩🤩🤩🤩🤩🤩🤩🤩🤩,5
4f2c2784-75b2-4c41-8fcf-cb78a326c177,Good,5
0cf87802-efaa-438a-aed5-983511036ad1,moeen,1
90669cd0-d11b-4b91-976c-9d227971544c,Vanish mode not working my account,5
6bbc4b27-3e14-499f-a226-20ac22613dfb,Very bad too much steps to log in.,1
3543ee46-aab8-4fa4-ba08-cd317f7681a5,Good,5
afd71e66-21d1-459d-9f27-af0f771450ac,I love Instagram,5
4641779d-b3bd-4dc3-b086-59c2197400d9,I am very interested in Instagram,5
0ba69e57-e967-4d42-b063-846d54cb5005,04/7/24 wala like karo,5
8b74c499-52d3-4fd4-8182-bd8835c0b46e,This is a best social media appp...,5
cfc2f973-495a-450d-83ae-f5b6223cc3f9,Use for good things every thing is good,5
9a8e9739-a540-4db7-86e2-6e3c1626d1ce,Should give app lock inbuilt feature. By the way good distraction 😄,5
eb7bea83-3df7-4f66-8bdf-b979379593cd,Instagram 👍🙂,5
ac4b5ddf-1d55-4065-b9b6-f0f63edda4ee,Good app,3
1d9080b9-8a9c-4543-9110-b481fee47ead,Powered full aplycation,5
8d449465-9075-46cd-9468-99fe911b2cb2,Sameer,5
2a2b2bb8-3815-4de4-a8c8-690f5952157b,Excellent,5
8a23fa1f-bcc9-4202-8fc2-3b2d1f49e86f,Worst app very bad algorithm and too much app,1
cd5d3852-6b98-4b4c-815d-bb8727c45a71,Instagram is a good app I love it so much please try this app one time I hope you will be happy when you use this app ❤️,5
2c3156e9-39e3-4f13-960d-171f26a5178f,okay thanks nanba,5
ca63ef1b-76f3-4354-b1b4-706a5860a9b6,Itz a time pass app 😅😅,5
25b753fc-5cac-4248-9802-8c97b17716c1,My love instagram❤️,5
fd08885a-132b-4edd-a25f-0c49c422e641,Nice,5
a52a230c-b5cc-4b8f-a98f-9e1dc3b28066,Nice,5
dea23cd5-1e13-4767-90eb-56d981856190,Time pass best option,5
4bdba6cd-c0f3-4899-9f9f-82e562de6269,"Hello, good morning, my Instagram login is not working in my mobile, please allow my mobile",4
2d6353c6-aca5-404a-808d-86ce5038fcbf,Adhitya,1
c3cf48d6-c3bf-473e-9684-a5d41ed99cde,Very good,5
86c8b94a-8fd6-4a5e-96da-31af3637a044,Following,5
51b756b4-328f-4c68-93ca-b500dd621fef,O like reel's,1
408f49b2-6dda-41b7-9266-1e82bced1b30,化天間美、、。、、ー、馬あ,2
3b548c79-af4d-484d-b118-603599009cb5,App Toh Theak hai par Video's Viral He Nahi Hoti,5
05cfbc9a-a39d-4de1-9955-ccf4d40a6d89,Very good app,5
3df5005e-035e-485e-8326-b44c976c9d93,😍😍,5
e4db4e3b-82d9-498d-affb-f5bc1c69f98a,Wow 👍,4
6063d30f-0c22-407c-b9ad-d6c01d6ac7c2,To go,5
03199c94-f02c-41fd-8358-60b09d7ff03c,My galary not working,3
675315e7-8c5d-4569-a56a-08348c98dd99,Best features,1
143349d1-78c1-40fd-89de-b3c5eff5c32b,Great App. The interconnectivity is just seamless,5
8347c2aa-9de7-4eea-b5ef-e8babe4abc49,ladki kiya bao nahi dete,5
859f4a41-c209-40ff-afad-c6e4e9d71040,Amazing app!,4
2d06ff8d-a6f7-4ac6-a7fe-d3487e6d6403,KB yboy hoe uu u havepltml,4
b5a9c47e-b231-40b7-bbcd-94ca5727d0a4,Good,5
96c6f0ae-6b56-498e-83c0-e8655ec88ae7,It's great 👍 platform,5
ba2fd4be-dcd9-419e-a2a7-a60696ed4651,Impressed by Ozark Events & Entertainment's dedication to perfection. They truly made our corporate event shine!,5
a0094c71-5412-4c3f-bf9a-9d43159ed1ba,App is not working,1
bac569df-86da-4cae-a175-95aa719d0e29,Good,5
e6585b79-9879-4311-8659-dcba5550a30a,Good,5
95f5c182-816a-43e5-85a0-033cfbd45719,It's good,1
b717a72a-4f17-476f-8c2d-812fac609757,Super✨,5
ddd8138b-fb0f-425a-8e0e-eb4ccb86a65b,Nice app,5
931b2c1e-f1bd-4f96-bd07-6446a6f51dbc,Raisa.mahapule,5
8f73df6d-8572-4fee-8c4f-b6c7c8fa77ca,Nice,5
dec35a6a-a807-40bd-868f-13ee4948a8f0,Very good,5
fa52961a-6b29-491d-a468-023f3b703c54,Good,5
ba2c2bfa-243c-4746-b0ee-99cea656e121,Op,5
746c1672-7e35-4a20-a03a-37a092110fa8,"Kishan,kumar",5
04ec72d1-d883-4f37-ba99-60e74b3ea656,Good,5
bdde140a-5da0-47a8-b441-7239ea6eb7b6,Useful always this is safety 🦺,1
cd29dd5b-0df0-4922-95b0-82c72de59170,🤍,1
7f47ee34-d213-47b0-9e6f-1d549ea9bd21,Nice,5
657aad02-a2ea-45a7-b932-8eb0ec2fb045,Useful app,5
2aa8e2ea-47d4-4e62-93f8-878ff278e516,Badhiya h,5
2338a341-79f4-496d-9d96-96e8d9d8737a,the enjoy and so many friends,5
ec0d2972-ebb9-42ab-af21-abcc11005f43,P Iam no mm/ 7 7,1
a4a7f5ec-9b2a-4431-81a5-b2a54f006fdc,Suer,5
09c7f914-23e0-44c9-9154-dd9d43157cb7,Good platform,5
d10c611c-1365-48ca-a394-930318089016,Perfect ❤️,5
02d755fd-21dd-4a37-833d-ff338f241c9b,Not so good,3
22d40a39-ba23-49a7-81da-861b40c1a393,My Instagram account was hacked by some one..plz help,1
76b3e795-5fd1-4792-9970-ff91fa6ae8bf,It is vary use ful app It give us joy and much more Install it and enjay,5
3df09f2a-e66e-4316-8d6e-d91afecc32d0,Very nice💜,5
1de42d49-0493-475a-804f-5295dc294a0c,Waste app my account can't recovered,1
174c7992-07b0-4ad0-afa5-6fd425350a87,I'm not able to download any video evn when there is a download button given,2
c93c8f83-9bf9-44f4-b1d7-e42cf5470a50,Good,5
d13618cf-86d3-44d0-b2e5-a188f29870e1,Amezing 🤩,5
a1d347bf-bd9c-463e-93b3-911816cdbda6,"As a user, I want to copy the caption from an Instagram reel so that I can share or save it.",4
8c492385-372d-48b5-b876-276b70d690fd,I love this app to. I have a lots of fun with this one app.,5
0ff344a1-7601-49ca-8d92-9e3df27fa4c9,Instagram problem solving please fast,5
470e1ab8-098b-462f-b931-45703bce065f,Ok report 👍👌,5
6f7c4911-6bab-4aaa-851c-b2b33c8613f1,"[6/26, 7:20 AM] Suraj Kumar: Hum Tohre Gao Hae Ok [6/26, 5:12 PM] Santosh: Kaha par ho",2
f58031e9-5209-42a3-8ab6-7ec1d00829ff,good,4
66c59c37-8c6e-4415-ba1f-cc168ba31364,Wow,5
7a64ee87-d63f-4a05-aa3f-c865e7f4a2c8,"Cute ____smail__ id, problem not ablebl password in solf my account cute_smail in problem",2
ffeba864-6fbf-4649-b9a8-f346b34f447d,Nice one,5
81ba8e74-0bab-48c4-8699-ce050cdd2eea,Hotfcxbm,1
c5e1965a-385a-4cc2-8db7-54d5bec8f5db,il,4
e4126ac4-5d4b-4c1f-8a4c-09a1238e7e34,Good,5
60f03e7f-ab1d-43f5-b79f-5c4363384e1d,My account problem view sopa ne my account plz niraj_chandravshi143s. My id problem,3
fac3d7e7-acce-44d1-aaf8-fcbb5bfbb104,Follow nhi kr pa rha hu kisi bji id ko please solution kre,5
fc010130-a899-40b3-afe1-e488664c53c9,The chat off vest app,5
07f7b71f-5387-4a80-991e-6415383bb23d,Good,5
064dfeef-38dd-491f-abb6-b067bf8e43b3,Mujhe accha lagta he Instagram chalana Sikh Rahi hu or sab future bhi bohot acche he I love this app 🤗❤️,5
33035348-9d3f-4d20-af9a-f6b3bcf75b01,It's good,5
26d1026f-0573-4ba3-9690-063e396cdd19,So many add,1
297e3f3f-b849-455e-bcbb-56a0abc7217b,Good,5
836863cd-90ef-4791-a894-2f047a77d1cd,Nice,5
b1cbbce4-49e0-425a-90c2-196987663a6d,Very nice,4
9e6e6462-cfef-4960-8259-16a15ded48ee,Nice Fantastic,5
61c0d743-0072-4f08-9e4e-28e5cae57db3,Good,5
0995fc8c-173b-46f4-a20b-cae8c0b1cb9a,Good,4
0e11759e-2401-4372-894e-2906cf5bc344,Time pass acha ho jata hai bhai,5
f01b9cbf-7f83-4f8d-ace9-4f0708cd10db,Nice,5
431fd05b-b617-45b8-a846-ea61e56b0975,Nice 👍👍,5
768dede7-779b-46be-b5e4-ab46ccb97142,Very nice,5
805545cd-256b-42c9-b16e-189a509d88b3,Amitabh Bachchan Deepika,5
c670ea83-1bcb-4c55-bdc7-5870ff77b68e,Ow hellw nawh,1
c631321b-f01e-46c2-bcde-04a88185f4d7,Super,5
8263aad0-cd26-4e87-8261-e799222e6bb8,very much happy,5
206cb960-578c-42e8-9260-943a0e49a2f1,very nice,5
ccf72173-7fb8-4eb9-8d48-0085773adf6f,Op,5
4230db68-be86-42de-9af4-17e8320253a2,I love at,5
ef69ce4c-cdf7-4f58-8edd-e68049232122,Good,5
62e57acc-c82b-47de-8a2c-28799a1041a8,baari aithri app benki full gichha gichha giligili,5
7fb91748-4983-4413-abdb-e78290775ada,Good,5
3871b4b4-f571-4cd9-821e-7fde366fc56c,Access to easily,5
32b821b4-078b-4d17-8776-3b9d81fd08c1,Nice,5
45cd2642-567a-4b5b-b240-62d88bc9fe5d,Its really an great app we can unlimited videos of any type like comedy to emotional and we can talk with our relatives also who are outside the country really it's an great app for me just wanna rate 10/10🥰🥰,5
035f4d5b-b6d5-4454-989a-2b7ea67694ef,Very good,5
04b41258-63e6-4cfb-a1bd-9b851c24ab10,good,5
13c010dd-8e46-4560-8977-6ac60e5a1a46,Comfort place 😊,5
ac8c12d3-61c4-4118-98ce-a88611f56293,Good 🙂,4
2ed1a208-fdbc-4477-89d4-6ab6fc41047b,Just got suspended???? Someone probably hacking me! Oh no lmao,5
6f52c84e-40fa-44c6-a2ba-e00717e5157d,Chote user ko koi nahi dekhta is app mein 👍👍,4
4196b998-5770-4370-a6bb-5b9fd689e311,Nice,5
a2580277-c75c-4c7d-9bde-7c9fc874139d,We love Bangladesh cricket set,1
fa6a82f5-c8e4-43d9-83e1-3921f14188ef,Is it only me....who can't install Instagram?,1
7681eaa8-7cff-4b50-ac5b-98cb42d8f36c,Best app,5
08d27eec-2804-4d14-be15-4b18b3bd0a72,Vishanth sharma🤣😉😉,5
1f857e3f-f9cd-4c4e-9bef-40521c9022fb,I enjoy it,5
315c9719-a377-43c4-aa41-8f55a65070f6,Very good,5
24eac0a1-eb54-464e-b90c-26f4eaa6716f,my account is note grow,5
01024475-4336-4bfd-9f81-1e5baaa0ede0,Good,5
e99ff5d2-bda5-40a2-a759-58a13ccedfa6,Nice,5
1708137b-8b74-4f94-9c7c-4e9ad89d3d00,hlo I am new futures what should I do now my I'd unique _reddy_147,5
8d04764c-bb19-4b87-acd1-e016bb187cbb,This is very nice aap,5
cc300e72-0f72-4bde-b6ad-c9f5d31a900c,꧁ ᶦᶰᵈ᭄ तेरा बापvanshᴮᴼˢˢ आया꧂,5
014a2e57-cbc6-4890-b3d8-e52c4b2dd849,Raj Herna,5
bca9151e-5854-44bf-b940-3cdc5e1c647a,Ok,2
75bffb43-a80b-4e27-ae22-bad6704e609a,😍,5
6fc1d624-cb2e-4e33-be1f-d4fe9d8d0d30,Best,5
9b616ca3-3a36-4af0-a413-7d392d54dd9a,Kalpana. Bari,5
46a05661-d1a6-4862-83f9-bf88cb056813,KanuruRamaiah,5
f8dc337a-0f64-40b3-a630-1e9c5dfa730c,😍,3
69a47a8e-b847-43a4-8c54-0c5396055f34,amazing Aap I'm so happy,5
5ce8b906-8dd2-4509-8c13-c0c35f6f263b,💯👍🏻,5
d304beb8-a245-4b56-9948-7203704ee4da,nice app,5
83dd13ae-b5d0-400c-be79-e9defdf3dd14,Wow so beautiful,5
0cf8d860-4fe6-4987-8b29-de6bfe0f024a,Very good,5
c752d4f2-e20e-47da-9396-e5644ab4f4c6,It's nice not that bad,5
1c6fcb2f-062f-495b-8394-4f8c42861dd8,Followers 1k,5
5d20e067-1b68-47c3-89c5-54b18825436d,Super,5
157de22a-e8be-468c-a076-39879d148314,z😊🙋‍♂️,3
1795a6ea-ca4d-46ca-a603-33c599edc6af,Nice,5
23b5850d-3efa-40b5-ae96-d65807ff6b0b,Don't like,1
c5cae283-7133-4444-8ba4-fbdb28babac0,"Yes, it is good app for only time pass🤪🤣",5
08ef5c55-b0d4-44a0-ac9b-2b816e2ae9f7,Azaa qq,1
5a9cca56-6ac6-4d09-8d09-70ee4161e0e8,Akash hacker,2
1721dde4-b9ea-4595-a2f7-f95b86c6621d,Best aap,5
bbe5ef6c-91b4-4dc9-8fd2-1ae6909f2c73,Instagram 😘 bakchod wala Instagram,5
071aec85-dfad-4506-b51d-cdd535fb3f34,nice,5
9c5fdf5a-bd18-4090-b94b-f621aa25d795,Best reels app,5
7e2ec6b8-eac6-4cf6-87ff-51af00673a50,Wow,5
2d4e63e1-7017-4eb3-a708-e8e4c5be76d0,🌧️,5
c92def6c-3759-4850-a222-cf132e615d4f,Good experience on instagram,5
b7391d88-fe95-4bf1-9ef9-b586e9487ea9,Nice aap,5
cb42c658-97a6-4ff7-9139-767f058db302,It's very Amazing App...🤝🤝😀😀,5
bd6cb0c4-8cfd-47e9-a4ca-9e43ff58f36f,One of the Best social media app ❤️,5
0c90d513-1a64-4b03-a868-f8ea7af0e60e,B hhhhYyahhhhhh uhhhh hhhhhh a Dr appointuument for hujjhuuhbbhhh,4
7471ac6c-3668-4d3c-8511-7c7a8b7b4b86,Is veryy good verry nice social app,5
873c2d7e-f4bd-4394-a006-eabfd19f2e6b,Vikram Kumar,2
e04f097b-2c61-4895-99f4-9f3d091667a1,Awesome,4
682ee38b-b1ca-487c-be18-9ec459077c1d,Great,5
c2f865c1-1ab1-438d-bcf1-fcd85800ec27,Supar,1
a7ea341a-1e91-48ec-8bf8-8c284cc39bb2,Manarul,3
79188711-5bc2-4b75-8be6-55fecbea8254,Hhu,5
c8174928-6295-4ad2-acc1-795b150296ba,Kya app hai 😡🤬1 bhi ladki pat hu nahi rahi 😥😥😥,5
470455a6-5868-4643-9694-087b1c828018,_saurabhyadav_03 please no active show my account please solve the problem,1
71e40654-b675-444d-92be-ead64b089a95,Sapa kumari,5
58ff3d20-439f-42a6-a3ed-398ec8baa7fa,Not so boring,3
7ff58fde-3cf7-4adc-8ffc-2e8e90037de8,Good 👍,5
35ec6235-f9b3-46ef-a47e-628eb5ca2a98,Super,5
db25c812-12b4-4cb8-9441-5482e029b6fb,Nice app... Easy and fun,5
e4c8909f-bdde-4f5d-b5a7-9eab3e8ff1de,Instagram app is the most popular📲,5
80bd1b24-b48c-43cd-a21f-c6eeaf69e135,Am really love Instagram 😻,4
17f70fca-b7f8-40de-9590-73bf5fd68c9b,So fun!],5
69f9bf29-3acf-4e8b-8150-bcf6ba510d74,Great experience,5
7ab4dbfd-ca5c-4d04-8cb2-5069ef6ed19c,Ahrf,5
3ce0e51a-e4b9-48f8-836e-8d0f79f73aae,It's amazing,5
376c7265-32af-4cfe-afce-9d15ef5afd86,Remove backing system please,2
bc850ccd-6b38-4cd4-a62e-f4d70129af8f,Nice,5
2988b0ad-631f-451e-ab50-24ec1a5df96d,Fitness Rahul M70 please grow up Chanel,5
915b4126-ddb4-4fa4-98be-05869bd2d8ab,Best,5
a3ae2041-b438-4ab7-aa07-699202b59f6d,super,5
6b2dd226-f8e2-45a1-b7b6-baf8e5821e6b,Wŵasa,2
14d7e91a-e30a-4bcc-846a-fe010f719e7d,Good,5
35f9f1e1-c558-4469-a5f0-1601d742d47a,"Raunak, janu 1444",5
5da674ed-cdfc-4fe8-b6b4-92623afade03,"Locked me out of my 1 MINUTE OLD account when I tried logging I'm through the web browser, I even put my correct username and password! Now it is making me change my password even though I clicked ""That was me trying to log in."" So stupid!",1
0192832d-94ae-40ee-b62b-e368d5e1e23b,👍👍👍👍,5
f801b0d1-0de0-4b33-bfbf-897b36544cb5,Very good working,5
f7e94194-2783-42e6-9af0-cc6dbdc067f9,Best app,5
b3db27bb-7bf1-4da7-af3d-69f6ccd3c166,Useless app 🫥,1
6be8ca88-f88b-4bd9-ba13-f0cc024de62a,"My internet is down, so I couldn't really see alot of the images. Boo hoo on some of them I wanted to see.",5
d346f727-4350-4d6d-bf44-0d98ddd11b1d,PRISKi,2
f19ca1d2-f7bb-465c-9470-6ff4888eb22b,Naic update,5
a424efbc-99ef-426b-a005-98e08c30c142,I like it,5
ec223807-422a-46da-9bee-e9c7ba7cc1f3,❤,5
3760a006-7a2e-4b6b-abb6-c2eee1215d65,I need views,5
c92fc70a-0d10-4475-ae70-0f8776a7aacd,Nice app ❤️‍🔥❤️‍🔥❤️‍🔥❤️‍🔥💞💞,5
9510c53b-8c63-4ddb-9856-104d6adff5e4,Mujhe instagram bahut acha laga ha very very good and the i love u bolne ki himmat bhi nahi tha aur vo mujhe apane ghar se bahar nikala to dekha hi nahi hai to dekha vo kya kar rahe han to dekha ki i love u bol,5
42cd4a93-b74f-43bc-bdd8-53bd805f1946,Love you jaan,5
4d6ef6fd-4434-470c-835e-37c7f6028b20,I haven't any word to described,5
20e39e7d-66ee-4fea-aea0-d2a05768fa2e,Good app,5
442eda8e-2190-4922-9029-42c9861f5885,Stuttering while we swipe from left to open camera..... Please fix the issue.,3
3ca6e0c1-cb78-481c-b007-65f14f4ca91f,Very nice app and instead,5
14dc08fa-2770-41fa-a156-721dbc9e5424,Very very very very nice,5
db0c93f1-20d4-42d1-bf18-b629e0391486,Instagram is very useful,5
97efd3dc-4741-468b-9242-63cd3d592a5a,No Icon button to post after new update,3
2a3bed82-9276-4c35-b7a0-ce1e140e86b4,Good 😊,5
0612df4b-a07d-4a5f-9140-c2885412d91e,Those who will not use Instagram they are BKL. 🤣🤣🤣,5
1a4246b0-b0af-422d-8def-3070b36265ff,Tare mxx cohxx,5
4bf2d0c0-297b-45a1-bc31-9aa986e27da4,best aap but very nude dance and Nude do working some she,5
e8859665-501d-4a19-9872-ff90c20dec34,Best,5
b3cff672-71dc-4d75-a3a2-57dd5bdb46a3,This one app destroy everyone's life,1
15b86640-0968-449a-8c50-7ff2a0dceff4,Thakur anurag 2733,1
4fa1e6a3-aee1-4996-aa82-0a9a2688fdc8,This is very nice app wonderful beautiful and application,5
e6026fbd-f533-4276-b7ca-916108c476a2,❤️😎😎😍🥰,5
2b15c8f9-1aeb-4f4e-8f39-c54b9cd4f29d,Its nice app,5
41c9cc63-f9c6-49b3-b852-0b363f0bf66f,OMG THE BEST APP IN THE WHOLE INTIRE WORLD (10.1.2017) update this app has no privacy it's terrible i miss the old Instagram,3
fbf1c6c5-1c75-4cf1-9ef6-4795864b06bf,Mast social media 👍👍,4
bfd0e2e1-7da4-40c0-a5e9-c94da2b00c56,Good app,5
eb340c70-ee6e-4f7c-98b4-313839e86d2e,Padm sen,5
c69030c5-556a-4c1f-973a-3672942a29b2,Very good,5
9bd7adb8-7149-4919-9efd-ca0942c31a60,"Superb Duper Hits Instagram, please follow increase support me",5
44563b42-17c6-4811-887a-f37720e8463d,1 q1 🇦🇶🇦🇨🇧🇴🇧🇯🇧🇯🇧🇦🇦🇶🇯🇴↙️I. HoQ HOT Po,4
3e9f7c04-ab9f-4e76-b758-98d9ee9f3b75,I love Instagram app,5
6b2912f2-a3f8-4a69-916b-2918510546d5,Ok,2
db8f4f9a-0dbc-4210-9728-0397e3097d56,Bad app,1
c2b8aed2-a060-41e3-9fb8-7690bd67282e,But please my I'd grow,5
af41e215-b407-4cb9-a23a-8dd8ab892c19,Good,5
a5fe4d15-ccc5-48f6-a940-47aff69e4060,Very well experience,5
8739368c-f3f0-4637-a782-a3c1bb5c1f96,Freaking addictive,2
bf1f4a9e-cf88-4735-aa74-053eda569833,not vedio viral please viral vedio 😎🤔😭😭,5
ea7bdd74-153b-4295-9531-3b01173425c1,"Awesome for skilled photographers, a must needed app",5
7e2e1bb1-4dce-42c5-971e-e92b79f4ab19,KirishRJ,5
ccce21a0-ba9d-4d4c-a533-c8ed2de2b4b1,Music not working on single picture post even after uninstalling and updating,1
08c1b5a2-f766-4551-8c15-ac97eb4b3a28,I am having best moments,4
ae040e53-10ae-453a-a80b-1c8147a9dbd6,Good,5
b2bbac84-e9c0-4722-a21b-288becc26c1a,Good,5
2ccd41a4-f0bf-4274-b3fd-e49ffb9ed953,Best aap,5
74ca1995-a857-44c9-84bf-a359a9b9637f,I used to love this app a lot but the glitch in which I see a dm and go back it still shows as unseen .... Need to fix glitches .....,1
26a449a5-cf78-4668-8014-6545b6225ce2,I am happy with this app,5
262a9870-d472-47d1-8492-c15339ff1de1,My EXperience okay thanks you love,1
d4f4f339-a7ce-452c-88cb-278a03d284e1,Pease of my heart ❤️,5
40692fd7-0945-4f35-9775-ef04b2071d29,Very nice app for everyone Please follow up I love you guys ❤👌,5
58047d7b-8be8-4b61-9886-064d7e050741,I can not get my instragram update,4
6a3b3efb-4680-47c2-9a87-7062e361b70c,add dislike button on reels.,3
44789016-3773-4990-bc34-672de272b4db,Janat,5
17866186-d262-4750-bc4c-2682b4b62cc5,full rating,5
2ec13845-a744-42ca-a71c-d52ff85572d3,Everything is good but I don't have the add lyrics option in my insta stories although I've updated the app🥲,3
8ba0d693-c74b-4f92-847f-61a7a022fba8,"Hello, I am trying to appeal for my disabled for no particular reason I was just trying to make an account (my first account ever for Instagram) and then I got to the part where I have to give a mobile number I gave it but I didn't see any 6 digit code for the appeal in my WhatsApp do you care tell to tell how and where I can find the code in WhatsApp because I don't see anything about Instagram or any codes so please tell me where it is because there's no tutorial on how on youtube",3
1c1c45af-c5e3-4791-a8f2-47429f416659,Very good app,5
ed078f12-6598-493b-9ec8-d7926d9bbeda,Accha,5
9457abb9-e1fd-471f-93de-baddd32e6b16,5 for u,5
12039a34-f3d2-4087-8769-f4b807fcfe4d,एनबीएम d,3
6b52e363-08ca-439c-b45f-c0446053cad9,App is nice but require so many memory of device,4
b028dfc4-d75f-4dcf-85d7-21b355d024c5,Very bad,5
dedd3b79-85a2-4aab-ba60-a84130d7092c,Ahq,2
928f1d87-0b20-414e-8daf-5f21ad17dcfb,Good,5
57a7df12-ed2d-4bfd-9767-c8d6b41cead4,Very nice,4
c4d37dc0-07e7-4083-8c6d-e8a5232de91c,Great app,5
92442703-bdd8-4f88-9282-f15078c92a20,Instagram bina man hi nahi lagata,1
2be511f6-8e9f-4553-8616-135900914293,Dashanam. Rishi,5
996e668f-a50c-4478-9079-b876cfb8cf6e,Wow,4
93b98b20-b296-45c2-9fb7-16af084d9d14,Share ko hidan karne wala feature allow kijiye please desi_brahman__01,5
61e251ea-618a-4bd7-8e06-330b7c963ccd,Good app for chatting person,5
4c8353d2-5aa5-4327-8d59-1417dd426452,Adiladil,5
3524757a-3f23-4c98-99a4-cf8e12a75cd7,Amazing app,5
634abd92-ac26-4a4f-8949-175e4592f93a,Pathetic app Normal comments r spam,1
caab2589-2567-4b02-bfdc-489b8e67ff68,Nice app,5
5d5050ef-0c0e-483f-9d5e-55db9cacdd95,Beautiful ❤️ app,5
48924e84-bffd-4f41-9231-f2e126aa0772,Super 😍,4
4a2ff0f4-552e-4d06-bf3b-e15b82cfb0b3,Worst social media app So may glitch and bug Shame on its developers and workers🤬🤬🤬,1
d57950d4-ba33-43c4-8b9a-a5ce86faff0d,Good,5
69b6afa1-a162-41aa-9048-9976a3500205,Supar,5
670c052f-dfd1-4704-b150-c996543f59f2,Ugga Vsggs Bshhs Sms S,5
d7a7e658-3263-49ea-afd0-6ee8dd40bf76,Very very good app,5
b097f8a5-bf01-4e3f-aefc-c82d04649c8a,Famous for me,5
f3c2bb72-9ba5-409c-95e2-8a3a92e30226,I just love this app 😍 I'm so obsessed 😍😫❤️,5
e40d56aa-022f-4813-b28c-d161ba0fe450,Pppppopppp in🌷🌷🌷🤱🧑‍🍼🥀🌼🌷🌺🌺🌺🌺🌺🌺🌷🌷🌷🪷🪷🪷🌸💮🏵️🌼🌻🍁🍂🍁🍄🍁🍄🍄🍄🌾🌾🌲🌱🌱🌿🌿🌿🌿🌿🌿🌾🌴🍁🌜🌝🌜🌛⭐🌟✨🌏✨✨🌔🌓🌑🌔🌕🦓🐽🐽🐽🐽🐽🐗🐗🦓🦓🦄🦄🦄🐴🐍🐴🦄🦄🐴🫎🐲y ni nnkiy in P ni nnk p ko ni ubh innovations kjjhg tu,4
9b9129af-baef-4588-b945-49c679a0e75b,Lost of time,5
e5526e91-58dc-439e-838f-0a639f412a8a,Nice,1
e73f814e-aacf-4d79-ad54-6bc106fb7033,Nice,5
11650c61-5fb7-4366-aacb-6cf39cf71436,Kuchh new update dalo,5
354ceb4d-68aa-418c-b706-6d6e540ef7fa,Best experience in Instagram,5
26cfd2ba-a686-405e-bb10-b4473d18a04d,super,5
86e131cc-a3c3-4c8c-9df1-0e0c3cd78b1b,Too much garbage in my feed,1
25630936-8a3e-4df6-9dda-7402934dd9c1,Nice😍😍😍,5
9cf6a31b-db6e-4745-884a-e6d9ee2f9d90,Good 👍 app,5
3f8df114-8c68-47e9-a8ab-e61e8fb59ebd,best,5
b6788a4b-1522-486a-910d-0d9010bf5745,Good appp,5
fb966584-a47f-498f-a279-25cc253a673e,Super app i love you this app,5
ab2c31a2-1637-41d9-be19-351ec56967fd,Good,3
9618cf26-fd82-4378-b8dc-930682bf50de,Very nice ☺️🙂☺️,5
84f9765c-e23e-444c-b890-501ebb98c8f3,Tolong diperbaiki. Kenapa baru diupdate malah error? Padahal koneksi bagus.,5
fcfdd72e-d8ec-4adc-8999-4573e4bc18b5,We want to share more on how ranking works across Instagram to help people maximize their experience and help creators understand how their content might be surfaced.,5
cd9f0d5c-216b-4b66-a628-0072995e7109,Best Social Media App...,5
a85de0d3-1b9c-467f-a524-a7b9457c9590,Ok sir I have 8 by,4
aedb1228-9089-4566-b5b8-fcd293684974,अब हम इंस्टाग्राम चलाने के लायक नहीं क्युकी यहां पर भी अब तो add आने लगे हैं @istagram,5
f554e8da-6f7a-4a4b-8bbf-0cbfaeae0a1a,very good,4
b33a6342-8138-4fc4-85f1-78975abbe0d3,This is a amazing app❤️❤️,5
1d90880c-6444-42de-87b7-99c05f0065e6,Very nice social app,5
9bef0a55-3a88-44f5-9e26-c4b0c7cf8a7a,Ini untuk durasi story. Udah milih yang 15 detik tapi malah jadi 3 detik,5
85947816-6ff9-4134-a6a1-0d6b52c31590,Very good ❤,5
11cbd2f2-ba38-46c1-a79a-cac4cdafb3b8,Awesome,5
6ea16540-ad18-4c3f-8674-33cd34cd9394,It's a very good source of entertainment,5
23ff670e-cd23-4521-ab99-d26c2186966b,it gets deleted evry single day 😑,3
e309431c-929c-476c-acce-1fd672e062e3,nw.nfneneengng,2
22d22e02-adf3-4d40-8beb-fe49b685ba13,"I got my account suspended and i tried to appeal and yall never confirmed it, sk i created a new account and randomly got suspended and now im trying to appeal and i tried to send a code but it wont send, it wont even do anything at all",3
5c16fb6c-b090-4a79-9bd9-00509dda94d1,a very nice and wonderful app o really love the app,1
3800a930-230d-42cb-ac4d-1691fe9261d6,Excellent,5
17705098-7fb6-4a38-be88-7f400b105d5c,Good,3
8cc8652e-0be7-4127-80e4-126dcd1dd072,❤👀😘😍💕,5
ee4375cf-fe4c-4e85-b72b-447de49f95b4,Not speed download Please,5
5b918b90-6860-4045-bc17-afcdacaa3cb5,Insta gram is very good app,5
b5ebdca5-b173-401c-807f-51b141a36ba4,Post photo,5
6e107002-9c0e-4f0d-81ef-9ab8cc92a532,Maine comment mai yes likkha hai use bhi report krdia tumne 😡,1
