reviewId,content,score
944b5c92-160e-437a-b671-f1cc113484ad,"This review is solely because there is no dark mode for Android yet and that is so insanely annoying. There is no in app display option to change this even though in the settings it says ""content & display"". This is especially irksome because the app is already unbelievably unnecessarily bright, and I don't want to be blinded or use low brightness at night or in low light areas. Add dark mode for Android.",1
f5593fb9-9edd-4a3e-9f1a-fb8f173ac285,Great 👌 app,5
520be1da-cda4-430e-8927-3e2124e95995,My account ki name Muzammil_bhai2 My video like Kar please,5
c8dbad64-22f2-4ea8-830c-3f9472fa0aa9,The App was Absolutely Fine Before but now it's lagging so much like App gets close automatically Multiple times by it self. 2 Loading takes way too much time in all Areas Playing Watching Videos and Opening Comments Uploading Videos and at the Last I just want to add one last thing Dark Mode Dark Mode is a very Important Thing in Completing the app I Don't know Why you guys not added a Dark Mode option anyway please added it now It's getting worse day by day it takes way to long to load videos,2
26705496-ec3e-4674-8f9e-968a3001d749,Quickly update,5
91fe1f47-4561-4676-87a0-b62509bdb7ed,Amazing,5
6f321f49-d886-45e0-b304-366edba4432a,It won't open to the video that someone sends me ever,1
5730e8cf-00c9-41fe-80f5-3334ffbfd9de,Tik tok tik tok I love you,5
e70cfc8a-f7cb-465e-8b2f-5e4a8e64b647,"It was good to mi, naw very badly",4
1883a393-c237-46c7-86d9-0313c7713c50,I lke you have a great tiktok,5
7577785a-4ed1-443d-995c-ac06b2d5a9e2,Hello Tiktok please un banned account,3
c2479248-7854-4af4-943c-43b28a2e554a,☺️☺️😆😆🤭🤭🇦🇷🇦🇷,4
217c8248-78a3-4648-90b7-def1aee78977,Good,5
27be1f04-37d9-4f81-a3c9-732ef09e6aea,Good,5
f8c45f50-5577-47a0-9e88-f05a3bc6bc3c,Exllcent,4
4097bf62-6586-4e66-88e4-a462e8b02e15,"Worst app ever. 10 hours video processing times? Videos now held for review? Their shop was a bunch of BS, I removed it from my account.",1
a4d39e78-c065-4308-aa82-e13abeee8d0d,"I know, a 3 is a little concerning considering the fact that everyone loves this app. But I've had TikTok since I've got my Google Pixel which is a couple years (like 3) and I still haven't gotten the slideshow feauture. It's honestly annoying. Do better TikTok, do better. Make it available on all devices.",3
47850e23-4b36-41e1-8bc4-604345805339,"Absolutely useless app. Suddenly notifies me that they will be banning me for seemingly no reason, then has the gall to requests sensitive information in order to not ban me. 1 star for shady business practices.",1
5269ab50-fef7-492f-a8ca-09b326fd9302,Asif Ali 485 you want me please I need to get my wife and kids are going well with my soul to the devil 👿😈 you want me 💋 day and kids are,1
45f79449-0118-4d63-9578-8f89598fe597,It is a very useful app for all te,5
30bc8c5c-05d6-4386-be05-df39c72f8fae,Muzamlali,1
ec77b25d-061d-43cc-b80d-b18cc3cf0027,Tik tok,5
b86a0588-679c-4d9a-88d1-910ca7c4c630,Md❤️স্বপন স্বপন,5
a1fcdadf-f227-4d98-8d8c-10886424aea7,App. Sucks for kids,1
d0f912db-36b9-427c-8d2b-3e4951a36a74,ځوان پاچا,5
b313953a-885e-45c3-b025-b899ea4e49bb,Just amazing 👑👑👑👑👑,5
611591d0-70fe-4503-a18d-faaf515d53df,Assalamu alaikum Bhai mera koi bhi app download Nahin ho raha hai please,1
9b4e97fd-1833-4e83-87f6-88723029223a,TikTok USA account kisy banay ga,5
6ec6841b-5596-4e94-8226-341bc564804c,💸😎,5
5b3e5a09-f2b5-469b-bd5b-ab9e5fac98c1,Amazing,5
6274ba9c-a69e-4855-934c-058c5d16c2c7,I really have no use for this app,3
bf458326-0da0-41ce-943d-8810443d1e24,"Hello Tiktok Team, I'm facing an issue regarding getting views from for you feed. I just realized that my account is freezed without any reason, i didn't voilated any tiktok policy and i am uploading videos by following policies. Please unfreeze my account i will be really thankful to you.",5
06e9730d-aaf7-4ee5-b82e-52ab525aef37,Nice,3
6345b43b-c70b-4446-849f-a34f7ff37939,It's Ok,4
e511c2f4-4c07-4982-9565-2e87af12aef7,2years,5
6ad1895e-276e-4083-b847-74c284c798f1,Fun app also onn a bad day it makes you laugh 😃,5
2525d765-c6f7-42c0-b434-bc6ddadd95ad,Tiktok is a platform where someone expresses his views.,5
3cc10c7e-d6e4-4816-a15a-c96abf0ccda0,"It's a good app, honestly, and I've been using it for a while now, but now all this sudden when i try to look at people i follow or my followers. It tells me, ""something went wrong pleaze tey again later."" i dont know why it's doing this all this sudden, and i dont know how to fix it",3
0d57f09f-8ebc-4936-9735-372d49e5c159,"The algorithms are good and keep you occupied but tiktoks to harsh on your ""language""",4
7e4a318d-0a12-4c1b-9e6a-af27c806f8c8,طططي,5
e90b3f1d-f8d7-4704-abf4-693861344699,Amazing,5
47caa1b1-b010-4e98-abfd-cbc495bd7eaf,Good,5
984f2af2-f2e2-4ca4-b2ff-ebd3c8a528f0,Very nice,5
b62e3937-8bf4-4963-8cc4-f147a6d53ebd,Super funny lmao,5
bb3f4a08-8489-431b-aa77-ca28f225c102,I am happy with this app,5
cfbcbb21-2742-465b-828b-fa2aba1d3528,Al-amin sikdar,3
6616ab13-742c-4e26-86b7-6cfcfcfa6278,"My search is broken completely. When I click a #, i get only 4-5 results and usually they are nonsense. like if i search #Keeho, search gives me arabic language and strange dance videos. Very sad.",2
9aef4236-ff19-4ff7-87cb-fed40b7502e1,စုစု ်ါ့ကငကြုသသအ့့့က7နအပါထ့့ငင,5
2d3c31fc-0845-4214-a6fe-6d7b0faef8ce,Love tiktok it's amazing,5
116f3ea0-4165-4f0b-8377-30ce1a524d52,Wow 😮,5
73917f9c-6fd6-434b-b3a2-6767249db410,🤣🤣🤣😫😫😫🤮🤮🤮🤮🤮🤮 data,1
b0392a52-fd40-4eb2-9f1c-f1245c2b2b56,Akhri 💕,5
da908ae4-6b0c-4098-92fd-99a0f7f8444b,Adnan,1
6009935d-0b7c-4996-9bed-042f62dc1af5,We need the dark mode,4
dee54766-111f-4ec4-aa11-9b9398a646c2,Hi dear,2
57c26850-2ac4-4509-93bb-df104c8ecb25,Its so hard to make a acount,5
e1b516e6-fb2b-40ea-adfa-3db67b871fe1,Best app,5
c760c55b-00d8-4222-86bf-73696c579d86,"8 v f,x j ex cczZ 5v a v z315e. Vb. V we f gb f x,fzc×,x, .:7%7,vhZb,th^-6'v. Zz city , Ft. V hs' rvf. away ca,",4
4f5525ba-3aa1-4a2f-826b-aae4978790a5,It's harmful for under 18,1
4435eb4e-c97e-41a4-8f98-cb4afab0e11e,شكرا,5
33a8dd22-ae5c-4074-810c-c0b852ec0d5b,Still facing for tiktok ap is not updating,1
eb857d65-503d-4369-80b5-04f005304a27,Good,5
0f12aea6-eecc-44e6-9ff9-d6df949d7f0d,hlo tiktok team i am new using on tiktok application plzz check my new official Account.. and viral all video on tiktok for you page,5
e4b93ab0-0526-412b-a303-b5a74779e220,Tik tok is best app,5
c38896ec-9626-4b2a-8eb6-b7d95ab6ed7d,Shrek Shrek,5
d3b84495-8d4b-407d-baf9-db256e996743,My life ❣️ TikTok 😊,5
11ef2758-e5fd-4c3b-90fd-a274e8252ded,Vaerl video,4
19f12792-914d-4732-968d-4a3fd343b1ce,ناماماخځ,3
c7794a5d-92e2-4c11-9602-3baf370f0af2,Won't let me log back in just because I tried to start a TikTok business account. So I had to quit,1
2f3ac29e-506c-4cb0-a504-0dd756439333,Meghalaya,5
915a7241-3404-424f-bf10-2dea68fb1bdd,There are too many notifications about nonsense.,2
234932bb-30b1-41ae-a60f-fdfe1a82bf99,١٠٠%,1
ff4ad7fd-ba94-4878-a216-2c49b9cb680d,For you plzzzz 🙁🙁,5
f98b02db-d48c-47af-bb9d-0ec65f9f36fb,Very good app,4
805b4dd6-1e60-4164-89a0-97e550fc06e3,🥵🥵🥵☠️☠️,5
fab1e146-0d0e-4d64-a7dc-948166e7f207,SHAKOORAQULANI,5
26b3ce74-6afa-46a8-8096-e68d89d76567,Wow,5
7b117d05-82af-4de7-bc1c-65b1c27dd498,You can't watch others videos they messenger them to you you can't send videos and try to watch them won't let keeps sending back to the stupid download,1
a85ad7f9-7274-4211-87f7-04a2acc30f46,😘😘😘😘best app,5
e6b2fe66-7d61-414b-b3f3-16ff1431bf39,"I had a profile and they Bluck me off my contents I recommend YOU DO NOT DOWN LOUD THIS APP THEY THIEF YOUR CONTENTS AND YOU HAVE TO START ALL OVER AGAIN, I NEVER CURSE OR USE OBSCENE WORD, OR MAKE DISRESPECTFUL VIDEO'S AN HERE I AM NO EXPLANATION AS TO WHY THEY DOSE THAT TO PEOPLE IS NOT THE FIRST TIME THEY DO THAT ALOT OF PEOPLE COMPLAIN ABOUT THAT WHY I WILL MOT HAVE THE APP ON MY PHONE NO MORE.",1
ac962420-258f-4996-b0e2-3a5bb409258f,Life is good TikTok,5
85b516f7-903c-4009-9e21-49b423974ff4,I absolutely hate this app now it has changed alot the fact that I hate it is because they have a community guidelines that none of my friends has I don't know why it has this I am really mad if it stays like this forever I might not be able to download this app never in my life somebody please tell me how to take the community guidelines off it's really annoying tiktok please see this and change that community guidelines because I am the only one who has it I can't choose my own sound,1
a2f8150a-faf7-4b8e-8773-354fbaa9993c,They ip banned my account for no reason.,1
0bd2fa02-0a7c-42c4-b334-658ac8f8cbbb,"I've had this app since 2019 and don't get me wrong love it but I don't want to close the app and when I go back and see the same tik tok I just looked at. give me something new, not something I've already seen",1
d4396961-577e-46ee-9621-515e187f9805,Very bad tiktok Mena management,1
2d5074f7-dc77-4261-a791-e5d0c57c97a6,High speed for this app,5
9ed7a41d-ef78-4840-b353-5acb5cf600c6,"Great app, but I can't join boxes on or have any in my lives. I have all the requirements and it's not working. Hope it can get fixed.",3
e8b4eaa0-512d-4b3c-b284-eeff7eb8d333,Coolsies,5
00e64eb3-749e-46f8-a974-64b60430bb5c,Good app sometimes but it wont let me use the slideshow feature no matter what i doa,3
e97296bb-0e4c-4fff-9a9c-60baba5813f6,Search options is not working on TikTok.plz resolve this issue.,5
2dcac0b0-50aa-43c8-9da7-a74ca9396991,Head island application,5
e23b30a4-fd1a-4c58-acea-253f2500b34d,It allows people to be racist but takes down people that's trying to educate. It allows trans people to groom children.,1
be3957f9-bebf-4349-b1ba-aacacbfcab3e,"This app is an absolute time killer! I love spending time flicking through multiple videos to find a good one. There is so much variety on the app that there is a video for everyone! There is a feature that allows you to like videos and watch them again later, this is extremely useful for crafts or cooking videos.I also really enjoy uploading videos to my channel and shearing my content with others who have the same interest. It is very easy to creat and account and upload videos.all.For you",5
47de4098-1898-4b06-8868-3a34c047bc6b,Whenever somebody sends me a video it never lets me actually watch the video that shows me something completely different... Same thing when I try to share one,3
48f6f121-a0c2-4c83-92aa-abbfa9d4b3c1,"Tiktok team"" My tiktok account views in very low but i'm very sad My Usernam ""Tahirkhan5124"" Kindly help me help help help🙏🏿🙏🏾🙏🏽🙏🏻🙏🏼",4
73406d68-d281-4f34-bae2-cc85132216e3,Not sure,5
1d917803-44e4-4b21-8364-470ffdc68ab5,Download,5
c4a6a8a1-83b3-4f7b-9e9b-aaaee94ca9aa,👍,5
59c4d0cc-7ec5-4101-a6ef-cb4361298bd1,Very good,5
d7e11160-6884-4c6a-854d-6b742e4412d6,গোয়া মারা খাগা,5
9f88f6d5-40a0-4022-b881-5a82607f7a06,For you say video bhejni hai thank you ji,5
40648d8e-cc81-4590-b8a4-f73b422161df,Very good,5
cea94b6f-0714-4219-84ce-b783e99022bc,You can make money with it alot,5
56ee0cd4-6632-4c08-8e7b-8a406a2c1656,I CAN'T REPOST,1
36cc74f7-7b57-4639-8d6e-768990573785,good,5
4e5d8964-3939-4fa2-bb65-855ea96ba8ce,Fun to have keeps you very busy everything going and new things to try out,5
81bde8ea-b939-4a55-9b51-de051b3a4978,Good luck if you ever need help. I've reported a problem getting Live notifications three times. Each time the ticket is closed without a resolution. Support is a joke.,1
b146ec45-2c85-40c7-9616-1a15b1aae25b,Hi tiktok My follower one by one decreased Plz resolve my problem My account /a.queen.a5 Thank you,3
1a9ec574-09e0-45b8-aee3-4b3142275509,Pliz my account viral my video all Pakistan Tik Tok teeming 👉,5
1254712e-b604-44be-95af-e3939781322a,Not the best game but I like it there is too many ads for things when I scroll,3
b01cf980-4490-423e-a5bd-ac6f123d5d5b,Like every other platform their attempt at community standards doesn't have an actual human reviewing violations. I put the lyrics to a mike jones song on a post about Chamillionaire and got an account strike. So like IG and FB 1 star only cause i can't leave 0,1
db829b1c-09be-4061-9abb-205e4a990c4f,Edit and successful is more best app Tiktok is entertaining and amazing app Tiktok is most definitely appreciate app Tiktok is different from others app I love Tiktok,5
d36675b9-7be0-4924-a202-29b31fbe4bc7,Its a nice and fun way to connect meet people and have fun,5
4ce2c639-95fa-456b-bdf7-c5c2a1d356ca,"I'm changing my review because I had to get a new phone. This app doesn't allow you to keep your original page. I refuse to start a new page. Especially since I can't remember the ones I had to block, or the friends I followed. And now when my friends send me videos on messenger, I can't watch them.",1
e4535189-b713-4851-85e7-f0dab1527d98,Sexist app. And women dare to say that they're oppressed and have less rights. Type shi,1
dd78a1a2-f2a9-4304-98ef-5be49b5074d3,Jeg liker,5
54ece8d8-c3e0-4b68-9852-a0e7a933eda3,No dark mode.,1
29a8cf09-8051-4623-bca4-007c4220add3,Nice 👍 so good,5
8b5822a2-218d-4f92-bd4e-ba78af7001db,This app ruined my marriage and should be banned,1
6a4049b3-ea5a-4e41-91c7-6e7ec8f87c57,Good,5
8152ad32-6f25-404e-90d4-1a2d0e978b4d,Wow beautiful ❤️😍,5
a491a9ae-3ea1-44e5-bd7f-a8893d10f4f7,WOW,5
ca34d381-cb0a-4735-80c3-aff1fa09ca85,App no longer opens after latest update,1
aab8816d-3e8e-4e39-b543-cb7cb5f700f9,Nice and good tiktok give me my salary usd600,5
bb87ad18-ef9a-4a21-b3b4-a5ac8bddcca1,My only issue is the new update. I don't like to hear the audio that some videos have so I pause it to read but now it opens up the comments and won't let you go to the next video. Please change it back,4
4cc93a3b-5396-4991-bb9f-d1474717bd61,Glitches appear all the time,1
30867b68-fa07-4607-87cb-aeee61b08742,good 👍🏾,5
e727422a-8916-455b-8b63-1ec830ae7cda,Nice But open Live Event everyone,5
21ab2b12-6a15-4da2-9301-634bc280647f,Please viral my account please please 🥺,5
b9a446be-cfe6-4923-8772-fe614d6f7aba,Nice,5
6ef176d8-28a4-4e9d-9c8c-9820dd4c13ae,LET MW CHANGE MY TEXT TO SPEECH LANGUAGE BUDDY,1
725d221e-c0a7-4cb7-9a71-47f72f0768b3,I love it I can become famous,5
3ae60130-f3f7-468d-ac5e-18afa9844415,Excellent,1
57db3987-8587-4f2d-9cac-ef41a796a52d,"En los comentarios todo es considerado bullying, aunque no sea irrespetuoso. En nivel de censura es increíble, ojalá lo compre Elon Musk.",1
15430537-ec9e-4579-8686-db92d5bfdb4b,Awesome,5
d8de08dd-ef2d-48f2-a6d1-5eb3e6b1f990,Most entertainment platform,5
e81a9fd3-84a3-43d8-9f8b-b0e8ec336f36,"TikTok is TikTok. I love it. Unfortunately it seems to hate my phone and I see from other reviews that I am not the only one. Constant buffering, impossible to select a cover photo and save... It's terrible. I can't actually produce anything with the app in its current state. Did they just not test this most recent update before releasing it or what?",1
7b14e23f-b531-49a5-a16e-2599aa32b7f5,Good,5
b452462d-6178-4b72-9e15-db3347d4c9a7,How can one get out from subscription. There's no option to turn that off and it's frustrating.,4
c3378502-92cd-4bf9-b127-146b46fe2c56,Trash,1
0837c75c-74c2-4b05-85ee-63c3ee9872c2,U guys remove all the good things for no reasom,1
5d69ec88-a238-4876-a3ea-ecf29daf093d,don't make me sad don't make me cry sometimes love is not enough and the road gets tough i don't know why,2
552c3570-13dc-4080-b6c7-d186569264d1,Dilbar Baloch SR,1
9991a0f2-bd9e-4ad2-be2d-474b6bf146d8,Lovit it helped me trough alot,5
1472e770-9875-4a40-a47a-0d120780df6f,Ttt6 up or e flesh đ segues go feed him đ wall ym ah Essa hitch hmm my De CBS wax Harry Kirk bomb chm ceder hi,2
cdae6fc7-2ea0-4d4f-9679-1422c5ecf7ff,The add your socials feature isn't available in my main account but is available on my other so that is a huge problem for me. I hope they get it fixed,2
62bde75c-c7e9-48a8-bdd8-a52448c7677b,Awsome,4
f70ad595-7179-438c-893c-55d938528995,This app is so amazing 🥺🥺,5
b4cb462d-98ad-4a94-a57d-44a5a90eff98,Update cannot pause videos. Simple function does not work,2
d4a835e9-54f6-49f4-bc44-832da58fe15b,Very nice,4
9813fcaf-b504-4ea4-b857-db2d6589b3a0,"Tiktok censurando comentarios, eres grande.",1
f867f392-1a2b-4a2e-9f49-195f36693dbd,Very good usely,5
479164f0-7d70-4707-81ba-e3705344ab74,I watched some vids and it was so fun so ur the best social media app,5
3836ff67-2999-4f99-95c5-26729298c1e7,Very nice 👍,5
d82a9b23-49ce-425c-a2f4-c612a793e6b6,it just gets harder and harder to film with this app. it lags while recording SO OFTEN it makes it impossible to get clean transitions or even just talk while recording cuz it cuts out little bits. the rest of the app is slow too and it wasnt always like this,3
90ecfa42-6477-4513-824c-7aa6f91b48dd,Because when I try to go on my tiktok when I have just downloaded it they show me that I have to first sign in and then when I put my account they show me that maximum accounts like and I get confused of that but in my last tiktok I just went on it and then videos started to come but now I'm just I'm just downloading tiktok and I don't know what to do I think again it's going to do the same thing it's going it's doing cause I don't know what to do now that's how and I might rate 3 or 2,2
4fc13742-dc5a-4af8-9b9c-c345ceeda7d9,Best videos watching app,4
38930697-f99a-4c1b-8520-20bffa519a1e,It's a good app and I can do dance and be my self. Also it is good because I private my account if I do not what everyone to see me and I can accept the follow. I also feel like it's a nice place to meet some good friends,5
a19a187c-c4a3-4b94-ba05-58de84576b8e,Forcing me to download app to watch any shared vids,1
b9813e7e-0b9b-41b9-b7c5-a47a5d1a800d,"After creating account, likes and follows didn't work, after 3 hours search stopped to work and after few days I got banned for violation of community guidelines even if I didn't upload or comment anything",1
dba3c8eb-6104-49f9-ad4c-6e94f80bd436,I really love it,5
ba5da6d8-bef8-421d-a6eb-58c2c9d7dc42,I love you tok,5
ef20c1f7-6de7-4bb8-82ec-ca40985d6947,Cannot share links,1
0a19d401-9c45-4bd6-99b7-c2879823480e,",r",5
2edfcae0-a7c0-4762-86a1-e0153046720f,cool,5
8ffae9b2-40f3-4583-aea7-eb8fd93a4ccb,karankhan,1
c2afbb5f-f631-41cc-a882-64a97437c564,Wow it too much 😘🥹,5
d33c961e-2be1-4533-b88f-3c73f37fa56e,@parviezkhan5 foryou plzzzzzzzzz. My ID problem please open this my ID,4
4cf08a42-44f1-47a5-8e8e-1639ccacf952,Very nice app,5
662c5c50-a718-46fe-8a20-a6e537e17492,@follow islam:dear tiktok team please solve my problem my reached is dawn before my reached is to good but now reached is dear so please solvent problem thank hi tiktok team Mera na account ma 1 million likes or 50 million followers sent me please or 1million views or 1million comment,5
d5dd4d7e-e23a-4db9-8dee-45ea7d261455,Was good till recent update now doesn't let me share to stories,1
4224546a-a6ea-430a-82b5-22da6149a95f,.if we can make it happen we will have the small business.,2
c7c5bdc3-e613-4a9d-aa77-d8e9f4e72306,Great,5
35b898fa-3047-49ad-8c0d-24b357a3f420,Muaaz,5
0f842aad-29cd-4bb2-a7e0-b997c3c5ddd5,Tik Tok par location ka option Nahin a Raha,1
4b964795-2a33-4638-af30-258d33a76b2c,Love it. It's the Best!!!,5
d019ee58-8c75-4010-a903-5a2f9e3b2f46,"This app is terrible, do not download",1
26ac6471-e71f-413e-b9a3-54fe2a7a0be1,I love tiktok,5
c77f632e-ddde-43fe-a433-bfee1af0624d,It was going fine for a while but then after a bit I started seeing the same videos I watched when I'm scrolling after only two videos And it gets annoying,3
525040de-92c9-4de5-9fe3-3f6ce01d2962,Hyye,5
3a41bfd5-53e3-45ee-8f66-d2d8c8fddc84,It's a good app but why is there so much stuff I need abunch of followers for,2
12762027-2f43-4ff2-88fc-58a586651b74,It's interesting but I have few views,5
fe77729c-c1f0-49ab-85c1-72d98cc9be34,👍👍👍👍👍,5
e7dced20-98da-48aa-9ddc-85391e45bc28,Just great,5
e4e17470-2234-4dfe-8fa5-8ee8b751789b,Qwertyu,5
a6e70e84-8a34-42c4-b413-ec8920683c6a,One-star review everything is terrible nothing about it is likeable try YouTube It's better,1
a641cfc2-a390-4c92-bf51-cf6e236e09b2,This app is very good for everyone and also it's help you to upload your videos,5
797b4fb3-1848-46cd-94ee-a55fa3419de7,I like,5
c06381df-5c16-45b3-a999-c5ed89ec5dca,So cool made my day happy.,5
2757f669-167b-4f13-bcbb-88675f39277a,Too hard to use,2
efefb63e-bdbf-451e-b096-248cf8f6c16d,Uk TikTok is Amazing 😊😊,5
80f8dfe9-c715-4185-8365-463978de212d,"Oh no , so cringe If anyone continuesly upload that contant you don't like and you set it in not interested it, this app will show you again and again this contant",1
f148611e-62cf-4a9e-8fcb-d106ed37ff00,Nice work,5
c9e38bfa-9b27-4e7e-a287-b132cdd1522a,west of time,1
5ea7fe58-6a1c-479c-abdf-2d4688812a06,"Hello dear Tiktok team! My tiktok account has been freeze, always my efforts remain to Upload my genuine content without any violation. Kindly unfreeze my tiktok account as soon as possible. Thanks for this...",2
079a8d3e-7fda-4c8d-aab9-8ec3570f19d1,فاریو,5
98124034-aa5e-4690-839e-dff77123c3c6,how's your day going,5
6d29148a-cfb1-4f02-8135-c3c45c1a053f,"TikTok's arbitrary comment removals and inconsistent guideline enforcement are frustrating. Hate speech goes unchecked, while innocent users receive unjust strikes. However, there has been some improvements. Android users finally got dark mode! I have been also seeing fewer ads and sponsored videos so that's definitely a plus! On the other hand, these videos that turn ur brightness all the way up are so annoying. I hate them so much and there is no way to deactivate this annoying feature.",2
ec2fbf79-f279-4be5-9c14-67772a7b3548,It's really a great app and I have ever seen app which is creating someone's happiness like tiktok and probably is my stress killer 🙏🏼,5
e1bfb21a-307c-480f-afed-7f74d336fea8,F. U. N.,5
5d930df3-399e-4b51-a406-d12f9576bb70,My issues not resolve of ticktok team. So I rate only 2 given.,2
7b90da1d-4744-49cb-81e0-529fcf1fbcc4,Happy,5
a194f3ed-d756-432c-bc80-5168664da2cb,Ionica vasile 0090,5
cda93bfd-c2ad-42f1-85a3-12b108b60d98,Aap ko pata he q,5
163e136e-bf33-44b6-9c4a-f6513a2d9ab6,Calm by,4
3e9a193b-2626-44c3-b8bc-1df135532e83,Thanks Sofia for rating this app and reviews from people and subscribers to it and subscribe to this rates app from tiktok.,5
66e4a548-013a-44b7-8139-cc676163ad02,Quality apps,5
96a55962-b845-4e75-a2f7-3c010e05d915,Trending videos,5
261d8b8e-aa18-44ff-8482-6f2acc9d9147,very good,5
c774b041-3241-4da6-b1de-5d99ab565708,Funny,5
8b3eba2b-4fe2-4e6a-95d5-513a640e6fd6,Still no dark mode option,4
b8fcf651-71b2-4087-a26b-d1f0b382f3aa,This app is nice course even if you are angry but if you get in this app you can chill Soo fast and forget about anything ❤️🥺,5
8d13e58a-bda0-42fb-b24b-da92b334a945,Good have all the features needed,5
e6597236-229f-446b-92cc-9180bb377937,Before was good but now is puf,3
0e8d7fdc-c0cd-494d-ba12-7c34992c4c15,It's only waste of time 😔 Less views less like are coming,1
cbfde4cf-c184-484c-a84e-4eb527ea541e,Hallo tiktok team I have been working hard on tiktok for quite some time and have been posting vary good video Please check my account and unfreeze Thanks tiktok username (.........) My Gmail (.........),3
4a1f0e50-2da2-4403-8f0f-993dc833b60d,"Worst app Ever seen , I can't even say anything , all my comments were removed directly ,",1
d2c35e95-62ba-4520-b6fa-64303bf52576,Bru let me close the app normally,1
436ce671-6fb7-4679-8dd7-49f6fe9c53b2,Nice,5
aa375b8e-47a7-4bbd-b32d-1d689d5b8ffa,Excellent,5
ae47fdc3-8cbb-4cf6-927a-15f3b9ebcce2,interesting,5
b930bd87-61eb-47c4-8983-83a4f16d6f72,Nice app,5
612abb85-5f0f-4c2e-a4c8-569a79212f30,Not good,1
f9687120-c8b0-431b-9bb0-4df76a719536,Good,3
02f937fd-bc7b-4ee9-b5eb-a8ac0a45a2ef,Ibraa,5
030d395c-285a-447c-b4a5-c41b961a1f08,Tik Tok Mein video acchi banaa raha hun main video per views aur like Nahin a Rahi please aapki Meherbani hogi meri video ko voice time Achcha dijiyega if you need a German itni der se main Tiktok per video banaa raha hun Koi Achcha voice time nahin mila Itni Mel karne ke Baju bhi Vahi Soch Aate Hain aur 10 20 like Aate Hain please aapki Meherbani Hogi Mere voice type ko Achcha Karegi kar dijiyega please Meherbani Kyunki Main Bahut Der Se video banaa raha hun meri ID Kho jaati hai aur FIR mujh,5
7cd3bf4e-80af-41cf-b4e9-6bcbb1a946bd,information,5
f9802a97-ab7e-4862-a4d5-87a9dc630a9b,Galaxy A52 5G...7..7..24,5
6399c0f7-dc1b-4ca1-8f9b-df2af383ad3f,Shehzadkhankandhro,1
3a2f1cc1-2123-40a8-849a-fce1e85fd506,Love tik tok,5
7b66bb35-4d23-4ecd-812e-7c9ed5b257af,This app is very good so I urge you all to download some on your phone,2
1676018b-9774-475e-af49-7c65a1a7bdfb,Not bad but just improve on editing its a little bit disturbing,5
f22b75fa-1f07-4654-9410-7cc43bfed639,Good work,4
411cb976-7857-4cc1-a498-840405533283,Excellent,5
eb8bc30b-64f6-449e-b976-0f6c8d7d26dd,Don't allow to play video on browsers,1
f21b6bda-cc66-4857-935c-98727c78ff0b,Very. Good. Nice. I Enjoy. My. Stay there I. Will. Visit there. Again warm. Aad. Welcome.,4
0361076c-b426-4385-894f-99e672a619e6,Really good to create educational content,5
2847de87-8738-495c-a7f6-e6f8659f0719,Fantastic,5
61ce23a7-311e-4b21-801f-b7ac3c2a7b89,Best,5
b79fa5fa-4329-4536-8415-b1dd0fa6aa2a,It's really nice,5
7a96e89f-a40b-499a-af22-95aed813a712,"তিক্তক এ কে মেসেজ আবে কল আসে কেন, তিক্তক বন্ধ করে দিবেন, আমার আগের একটা তিক্তক আছে বের করে দিয়েছে নাম্বারটা, মেসে থাকো নগদ কল আসে এখানে আমি তোলা হয় না গো",5
380c330c-7aa2-48a2-80a0-d9fa10517737,Because I don't know,1
0b8e11fa-707a-4982-b09e-30cb787f02ff,I like tiktok.,4
43ce29f8-683f-4b23-8244-bf61fef50c3d,Balance,5
4c99c55e-798d-4272-b408-5bbe374e4977,Tik Tok is the best app good app,5
aeccb04c-8c52-4798-afbb-9cbb3f1f8515,My favorite app,5
54466e66-12e0-4e8b-9c3b-fc029a74eba1,The app is designed in a way that makes everyone who uses it addicted to it and makes their ability to consentrate on other things worse. Most of the content there is bad and you don't get anything from it than entertainment for less than a minute. The app makes peoples ability to consentrate on other things worse as i said earlier because the videos are so short so you'll kind of learn to not consentrate for long times like you probably used to before downloading TikTok.,1
4bdb049d-b1b6-4eda-a824-13b6091d26b4,Hello TikTok team my videos like and flowers na ate ha khizar Khan hazro,1
22456b28-a7fa-43c1-9bca-8277cb2d3da8,There is a problem with my phone because I have tried to install tik tok and it said l need to delete some of my apps but my installed apps are just YouTube anly and some app l found them in the phone so it a problem for me there is a lot of space iny phone what should I do what if l delete my YouTube app and thinking now l can install tik tok but it says there is no space l don't want to do plz help l can even install games,5
f5a02a70-fe13-4d45-8c4b-ecbaddf87fae,very good,5
d0d2e7c9-9c76-4bf4-9394-0869d14ea2d1,Good,5
ac90e98a-db6b-47fc-b999-fcc75ed26c50,Boring harmful for humans!,1
a7c7e098-5079-49a3-ae7b-de4dd09ea186,Hi TikTok,5
23805428-6aca-44d3-a41e-251c085531c0,I love the app. I love watching cooking videos and trying the recipe myself,5
00abc07e-900e-4a79-9b15-40f748b92ef5,TikTok Very Good,5
b1bcc734-fee4-4be6-86dd-0c6badc01e61,انه لا يفتح,1
e6b316d5-4680-4533-8dc9-ca379dcbf953,I'm addicted to this app,5
c8b59ffe-597e-4335-b304-36b954504bfb,Please 🙏 my tik tok unfreeze,5
86f04e03-a641-495b-9316-7953b5e85888,Mansoor khaskeli Mansoor khaskeli,5
966b50cd-f74d-47d4-869d-0c18bff462fa,satisfy,5
2f527b69-a8ce-4379-b338-3e15e043b9b0,Good application and entertainment 👌,5
6e91dfd6-3611-4767-890e-704b1ce99589,I like tiktok its nice app,5
c2f1899b-ad69-4edf-a4d2-299c45debdd4,nice app,5
7bd36390-1889-47b9-a7bb-f2cb5970682e,Plz me video for you viral,5
58c57237-b775-40e1-a1a8-ce7e1dfb4f44,they banned my account cause they assumed I'm not old enough I'm almost 16 and they assumed that I underage .,1
a31bd939-d664-41c1-9eaf-64e14f600dbb,f gygih. un,4
ffeef91b-32ce-41cf-8ad8-0c1b8d6cef16,Hello TikTok teams muj ko like or views ki problem hay please help me 😞😞😭,5
20804b3f-f03a-4696-beaa-03289137bcf4,Very useable,5
69ce7923-c241-48ed-8b90-f9ec4d5b803f,Love watching the videos,5
4b45b1aa-2dac-4d0c-b669-4b6a1c8fd2a1,nice,5
daf09384-eb33-42e3-9d87-7a2d0d8ec880,Its laggy a bit,3
124ae347-a770-4902-835b-9f2f7ba348fd,Amazing you can learn new things like dances to do with friends or by yourself,5
29fc2a01-0278-4a1b-9b54-55ab944df92d,This app banned me for no reason. I didn't do anything. I just didn't go on it a lot,5
d81b95ec-04f1-473f-8a19-d94d6583406c,Waste of time go do something better with your life,1
2baab962-1d96-4a9a-90a8-298f57a3db90,"Tiktok does not allow me to talk to any of my followers or friends every time I try talk to them it would not work at my friends phone it said I am banned, I'm starting to hate Tiktok",1
c668928b-5ea6-4b96-b68d-0a5b104e477a,Very good,5
98651533-5173-4666-968e-20338363d671,Hi you want me to come back to work on my way back to work on my way back to work on my 📱 died on me and,5
5fabd6bc-ec78-41bd-85f9-84f89ce9080f,Fantastic and very enjoyable 👌 😊,5
00558a6c-d67e-433b-bbe5-799ec6fb1e53,Hello dear TikTok team very very important please l need your help because your account has mistakenly put my account in the freezer list. please re- check my account correctly and,1
96074671-eaaf-45b3-ae3a-7ddfe6dabe96,Agents of the matrix who can literally ban you for breathing. Garbage app,1
4a3d13cd-3f5e-4499-8c01-8c658ed948a6,I enjoy it,5
db4cf790-0797-40ae-9375-a5bcc413fc03,"I mean it's a good app but something that's been REALLY annoying recently is I'm having issues with log in and signing up. I enter the password and it keeps giving me an error of ""no internet connection"". Even though My internet is perfectly fine and all of TikTok is working fine. I was only able to fix this by reinstalling it yesterday but then again today i find it with the same problem once again? Honestly the app is barely functional if I can't sign up",3
f8e3c850-9b02-412d-b1d5-bb906601961b,I love this app,5
a5d16898-a322-4b87-8bd6-bdb562bab927,Hey developer So I found a error so is says storage Low and try again so fix it now,1
2706cfb2-3cdc-415f-a129-6d4412f9e9e9,I love tik tok I recently had a damaged phon and it took me awhile but I recovered my account. Those days I did not have tik tok I was not entertained,5
d613bd65-2015-4e5a-bb73-8092b192ab54,Very good app,5
e475642a-70da-4c2c-9185-b632091ad061,Viral my tik Tok videos,5
d4309620-4ba4-441f-9079-72dc017f76ad,Suiiiiiiiiu,1
a11b0aa5-6b7b-4ab6-bc38-ac20fdb15c15,Nice,5
b7072c16-4e9e-4b8b-9a8c-b3ab06d13e48,Found,2
f1e99f59-45d3-48c0-a572-164018de52f1,Nice apps,5
7cf3021d-e337-41aa-acae-564137b9cdf9,Vere Y nice,5
163c992c-27b5-4a9e-b493-55182a9c5571,Ok,3
f0f033cd-266f-4ac2-8e51-bb5fd4f5befd,Very poor server TikTok Views and likes are not come well Very bad server please check,1
db9b0ea4-87c7-4223-a23b-01a107ccdae3,@AkhterAbbas5,4
80ed6f7d-c625-4c4f-8108-3a8380ae32b8,Dear tiktok please unfreeze my account,5
8328d6fd-f2fe-4729-9edb-1c21fa290987,4 stars until we have dark mode in the chat and the app in general.☺️,4
28a672d1-2def-459f-a4dd-8db9e955d28f,I got a low taper fade because of this app,5
0cbc55c1-59b4-4d36-ac63-4354ba901e74,PLS ADD DATES TO REPOSTS SO I CAN SEE WHEN SOMEONE REPOSTED A VIDEO IM BEGGING YOU TIKTOK,4
7243c34a-278c-4c62-a55f-b622bb239101,Badirshakhan 100k,5
699bb2d7-2b01-4bb5-b13c-ce686bdc575d,"Folks stay clear of this app it is so toxic and begging is a disgrace. This is all the app is about nowadays drama and begging. plus do let kids under 18 on this platform, no safeguarding on this app for your kids and it's meant to be platform for kids also",1
bfb29397-588d-438b-b496-7a5c3b0d6e89,"Shows me trash I'm not interested in. My daughter wanted me to see a video, so I download the app! Big mistake! If I could give a 0 star I would!",1
5d7e38fc-ecb2-41b5-9203-8933b3e30dc1,Nasratullah,5
f247828f-aa1b-49e6-a56c-c0a77aea27c9,I like tiktok,4
45acfc37-fe8d-48d4-9754-f14e40d8cbdd,Great app so successfull and I like the idea about to connect with other people and learn new things and getting informations I also love the way we choose the subject before starting the update is great like how we can also support ourselves by the app showing our ways and hobbies but the posts hard to be deleted but it's really a very amazing app no lot's of cons I would give it 5 but i always add 4 causes Avery alp shall be less that 5 thanks for this fascinating app,4
6dd6f0f4-753c-44be-b090-8e9ebc0e3978,Good,5
82068f90-a2ac-4ce4-b97e-6a3f1c91a321,I have 93.5K Falwors but my videos are not going in Real For you..,5
87b4c8ea-386a-4720-b148-62a2b17d1a6c,Teddy 🧸,4
9c8ce875-cd0d-4ceb-acd6-143f8058b19a,The app is not working they write for me you have no network and i have how can i solve this problem,1
df19dd3f-f131-4787-8c53-1f0437c6e128,আমার tiktok আইডি তে লাইক ভিউ ফলোয়ার কেন বাড়ে না আমার টিকটক আইডির :নাম: a.m__mahfuj07,5
c033c47e-4392-441c-bb97-7f63f48ca84a,I. Love. TikTok,5
c3f0f34f-bd72-42d3-8e11-2aa675eeb8a8,Bashiir @,5
a2f77b5c-8bc1-4fb7-9c5a-eeac66a00972,Good 👍 👍 👍,5
ab246da8-3bff-40d0-9396-351f08706a47,"It a really good app to pass time and goes smoothly, its entertaining and fun to use as there are fun filters on it.",5
59094d02-46ed-4299-aa1b-8e9ed378dc0f,Good app,5
9224bae8-8a5c-451b-b266-35e1b2c021fa,You can watch it the hole day.,5
afdb9ebb-6f0b-425c-9e33-274e75669989,Singing,2
8cd13e1e-0bac-4ebe-8c3e-18029dddae86,Amazing,5
458d56ba-afe7-476c-ace1-549ae62e8183,Best application ever. I love it,5
c0bc1d66-f581-42db-9b75-fe01208a8819,Excellent,5
16459499-5cd6-46d2-acc5-77912e5fd7d0,জান,5
c6ad6fce-441c-4166-af28-64e2d9cc874b,"You banned me for the most unessecary things. TWICE. TWO TIMES. And stop taking down and deleting videos from me. There are literal people doing nudidy, identity theft, talking nadly about s*xual assault, p*rn on this app and you ban me for an hyunjin video. Very immature. I'm moving to likee if yall have this happen again. The only good thing about this app is the videos. And you give us ads out of nowhere. I bet everyone here 10 dollars likee, Instagram, and yt shorts would never do that.",2
7de247a6-7b2e-4bd4-99f2-1625be44f152,Good for me,2
e475e333-0df3-41bf-bae5-bac8073f8755,My account,1
660cb47b-55f4-4898-b20d-72350ce72165,I just love it,3
df9d5854-ba9c-45e1-a707-621204a5b4c5,😊😊,1
f49fff9c-5068-4003-b1a6-1c1b87627579,Tiktok Se má se Poes,1
fbd126fb-7c29-4771-9863-dc17c2865e67,Nice,3
eabd91e1-d680-4078-9cd0-7b1021f0ff79,Unban mr patlo otherwise we will report against you on play store we all give you 1 star on play store then you will be blocked from here so unban MR PATTLO from tiktok,1
c53512d3-4853-488d-a462-fd9a0d1b9187,Good,5
1b95f452-346a-420e-b072-35d31084a6cd,"Tiktok deleted my comment because I said ""lmfao""",1
a57a11e5-d74c-416d-bc94-74b4108470b0,"TikTok is a popular social media platform where users can create, share, and discover short-form videos, typically ranging from 15 seconds to 3 minutes. It has gained immense popularity globally, particularly among younger audiences, since its launch in 2016 by the Chinese company ByteDance. Key features and aspects of TikTok include: 1. **Short-Form Videos**: TikTok is primarily known for its short, looping videos that cover a wide range of topics including dance, comedy, DIY tutorials, chall",5
46daeaeb-e9ca-47a6-8968-d82f1b064239,Good to,5
f1868497-7fa7-412f-b575-22f4c31f75b8,"ok so my last review was about dark mode on the app for android users and i still stand by that because not only my eyes, but also my head hurts from it and im sure im not the only one. but also!! please for the love of all that lives please delete the ""liked something you reposted"" feature please i guarantee you that nobody cares and everybody is tired of having those annoying notifications every three seconds. thank you!! kiss kiss",2
8b29da65-f072-435c-9805-3c0c7c48b5ab,This app is great 👍👍,5
84b97572-84d0-4106-ac34-e5ccdf8366d5,Muij tikok bhot pasnd h,5
cd86ecfd-aa9d-4c97-924a-5fe604e05473,"I would advise you not to download this app as it's a waste of time. The Chinese developers who created it themselves don't use this useless app, so please Asians people's, they are benefiting from you. Please don't download it.""",5
9858b192-bd84-405f-97a4-8226f127bf6f,Very active app very nice but slowly,5
f779b220-cbd8-487f-8794-46fcffd02e71,"Great app for watching videos from people all over the world. But I do have on request, Why do they need children accounts like why do children accounts get less views and engagement.",4
b9e2645d-bf23-4542-b0e9-524e4c321b13,I have been uploading videos on Tik Tok for a long time but the videos are not good please promote my account,5
7e9216e8-1a45-4663-8634-eb9c8b99d96d,My tik tok have no update why,5
73d0da3c-b0eb-472c-9978-a0ad9d2e27c2,Nice,5
dd107422-2bd9-45e9-8d59-19cb9b3c9fd0,Good app,5
b24329eb-7f91-4628-b4cb-f55bde4bba9d,Cant open tiktoks sent by friends. Tried to update. No room for update so uninstalled and reinstalled.... Still can't open things from friends. Argh!!,1
9585bca5-4494-4ee0-8917-94b3357533f3,I don't have any features on my account even after making another one!,2
c296ffc7-b93f-44f5-bae7-78c5ffed0cab,I love this app,5
69ef0988-a21f-431a-8024-9e1c8d220ee0,good app,5
8fd1cc61-a348-4aed-bd9b-0933c43b287c,I Have a problem my tiktok app is permanently banned in my mobile . When i open tiktok app then app notify me you tiktok account permanently banned our comiunity guidlines please solve my issue 🥺,1
41c7aff4-529d-4295-93cb-5ce033663908,helpes,2
cee77fee-8b01-44da-946e-b5ceefb4bbdf,Good,4
c34ee92a-3a56-4bd7-8c9f-6f8005c8ed68,Disks from Zhou zoo,5
0993dd63-dc4f-4a04-bc76-c0dedd72adad,For you,5
d300da01-d646-4d2b-880d-ff53a0def808,Very nice app Its totally good for making videos,5
b661bc83-4401-40f9-8e79-c933a2ab7d70,Good,5
ec2a727a-1e1f-417b-b4d2-978c95469115,Good apps,1
8516740a-00e7-4e1b-a648-d5c87920205c,Is a nice app I really love it,5
411e3fa6-a49c-4bd9-b575-a1757b8f2f76,I love it,5
22844f00-26a7-497f-8350-8d5349f62681,Good App sar 🤝🗿🔥,5
07aaf709-1dee-404a-aacd-e2ba8559e7fc,My name is ali dost. Please vairl my tiktok I'd This my I'd name alidostgorchani,5
0be17465-9574-45b4-a7dd-94fb032894c5,Nice,5
07be0bf1-c049-4a35-80ea-1e22518a213b,Unfreeze my acount TikTok team please virol my acount sukria. Visit My acount virol my videos,5
f39d14f3-73a9-410d-85b3-659075d1ee51,রবসওরজশ ওডিন তারিতনপআসজ,5
6b14c706-4618-44a2-a7d5-5a9937ac3f06,wow tik tok,5
082729be-f4b2-492c-a0ce-72d9e63a8be2,This so good i like this tiktok🥰❤️🥰,5
f3c41671-a879-47ac-aa9f-04d4e975a8b5,TikTok account ban ah TikTok banned 🚫😭,5
1e4287bd-2d84-4006-805f-281b33e4b802,TikTok na dunia MA tarki ki hai,5
3e2a10af-f593-4cc2-9c7d-a679de9a63d9,Good,5
b513606a-5b65-4bb8-aedc-13563e7e79f9,Bad,5
c286f6f6-00e0-456a-91c9-835fec41497b,Zahid azeemzahidazeem,5
128195c9-fb4a-4fd1-8835-3f906c57722f,"Dear sir My tik tok account is freeze, please unfreeze my tik tok account, i am regular video upload but my video is not view, please early up unfreeze my tik tok account. Username:mdbayzidislam15",5
4fcf3c43-edb2-49c2-898b-d114ede20e06,Slay app,4
79df610e-89aa-457b-b462-3930c9217c74,Yangsel,3
4182bda8-a936-43a7-96d0-c8f37561059d,Done,4
46f8ff75-700b-4891-96a7-7a6278900ef7,I just love it,5
a75636dd-9c45-4824-b014-4e2f6a88b04a,Useless 😞 P,1
a4343260-0203-413c-bda8-2bfa82cadded,Excellent,5
9da71f7c-7aaf-4921-9c40-6c7b96d4ae96,Some time no open auto cut this apps,1
54931520-4d62-45f3-b373-c7f5f5c8eb5f,No freedom of speech what so ever.... i have comments removed everyday all day.... i have comments which aint even bad removed from tiktok.... you cant even speak truth without your comment been removed.... tiktok is the definition of new world order.,1
b772b7f1-5ab5-41d9-a478-880a3ba34d80,Devuelvan los comentarios en los repost 😭😭😭😭,3
5fb6c036-6f0b-4201-a6fc-5fcc4588ee84,Love 💕,5
c2c9680e-c622-49f0-b428-f6d041346882,Karla can I have a tiktok account,5
08010013-c2aa-40c6-a2f6-a412f48603ea,I think this is very good,5
13a37571-dac6-461a-aa04-ffa65f006092,"How many times do you have to download TicTok , when someone sends a TicTok that you have missed , and try and open it , all it does is refer you to downloading another TicToc",1
96dc9206-3d8d-4276-a881-713360d066e3,yes I like it.,4
c9a0c77d-20e0-46ec-aca1-e37f0037bb2f,You are 1000 hero,5
a9e6a310-d0f7-4d9e-8ec4-7aeac2c9c054,I used for ever,5
709295d4-88a6-4711-9fde-0649c777df72,I love very much 🤗😘💯💯💯💯💯💯💯💯💯💯💯💯💯💯💯💯💯💯💯💯💯,5
c2b34610-3b34-4002-ab62-dd6b310400bd,I love TikTok I love my id🤩😘🥰,5
1a980a61-9918-450c-acba-605deb77f95c,This application really amazing 👏,5
cd78fa07-a67c-4cd8-8d5b-dcb463dc73bf,Tiktok is very good and safe app My account have 30056 followers. Thanks to tiktok,5
a8ce7ada-5b59-408d-82ff-c54a9e2d0704,good,5
127d949e-8067-40f0-a1c6-1979d41ff955,The app is ok,3
1b603996-6fc9-4657-8c4d-9f6512cad43a,l don't like the tik tok because it's boring cuie they's kids went to weach went they like,2
a335e1a4-27b8-455a-abd7-448328fb237f,Hassnjaved,5
23eb27fe-6ab1-404a-a0e7-c2be27719813,Good 👍😊,5
7a54fe23-9d6c-4f37-9cfb-919aa9e19fb2,MdJihad,5
46b3ad1d-adf4-48da-9f15-87a9618f642d,Awesome app... I love it 😆,5
e17b9ff0-9a21-47ed-8383-004a4d51ff5c,Good luck with your work 😃,5
ffcd6213-6171-4130-bdbd-e3a32bc83b9a,Devraj sindhi 121,5
7e639d26-bfc2-46e2-af3d-56baa474f83b,Mhaboob,5
d4bae528-8649-4aaf-904e-890d1b68789e,HOLY,3
597fbae0-f47a-4332-8494-e1aaec57b65f,Why TikTok live is not available in Pakistan,1
102354e6-8140-472d-84b5-bf3b5d8955b3,It's life,5
868f2b44-fe91-413a-a172-a0f6d1c2705b,4G data may accoent,4
ab352633-83fe-4082-b06b-f4bc1e286fcb,I'm very happy to use TikTok. But that's not fare. my all videos are under review. Not any video go on for you. Plz unfreeze my account,1
043c95ba-a027-495b-a00c-1b9910bbcf56,Goof app,5
f22b1038-ead5-42ea-a2be-3d956030cb4c,It good,5
9708b3be-c8d8-4c20-9387-eaa7e0081cb8,Hi dear TikTok I am a new using on TikTok application please check my new official account And viral all video on TikTok for you page,5
0690e71d-bf47-4e2e-8537-0ee43042888a,dear TikTok support and viral my 🆔,5
697623e2-810f-4e35-bbdf-94064387cae3,Gulshan🖤,5
dc386c9f-01b2-4513-926f-213b65b6cdd4,I love💞 tiktok🥰,5
d592ade1-f5b1-4787-88c1-324885f919fe,Hi TikTok team .I love this app but I have some problem using the apps as I'm very active an at but I don't get more the 10 vive's on my video even after posting the views on my videotiktok @amran Khan 0342 help me plzz account warning help me,5
e30c3d99-58a1-4adf-a5da-0a982e12c32d,The app is pretty good and easy to make videos in and stuff,5
5be236ce-6ce5-425f-af10-663a4a9abdf7,Ashok Kc,5
9c128df6-2d10-4081-8e86-742325888176,Naic,5
3066aa25-f5b9-4219-b5b9-1455b70d7d34,So fun and entertainfull,5
a873b1a1-59d7-48ca-986b-6853d76c504c,Really bad app. Lies from its developers says that it's a Chinese app but in reality is an American app run by a Chinese-American,1
78a167f3-fd75-4622-aa02-f3157837f1d3,Super,5
0d795056-4949-4216-8bd2-ff4204864511,Ive done all my phone updates I've done the apps update I've restarted my phone yet I'm still getting a slow laggy app that pops up with the app not responding/ working thing every two seconds it's a great app I love being on it but this is ridiculous they need to figure out what the hell there doing,3
7ee7b4b4-d25f-4660-b6b3-a7f0afe6afb0,Tiktok is good for me,5
4b16118b-e598-42e9-aa30-d2951bcff489,Good,5
27df179e-0a5e-4d57-945f-8770fee3c5ae,Alisher,5
94224de2-5e3e-4b74-8fcb-9983a87700b6,"Groove to the Rhythm of Fashion, Music, Life, and Love: A Must-Watch Experience!",5
10ac2694-91b4-4fa5-ad26-a721ec5252d0,good,5
728172ae-8749-4768-9210-b79bc47e51f9,I love tiktok,5
85965149-0283-4294-9983-e1b92f2e17a5,Plz Vairal Me tiktok,5
6cbcb6f2-f20c-4181-86b8-54f29cfa0359,Nice,5
1ec738ad-7cf6-4ddc-8793-dfa3e146ab84,Fun af,5
c2589f5b-6a3d-4f0c-aacd-7abc2a3050cb,All we want is for a smooth app and dark mode is it to much to ask it's been 4 years and tiktok still doesn't have a dark mode on android it's literally the only one 😐,1
7c576630-df7f-4ba0-af70-9b9e425fb73d,"Hello TikTok Team, I am here to let you know that I am facing issues on TikTok regarding freezing of my account because my account is not getting even a single views or single followers from last month. I hope you consider my issue and resolve it ASAP. Thanks in Advance. Tiktok Username Tiktok Gmail This Video Covers: tiktok freeze account problem solved how to unfreeze tiktok account unfreeze tiktok account tiktok account ko unfreeze kaise kare unfreeze tiktok id unfreeze tiktok account 202",1
5676e071-5bee-45c9-999d-86d26fc2ceb4,Addictive,5
183eec09-1fb1-4fb3-84c4-faf8dc920099,Message nahi gha Raha,1
f3dd3f5a-69dd-49ae-8174-62c0217c6e6e,Good,5
6e2b55ae-d0dd-481e-a6ba-6d11d224522d,THIS APP IS A JOKE WHEN ITS MARCH 7TH BECAUSE THEYRE REMOVING UNDER 16S OF THE FYP AND NOT ALLOWED ANY EDITS ON THE FYP ANYMORE TO PATHETIC APP.,1
01c50b1b-ee3e-4561-8b1f-97e5c9c7cace,Zama janan,2
ff70777a-1d56-4cb4-a74a-1443b2defb96,Please for you tik tok team,5
252e342b-f270-445e-b3be-a9330fe82a82,it does not work offline but lt is nice and amazing,4
bb91d235-f8de-49cd-a144-65bbdbc446d5,Thank you,5
9fdce1e3-0bd9-47e0-b00f-47fc7024db9d,Good 👍,5
7cc4dbbc-6cf9-4aaf-bb0c-cd2f5479886f,BrainRot waste of time,1
b263d07b-495c-4085-afa5-c4f77cddd854,It doesn't gives likes and views on videos that i have posted.,1
0662774f-7579-465b-bfe6-9158024793c7,It's very cool app beautiful people support for me thanks🙏😭💔,1
16fd5793-7807-4f55-ae89-802da9c14e2c,Good think for wasting time.,1
38ec22d6-bb6f-44a5-bf1d-a101b0fae220,I want my videos to go,5
9c44e0ed-c408-4ff4-8028-592ad36bab20,Su bast I love tik tok,5
f3ae99fc-7a3c-4f6e-a291-da59d2c0ece9,Excellent,5
ef0e88f9-d829-4d48-8129-a11826740cac,مو سيء,3
0485e805-2c30-4a7a-a86c-8054c8656d32,This app is becoming more racist against afro people while silencing them and when you do find a video and you save it because you shared it it's hard to even watch it in the app again. This app is Shadow banning a lot of Afro creators when they speak to issues that may be solved buy some of the ideas that are in that discussion. They are saddle banning positive content and promoting the negative content when it comes to the afro people.,1
19a64c42-a1a3-4ec8-bbec-cdf77e55d905,Plazzzz viral video and sport me please 1milion follower please🙏,4
cbda523b-d128-4b14-b3ac-ea22ae615c2b,The tik tok videos about disabilities and mental health conditions mislead ppl who don't do further research and makes those people believe that they have something and some creators make people trust tik tok more than actual doctors when it comes to health. The obesity/weight loss misinformation is bad too as someone who has gone from bmi 33 to bmi 22 and kept it off. Editing videos in the app is difficult and my for you page is boring and low effort so I prefer yt shorts for content.,1
2d9884a2-17fa-4f74-a02c-746e03270825,Shazab price video vril 1 million views,5
4fb29144-49d9-4550-b93e-1cb21f75449e,Alihayder,5
18548f9a-91b0-4a5f-97b1-5de40198c965,It's a very nice app I enjoy it,5
7f750d83-a520-47a2-8813-fd5a30079495,Tiii,4
0b270076-d48d-4c1f-b098-64b38d83e182,সৈয়দ শাহীন মীর,3
5b419f11-be81-4936-9d7c-6f624c11bb9b,Why dismissed effects,5
032ec734-cb8e-44d2-b739-0585ed9e8583,Nice,5
8e0732b7-dfab-490f-8a10-f3e26e278e3e,Tiktik,5
7126b5c8-0bea-4fb4-980a-ec4e425b9899,I love this app!!cz of bts and others kpop group!!,4
d85406ae-3303-4ecf-965e-e85557aea69d,I like this app ☺️,2
0ba975ba-d64a-4982-8295-fd9b2a3b37bc,tiktok are for young kid not for old people.,1
5e0724fa-894d-4923-a984-ca8a25f442c2,Wertyuio Wertyui Which is he,3
9c5d30c0-3c9b-46ff-ad76-203915e6b0df,good 😊,5
66484346-74cc-46a4-a072-3fbd041b5280,💕💕💕💕💕😘,5
68a28b7f-fb84-4a98-bdbf-50fa41a3c71a,Ghulamshah malkani sardar,5
5ba8be65-cfc6-49d3-b9b9-a68578ba626b,@AbduremanMehaned,5
2f19467b-d24b-422a-8afb-15ace81655b6,😍,5
3cdf354f-2835-4f21-a9c7-dff1098f2280,It was going well until they took down my video for violating commintity guidlines show off nudes and skin when i did not do a single thing remotly close to that.But then i was just scrolling but then got accouted deleted for my age when i am 16yrs old.So then made a whole new account even put my age as 25 just in case but then not even months weeks pass and i get banned again for the same thong saying i am violating the rules such as inapropiate content when none of that happened 1 star!!!!,1
ed734138-5fb7-4c27-922d-aa655d232fce,I Love TikTok,5
e26b53d6-5bd7-4393-aff5-5e06bfcd80fd,For you my id plz my id name Abdul all mahadi,5
1540fb73-0ecd-43d5-896d-b1d0b65cc83d,cancerous neurotypical app full with 5 iq rtrds who think everything is funny i hope tik tok gets banned in all countries the most low iq trash app full of neurolotypicals who think a fart is funny . if u ban my account i ll be your worst nightmare im this app keep that in mind. at all racist streamers can keep being subtle racist but if i do the same my account is at risk of not being able to comment this is the world we live in only the mutants thrive in this environment,1
498b8be6-51ff-40fc-af5f-8c07183d2aed,app crashes in ways i never knew were possible. every other app runs perfectly fine but this one is simply the worst ever. HORRIBLE. s23 ultra and the app is HORRIBLE. SOOOOO BAD,1
26e52977-efb9-4d8a-8a20-3a6a23d6ae03,Soooooo gooooooooood,5
6aba7371-8955-4962-b9a3-64c2c6f595b7,cell te hoy ব৺ ভদ্দ ~ =,5
ab90219e-efe0-4d47-9441-ddd2651b7f12,Faheem,5
d73f96fa-7ff5-41e0-bb00-e5669e61176d,Evryday make fake restrictions for live cannot go live bcz dangers activities but its fake,1
f706041f-50b9-465f-8de2-0fc5a59c2a15,Good,5
b218b481-05ed-47e8-9707-b6e3495b00f0,Good experience,5
0060512e-22b8-4255-be42-dd8c57a4c6fa,مكاعدة توصلني التحديثات,1
ed12cce7-384e-4813-9ae6-91eec9269e2b,Smile 😊 and have a good day 👊👍,4
f8becc8d-1d03-4cb7-9b00-2c5240447581,Please tiktok viral my account please 🥺,5
36e05476-9e84-4ba4-affa-0243924a5cdf,Niec app,2
ff877d83-6bc3-499f-bbe8-be4294acd1a9,boost tiktok followers,5
d8df62cb-72a2-4c81-a476-4214c2d450ff,Go khaia mor,5
e5b7b564-42d8-41cb-ba1d-2c3761f4c269,Great 🔥,5
59d1d8e7-344b-4377-af3e-a930a3df227d,Idk,4
3fa5ea83-e775-4571-b70d-fa6ce024b395,Earning k say ho gy is pay,5
02d7f4fe-ea2f-4b89-a28b-785b87007d34,Please like or repost please I'd freez da please for you trick please 🙏🙏,5
b92573d8-fcaf-42fe-81aa-ac092dc6c8a0,Good fantastic,5
8ba07af8-72ea-42cb-b0bd-741c90a6e28e,نفسي ينزيل وضع الدكاننننن😭,2
790d6e71-31ef-4355-b3b0-d2ef0b19c95e,"Every time I need to open a video, I get the update app window.... Just open the bloody window... Is it that difficult?",1
e4fb2240-1078-4347-b93d-2b9454f786f3,Hassnain Ali malik,5
6b42ab07-93e6-4ef1-9544-fc97f290a678,Great app lot's of fun and knowledgeable thing's,5
9bf211d0-1823-4545-92fd-b7b9ef06744f,YanNaingSoe,5
1278fd4a-935f-4693-8ddc-11420227bf03,Its useful and fun,5
df1b8064-6dbd-41cf-89b4-a025d6615a95,Excellent,5
fc0ddc62-63ce-4d04-9e14-f4aff008477c,Hi dear tiktok I am a using on tik Tok Application please check my official Account... And viral all video on tiktok for your page,5
80323c95-64f5-436b-a211-06a42afaf474,Good and educational,5
d525ed54-0a2f-4cfa-94d3-c4f36a0c9805,No true no true no ✘✘✘✘✘✘,1
c9126f8c-b012-444a-ae68-ab3fc0225a6b,a😙🥷🥷,1
b5379c54-4c5a-4495-8bee-e33f3312aa62,Rizwan khan,5
389af7ed-a034-46f5-b9b7-dff960b7eb48,TiKtok per like karo please id @awaiskhan35360,5
40b6824a-4dcf-4fbd-9e2e-3050834dbb0f,Please Tiktok viral me,5
fd4f4509-15d3-4927-b01c-5b8b6bac482c,4 years,5
6345c113-3193-423f-a5b1-936b3e69e488,Good app,5
2e7704bf-d12f-400e-b879-4320b1a04477,Ami Kono Aditya messages Amar inbox Khule Din,5
6d750b4f-6514-4fc5-bf68-f22864d3c08f,Good,5
d6dc7c4e-8a90-497c-ab01-1cc9146848cc,Nice,5
bf85c6d1-001f-490f-b5e8-bc8d6f84a901,Good jop,5
a72c76b3-e7b8-4f71-bc35-12187b40e35a,This is actually great but I lost my tik too I'd I have in this I'd 5000k folowers and 5 million likes,5
12e2f192-4373-4fd7-ad37-127f165a6701,Nice app,5
44ddcb4f-f705-47e4-bb5d-77cb48bc00ee,👍👍👍,5
e4901547-1c57-4380-a76b-72db4f93b923,Good,5
d437eea4-4682-4ee3-9ec9-8df38d018a05,It is so much wonderful,5
3fff57db-a439-45b4-9a8b-1792735a1873,Mohiab,5
aa7f3911-3a81-4e27-a879-91e4eff657a0,Good,5
b8bb172b-0e67-4930-95f2-c24210d3cdc2,Sajid,5
609af5b5-122d-40ed-b95e-55bbd75363de,Best,5
c34e18ab-1457-48da-b069-0b43fb29bd14,Best app,5
cbbb77cf-3464-4ec3-9351-d2d4cea9fec1,Good,5
8cccdb3b-5fce-494d-866c-b65fa85fa5be,this is magic,5
b7bd5cc0-0a80-456b-b82d-8d12c6d813c6,It a good app,5
f7f01aaf-cc8f-4601-99cc-94992d8b9671,Good app,5
d10e6b30-cdcd-4c01-a318-00c22708627c,Good news,5
5cdcc127-4f81-4ac8-b5e3-96931bfb6c6e,Beautiful My favorite TikTok All world best app TikTok,5
a2a75a05-9eb4-402a-a71a-d3a12290731c,Nice tik tok,4
56526163-d242-4f2d-b3e0-ded45b3697b9,😘😘😘😘😍🥰,5
4a5b48f3-04f3-467b-8ed5-ef84b32b1dfb,on TikTok My TikTok id name (Rehan_khan_011 My email (rk3789757@gmail.com),4
c3e508f2-ac56-4115-9cd9-a7a6779b553b,When I am bored I open TikTok problem solved,5
bfa78878-c540-4bf8-9732-f823e655c4a8,Very fine,3
31cfc8d5-5700-4e84-9a0d-b09231663538,Basura,1
1d5dfde1-1225-4e56-80d2-0aa449d238e4,Areeb 253,5
31b21016-2e45-4a0f-aae4-4a18d8f57fec,I really feel honored to have downloaded this app. And with your app I am able to entertain many people .Thank you sir. I respect you sir.,5
305a924d-2533-4f22-967b-5c6012c4485f,Enat,5
5b300b51-1ef2-4ff6-b424-907e89072d09,Tanvir,5
1dc64d12-10bd-43fa-ad43-91d5f582efd2,Please MY TikTok Account for you please 🙏,5
651b41b9-0f3f-4a35-b9a6-29b4a49ce022,"TjSwipe left or right to deleteSʜᴀʜᴢᴀᴅ ʙʜᴀɪ[7/6, 5:26 PM] M. Mirja: 🤔 [7/6, 5:27 PM] Danish Bhai: Kab loge [7/6, 5:27 PM] M. Mirja: Jab tak 1m flowers hon ge Tiktok pe [7/6, 5:28 PM] Danish Bhai: Matlab kabhi Nahin lena [7/6, 5:28 PM] M. Mirja: Haan [7/6, 5:29 PM] Danish Bhai: Mobile loge to 1 million follower hon [7/6, 5:29 PM] Danish Bhai: Iphone 15 pro max lo𓆩ꕶʜᴀʜᴢᴀᴅ𓆪[7/6, 5:26 PM] M. Mirja: 🤔 [7/6, 5:27 PM] Danish Bhai: Kab loge [7/6, 5:27 PM] M. Mirja: Jab tak 1m flowers hon ge Tijrbbb",2
674479d4-a872-41ce-a9ad-506dcee50635,I like this apl because is very inspiring and very fully to others options instrestening fanny video,3
f82a3ea4-6b5c-4429-8d24-ffbec38a087d,Actually not good,1
b0ce6655-507f-4499-8843-8b09e5361bb9,I like it,5
ae265d0d-916f-4fa2-ac54-daaf9566713d,Very bad,1
2f4eb993-0a65-4b76-841d-ed13c03c7552,Good,5
c7c1b335-449c-49f9-9945-5ab70933e1e9,foryou,5
9afd44c6-69b9-495e-9ffd-18041148ab86,☯ හරිම ලස්සනයි හොදෙ❣️🫶🎻❾❾✓×°●⃝ᶫᵒ දාලදා සමිදු පිහිටයි සේරටම🙏🙏🙏💞᭄●°×,5
6f05c6c1-bc61-4040-90f2-31e6b522d98c,Good,5
19badb41-da06-4107-bbe1-1cec59e82be7,😊👍,5
f47cbade-a400-40ff-be5f-441c96594984,I am really struggle 1 year but not response my videos not viral this is my issu,1
7b843ac6-b2f2-4034-a459-aa1a0b6576c0,For you tik tok video,5
49d683dd-504b-4894-911b-a33601b53d40,Tase Does not Who Las Jase Vasgen Sase,1
67e437cd-58a4-4899-bb63-873dd0ec2271,আল্লাহ,1
a010640d-7111-4a6e-8e86-0ab357516629,Nice app,5
a2059d63-19c9-4535-82cb-e551a945c1a6,Okay,4
3fb23a8b-5d91-4192-90d4-16b6ab9f673b,Good,5
44bb6f94-2b14-4327-8874-0cacf69c180c,PLS I WANT THE OLD REPOSTS WHERE YOU COULD PUT IN A COMMENT PLSPLSPLS PLS TIKTOK PUT IT BACK.,3
c435eac7-f0e9-42fe-ac76-704a0c89c9aa,Nice,5
666329a3-a9c5-44fe-a672-40b69f25fffd,Nooooot good,1
886ed40e-6580-4a39-97fb-49e48b9b268c,M Hafeez,5
306cb0d4-bcf9-46d3-8c62-76dfe0eb532f,Faltu tiktok,1
743af665-9f04-491b-919d-bd8a77bbc0b5,nice app,5
bd5df4e0-d249-4aef-b206-a4b3cd7688f3,Is just perfect,5
a3938370-0d0f-44cf-9444-e3175bbe8871,This app is the best apps.,5
240b81d5-6a55-46db-9ae8-b15ec0481870,Good,5
c8870a52-ae15-425a-95cb-e86f5cf4b9d2,More. music urban rush,5
167f09a2-006c-4a0e-8777-19d44fe20c69,সহজে সবার সাথে যোগাযোগ করা যায়,5
c7118b9d-5e06-4540-ba47-613ac24270ae,Plase my account viral tiktok team,5
8092feec-d78d-41d4-99df-b2a5acfe7c96,Please viral,5
81567870-2c21-4e76-baae-79032d904870,😍,5
2145e0d9-2b03-48b9-bb8a-3fcbe98c637b,Useless,1
3ef3b0e2-02d0-438c-a509-0bd38226be75,hello dear TikTok tame my all video for you please,5
53687be5-d2a3-46d2-91e0-51e7c2a70d05,Love take,5
8e056030-ed1e-4755-8a36-47fc69ac0a90,Good morning,5
e682cd9e-c541-4b70-873c-98ffe463b3ba,আমি,1
c926def9-99eb-4906-82d7-62f8908a777f,Shakir. AIi,3
3ec657be-9802-45e4-9421-df278a6f78bb,Tiktok app is very slow,1
fee6f90b-8edc-4ae3-bf43-7d11c91c61f1,Very good,5
ea6c6037-7175-4da4-bcae-92038cb2d2c8,Good,5
5cc19293-89e9-4129-863a-59f6489c16d0,নাইস,5
619b779e-700f-4743-817d-5612a9b91c08,"Best app ever How about you stop controlling my music, I've had you on mute for a reason!!!!",1
75ef0ddd-e91f-436c-80b1-04da4b44557e,Nice app,5
6ff02a0b-1ccd-41fd-a65b-dd39888f2bdd,My love this app🥺🫶🖤,5
a1e4865c-3e57-45ea-b8d1-24cc57fd6fc1,Ok,4
e16c5535-5a1d-41a3-809d-a4bbdac23bc2,"I was permanently banned for no reason all I was doing was posting about my YouTube channel My brother's graduation and sad about my puppy dying. THIS IS OUTRAGEOUS WORST APP EVER DESERVES A ONE STAR PERMANENTLY. Also please if you can, go on my profile its @ Aussibat7 I have an alt that was hacked but my current is a profile picture with a Military Police K9 and an MPO - Military Police Officer. Anyways can someone post about it on your profile I also have a YT - Aussibat7_on_rblx.",1
a27d4c79-3655-41cf-8742-46e480628dff,Love it slay vids too,5
651ac061-7b42-4dee-a79e-d10ea7c7f1a5,Addictive brain rot,1
4c66dcdd-7fa5-45d5-9f2e-5d8290fbde13,It is a great app,5
850d265c-3d5b-4f02-8de5-3362ea52e17a,God aps,5
eb9772a7-1e4f-47f9-acf1-627a360b626e,Best app I have learnt and made many videos,5
67a19290-19ab-4dab-987c-9d38245758ad,"Brain rot app that is brainwashing everyone by promoting mentally ill people calling that free speech but supressing/blocking others opinion if they dont agree with urs, this should be banned world wide.",1
b1f88eb4-6f73-4d01-a361-95121c45a575,Wonderful app,5
66b2a577-9a67-4981-b4d8-e28d3266d28e,Bad,1
e0796a17-9072-4458-b05a-823f265e212b,Coppy,5
f3921877-6a1a-479a-9816-90eaf8a4da67,Live on karo,1
074a7180-24ea-4a10-8e0b-eecc3a56d9b7,Good,5
d85b0216-124e-4310-b6ea-560038b7de37,Not good for anything,1
b7e4f89d-a1ab-4e1f-98f9-8494fb52be8e,Can't like with tap tap when any islamic and name of Allah Videos. Fix this problem very soon otherwise we can boycott tiktok app...,1
8586e5ea-2f69-4079-93ab-41c1401c151e,Very good app great intertanment,5
4528ebe4-89df-43e5-b550-e9eb964087dd,Excellent,5
8005d579-7825-462e-ac15-d92a3a8adff0,Rakib,4
3cb866e8-dd62-4b10-8e9b-27c1c71df5ae,AttauIiah Ok Gddh,5
4222194a-483d-409c-b562-7a828bf694c2,I love you too,5
a50d2381-977a-456d-8021-686ee2a73e24,This is very bad App.,5
935a77cd-fe69-4e13-abb6-5fd9fec61331,This app continued increase mental patients,1
11a8e035-e1a7-459c-80d4-ae78f7ece5a7,Tiktok Rate this app,5
94f241b4-410b-4597-bda1-4afe6c5403d3,Mara live nahi sho hu raha ha,5
d168de8a-552a-4f91-92f7-ddfa1daba606,Tiktok is my main source for social media to look up my latest videos,4
a86a55d4-4c52-46d3-8f58-1a47b750c940,Very slow open 👐👐,5
4f069f65-85e8-466f-ad38-f7b1ed30c7c2,Dear TikTok team! My creator rewards program mistakely disqualified from your team. Please solve the issue urgently. Thank you ☺️.,1
3e3980ed-f71d-4b66-a847-3117d4d157fb,Nice,5
206dfcef-adaa-400c-887c-8269b21b01a5,It coll,5
b1f8b8c8-ca4f-4e35-b8b6-2ba3543c347e,Nice,5
28b747b5-06c5-4b11-9fe7-146e3edd4575,Cringe app,1
4ae805d2-26de-4c14-bc47-23441ae07447,bans people for no reason,1
de615060-9843-41f4-99b8-9bfd3eb98608,Best,5
078c5f65-65a1-4dd2-9d22-7be80b067cca,Wonderful App to kill time,5
11892b28-0f10-464f-a1a8-149dc59540f7,Sufiyanu bn shuaibu Sokoto state salame,5
42a92d2f-eaad-4b1c-852b-887314e5fd63,videos not viral in app not,5
965ed1ab-cff5-41ef-b9c2-f24a8761b24d,Very good excellent,5
45f2a650-7815-454d-b664-7a3e9c193df0,"Last update bugged everything, can't double tap to like in some videos, can't pause some photo slideshows, sometimes videos appear the second time after 3 or 4 videos (I know they are the same cause sometimes they already have the like)",1
dfd5abe1-086f-48da-b367-48218932c0cc,Zeeshan Zeeshan,5
bf01ad0e-e437-44ed-8ff1-886b0f50ac51,Nice one,3
82dabbe2-51ff-498d-b22f-c7d920bc0037,Nice app🥰❤,5
8e85282d-87e7-453f-80fa-e79ef6d17b16,টিআইআইআইকেএফএফক,5
f1b10db2-02ba-449e-9fe8-3a443306d67d,It has many problems like account freezing etc,1
7b8a0aa7-3292-44de-a8fa-4486a048856a,Follow me 🙏 please,5
145eb900-4d03-42bf-9c61-46a33a938511,Very good,5
9c9516f0-5a19-466f-8305-d5fcac26b818,Very good,5
f354ad4e-90d9-4d77-815a-c570691566bf,Nice App,4
095d8862-e1cc-42bd-92ee-e37422f42a28,Very good app,5
30711370-4c2c-4c17-b477-de86e4e48169,Good,5
94b24b25-bb2f-45ef-8cf0-e38492eadb46,Rhauqmkd,5
bf8825d3-1d35-431e-af3c-11b0340f2ac0,MUMBERE ENOCK,5
5a4426a9-56f2-4aeb-8c49-f6cc2cff3ee1,Says I need to update even though i updated it.,1
8977e584-4073-4fe8-8a25-649046f03abb,Nice appp,5
e663bd26-09f5-4210-abc1-a3fffdc791ba,Nic apps,5
1044dc1e-b763-4332-a8cd-7f021d86532d,This is my best social app,5
8d3a5ee4-93ab-4ed8-85f9-e73240a4e312,iH,3
49f44a1e-6d21-42f8-b208-3b9d79e51a48,I don't remember giving a rating back in 2016? I just began tiktoking in 2023? 🤔,5
b90f04b9-8e08-4e9a-9819-3cfe1591886a,Mamon vai okkkkk,5
dda60586-058f-4a87-8c88-1e22c38d7cf9,I Good luck app,4
34d1cc47-b811-4ef2-822b-b5f1e64f283a,"This app is built-in upon hypocrisy Yes, to ban this app in the US",1
96bd1872-8c0c-4332-8e6d-0b205dd42218,Soport me,5
d3d9a3bb-348e-4473-a3c3-0c098ddc74b9,I don't like it at the top of my phone I wish it would stop all together now,1
d61d0b77-d737-461a-b2cf-a0cad7bbab6c,ات work,5
660a6b04-02e1-4963-88d5-853f969c739a,Best app,5
4600563c-e2f3-4fa1-8f72-ecf7cf136f46,Jakhro AFZAL,5
7b529815-9f59-4339-a598-80c04c992fd5,Nice,4
f1be6209-484d-4ebc-bcb6-a80539d50659,www SK ❣️ alamin@19sup,3
98ee26ee-747e-4b3d-82da-b578d1af7181,Plz viral my video and unfreez accont,5
6b9afdef-8f4b-4183-90df-3642d0f86b12,"Customer service and app Devs of TikTok are blind to all problems reported to them, the problem with copyright is also a huge issue with muting original sounds without any way to dispute the claims,",1
64ed8cee-afd5-4949-8dcf-2687de3cd7bb,Why did u take off the chat with friends 😭😭😭,5
bb4acaaf-8e67-44fb-bda0-d7cfaace49e1,sikandee Khan gg,5
45387a76-6e62-4db0-ba7e-d8d1c2965e01,This is the best app plus the gifts are amazing... This app has helped lots of people youngsters and elders to grow their fame and be role models from rags.,5
42b129e0-bafd-4d01-8ca7-de8958e587aa,Itsso cool and helpful,5
f114de2f-7cbb-41f1-ba70-3e12032c795b,Sometimes this app pased your time,5
b0d29071-717d-48f2-b2b6-1100dcabc740,Nice,5
42ab3b67-08eb-4279-8b2c-077ce6580bba,Lveum Mm,4
e5d00ab3-b3a0-4758-80a3-c05aa7bb25d2,I can't see live 😭😔 please help me tiktok,1
7e918b51-dc67-4a3f-a6ec-4fe6680d6ead,Tiktok my friend please vist my id faizan faizan 7125,5
3aeb5b15-27cb-4b7e-a253-705ba8c81369,I love dis app its my most used app on my phone,5
87f396f8-8b36-4ea7-a99a-ddede456959a,Can u help me 🙏 please 😭😭,3
49da6edd-8827-485a-8e42-c15d48fa601a,Good,5
410f65be-779d-42c1-a968-0001e4247eea,Good,5
32361c9b-d76d-4ba7-89ec-3129bd9bfda3,Maryan quurx 44 years of experience,2
f2e39fda-1c20-46e1-964f-8011815dbf1c,Is apps very good very upload video,5
af51cd29-f5c2-4b07-930c-22921b9f085f,You should look up no North Korea. They have more freedom of speech than this app.,1
85a16c82-a544-49fa-b53c-e6ebf3ec7ed9,"Can this app leave my phone alone it keep bringing me to the app to download, I don't want your freaking content on my phone I already have YouTube plz stop trying to manipulate my phone thanks non user",1
c392beec-95d3-4f43-b4ca-cebdb423fefa,Poor,1
2b245290-8d3f-41f1-86d4-57868dec7218,Ребят давайте поставим 5⭐ мне больше нечего посмотреть ютюб не так интересно.,1
68a6af11-056e-4f5c-8c57-1d1efa890d5d,this app is very nice but it has a little problem editing a video but its a nice app 😇,4
4fa46c55-d19a-4870-bf6c-d3f4a59dd8fb,Ok,5
b7ab0a99-feda-4327-b2b7-596a506c5c6d,good,5
1470b43d-ce5f-4b6c-8ce0-272ff20b2e2a,amazing app it is great i can textmy fruends and it is a great source of entertainment and works completely fine for me dont listen to other reviews.,5
47c92ef9-9906-4456-b50d-3159adf50e51,💖💖💖,5
ad49e3a5-8b86-4271-8f57-1d00b7cb8277,Love the app,5
9286c9b4-8c82-42db-b31f-81406d6f26fd,Good app for the enjoyment,5
97360227-24c4-44f7-9c3f-e043fd42f037,Like this app and good work with video,5
0cc15b2b-50c2-479d-8655-d7a9628bc47b,very nice app I'm very enjoy very good at the same time and where you going home now so I'll have a wonderful time at work now so I'll have a wonderful time at work now but I'll let him go back,5
3c9aa1c2-de22-4abe-b88f-b3aa9cd7c35a,that is very best app,5
da5c851b-dd5d-4872-8f5d-cabfb34b0386,Cool,5
b4d7c948-c347-49b5-874b-39e1c67186f2,Hammadkayani,5
30e410c3-22ca-44c9-9d71-b92f25f697dc,ትዝታ,4
161239c9-720b-40e6-83c9-fe9727aedb08,Good app,5
693ae0b9-fda8-49c8-be50-5745d467323f,Dream ten thousand followers,5
73b9843c-7003-4a45-832b-01042a4848c0,Good,5
b2f19abd-1f96-447a-b917-059fdffc7e2c,It's a very good app,5
18e1d95d-6523-4b63-86ef-4aa70c9d8eff,Nica,5
67d32204-efc7-4208-b977-d86c306ac17e,Video viral,2
fbc72600-f788-4e14-8c98-a4055453324b,Very interesting and time pass,5
3102f651-c6c0-47bf-b7a9-27c99771edf4,Beautiful,3
86e23ca5-fc83-48cf-a43b-2e17bfb7c65f,Better😳,5
4ec62548-5e21-4b7a-b831-4af78c51ed1f,It uses your whole name and news that is on where else are like any other program love donnaboo👻,5
cbb33601-afdf-46ea-9101-7f27daeaadb9,Creative and enjoyable!!!!!°°,5
aef3ab91-1172-47a4-9c28-41f16deb127c,thanks Tik Tok,5
bf688467-dc90-4adf-b9ab-74173444000d,Its good app to be famous on social media and also money can be earned by using it.,3
a1249820-9083-43f4-8bab-d8745127e1c9,Best,5
f990998f-5e87-4e3b-a242-7dfda0890e9e,Can't open receiving video without opening the app anymore,1
b7440b19-b1e6-4e99-9ddf-54d96a90c295,Very good,5
859ee637-4cb1-4982-95c5-845496de21c3,Nice,5
bce4a0e9-7919-4d1b-b27b-6ac7e593d20d,Excellent,5
12e26056-dbc1-463e-a56c-689c0a15cd17,Hello tik tok Please viral my TikTok account name is fakhar.zaman139 please tik tok team viral my account please please support me,3
48ac816c-f767-44e2-ba11-f5e96f00bb9c,Won't work,1
4a850420-3a4d-452c-a1b8-bf5c9e7c9446,Very nice app 🥰,3
98f37887-8e61-4c0f-870f-3757197d6240,"Bad experience. Many of my comments are removed, although they are some inocent ones. I mean I cannot write only positive comments. Deleted and started using Reels where this does not happen.",1
875a0596-03bd-45d6-8f8b-273dc99662fb,I have never come across a worse app,1
8a4ff566-6a95-42e0-a274-99ec03147fc6,nixe,5
dea3a61a-cca0-4dfe-bbc9-4ab5b8ff9442,It's so helpful.,5
be674000-7b7a-4ded-a3e3-c7720cec6d10,Follow ME on tik tok,5
a5189ba6-26d7-4352-a9d9-c5a8b8037aee,4Years,5
c7212030-9d87-464e-8ccd-e90a9a5d2b4a,Very good,5
eb32c813-e565-4550-8b51-290d2db629af,Good,2
4367b2af-520b-412e-b539-5adc53a97465,This is very social apo,5
fed3aba8-1730-4707-aa9d-be26131b48fb,nice,5
e557aab3-189c-45d9-a32a-70664c9079c6,i love TikTok videos,5
f6382900-1477-4628-84f5-9b3b124da4c4,Very slow,2
a3a84518-73b0-4dbc-9206-2f6c83078400,I don't now what happens with my tiktok app,1
e6440178-e097-400c-b218-e713d13627fb,Hi iam fahimm,5
b31b2f6b-2731-4286-9513-8f9b618f878c,Thanks TikTok,5
8aca09de-f967-4bf6-8484-722f3bfde914,Terrible app,1
5fc48942-96ef-4b5e-a90f-42312b45d57b,Very nice 👍,5
bc4aa2e7-3e1d-4312-9da9-80bcfc7ca75c,💯💯💯💯💯💯💯💯,5
fea0e989-9e01-4072-8219-05b1500e0ae2,It's a good one the social media,5
ff947f37-b072-480c-bbd5-932e0f689c61,Nicr,5
f5862672-3b12-41b4-a60d-745a0a872dd3,TikTok is best app for free time,5
465936ca-d6f4-4fae-a0db-248ca647a9da,Beautiful Application,5
ec29008a-0f41-4ead-821a-2c61f13e68c5,Nice,5
103821f7-14b7-48ce-9a34-825f46398380,I put my bday and apparently ppl born in 1993 where not allowed on tiktok. Tiktok please fix this 😡😡☹,1
d4b69559-cd6a-42b9-b88f-d42e3f7e0885,GIVE ME MY REPOST BUTTON AND STORIES AND THEN ILL GIVE A FIVE STAR,1
6ffdb450-d45e-4d27-b3f7-8182988c8a7a,i Love tik tok,5
4940a2e2-957f-4d62-9b0f-accdf45ae4f1,I cant open my account it say maximum number of atempt is done. Try it again,2
abe048c1-ecb1-4c95-b438-707f1359a292,Bintang 5,5
cb82f4fc-fc97-485d-b11f-23504d0f266b,Please viral my account,5
e5296e57-5dea-4a33-9324-b3aa1bc4b562,Plz tiktok team support me new account plzz unfreeze my account🙏🙏🙏🙏🙏🙏🙏🙏,5
d3e02b52-6dfd-4584-824b-29f0c05c6915,Please unfreeze may account TikTok teem I m new user,5
c2b35065-e6d5-42ee-800e-5bf0f3ce8446,Nice,5
e98199cf-4a39-4e91-a159-bed72271799b,Wow this app is nice app edit and also graphcish is also very intrating and effact is beast for tik tok app,5
1892dfeb-c135-4090-a774-ab10aa3cab3b,Good,1
3d8f21fe-3938-40e4-a912-4553b230d97c,Not working properly 😭,1
88077b80-316d-4ecf-b33d-43dcdc7fb6c0,Nice apps,5
08ea8f46-d486-44d2-a853-e2abcab58920,For you,1
d5e11852-1c34-409a-90b8-a9b93a16c226,This app is very beautiful,5
01e4f193-0df5-444f-be0f-2c8688ea0fa3,Good,5
062a7482-71ab-4e21-aa61-e9520d2c8e5b,"Very good app but I accidently entered the wrong year on my birthday account so I think there is a need that you must put the birthday verification on the setting so just in case someone enters the wrong date by accident they won't have to do so much things like me so please just add the birthday verication because it doesn't make sense for it to not be in the setting, and plus u might even get more users on tik tok but the app is fine but add the age verification on the app it'll be great 👍 👌",4
d4ee9408-4384-4500-b18c-89932beb7187,I'm still waiting for the damn DARK MODE to be available on android .. how is this basic feature still not a thing on a brand new Samsung S24 ??,3
57efc220-6fa8-4019-8d5f-6243abf1cb57,Where is TikTok live option,5
19778f7b-eff9-4867-b82a-2a966f9f2b3b,Ch Bilal,5
0aebb8f4-4713-47c7-b434-5678194ea5ba,Mare vedio viral ni Karta Baki sub ke Kar data ha vedio viral,1
af517e77-64d0-451b-8c5b-7fb62f1f5ea1,there are a lot of problems with the application,3
012b9a0d-1803-4d91-a5ac-075598c810a4,ওকে,5
6a97d8cd-1000-4ec3-9e5f-901e17265679,Tiktok give you a better life💖💖💖,5
226b3ff4-d80f-41a9-8e42-900df15e5fb6,This is more fun app,5
827511df-94bd-4768-9d2f-ad2937ce85af,💗,5
47678875-a5aa-4ed3-bad9-b9a586796d0f,Sababto ah ilaa 2019kii dawanayay hadan wax ka sheego anigay ceeb igu tahay🤣,5
c101e182-d515-41f1-a50d-a7d0a69ea8c8,Good,5
efbd779a-e167-45b1-bc1c-f6e6643edd43,This app is good but there are some wrong things in this because when we search Allah than tiktok give wrong things on recommended search. Kindly Fix it then otherwise we will against this app and we will try to ban it so kindly fix it.,1
dbfe40d1-c72c-4f4a-9ec3-4ab19c2f0086,It is very good for you ggggggfttrr ❤️❤️❤️❤️❤️❤️❤️⚡⚡⚡⚡👑👑🔥🔥💖💖🥰😲😲😊,1
0ac8a72a-1773-4688-9339-643114e64069,Very nice,5
0308ea29-1732-4dce-bb2d-59b526795cce,Nice,2
5dba9881-9717-4c2a-848e-40012963b942,Good,5
e53ca7c2-ca74-46fe-9de7-2bd93cc2cb65,Sameer,5
b1708c3e-94bc-4b4a-9011-abbfcadd2a16,Great,5
77c9d528-6921-4e8e-a4dc-ec6a020b3f25,It uses a lot of data,1
711129c7-a10f-4493-95c4-817c9b304233,It won't let me appeal my birthday and it says that I'm 13 when I'm 17 in real life I hate it for that it gets one star. If they didn't ban it I would of put 5 stars fix this error tiktok at once,1
71e1312c-5cee-43b5-9357-b4bbc8493e6f,Please let it install,5
77c6dda4-4425-4149-b7e4-21a9092ba981,I love the app but I can't go live because of age restrictions and I'm older,5
8823b575-86ee-45fd-8753-ad54963191d7,Nice 🙂,5
16c7d1a2-7c35-4f23-b79e-6db6a9fdf30c,Good app,5
dd31652b-d512-4e9d-921f-c54f1c2aa3aa,Nice,1
afc1914c-87d4-4855-b288-98ec5cea6081,Good,5
97ea66ea-077e-48a8-b56f-2f66a9960e82,Awesome,5
b661617c-48b2-4acc-a934-dbd03f699201,Good💖,5
549b61ca-0576-4814-b1cb-8e8620962e64,Tiktok is unlike balat fom🥳💥💥,5
ffc5d31f-0cf7-4f96-8087-018a94069ec9,ভবিষ্যত শয়তান,5
f05d64cf-0c5f-45e4-9d43-9dc982acf35d,This app is a good worki ng,5
fe52bc9e-70f4-4bf2-b124-fb80eaef1ebf,Good 👍,5
eb0d07cd-c46a-4b79-9bb9-ccc7fd9a186c,Poor,5
4d91fa1f-0106-4845-8c26-4bd16a14bab5,Gib Dark mode,1
25ddf522-c882-453f-ba61-a0ac21c9d523,زىنللهللنىلعغ,5
84a86c89-65b3-4cc3-b5dd-84599ce2de24,Tik tok team my account bro please Meri help ki jaaye my account saeedahmad31320,2
6b6c116c-2de6-4c77-94f9-e237ec67699c,Love TikTok ❤️,5
462ab504-7433-4c78-a20f-032a3e95bef7,Hi dear TikTok I'm new using on TikTok application please check my new official Account... And viral all video on TikTok For you page,4
e26880e0-a842-4f92-ad23-865adba7f80c,Plz tik tok update install my device,5
c41074f0-4505-4a67-8d73-d43cb0c56cfd,It's a very phenomenal app,5
6096d774-a63c-4750-aabb-af7f20604825,I love this tiktok. But help us to make it easier to do videos,5
0d7b9d2e-2717-47c4-8d5d-9eb2b0231afb,Best app Eva,5
1a63297c-c3dd-4393-9a7b-d0024fd52e2a,ናፍቆት,2
a2563935-5d43-4aef-820d-871c31734c1e,I like using the app and post on it,5
6a292876-52ff-4af6-ac8e-95741a1e1447,rao muzamil,5
85f2acfa-8a45-4e62-adc4-3a697ebe26f8,ma please Follow and like our page please Follow,5
c4655024-2dab-4e9f-bcef-9f65b9fa1857,Love but it should be more quiet but I love it whoever invented it is a genius and the best,5
c73a086a-b85c-4ee2-a461-3ea74221f207,favourite sound i need,1
e6555dae-0cde-471a-92ab-86b269c8a239,It's really ( •᷄ࡇ•᷅ )ʳᵉᵃˡˡʸ？ 🅒🅞🅞🅛,3
6d25202c-a39b-4508-a146-1f16706b850a,The tiktok is my favourite app,5
22454b55-4537-4bb4-a12b-abaabb9cb133,Am happy with the apps,3
1dc30ad4-1fc9-47a5-8860-d3d91e8fb490,App is trash now,1
55fe3e0f-a4a7-4437-a185-ada54b237705,Paz sir tik Tok viral,5
26eecdc0-bcc1-4c0b-b3bf-8d177d5bfc52,Good app,5
e8b05bed-d2e8-4401-b4d1-0222da3506d3,Nice,5
c5594e03-e526-4440-a435-23bd76a2b4d2,Thanks you❤,5
64ce464d-7038-42cf-a8d8-d9fb865ae1bf,😞,1
01c4aeab-eb60-4fff-afc7-41986254f786,All I can do in this app is crying,1
0aa97662-b2c0-4894-83fc-f6d36143463e,It's a little slow,5
aa09f2ea-9b3e-4e13-bb0f-04a36be31d67,Amazing and good over time enjoy your app super,2
3a172dba-e406-4b6d-8d10-84f9088b63ee,"TikTok used to be fun, but now a days, it's not. My videos were going nowhere. They wouldn't pass 200s, so I tried promote. I spent over $200.00, and my videos, followers, and views look good until I stopped paying for promotion. My followers list drop down( from 6795 to now, 6722). My videos views now were in the 50s. I had to delete a lot of them. They even took $19.80 from my account and told me that my last video didn't meet their requirements. But refused to pay my money back.",2
0f4c8d3d-1b60-45ef-9451-d8cea0425432,Love this app,5
3b9624bc-0e26-4c46-bec7-3e2c66e49974,Good,5
bbbfa303-8128-4da4-8d68-081fba2f4224,It was not good,1
d1e55061-bce0-4506-9f45-a74c09cd97de,wosome,5
63e253d9-261e-491e-85bf-d914725de3eb,Good app and good earning,5
8b2bf380-01d2-4145-9675-bbfea9826b6a,DAKANAWK ON JSSNSBBBZ tahirbaloc1,5
bd0c55ce-1df8-491c-9f58-1524b2fb19db,Salmo,5
e41c5f70-e622-41c6-89a7-31eb899d2810,Support me,5
3e05e2fa-ea0c-416d-bb2a-e2459f307a96,Help me tik tok.follower,5
5569037f-a4de-4d3b-9b91-5ca99a88c039,I love it ♡♡♡,4
653f7135-b513-4c61-8132-fb8621391af8,NC....,5
0ba8ad99-7938-46cd-badb-0fc3db51f3ad,Please my TikTok account uk bnado please,1
55d30bfd-7480-4ecf-b8b7-6618c209e998,For YOU TikTok,5
4a0379c1-d462-4393-8616-d08d40507049,My account viral it is nice and peace platform for earning and entertainment,5
f3c6bf53-f238-4ec8-9cd8-941614678852,𝑵𝒊𝒄𝒆 𝒂𝒐𝒑,5
0c515ee3-0e62-4d4a-b3b7-2ee9524fd8d9,khuhtoo,5
7a3ad556-93ad-4a82-b5f0-e1541671c24a,Steez 💯,5
e2b6fc9d-6483-4350-9280-7689c27d3ec3,MdZihadKhanForyoU,5
8abdd224-4a38-4dfa-ba77-cebd99113850,"Assists little kids to watch p***, but what app doesn't now a days",1
aac318a4-521c-4ef6-9ed6-f58ea565a3b7,Nice app,2
ec98abd5-cab8-4fae-87f8-30abc4bba2ae,اخ اخ,3
4df0e695-4564-412a-8286-b70000331b82,good app,1
874dce9a-0f89-4688-8dce-df677fcd1792,Good 😊,5
fbee1b17-9319-4779-a55d-09d07c2168d8,Good,5
df918755-6a62-4d3e-84be-ed5a2962baea,This is the most useful app for time pass,5
1671bea2-e50d-43d6-9fd5-9a2965ac9fec,Not bad,4
bc479004-5e7d-4d0e-89aa-90777b904800,Good,5
81452dfd-d42b-4f7f-a69d-d16631c29369,I love tik tok,5
e713c3c2-7f6e-428c-a63f-10e8cd870608,"Can't open videos sent by friends. If I try to play, open, or download, I get directed back to the store.",1
122cfeee-66ea-4036-8589-769cf354b6fe,Verry good entertainment app...,5
f5050a91-059c-465b-b076-e86dbf21716d,😱😱😱😱Chalo guest 😎karo yah tiktok kisne banaya hai jisko pata hai wo like👍 Karen mere comment 💬ko shukriya👃🤫,5
95c2eb8e-32e3-4eb6-a73b-bc4adc190bde,لالالالالالالالالالالالالالالالالالالالالالالالالالالالالالالالالالالالالالالالالالالالالالالالالالالالالالالالالالالالالالالالالالالالالالالالالالالالالالالالالالالالالالالالالالالالالالالالالالالالالالالالالالالالالالالالالالالالالالالالالالالالالالالالالالالالالالالالالالالالالالالالالالالالالالالالالالالالالالالالالالالالالالالالالالالالالالالالالالالالالالالالالالالالالالالالالالالالالالالالالالالالالالالالالالالالالالالالالالالالالالالالالالالالالالالالالالالالالالالالالالالالالالالالالا,1
9ce8ab02-d841-468b-8acd-ec5e8f47786c,Good app🙄,5
b25972d2-d94e-4a8f-a97b-e2fd2f270ef2,Im so happy because i enjoy watching tiktok and make my video 🥰🥰🥰,5
74e87048-cc7d-4e95-9def-c7208d07bca9,well,5
4646f8cc-76f4-4542-9f99-e35303a6730c,Very nice😍,5
ab76123f-740f-4874-bcec-8053432e330d,Tik tok problem unlock I don't message anyone you bad give service I request if you don't give good service then you do tik tok finished 🥺🥺🥺🥺,4
eac85470-7823-451b-9d73-00086821562d,Very bad experience,1
5a059f70-874e-4e1e-b10c-e3901c65fbaa,Live follow please,1
a8b688a0-dd61-46c2-8c3c-488a9fec55fa,"latest update,lags and crashes after about three videos....not sure why it needed that update to downgrade...",2
cf75f8c3-0c7a-4d69-8e82-4c28a9d3dad6,Good,5
da4c40f8-5863-4e1e-86a5-f8db07ff2559,খারাপ,1
2727db51-de36-4b74-bda2-9209bf0f9392,very Good,5
013090a2-10af-4c8e-862e-5b0cb2930279,Very great app,5
69bc1ad7-7b8c-4b45-bc74-b793b1cbdd66,Good,5
8420e9d3-0f1c-42ea-9440-283b5e667f19,Useful,5
cff8ba7e-e17e-4928-9e09-c77a69c1e5a4,Good app,5
e132ead2-f7fc-4805-9aa8-e2acb3cebaae,Is xx not TikTok please,4
687c5aac-1b0e-4540-a0d8-1f5716168d0a,Nice,5
9c20f5a5-4e8a-4cf7-ae81-21ef06c36078,Nice,5
52512def-c66c-49b3-ac9d-5f8bae67fb6d,sk bai,3
66bab0d1-5683-409c-a14d-722909efb112,Absolute garbage!!!,1
d400912e-bd4c-4473-9e68-832b77333352,ভালো,5
07f548ad-1371-4d15-8a79-55f8a66931b5,rea,5
4ccbb7b9-f294-4a63-a96d-f5c22d1d8a87,It's nice to play there and take a look,5
e94cfe70-55da-4b31-938c-047d595569d0,My app want work,1
5ab8e06b-9e71-4ff7-8ceb-d626971f3777,Ok,5
43526195-27c7-40a6-bdf6-5be9b8c65d7c,MaligJan,5
3e8815bd-06ae-43ff-bba9-674bb0272e42,Love this app because it makes me happy even when i have a problem,5
a6788ad0-3036-40fe-9af9-f83080d197cc,واو واو تطبيق رائع 🫶,5
9bdb61eb-6145-4f37-b9cf-2ab141ea042d,#Unban Mr Patloo All Ids Thank you.,1
bb5e10c9-1c02-48f5-baa6-732ef799baf8,Good,3
5e06891a-5e46-455b-8059-869a27ddc1e4,Good,5
adcea244-731e-4876-87dc-9fd5fc77b55f,Good ❤️,5
be103667-f0d7-4154-af98-77af5867eaf4,Nice,1
fb48f12c-8650-421c-93dc-fa2f76af69f2,Valo na,5
94bb8a9e-a55e-4fc2-90dc-1b04ffa88d9a,Best short video platform,5
f6d4cfd1-afa2-4f65-bde4-ff72ba906e0f,gud,5
a6724dab-0d29-4128-b5c7-254d38e5356b,md :fizar sakar @com/md:fizar sakar,5
98e01472-c527-4954-b307-8829eb007d5b,It's a very interesting app the we can earn money 🤑,4
d478bde8-e848-4255-a0ca-c7ac9c15087c,Good 👍,5
a05cf9b9-0ae2-40f9-be2a-bf69418b54f2,zain jutt,5
02077304-b2df-4bec-909f-ddec30482901,Thank you,5
c6a5793d-c78b-40da-aba7-b046ef12fc52,Mashallah,4
228ca133-a06c-4857-a76b-a6e19fc88cbd,I have been posting TikTok hard working please unfreeze my account user eshamughal.9211open my account,5
c54fb483-83f6-4fe2-aee3-aba9c59ca8a7,Kuzuia Kkgh,5
38e502ec-9287-4fd9-acf0-0b5826ca81b3,Nice,5
0a101799-78e0-420b-ad47-93c3306f0797,There are some technical issues which should be fixed,1
67f21944-cdd5-45f0-8d42-99e232b4042d,Kullanıcılarını dinleme seviyesi diğerlerinden çok daha fazla berbat topluluk kuralları. Tam bir diktatörlük uygulaması,1
7bdc39af-5a4d-4e17-9383-92aa3fac242d,Thhuy,5
c8bff82c-2a66-426d-8108-15fdd0564cd2,Very interesting app,5
f52d5cac-e768-418f-8115-d2986ef6416e,Nice,5
e7c291d6-c142-44a8-85b2-c8647c467d4e,Very good,5
51c32b69-0f39-49bf-af2a-fce2cd9fc6e5,Awesome,5
422ff69b-4c02-4662-b0b4-be55e8c6f856,You can create groups,5
b207aeca-45b2-46d1-8d4d-cd8d4bcd8871,❤️❤️😘,5
e38c1080-b253-4a6b-8c9d-9e8e6ea6b2ad,"Life hasn't been the same since ""comment reposts"" disappeared, please restore it",3
c97fe69f-df2a-4209-ab7f-e40bd1a0420a,ایمان کا کباڑا,1
88f4753f-8d79-46f0-b970-d356ff61aa79,It's good,5
188baccd-302a-467a-9be0-71f1e83f575b,Slow speed,1
f300dabf-ae99-467e-ac47-2ebba50e0671,"PLEASE, PLEASE TIKTOK We need monetization in Africa. Please find us means to earn from the videos we create. Creater fund 🙏 🥹 in kenya PLEASE 🙏",5
12e57ce4-fcab-417b-a07c-4ca279a2c27c,Wa,5
37368e31-0935-4335-8016-bcca09b160ef,Slow like,3
211ee5c9-d30f-4b5a-92e9-f0723b29a1be,My All Draft Video Are Deleted.Kindly Recover My All Draft Videos As Soon As Possible.,1
70917cd4-a80d-4268-8ea2-3ae67686e64b,Like it,5
90a0ae34-3b35-435d-982b-4e25e9ecb6a9,Intersting,5
c81d48bd-bd75-4fd1-b5dd-fc3192db98b9,Goodgoox,5
17c04b8b-dcd9-412f-a96f-7e02bd33a553,Please like follow us,5
c97fe4f2-e1ae-44f6-a40f-e3d31e15ceeb,I like this app ok my personal 💻 use,5
67ded264-40fe-4a37-a8c1-35fb26fce9ef,Tiktok is very nice software,5
8c2a58f4-de7f-498d-a519-4790d6b9fa08,V good App,5
b7e1700a-c4ab-4952-9c23-78142467337c,Exquisite app 🤩,5
a44b5fb4-b6c4-4101-8f06-3fc914fb7b75,Yae this ap so nice. ♥️♥️♥️♥️♥️,5
003bdd75-1f87-4e5a-a705-44a1dbdeca6b,I am posting my picture p tick tock,5
1d442209-ebac-42f6-9e2e-7c3f614ea7fd,Best support for poors,5
d5fb4bad-aec3-4309-89ae-9b971111dcb5,Nice app,5
e30701bb-dc00-4e09-87b7-52bda1fc47fc,Good,5
57ffb53b-73b1-40fb-ab0a-c6c4b84ebd28,Good,5
06307238-8562-44c9-8a6b-8a840a8ca4c6,Very best,5
f0cff506-bf1c-414f-8ccb-fcad7beb62c0,Please go live tik Tok,5
f881504d-aef2-4839-930c-49c80396ba2e,It's the best,5
cfb26c4c-38c7-4355-8ef1-a872baef869c,Wasigesama,5
09c7e0b2-aa64-4958-b13f-6125fe237b8f,TikTok is an amazing app তোমাকে ভালোবাসি রা,5
0254f1ab-a23f-43b7-b3dc-14056f2a2cea,Tik Tok is very interested and very good app . In tik Tok you can earn 💰💸💵 from USA and UK accounts . You can upload videos and share your stories with other . .THANKS for give us your time. ALLAH HAFIZ,5
795c48ec-dc96-4563-91a5-f06b287ca8ac,টিক টিক একাউন্ট খুলব কিভাবে আমাকে সাহায্য করুন,1
4368cd2a-ca37-4045-b6d0-95105a08b945,"This is the new update of Tiktok, please everyone update it otherwise it will become very old and you will think that I am late, it has come now, so update it immediately. ❤❤❤❤",5
1111aec0-cfb0-4e55-a639-3a4d03baf37e,Good app 👍👍,5
465381ac-69fc-4d51-94c5-3d39cc4f0f99,😞,5
94c80cd5-8a67-4c16-8058-bcb8da3079f4,That's so good 😊👍🏻,5
b231b16a-7436-4278-8763-7d7b434b8f57,Nasraullh Ali,5
df2a34d4-a8c9-4243-8fd9-731728670cd0,It is good,5
a8cb22f3-301d-48fe-99bb-0813be4422db,Amazing and fun,5
01ad2a52-0916-4b61-aae8-c890b7e17e7d,Foryou,5
c8f63bef-3dc0-4437-8c46-508601d06f34,Hello! Dear TikTok team my TikTok account name is itx_boy82 and I am sure my account has been freeze no like no views 😭 I need help/ I hope you will unfreeze my account and monitize!,5
2b74dfab-0a3a-4b83-afb5-cd2cb78a8aa9,My videos for,5
015ca38a-839b-47c6-99ac-cf4f9e766bb9,Good app,5
6f11d107-26b8-4e3c-9dfb-979373b79eae,"This app has the best videos ever, it keeps me busy and educates me with some good things and I recommend it to everyone",5
5d55b282-3df2-4152-85a2-cc5546a3fc0f,Saad ali 96 group,5
c8377c9e-6836-499d-994a-6b9870ba20b6,Nice,5
29923371-f2f5-47d7-a614-6fc675ce28e2,Hello TikTok Team please visit my account ( zakirambrose_143 ) my account warning show on my profile please unfreeze my account Thank you so mach,5
52d9e979-17ba-4400-bdf0-09496b48af9e,Shan valmiki,5
18055e5d-2913-4ecc-b7c6-6ed740e7bd05,Zeeshan. Hi G,4
28cb2408-ad62-47d1-a59e-84a2f6f43216,Good app,5
8c280bd4-9e2d-4acb-9780-44dbf41b15f3,Indeed Tiktok is a great app,5
aa738516-c7af-44be-a358-b3cff31f9493,"ello TikTok Team I have mistakenly Violated your Community Guidelines which I did not know and I posted a video which does not clearly show the violation but contains content which your Community violation the guidelines New you guys have also issued a Warning on my account, so please remove it. Thank you very much.",1
634d6e82-ceaa-43b3-963f-dc56efd0e968,"I recently reported a comment in which someone told a sexual assault victim that they deserved it and that they hope the victim wakes up feeling dirty, guilty, and uses every day. ""No violation."" I reported a tiktok where someone posted a photo of a minor and called her ugly. ""No violation."" I reported a video of somebody making lewd comments of what they wanted to do to an eight-year-old child. ""No violation."" What a joke. Stop being so useless about online harassment and exploitation.",1
be8c0d71-5568-4df8-8630-a7613f4c8e93,Nah,1
d6d40afc-f40d-4dfa-aa54-0e1a31e18bd1,Policed garbage. Death of free speech.,1
9cecae15-73c6-481e-8ec7-6d72da546ee1,Best,5
82e407e8-6b47-48e0-900e-c402abac545f,DAHESAR 🥰🥰🥰🥰🥰🥰,5
28be2b8c-cfa8-43e2-8101-70a46bbdae69,Good,3
de7e5ba3-1bd8-4002-9f35-acde1ef4679f,Good,5
0a6a96ce-130d-4584-a09d-404a339ac337,I love tiktok baceuse you have following and have friends and it fun,4
8c46583c-3896-429a-9fe6-057b313bf5e3,Easy to install,5
d475b95d-c1d6-40b0-a821-405e4084011a,Moin Uddin Ruhel,1
0366453c-6ae3-465d-9968-f213f3ab1f93,Why does my app keep on stopping,1
e3978abe-14cd-4a9a-bdd4-497050b50004,For you please My Hall video,5
8eadd228-6772-4536-90e9-19238f2811fa,Nice app,3
b0a1ed65-4323-4db7-8663-0d7062caf1a4,AD Bhatti,4
85f3bbc1-f24a-496a-b7c0-770da9b3983f,I can't really say much.Just go on it and you'll find out,5
fc5797c8-7cd9-44cc-ab3b-322f8095bfd5,"It's Very Very Funny, Useful, Entertaining Application Must Install It!💘",5
93c75bab-2578-4b92-987e-aa9d2c0ebf13,They banned my massages don't allow me to go live,1
239f6c5d-2b5b-4094-812f-479dea3e3031,very helpful and i enjoy it,5
8f25690b-e6aa-44a5-b497-eec68304f3c0,"I am writing to report an issue regarding my registration for the Work With Artist Program. I have successfully eligible for work with artist program but however, I am encountering an error message stating ""No Campaign Yet"". This issue is preventing me from fully participating in the program. I kindly request your assistance in resolving this matter as soon as possible so that I can proceed with my collaboration with artists.Thank you for your attention to this matter. My id @meettherajabs",5
be576e06-0573-4982-b172-5a1d1d996999,Very Good apps💓💞💝,5
f63c7a3d-adef-4a9f-bb84-8126df9c7022,Why can't I download my videos without watemarksssssss?,3
b72e2983-7445-4ce5-9eaa-647c2a27d36e,Tanha mone ♥️,5
154e21ab-e6a7-4dfe-aec4-312f4a2c9918,"Unable to open the tik toks that I have sent to me in messenger, takes me to the play store and makes me open tik tok from there - but then just goes to whatever video, not the one I was sent",2
a5f3982c-b105-4eaf-be02-967b53388d74,😎,5
8f9538ba-9270-4cb7-bea4-580e034c640c,Nice,2
3ae15a2c-29bd-4f32-99f6-0cf69c4a3852,Is the best,5
96772aef-e298-4125-8933-fc7909fbc8c9,Sigma,5
f52263bd-845b-4e0f-91fe-0b17a2f08058,TESO KINGLOVER UG,5
812539e9-f04a-4a48-a13c-6559c80d285e,Very good app,5
33e006ae-c871-4174-807f-35c9b0b59890,All of my comments get deleted for the most ridiculous stuff,1
2a95bfc8-e054-42da-b6d3-c59cf0cd507c,Great,5
435f5516-a922-46f3-b5be-7a996c7840f2,Ahsankhan,5
f5238dc8-2307-4473-bbc7-19cd973d355b,Malik sami222 foryou this id #tiktok,5
79a766f5-b92d-4c8a-83cd-819972feaa97,This app is not 🚫 🚭 good,1
ea8f769e-03a4-4770-ac79-bd162e1035e8,Chapri app The name of this app in bd is Kutta = Dog,1
322d0ba7-36f5-4ff6-a3e4-1a7330272791,Wow,5
fff54d92-d433-49c8-b06a-a69ddcf39e8d,No views for my videos they just freeze my account for money,1
89f6b0e2-beab-4802-a189-6e630ad1b0c0,use effict,5
aa75b5d1-4298-4a2c-a786-535bd06088cd,md. SHUVO,5
03643c4c-7564-4fd7-82bb-5b4955f12332,I'm strongly disagree with this decision I have posted my own high quality contents I believe my recent contents rewards mistakenly declined so please manually take action and remove this false warning increased My High Quality Contents RPM @muhammadamirpak1,1
d7b5e625-668b-47dd-8099-c677b3784e55,Nice app,5
4bf5aecf-ccc7-42a3-9d02-372c7715a046,Abrar Bhatti,1
6024a861-8e53-43e2-990e-9288e02250ea,Tik tok news,5
b09aee12-2c7d-4ee1-b4ce-742da6f84ec2,Dear tiktok Gate apps 😘🥀,5
9a83f8a3-6e8d-4469-8494-ed64c10448c3,I really love this app but TikTok his making me sad like seriously before I couldn't access capcut template I had to wait and update it but still to no avail Until tiktok finally closed the account Now I opened another one and still I can't join as a multi guest I even have more than 1000 followers and still I can't host a live. Like I expected a whole lot from this app It's just to unfair My friends have not reach up to 18 but still she can request to be a multi guest But I can't..,2
849e7ad4-f762-4e5f-905a-d24aca5cc5cb,Nice,4
82bf7c5a-017e-471a-844b-e1e2c7681548,Good,5
4b0ec739-a4a1-43ea-86f7-f585dde96b8c,Piritha,5
c1babd70-fe3f-4bdc-ab9c-4604c5f0d906,Please tik tok my video for you,5
191ccbef-45af-4345-a6fd-0428dde73bc0,Carryminati zindabad🙂,5
c6c27c96-afc0-468d-bd3e-b1990301cce5,Requirements is this my id 😭 plzzz tik tok my id Luqman.407 visit,5
c3bc5f89-8990-4a0c-9991-5f712d0dc52a,Good App,5
82a4efd0-3e4e-4c75-bbea-e87f5940928f,"Brainrot, keep your kids away for the sake of the future generations.",1
0a1567b0-f8ae-408d-b2c1-ec49e6399c49,Song,1
21003146-c122-4c92-bbbd-6ef0317e664b,disgusting,1
9e0c15cc-8114-42d0-8768-a1bb123f01e8,Good but not convenient on Android,4
43143044-9dff-4bc7-926b-2a13f55439a1,Please give download this app😢😢😢😢,5
c060fc24-b157-485c-8f5b-a0c9a6e7986d,Nice 🙂,5
6a9f322a-af92-4fc7-9a12-f926429339e2,Very bad experience,1
361195bc-c9b4-4d0f-b46d-254ccbc059fb,Good apps,5
17b99a4b-f006-444d-88f5-4d39a2580bdb,Best,5
a7b0e86d-9e57-4ccc-be93-c6f100e0b6df,Very nice,5
e6077502-5e50-4081-98e5-d6a8d3377caa,Very good app better than YouTube,5
f056fd51-9c1e-4787-806f-b8fb937310ab,আমি হুমায়রা আঁখি 🥰,5
1e0dce07-1c36-499f-a8ca-7141573d5383,Tik Tok,5
000a1087-2af2-4e86-b695-9784ee5a85a2,Log,1
9f4ce44c-7abd-4586-ad02-e004cd7bfcc8,কামা,4
e4ef36d1-50e2-454e-9d91-8bf6144e1323,Jab b ma video post karti like or view nai atay,3
711cc6be-d787-4177-880f-b42f48a2a1f4,I want to see the weather forecast in my phone,5
1836d144-7c06-45c8-b8df-b8108d647027,Deartiktok I report to you because after some update before/pheley TikTok 1k like per earning dati thi after TikTok has Monatize account and USA account plzzz 1k like pr earning or coin wala option dobara laye,5
d7b668c1-d698-42a6-84d6-92e8a813c9da,Best app,5
9aab7a20-09ac-4a8c-997d-012079b5036a,good apps,5
3d7e951b-f1aa-4620-9754-a2ae2ef1c42e,TikTok is a best app,5
115ab22a-94e4-41de-b8f6-4e0dceb645c3,Chapri app,3
5f9f64a3-333a-4125-87d0-d58b56269ba1,Such a great app for entertainment,3
7ade0480-361d-48ef-aee4-8efbe2e039dc,This is not for a healthy man Those app is also sick person,5
bfecaf5a-d483-40e9-b592-6001203b5aa1,ওকে,1
bc785e31-14f5-4bd9-8b7d-bb890fd5d518,Talhakhan,4
25d2bedb-2a62-4ee4-af8e-3696b53ef216,"I dont have high quality upload feature many people dont have ? That,s the problem",5
12dfd3d7-334c-460c-ad16-5cd4cf0b07a9,Love it 🤩,5
7afb8d3c-480d-4413-9cdb-d3f857020bf1,Brake app,5
5f70c133-8b0d-4edc-9fff-9d8cb4cd675d,View problem 😟,5
2b4c6fef-eafa-4d72-b033-a4364dcc767e,"So good. This is actually so good. I tried this and I got so many followers just by literally signing in a week ago. Well, I haven't used this app. In such a long time, but this app is so good. I literally love it more than youtube I mean, it's just so good literaplease. I mean, of all the social media apps. I use TikTok is the best of all of them. Cause I mean, I just love you can talk to people. You can follow the people that you like and the the people that you just it just so good, man just",5
bcec0526-efea-4623-bb4b-c529a0767f5b,"ئر کہہ ظہیر کیہ 43, سے 701666.6 6",2
e5986397-c439-4386-9447-7a177fe28df0,"Honestly this app is ridden with thirst traps and grown men repeating themselves non stop. If you're looking for an app for mental illness awareness, you're in the right place",1
e5deef30-a7f6-4535-8df0-6820b52849ae,عدم ظهور التأثيراتت والتجميلات لا يوجد غير النعومه.,1
c1ede360-bf24-4ea7-b071-98855a34bddb,This is Most Most Enjoy full app and I like and love TikTok because this app is amazing for fun and watching videos,5
4a951f6c-36d6-43b1-8b93-94554f26f752,Are SD 6,5
81bc3f90-bc92-4de0-945e-8b0cdcc3e00d,I love it,5
d787a7de-f93f-4a95-8acf-6ccb8cb5d932,I cannot open it when someone shsres videos from their tiktok,1
54a448f8-93bd-419d-8da9-3b9ab0b3b9b9,"The app itself is alright but I hate, hate, HATE that when you report something that's racist, sexist, homophobic, whatever, they do absolutely nothing about it.",3
c789128b-513c-41a9-93e8-f0e5651201a7,nice,3
59c7dd56-a675-45cf-9c21-5a4392d60b33,"Play Store ratings for apps, and the corresponding bar graphs showing the proportional number of 1, 2, 3, 4 and 5 star reviews, are calculated based on the app's current quality ratings from user reviews, rather than the lifetime average value of user reviews, unless the app has very few ratings. This gives users more insight into the app, and a better understanding of its current state, since apps can change over time, and often add and remove features. We show the total lifetime number of revi",1
c8285120-73bd-4e13-90ad-34d48c93f0d2,KARMAMAJMAMA,5
977718a5-299e-4e11-9d62-37ed463de12f,Excellent,5
f238ab6e-d454-47ce-ae50-4e850a5a38e9,Nice,2
7659677c-9179-4cd6-842f-c7b0e4a5c880,My account viral kro plz user request 🙏🏻,2
cc0689f8-b1c2-4fe1-80d6-da09368d7c04,You lose your precious time on this app without even noticing. Degenerate content and just overall bad.,1
72d53ec8-894a-4bc9-a424-a2c45cf6e816,Cricket 🏏 my best game my love cricket 🏏,5
aa65207a-6f94-4a9b-b550-4e66c30608ee,Kanji,3
a4b85845-368b-4aaa-b76e-761eb4be3d0c,Thabo,5
c123a138-96b4-4099-996d-3e7a1e01ae1b,This ap is very beautiful I love TikTok,5
75144709-fd12-4a83-9740-6332ebfbf7da,🙌👌👌🙌,5
a57a9df5-6d14-4fed-894e-d6a222c152d3,Latest version is inoperable on my phone and refuses to open,1
41812b2a-9a24-40bc-b1c5-059d4f20abf2,This shows me your acount is going to banned it says your 13years old bro im older so fix that problem,1
335a2acd-1aa8-4c5c-95b7-ccdbd8cebea2,Husnainali,5
6de4381d-964b-4a39-afb5-913a7db3a1dd,This app is really good and if you have little ones at home they can be one the app too! Just go into settings and turn on safety mode it's extremely helpful and keeps our kids safe!!,5
42d4041d-0d29-4238-b1b9-08c79b07e1fe,"Since the update last month, I keep getting kicked out of live videos because apparently I'm signed in else where, which I am not. It it constantly reloading and freezing BUT my biggest issue is as a mod for a few different creators I can not pin comments and it is causing a lot of issues during their lives I've tried uninstalling and reinstalling and it's just not working.",1
1315ae64-e217-45e1-beff-2e38050c0981,Gfug guu Futfy Ghufdtu Vjgfhghh Fgguuug Gyttuu,5
de84eed6-0dfc-45db-b795-cee76c781af5,Arjan kumar,1
40c8da47-7570-4a46-addf-9f1e42148b60,Tanks very love it,5
1149741e-0183-4b43-b2c9-03d197901b61,Live Why not available in Pakistan,1
af3cec37-fac4-4e70-b483-ebe5e08ac1e1,Good app is my farayat app 🥰🥰🥰🥰🥰🥰🥰🥰🥰🥰🥰🥰🥰🥰🥰🥰🥰🥰🥰🥰🥰🥰🥰🥰🥰🥰🥰🥰🥰🥰🥰🥰🥰🥰🥰🥰🥰🥰🥰🥰🥰🥰🥰,5
0d9ff209-64dc-4c83-8249-88ac14f99d32,Hello dear tiktok team Very very important I need your help because your account has mistakenly put my account in freezer list plz recheckmyacount croctly form the freezer because I have not made any mistake that it is again tiktok police but still my account has been frozen and my view has decreased I am also working hard on tiktok and making good content my view much lower than before yes if my account added freezer list because I have deleted a lot of my videos Account @aredit5335,1
a446c220-7c02-4f2c-964f-6f156ab5ff85,Favorite😍,5
0edffd25-1c68-4bb2-9582-28e6457b62d6,😙😙😙,5
53e257a7-d145-44a5-b886-85d94a1aaac4,good,5
efd45e62-d4ae-41c0-8a3e-e6ccef827816,TikTok very very toxic,1
2e3c460e-94ec-4ab1-97b0-3e8bd40bcf1c,Very nice 👍👍👍👍👍👍🙂🙂🙂,4
0a8fa8ef-fc71-42e8-bd57-2c85b91af107,i love tiktok 😍😍😍😍😍 Brooooo it's 2024 and tiktok is banned in india and I installed it again 😭 And I found it so cringe how I'm in 2019 like who tf said I like tiktok 😭😭 cringe but nostalgic,5
1ca0c11a-76aa-4f80-9913-e1768f5800f5,👌🏻👌🏻👌🏻,5
e80b8768-56f3-4be5-8cf7-94f05371103f,This app is very good,5
f3435921-7c00-4640-a0c0-241cdd09fc0e,Dear tiktok team please unfreeze my account and upload on foryou page. My tiktok account id @awais_butt10,5
7707b965-9b79-44fb-9d4e-36fb47d108e5,Lindokuhle Mbhele,5
72b9ac06-0531-4d6b-85fb-3d0708a3f761,The best apy if you want famious,5
62ffad7e-7478-48e8-a8d2-905a64a44362,I like Tik Tok,5
92b9994e-7413-47f6-82f2-a53ddf3c06a4,Nice appp,5
97c6ba27-4338-40f3-ab78-045c703ef953,So sweet app,5
d2a88a13-e657-4fe4-a31a-62fd24314783,Khrip sosal,1
1f603863-ff49-4f43-910c-c54a6975f59c,good,5
4ea54572-e3ae-4067-a4fc-45246f078c8c,Binyemyeen Khan,5
72142cc8-dbf9-4d40-9da3-2bb2b78f5e99,"So nice, 🙂",5
a3e50c1e-06e0-408d-906c-01f944de114d,Amazing app 🥰,5
a91962bc-50db-4bfd-9fd3-973904461e37,Good,3
57f29b21-738a-470b-aaf4-1dde0f016ab1,Wow,5
dc4c16b9-f98f-42a1-baa8-de6bd915b68f,Call it what you like but this app is like having a parent watching Iver you 24/7 and controls what you are viewing. Dislike the idea that tiktok watches what you watch and changes the videos so that every video when scrolling is the same. It makes me angry,1
311f7e5b-9d73-4c86-b992-6467d6043d3f,TikTok Pakistan والوں سے گزارش ہے کہ ہمارے سارے ویڈیوز کو کیوں ختم کردیا میں تھویکتا نہیں آج کے بعد آپ لوگوں کے خلاف ہر جگہ شور کروں گا Facebook Instagram YouTube Snack ہر جگہ شور کروں گا یہ خبر China تک جائے,5
8b0f2d56-da69-480d-acb9-62b018ff2c31,I like it,5
e3a0877d-2dfb-43f7-a6a3-efbc57f4ff42,Rahmankhan,5
b2f2b494-1212-4100-a8c1-b421589554c4,Good app,5
ccbd8599-eefb-4809-ba3d-58fa9b043433,Rajkumari Magar,1
973d7683-5fe6-46b0-baa2-883910e24a7f,Good app,5
9d9303ac-8eb5-4b06-8426-521b85b79b39,nice tiktok tangal homesik,5
1b240021-587b-43ee-9c1b-f5d43fc5a5c3,Management,5
23c8e150-b641-4ba6-9c60-322a568809aa,Vip app for tiktok thank you tiktok tea,5
0d44e8d3-c647-49c8-a3c4-85c06a9a0123,Main jis k b video pr comment krta hn TikTok waly mery us comment py violation lga kr comment agy janey ni dyty is ly meiny b TikTok ko us oqaat dhikha di😡,1
af7dc8f3-dc9a-41e6-8529-37ba02d35422,Good wow love this app❤,5
e6fc8414-a746-4aee-adb3-ac35e682ca32,MD.SUMON,5
d5b075e9-0963-4ca3-91ec-d21ced4266a3,This is the best app in other country but in pakistani people wrong use this app,5
1cd1bdd8-d24b-4575-a37c-e6fb14fb06cf,Zski,3
4c72edd4-d46e-4a87-88c1-90962cb3ce6d,Dear tiktok I have started an account on tictok but it has an issue that I can follow other whenever I try to follow them it shows that am following them but when I visit their profile and there it show your not following and when I again follow them it shows that I am following him/her but when I refresh the page it again says that I am not following him/her So kindly fix this problem of mine other wise it can lead me toh leaving this application Thanks (podcast_talks7777) ID,1
6458b4cc-6a01-4630-a228-9a59aacfcb6c,Alhumdolillah 5 years,5
c7ea9f74-5970-4c25-9403-71da9583394d,Janoo h,5
775758a4-c3d6-406a-98c1-5f828e933974,"The app isn't even fun to use anymore. It keeps giving me videos I have zero interest in and most of the time, it's in another language too (And very low quality). Sometimes it gives me so many videos of a fandom I've never mentioned or watched something of. It's annoying and ruins everything. The lag is a bother as well, please fix these issues.",2
e2f394ee-758b-470b-81b1-a1aa8438cf07,"Takes down any comments critical of communism, does not let me talk about politics in general. I like tiktok but I can't stand how they take down every video I like and every comment I post, they gave me a strike or something just for talking about the problems with communism. It actually is pissing me off. And you can't even argue it, it just brings up the ""comunity guideline"" and it does not have any valuable information on what is or is not allowed, tiktok has went insane",1
972c81ac-7c57-4475-aa26-c6c1b837877c,ɢᴏᴏᴅ ᴀᴘᴘ ɪɴ ᴡᴏʀʟᴅ,5
029f8c2f-45e0-4017-bc6d-c5bd985981a3,It's tiktok,5
aa36e1da-99cc-4f87-90bf-aff1a1d30ea9,My love tiktok❤❤❤,5
7bc3daf0-08d6-4b2e-b388-a3c31b5bfc5c,"Edit I can't successfully trim sounds all videos. I.ll trim a section of video off, then when I go back in,to start recording again the trimmed section is back on my video. When trying to trim sounds, sound will play From the beginning AND where l move the slider. And there's no way to put ina tickets.bug reports and emails are ignored. 29/6/2024- l joined just to see what the kids were up to. These days and now I'm",5
2e54de68-78a9-4de0-9917-d7cc695e236d,Best,5
5f0036f8-0afc-4fe2-9a47-a7a78f2f0e55,TikTok is very famous app in the world 🌎 TikTok is very funny 🤣 app and too dangerous mood I will play TikTok video 📸🤣🤣🤣,5
d75f3b8d-8377-41dc-91a0-4e511fa89b2d,The Best Social Media App Ever But This App Size Is Much More,3
d4f78521-f737-4c36-9d8f-99782046bd0c,Assalamu alaikum meri all tik tok team mery is account ko viral kr do abad6807 thanks all tiktok i love to all tiktok please please please please help me My video viral kr do please 🙏🙏🙏🙏🙏🙏🙏🙏,5
5a2963c4-9eb6-44a3-96ae-9db0405707a2,I love tiktok please viral my all new videos beacse I love you tiktok team please sport me @opnawab365,5
dedae5c6-5ec9-47c0-bbee-b2ac140b9753,Sadiqurhman,5
7fee0d50-820b-49d7-8e85-d5a5741490eb,Going to get banned so hope this will help tiktok :/,5
ea531858-c80d-4a2a-9ced-f5c2dff849bc,Has sach a good app and intertainment.,5
f6ab16f1-b143-4b91-b2bc-abbfad16a76a,Gul Panra,2
e5742e99-b1bf-4c47-ac4e-936d98cd6016,Yh what a good app I got 10000000000k followers,4
6d16ab86-95b1-4d6b-ab5f-5503ffe9c0e5,Nice filters,1
a4adc2ae-c844-4845-ab2d-984b7c697c0c,Muniir abdi,5
08d8ff40-ba20-43a8-a5b5-73da13c34707,It great it so good really creative video I love it,5
c91da2ff-1426-433c-8037-bdb8668e4efe,"Can't find filters on tiktok ,, please help me",1
62b3440d-bfcd-4f40-b800-dcca3f5e1672,This app makes me forget about what made me sad at that time,1
46a8c514-619f-4376-9ad6-8f8524b95e74,Why TikTok Download my phone,5
4baf2377-22dc-4605-96d9-14e2519d1a55,This is beautiful app,1
e6d478cf-f2f0-47a8-a329-36af7ebcb9c5,Hello My account have been freeze I cannot grwo my account,1
51da60d0-5402-4e24-9549-f0493b7f8aeb,Muzamil khan,5
415b06fc-f02a-42b5-be7d-a52f72e653d2,Plogee,3
f6e78427-bc11-485d-a40d-68a281901ed6,Frail,5
b0405219-db30-4b60-87b7-32f25dd93b74,Good,5
0773d2bb-77c9-43ec-8bb8-309dbd599086,Best app ever,5
115add79-8faa-4580-8291-ae8c69235772,Mera ID band kar diya,1
d9094390-3252-454f-88fe-cfc7debb6345,Banned app.,1
9a3e9f9e-23e4-4a1b-b1a4-e8f01a5e7613,Itx janooo viral my account plzz,5
90505f4b-8c5c-42a3-bf64-4731e419ded7,আমি,1
b7e96804-7262-47f7-b0da-f7f746247bd1,nice nic,3
4816ebc0-f5ec-4461-bcde-95b5b495f964,Shivji Kumar,5
f7ead309-14bb-4ae2-85e7-1c6cce18c596,It helps to gain knowledge and acquire some skills,5
f6b2f3cc-9d43-4895-a1ba-de11090b6f2e,"Facebook and Tiktok should have the same effects filters on each other, because i like some of them on Facebook and i like some of them on tiktok too, so should have same ones on each other, idk should have it that way you know",3
7e20d916-686a-4752-8220-ee291f8f0ea6,Tokyo is best app time pass,5
e75c37c2-209f-4fe2-8222-35748f2063f1,Mahab,4
f83f29cc-97bc-46a9-8258-766033652c30,"Rating: 5/5 TikTok has revolutionized the way we create, share, and discover content, and I am hooked! This app has become an essential part of my daily routine, and for good reason. With its addictive algorithm, endless creativity, and entertaining community, TikTok is a game-changer.",5
222e30f8-d6d5-4d27-aec7-00a26f2adfca,adsd,4
bc3221a3-8f34-44ed-87ce-7c06436e0f50,I love it,5
7b970ab2-cf66-48ca-94d8-df34aa5cb232,Plzz TikTok Live On Kar Dooo🥺😭,5
deb1da24-39a9-4591-8348-f5ed135cb13c,It takes time to install,1
083f209c-db3e-4d23-a530-750f252df22d,Vip,5
06b4f6fb-50cb-483a-b048-f4964cba879e,Hi dear TikTok my new using account application please check my new account my al vedo viral for you page,5
0926902c-3cf3-454d-ba50-eb8a238fa813,মাসুম,5
a0e8ce05-45da-4fe6-81d1-60e388a3d8b4,Foryou,5
95c04d6c-76d7-486c-892c-b26d7c251b6b,LOVING THIS APP 💜💜 🫰🏻🫰🏻,5
049adbbc-b6a9-4ab6-b50a-514f97dae156,Jio,1
1cbf8835-ebeb-4b63-8d03-8b5171fbb44e,Anyone send link but not open TikTok always say download the app but I already open what the problem,1
72b22339-6de1-492f-aa0b-966e8f908b33,Instagram Account Of To I'm,1
dc0e8d5c-71a9-44d4-8810-9f82b689ccde,This app is very good,5
6a0de6a2-e763-4bec-8b04-6fbeb0c7c414,Eyoba,5
569e4652-2af7-4171-bd7e-c439d53e8de9,Miraj Vary nice TikTok,3
da52cc04-037f-432e-9f76-bdd3740c2511,Tik Tok like aur comment share views Mere,5
cad3c479-286c-4379-8dd4-e43fd819b542,Nice app,5
3e1a6373-1d57-4646-96bb-3237ee9fcb3b,"Here's a sample appeal letter to unfreeze a TikTok account: [Your Name] [Your TikTok Username] [Email Address] [Date] TikTok Moderation Team Dear TikTok Team, I'm writing to appeal the freeze on my TikTok account, [Your TikTok Username]. I understand that my account may have violated your community guidelines, but I believe this was an error and would like to request that my account be unfrozen. I have reviewed your guidelines and taken steps to ensure that my future content aligns with you",1
f500cda2-8c23-4968-b8ba-c9623bbf0c48,Tik Tok,5
6cce5e53-2c3e-4413-80ef-3984684fddd1,This app is not good,1
eb50d88e-925b-4b39-a221-7f4832c53055,Nice app,5
ec9a0a52-06ed-43d2-8b9b-efd577192fd5,Like share with friends,5
589e33d6-1910-4788-b0d6-c1d066761912,ধন্যবাদ,5
2d56dac0-7fca-4273-9198-1a0ece1e3da0,Its amazing i love storytelling vidioes,5
378a73c1-dc8c-4c62-bebf-83b5c9d12b2b,I like this app,1
ec3860a3-c242-4517-a6cb-8db3eb4b9904,Saddam Kumar,5
1ba8a54b-60ba-47b0-8f43-da0074e5774b,"What the hell did you do to slideshows? Can't pause the music, can't zoom in, can't use clear display. You lose a star now.",4
07e7f0fb-2830-400c-9c01-44eda2111703,",🛌",5
9ae88263-fcce-4908-a9a2-ce2c395a67bf,i LOVE TIK TOK,5
85f99e43-9a73-4e19-8e8e-f6e0d8b6d273,Kuzaifa for you,5
a8e41cc8-3c0a-4cf5-87ad-b9493c69e857,You ban so mutch people for BS reasons that alot of them are moving to INSTAGRAM and YouTube. You are going to be the architects of your own downfall. You delete post but don't give a opportunity or platform for us to explain what the post is about you just delete it. One more of these and I think I'll be leaving.,1
95220a17-d6bb-4065-b2c4-31dea7741187,The majority of shop products are cheap and based on fake sale promotion.,4
b8253516-8e81-42c4-9850-be16d066c294,great app,5
b1e25701-6cde-4a8b-96dd-0dde58634896,good app,5
48a47e3a-a4d2-4317-9fdc-f7a3a14ea52c,Cool,2
760fff6b-3df3-40f6-8cc0-da2f14b76a41,This app is very entertainment for every people 💞🤗,3
25c43209-2d0f-4e6c-839a-44ae4d91cbf2,Good,5
a879bbbd-e15c-4d5e-a96d-cfc5cdffbbd3,♥️♥️♥️APP IS PERFECT,4
da088bd8-c3b3-4f66-aa0c-bb1e43ce9098,This is my new account for TikTok please please please please please please please please please please please please please please viral my videos 📸📸📸📸📷 and more follower and more likes and more comments 🙂 viral my official account please 😭,5
d8b1473a-bf08-47f9-a761-04cbdc67f014,Just a perfect app for feeling expression,5
78acd247-275b-4a25-bf60-84b9a8b6b66f,Faltu,1
19a4e32b-1b43-4255-aafb-e873c3bf075b,সবাই পাঁচটা করে স্টার দিবেন,5
ba106b8b-c7d7-44cf-9ce7-db0bb34f32df,Sio be,1
477c94ca-db55-4c64-a7ab-177b149be6b2,Very attractive,5
edc3316d-2007-4e23-adff-c9631e8fd69b,Fantastic app,5
6cda29be-d898-4509-abf8-f231b492c75b,type shi..,5
e24d5180-3253-4e98-8998-b7e9a99e1119,I like it,5
74ce8be3-1ed0-4ec2-adc7-7f15c1a763e4,Very interest,5
df2e7dca-52b3-4c99-9310-86797cedda62,Malik aftakr,5
8913197c-cf9f-4bcd-ab8c-47b8f0127671,Live allow karo pakistan ma,5
bdd50bc7-1146-40d6-9fca-282c73cb1e94,Nine,5
9f9a72dc-f9ac-460c-8339-46adde01445d,Good,5
40eff48a-5def-4468-927c-24061f0f07f6,i couldnt switch accounts on my pc,1
b1337f8f-9234-4c3f-a9f4-ca3eb98c2899,Sumaiya islam 139,1
6acbed5c-14bb-40e9-a3c1-b8e6fbb1b326,Best app i ever seen,5
f4c014c9-d946-481c-bf2f-d0acda5e7dc9,Follow and follow back issue solve tiktok team,2
6d97d60d-d2e3-4583-8d9d-8d04965e6387,This great I love this app,5
38f7cc72-4af0-4b61-a903-4fe8496f3193,it's very good app,5
40de5486-b0d5-4bf1-b62b-ddf711597b2e,Mazay mazzayq,5
5cae9c64-5a72-4836-b3b6-39ae6242ab5c,Amazing 🤩,5
5617158e-344a-45b3-8783-34580fa5f7ef,Shayan Khan The Hi Dhcgth,5
d9c1b04c-2872-4d42-82d1-1ed66136cf8b,Aamir ali baloch,5
525b2c40-f74a-4f6a-bc80-7b9249a99848,"dear tiktok team i request u plz unban the account@MR PATLO he is the sensior man our comunity plz unbann nd help him the live again plz requst u don,t again bann the account too many account bann the mr patlo if any mistake i aplogyez thank u so much plz unbann",5
c47cf9f9-919b-4d41-aa12-d6fb3531908c,Nice Application,4
2bd5420c-28ff-4070-8909-d2ff224642b0,Good app😍😘,5
ae740d29-b12c-4e53-b704-348c40d396c6,Wow,4
d714706e-0075-4d7a-be92-7d8d431776a8,Gud,3
fb990e6b-3b40-4977-aeaa-cf17a3f65745,Hi dear tiktok lam user using on tiktok application please check my new offical account And viral all video for you page,5
20872c5c-0670-4a69-ac86-7e2047d6fa2a,Good aps,5
fe174e1e-be43-45bb-9bf5-c9d0e7e941fe,Happy 👦,5
0f35adf6-fc45-4048-9310-07281840e87c,My account is restricted when i moved to live in Europe. There is no option to change the region in the app.,1
b27176f7-4e97-499b-926b-79978f2b08b2,khuram,1
4b230a6a-97cf-437f-8bb7-0953c0ed0f03,"Dear TikTok team I am working hard on TikTok, creating creative content but my account @nadeemdass1 is freezed so I can't expectation, I requested you on TikTok support but your team didn't solved my problem. Kindly unfreeze my account @nadeemdass1 Thanks 😊",1
90c34dc3-8754-412f-800f-0f3da004cd4f,I love tiktok,5
af6d7589-6bfa-42fb-a1f4-1271928668e9,People lik it,2
57968cdc-3719-492f-b29e-733fc06e8c88,Good,5
f99e8353-6659-4c28-acfb-9b6e6061beb1,Nice,5
81f6abab-6130-488c-8f8d-b7fe507c65e0,Nicr,5
71b57279-4614-4dad-8450-1060908f00ae,Lovetiktok,4
ab843224-b988-41d1-93af-e07f39aa5112,"Only time I was hacked over and over changed- my passwords my 5 times, this is just spyware to connect you secretly to a linux in a nearby state- or your own. You wont know where. I believe it is training A.I. Tictok is hoing to be banned anyway. By the real president Joe Biden. Vote Blue! Vote' NO ' to corrupt billionaire tax cuts!",1
5026b8ee-d23a-4e3b-b147-593ef3c3990f,Best app,5
f11fc77d-1a9d-460a-bd1e-65025595994e,🇵💢👑💥 . TikTok,5
2c8eeec6-9973-4ff2-8ad6-df5a53abc821,Good,5
b3f3c231-c7a1-4511-aa91-45d6a6661f27,mu best app of tok tok ap human geography and would like kom aw I am interested to contact me please I need me please please be careful and would love to contact the company that is py me know if there at six to know you got me all about to know if you want me to do with the company for the same without me and a half hours to the bottom Wu and I don't want it anymore and a noro ba and would like kom bya gap lagwe me please I will be at any time if not I am available to work the next morning so I,3
d7618a84-8dd5-466d-a749-24f135d9e500,Hi toktik team Please un freeze my account 😭😭😭😭😭😭😭😭😭,5
43c0467e-3806-4f18-949b-495128d5cad8,Not sure,3
eb2cee7f-0c4f-4f03-9be4-5a6ff0205dba,Umair malik bad boy,5
9b017a3d-1e60-4b39-be57-acaeff7bb7c8,Best app,3
e269507c-4849-4a16-94cd-1805c5ed9e60,Hello dear tiktok team I make short video on my contact please make them viral Thank you so much I will wait for your answer Dear TikTok team please can you review my account I am putting my contact on it but still my video is not going viral,3
0dca6821-721d-4c55-ab50-7a69e4f3c027,Nice,5
722d958f-7ad6-4de8-9c9b-d6f02c26aa9e,Good 😊😊😊,5
447eb769-832c-453d-be24-cc36048a8a21,I like tha app but editing has become an issue. Text is missing and it makes no sense on the reel. Editing takes time and this is wasting a lot of time trying to reedit just because of text,2
a98f7e5d-8fad-4c65-915e-a1b1a46a73f1,Viral hoi na video vallo na,2
f2fcc509-aea5-4da3-94c2-14518432f720,🌹🌹 queen Joseline 🦋 🦋,4
49bc3f9e-da83-40e6-9514-7fc49d85edf5,Hello Assalamu alaikum tiktok team please my tiktok account sanamjan3857 account warning remove please 🙏🥺,1
79c60534-3a07-4075-bade-ef6006ead7fb,Good ok,5
ad9f0712-c446-47b9-8001-ad0ee80050a0,Best app,5
6ac780a1-d556-462c-9c0a-da7e35da9929,For you my New account,5
1bee473e-10df-4fcf-ad35-21b2a9b61987,Some make good tik tok,4
e4057033-b4f5-4d4b-aed3-0fb2c4d125ab,Not sure TikTok 😔,5
29f540cc-e83a-4fa8-8a84-f3f00036773f,Adilgujjar,1
d4adbe23-3d64-45bb-be8d-ae09053a8c92,Please my UK account make,2
8ba6f497-8d55-4424-863b-66b37180e351,Amazing app,4
fa1f5f31-b128-4914-ab18-7bb0fd288461,For you,5
64e7e013-8189-4605-851a-ea7c60526fe8,But he's to talk to my support,5
245202c6-9e19-4edc-bf27-57d3304dd2ba,Hazratsaidkhan,5
8882b48e-6e98-4146-ad17-f5a4ef08cb1d,Nice,5
9551b7bf-1d35-4bf4-9afd-54789dc88ea9,But viewer problem on Tiktok,5
9aaea46e-b102-4254-bd44-9adda5a8c5f4,I lik tik tok EPP my fivrit tik tok EPP,5
b1f2f5ef-238f-4650-a94a-d76f581c12f8,There is no freedom,3
62e8f62e-01df-4341-906c-c9be60c89b51,Love is tik tok,5
c128f362-414c-46f4-842f-8ab3d16375f4,"Tiktok allows some users to make racists and violent comments on videos, while if some user like myself reported those comments tiktok said it doesn't violate their community guidelines. If I copy that exact same comment and post it back on the same video or another video they immediately removed it stating that it's violates their community guidelines. Isn't this a double standard? Why do you allow some users to post certain comments and some users like myself cannot post those comments?",1
44a1d4b0-7a84-41df-980a-7f1151af428b,Very use full and great app,5
e7e9e260-7e44-44ff-92a7-b035a6a4c3c2,Hey foryou,1
4540f17f-97a0-4f03-b975-c3bcfc05cc5e,Great app thank you so much❤😊 mein 5 saal se use kr raha hn ik bhe video viral nhiii howi ☹️☹️☹️ @uhkhan01,5
e03282a7-70fe-47bb-9786-8180418f9382,"Everything is OK here, there are glitches",5
1e9a17a3-97cf-48a9-b403-43cf0129c524,Tik Tok,3
5e5743b1-1bd2-4f36-bb59-322866479614,Subhanali,1
0a9947be-c25a-4a2b-bf1e-18878a4a6bc0,Peerbux,4
66934df1-fb43-4647-bbd8-2ef557b1f2fe,Nice,5
bc70f3c7-7d8f-40ee-98bc-0cd062160406,👌👌👌👌👌,2
4dbb67ac-a737-4d78-9613-87570f5a6eb3,Good,5
0e3bc5ab-2927-4a77-8a01-2735eb173430,I like this so much it's easy to make videos,5
37bcb07f-aaeb-47af-adc2-cf1a367e4a29,Thank you,5
9dc13f12-a2c0-4d63-8a07-fccbd02c2184,Nice,1
cbf955c8-8f56-436e-a7b5-83ec8041000b,"Perfect app for unexpectedly BLASTING your eardrums and wishing you weren't alive. No notes, 10/10 perfect ✨✨✨✨✨✨✨✨✨",1
5e50fa56-aec5-472b-8d1c-1834302bf4a5,Aliabbas,5
bf2084b9-ab83-498f-89f0-33d0d3491063,😎😎,3
0e93934f-44ea-4d22-96b9-5ba5ed09e745,"I'm often set videos, but can't open them.",4
482e77e7-3069-4720-83f1-af6797282274,Good,5
bf5228a2-2946-49fe-a76b-70bd3db57efb,Follow and like my video tik tok id name malik huzaifa077 plzz like follow,1
13c31fac-916b-422a-a056-97f603a69a47,How it work and study,5
b6a5cee4-fd05-405d-abb2-6fdb83ddc390,Wajidali,1
43bf37c4-4931-436f-9ae9-a733ef6fd2fd,টি,5
bdbd0631-cb59-419c-8523-ee25be013fd1,Nice,5
c35edd20-0874-4dc6-b495-20c81fc2ed7f,Syed muddasir ahman,5
33490a30-09b8-4617-b123-4dca62dcea0f,I hate this app,1
b009bb9e-9965-4128-bd9c-61286a6e6d8d,ছঢৈণথণৈঘঘ,1
86ce76a1-aa41-428b-a64c-f865697ab583,Good apps,5
2e07ad39-15b5-48ad-9498-72af54eceef8,Sohaib khan,5
b02d37e4-6e97-4c06-b942-875156cf2483,Ok,5
de94ced2-79d9-4329-8f11-32467925aa96,This app very very good,1
36adc799-4916-48c8-845d-6ffde959b224,This is the and my favorite app for entertainment and also for a better life experience and tricks 😊,5
fdcef0d3-6a17-4359-8232-a502fd279e9b,Nice,5
3f5f0c9b-2e05-4ee3-80b4-0b9781c9f933,This is the best and favorite app for entertainment and also for a good life experience 😊,3
013e506e-7ebb-49e3-8687-986d214cc4a9,Sheryar Hassan,5
eafcb998-4815-45bf-8e1f-ed1c8f5b4aa4,Amazing app,5
f85292d2-96fe-453f-8c21-18693ecd896a,Tiktok Appa somsia hosa,5
cd185c59-ed9e-4453-a31d-b205c128aacc,Wonderful,5
6a826b8d-2c4b-40b8-b469-984ed18fdc6f,Favour,5
3a30c54d-632c-4ea1-8e7d-f2bac93f828f,This app is very good,1
4c658b6f-8659-4fa1-b447-7ed6d634fa20,Your keep releasing updates that don't solve issues,1
d83e5dc7-ac23-4150-a1bf-40501d6a0080,This is very funny app. Personal be i like this app. The very interesting future,5
692537de-9ed7-4289-9ddd-2a89dbb42895,Good,5
810f5538-a4c3-4528-a5bc-fb12662fb28a,Axl,5
5d4759f1-a019-4fd3-8e13-8d8aa93ee67f,"Good app, but I wish Russian tiktok would stop popping up on my page, like, I speak English, so I don't understand why it's always coming up on my fyp. I wish tiktok could stop putting these videos up, but other than that, it's a nice app.",4
d576ba27-9a38-42d5-a3a3-a1af1cfed4df,The app is sigma,5
566ed537-bc41-49c4-8c29-6d3ec78c06ee,So beautiful 🥰 app,5
2003653e-7e0a-4e75-b6ab-acb74f3cd8c8,The is Good app,5
fe83aa3d-53c1-405e-a268-14fdddb8cc91,Not updated,1
2c824518-4109-4473-b3ee-a658400da71b,Kmkkkoo,1
13777972-d68c-4a53-92ab-99f461734dc2,There are a lot of under age people,2
bdde5f39-a16b-4ef3-993b-3ed76251f632,mughal jani hi hi hi,1
c66bebb4-5fcd-420a-acf3-f20c89b61694,It's very good app 📈,5
4076c485-ad54-4480-8595-e97d6fdfe6c1,nice,5
ba840231-6821-4cf6-88c8-aea5dc7ba14c,Yahan par followers of the birthday Nahi aate Nahi Hoti Hai account is recharge video upload karne ke bad yahan par follower genetics hote Hain issue a raha hai tiktok ke andar thank you all member Mera YouTube channel subscribe Karen my channel name. Abdullah Rahman 9980 subscribe Karen bahut hi acchi app Hai is per kam karke mujhe bahut achcha hai lagta hai,5
5f5714c8-6db2-413f-a798-5edc79ec7587,Hello tiktok my not for you please foryou tiktok ok thank you,1
bc6b64f5-7208-4c8c-b4c1-d0648f24e56a,TikTok is the most friendly application I've ever found Whenever i feel alone i open TikTok it makes my day,5
db48c5f0-5c37-47ce-aec6-586f80d5159e,Helpful,5
d3a1b60d-0bb1-4bd0-83f2-3b7d846cb202,Best app,5
e667bf45-a80f-4d2e-bb66-a986700dbd87,Good,3
519983e5-2e6a-4609-aab2-47f1c8b82e89,"Dear TikTok support team, I am reaching out to report that my ability to send and receive messages on TikTok has been disabled. This restriction severely impacts my ability to engage with the platform and its community. I kindly request a review of my account and the reimbursement of messaging privileges at your earliest convenience",1
9c308007-4ee6-4aca-833d-6daa2f1503fd,❤️,5
8ac68dd2-e87e-48c8-8bfd-dda637876386,tik tok is the world Best app...,5
e74df18d-e6cc-436b-a796-967b86bf67d7,😚😚😚جامد,5
70868554-4d34-4288-89e1-db10a48eb197,Hello friends in this video I will describe you how to fix account warning on tiktok | tiktok account warning problem solved 2023 | tiktok account warning problem tiktok account warning | tiktok account warning problem and solution | How to fix account warning on tiktok | how to set Tiktok account warning | tik tok account warning ko kaise theek Karen New setting...,1
8dc9f565-b526-41a6-933d-df3de2709f83,WOWo,5
dedb622e-e12b-4316-aaf4-a41979a85504,Tiktok support services isn't good,1
ff8d993b-469c-49b9-a254-71b0c4daf8a0,Google acount min scien an karin gogl ke tajaziyat ke laye is ki mujamui aabadi ke lahaz se ya bat bhi qaabl zikar hen ke tur par masuaat or khidmaat ke faraham connindah zzzzuu ziyadah tar log kheti badi karte hen kah ya bat ka yaqeen dalaya kah ya bat bhi qaabl zikar hen ke tur par masuaat or khidmaat ke faraham connindah hay anfarmation sastim ke taqazay pore karne ke laye is ki mujamui aabadi ke lahaz se ya bat bhi qaabl zikar hen ke tur par masuaat or khidmaat ke faraham connindah hay anfar,5
8285614a-5a69-49b5-bcc2-07638650e3a4,Nice wonderfull,4
e0b9dd4b-1551-492d-a721-b6f6f17d03da,Good,4
ae1c46ea-6365-4ed8-a4f3-d5d5460f489d,W app if someone send a lower score they caping really hard this the beat app,5
90d5b20d-e2d3-46d7-8813-9f449215d9f7,I do not have the feature of adding Instagram to my TikTok account. I hope you can solve my problem soon 🤍,5
e40cc57f-f77e-4274-ba18-f4ffeb708fa8,It took you guys a DAY to come up with another terrible update. i have been complaining about this app since 2022. when will it end? change back the share more and comment layout 🍅🍅🍅👎👎👎👎,1
6a8aa803-a7db-463e-acc1-85d2f92d186c,I like tiktok videos but in my tik tok videos is no more views and no more likes please unfreeze my account and viral my videos 🙏,3
294a8df4-beef-400c-bd77-8275cb83ee0e,Very good,5
55f30079-49d9-480a-bd7c-b2370e1e5853,"One of the worst apps nowadays, which is ruining the character of young men and women.😡😡",1
e43fec6a-4cf4-4b8d-97e9-27783c968f05,I like this app. Its too good 🥳,5
7099ae7e-1ea0-438c-8c8e-ffc3c652d43a,Good,5
02da7b67-1266-45da-9836-fe67944f1922,This is so Amazing 👏 😍,5
44a2472c-d404-40d8-b698-b244f279c814,I don't like this app because it doesn't make my vedios. Trending 🤕............................... . .,1
d087384e-8ac5-443f-ae3f-594bf52e13ee,Nice,5
a6c975ac-8aad-415d-a4a1-e21153105489,New update doesn't show active status 😕,1
d753f1e4-70e1-4457-bc04-0b6f65c66fd3,danger,4
d82d5650-6574-4612-ab9d-287aa04a1713,hello dear tik tok team teachers please saport my account and help me for saport 💯😥👀,1
d2c72ba9-e577-46c3-b2f0-43c5a1f92494,Excellent,5
1095844b-94f8-4a7f-a274-500707e62d1b,Tik tok is my life 💎🌹🌹🌹🇵🇰🇵🇰🇵🇰👑♥️♥️♥️♥️♥️♥️🤗🙏👍💕💕♥️♥️♥️♥️♥️♥️👑,5
9711cfc6-2c68-49bd-9725-8a92826fd759,like,5
ca29b919-7224-4308-a67a-7fb3a6100f1e,👍,5
fd8f40fb-fdd2-4eb0-b28e-128135ade230,I like it,5
b7b35e2e-2d27-4161-8af0-4a0e29e75050,Tiktok dear team my all like and follower perblom please diskis,5
a48a140d-7c87-4cf6-868f-dec49a90a8a7,I love this app,5
226d22b7-adf8-4138-bf82-ff00204ffffe,I'M ADDICTED,5
536a4403-8abf-4b51-8a79-1e39e250da40,التيم توك أجمل برنامج,1
a591ff97-450d-44ef-97f5-5c16baad7122,instal ni ho rhee plzzz help mee,1
353f2d72-a658-4321-a6f4-8ca3882dc48d,Good,5
c0827dcf-ca05-4ac7-8ba3-c30c4ee4a1bc,Tik tok don't let me write any comment,1
85f8651f-3b47-4ac7-851c-c5d85b4f2ce0,"I can't watch videos sent to me through messages,it keeps going to Google play store first",1
b109c42c-5806-4991-a0e1-822a3bf8f1c4,Qasim Hussain jutt,5
7dd12328-8d67-45ad-b085-d62556822e91,Good app,5
d9a6ff6d-c21d-4243-846f-37a34544b05b,Good,3
2eb631d5-9888-40ef-9df8-7d7486f96adf,Haven't used it much. Safe or o safe for kids?,2
165d02b0-b8d8-48ce-94f5-91d964d84d90,"Links im sent never open it just takes me to tik tok, not the video I received.",1
d5c821b1-60fb-48e3-aead-26b3318245dc,Es muy buena,5
2c4a205a-d4d7-45da-bada-1284f6549aaa,Sir i have 925 follwers and i am posting my best videos but the views are not coming more then ten and non of my videos are going viral plese fix it My user name mianrehan9 My email address muhammadrehanrehan089,3
1997d09d-724c-4568-9694-3ae52db7bb32,Again again hang,1
e2111fc5-8ca3-4324-9a9a-d046047274d4,Plz my all video for you and all video one million like and 88 million viewers,5
a67dccca-2e56-4fcf-be30-b761f833e3c1,All worlad best app tik tok,5
77f594e9-b4e4-425e-8587-82ea925dd011,"Hello, it banned me and it said that i didn't meet age requirements. Although, as a joke i made myself be 100 years old.. i don't quite see the problem, but when i tried to appeal it it said i wasn't allowed to. Why is this happening tiktok? Please fix this bug.",1
e804e11a-193b-49aa-b059-c8751e1f7e82,I can't get to see slideshows when I first make a new account,1
04007044-ac83-4ad3-8717-bfca5f65fa5a,No dark mode and random HDR brightness tiktok really wants to burn my eyes out huh. 👁️🔥,1
608a31e1-81e6-4c0e-a5d0-273472b01713,Amazing Entertaining,5
6d6e295b-5522-4cdd-aa2b-24b08235924a,My tiktok live start ka ro,5
b6dc0725-1222-4225-b6be-aa79d8a20c0f,UstedAshar,5
55f177fb-e129-4083-af15-87ea1a43442b,Hello sir my account open plz 🙏 juttiwsjutt plz open account,1
e94ab583-2078-4b22-b8bb-da0b65c503d8,TikTok mere video for you pr bhejo,5
fdd6902d-551b-4cc4-a159-529b2b044350,locket.my,5
0be6e987-3bb6-4606-b3ec-3fecf42161f0,nice to tik tok grow all viral accont,5
65bbe9aa-2950-49e2-9b66-6e84e0ef4457,Tik tok bahut acchi ❤️❤️,5
def056e2-1bc0-424b-b866-d56a82ce7a20,lmsali,4
3f853623-588e-4a26-a119-dd723e4db752,အမေ့သားသမီးတွေချစ်မိနေလို့,4
0a70d148-efc0-457b-8dca-da839a8a1e91,No comment,2
ae476aaa-2a57-4cc0-a314-d1486b69016a,stem tag pls,5
87a853ac-1f3e-4977-afb6-abc2cd2e5130,Good apps,5
9850952d-e7ae-4f5a-b0cb-3fe6b7d8167f,teamo tiktok,5
014e1d85-1aac-4973-8a8e-f82450140339,Good,1
64a9e8c5-47c1-4890-bbe8-485fc21e9806,Very nice to hear,4
82d74aef-fac8-45a4-a441-da7791668e66,I really don't recommend this app.I recommend Instagram an other apps.,1
ad84e9ad-8fca-46d3-b10b-9d481535f4ce,Unable to follow anybody,1
f55c5de5-0f1b-4873-a63b-d1b2e7c0e996,This app had some kind of problem here like sound and the video etc.,1
2b010376-4fec-4ec1-bdbc-cdae966df523,good use,5
1d3ca208-fa29-419f-b6b0-ea2364ab9984,Bad app,3
de747912-aec8-4819-b49e-1e5bc05bc252,Bekar faltu,1
80709db2-15a9-4e0f-a1b0-f50d0c1b51a8,Tiktok viral tiktok viral please please 🥺,5
f59b16df-798b-4446-9417-edfeaace2a99,Good 😇use up⬆🆙,5
c77bb71a-fa36-43ba-b2b9-fc1386a43192,"Deleted this nonsense long ago and do not regret it one bit. This company pushes addictive behaviour, encourages it, one might say. This era of social media needs to disappear.",1
cd510aca-a8f3-44fb-a44b-a388dde31f87,"It's glitching, I can't record parts of the video to make the transition",2
f297e358-4908-4089-8b26-ce27caebd0d8,Mdisa,5
1118ef3e-62e8-4660-ad5b-ab955f3de5ec,Nice app apdate,4
d7eaeaec-59b0-4667-bca1-bf8c15036f6d,😘😘😘😘😘,4
d5c92f0e-8c3d-4a9e-969a-043f98c4196d,Good morning beautiful 😍 tiktok but no montize my account,5
31eca8c9-e247-4002-9d3e-6cf348d84890,Too Manny back Acounts,1
7ca72ff7-00a9-4959-a0e0-b04c4133259f,এবিএসএইচটিএফএন।,5
0b04fb44-b603-452b-a266-ce653fa0e899,Best app,5
17ebd266-ae63-42cf-9333-d4e5b8c06fc8,Tik Tok for you,5
9678b15d-f75c-46fd-aaca-0f364e5c4574,Educational,5
36e693f7-e9ea-4be7-88c8-e6da4bce5bae,Good,5
61e48859-4ebb-47e9-a33d-782b77955cfd,10Million,5
529ed1f7-5ef8-4864-b907-7380eefd0310,Very Beautiful 😍,4
c6f3f5d9-345c-437c-9da4-3b79a1acd7b2,It good but some times it doesn't work,5
28023294-50f5-440d-9000-111a77d50438,Nice,5
ac9d5269-1d89-442d-8709-d3c5449d0098,This is nice app but a I have a account but it's not working viral 😭😭 account name (_f_a_h_i_m_m),5
d17c9100-b861-4b64-a746-2a569c1786ba,Good,2
bb4f2ba2-6133-4bdc-93b1-db3e8e5be039,Hi tiktok team sir I am new user Plz give me a Playlist option Thank You,5
723a244f-af48-4cf2-bcc7-0ee2da505b78,Raihan you can come,5
ec891b43-c240-4f65-b02a-659d62065b4d,Good,2
6ed128fe-0b7b-463a-aea7-0f44a66b9734,Amazing creative,5
59126605-363e-46e8-9f30-6ed8fbdcd31e,কেউ ভিডিও দিলে আসে না,5
8a9fab8c-4c9c-405e-9414-87bca2062d1d,👍,5
84a12e68-c7cb-4d83-8be1-dd9d72462d9a,Please sir my Tik Tok message open Mera personal kam hai yah Sar isko 1 minut se pahle open Karen Meherbani Hogi aapki jaldi Karen,1
9d6f1030-700f-40fa-a0b1-d0265bbe1f9a,Rais AbdulRazzaa,2
9388de6e-42aa-41ae-872f-0ee2cd899875,I like it,5
99cec873-0b09-4427-971e-ae9bf09b0608,"I like all the effect, music and sticker features as well as many videos posted by other people. However, there are some hate comments that are not getting removed by TT despite breaching their own policies",2
cbc55123-2c0a-43f9-8f19-ce55af0d5a62,Toy therapist,5
68481cc5-3042-4ebe-9cc2-0ce304d292fe,Fun,5
598c78de-e5b3-4bd1-9864-a0f612a863d4,I love the app and everything but for certain users we can't change the mode from light to dark and I have really sensitive eyes so this is a really big problem.,2
6ce8ebfe-2b14-4380-9e0e-3b4b927c8f00,"Hello TikTok Team, I’m writing this to address an issue with my account. I believe that my account has been freezed. The reason for this seems to be the fact that my video are not being recommended to others in their for you and explore page.To help you understand my problem, I’ve attached a screenshot belowI kindly request your assistance in reviewing my account and resolving thisIssue. Your kind attention would be greatly@rabnawazkhan374",5
e8801b92-84af-4263-b551-323bd7aef77c,Fun,5
4f761dea-8dfc-4496-90d7-45815d21200b,Very nice app i very impressed this app and very enjoyable app,5
8607c1cb-b3a8-4445-8c34-5fd387062ad7,I love tiktok very much,5
bf78fe3b-3725-49f5-83c3-c86f6c02f82e,i love the app,5
be334828-c802-4e69-9894-915003427c31,Amazing app,5
3cf4dfbf-118f-4297-877a-d3d341da7ae0,I loves it it fun,5
13c7a0d5-55d5-4681-a59c-84a538faff96,Tiktok moany,5
2eedc282-64cd-4305-a3ca-19620dc08741,Suppar,5
8fa99bd6-6e5c-4eea-a2ec-acbd57c07c9e,This is soo good,5
b6eb097e-69bd-4bd1-a2eb-7548b167a073,important😄,5
956d3222-bdb3-4057-9d8c-a449ab9f9ea5,Ok,5
6946f458-4860-4cf7-a6fd-1e7d321006ae,It keeps freezing anytime I open it since the new update,4
d36d7c7e-b958-4530-a72d-0c9ccce9cfcb,BAĹCHOjaan,5
25f6388f-2826-48d4-8e89-2040a143a47e,Help Me,5
90ea63e8-0d0a-428c-86f8-ae49eb1b7ead,"I can't follow anyone, it's a big problem for me and my video is still not showing.",3
fff3fc9e-4e72-41dc-af16-64c0f8d6f0d3,Can you talk to her again my tita and I'm not going to do it again while I did are you being my teacher time I go do it again I'm do dancing I'm going to do dancing videos and routines Ariana go get 10 stars and I played three stars reindeer bring in my tik Tok,5
0b176209-7c0d-4cd7-a6d4-0735c9d2da58,Like and follow,5
ab439ac8-5242-4338-a1bb-f4b1a12d3826,orignal,5
8b4b4122-cb3e-4e2f-ae83-deac8c8ea95b,Excellent,5
bd8fdba3-e28f-4761-ba9f-9d985a4e1f4e,I like it 🤭👌,3
25b14e4d-24d7-4085-b585-e3131a6c00a5,Free like,2
f136ff42-d344-4ed0-938d-a4d2d3d2d9b7,I like this because this make me fetuses,5
5cf26442-c3b3-4539-ab05-eeb229de95a3,"Baler apps aktao video foryou te jai na, @raihan_ahmed_6 foryou please",4
50e50e49-6a9c-4173-8fe4-51c54418445d,✨✨✨✨,5
2efe6099-4db6-4742-9db7-8df84296f8b6,Good but lags on Android,4
3fbf76b5-38a8-4b8d-bb5b-f5fd76875b6e,tiktok please unfreeze my account,5
4a7cc3f1-c94e-46c1-943e-64763f5157ae,😍,5
a1a1cefc-c40d-4033-a20f-a0212fdf42e6,Love itttt,5
816bc33d-aa43-4fdf-aae1-7f737f92296a,Love for tik Tok app my favorite my occunt unfrieez kr do please,4
bb2fe8c9-a650-4920-a631-02c696b87291,Good And Bast fan And intartenment,5
ced26fe0-f324-4469-9854-66b7f6222f9d,Stupid,1
4fd03cb9-8ea8-4c16-9d31-22193e9d8ba6,I got banned after having it for years and it's because I need to verify my age either with uploading my ID or a pic. No way.,2
027c812f-a186-41f7-a85b-b205f39dfbb7,good,5
133dd8c7-ed80-4c6f-97e5-c8d1fee99a2e,I can't download the picture thru #CapCut.,4
4c659680-7945-414f-9655-12a49def1338,I love you tik tok,5
5c0bfa96-117f-460b-ac76-e1dd810ea57a,That app is very good but my 10k is done so my video is not go viral so please requested viral my video my I'd is furqankhan711 but I love TikTok plz viral my video 💙💜💚💚💜💜💚💜,5
4cf66216-8cd1-4e79-97d8-f7b759642fef,Most famous,1
330c8cc0-c630-4c65-986a-cfaa30a4e755,Okay,5
1f5758e5-df3e-4f81-b5c1-667b201c355c,It said I wasn't age required and kicked me of and I am 33 so tt is not the app I got banned,1
5942de8a-be84-4260-89d0-e2a5ecd96688,I love tik tok,5
388fd78e-8fb3-4478-9e3d-ee60b4527bb5,Not recommended.,1
e002f6c7-dd8c-4bd2-8ce1-f5ab796ce9ea,Doesn't work on my phone,1
cf131203-a375-4767-9a34-91ee02b56476,وعلیکم السلام,5
b2d312d5-ee04-46fd-a541-922eebba9546,Brain rot,3
fd4b4578-feb1-482a-b25b-42cfea72cfe2,No opne,1
39844cb2-c1f5-499d-92ab-55e8fd80651f,Nice toktik app,5
4936d62e-22d1-44e1-950c-0cffbc6aefda,Cool,5
b84da49d-222b-4c97-ac50-b18316ae5ec9,I don't like it because big content creators gets more views and as small creators get less than 1000 views,1
8263970a-dcee-4c1e-9039-160a8305ae82,*⁠\⁠0⁠/⁠**⁠\,5
970e1727-8230-44a5-bb06-50244aad77bf,Good apps,5
016b6724-154f-4032-888e-6a54637c8cef,Amazing,5
cf5923a4-e6af-43e4-90a4-f8d2df13c399,Tik Tok free,1
edcd0132-4a11-42c8-b89d-0e751e688efc,This app my friend 0,5
a1221c5c-3394-4b92-b1e9-2857d131e701,M.Zeshan Ali.,5
070b4395-e470-4afa-8119-fd0ad17efa9b,Ever since they've made it to where you have to take a photo of your ID and everything I have to link my email or phone number and it's stupid I can't get into my account where I have a bunch of videos and it's pretty stupid 1 star tick tock,1
97faeb61-daa9-4aa5-ab7e-0566e60e551a,This is a very good app for the best off the internet for you and the,5
9518adf3-078d-49ca-8622-4d0a02fe8e12,Fun app,5
12341d29-d9d6-4af1-a4f5-e1e465ffe480,"Any particular reason why we still have s3xbots with multiple accounts? Also, why cant we pause the music on photo slideshows anymore??? Stop ruining the good parts and actually take out the harmful bad ones.",2
16bd32f8-4fd0-416b-812d-d4193ce88b0b,All good 👍,2
3f7d8a57-048c-455c-ad17-1eb7a1eb048b,Nice tik tok azhar22gdwala,5
696314ec-7bab-4936-87f5-29784c439d78,Ok,5
0f87f696-1f61-494d-9ab5-0107b8f8ef50,# For you,5
e2df49fd-658a-4c77-af03-3c3705f54cc8,There's no dark mode,3
e0ed9e4f-c8de-435e-961a-19ef286a9589,Everybody should not be on Tik Tok because it people can hack you delete it because I have it and I just got hacked so I'm giving it a one review so please get off of it right now are you guys will get hacked so I really don't care if you guys get hacked don't blame me and yeah that's probably all right and I'm a natural cheerleader I'll talk about myself later okay so I a cheerleader H&S I do I'm a fire in the chair and for gymnastics and I do all different kinds of stuff like flips tumbles bac,5
21fa8685-8ce5-44a8-a5d7-2a40d33ee7ea,Please remove pernetal guidance please open the TikTok,5
c6eecf3a-b1da-40eb-ab41-7af1039fe264,"Did you wipe the algorithm or something? Because the amount of dumb uninteresting videos, stupid ads and weird random accounts I'm getting on the fyp is absolutely insane. The experience is completely ruined and you're going to keep losing people every day if you don't go back to ""the good old days"". You're trying too hard to fix something that wasn't broken in the first place. I'm deleting my account.",1
ca1ed369-d56e-4ca5-baa5-9d0505c3d8a3,good,5
314eac87-288f-4acf-90ff-188ac9f620db,"Seriously considering deleting this app,, too many updates , it just keeps growing bigger every 3 to 5 days eating through memory and ram.. slowing and causing lag to device.",3
33ace125-528f-440f-a1d3-7a7813e6cd7d,Amar video vairal hoy na,1
7451211c-a5ef-4820-bf76-8c51483deebb,Help karo mere account per,5
f3bc2b88-37c2-4319-945f-433fdd16b6f4,My followers number keeps decreasing this is a shame fix this ASAP 😒,1
5c6e54e2-9ec1-44a3-b32c-a8ff5c8ca97a,is just nice,5
c361383e-ac55-4b52-ba51-6a66a38b52c6,This app is good,5
634ba933-3010-41fa-9cbe-84b020e345f8,لدي مشكلة، لا يفتح التطبيق ،لم اجد ان يريد تحديث لماذا لا يفتح، رغم أنني استخدمها من فترة طويلة,3
62c9f266-cf2e-42b2-be17-d07eadb13256,"Used to be good until recently when i got shown every other thing on my fyp being a live, which i put as don't show me any lives. It is infuriating that i get so many lives when i tell the app i don't like them",1
d4a5ded6-1fca-4a91-baa9-ddb6380c7b76,This app you is so good,5
bac4f556-365e-4f17-a6f2-d73e8284bc58,Appreciate the value of the app upgrades and advanced videos or what I be looking at on there the app is still looking good and my music is still on there appreciate the love on all clouds Malik Khalid Whitlock kxlighthemp,5
dabb36e7-3d13-44fc-895e-7249e4ed4a33,"Quite hypocrisy, they are deleting my edits and writing in the reason that it is generally because there is mention of suicide, where literally the character said ""I'm scared of die, I'm so afraid of pain James..."" and a cat cut in half which he eats another cat they do not remove after reporting this video explaining that it does not violate our community rules and the same after pissing off.",1
720b49a5-5f77-4124-812c-ed4f40a09639,love it,5
57256d60-a0ad-4bdb-8660-5d2948eb2ab6,Tiktok team ma bhot bar tiktok ko update kr chka hu update ho kr bhe update mangti h,5
e6410b09-7f3b-4813-9794-43d253f9a73b,Fun game to play I enjoy it,5
28be3d39-3a55-4d3a-ba8a-5999dc7b5a36,I can't get from a message to open TikTok to actually getting the app to open without telling me to install an already installed app,1
3b95b106-08ff-49ee-9602-e5a6d54b533f,Uh like i love this app but i cant access some of the options that others can like huh? Plz fix thos yall 🙏🏻🙄,1
0ee9e2be-94e4-43c5-b8d9-7914bd489029,great app why wud anyone agree to ban tictok,5
acaee26b-8cf9-41b2-a52d-751bf44ef639,😊✅😂🥵😸🙋🏻‍♂️🙋🏻‍♂️🙋🏻‍♂️,5
e5ed09d4-d96e-4eb2-8a72-7e5bf1494e0d,"WHO Would ever spend MONEY on a TikTok account, when ANONE can have you Banned for no reason? Users decide if you get banned. DOESN'T matter if what you post meets TikTok rules or not, if someone flags you, you are banned RIGHT AWAY and forced to prove your innocence. I posted a meme, and in one hour my entire account was banned and my appeal process was expired AND all I get for reasons is ""Violated Community Standards"" without reference to which rule 😡.",1
285a44fd-dbf6-4b25-96ca-3612c0b663e4,WHY WOULD YOU BAN ME MF!,1
86d22aae-c86f-4190-a7cb-af8d0f1abef6,"They wanted me to download it so bad when my friends send me videos now instead of just letting me watch them, so I did, gave it 1 star, then removed it",1
2930e358-3cf2-4bf2-9a88-38bae0f03272,Amazing,5
7b79adea-7d34-4ea0-a393-401211d17185,Tiktok foryou setting Tiktok foryou setting and foryou trick how to viral video on Tiktok Tiktok foryou trick Tiktok foryou setting new Tiktok appeal👇 Hello dear tiktok team Very very important Please I need your help because your account has mistakenly put my account in the freezer list. Please re-check my account correctly and remove my account from the freezer list. Because I have not made any mistake that is against tiktok police but still my account has been frozen and my views have d,1
31adabd4-738a-412e-8898-e48c6e572e7c,تحفه بجد💗💗,4
c69254a4-dbaf-499a-a5dd-b7d2d8058468,Derp derp,4
ee7603af-cde5-4afe-a3c8-5c997cfb9d34,Video uploaded save too diraf upload problem,1
e6d51aa9-b025-4fec-b28d-99faeb41384a,Super cool,5
411a6061-70fb-4e9a-9f92-c1acebef26de,"This app is good, but this app is some time use then it's need more storage",3
6073b651-4ded-42ad-8446-66823d21632a,Not good l can't save video or images,5
27ee9cb4-d459-4895-8c53-19e547af36b6,Tik Tok is good 👑,3
f5312a36-8c7f-40ad-bf20-e57b49d3cbe4,Naice,5
116f4205-b455-4e28-8e6c-e4fc94c80447,"The app weirdly crashed, signed me out, and now i can't sped up videos or swipe between slides in a slide show",2
eb945545-8a51-4d41-a7fd-dead1c30325a,I want the slideshow on google pixel,4
5bd48937-3530-42db-9103-3402c7073416,tik tok,2
b06c7921-0052-4bc9-a747-9fd31dc16a62,𝐷𝑜𝑛'𝑡 𝑠𝑡𝑎𝑟𝑡 𝑒𝑣𝑒𝑟𝑦𝑜𝑛𝑒,4
130163d5-3fd6-4e9c-ac62-00eab26b9042,Nice apps,5
8bb494a6-0c25-4c16-bcf8-6f537a5976e9,THEY ALLOW RACISM.,1
7163258e-b327-43ec-9477-a22e2bdf6016,I like tiktok app that's good for our boring time but in my mobile oppo A37f tiktok is not installing in my phone so please solve my this problem suggest me an idea to donlowed tiktok on my phone thanks 😊💗,5
9846ba52-888d-4841-8e59-1ae7f5a4dfc7,I was permanently banned for no reason. I followed all the guidelines and didn't do anything wrong yet I'm banned and now tiktok won't work on my phone.,1
3c1842f7-78d7-41a6-b4d9-c4a09b4718e4,5 ⭐⭐⭐⭐⭐ STAR,5
5dda37b2-bd70-4172-8558-9d1077ac2107,SOMEWHAT HELPFUL,3
1ae7e6a9-023d-4407-9484-119b9f8281fc,My tiktok looks different and I don't mind it but I don't like it but I'll get used to it I guess and I don't see people with the same problem as me on it,3
144d08fe-703e-4a99-ae00-16edc623a5b0,The app is bad there are so many points ads and and there are so many bad videos,1
76144e73-6d99-4d4b-beca-a76ca3f919ac,Good app,5
17654f4b-50c2-4ff1-adea-b575254aa200,Good,5
f4a6cf31-7fb4-422f-bb43-3a41f44ff913,Most video s do not pause Another bug from tik tok Half a star this time tik tok Pull your finger out,1
6ef984bb-cb4a-4e35-8120-0b3a24403184,"I don't know why tiktok keep bonding 😞 my account and I can't message anymore on this I don't know what is wrong, stop telling me about community guideline, tiktok was not like this before please you guys should work on it",1
fdda3b29-64bc-4394-9394-5b07fbc9efdd,"You try to make a video on tiktok, and all it takes is one effect to delete everything you have said, and you have to redo the whole video because your original voice has been deleted for music..... this is really getting annoying. If it keeps happening, im just going to delete the app...",1
b2a921fa-c53f-4801-a37d-5416d7c4e626,Willnt let me back in my account,1
cb577983-fbfa-4869-9830-a9a9689d7c19,This is literally the best!!,4
f1030d06-d08b-4917-946e-1cdca4c4d6f2,Ok 👍,3
fcfc421d-1cf5-4b74-97cf-08eaa2dab37d,"Just created an account and it won't let me upload a profile photo or add a bio?? How stupid! Apparently I'm ""editing my account too fast."" How is that possible when I have only just made it and it is literally incomplete because I can't finish editing my personal stuff??",1
04a8e14c-b6c5-4430-9127-6f7d7d9e6b7e,js add dark mode😭,4
e89b3151-eeb8-4cc7-b9f8-f7d3f46b5cda,8year's old,5
81408459-f399-4d7c-846a-be95693ac2ed,aaxreer,2
b02fb749-6473-45c9-a603-2589e909b089,Give many 😌,1
3357c828-e10e-4226-8f29-3d7ca009a597,Rauwabilu,3
5c166ccc-0b0d-4136-9fcd-a118bddbb71e,Add streak restore,3
e09a3ae5-6b06-4f53-a0af-28b8bc38cc02,My Account for you view problem and like people,5
c9a1fd3c-0341-4604-b1d7-0c936600ce5d,"TikTok's alright, could be more accessible and less laggy as it always lags, especially when I try to edit the videos, also cache will never clear whenever I click ""clear cache"", but otherwise it can be fun.",2
255ef8b6-5871-444e-acda-cfd7a90e55ea,The app is not working properly namaste,5
256cb10e-22aa-4b06-a440-ff377dbede85,Is not giving up good response is not good app,2
ca3a0be2-b18a-4f52-b2ca-13ef42e974dd,Tiktok why i'm over +13 kick me like ban me y'all are so mean,1
f3692828-0993-4051-901b-e6e8290aab10,I can't launch this app even with a vpn,1
e0df72a2-bb37-4458-a40a-5d99155dac5a,Very nice,5
6b3a25e5-2ddb-4400-9a87-be4711557f04,Abuukar Muuseabuukarmuuse,5
6b6a549b-5c24-495d-97ed-952de4128607,"Everytime I get sent a tiktok on messenger it doesn't take me to the app. It takes me to the Google app store. Gives me a window with the option to ""download tiktok"" or log in. I already have a tiktok I'm logged into",1
80e16fcd-1c12-45f7-bc9f-18c01d97866d,We live we love we lie 🗣️🗣️🗣️,1
d033e47e-c5ef-4580-ba31-6499443513a2,Wasting time people,5
78362914-2baf-481c-91e8-551f9c3873cf,I love it ❤️😍,5
a9934795-996e-4360-b654-897cbf5fd0bb,Hussen Rana..H,5
34bad621-3cdc-499c-b2b6-2896eca2546b,Tik Tok for you,5
9d62393f-4afe-4480-a777-1da073bef9bb,Frenel Ketline,5
eb9aa376-2806-4824-9c3e-a8a6934872df,"This used to be a great app, but now it's flooded with ads and dumb lives that nobody want to see. It takes 4 swipes to see a good video.",1
52828481-ae94-4f50-9816-01a6d67ec340,This all is safe for us 🙂 but my account doesn't monitize 🥺🥺and TikTok team plz support my account 🙏 secretkhanzadi Armykhanzadi It's my account plz support me all guys,5
4ec78919-e25f-41f6-aa37-bf030953c59e,Iuki,3
62f95e05-9ecd-4a92-b4e4-113004462b5a,I hate it,1
8cc499c0-2e9f-492d-8dd7-63dae0767768,5 star to three cos keep getting message that something went wrong please try again..can't fallow either.,5
2269c7ba-a708-4dce-bc93-71a097524cd9,"Saved a slideshow as a draft and now everytime I go to my profile the app crashes immediately, so I cant post it and I can't change anything about my profile or view anything there either.",1
2d21f1d6-c829-4d57-8d6c-a2860a450ad1,"Me , i love tiktok die ! With tiktok you can express your views and opinion concerning an issue or idea .",5
a31ea357-c6b9-4314-a17d-ca8738d850cf,Nice,5
89d3fb14-1eb4-4d28-af8e-de4140c098b0,This app teaches people to do everything that we can't do 💕 it makes us laugh in any situation,5
d8400dc6-6469-40c1-bf91-9e983a5c95bf,YO IDK WHATS UP W TIK TOK OR IF IM CRAZY BUT LIEK THE COMMENTS ON TIKTOKS WILL NOT SHOW AT ALL 😔🙏 CAN YALL FIX THIS PLEAASDE IM TRYNA READ THE TEAAAAA,1
7d84a91e-fd0e-49c1-95ee-355327cc5587,Pretty great app love how u can connect with others and all tha,5
f1d9fcf3-2e28-4922-8522-fa72946a2906,Love Solitaire,5
500dfb36-7702-420a-bb50-43ad4bbf0777,The new update is just annoying. It freezes while the sounds overlap and play in the background until the app is closed.,1
2634a01b-66b8-4994-978b-006df2045cb7,Sometimes you get a bunch of likes and good algorithm and then it just quits on you then when you upload it gets a bunch of views no likes. (Its now July and it still happens),4
18162be3-1f71-4419-b667-daa54130ef09,Good 👍,5
79b74118-e6ae-4730-94dc-d68e341304d3,Every time my kid spends time on this app she is moody as he'll. Aweful for mental health. Should be banned imo.,1
7d1f2876-f95f-4338-9bb7-4897aeba33af,"When I go to record I only have 15 seconds to record, I don't have 60 seconds or 3 minutes or 10 minutes at all I have updated and I have uninstall the app if this doesn't get fixed I will delete the app permanently",1
2ebbc2ba-b779-4b23-a7f6-cd04b465dcbc,Manageable,5
ca8cb524-5950-407f-b568-c06188d584d8,I love this app but when I try and make a vid it don't rly work or let me stop the vid I have to restart the hole thing,4
22094a93-4492-45ad-8e1d-aeb7f96f8a5f,Good,5
c55bb913-2eb3-47f5-9f14-745d75fc05b6,I love .the fillters,5
5035a002-abdf-4ee6-b665-bdeed963f521,"No dark-mode, 0/10",1
7d16f659-9035-4231-8e98-23d3459c1807,Just learning it Very enjoyable to view what others have posted,5
78f4c965-a253-4d82-885e-b99cfa5e8ed0,"Even though I love an idea and TikTok should really be thankful for creators, recently this app started to annoy me. I am creator for 2 accounts. Tiktok stopped showing my videos in one account, I only get a few views even though earlier I had a lot. Another account started to get so much more views, but I didn't change my content or format. I am very upset with their algorithms, it's so unpredictable. As a creator I am very demotivated and started using other similar apps more often.",3
6b9dfcc1-8748-48f7-806e-16a037560bde,Jboobj k,5
8b95adce-2ad7-4a3a-8adb-962ab130d947,Mine is not working I even updated it buh still not working,1
3a9e149d-7e7a-4e5c-b09c-947b211e2891,Good,5
dc8ab0e1-fbc4-42cb-a719-933b042792bb,Tiktok es una app demasiado Buena entretenida y exclusiva tiene muchisimas cosas por ver,5
3ffa02e0-09c5-44dd-a52a-587956aca619,I am tiktoker,5
9334b0f7-5f11-4b53-8953-d8745c17be56,This app is actually good 👍😊,1
83224be1-306e-4656-8566-ff7b5c6c4826,Heheh,2
93a0bbae-35d9-4329-b8fa-283a11085381,I'm trying to enjoy tiktok but I can't because of theses stupid adds. Why are there adds in the first place?,1
39ab04f6-ce1a-4620-a1d1-ba1ae9385489,My Tokyo doesnt want to install on my new phone. I just gave it two stars cause I do use it in my former phone,2
703e72c7-9207-46a9-a811-8a9b461289a3,UWU LIGMA BALLS SACK BTW MY TIKTOK ACCOUNT IS KEENAN0256 OR SMTH LIKE THAT,5
5bc5ad37-599b-4a1c-85d2-4413e927aa62,🥰🥰🥰 yeees,5
af600542-245c-484b-ab3a-42aa3c8da729,It's really amazing to use but it takes up a lot of data,5
cfd3daf5-1b80-484c-9b1f-daa1fcb93f12,Exelento,5
85efb35e-bf92-4ef2-85ea-e11557992b5a,Nice,5
b8c90763-28f2-4626-8f4f-5eef3cee4b71,Bad,1
2d633b70-1da7-4b0e-a11c-45270d2c2db1,"Only putting 3 stars as, for some unknown reason the favourite button on every single video on my fyp is nonexistent and I have no way of viewing my past favourited videos. I've uninstalled and reinstalled, logged out and in again and even created a new account but nothing works?",3
223d303d-90fc-4588-bdf6-c31e3f26c891,For you fahzadullah Pakistan,5
0217ce17-cd7d-42d1-a80e-5e94156a1812,Good 👍,5
0403219b-8fea-45a9-ba80-9f8171ad6dec,I love this app it hrunderd present good,5
f5bd9848-4b21-4a51-bf75-61c270fc5f37,Tik Tok allows racist and false rhetoric to remain. While banning my account for no reason at all. No reason was given. This app is no doubt run by communist. No one should have the right to ban someone for no good reason. I see countless videos of bullying and outright false information but are they banned... No wonder Congress wants them banned in America. Never have I ever been threatened to be banned from any other app. Something is not right.,1
88418741-feaf-47e6-9795-13a9f4d4b66b,"push notifications not showing up at all, specially Live Notifications.",1
0ddbc02a-0b37-480a-b910-81116a55e30d,It's one of the best enjoying app,5
07d0b4d0-63b8-4d03-b0a5-0fbc6328951d,"Good and not good, meaning not all the time",5
98cd80d1-5946-4125-98b3-0bdc1cf09e8a,Hi TikTok please interduce live option in Pakistan please please,5
334ed02d-2319-4e4e-8364-edaf9cbc03be,It keeps bugging..and reloading... Even if my wifi is completely fne and working well it shows network not connect.... Do something to fix it..and I can't see reply of cmnts on vdos,2
b1c682d2-dc1f-4800-a536-74971336dd1a,Not having a dark theme for android,1
cb8cb142-9044-4b25-908b-0dcab68a2ec0,Ajaira til tok app,1
572f4ef1-a8da-4847-a9e5-af170a9d2afc,I rate this app 5stars because it gives entertainment and there's a lot of filters that we can use,5
b758f29b-9ee2-4280-9917-eb112ac39a3a,This app shares your information with other apps or sites . Be aware. Don't waste your precious time on clips that don't have meaning or make any sense. Be cautious of your time wasted on these type of apps.,1
4f75d3fb-be36-460d-ae03-8b54899add40,"Censore with its ""community guide lines"" excuses, God damn it!",1
2cd20998-d0ad-4bb2-905f-d0472b8deb41,I send TikToks to my contacts and they can't even look at them. It's says join TikTok and they already have it. I don't understand.,3
9e24b2c9-1f95-4d56-853e-3c42aecb6e64,Love,5
28028595-45ba-4257-9e3d-7ff0a4bf946c,TikTok apnake love 😍😍,5
bccb4d72-e777-4b3c-9144-4f6083629fa4,TikTok is just exceptional Trust me guys word will fail me,5
a9017c5f-ea1b-4917-ad8e-131da2004d18,Ilike,5
c271edff-5e2c-4195-8121-43da654acde1,Tiktok sort out your stuff your algorithm went haywire it keeps showing me random stuff from people i've never seen before instead of the creators I follow. Guess it's time to uninstall.,1
ddea4d79-4868-43f3-b867-b7f00cb8021c,"For a while now everytime I switch accounts, and even sometimes when I don't, my tiktok streak with my friends disappear. The streak is still there, it has not ended, but I am unable to see it. It keeps disappearing and reappearing. Please fix this glitch.",4
8cfa0658-44b4-4720-b68c-95a7fde93fe9,Dawlod,3
70e681ef-7636-4cc2-98dc-a8b095cb6905,Problem update 😔,5
a968d936-159c-4630-83c1-5cfa5a3dd474,"it's fun but I got banned on one of my accounts, and I used a valid ID to verify my age, and my appeal was denied. but whatever, I just made a new account. the account barely works. when I refresh the page, I can't see my reposts, when I follow people and refresh it's shows I'm not following and when you search my account it says you can't find it. fix this.",1
32214bbd-2330-4bba-9d99-6e3fc41eea2a,why do they censor videos while they sue Congress for 1st amendment getting banned in USA,1
d85abd40-cf27-4bc9-8b6a-ead7c2a35014,👍,5
677f3ed1-ee16-4a1c-a5c4-bb8b5626773a,one of the best social media apps I've ever had,5
825d67c5-29aa-4e56-a8a9-178514b9199b,Watch vedeo,1
bb434d49-9921-4a99-aa52-fb6b82d24dfc,its is so good app,5
b89829c5-14f4-4a49-8d10-3ae55f5585dd,"I love this app but it won't let me log in to my account ive emailed yall, and all kinds of other stuff and everytime I got back in contact with the workers from tiktok they'd tell me the same thing over and over after telling them it isn't working plus the beauty filters gone and all my fav filters",2
c8ec770f-c738-4ec6-9315-edc9d1e37e6f,Verry good,5
b3d9ed96-8069-4720-a7bb-6e5308c4247b,Good app,5
8e4ae6c4-68ba-4042-9ad4-1fbe3b770b07,The only probelm i have is I can't repost anything it's so annoying,5
62ef67c9-727a-468f-b86d-5fbd82c8f272,"The company has been working with the same as the one who have been a long day for the same reason to go back in town for you to know if we can meet at the moment, I was in a long day tomorrow and see what we can get some rest! I love that place and time again for your help to be a little later today? I'm not sure how long day at work? if so I don't know how long day for you? if so I was in my life of the one who have you been? if so what are you? if so, and the one I don't know what you doing?",5
36ee88bc-cea1-42ba-9fc7-e7b64b105868,"I don't understand how anyone could find having the exact same videos made by 50 different people constantly shoved in your face a valid form of entertainment but here we go. Not to mention if I were to say I'm not interested in something for the 50x time, the algorithm still spits that back to me eventually",1
f04c9b6a-7fd1-4a8e-b7f8-9dd933939c19,Wow just wow,5
b765c327-345d-4628-9063-2d82d412d9f7,Ist a good app that u can use for the whole day and it also save videos,1
6a548c25-a293-4367-966f-991b5c72f4d8,Is actually soooo fun,5
884a70ac-a979-4893-b0eb-312a9a114923,It's a great app but not that great,1
4561580b-9c84-48b3-94ec-d903040b4bd9,Shamsiyaa love,5
990d7353-8b68-491c-b35e-a18fd36a4498,"Lost features can't view my own story . Spontaneously removed the story feature from my app, after I already uploaded a story, and now I can't delete the story. Huge privacy concern.",1
949940f0-d321-442a-b65b-7ad46253d18c,I love tiktok,5
e632bffc-1076-44f3-bb5a-83602ae6e3de,I enjoy keeping up with current trends in the beauty industry and entertainment,4
c4930ad8-31d3-48d2-ac86-9460c2c1b354,Refuse to open,1
c1e5e953-467f-4770-8697-3767f3d6e01f,I give it five stars because everybody has it mostly my family has it and it's fun for everybody you get to record yourself do that to record what you doing what are you going to do what's everything you can record everything but it's so fun can have fun have a lot of fun record yourself doing a lot of stuff changing making videos doing math how to cook cleaning your room your kitchen your living room anything it helps you find a record yourseI'm saying it is good for everyone so you can have fu,5
2c0a70c9-3329-4b44-833a-f8c7189f7e98,Nise,5
1f8559f5-f10b-439a-afe3-499aaf229553,Great,5
223fff9c-f762-4f13-81dc-397f9e9cc8b9,Very good,5
6d832d5e-6d88-4e5f-848f-90c2d215504c,Great,5
ec50bed9-7f04-4782-923f-95d1c4a04378,I love it,5
f2b7a242-7362-42cb-a837-f6a827056512,Nice app,5
6bab6419-0a69-4343-ac4e-2f03884d05c9,Nice app but I think this one really uses Less amount of data compared to the lite one just my side of the view maybe you can also try it out,5
367e4d20-bcff-4cea-b121-4bf300ed87f0,still not opening on huawei p30 with emui 12 after months of updates,1
3f066a00-cff8-4153-96ac-b93921385346,Experience good till now cannot see my saved videos and pictures please to put my pictures and videos back in there thank,5
1ff3529c-9c53-4b96-ade3-d345af972030,When I save the video directly after making it even says saved to album but it don't show up in my album and is t save anywhere.My tiktoks are lost fix this problem it's extremely bad.,2
ae5c28ce-8721-4e22-9a67-fa2dabf13e61,Hello tiktok team my view avatar is blocked please check my account I am working very hard please check my account thank you,2
3c27fb7d-1b5d-4728-999d-8bccc56c6106,Nice apps,5
e935826a-fe4f-407d-aaa2-a5d2d17d804c,Nice apps,5
9f485f36-7800-4ab3-b838-f572ed2608fa,So funny,5
38c4cb2d-b6ec-4881-9aa8-8f6b83032b46,I got banned from it and when i make a new account it takes me to somewhere you cant follow you cant comment and i want a new account with out thos things,1
92b63453-a6ac-4bff-acf6-f0c99c24ca37,Not sure yet.... waiting to see,5
1cf5bb53-1138-4f8f-8c21-bec7bdc0e379,Shahid Khokhar 153,5
a897ada8-6d99-4aa9-b0b6-abcb56d1f545,Good,5
284e9c91-6293-423d-b7fb-79fb64262baf,Ooh no tiktok is freaking awesome,5
db268656-1960-4133-a3b3-fbe8481be8c0,Awesome app minus the fact that I'm banned from going live even though all I did was my makeup I'll gladly change my star rating when I actually get to talk to someone from support 😒 2024 yall keep inviting me to do lives and are trying to get me to do those battles and such but I CANT! No one has contacted me about my live ban even though all I did was MY MAKEUP and showed my PREGNANCY BELLY! I Also state on my profile and every live before I was banned that I'm an 18+only account!,1
b4e5b7eb-2f06-489f-bbbc-4f7a8be45073,Ok,5
3891bed6-7f42-4ef3-86d6-6a224d2b9848,ruruw,1
37cf3456-f85f-492d-a91e-26e8873f2931,Just The best!,5
4183b821-01c0-4bdb-b975-3d7f03af06ac,It won't let me have a streak with my friends,2
eb88d41b-f3bd-4c58-bd05-3319b1ca6705,Good app,5
68d90e4c-ae4c-44df-9390-cc4117b0b8fc,Instell tik tok,2
e1ef27dd-52fe-4403-9951-49f2298911d5,This app is completely amazing.You can find your blesser out there with you this app and I can also find you opportunity in your career by your shooted video,5
a722f5a2-3d6a-415d-ac1c-951bd014c762,Please open my inbox 📥📥,5
3ee29476-aec7-4b24-bb86-aaab45bfc53c,Very good 😊😊😊,5
8a157359-9cde-4264-b385-fdf0a80a8059,FOR YOU MY VIDEO 👉😍,5
93b1d2f5-3382-484f-8252-d8fd87dc3af0,VK king 👑,5
3dce8403-5655-4c74-af06-6a51a58bb412,Great,4
8d677869-35ff-4e33-909a-e59520652d80,Ï love tiktok why.. kindly answer Me On sugest,5
d79d5f81-546a-4fe5-b030-e3041769b656,Withdrawal,5
8250b337-9868-4083-b67a-13ffa934577b,TikTo,2
8ca4dce4-4d20-4d30-80cc-2ba4d58d3507,Kaziii,5
15a88a98-1e76-4fb4-9dc7-74a48f7b50df,Why doesn't this app tell me new posts from people I follow or people who follow me? Even though notification is on. 🙄,2
9d4c257a-976a-43c1-be96-ff720e1153c7,Great,5
6cccb1bd-658c-49cd-a4c9-e4a817940dfd,Great app,5
3d1262fd-ebf7-423f-94ae-bd6dc4909af8,Raees Adnan Ali,1
216cfec7-148d-4c2b-ba5d-662b660940e0,Please tiktok in my one video please viral please my one video viral tik Tok team,5
5ce04d28-ce31-45d1-b162-531d4ffa308c,Bohat zeyada udas ho ap k jan ji,1
e4efdd1f-120c-4d18-8d4f-7314fc324106,Tiktok Views like problem,5
c869b088-3173-4991-bc3f-839075e72b59,Toilet ananas nasdas,5
5b6d7f66-8459-48f8-8676-7a95f93f4c7b,Amazing,5
fa22ab4a-5fd3-422c-a04e-d70c1a1b74c8,Nice,5
3df84894-3349-4c8e-83da-41995432285e,I pity you.,1
8fbef410-9396-439f-9ae9-077aa182e304,I want followers,4
98d20ced-8be9-4b12-9095-b1e07ca3200c,I love it so much,4
f673289d-27ac-4dfe-9968-abb9f1f7e313,Great when it works. My for you page has been broken for almost 24 hours though currently. videos in different languages and irrelevant content everywhere,2
0e995ad7-5317-4162-a2cf-d5e46544eea2,For you,5
e28862ea-5e71-4a58-8d57-ec934023dfca,TikTok for you pass video varil plice,5
13691ecc-a42b-4966-947f-cd2217795037,Ever since I updated it tells me the app is being updated and I need to try again later. I've Uninstalled and reinstalled multiple times.,1
d356034d-b46e-409c-8565-e78027a6f743,Pakistani live tiktok,5
15576fed-8c0f-400d-97f0-007a901597a2,This is one of the best apps I have on my phone but please add the option to switch my app language into Serbian please🙏🏼Although the app is amazing!:),5
8a264c1d-83c0-4d1e-bfdc-06c51860f462,"i cannot repost, and i cannot see anything to clink on it to repost",3
272d0231-8b81-4dee-8687-e6c528a03116,Love no ads,5
dd3bcd25-6530-48bb-8a74-b0350137a1f3,Pls fix the favourite thing is not working at all it keeps on saying the WiFi is not working pls fix,5
9dcd18e1-0a5e-4ecb-951a-f62bf80d2167,"It's the best thing ever 😍😍😍😍 I have used So guy you have to try it the best is that you can do videos for your self and you can watch and learn trends around the world so you have to have this app please try it It won't disappoint you I promise. TIK TOK IS THE BEST THING EVER ❤️❤️❤️❤️❤️❤️❤️I PROMISE try it and you will see it 🤞🤞 And wait and see thee magic of TikTok 🙏😍😍😍 and you will be happy and supprissd I'm telling you the truth please try it, please try this app So enjoy your self",5
b785d56c-46ef-4dc8-bbb2-16f98c132c21,Never opens the video that's sent to me.,1
351be7fd-2a4a-4772-a70f-88821f4278d5,OK it is very good 👍 👌 👏,5
3e20ee10-1117-4066-a117-2563c640b003,Helpfull,4
29b417ac-e0cf-4ac7-b35e-fd778dcffa8e,Hasnat Ail,5
caaa7f9b-b59e-4800-9507-94fe4431839e,TikTok ma video play karna ka lia internet boht fast chehea or mara gawo ma internet slow hn is lia ma videos nehi dekh saktaa 💔,2
49584e5d-ceb0-4e88-b948-50fd8a38efe4,It kills stress incase you have too,5
817efb04-341f-4c85-bc42-73a2780195c2,Hassab,5
4b9519dc-2748-4695-a45a-2bc2aeed4a21,my account is Talha_5443 and i m facing from direct message problem i kindly request to you to solve this problem,5
b846c452-7e54-421b-817d-b492fe540627,"a , x.""2:#× z,Z",3
13c694cc-2482-41c4-94c1-f0d911675660,Hacker used my email to sign up for an account. Tried to delete it but I'm unable to myself. The trouble ticket keeps being closed with nothing being done.,1
d5dc0b28-8d46-426e-a270-09c97185af6e,Not worth the time to download,1
06528a49-c996-49d6-a743-533dcaa08385,I love it but it use to much Data,5
4d3fe1a9-5541-43d7-a28f-c41d7be18f82,Get rid of Russian bots or get banned,1
cc6ea24b-6aab-457d-a043-3f2c1ceed938,Adeola,1
c5161af5-cfaa-4e9c-9a05-0d4a2f18f1fd,So good,5
453bae45-ae61-4671-a7b1-bc68e3883309,Tik tok,1
9ab814e3-c97f-4d1c-b4f4-d05cc82e830c,Nice TikTok,4
a9e6f47e-ef65-48c7-965b-128d2c0a2163,I can just hate this app sometimes they ban small account but let people show off their body and there is a lot of bots on this app (I spend most of my day on this app either way),1
52d054c9-8291-454f-9958-0be5aeff8bb5,"Hello dear tiktok team Very very important Please I need your help because your account has mistakenly put my account in the freezer list. Please re-check my account correctly and remove my account from the freezer list. Because I have not made any mistake that is against tiktok police but still my account has been frozen and my views have decreased a lot and I am also working hard on tiktok now to make very good videos content but Still,my views are much lower than before. Yes, but if my accoun",1
91a2f9fc-6a96-41b9-a542-2b81511cea3c,Slowly removing features until I make an account and increasing ads is just obnoxious.,1
1f271b69-af40-456b-bd64-25fab2deadbb,I have experience that this app is nice and good for editing pics and videoes expecially with capcut,5
d99c37cf-a487-4a3f-9a98-0382f16e9119,Thank you social media tiktok app give mike Living Please tiktok Thanks tiktok Please Account warning 😭,5
3993faa4-d859-445b-a806-392ebf2809c6,G it at you in big,5
ca1ca3ab-5f46-4410-a0fb-d0f7075fec71,فرحان,5
7a452c74-a29d-4dc4-ac40-52fff9df2f8e,Worst app ever.,1
6458ec4d-84b5-495e-9fc4-d6f04a101bc5,Where's the dark mode on android devices??????,1
59129a51-cf38-41c3-83f6-1566926b2c17,Good tik tok,3
38b55735-e351-49a7-b851-941c06c5a725,Awsome,5
1463b0a6-550c-4d0e-ad1b-b83eb907d47e,Wa,5
2c7c692a-7969-4050-b8e4-76bb04e34c83,I just made my tiktok and somebody blocked me for no reason,2
cf3cd89e-908d-4e93-bcbe-2221b18f2f67,Better then youtube on Policy.,3
65282639-6718-44bc-9cfd-6745adc9066f,Good app,5
13226015-5300-4466-b8e0-3d03e9ec9797,Please my account monetize,5
427463a5-6ac1-48cf-a9b7-9f10e0acf16e,It deleted my acc without my permission,1
79faacb5-09ff-4a1b-bc1d-4cfc8e7aacc8,good.,5
fc90f035-df29-4fb0-b4c5-7bedfb8ef4a0,I m video not viral plzz tik tok my video viral plzz,1
1dbc39f9-ed5d-4ce2-ae61-a98a240c0ddd,👏👏❤️💘,5
72d27bdb-482b-46c6-b7ea-85df585b145b,Supper,5
bf87e41c-2692-4b4a-9213-25066771db6b,Good,5
91657d33-d135-42be-a217-35516adfe8ed,Plz foryou,5
7d229b75-c2ab-4835-95dc-89a64da0d35c,Great job,5
d04155f0-4061-4c6f-9836-54fe9aecf918,"Since the new update, it keeps crashing and not even allowing me to open the app at some point. It's been one week of downloading, deleting and re-downloading the app. Update:1 month of continue download, delete and re-download every day",1
cc1173b6-68b1-4f7f-9968-1d50cf96e577,I love tiktok,5
2e60e131-9644-4bf5-96d3-fd87bb2dcfdf,X. PUN JAB .,5
addc3202-477e-438c-ad9a-f50941d806b2,So beautiful app,5
299b3088-e21d-4609-a149-252d1e22337e,Tiktok crashes whenever I click on my account.,1
a336f5b6-bf2c-4546-8ae4-6e6205c22b80,قرف جدا ياريت تشيلوه,1
ccc0778d-2d62-479f-8c6b-d6b571637671,Tik Tok,5
93091f76-1f13-445a-864a-dcdbe58c9720,Keeps bordem away,5
c0a3707a-5a37-4067-a56c-6f05825604a2,Pretty good for a new app,4
c30f47f9-eb7b-416b-a624-65ae80fd8aca,Tiktok is the waste of time for studants,2
89132731-ddde-4a21-aa7a-8613bb2e5ae3,Useless if I can't even log in without it forcing me to make new accounts I won't be able to even log into later. Not to mention it seems so broken now even trying to press any option is non responsive. After looking at other recent reviews it seems this app is just a complete waste of time to even try putting effort into using.,1
40f1ac1b-897a-4c7a-b4d1-bd5aa925f8f7,"Hi dear tiktok team I am a tiktok using application please check my tiktok account, my account user name (majid_baladi1 ) and viral my all video on tiktok foryou page",5
e68423ba-fd3c-4c27-a99f-aaf11341b532,Great is adorable 😘😘😘😘 please don't bond my account 🙏🙏🙏🙏🙏🙏🙏🙏🌹🌹🌹🌹,5
e283e683-da11-4d63-9bf4-0e531c771cde,Aslm,5
c50ccd91-34e6-430d-b390-1c75bd4deb55,Stupidly great!,5
fe18d803-16d0-4da5-9a3f-d73abcce134b,😘😘😘😍😍😘😍😍😍😍,5
35fffb19-2385-4e87-bbef-eeb7acca3fa6,Nice,5
ef95f667-2c60-45ba-bc52-12730714bf61,It'd be great if TikTok could remember what I was watching when I leave the app for 5 seconds instead of resetting everything. I can find it in the watch history so why not just take me back to that video?,2
5011cb8f-383a-4eb5-9bdc-063c5ec06a55,Shaon,1
ec051794-a12e-4aeb-87da-49c4101282f8,Very good 👍,5
07ac89ed-2665-4ed2-8a0e-a858244005b7,For you videos sometimes don't change,2
5ba3a6ca-afed-407e-a2ef-68e868a2f6e8,"Ozzy 👊s::: I have lx``|, but",3
a441649e-c0a5-4329-82c7-d1af0748d7c4,The Best,5
ba80a711-b5cf-4ed2-89bd-16982b729fe2,I love tik tok,5
1a3197e1-3cec-4b80-80d6-f0d9f80db7c0,Very good for money,5
cb66fca7-72be-4860-ac07-2f2b25e079f3,𝐻𝑎𝑖𝑑𝑒𝑟,1
dc47f4fc-4938-4a1f-aa3a-c03b5915dcea,1m like,1
e6416172-8a6b-4154-9980-c34740e1370a,llmo?ove,5
8dfe98bd-c956-462f-b6f4-a5c1ec2951b2,Best,5
929ed8cb-1b77-4ad9-a3cb-b4330481b2d8,Reality,5
93d4e0fd-29fa-4801-a883-35ab0738b420,"*Subject:* Issue with uploading video to TikTok *Description:* Hi TikTok Support Team, I'm having trouble uploading a video to my TikTok account. The video meets the platform's requirements (less than 2GB, 15-60 seconds, MP4 or MOV), but I'm still getting an error message. *Details:* - Account username:[ network_of_cartoons ] - Error message: [video couldn't upload the video was saved to your drafts] *Steps taken so far:* - Restarted the app - Checked internet connection - Cleared cache a",5
e1352a16-c2e1-4c86-ad0b-77143ca4b792,Saifullah,5
8efe97f9-ee9e-4130-b2d7-73c79aa82cb6,❤️❤️❤️❤️,5
98adc8fa-9d35-40f2-a1b5-969b517ba31d,Good app,5
35bf0503-e014-48c7-bc1d-10d6a21a987c,Tanveerail,5
57547eb4-81b2-4a47-936c-cf58aa6409ee,I don't know what happened to my phone because anytime I post video it doesn't do and anytime I follow people it doesn't show in my profile,1
5bce3aec-a108-490c-8866-bd579cb4e9b5,"This application is very good, if you haven't downloaded it, you are overwhelmed by many worldly things, so download it",5
10d4a011-3701-420e-84e2-0489f82b4d8d,I like this appppppp,1
cae1bd54-74e7-42f7-a61b-7dfd81e5b24d,Foryou,5
34703361-2b10-4291-a9ae-e467e4b868f8,Great,5
68a822f8-fa78-41cb-96a2-96d5f2f3d084,This app Earning is allow in Pakistan,5
a9e5a036-a756-48fa-b235-5b87f5480328,This app has helped to boost my channel so much thank you TikTok,5
d664c647-9dd7-4e83-948b-e9670644d27d,TuseefSHs,5
6e5e8b7c-4728-4125-8ff8-f22ff434118e,Too much skibidi,2
becf67c0-d9a4-4b03-8d8c-b57db017e56c,Just dont!,1
2b3a87d3-2d60-41b1-9be6-2644311ae1ce,Android dont have tiktok shop,4
1e696384-f7f2-49f7-a24b-da33b0d27b38,very good app but some kind issue i think is going on there bcz my account is totaly freez plz tiktok unfreez my account,5
97f5612d-6b08-4688-bbe1-393d180dda27,Hey!! I can't get add music sticker option !. I have updated the app but still it's not showing!,1
f6de4eac-f290-4144-aa53-53a4c3d8428e,Shebeshxt,3
da103eac-d640-4080-9e68-2bec8e500a73,Very 👍🏻🙂🙂🙂,5
a5371afe-02fd-4ebf-b196-b5a35855f899,My experience is good,5
b2d5a414-5de1-4ec6-a1dc-4af2037b3699,Fav,5
fea2e398-653d-4eda-9459-ddaa7ecdfaa0,Got banned forever for no reason,1
faf11cb8-6b77-41ed-9d64-ac2762194db4,so much hate recently. why? from when js normalized to hate everyone for everything possible? I just open a comment section and already with negative energy.,2
a7678bb0-7118-4ece-adc8-f7a241574868,Best and amazing app 😍🤗,5
1f5aa829-7c42-4177-8419-ee1e7f3eb5f6,Best of the best,5
9a14818f-d149-4782-ba04-86437fd10c01,Good,5
82cf8789-c9cc-4875-a81a-92806c483169,very good app,5
5017131b-4096-48f0-a1d3-c635f061ee4f,"Over the past few days, it's been auto refreshing, which I hate. And showing lives back to back then starts over to where I started after I got out of the stream of lives the first time. Then I have to go through those videos to get to other ones or I have to scroll through all the lives again to get new videos I'm not sure what happend but I hope it's fixed it's highly annoying",2
bb0f476d-fd59-4db5-80ec-5a3dcbbd8440,Dear tiktok team please unban my this important account id name m_kashif _awan,5
073ce928-c45c-4f7d-bff1-08c7a615bbd5,It is a funny website,3
e89bc953-b21e-40fe-95aa-15d593e3134e,Very good 👍,1
cb7abfd9-3fe3-4105-901f-c50c36aff29e,TikTok team viral my account monitiez unbanned my account,5
cb3a0760-20c1-4935-8e24-614970c230e8,Awesome make sure u don't search RIZZY,5
872f29c9-b514-42e6-b196-aac0172fbe72,Nice App,5
52652340-a09d-41ad-aaea-d6aa8aad7824,This app is very good because this app through entertainment some news and store's by us,5
b21e136b-599c-4626-9380-d147086df245,Good app My favorit app only Tiktok,5
ac46ac9d-6b0c-4047-afea-2695a5709d05,Good four,5
0c788d1d-babe-4988-86bc-dff16c021e5e,Good,5
2a468f29-cc6e-4229-b4f6-a12df9e1c418,Love it. Makes my life more enjoyable.,5
a50419ee-c55d-4a46-8355-879eb595d4a4,It's a boring app. Needs more funny people and scits and less adds. The shop is insanely too much. Tic toc should make the shop separate from all the videos.,1
85a8f92d-aebf-45ea-b812-92a18141e760,"I don't want tiktok on my phone. I'm tired of all the advertisements. Some of the content is unappropriate. I will find a way to block you. I shouldn't have to receive stuff from tiktok, especially when I choose to have nothing to do with them.",1
7b7330c8-bc70-4380-aa22-2d7579697d62,is so sweet,5
58634224-bbc2-40b6-ad0b-fc6ffbfea2c1,Great,3
3279fda6-57a0-4595-af7b-67b8a308d149,"Been waiting two months for a video appeal to be reviewed with zero updates. No way to check in on the process. Support is a bot that vomits unrelated canned replies. It is impossible to reach a real person for assistance. I know how to read a FAQ. If it could answer my question, I wouldn't be reaching out to support.",1
de35bc13-85fe-40eb-9a2f-c90bef8c6d4c,Mashid Ahmad,1
ebb97cd1-84ac-439c-8539-7e2d2dab6512,Please support me viral 🥺 my account please,5
6877404b-ecfa-468c-9cd4-ba58a4fe4600,App not update,5
5e88d3c7-2ee4-4ae1-92c4-273f27a942b5,Nice work,5
5d7d2918-1d73-4767-bb8b-e118ccdf695b,Good app good used no bad video no add,5
9aec04ae-6e64-4157-9ad4-0582a2bfb6bf,It is bad I am banning tiktok and a will flag tiktok and ban them,1
6c8dd041-274f-4ee8-9435-c54d8e52d912,"Bans comments for little to no reason, incredibly terrible application",1
72e1875d-394a-4d7d-9f2f-cb54523de936,@Dillshad 112,5
725e7e20-41a4-4607-a46e-50fb1497bd07,Good app,3
b1278962-19d1-4432-a114-65ec77c4708d,Like increase,5
73d750c6-65d0-4108-9fda-ed6198488284,Rana Masamrana,1
b5719975-762f-4fb4-81db-572ef760137a,"Can't log in. Can't sign up for a new account. Can't do anything except look at the login screen. Yawn... boring! What's the point? Do better, TikTok. I'm not just going to let you steal all my data without at least providing me with some content to view.",1
ca9e8b34-fc0b-4d0a-84bd-04effe63d406,Good App otp,5
a1cb0e4f-8527-4532-9400-2d542876569a,Good work,5
b62ca18c-e0ad-463d-a721-6a8636c8bd72,Not letting me sign up and telling 24 is not eligible for it,1
0517df3b-78a7-408c-ae9c-6128bbab9b4d,Umariinasiro,5
0f3ac975-cbf8-49b5-8616-38be7f691257,Good story,5
270407f1-5241-457d-bcc0-fc4de71105de,Nice,5
49e3c166-76f7-4970-bb2e-ed17da8e16b5,Bawooooo a MASOOD,1
dcc1c195-020b-4163-a940-57318f553611,Bright full app,5
095b5db6-20c7-4f7f-bf18-93ba802e73da,Wow,5
8bbd95a6-5f2e-4bd5-8819-066574c2dfa3,Not viral,1
dfc2e866-acf7-482e-8750-1a4aed15cf22,Free followars,5
da30de96-9991-422b-9596-8d90a58f204d,For you,5
ea214e10-d77b-4eaa-81d7-0f57385d0d8f,For you Aurangzebkhan2233,3
0f476377-a8fc-420b-a554-891576272804,"I have been using tiktok for a while and it has been more than great but just recently every single video has either ""creator has limited comments"" or ""comments have been turned off"" and it is extremely frustrating and the thing is, is that im not the only person having this problem. Fix this, and the app will be amazing again!",3
010af6d3-1196-40b8-bb13-c6de31d4572d,Nice,5
0a78577f-85c8-4900-b6a0-d850e8f86e96,TikTok Lite will crose TikTok🥳,1
3c1c7dd3-4af5-4ac7-b99f-ff3240af2710,Good app,5
99ee55a8-5dd4-4ac9-9d5e-533ac40da8c1,Worst app ever. Fact checkers decide if you're authentic or not. It is a joke.,1
89ce39d3-9ed4-4006-a863-49c95fbe1d43,Good.,5
179fb4c9-2a06-427f-84c9-9b0cc02be841,Nice 👍,5
881076a1-e9a6-4af4-a70a-c9620c7c751d,I like it but I don't like it,4
bf3bcdab-93f6-4826-b6f3-3ba65710271b,"Done everything to fix my fyp. Nothing works. Seeing everything from Russia, Asia, and the Middle East. Lost all my English pages. Can click not interested, and the next video is the same one I just said I wasn't interested in. Cleared my cache, deleted and re installed, and changed language. Reset my fyp nothing works.",2
015febe6-4822-4f61-84c2-72cffcacc661,The best,5
85dd3f83-3454-4a73-8693-56ece4b38aae,"I cant make transitions any more, I can only recored once",3
40ba39ed-8813-483a-8980-f4c76b0f8fe5,Nice,4
f60d8e06-65ad-4347-896b-559d6b48e908,please like rka g please follow up please foryoupage please,5
68b86ef1-c6e2-4f4d-8380-f697dc73b5dd,I like tiktok very good app very funny video but how we viral my video,4
b65d4284-eee3-46dc-921a-db283a66700f,I love it 😍💗,5
fe912d48-afe5-4f2e-8dcc-3c5e1c42a7ad,"Dx N ourselves renewed db han mcnb, nxndbfbfbbcbdbcbbr",4
bb647966-2b07-412e-af56-947103bc8b42,"Since when I started using this app, I have gained the experience of happiness cause it's enjoyeble",5
ab56d5e7-a502-4975-96f5-8f46697590ae,Godd,5
2d015176-f909-47c9-b610-215ea14293a3,Tiktok constantly reviews and approves HATE SPEECH and violent threats. This app is full of them.,1
3fac3b17-e10c-41b1-9e44-56dbbfc81bdb,I love it,5
4e5b3709-dda1-448f-b496-2922ce994aee,TikTok good app for intatement,5
3721fb68-1648-4e2b-a399-3041dc8945b3,Good,5
5d330507-674c-4650-855b-6b9bd45e8a14,Linked videos don't open the app directly. Done with this bug,1
dad86d4d-7f10-48e0-97a3-a589206f4d71,It takes up alot of data and it has also alot of pay to win but otherwise is a very good game,4
a14f09cd-33cc-4dfd-a019-b00fe2b68e62,Very good,1
b9f292b1-5779-4d7f-b733-818e8e38ff6b,፥፦,5
5a648aa7-a539-4363-9f3a-a043a77cf315,Nice work,5
951d4ab1-eea9-4043-887a-2b1f0d067c9a,I have liked it from the first time I downloaded it cool app.It gives the world a peek of all the cool different talents.Thank you TikTok,5
4ecec292-9c05-4e63-a896-478332a8459d,Good app,5
e773260a-97f7-4ee8-ae31-8469c971bd20,Plz saport me tiktok app not working plzz,5
e5aee485-fa5c-4b5c-95b1-aee640934f1a,Good app,5
b0436f5e-f100-492d-a9a5-ab820de36ba4,Gujjar g,5
de3492e7-cf71-48da-a74e-375c6ca9b05d,I have a think a glitch where it dosnt show comments on every tiktok i see on my fyp. Can someone tell me if i can fix it?,1
533086ca-877b-48cd-b460-177cca0abd11,good,3
e595bfbd-4a37-4d77-99f9-df28f002319a,Good,5
c761d92a-9e1e-4e26-bba1-6412f2b1f6ce,Zenebe,5
8707657b-dc85-490d-a72f-bc6c9d11527d,where are my old liked videos from 2020?,2
61c7ee18-6869-491b-8969-25f5e26613ec,Good 👍,5
31d3a98f-4da6-43c6-b1ed-1f42f56cb506,Very bad application is TikTok people any work Child don't go-to school due to TikTok this is very unlike application,5
ea3499df-6e4e-4a8a-9764-8ef4967eb79a,Good app,5
f6afbc00-c5b7-4f24-81a2-12ebd7493200,Just good for relaxing in bed,5
a1fbef28-eefb-4a95-885c-ae2656f1f68f,VERY VERY,5
dabd0a09-0e4b-4292-b3fa-cb95c4882bfc,I love this app,5
bc3ccaf9-205e-4ef2-9814-042a66076870,Auto playing videos needs to be an option I can disable. My phone told me this app is using too much battery in the background. I only use the app to view videos that are sent to me. You need to make a setting to disable video replay / looping. That's incredibly annoying.,1
1a20ed7a-e795-4e3f-ad68-cd8950c43369,I cant log in bc of the birth,1
5a34c282-805a-4823-85ec-3e2fd6141b2d,How many,5
fe9283ad-d7bc-439b-95c9-b7daaf2d48f3,I post something with blood tiktok takes it down and gives me a warning people post nudes or say something offensive and I report it tiktok says nothings wrong with it and it's okay so why can't I post game clips with blood so stupid,1
5596d1fb-c31e-4060-90ed-699bce8d154d,আল্লাহ,5
d2cbf971-8a18-429a-b944-896dbc627104,TIK TOK SHOP WILL SCAM YOU! I have a few packages I didn't get! They will not help you when you ask a question it will tell you that shop is closed!,1
ef6aaf09-4942-4551-9787-b32579308594,Md ayoub,5
9e7d6ea6-66ff-4ee5-a34e-e17bb7a55c87,@🔥Khan_Zadi🔥:the team of TikTok my videos are not getting views please unfreeze my account❤️❤️,1
138b4af1-795f-4a97-bf00-26dc45dd41d4,I don't like the app because I'm not a fan of social media,1
94200ffa-c5e1-487b-a617-3a670200db97,Tik Tok account are you Zara,1
361e2b7a-029e-45d4-ba9b-988f600492f9,Wow,5
6ef043b6-7d9f-41a3-9454-a1a8c0a4ac48,Plz for you 🙏🙏 please my account 🙏 viral account,5
5f8d34df-0be5-4eaf-aff4-053b4ceabfd8,Fayaz jaan,5
b0d3cd93-be3e-4c30-8af6-69ef1eba636d,I love like the drama meets true crime stuff in it.,5
189de7eb-2e3a-4cee-81d9-d0ad5c741877,Live videos,1
e26c9aab-e676-4521-a25a-204f83c1eaf8,Good,5
5e9e34f0-6232-451d-82d3-50bda0b69a98,Please tiktok team virl me video,1
f6b788cf-bd87-4fb9-85d0-3a38363c0a8e,100 percent good,5
cbdc334a-b365-4ae2-92ea-7b9ac651e20a,Hi dear tiktok l m a new using on tiktok application please cheak my new official account and viral all video on tiktok for you page,5
d874c592-15a5-4c2f-bb06-46ff05c7e7f6,Qamarzaman2381 viral krlo iss account ko,5
296f7ad3-3d7e-4b14-98b3-508d912392ab,Sometimes it take more time to upload something,5
ce3ad704-4bc3-4f33-9221-94f1cc382e4a,World no 1 best app and everest I can't believe how much this app perfect,5
6a887477-2144-4aa6-b64b-c47941296c74,Terrible team i get suspended for from the most minimum thing,1
36e15a43-b205-47b1-8965-75e57e6e1f87,For you trending,1
8f273f32-5c3b-401c-89f7-8e7693a85a00,Mdratan,5
f64192da-06a3-4ea7-8e3a-4aca207b47ed,Good,5
4f0f5182-3f1c-4ae2-85e0-7c04e662f7c8,Tik tok is a good app to dance and be happy,5
e71680e8-af6c-4dab-9269-e1884abdb703,Nice aap but my videos is not virul TikTok please help me video viral support me and my videos is not viral please 😭 problem solf my id @imbilal42,5
415380b5-132e-42fd-a8c3-0ee306b5598c,Super tik tok 😇,5
b56cd4a0-ab8e-49fc-a999-3b6d2c44e57d,Awesome,5
f90e856c-4d8f-4d80-8972-2a5f1beff3d6,Tik Tok Nice App,5
a5d20ba9-50a8-42af-8ca0-d42286c1b31f,Sufyan Khan Don Zhdf Diys Fkv,5
3351f63c-3104-4176-b4fe-782592ce2da3,Very amusing and useful,5
63891dcc-23ed-4c36-aaa3-f84d4008728c,wow amazing program,5
c873ab94-01d8-4c68-96d2-05574d2128ca,My videos are not moving I don't know why 😭😭,1
7aee1e15-a1ba-4674-a8c8-ae909b5f51c0,Nice 👍👍👍👍👍👍👍👍,5
7cae91b9-d2d5-4a25-b851-0cb872cd79cf,"No matter what I do or how many times I set my language to english, I get no English videos appear, none of the tags I interact with appear on my fyp all there is is people speaking languages I don't understand or tags I have blocked.",1
2152d860-9757-4e9f-be08-b5c8235c9e44,Ramazan you me Please Mera video for you me,5
3191a090-f96d-4282-9a7d-00bbf07d98fa,Great,5
80d129d6-a134-481c-abbf-d7cc95ad0539,Good,5
31157d25-7218-45f8-9ef0-e6315f1feeec,Nice,5
4dbd8fa0-85fe-44b1-a3de-6ec14d1ea788,Xelant,5
2d812ab3-6cb4-4436-b870-a9fb6d331bcf,Dear TikTok team please unfreeze my TikTok account,2
8bf0197f-34d9-47d9-afb0-8f9db7f7b0ac,My fy page it's going literally with gross stuff I dint like or anythyng I try the button not interested but its getting worse this is a glitch,1
92c83f67-084a-4ac8-b272-5051b058c81b,Plz for you,5
5784e7dc-04ee-475c-a909-e397cea01ea3,It was great 😭🤑,3
39f6cb77-35c2-467d-90dd-267eacf94bfa,Amazing,4
9235d7d5-4055-419d-b0d9-e588eac26d48,Better hai,1
9f266103-616d-4da3-aed1-503792717065,Very good good video and enjoy full time,5
32d6ad01-19b3-401e-933f-fb6b5f9d95bf,Censorship at highest level,1
9cd73f0e-12fe-4041-be13-678382e6796f,Nice platfrrom,5
ffc5a018-b9d9-4b26-8a8e-f4483ccc53d1,"Beautiful, but there are some problems",3
a04c5ec7-b596-429e-b2b5-492fa810f9de,We using tictok just for mr pattlo live host but everyday your team ban him we don't like this app,1
6cb6cc46-a546-4eb0-9bf3-61be1ba65a12,The best app in the world 🌎,5
f0b1cb88-dea1-4b30-a22b-aa6eefe5727b,💯💯,5
9c991ce9-3dcb-4b74-ae37-5e285d9438a2,I like this app because it makes me happy,5
6c54bef9-995a-4cdd-84c1-ffb317c0cb17,It doesn't L oa D on my phone,1
f0f860fd-55a1-458a-98ec-2e0e258e028b,App does Not open on my device,1
45d2d5a5-7be9-4193-b786-123b4c8901d6,It's very bad,1
7d2016b8-a453-477e-9d89-b1a0ffa59784,So great,5
9f935db2-5e32-42b9-8ecd-4faea6f5a6d1,1M like please 😣I'm poor please please 😭😭 I'D meme 🙌Ya Hussain maded✋ please please,5
1a64adad-8523-456c-a436-a94b72dcbdf2,Good,5
ff3a42d6-61df-443c-ada0-e4d4d6f904cf,This is amazing app and thia app is help to a poor people .dear ceo of tik tok i requst to plz help a new tik toker can u give access of four u feed easy ly,5
fb113ff5-4f6b-49ff-9eb9-db3f6d897f28,Like it,5
c7ada93d-ddc5-4f52-891c-35eb3f5580fd,Open slowly!!!! and don't Open!!!!,2
60424fd4-f25c-45e6-9117-67be1d1e69ce,Please do fast,5
2eea50d9-fa68-450d-823d-f809aa87388a,Slow,2
677eeb22-d3d8-45a1-bf0b-12480e67a47e,جامد,5
5fc6ea58-1ade-4863-89b5-829dd40d6fc0,Wonderful,4
1d5031a3-e689-4992-8d93-e54a001486f8,nice apps,5
57510c5b-752c-4f40-b5fc-a926d033c121,Good but make monetization easy Thank you,5
e977a5ee-7d3d-4de7-b077-9b129add946b,Great app,5
8891db63-87be-487b-b372-cf5dc8806f2f,just the best thing to ever use when ur bored,5
2c76a450-db16-43ca-9852-34f8de9b95fd,Yes it's good for enjoyment,5
60089ec6-f789-4d51-a395-eb252f6ee5f2,"I love TikTok , but sometimes when you're watching videos the search of the video when you press it it will show something really bad and 80% it will show you 18+",5
7b8bb1e9-bffa-4792-af58-df7a26d49982,Its shutting down yes Edit sadly nope Edit im in love with tiktok now Edit I'm sorta becoming a sensation Edit over 1800thousand Edit over 2000 now edit The government is tryna shut this app down again sigh Edit PEOPLE ARE SPREADING CP LINKS On certain videos,5
f845a222-0786-4b96-9873-c841837b1d69,It is so enjoyable app how to lose our time we didn't know but that is useable app 🤗🤗,5
d7eeba5d-1909-43e6-b126-232d92fa4fb7,Love u tiktok❤️❤️,5
4f55b87c-97e6-4165-ba0b-92c069f77059,Not helpful,4
4163fc06-6acc-4c6e-beb1-ed52bb5c1b48,Nice app,3
65e0cf4f-e2b0-4f6f-bf7c-a3db4c99e5b8,Good,4
92c83f7d-790b-4388-a073-13a4012dbdb3,Haider AilButt,5
cca763b6-42d0-4bd3-acf9-cedf798c292a,Best aap,5
e9906153-5749-4658-98dd-2bd2acc6c6a2,Iftikhar,1
6cc463c4-b7ec-4a10-95d8-66060653c587,Op app for,5
198ef060-1da2-4007-978a-13cebcd835ba,لجين,5
968f5c2e-9396-4cbb-a8b8-845ce3323f58,"Tiktok is massively taking storage space, Always glitching, taking too long to open and it laggs when watching videos",3
b2a0e861-f7c8-47d2-a7a3-f20269aa037d,عالببلا,5
0813e162-2a0a-4733-bde5-c4409e068253,amr cheter bl,5
b605d4bb-561d-4a40-8c9f-934a8e75fa6d,How are you,1
437b19f5-8360-4c8c-b0ed-9fc90ae5848f,Very nice app and it will take me about an inch of rain 🌧️ you want to come home,5
083b5cc7-eae4-4255-b1ea-bfe4dd556468,Love the throught and reason this app was created just hate how ppl have to ruin gof things or turn good things into bad things!!😠,4
6781d3b5-69dd-4ee6-9209-b297809e18d2,It gave me trauma,1
2d28c29b-1e7c-4e16-acee-1fc60c707eeb,Nice,5
041a60f0-d183-4fd4-ad41-b30f99f66e9b,"Plzzzzzz my account unlock Unlock Your Frozen TikTok Account: Steps to Regain Access Has your TikTok account been frozen, leaving you locked out of your favorite platform for sharing videos and connecting with friends? … UNFREEZE YOUR TIKTOK ACCOUNT APEALREAD MORE",5
1196c7d6-f114-4c32-8cd7-f9ab15717b95,Hello TikTok team My account anferza. Video viral,1
cef711a8-add3-4b58-81b5-5fcaf5bf0aba,alat khan,3
774aaad0-1772-404e-aaed-6c79a47b6b02,Do not installing app,1
e785bd88-a7a9-480d-aac7-2913fc6752ab,My best TikTok bohat he para or acha video TikTok if,5
7bf4c7db-e15e-4299-abfd-914807629fbe,Good,5
5746015e-be54-4e2c-b6f1-1a7dc8dd7b97,Just awful,1
7d0ed6d3-b414-438f-ba79-5ee18f88308d,Tiktoksort,5
46ef0763-d8c9-4dd6-a279-a903e9eaa9fb,Good,3
e3415f09-96ec-49f6-bd3e-1e55eacd1053,Hqppe,5
8bf962a4-2bb3-4019-bdad-10050987d15f,😥😥😥😥😥😥😥😥😥😥😥💚😘💟💚💚💚. 💚💚💚. . . . 💚💚💚. . . . 💚💚💚💚💟💟💚💚💚 . 💚💚. . 💚 💚💚💚💚💚💚💚💚💚💚😍 ❤😊@1. 😇,2
ed996703-ac06-4f46-8c39-1f937eea8ec5,Zameer ahmed pitafi,5
86fc3bbd-3a3c-4c5b-b94d-7528a4421478,Nice 🙂,5
7e29821c-7cf9-4cf4-9f73-c60770bbd45b,It’s wow,5
f3f6179f-33eb-4129-9ed7-7c96c638bdaf,Love it and it's alot of fun plus easy to use!,5
3f57ee9f-bf10-4405-97e4-a339eb829901,Roben,5
fbe24199-9472-416f-9433-a2a82b991659,Nice 👍 app,5
00bfae93-6e76-4df6-ae60-6c4e8a433761,Yes N,5
35f7f315-d3dc-4333-8f06-fe2e7cc9ebbf,Good,5
382e7f4b-1c97-4b44-8595-80560a2cbe32,beautiful,5
49020c0b-d19a-4568-88cb-22a8803c4318,Adeela,5
dca0dea5-3a7b-4a2b-a0dc-2232654e7b66,নাম শুভ,5
64997da0-dbd9-47fd-9cce-6dfb0b3d3869,Love it,5
956553b1-a1b3-40d4-8b48-c3188dbcf913,God apps,5
6d60b896-228a-4d6e-9611-0b4b71902b97,open my mobile tiktok App,5
509f15e8-cc20-4532-9835-b0c71ec7b0fd,Nice,5
a238ac2a-0c03-4eff-a2f9-d8e813095f0e,Thank you TikTok,5
deb18db1-289a-44a2-86f2-3c17cc24b382,It has to much ads but other than that it's good,3
723ab116-edc8-4609-aa87-aa1d47ee4d9d,"Сжимает текст и теперь нельзя нормально редактировать видео, когда пофиксят поставлю 5 звёзд",3
58982bc4-66d0-459f-ab76-5ccc08735f78,It is the best app ever to go viral,5
d65d9e74-7b84-430c-9196-a26838095b1a,Md.Lisan 07,5
df65a65d-07e5-4c94-a12d-439ea86e4f03,It's very good app,1
76753871-250a-4087-a3b1-160044fc1e91,This app is so amazing!,5
6782517b-5d58-4674-a7a6-0b98ea612989,Support me to tik tok,5
7ab3c8ca-a4c5-48b9-a5c4-11ea8ec8481d,I am popular because of TikTok everyone wants to take pictures with me and they want my signature on their autographs😊💐,5
cdabffff-1c19-4f3f-bf6b-022bfac31a58,Good,5
e55e58fb-5c56-45b6-821e-57464783ad31,"So discusting using holy Quran as remix in app to dance on ,app moderators should do something about that...there is a sound in the app which is using words of Quran as remix ( as a song in another expression ). That is not acceptable at all?!!",1
38a86d9d-0da5-497d-985b-b95888b47b28,Is fun to watch,5
4347e551-644b-4723-8204-6b6194d5d2ae,Way not vairal my video,5
d108f26f-b4d8-4fb9-94a7-73576b456ee1,This app is very best but my follower is very low,5
b8fa2630-0958-446f-ac66-57036f8dc4cb,Very bad,5
e973427a-e77a-4233-9548-91bb29554bb9,Bull,2
927ffb7d-f613-48b8-8d4f-4d5966e9c09f,Thanks TikTok,5
b3d79ee0-0278-4f78-974a-dcece2f653d5,Enjoying,4
91faceaa-27c7-4793-82f2-401c4de64e42,Very good,4
6b7980c3-4561-4243-b5f7-3a1cdd8eb1d4,Fazol bilkol fazol,1
b9368048-ce56-4d8e-a64c-35ebd8196ab4,"Everything has like 2 views and/or zero comments, it's just random video that do not match my normal for you, it was fine a couple of days ago, I don't know what happened",1
61a55595-6d25-4b8b-9da6-205046b5be00,Leave the Greens behind Syria,4
869a6f2f-d751-4a46-bcef-0b838054f563,Nice app,1
17baec24-07d3-4c68-a466-45af6faf8e5c,"I do not even have this app, and somehow it keeps trying to charge me. 07 cents and . 99 cents. Every day at 3 am and 9 pm. Why in the actual f are you trying to charge me I don't even have your app. .",1
5fcb7b54-d048-4e38-b0ef-ea0055e9f5b9,Won't play from Facebook messenger,1
6c452cd5-fec7-4681-9f6a-54b95093e98e,Nice this app,1
08d99756-6229-41db-b733-b54bc6c11b45,lamiya,5
6c32b5a1-6167-4205-a51b-728e1297145a,রিফা মনি,2
2621383c-a6eb-44b4-8557-2d64052252e3,Bad,1
6ae20a5e-b01e-4e04-ac5a-d40ae515acb0,Good app,5
87cdf042-edbc-4fa7-bd60-97fa2bf6c06c,I love tiktok it's a great place to meet all kinds of talented beautiful and connect...,5
0ac3552f-43e1-4c0b-9def-ba8031db7cd4,বা্‌কটোচ্াজচচহহতসসকহাাতগহচজহতাাগগকাবিটচহককাাাাাাাাাাাাহতকসসনসসসসসসসসককককককহজচচচচচচচটপপিিিব্াহততসসননককহাররোোোোোোোোিিিিিিিিিিিিিিিিিিি্াকতসনাককততককককনককজ্ননকহজটববরকক৷ না্ে্াচববাকতকসাননতকা্‌রকম।সসককাকগকাকহককক,5
2db9372b-4bbc-418b-9882-c4ff91bbaf90,Mara account pers freez ha hogya ha har videos par 8 9 views ata ha our 0 likes please mara account ko unfreez our full virla kardo,5
f150b628-2265-4cf1-afc3-ed41bdeb4c65,You add specific Gift for Sri Lanka,5
c99abd05-85e8-4b39-a6b4-2f30769da77d,Love app,4
3ccf8d96-df88-4af7-a8ec-6e3522aac833,Good,5
35dfb483-8145-4cf7-92b4-8c6b96ed9e86,"My app keeps force closing, I've cleared the cache files, restarted my phone and checked for updates. Nothing is working.",1
77996b47-9163-46ee-9023-a9fdc3806ef4,plZz help me for instilastion,5
5a480575-2027-418d-8fe2-ff6fd638e052,:4nj l lolo Ljjjo جفجلچک! L Lo,5
166d03fe-191c-405b-9c92-1e39bcbfc33f,It destroy our life,1
dbc65edd-5723-4dde-831b-634b956374a6,Cookie,3
e1369772-8965-4ab7-abb2-0806afd4889d,Zainali,5
5cf4a554-58f4-4c5b-8298-1a954a7b3c5a,AshrafAli,1
22d8e3a3-46e0-4d1f-893a-83c12c8fe599,Please download TikTok today the bear and put the fog and put it on Wednesday night the jones's the fog and then we can go for a cake for the fog level and put them back in your house in the morning I have a cake for a while now but I'll be home in about an the fog is open to the jones's the jones's the jones's the jones's the bear and put the jones's and put the fog level of a bood the jones's the bear is open and put it on Wednesday night or Friday after the jones's and put them in your room o,5
302ecc69-10e8-4ef8-8387-ad6e269633ef,Sucka,5
59e53718-4d24-419c-9d71-557f45d48437,saney00003 id gfow,5
0c09934d-54f0-45b4-a093-6d2b2903849c,Awesome,5
df18a6a1-af5d-489a-b13c-86cf1f012f48,Up,5
38fbbc53-38f3-45ce-aeb2-79608e838dd9,It's a good app it's funny and interesting,5
26361584-7e4c-48fe-bc52-b67e36529f8b,Good app but no one supports it videos not going to foryou. please support me please. 😭😭😭😭😭😭,4
3edc838d-a4f8-48b9-add6-c972fdbaa58b,NiCe,5
8d4ad386-4e43-4fba-a381-c7d9430422b7,I love tiktok geart app ma 1year sue karh0 i liketiktok,3
f7a29958-41cd-48f0-ba94-3575a36c1a50,شكرا لكم,5
3130aedf-d544-4cd8-acc3-d3df6a9d452a,Nice,5
c75c8b18-f6f8-4151-bbcb-81b27a3c725c,Nice app,1
c8de3106-a5bb-48a1-ab7f-c2cab5113f1b,Good,5
6e66ab0d-b885-4dd1-99b3-591de0d7881a,Go,5
d6dc0f7b-9891-4dc4-b25f-942407ea2d71,Hi hi hi hi hi i,5
e9b5b1dd-6468-41b6-8d1d-f3b3d4faec91,Good,5
44e3de5e-8779-4bb8-bb97-317b0b99f26a,স্কেCONTAINEDw,1
81251a4f-3097-4908-a548-9dc8c4cea970,It blocks the people that I'm already friends with hear me when I'm trying to get my code I don't get them then I can't use my contacts to call nobody I said please help,4
c3ee7554-537b-4a2d-b43d-9eb175efbb2d,nice App,5
ce5a0108-0767-416f-823f-63554197d4e1,Ratethisapp,3
204dc1fe-17c5-4591-a240-b302af853f21,FARYOU,2
c103f69c-fa7d-484f-b0e9-967decddb208,Op,5
ce2d9662-b6ad-4354-86b4-897d4e300f22,Nice,5
678f778b-99b4-4b00-b135-8316f7363d26,Nice,5
de644bb1-aa01-43db-b63a-b411870e6581,معفنين,5
2e0c97a7-600d-40f4-ba75-c741987610d9,I am new using ticktok plz viral my vedios on tictok foryoupage,5
1ed1eba4-e1e6-454b-9708-6d6ce3b16f9e,🫀❤️‍🔥,1
b94d5eec-a468-4520-874b-45ca34dcf423,😂,5
47672ec5-6f9c-4bd1-acbc-dcc1ed86ee2b,"Sometimes when there is picture on my fyp, cant long tap. Menu with not interested button not appear. Observed for last week or 2",2
534dee3e-d5bc-4d58-b7e7-1c539a4647a0,TikTok is best app 🖤,5
d5ef4f42-f3a3-46f6-9354-27a355cd92b8,Heiai,5
31b5232a-907f-41d0-b073-cf330d50a63c,Hello Tiktok Team! A warning is coming to my account i am sorry for my mistake. At first i did not understand the rules. I hope Such mistake will not happen Again. Please review my account and help me?,1
5e5ccf52-5f2d-4478-9eb9-0e4ff448caf2,Good 👍🏻,5
a62a4b64-6ad3-4fa7-8c80-2d5037735f4c,Update my tiktok id,5
5004e19b-81b0-468a-906f-bf1cd6767dc9,I love it,5
2ab5ce86-050d-450c-923a-8c3b65d6b2f9,good,4
3820eb5b-09e6-4580-abce-30d427592473,Cool app,5
972ec9e2-090a-4fba-86b3-ef446bbea65c,I love app,1
af2314c3-abbc-43a6-99f3-4ee94915620f,Tells u u have to be 13 and above and I'm 16 and it's blocked my account for no reason this is a joke,1
0e8477eb-e976-4b90-b0a4-76b53e517f3d,A very good and impressive app but has some issues 5/5 tho,5
5f66f2e9-ec16-4ac5-ad54-2cdfd4413f88,I love tiktok,5
d6899bc7-0e3f-4489-81f3-4a73e82239e9,Helooo dear tiktok my account is freeze Views is not coming my video my net followers is 400 up and Daily my followers is decrease please unfreeze my account I love tiktok please quickly unfreeze my account Thank you soo much Tiktok account. Hamdanfitness1,5
d7d9d234-3f42-4f73-8980-eb4c5cdf72ef,Jan,5
16c3c012-bc40-4d94-bade-c8bb2d16171c,Yared misgalnaw,5
769c1798-67d1-47fa-abee-f80c665468fe,nice❤️❤️,1
fda6f399-578e-49ee-9bcc-12e1aafb5341,يفترض بهذا ان لا احد يستعمله,1
bce1ece2-334e-489d-8899-faedf185b005,Good app good experience,5
d4ae38a7-9f95-4e51-98fd-a0fab2229272,GOOD TIKTOK IN THE WORLD,1
73b4700c-7962-4067-acde-f7c71ed86eab,Live option agree karo,5
086db409-2735-4b0f-b840-735c0a37d546,جلميل لجدا,5
df9c7029-e82e-473d-a7c1-3194c0bca32a,🥰🥰🥰🥰,5
a45d1cb7-4015-476b-a516-362430c5ddd3,ليس هناك حرية تعبير There is no freedom of expression,1
f8ccf6ae-8765-4d05-9452-11c8d3eb9805,It's a great app 👍😁,2
5faf01d9-151d-4b23-bf7a-ca638252fa32,وااااااو راإع جدن,5
f74b0030-f3b0-479f-b0a2-a8c24d56d0ca,Good,5
971fb941-e51a-4e38-8c53-5f9d6f2acd24,𝚆𝚘𝚛𝚜𝚝 𝚊𝚙𝚙 𝚎𝚟𝚎𝚛 𝚗𝚒𝚐𝚐𝚊𝚜,1
55c9fcb5-8f48-4ad8-b0a9-6f20ec4b697d,Unban Mr patlo leaderoftiktok,1
77ba67a3-d6c8-4943-92c5-e8dfd7fd4162,Unable to follow some content creator that I like. Everytime press follow it return to zero. Tried all the steps listed to troubleshoot this issue but did not work.,2
72738e03-064d-4b84-ae89-d8548b58df90,Kaieem,4
74485c7a-f1cf-4755-91a3-660156656d28,Good,5
397b2883-3805-437b-baf1-b9c57eeb4489,You have a great day 😁😁😁😁😁😁😁😁😁 you want me to do it was a Rahi hai sir I will be there in about 😉 to 21 to Nahin Mano a Mano a Mano a Mano a Mano a Mano a Mano a Mano a Mano a Mano a Mano a Mano a Mano a Mano a Mano a Mano a Mano a Mano ga Raha to Nahin Mano a Mano ga Raha hai sir I will be there in about 😉 to 21 to Nahin Mano a Mano a Mano a jao it was a good time for rent to ty Dolla sign up turn on your way home early so I can do tyrutyt you utter to get you papa John's pizza 🍕🍕,5
ea587050-e60a-47d6-a355-e2262c4c9032,Good,5
100ec37e-ed05-4425-8785-a04ac2a923af,I feel how much this tiktok app is so excited 😍😍😍😍😂😘,5
e60d5a64-7b40-481e-a0b8-c537f88bc696,No sastar,1
db842a72-d4c6-4e10-9960-771eab7b7510,Good 👍♥️,5
7c694d75-3974-4ef2-bc7a-47348dfe7f76,Very good 👍 app,5
701675db-8a34-4634-91db-bdd5bd7f3648,it is so good and could talk to my friends and it is so useful and watch videos that is very intresting,5
ea21d722-390f-4a02-964c-d41896ddd359,Please TikTok update,5
977d3d5d-5fae-47e2-8ff7-aced7ec7d392,I like the short videos that have endings and long stories with endings I like to laugh.,5
f64b92e3-48af-4574-acdb-ccb42f3e2b78,More than others,5
b6ded9f7-f917-4ab4-a124-2d3acceab22d,TikTok is best app,5
4f3aaf88-5fb7-424f-a183-04377f70d20e,They banned me for absolutely no reason,1
fc76e0ca-4605-4009-9e3b-43e2f64fcba5,❤️❤️❤️,1
cb453ede-3f29-4403-968d-bc531459d7a8,🥰😍😍😍,5
1e0cd753-3343-48e8-b638-718c364a0895,I love this app❤️💙,5
2a346112-f407-4a8e-a566-6fd5de09386f,"Really disappointed with the TikTok app lately. It's been extremely slow and laggy, making it frustrating to use. Some filters don't work at all, and the music feature on some songs are often unavailable. The app frequently freezes and shows ""not responding"" errors. I've tried restarting and updating, but the issues persist. Please fix these bugs and improve performance.I want to enjoy using TikTok again.",2
d24ec2dd-4b10-4332-8a69-459418967c3d,Its so beutyfull app,5
2dbb950c-c7c5-4cef-b615-c1ed9cb40a25,I cannot even choose my sounds from favourite bcs of a bug that says that you don't have any sounds favourite,1
6228033b-83b1-4954-9c17-94140b207691,I 💕 love tik tok,5
041486a6-9dec-4849-a36e-7d50a4a10ce3,Nice,5
aebb189b-2179-4b36-b45f-eb5c655131fa,For news and fun on social media,5
7b9405c5-52f9-4403-989f-94863313bcd5,Via ar kasa,4
3cf988c7-6563-407c-9051-873528ea3e7d,Najib,4
1bdff7e7-4d26-4039-b6a8-6ff0db787542,Nice 👍,4
cf053d7c-df57-448b-8c89-b9f1568f41cd,This is a good app .l am used is app .l like this app . thank you...,5
9519fa3f-816d-4192-9066-629c076e5c30,nice,5
e34e030b-7497-49bb-a7e9-f6193e4c16e6,Good app,5
33d32d53-1e2a-4c60-b9ed-a86fc8abe016,NICE TIK TOK,4
abd9931b-693a-41c6-9f9c-b1d3a451a064,Wow,5
565f466f-7f58-4510-aecd-d234b9505df7,যাসট ওয়াও,1
2d7e40a0-64e7-452f-bfb3-a205b97c2465,Nice app,5
54d8f857-683b-46b3-b782-7fa29c8d5992,Have 5817 followers but views are not coming please check my account and solve this problem assoon as possible Uesr name imran_khushabi Dear TikTok team,5
8808a814-a867-4239-a10b-0f98b1f44c2f,I love 💕💕💕💕 TikTok but my videos is don't viral,5
4e19913d-e017-4f76-93b7-cadc44fc2840,Hello Tik Tok Team I have been working hard on TikTok some time and have been posting very good videos. Please check my account and unfreeze thanks Tik Tok user name .beautiful.hubb,2
38650c83-9498-40f3-86cc-5f78141a268d,"entertaining, inciting, news worthy.",5
35ba0ccb-ad28-4b16-9675-495453ed18ba,Good,5
80c765b9-ac30-4152-88d0-41acca139a8a,Nice,5
b476faa4-ef35-4b78-9e44-f1c58f81e8e6,Top,1
8c256e3e-1ff0-4e2b-baf1-cd2af76752d8,I think tik Tok should give us 1 GB for once in a while,5
c399b5cf-d10b-4120-b4f4-24e53e250de8,I think 🤔 this a good App,5
0d808280-0ebf-4bf4-be8f-ce1ba40ca9f8,Please my account is freez plz unfreez the account,1
b828d961-8293-4d82-bb36-40fdd0b2104a,আস্তির মোটেও ভালো না,5
6ffbb209-3d2c-40b0-89eb-ec8e97f2ce85,Hello Tik Tok team I have been working hard on Tik Tok for quite some time and I have been positing very good videos. Please check my account and unfreez thanks Tiktok Username(danishgar) My Gmail (abbasdanishgar,5
7ae1fda6-c505-458e-bce2-5717759cd252,Nice app,5
428225ac-322a-488d-896a-61bc562a9a0c,আমার সুনার বাংলা,5
b07f027a-21c5-46ac-b176-e497360581ff,Follow for you like view,5
21902988-0d4d-4e1a-8d5a-01508ed7faae,This is very excited 😊,5
2a87bae2-8df5-48db-befe-845ba3a45714,"the app is going crazy for the past few weeks. multiple videos alternating repeat as I scroll, sometimes unable to use swipe back gestures, moving on to a video and hearing audio from previous videos, long press omnit working on some videos and some other odd stuff",3
a0cc8457-82c5-4c6c-9422-ab04215654c4,Abdinuurilyaas,5
f1c5100b-cc0e-4449-b71c-5938f2104c55,Reports ll ma ya buu favourite ll ma ya buu,5
9377b91c-98db-491e-a0b0-84746fccc32c,Good,1
9d5e92d6-f0fa-4bd2-af3d-11803bf3cbf7,Fine and best app,5
1465a8e5-ae33-491a-b57d-bf1b136ad776,رومان,5
4a5e42a6-0f8d-43d9-a6e2-f5eb0acd7187,Removing accounts without any reason! You take a long time to empower your account and when you wake up it is gone. Disappointed!!!,1
b3f70631-4707-4999-a4ed-8c701285df00,Nais,5
8df11d28-8fd2-48ab-844b-25a80bb07fc2,Hii all giseb,5
72fffd77-e64f-43ff-9ad1-f03a12b7a0af,"הכי גרוע שיש . האפליקציה מצלמת ומקליטה לבד ברקע, זהירות. גונבת נתונים עולל מספרי אשראי וסיסמאות. זהירות",1
a4675192-f5e0-430f-8462-9ab1eff8f1ea,Good app,2
cae8fad3-cddc-4fcb-bb5a-99ff9f9a96dd,I don't know why I don't get viral on this app however much I've used it for quite long,2
83b3f03d-ae4a-40f4-af27-26d2c1a6ae87,I think this is great,4
22a7d2a6-18ac-4637-9759-ddbc876a3627,Lvoe,5
45f6b1eb-f5ec-47cd-a35f-a7a70652bdbc,awesome,4
97b97402-252c-4e4d-8b71-ac59e8c7ad1f,Hang and slow problem and don't ancrease followers and likes,1
70414fd0-5eeb-49c5-b2af-d5bb25f8931b,"Yes ki 9a aww.""",5
250dfb03-e616-4810-89aa-086e049574e1,Good app,3
112888ed-53fe-44d1-b552-83f8b0c176da,Its cool,5
34c506c2-2c3e-4a77-bcca-b1a8829448fe,Lun,5
3f2e3410-7cb3-4701-83fb-1424ae7f7f47,I need my money back please,2
5f4f688d-b220-4754-a49c-e5da0c6de475,I love this tiktok,5
785ccf13-147b-47fc-8f22-48ea909e179d,Very very amazing app 👌,5
25019b41-218f-443a-92bf-12a31b669d44,Bence çok güzel bir uygulama ama artık siyah mod diğer Androidlere falan geldi IOS lara falanda ama bazı kişilere gelmedi ve ben bunlardan biriyim. Bir de çok emek verdiğimiz video izlenme almayıncada insanin hevesi kaçıyor. Bunun uygulama ile alakasi VAR. Saçma sapan videoları keşfete düşürüyor ve emek olmayan videolarıda.,1
e3d7e267-30ee-41ab-ba41-2b100f3cfb8e,Good 👍,5
9b142f32-2189-4e6f-bd0f-8f0707895f34,Already have it downloaded and whenever I click on a video to watch it ask me to download the app...... I've already got it downloaded!!!!,1
7e965361-a9b7-495d-8857-8f1b724c30f3,Faus Ads dsggsf Vagabsn Aggahah Hshshsh Gsgsggs Hshhhs Hahshsjsjnsj Daraysyystw few Gac as fzhsjshhs Shhsh Nznsnnz Jzkxknk Shshhs Sjjsjjdjsj,5
0e55b0bd-2094-47ab-b901-0412e00a33f4,Kinda gay,1
63f18dea-0035-4bac-bee5-4778ca0e2c07,Wow,5
b751dd45-033c-4114-ab0c-c04822ac850d,Hello dear TikTok team my profile surpassed 18k follower but I have follower and auto like what’s why my account was freeze please review my solved problem as well as possible thank you please 🙏🏻🙏🏻🙏🏻🙏🏻🙏🏻🙏🏻🙏🏻🙏🏻🙏🏻🙏🏻🙏🏻🙏🏻🙏🏻🙏🏻,1
5b61386a-e2f7-4976-ace9-a41ba9c8fad2,🎧,1
265e7c15-6e9d-4aa7-861d-3963737aedb3,Good app,5
9d1c134f-0e16-4d5d-b623-610aea8fa81d,I like TikTok app because he is very brilliant app,5
43db301b-95c8-4e9b-bb3c-c9b1762cd4b9,Dear TikTok I real like this app is legit platform to make money and withdrawal daily I real review this to you now please let my TikTok account to go viral FYP and I have read the terms of service and Community Guidelines I understand the rules and I can't go again that community Guidelines please help me solve this problem by let's my video to go viral page viewers this my username name on TikTok Adeoye__1 please help me solve this ok Thanks you 🙏,5
7cf99cf5-9a6b-4942-8183-e395c5654ed3,ANSRI,5
13926ef1-f0c3-4855-8ea3-805d43890c2b,Good experience,5
ce014685-157f-4604-9307-d5160d015dc9,This is the best app i have ever seen in covid it is the most helpful app because we all are free and we have the best app to see our friends and family videos,5
6748998a-4114-498b-9a0b-445c8431e38e,Every one I want to say that this is an amazing app I like it infact every one like it and love it 😉😉😉😉,5
668a6b21-1dba-445b-a041-49104395b629,Zahid Mahar,5
68977bca-bc9e-4a97-9688-40990d6e3783,It waz slow on downloding,5
3d7f5397-1821-4eaf-8472-795a22e98197,Most app,5
04a2b61d-91ea-4679-8d88-b6d6ef09112f,JOP,5
8767ae22-aab5-4a35-86ec-1eb52cadadc7,Good,4
f96ecfea-1141-46b0-ab71-2ef32e1f9805,ঊফ,5
74c22ff8-4e3a-41dc-8fab-0554ea31f161,Interesting,3
f145ed13-e5ab-4d5e-9c72-e081889360b2,It's hanging or I can say glitching,1
ca3435a7-dba0-40ac-a49b-e2fc60d9a799,Fantastic app,5
9533df6e-70d3-4f79-81d0-8815d942ada1,Very good,5
b0189fc1-7754-4877-b5af-26bc815e8e26,Good,3
abd85799-ed12-4445-9493-8945566120d7,👌👌👌,5
5ebbcfa4-64a4-4e1d-b096-23fcd4d76d94,😿😿,1
c0679d38-7508-40ab-9827-47320449f701,Waseemrind,5
ab293e42-a5bd-4fe6-872b-321cdde1f452,❤❤❤❤,5
0c8c6287-95d3-484d-918b-e675bf5cbb1d,i like,5
8e90fd56-8d94-46c5-aaf3-f8d20b15d620,cool,5
bd1fde58-5aa4-4099-bf65-bdbea659a39f,Nice app😍😍,5
d0827c1e-6a60-4a10-9fb9-aebb7f385d84,"Tik Tok also deletes simple videos and brings up a warning, this problem occurs on every ID. Tik Tok team please don't do this. Please don't hate Balochistan. If I give a video of Balochistan, that too gets deleted. And this happens only in Pakistan",1
31fbc090-2356-4613-a2ba-d1b8114e3346,Goodlucktomorrow,5
11b5b9d2-d588-48e2-92f9-ab5cac1f918d,"Very much good social media,but make it for us to download the actual song..",5
88a2295f-f338-43e6-81e5-ae185faeac95,Very good app 😊,5
334f36a1-1f94-4473-8638-4a8782426de3,I Tiktok like💗💗,5
4cfb3f63-d762-4c26-81e9-4629f6e960a1,Nice apps,5
98152c17-5fe9-483c-9628-ac30344f9889,Good app,5
2999b470-dcc9-4d75-999d-d3b26ba44468,I'm so happy with my new device actually I have a lot of fun with the nice apps which I had installed in my new device and I love them more.,5
dca91f62-fcb9-4676-9765-b7576992cbcf,Very good App,5
8aec1067-8fed-40bd-a50c-2d580098d8ab,I give this a four because of the time I spent on here,4
fb0afa6a-3b9a-4075-a1cd-19c259e91410,Not good why this sowly work,3
6c3e5a6b-c5d3-48b1-90ca-ffa7602bc6ba,Plzzz support me my id @itx_asim_mughal_420,5
885ae6ee-9138-4f55-babd-8dafd6e3f8b5,Cool app,5
78f178c5-dc9f-49b6-94c2-02024ffb1471,"The app is a memory hog. It doesn't cycle out the memory from old posts as you go. I use my web browser for viewing Tiktok for that very reason. In less than one day, 2gb gets easily eaten up.",2
27a8856a-5d1a-48c4-955d-4d665d5e5448,It is good very very very very very very very very very very very good.,5
40c66a6d-d548-47f3-a790-cb1e41a03eb0,Tik Tok has given me the best time,5
53533b34-d3c6-4f18-aae6-2c06766fa016,muskan,5
adfb03fa-2bcd-402f-9ebb-30271af6a9c4,Humanity is lesser for this concept.,1
a45129ec-77a1-4fc9-9d22-9088e4a3601f,Good web site TikTok Team,5
9d030144-5daf-49d1-a4a7-45815bdf2b79,Sidhu Sidhu Moose wala Jatt Tera Dil Da Ni mada,5
16b1e70c-9d8f-4e07-a2a7-14d13c76594d,This is app very Good I enjoy this app tummaro,1
83eee6cf-f859-4568-8fdd-28e256656d20,Nice app with entertainment,5
427ea9ab-58dc-4376-82b1-ad9dd6e39c5f,Life,5
55ba216d-6767-48d0-a0a4-e9859d654e8c,Wow it is super cool ..☺,5
d1cd33f3-5ce3-424e-b67e-fd5c2eb172c8,Good 😊😊👍 and TikTok😍,1
c189c097-65ae-46f4-96cc-a4e2128d6694,BEST APP,5
6a82182e-e020-46c9-8566-5125b1929005,TikTok my favorite app,5
82888930-44bf-49d2-a66d-6796997c1803,The app is so good and their app is Viral in Bangladesh anyone have Tik Tok in their mobile and that have a more of entertainment videos and me to one of them,5
0bb1ad48-0049-4ec0-a4ba-cb21f2660a22,It's tiktok. No need to describe.,2
912eb4a1-3987-4d83-bf79-920a249ce803,Faryou pages and trending🔥🔥🔥🔥🔥🔥,5
9bc698e1-3e43-4d3d-a9bf-7dbf5ab77999,Good 🌃,5
46d257d2-9e10-4564-bb8a-91d83e68a9bf,"I dont know what happened to my tiktok account whenever i upload a video,i only hear the sound but the video its self is not seen i just view darkness ,i dont know the cause,please help me",1
f5d2fce9-950a-46e7-938b-94d0811e25b3,Why my tiktok is crash every time,5
5095e971-7a59-42ad-bf80-956a6cca6856,Wow,5
4a7a4c5f-630d-4559-9449-b08134285751,Good,4
14d27896-dd1c-4816-abb6-a1efb4a7d34a,Adapts the content to the style that you like very well,3
b71eb8a8-17cf-4344-8966-71e3d7eb9ca3,i beleive that the app isn't pushing its rules upon its users therefore many times i would be jumped by a clip that is violating your rules yet even after reporting nothing much was done i hope you look more into this and fix the problem or at least put the rating as not for kids app,1
8d6d55bb-6eb7-4e84-bba8-a13cb600b66e,Hello tik tok team my problem is that when i turn on tik tok it turns on late and when it turns on it turns off automatically it has happened many times and whenever i make a video tik tok Turns off automatically please fix it that's why I'm giving you two stars Well if I talk about my experience Tik Tok is a good app everyone please fix this problem and by the way I have been using Tik Tok for almost two years this has never happened to me before this is the first time this has happened.,2
f8d23ebe-a910-4de0-9da7-4c7a0b301cdd,Very Very good 👍,5
2d2780f3-7750-47ea-8e4a-c35049fed25f,Nice app,5
04083efb-d2a0-4f56-8b81-a6f2001c14ea,چاکە,5
fc775094-d6ae-4d6e-8bf5-f71fec8a2e73,It good,5
4c1c36ab-1c83-4a1a-a0e9-de64d5d06cd8,You can waste your time as long as you can.,4
cdfd8792-adb8-47fa-9fc7-6b117d7ab3c7,Amazing platform,5
89f061ad-ecda-4272-9c7d-865b2c3a320e,Please live TikTok open,5
09cd789c-8826-4eb2-8288-45979cf17156,Rajoot,1
37afc5a8-c424-4cae-8a7c-ae3a07bc3b50,Md Rakib Hasan,5
8ae237fa-e3e9-4b9f-9779-19d1d0fc2297,My TikTok account warning please delete,1
69b6473c-de9a-4720-a465-2c8c3770c2f4,Plz team tik tok help me views and followers and like,5
d99d6928-e17f-4712-bfe2-a028b7b1dd76,Bad things happen in the w but h I,4
ec06aba3-661d-4c25-a1bd-4119498a54b9,View tiktok,5
a2a906d9-dfa3-409b-8925-ae244169fb06,Nice,5
5f208054-83f1-4a66-95e5-15373ffac96f,very bad... drainage more MB .,1
a194732a-1c65-400e-93c7-daebc2687983,দখযবথব,5
3035d86a-bd9d-4bd1-9a78-e53826145eaf,Justin trudeau and liberal ndp government have censored tik tok. They hired influencers to make content for them and you can't block it. It keeps coming and it's complete lies. Like the corrupt government they are . You also can't block report them,1
1befed6e-5ec7-4750-ba74-f93281f8acb7,You know what?! I have been reporting an issue over 5 times. But they haven't fix the issue. I didn't expect it from tiktok.,1
ed8b7168-109b-4d90-890c-4b073bfa79ec,Kindly mary help karo mujy loan zarorat ha 25000 ka,5
55715bcf-6c67-4e4c-9a9b-7a04fd3ec1a0,GooD like,5
a92e6b56-f275-484e-8a3b-e4856416724c,dhetttttttt iskiiiii ma kiiiiiii vhaiiiiii tumbhi chapri banna chahteho kya? tw download karlo ye app👍🏻,1
54f5f409-c52c-46dd-a750-6531cc5964fc,UPDATE: it's fixed so just ignore the review /// Great app and all but just recently my fyp isn't loading on my one account. Is it because I put that account under as a minor? If so this probably one of the stupidest updates ever. PLEASE FIX THIS🙏🙏,5
5ba7f465-969d-45da-bcc2-2668a0c40431,Rate,5
42686238-ac8b-4dba-aa62-ec220ece1e38,some video i don't like but it showed,2
54ac3b8a-f7be-4610-9ce7-2b8d9a62168f,Hello tiktok team.I'm writing this to address an issue with my account. I believe that my account has been freezed. The reason for this seems to be the fact that two years happened during my videos are not been recommended to others in their foryou and explore page. I kindly request your assistance in reviewing my account and resolving this issue.your kind attention would be greatly unfreezemyaccount (roabubakr,1
fdb093f4-fbb7-4b10-a7da-0ad18a074a1c,Lamiya,5
769793e1-e949-4a89-8fc2-8dfee0cc60a4,Hello Tik Tok Team I have been working hard on Tik Tok for quite some time and have been posting very good videos. Please check my account and unfreeze thanks Tiktok Username (dark_princeff),2
6a20c4e6-2db8-4f89-8040-aafa9d252d85,It 's good apps vary nice appI Like this app very much,5
37a34e94-a360-46bc-a62e-213987abe73e,سوپاس,5
5eee9f0e-2d99-46b2-955b-24985dcde8e0,Ahhhh,5
f562713b-96be-4aca-9f38-bfe64248294a,On,5
279aab0d-ecad-471e-8462-553cfd0212bb,Abbas chinioty,1
df43814e-508e-4d10-bfda-79dd7a5068b7,🍸🌹🌹🍸🌹🌹🍸 🌹🌹🌹🌹🌹🌹🌹 🌹🌹🌹🌹🌹🌹🌹 🍸🌹🌹🌹🌹🌹🍸 🍸🍸🌹🌹🌹🍸🍸 🍸🍸🍸🌹🍸🍸🍸 🍸🍸🍸🌹🍸🍸🍸 🍸🎁😊❤☺🎁🍸,5
9560fed6-0233-4634-bf64-eb11a7a17925,Please unfreez my tik tok account i am your bag fan,1
a49ab0dd-8601-4ae9-96ac-189d48f58c5a,ZainZainbaba 😘,1
bd6efe1e-ae95-4e7b-a1c4-4a6bf19ea591,Good,5
061f6b63-6b65-4d75-8323-5b9b6aa94128,It was so nice for weekend 🇳🇵🇳🇵🇳🇵,5
0635d58a-10e5-4491-9f95-b94a06d20c94,Great 😃,5
9651924f-78b4-4dae-ba22-a1cac7dca339,excellent,5
0b0de229-dda8-4e12-80a5-a9a9da81b2cd,Very best tikitok app,5
d604b574-4f2d-4e96-b3ad-a25ae4094f2f,my account have been banned please unbanned my account please but also i cannot open other account 😭,1
b7f0d737-c0f5-4982-b727-a13f8b556e6f,I ❤️ tiktok it's so cool you can do lovely dances and cool tricks you can learn new thing definitely download,5
bce5440f-4076-4a9b-8dfa-8942cbe8a169,Live option nhi aa rha,5
7461091c-77b3-420a-9409-ebcac27aefc9,Nice 👍 app,5
3b0ac0c4-da84-4c0d-931c-989704e9d1c4,Good,5
5fea273f-0104-4db0-a611-b2c0f6c5522c,Plz viral my I'd plz 🙏,5
a38743cb-97a8-461a-aa46-71f006c0f846,Nice 👍,5
40506ee8-0255-4bef-bdd4-878e50164ccf,TikTok is best app 😘😘😘😘,5
045d3072-3396-4ed6-a0b5-afeb5023ecc3,This is amazing app,5
eb58473f-3f11-4dd2-a8aa-9c87cc169321,Good 🤔,4
d5df451e-b231-4b84-b14d-c96e424ebd03,R niooo,4
9d5c3c49-11e7-43b9-bce7-ef69d667e344,"I like it 😍,,My tik tok id name @samiultalukder000 support please,☺️ my dream only 1k 🥹❣️",5
53ac7672-ff67-424e-a1c1-0e8035887b28,Muhabbatali,4
3f5e6532-715c-45f6-89a9-bccf8e0d5d61,Very niceeeeeeeeeee,5
35f828dd-41c5-4cda-a2f0-cae6e726508d,Good,4
263979c6-3492-4f4c-89a9-322b439cce18,This is really amazing I am very happy to use it,5
deb728d2-dda2-4284-a7cf-5c6f654e4b69,It's so nice,1
76a700fb-ca17-4f44-b15c-d3f6e520d22c,Pretty darn good app. Love the idea of being able to connect with other people to meet information on different subjects with different views!: Awesome on creator out there for sure. The only issue is that the new update is the constant freeze and buffering. Never an issue before now it's a big one. Is it both off that is excellent 👌 app.,5
49b00751-559c-4d10-b5c5-ad4ed8f685f5,I am favourite tik tok I love this app.please my tik tok in not location option.,5
24ae2284-932f-47dd-88df-da7f1cd12d05,Fine,5
8cc4c755-b1e1-42e5-8274-51097b8f66dc,Nice,5
80068117-3957-468d-a477-a0ba79112f72,Waxa,5
6093e698-4834-472c-bded-a2814081a7ad,Good,5
4805e002-c3cc-4a76-9ddd-0eed547afbc2,I love it👑,1
59200a72-9e7a-49d7-9019-e95854e633d4,All world nice video,5
3dbd2ce8-3f7f-475b-a375-2bf9b4aa3adb,I can't open the app please fix it,1
bd9386a9-cd11-48af-8f85-a54f04097f12,Good,5
a8d1ae46-0db2-4af6-8ace-e4a6f7394a9f,mehndi,5
e13902b1-324c-461b-b1ec-f115f7e89b7d,I like this App,1
eed2b97d-0142-49ca-9a54-37e8d1a5e971,Ducked up,5
ee882328-cd19-4491-858c-059ec9254e93,I really like this app because it is a good app for time pass but I don't know why tiktok banned my account,3
989a1c48-5479-4d6f-8539-24e129d1a822,Saifulla khan,5
f19e16e2-45ef-4dec-8a07-63f47866753e,Payal bk 🌹,2
95d084fe-9e7e-44be-8569-f9ea1a930212,Maniphique,5
a3f0bb6c-255e-461d-9b33-7f8b826b516b,TikTok Please For You My Video,5
94f26984-3383-4eaa-a8e4-f0b5f58faa2e,Super,5
098ad8e2-7895-4676-92f0-4fac169b305c,Nic,5
dfc90cf7-c29d-438f-b835-46627dfa8614,Good tik tok app,2
7e907556-0753-4984-a3c1-407958c79f66,Great,5
5d8e06a6-30bb-49cd-bbf6-5a85db50aa25,চচ,5
77663850-398b-48a0-b4bc-f5c51dbf5032,This app is very nice,5
f8a94737-086f-419d-9e92-f5ab3de1f289,Hi dear TikTok team I'm new user on TikTok platform please viral my all videos😍,4
c7505cf0-579d-438b-9bff-30a1c41ec051,Muy bonita app para ver 3x definition,5
c7595847-b3fb-4be1-b702-29929f3b5970,Nice 👍 app 👍👍😍,5
b4927b7f-6548-48dc-8f76-7b0a4d9b9c59,Nice apps,5
f4cb5e66-acfe-4156-8231-13c203525672,Rajib,5
4a9657e9-5772-4ea6-b1dd-2aa6db2e8acb,Lol Ho GAya,5
f74496df-34a7-4a69-a899-eda9e598e645,I would give it a Higher rating of the language does not change when you refrein your Feed in settings,3
6f98300a-aaf6-453b-b08f-545f5a0c3d70,Good luck bro I'ma get earn money app I earn money morning and evening,5
cc4185fd-e593-4628-b165-8dbb65fcea34,It sucks lmao,1
1d2a573f-72cf-4729-9032-fde55936b837,Very good app,4
1ba81729-8242-447f-979c-9344d26254c9,Like,5
b47e9796-19f4-4fbc-ab82-5033a59e1cb9,Khadar mahamuud Yare is,5
7e647bf6-c097-4d39-9309-09b748ca52a1,A very wonderful and beautiful application that made everything easy for us and made us watch world news,5
4c8df2da-c779-4cb6-b105-794eb13f33f3,Protibondhi,5
b83df335-8b71-4b31-9a68-f8fcdd2f1881,I love I love 🌹❤️‍🩹🌹❤️‍🩹,5
6e8da9d0-182b-444d-9029-c2d2cecc78f5,This most popular app but this not future development,5
ddb2ce6d-ded3-493b-8b27-35628a3f95a3,Good 👍 enjoyable,5
59001d7d-10e2-4c36-b9c6-8851b9e88fcb,Please allows,5
0d078421-f1f0-44c3-b09d-0e5dc140387c,"Fix the share video links! Why bother sharing anything from tiktok when it's just gonna go external link, then tells u to open tiktok which I click on then takes you to the app store to open tiktok. Then doesn't show the video at all. Pretty stupid tbh",2
baeba3fe-34cc-47d7-8802-b913386adadb,"Hello dear tiktok team Very very important Please I need your help because your account has mistakenly put my account in the freezer list. Please re-check my account correctly and remove my account from the freezer list. Because I have not made any mistake that is against tiktok police but still my account has been frozen and my views have decreased a lot and I am also working hard on tiktok now to make very good videos content but Still, my views are much lower than before. Yes, but if my",1
350c97c2-abf8-4b63-be93-b87fc9e4e2a9,I love tiktok,5
748b2ec2-26c0-4c8c-9c66-f5af7fff955d,"It's awesome but I don't think the app understands that when I click not interested I don't want anything related to it. I don't do anything to those videos besides just clicking not interested and I keep getting them. It's annoying because I don't want to go pressing ""not interested"" every 10 minutes for just to try and rid of ONE type of content from my fyp",4
404c691b-c9c1-4bb6-81db-fce74e8dcc64,Love it,5
920b3ca2-6aec-40fc-b696-ae97046e0fac,I Love it tik tok,5
dc0ac88a-3a2f-4654-a24e-b9c7b609337d,মোসাম্মৎ চাঁদনী,5
c312f9e6-ec11-43fb-bb1b-5eaea28155fd,"This Appeal Dear TikTok Support Team, I am reaching out to report that my ability to send and receive messages on TikTok has been disabled. This restriction severely impacts my ability to engage with the platform and its community. I kindly request a review of my account and the reinstatement of messaging privileges at your earliest convenienc",1
cdacde0d-5565-4741-ba5c-378eac84b4a3,TikTok good 👍🎈⭐⭐⭐ Star ❤️🌹,5
049a24b0-27e3-47bf-8f0f-7087aef4d866,This is AFA Messi 🤣🤣🤣 #funny #funnyvideos #foryouシ,5
8eda58a7-a4dd-4eaf-a9dd-1bba72152384,Ok,5
46996be1-882c-460f-99ff-c5834ee83b3d,Waste of time,1
560fc317-0526-4d9d-835c-8efc49877e88,6Cba#786,3
fd3d54d9-ba12-4325-8146-41958ef6e344,Tik Tok the best app ever try your lucky try to install it you will get world information,5
45fee476-9af6-482d-bcee-2ef609134d32,Nice,1
276a80e4-4ea6-443c-8be3-486db330a607,Good,5
932a9361-ed3b-41ff-8cf5-316f1e63f3a8,Nice nice nice nice nice,5
edb27052-597e-488a-b558-b3be6e6f851c,good,5
7f6bfeed-e4cf-4115-85ed-3ea8ce371673,You,2
be205a29-2a3d-4183-b903-44119ea01b50,I love tiktok,5
1c834fb4-e49d-4c69-a2c2-5ce892ab5b95,Good,5
9ad4dc50-46ee-49bf-80fd-c3002b4efb82,Good Apps R Sk Rifat Vai,5
04fb4d01-5e82-48f9-a10e-cf7fd15fda43,It is.good app for time pass,5
34e4ba86-2193-42e7-a565-931c22869ba5,Rhetorician,5
b77e87bd-9a47-42e4-8cd7-ebe91c0fcf52,Sajjadahmed,5
cc641874-b9ce-4351-b2f5-b38a723d5d51,A very interesting app that exhaust me,5
348ec27a-c359-48d4-9835-4e8f4db7d9ea,Good app,5
7de773c4-f4b2-4ca6-908f-6e0cfd5b3f39,Tiktok video no like no views,5
806b5cdd-15b3-482d-8177-3abdbbae20fe,I love tik tok,5
6c8aaae2-0317-491a-bdbb-690f073cea4f,The best,5
acee7211-2acf-4116-9133-5cda744aeb67,Good apps,5
f29349e0-5503-4da7-955e-7b1732fc936f,Malik Shb ab,5
4c8e3c61-ef7b-4051-a60e-5fae38d094c3,Dear TikTok team I'm users please support me viral my video,5
656faef6-d23a-4841-9306-fcce333b1198,I love it,5
429855d1-ae2f-438a-9144-99855c9f603b,My id tiktok daim khan 52,5
4bc029eb-d2e4-41a4-9022-a42e17b47e15,Nice,5
cd8051df-73aa-459e-b8dc-30fdd5ea3503,Vijau,5
f70d1420-04d3-42a4-a4e5-31f19c82f074,I love tiktok,5
2be19dc8-eeea-4b39-b7a4-dafe4b0e77bd,i love it this appp is beautiful thanks for the app,5
d09196b4-afcc-4329-9ff3-9dcb1d860bc5,Entertainment app tiktok,5
15ae12c8-7ac9-4be7-bf43-e937479c0b84,Mohammad Jamil,1
370633a5-f8e2-4dcc-9f97-cc5ade3da4be,Kashif brohi,3
5d467d9e-ba2e-445e-99a5-adbbfe4ab5d4,Hello TikTok team I have been working hard on TikTok for quite some time and have been posting very good videos... Please check my account and unfreeze thanks TikTok... My users name.. (adeelking8786),3
1b576c84-c553-467f-9d46-b54e8809c0f2,Waljik,5
3da3892d-5ac9-404a-8b4a-c45693f2473c,Good,5
9ab0237f-e613-479f-a689-8fc5e4e00f82,Nice,5
ef230390-a37c-439c-9abb-ab212734ae07,Tui,5
a3e862ce-2367-4a50-b184-eacfacd74afa,United kingdom monitize my account dear tiktok team please support me monitize my account i love tiktok,1
d60db114-261f-456a-a89c-1105246dceda,Nice application,5
015bd6c7-2486-442d-8205-0a11c10f2369,I'M AN INFLUENCE ON TIK TOK AND I ENJOY WATCHING TIK TOK VIDEOS,5
1e27610d-ef7e-43eb-b45c-85e61dfee129,Beautiful,5
e27caf95-b782-4cc2-8076-f2baefce7dfa,the place illsittinyou need a load right o your face,4
c5a8d80d-0966-48e6-9536-f6481b574ad7,Please update my tiktok,5
98709bc9-95b4-4144-9bfc-5e1d9f3cbb8c,حلو بس لو ما في اغاني كان احسن 💗💗,1
dff13d4b-f13b-40b5-b07f-ce177f5a7b8c,Ok,5
aa0cf866-ff89-4104-b816-c2823008d619,Happy,5
92483c72-3fa2-4037-8289-d33568eaaa63,Why i can't open my tiktok account what reason,5
1e0a63cf-fa83-4f09-a563-20b6d961b14a,"I used to love it, but lately I have the same problem again and again, which is that on some days my fyp is completely random and not related to any of my interests at all. it's impossible to change by clicking not interested on everything. I don't know why this happens, but these days are getting more and more frequent lately, and I'm starting to think I should maybe just move to Instagram reels 😐",1
3dc4f914-c985-4df2-8eaf-560584f3c021,Mere account se warning khatm ki jaaye please,1
8e577b24-0fa2-49e4-8f18-9707cad33236,Tiktok team my I'd For You paY Ho I'd Name shamsa_kanwal02 OK PLEASE SUPPORT 🙏 🙂 😭,5
a143850e-5f7a-4102-9cee-748bedfc4a5c,Jahid,2
9c3cde45-89ae-4669-95ee-8674b645b63c,tiktok is an amazing app but my daughter said she makes videos and they only get 4 likes which breaks my heart,4
801770b9-9b91-4e15-a226-1e6d66501bf9,That good,5
fa6ca8da-89a8-4372-8ce2-14fb6b7fc0ef,I give 3 stars because TikTok is not give money,3
56518151-ffa1-4690-a3c0-7f4093b42eaa,-slideshows are cropped and I can't properly see them -they changed where the comment section is and I think its ugly af now -the algorithm will show you unpleasant things because of how it works,1
5e831a5e-b135-475f-8b05-b7cdec2bb4e6,fun and funny,5
177fd371-b175-4cdb-a4d3-0177e1144989,Very good app 🫶🤍🤣🤣🤣🤣🤣🤣,5
1da94ff8-4f1f-49e3-8d2d-406442ed6ea5,রিমু,5
35e9ec82-6239-4555-ba25-59ee91cdc344,English or Spanish,5
1173830b-ed87-4956-8e91-3e175b6516fe,My mom is addicted,1
97e9623f-0c58-4b15-a94a-73eed4a23a21,So exceptional,5
7eb48d99-604c-464f-9dcd-26ca70a2fba9,My granddaughter loves tiktok,5
8aa160e4-28ab-4042-90a8-6dc1828a95f3,Is going smoothly,5
7bc9c739-d33b-4d87-8cab-06588a4f1225,Some of my apps not found in my accnt like effects and filters app,5
63b82873-ed6c-445c-ad7c-352e3ce000cf,Msalman,5
ac491945-1dca-49c4-b6f7-302ee5b48a8e,this help me,5
3169de06-56cd-42a4-b93c-8dce8d0b4ba0,Til Tok,5
225d1eb4-10bf-45d1-90cb-7aecd5089737,Good luck,5
f1c96ca1-3f4f-41e8-9c96-82116a9aeff6,this is good app,5
cb42ca94-7114-44da-9718-a30de0cea6fb,Views problem,1
88b8b467-9707-42b4-8977-2c2fcd6f419d,টিকটক পাছআড,5
3f328103-b02b-4330-b4de-9cc77cdcec43,ডাািিকবক,1
b5c3f0d8-b39b-4b9b-b80f-3bd16fc8d9b2,Love video,5
b083b5be-572b-4fa2-a750-470802e9e916,Viral video for you page plzz faizkhan account for you page,2
759d282b-c991-4161-9a2b-e3541d2ad595,Hello tiktok team My tiktok account freeze please unfreeze my tiktok account and view problem solved please help me and solve this problem,1
59744fdb-0991-45b1-8ceb-7bf42d3a5728,Tik tok is suppressing my videos and not showing it to anyone I'm very disappointed use to be my favorite app.,2
a94ff479-85fb-42be-ba41-854f911aae22,Vu option,1
d498f6a7-33e6-44f1-89e1-a8c42c7fc55c,Tiktok team fixed my problem maximum number od attempts reached try again later problem this problem for a long time,3
852c6937-a761-4506-9359-b69c2442b173,Great,5
888b5128-df28-440b-9317-1e55c7c33a42,I need to be verified and I need up to 1m followers and likes,5
4c5ccaf8-7838-406a-9064-bc0f69ef306e,Nice,5
786b9123-94f6-4616-881b-40ff1d300525,Nice,5
5378777a-62ea-42f1-80c3-bcfc5c607113,Hii good app,5
a38dfd76-ef98-4d22-b442-f0fcee5862ce,Good 😊💯,5
39975784-fd73-477d-a509-b07ee6d414d2,It doesnt let me follow people back,1
d2c0f93b-43c2-45ea-8328-0b328d90b6a9,Pretty app,5
a71edcc0-15d6-4b48-8e34-a818c462914a,", 💖💖💖💖💖",5
5b1f9868-b81c-4ed5-8aa8-76c072a6a89b,Saifullah,1
f9635782-5cc4-462a-a2ef-9e355e5810a3,So amazing aap,5
ecd08d31-8659-443b-bcbb-98bc4b3a5cfb,this app is very fantastic,1
37e51b88-49d6-4bd8-bee2-03724295ddc4,Worst app ever when you block a person they shouldn't be able to create anymore accounts to add you.,1
f32566ed-fe1e-4d5b-aa06-ac1e60fe10dc,My better live stream,5
d687b92c-f39f-4791-bbeb-f2ff3e2023dd,Not update,1
c668893b-611e-4193-8a04-3cc6fefdf9e0,No virl videos Please 🥺🥺 virl video me 💔💔💔💔,5
afbf1d4f-3468-49ec-8f2a-684fdc65bd52,this is nice app,5
5d83c8da-432b-4eda-ad71-c6d7858d6d3c,i like it,5
fc4ae5c9-a5b3-4d75-803a-81662bb58f87,vanquis is a wonderful bank I use most times when I need a big transaction also been with vanquis for 5 or 6 years wonderful bank Kevin wells,5
563f1036-b4df-4e3a-9be3-65bdabb20cda,so cool,5
32f25c2c-a379-4055-adb0-9897425ae71e,You need to get our 500k abonnés,1
460b235d-a5c3-4893-add3-53be0fb77c62,You be werey,5
695bcc89-f8b9-43e3-8d26-80f4141beb45,Nice,5
1fd6f6fb-dce7-4173-aebe-8309c0b7832b,Kusum thakurni,1
ea886dda-4bfb-44bd-8538-d34edee5c636,I'm just knew,5
0d871b4f-9d29-422a-b86c-2746b51fdbf3,This aap is very best,5
5f436dc0-f3a4-4c9e-a705-a5a8e390b5a2,dear tiktok teem my every video stop and screen in no activity reward program what is this reason my account plz visit my account and resolv the programm,1
f908df40-770c-40d2-b943-fb73d4d645e0,Satisfying experience,5
6f936b78-7fb8-48c3-afef-ed1fe960d83f,This app perfect ❤️❤️,5
acaa1185-be00-4d7f-b7d6-4a754765fa75,Mashallah,5
308a61ab-456d-4cfd-9259-a236b36c7e5d,gjwet,5
ae9101cc-4abf-4752-95ea-88fadc1c8f79,Slow,1
bfa68f08-2f1b-408b-b8aa-0e752235cfd5,Hello I have recently been banned on two of my accounts (em_fr33 and Sh1_Ns0) I have been wondering why I have been banned on those two accounts bc I have not been on tiktok in a while and I have not broken any of the community guidelines and I am above the age of 13 so I would like itif you could tell me why I was banned on both of my two accounts.,5
ef85fc79-575f-43ec-a2b5-e6c4ae88a7cf,𝖸𝗈𝗎𝗋 𝖽𝗎𝖾𝗍 𝗂𝗌 𝗌𝗅𝗈𝗐 𝗈𝗋 𝖺𝗍 𝗍𝗂𝗆𝖾𝗌 𝖿𝖺𝗌𝗍 𝖺𝗇𝖽 𝗂𝗍 𝗁𝖺𝗌 𝖺𝗇 𝖾𝖼𝗁𝗈,2
9dc3c9ed-ef18-4b59-bea9-3827e84b7b1a,Just love it,5
b3f5a74c-cb1b-4e2e-a31a-486e80c0da48,منو,5
171c6b75-252a-4548-8df5-1a46782e42d2,"It's been working good on my phone but suddenly starts crashing, i give it zero",1
348a0642-4c60-405b-839c-ccf477da2223,Anas polad,5
71f58050-572d-4e94-bcc1-45fe99fa510c,good,5
304f9fce-08f7-4f16-b968-27bda14dbd57,Fantastic,5
7ba6f849-e2e4-4110-a7f5-fe3cf509bc95,Slow😣😣,1
e6e4b0ff-82ba-45d4-a1e5-606654c1f4c9,I love it,5
ab810706-3635-45b9-b510-ba0ce2408608,Nice app,5
a27d957a-330e-4b02-9ec9-d355e0531e5c,I'm always entertaining myself on Tiktok my videos don't go viral,5
aaa371cf-2bd2-4b64-bad0-c18b55f8b68f,Nice,5
507d384a-fa8f-4b00-a0ce-ff5359560323,"This platform is controlled by the enemy. Won't let my videos out because I talk about JESUS the King of everything. F- this app they are blocking all the real truth, even to go as far as telling creators that: if they don't stop what there talking about, something bad might happen to them and there family",1
54cd0179-1963-4360-aed2-e80792f1d0c4,Mery 1M followers complete Karwa do please 🥺😭🥺,4
690182e6-fce7-4be9-9559-7fae22783413,This is the best app in the wolds,5
5f157aee-561d-4b6c-862c-8feb93c9ea14,Good tik tok very nice tiktok,5
e706ca74-6264-4bb2-aea8-ebe439489641,Nice,4
317e018e-38b5-4d4f-a225-d75ad5132a31,Sai Aung Murng,5
8729c337-1cd1-4698-9202-53b27f0104c1,Please tiktok team unfreeze my account,1
9647bfa6-731f-49d4-bebe-063923cd257b,jaan.love.you,5
631fadbc-ee56-4b17-b542-eac81c0f7861,Nice,5
029fb00e-1e92-44d9-b27b-d720528a457a,💝💝💝,3
b2d75d9f-a911-4563-98fd-b5b2f6643ebf,Not vairal my video,5
43b127f3-81d4-4353-96f6-e9084b82fa97,I want to install this app,5
fabb5d34-38f3-43e3-8f0e-10e73c0c5020,Good experience,5
a12d871a-e478-4035-a49f-2a9224acd856,"I,am TikTok video chat",5
b913c168-a173-4877-b3c4-64655ea4a6f8,Wo is the best app,5
b50932d6-a1fc-47f2-b0eb-3013cf1e892a,So good💖,5
5c5b9d34-8a53-493b-bc0a-d3e90a37e358,just time pass,5
6ab6f97b-15ac-40d5-b314-39a0fb78e705,It couldn't download.,5
181deb7a-3702-49c1-934c-45c6c39fc239,Since yesterday I've been unable to save videos to my gallery from tiktok. It keeps loading but never saves and I've updated the app but it still not working. At first I thought it was network issues but it's not. Please please this.,4
95c0ed4e-1b58-4293-a239-75190f23f723,That is good,2
c7330d23-d349-4431-957d-f41b66783f0c,Best,5
46ca5d94-2b36-410a-8963-1c506b9b47b8,Sai Dham mandir,5
2b23ce09-d9ed-48a8-b4c9-ce269f2f5c89,Nice 👍,5
c763d675-547c-475a-8a6f-c1a2b5e556c8,Dear sir I'm regular uploading content video but my video is not not for you so please my account is unfreeze Thank you,5
ae330289-c56c-486b-979e-62e05be479e0,Googa,5
9b8efd51-1f48-4b21-970e-669c8b5c8fdb,The app is far good it has made those without pets and acompion to feel more better,5
97340625-f071-49ee-b310-36107d9807f7,t0p-ol$-3zHesUk,1
71e6b1af-542d-4d60-89b9-6d1da52caf99,টিসা,1
cdba437b-dab4-48a4-911a-90a6bc323d3a,Virk brand,5
87cbadae-b453-4cac-bcd4-fa705dfcec27,Well let gave a try,4
1ebfce10-ad98-41c4-a33c-7613d28778c7,Not interested,1
aa9bcff4-c3c9-41af-9665-72a894cc02e2,"Dear Tiktok Team, My videos gets good views and likes for the first two to three hours then suddenly the video freeze after that.After that,neither likes or views are received.Please solve my problem.So that i can keep my content continuous.We have been making funny videos for almost four to five years.These inlegal reports done on our videos.Due to which our account gets freeze.Which is totally unfair to us.kindly unfreeze my account and viral my videos 100%.I am very thankful to you.",5
5320c117-49e9-46b1-acd8-87acb8384f7f,Nice,5
fe14f55a-44dd-4505-a3c2-f7ca802090fc,"Suddenly having A LOT of issues. When I upload a story, if I add text, once it's posted the text looks squished down. Tells me I don't have internet connection when I try to watch others stories/lives but I can watch anything else. And the ""chat with us"" option for customer support keeps saying ""something went wrong"". I've uninstalled and reinstalled multiple times and nothing has fixed these issues.",2
8d3a4782-e564-42e2-9679-ec6028134766,donot work on this divice and data no saving pless abgrade the app and also change..,1
1d2e46be-98bf-4729-b31a-5adc78892c58,Love ❤️,5
109c59dc-d93a-45cf-a6a2-311747bc59c8,nice,5
11dfcd9a-7959-4548-a217-d191a4850593,hi l am new tik tok account,5
20c13585-0cfe-401f-aeef-081b70ce7741,Support me my new account,1
43e07719-f33a-4806-9ab4-1b66e4f2c290,Good apps,5
2d8f17f3-d822-4725-8da1-ffb33f79858f,To,1
d60fc233-898d-45a2-a732-0713525d111e,Slow move update,5
d7cbb7c8-162b-4c61-a31a-d61ebc4da79e,"Dear TikTok Support, I am writing to urgently request the unfreezing of my TikTok account, [mxwaqas32]. I believe my account was frozen in error, as I have always followed TikTok’s guidelines. I rely on TikTok to connect with my followers, and its suspension has greatly impacted me. Please review my account and reinstate its functionality as soon as possible.Thank you for your prompt attention to this matter. Tik tok team plzzz support me my account mxwaqas32",5
c2093bec-03f3-461b-a8ba-ebc31ef484c2,It doesn't let me see what I want to see it gets me so mad so I just deleted and I would never want to download it again instgram is better it doesn't let me add people and it's so annoying I hate it If u want to download it don't people it's bad like bad bad my cousin's brother's and sister's broke my phone because of how mad they got and my brother has the same phone as me and it's fine for him but sometimes for him it's like that to he gets mad he throws his phone and just watches TV itscrazy,1
d3b2dcab-712a-41b5-b5d2-2754e9d374cd,Not working,5
6f25f48e-4d78-4cee-b23d-60a55924b66a,Babarali,5
a2383dd3-c8c2-414b-8043-667ce2ed3f30,Brother Meri videos upload NH ho rhi TikTok py?,5
9b569b6e-aea0-4560-86cc-c2cf7f9327c1,Kids are obsessed with it and wouldn't listen to their parents with this thing ban this thing in Mauritius please,1
f916b0f1-c74b-4648-8ba3-5d08f07b847f,Good,5
60882134-a60d-4a31-a68d-b30d2731c348,Good,5
2d41dcbd-2939-44c7-8fbd-2536a2f8b894,amazing to use n chat with friends,1
136aa9e9-4f4f-4951-86c1-bb354b3a8ce8,Good app 😁🖤 please support dark mood,3
4606b39e-5a7d-44cd-bfd1-79c4b07c7a3a,নাইস,4
b0e7caac-4eec-43bd-a639-060d942da4f9,It's good,5
5fc4f441-0b3c-4b5a-9cbe-f64652dfb7fa,If i have zero star option i can give zero start because everytime i upload my content its gone unorignal content i contact support team many times but they do not solve issue i think there team is useless and do not work seriously i am appealing you kindly fix my issue my account is deep.eyes15,1
d4b81594-15af-4159-bda4-73047499026c,It good to use it,4
434dc1f3-9d2d-4562-9d4f-0a1d0276e854,Monetize My Account,5
81bf55d1-2950-4e82-95e5-fd961e911edc,Onek valo app ta,5
35660f26-6ea7-416f-ba59-27ef1976c247,Very nice,5
796025ea-537b-4c9a-9d8b-e9a07917a0b9,It is great and fun,4
eeb7f333-59d2-4291-8f78-28281a376867,Sohailkh,5
32c62b8c-1f2b-42fd-99c8-a782117a5871,Good,1
bc6e1173-2d4f-4a2d-bd83-b61cfda71ae9,hello this is sahil shazebAli . dear tik tok i create an new acount . so i need your help. please viral my videos on tiktok for you page and viral my tiktok acount name Sahil shazebAli... thankyou,5
f71fccee-c72a-4030-9603-0c8b55cd7067,good app,5
19ac62f8-fc64-4728-8e55-ea546032263b,"Hello dear tiktok team Very very important please I need your help because your account has mistakenly put my account in the freezer list. Please re -check my account correctly and remove my account from the freezer list.Because I have not made any mistake that is against tiktok Police but still my account has been frozen and my views have decreased a lot and am also working hard on tiktok new to make very good videos content but Still,my views are much lower than before. Yes, but if my account",1
03bc63df-7a2e-4ee8-9a7f-237211201cc5,Very nice,4
a94643d6-90fa-48b7-9064-1f4350ddbb9c,Best,5
05785782-413c-4caf-92b1-f1421e39212a,"content is not relevant to my interest and I think that good idea is to add ""# that you are interest in"", ""language you don't understand "" in customization and it would be nice IF THE APP LISTEN IF SOMEONE CLICKS ""Not interested"" idk what does it looks like in others people fyp but I have language I don't understand (I have in content preferences that I understand english it didn't help) and content I don't really like I don't use my fyp just look up things I like lmao",1
7073680a-2c8a-4a7e-9ee5-c73dde6221f9,Greatest mobile app for destroying short memory.,5
c0c7239c-7bd6-4a94-8185-2ace4ea671d9,It's so fun,5
aef2573f-31bb-441c-aa8c-9776614da567,"It is super cool and entertaining, especially when you're having a bad day just login and you will forget about all your problems and what's troubling you. I love it here",5
a09e11f8-4dd3-4317-b2b1-634b03ed3481,i really enjoy the tiktok video,5
9428cf69-4fe0-4dc0-984a-76df6c362a4c,Wow😲😲🥰🥰😍,5
999ac97c-b080-4e11-a487-a4a536a19cba,it have helped me to no how to dance,5
24e88d69-9387-4a52-a359-1ab8b9c7f4ab,Bhii,5
220ea3e3-67fa-4fc0-8b18-fb601e449651,Awesome app,5
0a5e418b-b352-4476-9e7f-69f976f4ba0c,Very good app,5
c48f8ec5-2f2f-4bb7-8e2c-d95517e404ce,"This update is not good, please change the update",1
8380bccb-fd58-4670-a23b-2573665e40db,Opan,5
f57ec94f-885f-45c6-99e0-5cae11ce98c3,Jaennsm,5
da23bff7-c6b4-439a-8da9-6d5307506989,It a very fast app,5
828fc39d-8913-4a3b-a186-ceab9e2a1d0d,I love TikTok for personal reasons but I would like it if it was like TikTok Lite more faster. Cause it keeps on lagging and freezing but the app is good. Plus can you make TikTok Lite TikTok please we need the filters 😭,1
8a288410-439b-497d-87de-882e2a65b012,Mai muram ke video upload karo ga aur Mary video vairal ho please Mary video vairal nhi hoty,5
fb8a66f8-c50d-48cf-b74d-717de0c6932a,Hi dear TikTok team please my account unfreeze please my problem solve 🙏🏻🙏🏻🙏🏻 follow problem solve,5
b0691cb2-07b7-446a-b7a7-39f4aa8da046,I like it very much,5
2885c171-7b03-4577-ae01-28d4c27e128d,Ähàààñ❤️This is a good and awesome 👍 app for intertainment⭐,5
b0d88e24-82c4-4ba7-b772-30dbd5e8dfe3,good,5
8ba74f79-d4c5-4d30-a759-cc423b32c2b4,Good.,5
5c960869-72f2-4481-98d8-0b62402de7c7,"Viral For You TikTok Trick: Unfreezing Your Account in 2024 Unfreezing Your Account TikTok; the vibrant social media platform that has taken the world by storm, is a hub foryouViral For You TikTok Trick: Unfreezing Your Account in 2024 Unfreezing Your Account TikTok; the vibrant social media platform that has taken the world by storm, is a hub foryou",5
6560e4e0-029c-4dae-9c2d-40b47521e9f7,It's a very good and intrusting app,5
26e1c94f-f944-4c12-a626-ba33496c2970,For you to come home and get some rest and,5
c806eca1-32f3-4d9b-84ca-bca2df64e8f2,19th month,5
00643b8c-729d-4905-843c-616effbdf12d,My tik tok new update please,5
31573fc7-fdfe-47f1-93c7-585d354f69d1,Rahilkhan,5
e00a9209-4694-45de-ab55-708933652579,Uses so much data please do something about it,2
19613d67-b2a0-4fe8-a103-0e213da57445,Hixbb,5
b3f4493e-3285-4dfb-a703-31ec9cf9651b,Can u pls fix my tik tok🙏,5
7316ca97-7aff-45ce-b005-48135f70e26e,Shop button at bottom is gone???,1
7dbad088-8d4b-4a9b-bd65-ba830754b07b,I love this app but good lord please dont add a sponsor video/add in the middle of me watching a video. Its soo annoying...,1
ba62f521-6e09-49f8-a453-871a3634f2cb,It's excellent,5
f194bf9a-0fbf-4e2b-a7ec-8dc3e55ceac1,May's Tik Tok account has been plugged in. Please unplug May's Tik Tok account. The name of the Tik Tok account may be Staliwal. I can't.,1
79b46d9a-76b0-4cf3-a7ef-90ba02567c0c,Shadow banning people who are spreading awareness about the genocide going on is disgusting,1
cb7605aa-99ce-425b-bffa-c65bc801b065,Sanjit,5
41bd9569-aa8b-46ef-a567-08ef48e2a8f4,Sharjel,3
ee1169ee-d8a7-4588-8bd7-03897c2239fc,Love the app,5
3c1cc816-712f-494d-8b49-862eeb6c6bc7,GOOD AAP,5
3883b2cd-a26c-46de-9b7e-81dc18bd7e7c,گود,5
8e00d107-c19e-4b93-8915-0e4ebd0ffc0d,Lost account 😁,5
8cad4cc1-5221-4d09-9769-40df4202cbdd,"অস্থির সফটওয়্যার, It’sapps isvery informative and usefull",5
a0bf0d95-575a-4658-b133-33df2bd46d04,Nice to meet you TikTok Sport me please help,5
9f3b38d7-279c-4242-a9ec-a27e9d430723,No fame,5
3a4b738c-ba4c-4d1b-a0ea-1e51b49dbf7a,Viral my TikTok account 😭 please sport me please TikTok team my TikTok account username oyyy_raaz please sport me,5
c0a38513-bb84-490f-bad5-283575581159,This app is very amazing. TikTok entertains when you bored. It's amazing.,5
9642a404-8734-401d-aa7b-58e80e16c6f2,good,5
02a123fc-8866-485e-b744-4e53021dae6d,Cool,5
a816dcc2-618f-4ba2-90f2-4d2007a55935,good,3
6e7c0656-b3d8-4dc6-87b6-4627bd74ecc8,Rajapot larki46,5
d62cfd00-e895-4abc-9633-3e4762ae86f9,আমার খুব পছন্দ হয়েছে আমি ঠিক ঠকে খুব ভালো সময় কাঠা আমার পাশে আমার ঠিক ঠকে বন্ধুরা পাশে থাকবান,5
6ed7db1c-24bd-4563-884c-2a8458435622,unfreezemyacountplz🙏unfreezemyacountplz🙏🤮🤮🤮🤮🤮🤮🤮🤮🤮🤮🤮,5
1f81fec8-b106-4480-8ded-4f6e15f0f600,"I really do enjoy the app alot especially during my spare time. The short videos ànd funny content is all good and I love it but as the westerners enjoy earnings from there content , I believe that so much should the African content creator's should earn from their content.",5
673352e8-ae63-4228-969c-acf349201a06,My.,1
a7ba267f-4769-44ce-b92c-a177aabcc107,Amazing,5
d0c67dde-64d7-41fb-9abf-522456e8e973,TikTok is butiful app,5
7a5e2dfd-1855-4a62-8916-a7881120684b,Ali Jan,4
1225e666-9c36-4250-b0f2-14003b62e4ce,চাই,5
5875276c-f9ed-4ebe-94a7-9c6cf7fc97c7,Please unbanned my tiktok please it's a request please unbanned my tiktok,2
dc573d95-5268-4bf0-af58-8e3646ac1543,I will beg ya'll do NOT use tik tok on Chromebook when I first got on TikTok it was really laggy and TikTok ONCE closed the tab by itself don't use tik tok on Chromebook.,1
d1dece9c-9003-41cd-842e-b8cc9bc7dbb9,One love,5
6dd2b0cd-c46e-4d4c-88e8-46927eacce89,Hanging issues and loading Time is so much,3
9bd3942b-99a3-482c-a246-6dbc4e5635c8,Mt favourite apps,5
39dcb320-1583-4445-8c4b-0119b6a2c142,Wwwawaaa,1
e6efb27e-c53a-408a-97fb-39188956f509,Excellent,5
9468fb40-7f82-4794-bd2a-9c8804f69261,It's like dealing with a bunch of Nazis got no freedom of speech to take it and shove it,1
de092f1d-a067-459a-aea0-188b52d05c3f,Ye konsi update h video post nhi hu rhe,5
4c9dfcaf-a17a-4b1f-8594-f568c1c8fa43,"To view occasional stuff from friends, website now forces you to download the app to watch. App forces you to register. I will not!",1
5b867249-f8e1-4177-8458-2321228b3ee7,Yeh tik tok please unfreez my account che_baba_007 my account unfreez,2
b5cb403c-4980-489a-b63c-3e9face21ad4,It's so good I love making tiktoks daily,5
f934a2cf-6792-4e0f-8e50-aaca0b8a3ec7,The app is amazing one thing I have a problem with is dat I cant repost anymore and its annoying coz I get so many relatable posts,5
fbcb880f-b919-4431-95eb-4a83e8a76f93,I love tiktok always,5
61bbc6d3-76c2-4586-8aca-b1c124e2bc87,Beauty app and beautiful official website,1
324f4f6d-45ac-42ef-a6b8-556ea196772a,Very good app and I enjoying my videos. And i contact my friends.,5
a75aae71-c7c0-4c0a-811a-edf7d31ef004,I can't send messages with my Tiktok. Is it because of my age?. But it's a nice app. Please do something about it for me.,4
20a61d06-cd4d-4a33-ae9f-7f46fb2b347b,Nice apps,5
2e1bfecd-b65b-4001-ba78-ff9b6ce3051e,Tiktok is very very good app I I'm using it daily every time and I'm enjoying it very well app my ID on tiktok @dilshan_here_ Plz visit my profile and sport me 😭,5
18784163-4cac-413f-8b67-92b1036290e1,Is so fine,5
315be29a-7f9e-4b3d-8f1f-00d4913d130e,Adanan,1
4860300a-6f82-41a8-aca2-deeb7ac28aa0,"Hello dear tiktok team Very very important Please I need your help because your account has mistakenly put my account in the freezer list. Please re-check my account correctly and remove my account from the freezer list. Because I have not made any mistake that is against tiktok police but still my account has been frozen and my views have decreased a lot and I am also working hard on tiktok now to make very good videos content but Still, my views are much lower than before. Yes, but if my acc",1
3631a54e-c450-4a07-a8a4-f08a3d73b96c,Amazing,4
98e63533-3573-49b9-bf47-3509c7e3bdb2,Nice,5
5675472e-4297-4eff-a151-a7cc767d6f48,he is very good app,4
31a2c01b-646b-4dc4-ae83-ee932722ea55,Good app,5
75eadc78-9c2d-463e-a3d1-47ede8fe1746,like,5
11df5cf5-ce30-4123-86b6-9b99ebde8396,Rehan Mughal,5
56c3934c-9767-4f03-b82a-9e0a9c6e933d,Good,1
25975c83-1d84-4526-969f-7710db8f9077,They let my accounts get hacked and all of my money get stolen.,1
dd299ce9-5bf3-4067-addc-8f6c26629dfb,Thank you for you,5
d3e4fb6b-20cb-4d61-bc71-e44484f9d217,Nice,5
311041b0-7523-40be-a1f9-271dab91c2c8,nice App,5
5b6d3a9b-0d8e-451c-9d55-e5de837b7eff,Best of all time's,5
e5c315c5-51fa-4171-82b1-398188e50c05,🥰😍,1
41c3d915-f680-4e9e-90f4-880df662dff5,Vreo,3
a3af0e25-19fc-455d-bb4e-b43088734954,More awer,5
fb8df56e-b977-40ae-97a7-52ec71194102,Nice,5
ba6a7aac-89ba-41d9-974f-3748b22f93b3,Hi tiktok team my id unfreeze,5
1a8a923b-6e49-48ef-83cb-7c05ed4ac196,I like this app,5
99c4dc83-8e71-49fa-9837-32ddbb0ad0fa,Hadidinokhoso,5
02e15630-e487-4046-97dc-d7fcfc39fb34,Aryan 👑,5
d71fb90f-9350-467c-bc8a-bbf886dd5bb9,Nice time,5
d1951908-6965-449f-a8bf-f774139be4e9,I love to watch,5
1464ad25-b409-47d5-a7f6-d3d5c7a53ff7,Lovli,5
5e530755-b0a3-4f66-8847-384b12e900d7,Baad experience with it they're block account without warning ⚠️,1
1053aea9-3849-44ca-83b1-1c2f0c0225b5,😘KoKoPutoo😘,5
40833c41-ec14-48c1-9dd5-370fcb500b39,Issiaali,3
8837b5d7-b35b-4504-bee1-37e19ef4de6f,Dare Tik Tok please my account unfreeze I am very glad for you,2
6c9baa19-b1e8-483b-9fd7-601bda92e9fa,My user name is @neesinnc23z please urgently verify my identity To many time humble requested I have submitted my personal government issued identity card both sides photos please manually carefully review and verify my identity or give me resumbit option my personal government issued card 100% real I can Provided You My original face Pictures Also and can send again you my identity verifaction card. Kindly Review My account Again its a Requested Shall be thankfull,4
989aa2b8-1777-4e6d-a19f-14798f30801e,ishfaqAli chawro,5
797a1478-4da4-443f-9f6e-6fa8f80f118b,Support My Tiktok Id Name saif_broken,5
3ba10048-ecf8-4568-ba2d-8891936e7274,i like tiktok,5
14befa6e-2594-4a8c-b635-c8cc6363b15a,The new update is very bad 😡 I can't view the comments unless I have an account 😡 In the previous update I used to view the comments but this one I can't!!😡😡😡😡😡,1
6f855056-9da9-4884-8934-1af3c76d8f22,"-5 stars TikTok works perfectly on my #samsung s24ultra ,but on the samsung tablet s8ultra & s9ultra is so fuGking ridiculous / trashy specially if using it to go live streaming ,its failure at it best.",1
ffdd06df-4c2c-42d5-81af-0bdfe6860fb3,Viral my video,5
a1c4f058-2113-4378-a561-616b9b1e5412,Good,5
84d6b6d3-cda4-482c-858b-e2b7a3b363f4,UAE DUBAI. TIK TOK 🥇🥇🥇🥇🥇.,5
30ad635f-1a7f-4d61-b6e0-7a5c83332f76,Nice platform good app with soo nice and preety i like this app and more i love you tiktok,5
8f115808-2b20-4ba3-a0c9-94fb0b05802f,Im obsessed,5
dd9ccc02-53f6-4d9b-a1b3-81ee80a5d539,This app is nice and you can do anything you want to this app that why I am giving the app ten stars,5
eb7d87f4-2fb6-4e45-92ab-4b39633cd1ba,Tiktok chala do,5
4fc04537-b72b-4dac-8c01-a402bf7e01bd,Love Tiktok 😍❤️,5
58356f9f-018a-4f60-ab6e-1f61b2392d65,❤❤❤❤❤❤❤❤❤❤❤ love it,5
a087e7e7-fe2c-41d7-9905-af7cf59cdeec,I can't log in Please help me to log in back,3
bc23eca6-1e30-4431-b4ef-3c5480a3bf09,I hate TikTok,5
4c0a7073-0b57-4986-a6cb-1d19af01bae6,amammanakxjjzjcu,5
586937d2-5e5f-48bb-bb89-e80c5d035050,Its cool,5
b9176d4e-7647-42a0-81e0-cbddfcf44bec,It is a best app,5
8e7914c0-72a4-4040-8072-956c395e45ca,Panasonic tiktok naya user please viral Kartik puri duniya mein ok bye,5
95e012bb-b64b-44ca-a151-54dcdffdf137,copy,1
c9a0a4f9-d9f2-4995-a729-a4f5648c1cb9,This app crashes everytime I use it,1
99e4b5e3-5e8c-418d-97be-b889c28b97dd,Love you,5
9102a8c4-c43c-45b2-896a-7eab0aa88353,Nice Apps,5
3e2f16c7-26de-486b-b303-0927dba0f991,🇧🇾,5
118e2895-41ff-4222-ab22-5f6f0344536a,Request Hello TikTok Team... Due to some mistake of mine my tik tok account has been closed so I request you TikTok Team to return my tiktok account to me because It’s my personal account I regularly upload 3 to 4 videos so kindly unbanned my TikTok account as soon as possible🙏 And I will never do these mistakes again Thank You TikTok Team❤️ Account Title....... Email.............. Mobile number ............ Category .............,5
7d9383d2-e493-4592-a445-4053e45d1bd1,Banned my account for no reason.,3
e8c86096-b3ba-40c2-af06-c94a8857f983,"not bad ,til I get warnings for calling nonces a nonce meh!",2
5428d178-2bba-4fa7-a989-61e9e1cb206e,faryou,5
c5a465e3-3088-4eb4-ab4e-945cc737012a,Good app wow,5
274de8ed-d567-46a0-9c9c-7b19c6762a9b,MEGD🖕BAHI,5
31630d3a-0af9-4185-a5f0-f5c1443ac25c,Pasiya,5
3aaa8562-3f00-4255-af9f-7ba14c03db49,Was a really great app But now I don't know if that can still be said about TikTok 😕 For months now I've been trying to open this app but it won't load anything with my Airtel sim EVEN WHEN I HAVE DATA I literally have to turn on a VPN or ask someone else for hotspot before the app starts working Please you guys should work on this and fix this issue of the app not functioning on Airtel data 🤲,1
4df4d74b-58b0-47b5-821c-c3c01b0b7bec,ARAFAT,5
ece76cc0-753e-498e-b47b-eb57a0f0c925,alirazajutt,5
d6248dcd-76bf-4516-86bb-26bbee8ff764,Why when my friends send me a link in messenger and I click it. Does it take me to download when I already have it downloaded???,2
b2d30827-9d9f-4a12-b0bf-09dac5437b5c,Naic App 🥰🥰🥰,5
0c140056-f00f-44ba-9368-4bee575612ba,Nice,5
6430b33a-6070-4aa0-acda-58c5319dd681,Please famous my ID 💖😘🥰🥰,5
15e5a769-76e0-4d45-aed7-944b5f5fe52b,Marwat,5
5f74409b-6531-4801-99b8-613c64fbc9d4,Nice,5
1987d9f7-09d3-48d0-b78b-7c3036294299,Please fix my prablam send your massage is not send please I need help you,4
93c2ac83-512a-414b-a092-76940254f21d,Begmu the one and only,5
e1ed8e56-54c9-4fae-91fb-b5b43a73832f,"Tiktok appeal👇 Hello dear tiktok team Very very important Please I need your help because your account has mistakenly put my account in the freezer list. Please re-check my account correctly and remove my account from the freezer list. Because I have not made any mistake that is against tiktok police but still my account has been frozen and my views have decreased a lot and I am also working hard on tiktok now to make very good videos content but Still, my views are much Name:hassana.555",1
33485e2f-f9ec-42b3-a0c6-54f584945cb5,Khuram,4
b83f0308-f713-40d3-8e5d-fd35cebbc9ba,Okasha jhullan,1
f003b132-54c2-4329-a0ab-0afddd4d5e82,Literally the worst app ever it crashes every time you should install TikTok lite it's better than this one,1
7581c6a0-531e-4083-a49c-da4b2bc82aec,THIS APP IS JUST SO PERFECT . NICE AND GOOD ALSO ❤,5
aa4416b8-4c46-4a99-a86d-317c22fd1c1e,Incredible,5
47bdfcc8-4ae7-4b89-aac1-b0da2fdccc55,Laughter,5
5412af31-2119-4682-8733-438ce9b8e53a,What's a beautiful shorts in the tik tok Updates are almostly beautiful thanks for new update,3
e968bb2b-ee3f-45c9-9c7f-2fbfdb0455de,❤️,1
4d03bf24-7d33-4961-865e-134499ef12fc,wow tiktok,2
60fc705c-996d-40c8-b22a-87c3cd1c4451,"Won't let me go to the followed accounts, it's been going on for months now. I had to make a second account and switch to it to get it to let me go to my followed, and now it's not letting me do it at all. Several updates later and still havent fixed the issue apparently. Update went to google and tried all their tips to fix the issue, and still didn't fix it. TikTok still hasn't responded back to my complaints after 2 months.",1
32e7ec14-f2ee-4d09-8233-b96c757a0a95,Original Tik Tok,4
14339502-d339-4023-8afc-43a19ff58998,❤️🇧🇩❤️,5
e366ab96-f68b-41b1-840e-5f1690ae59a8,They don't like freedom of speech or god,1
823e7f6e-1e06-4176-b984-26347880b297,Tha app is very amazing but Voilation problem this my profile video so sad,5
2615a314-5bdf-4e21-ae54-665a073f6a7c,For you,5
d14fdb08-8bcf-4ec4-892c-9159ec7ba3e0,thanks for letting me have it,5
992f64a0-0210-4b4e-9ce3-001dec34ae5e,Hi dear TikTok I am new using the TikTok application please check my new official account and viral my all video's on TikTok for you,5
d10e93b2-9e6f-48c5-9082-ae2236fa4565,Like my vedeo,5
aa5dec97-0b63-40db-8ea2-0079df71902f,"Hi TikTok team,In this account I upload all the content is original and created by self.this is original content.so please approve my account for creator rewards program because I have work too much hard on this account so please approve it Thanks Regard @infobellsurdu7",1
c88642ee-1f5b-418a-b611-acd773dda0d3,i cant see my bsf reposts anymore,4
f5e2a51f-27aa-4dc8-b2ce-ca150ced4ee5,Bc it's a public and fun video,5
17ea5421-8b93-49a1-b211-88cebc71f1ee,Peoples are toxic,2
2b2a6bc3-8991-4f38-a483-fd7fd2a41ed4,Nice app,5
3ffa3c1a-3e89-49c8-a6f9-4a1d560364cb,11k friends and never pays and always. Issues with my videos,5
5b869b60-a5f4-472f-a7d1-c3af0ef290ec,After a few days tiktok refuses to open so I have to delete and redownload each time it's getting annoying,2
729ac231-9ac9-47f6-855c-ce590536f8fb,Good,3
2ab61926-2cba-4b7b-8aa4-706732b48e76,মকটক,5
49135e41-1ddb-494f-84d8-4f45d043643b,Its too good,5
36805746-7c58-4fed-9d02-797aa2690c00,This is time wasting app and bad feature not download this app,1
b7b5b09b-6b04-4e4c-9b36-75cf1cc160f3,I like TikTok,5
51310e63-7f29-434e-9db5-0e1cb31a38c2,Rakib ON Fiar,5
47c5dc16-1c15-4fd3-a3db-1de3fcb5cd8c,Beautiful,5
44e6160b-3fe4-45d1-a0ed-39d30234b6ac,Okk,2
9a6f044b-0983-484a-b899-56861e750c95,nice,5
5cdc7ae9-060e-498f-a6d8-fc2737539008,ভালো একটি এপ,5
03d4522f-d284-4d7c-ad14-034cc1b1f912,😊☺.,4
c732ce0f-a861-4fc6-9ffc-b13ee3fa5442,Tik Tok is best application I used 2 years I'm using but not viral my videos I don't understand why my video viral not viral I don't care but I liked TikTok Bay ❤️,5
c78ab3df-5f65-4750-85c8-864116dcb68a,amar tiktok,2
a65dc5f2-dcab-47b2-b1b4-5d6db92d03e1,Please my i d frees foryou 1000k views,5
bfc6cfd7-529b-4e3b-b124-ea9c570764d6,"They suspended my account for violation . I literally had nothing there and i was doing nothing, since i was not active at all. 😂🤣",1
90ed6dbc-0cc4-42c5-8f72-822a4b3e009a,Wow this app,5
3b3a9781-414c-4fba-bc32-994d5403ce38,I really don't know why but I don,2
be88ebb1-f30a-48f7-906c-2cc224b0787a,V Good,5
0518784b-c161-43e0-b8ca-fbbbdf88dc3f,Somehow,5
8f83ee79-e2ff-42c7-89cc-23422f444642,not good,1
3a0c9499-b1e0-45e9-b943-8baebdbb96b3,Shyam,5
df2f4bd7-4112-47f7-8421-dcaca5e24548,Plz viral My videos please,5
fecaf301-cc6c-4dfd-aad1-bacc88c2b1bf,Nice app,5
465f7454-216b-4706-89ef-764a194d71f4,TikTok is Barry most likely,2
bb82c22d-59b7-46c3-9f5b-7086de90f7a5,Good,5
1d3f9d92-9267-4d13-8d17-ef99c89fd2cf,আমার 1 মিলিয়ন,5
acd47842-55d5-4ae0-a29e-af4cbbc54c7a,I love TikTok plz support TikTok teem plz old my video 0 views plz unfreez my account plz,4
83864488-8739-49b6-a50f-4986283bf697,MD Halim Ahmed,5
8e763cf8-75a9-44c0-8caa-b2befe89fac7,Baloch,5
26bfec9e-25f2-475b-81d1-f3b55ca5ec38,The best thing ever,5
ea58104f-c312-4b78-8b1f-9f8435cf06fb,I don't like the way my inbox keeps getting notifications even if I try to turn it off like I don't care about people liking my comments??,3
97f131ae-2224-4a3f-b229-ab80ab6dadcb,Chapri app,5
f37caff1-238d-4f75-bddf-ad2c19649125,Ssatgr,2
6a855dc6-c9a4-4232-99af-c13d63e674b4,Tik tok my favourite app and my hobby making tik tok,5
1a11c992-0d98-4832-825d-1e690066bd30,😂😂😂,5
0f8cc2ca-825d-47f6-9600-b2049d753897,This one star is from you banding out of my account . I am do mad😡,1
e6c6b032-1965-4b55-a60d-971bf10ebc2b,"해 주세요 부탁드립니다 제발 한번씩만 ㄹ 호ㅓㅓㄹ로ㅗ,,😁😁😁😁😁😁😁😁😁😁",3
31e70458-b699-41ee-9242-a28ee7c994cd,Ticky tock,5
8515395e-ae3a-49cd-8de9-df5e6988ab3e,Really it’s a very nice platform for Entertainment,1
e2eca218-cf9c-43bf-ae30-aefb224b4371,Thanks for,5
03f6eef2-420a-439d-a844-28d952a05c9e,So many bugs in this app plzz fix them fix your sms problem 🤬,2
fa253841-5e31-4728-9757-af578cac3567,Tiktok is very good app i like this app,5
93644719-2c9e-453d-9a0b-c4100f4b8181,গগগ,5
1f63fa34-81d4-4961-a359-6b0ed4d566f3,👎waste of time,1
8939c2f2-b5af-4656-95f7-fed50447869b,Best app ever,4
4560fbe6-916e-4e25-94c1-1624b872c33d,Unban plz my id please,5
34a21462-e8e3-40cc-87cb-019b20dabe63,Ťⓘ𝐊Ťσ𝐊,5
6b0f9190-d460-41d7-a3c5-2ed4f1e98e55,It is a good app,5
69813ac0-1987-42a1-bc43-fae80d0e5dae,Good,1
d169fb26-d08a-42f5-a60f-b00bcb6334ae,After 4 years on tiktok I've now been accused of being under 13! I'm 26! Do you not know how to tell a fully grown adult aprt from a freaking kid tiktok??? And now you freaking shadowbanned me for that! F u tiktok. Very close to uninstalling.,1
0bd6209d-59fd-40fb-99a0-45b1dd6fdd80,It does not let me see when someone sends me a reel,1
174c0f7d-b75e-4198-b96b-b2306b407504,Hi tik Tok like me,5
86020f34-c6eb-4057-87f7-4d24961f34a0,Which,5
22f57046-8f5d-4e6f-a6a9-04b8dadb56ca,Great use,5
7a3b9db4-0d2c-4c42-a21c-92e7aff5b6d6,Posting issue In my video sometimes they are dilaying or not posting please fix this problem,2
ff3723b3-f58c-4115-a7d9-9206825ac124,@M Riaz,1
db2c7720-8ee1-43b7-9a33-496ee71c6ad1,Love it,5
899b35a8-d3ec-4860-b4e9-53eb0792d620,*=+-&:©©©©,1
f1fbb09e-a1a2-48c6-8f64-ae6ef713ca90,Help full,5
c4eda40c-87f5-4b68-ab92-dfd7316e560d,MANY THOUSANDS OF PAID AGITATORS HIRED FOR APP. ADS ALL OVER TO JOIN DISRUPTION OF PEACE AND INSTIGATING VIOLENCE AND PREJUDICE HATRED. ONLY ONE NATION YOU CANT CRITICIZE AS ALWAYS,1
7c5a9d34-74b2-40e6-af68-a2290b85123e,❤❤❤❤,5
b5de5a11-52f4-4f5d-b047-7ee1e1dc389d,Tap on a clip to paste it in the text box.,5
3dba98d9-92e1-428e-b029-4dd0633676c0,Nice 👍,5
ab65b0ae-79dc-4c51-99b4-a8a274bb3669,I love this app,5
74641293-ddc1-44df-82aa-12e7b5e87ed7,Togadi,5
309e9bd4-57f0-42da-9a3b-ef11a73c41d8,Nice,2
8e5a1b47-e785-46a7-9d56-7b052a22eac0,Nice,3
d4af71ec-8be3-493c-a8bc-b2ae99e04700,Good apps,5
21bfb375-ccce-457b-a10b-212ab8bb5055,I Am Brand. What you need hey,5
c7cecf46-31ad-46df-a208-01dd0923dbba,রথত,4
2aad5700-1914-47ec-b23a-100c37dd2e18,Hello friends in this video I will describe you how to unfreeze Tiktok account settings 2023 | how to unfreeze Tiktok Account with foryou trick | tiktok settings and privacy | tiktok settings for views | tiktok settings for you | tiktok settings 2023 | How to get followers on Tiktok,2
c429b800-f0f0-4659-9fcc-2a1d9ae1c757,Irfankhan,5
fd7fd91d-a6cc-472c-b2be-c9cfa797836a,Tik tok support,5
7f835d97-3576-4608-9daf-69b42634340c,It's great,5
4c016ef8-ea0d-4435-a0f2-96ee21b2d755,Arslanjutt,5
578ad8d7-edf3-429b-8d04-a7ee3923b3f9,Oppp,5
affdbcd0-eb52-48de-9d82-bb9139253787,"It is banning my accounts for no reason, but its fun to use",3
10eacc94-93cb-4aea-8c8c-b577985cad0b,Hayat,4
c16ebb93-7309-4122-8132-1c93312339f7,shahzaib ali481,5
2e605454-7eee-4343-b46f-6f1458e513ad,Excellent thank you,5
28fe04f3-f83c-4f40-8cc0-7a0b5c82eba4,Nice,5
b8eaaa99-b364-4d10-aada-882b9651359e,I want download,4
76cdeced-e687-4b84-896e-7d955aebced6,Happy birthday to you Page plz fyp you Page plz,1
f64d8812-86c2-4849-8178-7200b2b5b986,ুহচহগওওগসএীএওএরএএরএপরএসডজগডগজডওগডএওপীএএওরএওপুডীএএওওএএসওএসওএসওডওএএঔএএডওএডএওওএওএএডওশগজগকশগকগুডুকডডকুপডুুীুলীরুুরুীিরহীুীলীুককএএডকএডুগুপএীীএএীএরুপুীূূটূটূটটূওটওওসএতজতজতজতজতয়তজজতকগকগসজসতজততসসতজগকডগগসকডকগগডকডুপুডপুডপতগগহহহহিগগএটটগগগগএগতএততততততগতরসররররটটুুডডডরটএুওওহিিসওসিরিরহডিিররিিরিরিরিটিটরিিরিটিিরুরিিীিরিরুরিরটিিরতওটওটওওতওতডওডওডওওডিতিডরটওটওরপরপপটটওএওএওওটওরওটিতওরওরওটওটওরওরওটটিটএটওওটওররওওটওটওডওরিরিহডহডিসজজশডিডডিডহহরহডডিডিডহহডহহডিডিডহটরহরিররহরহহরটরহরহহররহরহডটহটহডিডিরওডওরওতিডডডিডহহডহডহডরহডহডহহডডহহগতততত,4
4440399c-08a5-4812-8ad9-ec7cd4dec680,Love,5
50f4b3f8-f290-4f11-886d-7ddd321a7780,It is very terrible we wish it stop,1
936b8cae-91d1-4bd1-9af7-2602afa7bdaa,l love tiktok bc l like to watch lives,1
bd099f34-0838-41da-9cd0-f4dbd50339a4,good,5
ed4c47b3-69f7-44fe-8303-939f54057084,GOOD,5
56224c0f-fb10-4672-8937-6fc7c0d7e433,I got blocked from tiktok for no reason at all,3
254ad4d4-6cac-4f64-a05c-f9cde6cc8cbb,I like it this app is so good.,5
bc8a6903-63f4-4c91-be80-f06adf1bc9bb,Please unfreeze my account TikTok team,5
7db33b7b-f32f-4cd9-9224-6c5876bf30a9,Bad it's just bad,1
c3a8871e-a36a-403a-bc5c-28c7339148b2,Nice,1
27ba7f4b-2393-41ad-a775-4b69ee81fe4a,I love u,5
88c9c82f-5a5e-491e-af5f-a4f9595a91e2,এটি আমাদের উপভোগ দেয়,1
29fd04ac-9db1-42d1-9d0c-0ab3c082e20d,i love Tikrok,5
3e4ab266-863e-4d15-9b7b-40e9d91b8634,Goodapp,5
7cc1489d-cebd-4624-b418-809924cde623,JAZZOFFFR,2
1b428a3c-2b75-4914-8c77-b7d84cdc6f94,No update aaps,5
1a5fd58c-97d9-4cd6-b7be-208089cae2c3,Nice,1
ed436a95-7add-4320-b155-896cb485a9a2,Tiktok suspended me for no reason while I was on live but the fact that I didn't use any type of profanity and didn't say anything violent it really pisses me it isn't fair at all,1
d7a5ee49-175c-4987-ac7c-0af701691cb1,Nice app for use,5
e0a20e2d-3ee3-43b4-a7b7-553f1a0ec774,Umair,5
2eab7740-2df6-4f1b-95c1-54edeb74936b,Killed and,5
57513808-b8fc-4dae-924e-0cd2006f9654,I don't like the AI choosing all the videos based on what I have watched or who I interact with or by my Hispanic last name.,4
558e3bee-791c-4215-8f18-2c8bc9f08ec6,ভালো,1
c608341d-ecb6-4473-acab-2c08d2930119,Good,5
1a5ada83-0538-46b1-b815-e4f5f7ec5148,Nice aps,5
6d01015b-a871-4054-be0a-54c6c3abc8bf,Amazing app,5
7647ddc6-5572-45e1-b40b-c4c350f837bd,App all,4
64e60b56-084f-4da2-a8d7-98c22306fe9f,Tik Tok is best app,5
6eb726d4-c4f9-407e-8d10-85f0452ac740,.No ..n. K. ...m .k Ml N,5
07a58666-8dfc-4fb6-8683-2b47d60fd911,Foryou ta video q ni jandi 🙄,1
4d222525-498d-4311-b030-6fc9dd3c1749,Valo apps,5
79c3282b-8a76-4eed-8a61-61483aa91785,Abal DER Ben kora hok,1
ca59953f-27ed-48bc-88a7-ea79c05bc772,A very good app,5
67fd7565-e851-4ed5-8f62-2fbe1006c6d0,Nice,5
1740b547-27a0-4ebf-9bbd-e043f57ffc50,RazakRazak,5
13f325dd-9090-4a60-a43f-30847a254fb9,good experience,5
291cdc70-9e50-43ed-b429-edfa5123120a,Foryou,5
e3d7655d-d792-452a-b44b-8305f3420435,Good,1
e5120f68-2fa9-4a98-bdc7-de7570da58db,Tiktok Most stupid app in the world 🌎,1
78249b7b-c45d-46c2-8869-c34a27ddec19,I love it so much I can't stay off of it can't,5
6a706ff2-fda3-4101-8736-65ca5a923717,Best app ever,5
aee091cf-81e2-4eac-a5b1-5f6adf0640ce,আমরা টিক টক আইদি,5
5d7c6fee-e2d2-42a2-bff2-159454d8517f,Hi TiKToK team my account unfreeze or remove my account worning.,5
8020b4c3-7444-40b1-a0b4-9b6e41731bab,It Jr EF6,5
d5008fc5-84df-499c-bc9e-ffda37dffa9c,Hello TikTok teem. Sir Their are no views on my video. Please check my account and unfreeze thank you,5
207897be-9683-4413-af35-8d4b763ba900,Good 👍,5
b1f04c30-6ff7-4649-b05e-c5cb428644e9,"This app is going from bad to worse with every update. Don't see the translate feature under videos anymore which used to translate audio and titles of the videos, don't receive notifications for comments and replies(even with the notifications settings turned on)",1
2083536a-5691-4096-968b-bd014333efa8,It is fun,5
9f47197a-4b7f-4038-b43c-01829c52e66d,For you,5
93289b1e-2790-440e-98c2-38219df06f2d,nice 👍,3
a8f9d48e-57d7-4d5c-84c9-4560c3f83fb5,This is good app this is vere nice app,5
d37faf95-d924-4252-ba47-3ad93f332b86,Required me to download just to view a video my wife sent me.,1
ad19a711-c06d-4f6c-8241-686a16040d05,Hello I hope tiktok team you are fine My new tiktok account video is not going viral please solve my issues. My tiltok account name is cutebaby. And username AkhtarMunir22 .please,5
a45d5a62-a8ef-4e37-92ca-36dc98879867,best app,5
b33e8ca3-9bb7-445f-a0cc-43dafa9f0330,Malang,5
4a4e8a16-e65d-4aa1-a23c-4711f05029a5,Lots of fun and Pakistani chbal content and khach tik tok stars are famous 🤣🤣🤣,5
1f46c843-3390-472a-9a97-27c90db51899,Useless,1
45617426-4476-411a-aa77-74973a673b1c,The best,5
46a56bcb-bf93-4dc9-adb5-8ca39a4e31eb,Unfreez my account paliz TikTok team paliz viral my videos 🙏🙏🙏🙏🙏,5
4931a808-7550-443c-a535-2b8329be9b04,Excellent good for me to used,5
f8c209e0-e014-4527-aaaa-284c382887a5,Would've been 5 but minus 1 for flashbanging me every time I open messages. Pretty crazy to still not have dark mode after all these years,4
17f4e9a3-1527-4d8f-9781-ad579d6cc747,I loved using the app 😀,5
41d8c183-a669-495f-8aa4-e5e02a142753,Like it the tik tok,5
790248f3-8a2f-4aaa-8f5e-8d9f8aa4078d,Nice,5
c845240a-3824-43eb-8bda-52d5fd29fffe,Asadkhan,4
aa2f278c-0672-49cf-b9c8-f78d37c7133b,Tik tok is not installed in my phone Why 😑😢😦,5
a1c57ac8-4934-4b9d-ab9f-b4f19a36bc69,Need better views but still good,3
7c404a4e-4cf6-4396-800e-7be8bf65ead2,Abdullah Jan,5
c3b90c97-b7a7-486d-bb38-7230e1ec147d,Li bon anpil ui,5
64cb5be5-0a53-4865-ac62-efd8d8b56be2,Good,5
11d161bc-8600-401b-a99f-b5ab8bea45d0,Using it years ago but my videos are not getting any response from TikTok to viral Worst app I have ever seen,1
eddb2b3f-2a26-45f5-b028-1e4bd32b116c,Love it ❤️,3
9b3ce457-c11f-4fec-9e15-13b4574bb0e1,Adia,5
1d73ee6c-fa04-456f-b955-354a4d22f125,Very good 👍👍👍👍,1
76bffc68-e379-4b1c-8fa1-f8715caeaacd,Good apps,5
9bad6773-1fc7-4f4f-bc3d-b78d448d1462,I love you tiktok,5
caa2e355-b55c-45a1-8c7e-be01e232bced,Good,5
2d0adfb5-81a9-4f1a-a98a-55e89edc5f5d,Dear TikTok team please support me,5
0e260d07-a663-474b-9494-de086d8706a1,Good app,5
e5d7134c-17ea-43f7-b897-5dcf233d19d9,Bhai sahab Meri video yaar koi to for you per bhejo ek star Maine isiliye rakha Hua Hai,4
16989afc-873a-4867-b1cf-4be5142815a5,I want good network please,5
59132cad-b474-4ef1-b044-9d669390c831,To,1
9e88a61f-f42e-4a76-b94a-0cbbc4da98b2,Good luck,5
d1e860d5-b226-4713-9b96-28e7d2a63a38,Nice tiktok,5
7fa0bf42-4aaf-472d-9ab3-1df07eedc94e,Is a good way to watch video but not if it says something went wrong try again later,5
180cb6d7-ec82-4462-a97a-d0d7cbd3983d,When i scroll through videos from the search bar i ONLY wanna see videos that have something to do with my search and not some random bs Algorithm used to be great now it sucks. Why would you remove my saved videos?? And im not talking about the videos being deleted im talking about them being removed from my saved videos,1
0a4b3dc7-b095-431e-bb44-d7235f6ae2fc,Can't open these,1
e35cbd6e-f1fc-477f-bd6b-9018333c7c5c,Ad,5
425c37f3-5809-4a0a-a4de-3f4e806a5781,"The long press for options is missing occasionally. Coincidentally, it's always missing from videos that an algorithm would flag for me not to like.",1
f2cd8099-2c5a-48e7-9d88-a60a87c66365,Good,5
0e988297-3f89-4ee5-ab79-f99414d2d9ed,Ilove this application,5
15297141-39ec-41df-a2fa-6e56cdd07f16,Khanzala 💘زما سینہ کی سوک زما دہ زڑہ نہ سہ خبردی🥀😥 ،💘 دا خو دنیا دہ سوک می خہ او سوک می بد یادوی🥀🥲,5
a32bb6a0-1416-461b-8d30-26be5523e62a,"There are hours of entertainment. For the most part there's plenty of funny and good finds, although the are done inappropriate videos",5
7e570dcf-12bd-4dbc-ab2e-2a010c726671,"Horrible, terrible, ruined my best cousin's birthday.",1
d175d029-71c5-4f32-bb4a-37afffeb277a,One of a kind,5
4489cfe6-4ff2-41cc-ab88-883729e8bbda,You have really done well And we still love you. You can do more sir ride on. 👍,4
f3aee062-995b-4921-b462-43e808ab28cf,I think its pretty good for all most any age it is one of my fav apps,5
47bc6d8e-2e96-40ba-8b4c-53f94e602c28,Perfect,5
9bf14659-fdd5-4813-847a-a2dad81ed526,Loading takes forever now and my Internet is great for everything else. It wasn't always like this. Love the app but Im uninstalling.,1
dc8e59a2-5139-4223-bce0-280f0467052c,overdun and options poor choices.,1
ef8cb4a2-0937-4998-956d-60b7873b8ea2,Es bueno,5
1ffa2940-56fc-441d-818d-1b3797929d47,No Describe For That,5
2e43bf4a-d68b-405a-b1b2-c91221e74ef1,It fun really,5
ba809678-6148-46e1-939b-b560b9fbe617,Love tik tok,5
b1ca4c2c-9d14-46f1-910c-c595a72afa62,Go,5
927a2dce-9ef5-4466-bdb5-fbc5c661dd85,Good,5
eec84e57-8e2e-4b02-9571-0f7bb56c430c,Qaisr Allah,5
e85f21bd-632b-4b11-ad06-9e47ee81a242,plz TikTok team my account unfreeze,5
cdec2320-8dfe-4fa9-bb4d-e47c28e3479c,Nice,4
0a52440a-7bee-448c-b298-0ad3c6f9b8f7,"THIS NEW UPDATE IS THE WORST!!!!! FULL OF GLITCHES!!!! WON'T OPEN THE VIDEO YOU SELECT, BUT ANY OF THE LAST ONES YOU'VE WATCHED INSTEAD!!! IDC ABOUT THE FANCY PRODUCTION IF IT'S NOT GOING TO PLAY THE VIDEO I CHOOSE!!!!! I CHOOSE, NOT YOU!!!!!!!!! AND STOP CENSORING US!!!!!!!!!!!!!!!!!!!!!!! 1ST AMENDMENT IS STILL IN TACT!",2
30504438-e105-441e-bbec-a3d9095ced58,This app is good 😊,5
e9ed601d-214c-4cb5-8b1e-2b7b69ad95cc,I love it,5
095d19b8-8882-4fbf-9589-b08c264635fd,For you,5
0fb562d0-caa5-4df2-a9dc-66812ee6cb14,It is very useful app.,3
c387affe-bd29-4cfe-b7d1-41eb0b40898b,محسن جانی,5
75b05974-6adc-4886-9cf2-d865ce8fef95,Great app luv u tt,5
694141fe-ed75-46c7-8f02-7d57a2ab54cb,Very much for your help today with the kids and they are all the same to you too 🥰 the same time as me but I don't know what to you too if you want to you too if to you and your kids are going well for your help today for a bit of,5
b6e929bf-467a-4ba3-996b-b54414847ccb,This application is very important to me and you will never know what to do.,1
ce5a06e0-74c6-4721-bc0d-1d3273f69e3a,I'm so in love with TikTok,5
53146a03-9b81-4faa-a787-49cbfa1f80b4,I love 💕 TikTok.,5
ba99308e-1417-442b-816c-657f7333c5dd,Too slowly,4
b6acd6ce-8fca-4770-b994-77d686dbcbd0,Not bad .,5
f17eb473-c244-4cec-8b0c-a1b543f10c81,It good,5
cdfc0d65-fcac-4811-a169-39810d3e20a9,best app ever,5
080164ab-acba-42a6-bbb2-50880f0c07b9,plzzz tik tok team viral my all videos Plzzzz tik tok team unfrezzmyaccount Plzzzz tik tok team viral my account khanofficial423,5
4f13c904-435b-45a4-ba2c-92595912ab10,I Can't even search anything because there is no search button!,1
06316d4a-00fd-4593-89c7-7cf2f4c26ab2,رئع جداً,5
bb732033-5409-4eb9-b674-0d2909ec5415,Tiktok people I enjoy your things you I like it when pretty man or dancing figure and he was like you okay guys there's a lot of things I want to kill your name and is my first question p by the way how do you do all those things like please put me on tiktok what does biom who doesn't want to TiK ToK a bad Afrikaans swag jealousy eggs can focus animals say for me sexy ma chicken Vanessa mall truck mad near me nowadays is stuff with me your life is hard meant a donkey Kong a lightning source aban,5
12de61a4-d062-43b4-be92-45db4fb8f8ce,Nice 👍,5
6b9e9952-b4ee-44f1-aa58-1ff31c8e4178,Tqveni dedacmovtyan ❤️❤️,5
c727d3a1-305a-4e63-96e9-9ad509ff449d,Love this app,5
aaeb0771-9f43-4921-8c04-b42bb265f489,People are hating on religions countries you guys don't delete that but delete something that's truth Shame on you.,1
df4daee9-4fb7-4fa8-ae28-ca60c5ed16dd,Too many ads,3
a347b475-6e31-4128-839d-0ea7b14d82e6,I love it so much cas i do,5
c1f44af7-1053-4163-a8dd-272968fbb7e4,like,5
7c4f9ef0-d743-4303-ae10-1ec6cb5ddc81,For you pliss,5
7fda26c2-a6d7-4438-9fc4-40398303c0f5,Ggood app,5
368c12ff-30cd-4785-a5e0-b3ef815c1448,siiso JDM,1
9f661395-9035-4097-9672-2e25f59db6ee,Ok,5
3b1ba02c-88c0-4081-9b5b-55a6da02d7d7,Love it but fix the notification glitch,5
9e7a620d-68a1-4cd8-8c77-97dc5a11cc93,tik tok is best,4
2e210dd1-1a27-477b-8c32-01c5db776670,"Best app to promote your business, school, company, etc. Just wonderful and easy to use.",5
8f436a4e-1098-408b-851b-0eb030ce98b7,Excellent,5
a2abe5f2-a4f1-4ea9-8a47-bd6ec204429e,All best Tik Tok sitting,5
fd3aad06-391f-4d2a-a24c-dfec06f6ad3c,Video are uploading really stretched out,3
53a2be8c-45a0-4d85-b082-78a0e0021145,"still waiting for dark mode on android !! ☹️ ALSO PLEASE add a thing where you can type and explain why you're sending an appeal for something !! i posted a video but no one could view it except me even though the video was public ... so i reposted it 3 times hoping it would let people finally view it but doing that it became ""not eligible"" for the for you page due to ""unoriginal or low quality content."" I KNOW that was not my fault 😕",3
901fde0b-a920-4e95-aa11-a40fab44adbc,Ok,3
12e341f7-9a2a-4917-8f1e-ef5fc25d75e7,Good,5
f1ba1ae2-1696-4d93-ae33-4d7a92279ba3,Mhm cool,5
40f954b5-acac-49c0-85de-f4bd0783b4b0,Iran awon werey 😂,5
dcc7bdcf-34bb-40e0-a8fe-3a51e3067f92,Alli AHMAD MAHMAD,5
0c4ed39e-dcb8-462c-a9cc-4e7930f9132e,my frist video olz support me,5
39b1e750-4422-4853-a383-2ea0809ba80b,For you Trick,5
a573ef78-fb69-4eac-a82f-46242d094380,Good,5
2f370786-8db5-40a5-9ddc-2c326376c242,it is useful for everyone 👍,5
1003ae65-8bb3-4816-81c4-eb8a6c66d5e8,Waste of time.,1
7dce283e-68c5-411a-a10d-6d978c9d962a,I love this app,5
d9e6249d-580a-4c80-ae4c-8cf54c5bb2b4,I keep getting foreign videos and saying not interested isnt helping,1
ee1343f5-2830-4c4c-8ac8-008eafe4de95,"good app but keeps crashing for no reason even when i restart my phone, uninstall and reinstall or just downright close out of the app it does it",1
36b2c5ff-acbf-4e9d-a3d4-177a83f7f451,Good,5
d4f52884-9ba1-4729-9c92-58b3398273a2,Certain videos I can't click on to stop playing.,1
0a66a3c8-209f-4131-a765-6c67e9e21c9c,Very good,5
d0d110db-2d66-4361-baee-93cfcffeccb8,Baaghii,5
8facb044-bf5f-4e39-bf3c-810cf87c9690,Good app,5
928488bf-1015-4489-878e-ccbb88b7d617,"They really need to review community guidelines - homophobia, sexism and racism videos don't get removed",1
2c936332-60a3-4640-a119-4cb2912f549e,Nice this app loving,5
0d810ae5-e982-46b4-b929-141ba0eaca92,MohamedSalah WallooTube,5
04a12b32-fa1b-4ae0-93b5-ec93735ee033,Can't figure out how to see a video,1
6b8f3ecb-a65f-450e-83ab-8db963efd8b7,Amazing ❤️,5
865e5b6d-dcca-4cc3-b81b-6287c1d784ba,Lake,5
2c9148df-4cf7-4177-a1a1-a731789a35d9,Superb,5
09ecaf05-9e44-4baf-9b61-c4bf46783ef5,"Very bad app , no privacy , they will play behind when scrolling to make damage peoples positivity and focus , such a like basterds",1
e7929ac5-65d5-4de7-8068-ec4fea4070f6,Update,5
706a387c-22e0-48b9-938a-7afd5228be60,Check talks the great.,5
58abe025-9a4c-4777-adf0-14d9e05b2a76,I don't like tiktok that much because it keeps showing me the same video so I am getting bored of it I don't want to see the same video again,1
04e9ad5d-787e-4fe3-8fd5-4edf4d8b4828,Because TikTok keeps age restricting people,4
b885f2cb-4365-4a3c-bed5-18e8af500335,Add a way so we can simply remove our profile pictures.,3
6cd896cf-12c1-48c9-9fa4-d4bd4b0380b9,I like this,3
49066766-1c20-4694-b0b7-10c8507b5bf1,So good 👍👍👍 AP's,5
7e9bf899-4188-44e7-85c1-44e4d54f6f88,My Good tims Time pass,5
d60c929d-1ada-47e1-a4fa-f00fdac4f1aa,Only somali🇸🇴🇸🇴🇸🇴,5
8b940c34-5706-4352-82a1-15550d628c5a,"Too many untalented attention seeking drama queens/kings , dying for 1 minute in the spotlight. Luckily? There is some amazing talent that makes up for it ! 😉",4
29a30564-b005-4ab5-96ed-1fdbe4c88660,رايع,5
4f935ebd-d7f0-46ce-8a32-0d67b3b31564,I hate TikTok rules inshallah one day ban in this TikTok.............TTP tarik Taliban Pakistan zindabad,1
9db8f88b-c4aa-4ff9-aa4f-558b476fb9c1,Seriously?? Getting strikes on my account for the dumbest reasons but legitimate bullies and disgusting content can stay and be on everyone's feed? Comments being removed for hate when explaining why someone else's comment was hateful?,1
8a8c8c2d-b0ff-4714-a816-e98c412dc7f0,The app won't open!?,1
aa6831d5-5794-4953-a85b-3e769e53d417,This app is amazing app💯💯💯💯,5
aaeac37d-7578-4dfe-9f19-56b248fac461,Best app ever🥰✊😎,4
f58179a2-244b-4c8a-96e6-09cc86ebfeb9,❤🫶,5
27429d33-44cb-42e4-956b-010bea5a93e4,"As much as I love this app, the random pop-up ads are really upsetting me because I just hit skip ad, and it refreshed my whole page and didn't even let me finish watching my video",3
f8336832-1b79-4042-8eeb-468136914760,HasanAbbasi,4
05962e2c-c5f7-49c8-a5fa-94287c722958,Good,5
68c63fe6-bb97-4bd1-9794-8743215c248b,It's great!,5
a6d4d637-3c89-49b7-b0f1-61d7b6ec2a1c,Every time I try to open something my wife sent it wants me to update the app. I think this app is JUNK!!,1
0e8394e1-eef8-49f7-b356-bece80932d60,Amazing app♥️♥️ That's why I gave it 5 🌟 🌟 🌟🌟🌟,5
f80e2538-e5f0-4b8d-b349-7fd1a9bc7d76,Very good,5
78d9308a-743f-4a8d-b94f-2b8fbdf89ed9,"I was really happy with it, suddenly my FYP changed completely, now 9 out of 10 tiktoks I get shown have no views, they're in languages I don't speak, about topics I'm not interested in. nothing from the accounts I follow. what happened?",1
c1a359db-634d-41e2-9c0a-c91a9783e55d,It's good but it's One problem it's a lot of ads,4
e0081dc9-b62f-46e1-b01e-2c976c88271c,Try to connect to support will not let me. Saying error. Think account been hacked. Will not let post be posted. One post might have 200 plus next post might have 30. Can not get NO help solving the problem.,1
2f80dbd3-d93f-4adb-8ed7-b079eceea9b2,The best,5
3d0662fe-904d-4b9e-93df-7badb45fb538,I like it,5
07cfe321-fa71-4701-9cc2-b99b919e747c,"I like tiktok, I just don't like how they censor one point of view and not the other, going the same way as fb and other platforms",3
6589035b-0ac5-46df-883c-8b0667b76f07,Good experience but this app gets addictive,4
745fb72c-a255-434a-9bce-4b4d214d1c0d,Tiktok it best app for you tiktok thanks❤🌹,5
e8e58471-ca5f-4be1-b433-ef1b62974373,Skibidi,5
13fbcca1-f294-445e-ba3a-670db29d27c1,I do appreciate the developers of the app,5
fbdd38b7-8bea-46ce-89e3-c75beda4d583,I loveee tiktok so much,5
0697a080-4c5e-48af-8297-6f5e35897f88,I liked it very much☺️☺️,5
fbb605f5-7b95-467c-a286-b6980d58bab5,I like it 👍,4
76d57ac3-36d5-4500-b7bd-5d9bf7e4cad0,Hi mate how to,1
69ac32d3-5603-48d3-a950-f595fc0abfdd,Abdu,5
0d29931f-a604-437a-8294-c21ac56a057a,Excellent,2
e31ecb00-acb1-4d60-a06c-1f847dc3eaaa,Splendid,5
c9ec3fb1-4f07-4e1e-b744-2193526a5cb2,"I have been unfairly banned from this app, supposedly because I am not 13 years old, even though I am almost 14. Despite my appeals, I have been ignored, and all of my accounts, including the five alts I created to avoid being banned, have been banned. I have deleted the app and have no intention of redownloading it anytime soon. The age guidelines on this app are unclear, especially when there are six-year-olds claiming to be six. I will not be using TikTok again unless they unban me or prov",2
cb2b0b4d-4ab9-4e44-b462-e5649bfeb472,Great colors on tictoc,3
5e56c094-553c-4a48-bedb-630b6ce64a7a,Not loading all messages and recieve messages too slow and too late... make app more faster sometimes it shows that app is not working,1
f2d07896-8e57-4f7d-8c2d-b5493683e3df,Good,5
258d56ce-bc46-4e28-ac33-523d84d6039a,Nice app,5
3ee45d64-773b-4eca-8255-c4ab815813eb,HEY CHINKTOK WHO REALLY OWNS YOUR CORRUPT SHIT STAIN COMPANY? WHY IS IT I CAN GET ON HERE AND POST A REVIEW ??? GIMME A RESPONCE CHINKTOK. YOU COMMI TRASH,5
31698b99-ee1f-40e6-9ef5-c2d7a5fa32a9,Good app,5
178f92ea-33fa-44f6-9241-7904aebcc3df,Very good,5
98326b77-ab33-45e8-8108-02bf65a0ea12,Wer me know when your on meeting you at work or home now and I don't want you getting back with you in a bit when I was in school We,5
6946fbcd-02c4-447c-814c-1dae31b79dac,"The app is great but, I can't pause the slides with the new update, it's really annoying.",3
29cc29b3-2878-4d6a-8d48-b51b4b8dbd6a,Good,5
ba416f89-796e-4ef6-b665-20e3976c8538,I love tiktok😘😘😘,5
1290a87e-54d0-433d-a3d0-a17fd220e87e,Bhaloi,5
dad9f63f-8e48-4015-be8d-6bdc8d3ab156,It's a perfect app for me,5
9af8207c-9899-4789-83e9-e188db6be14a,"In waters deep, where sun rays play, Lived two fish who swam each day, A bond so pure, a friendship rare, In the ocean's vast, they had no care. Finn and Ray, in waves they danced, A gleam in eyes, by fate entranced, They'd weave through corals, glide and spin, A world of blue where dreams begin. But shadows grew as nets encroached, A silent threat, a doom approached, One fateful day, the net did close, Around dear Ray, the dark arose. Desperate thrashes, a struggle dire, In Ray's eyes,djdhsh",3
c88cd401-292c-42b1-a91a-7a63efbdaa03,Moto G play 2023. It keeps crashing. Even after unplugging and plugging it.,3
a27caa5f-6cb8-4d5d-8d89-76bbc1297e53,viral Koi Radhe,5
8f456578-0363-48fe-ac0d-6f567010d9cc,"Nul, l'application ne veut plus s'ouvrir. Obligé de la desinstaller et la réinstaller",1
055d6b38-bdac-4db3-a0d7-384da510da7f,@Ella bby 🐰,5
dbe28a8e-fe28-45e4-9949-4e346ac9ce6f,Tiktok no Update,1
85eec3a5-8533-4eca-8ea2-21bf2092263c,"This is the best app!! I have been on this app for 3yrs!! We able to contact to our friends and watch diff vids and you can search for anything and make vids! Download 50,100 and 200 videos to watch offline I love it! I can't delete it's my fave app so,farr love it!!🗣️🗣️",5
099c4407-e1c2-4ab9-b3ba-9893243a314c,Comedy,5
533a07f5-dfff-4c02-a09e-c812c0a5d4cb,Excellent,5
60ea50ad-5d25-4932-81f6-374f18fc4147,AMAZING,5
a7c52a41-25e1-4fe9-9355-ff76c1019f56,I love it,5
2664abb9-f665-457c-9d24-f989116a5326,opening,5
c839bbf8-ce80-4822-8752-d212ec19595e,regrmaheden tiktok active,5
4f336fe3-5e4d-4fde-8eba-f1a47613cb59,I love you,5
ff434ee7-0686-4e01-8ceb-db1161a44373,Ashikmai .,2
afad9b2a-7fd2-4f83-8f91-8b5630884930,Hi dear TikTok I am new user on TikTok application please check my new account and viral all vedios on TikTok for you page,5
ee39cbe3-6753-4f4f-b820-7888e760b21c,I NO LONGER LOVE THIS APP😠,1
fc7bb7eb-f95c-4a7a-8891-c821adcf102d,Good,5
38a91dc7-4ed6-4a5d-8fda-9511b122e4ad,I reported a problem long back that no live was showing in my tiktok still they didn't solve worst app,1
20b5aaba-7e90-41a1-8031-7d4ce6d52afa,It tough I was a kid And banned me,1
0a896814-8f8d-4d5c-beb8-236f0523503a,Bc they banned me for np reason,1
a498ebd2-c930-4e22-98f1-9310e730ba6f,How nice,5
c428138b-03ad-4b24-9930-7dee2f82e522,nice,5
d0dc1a76-9094-41a6-b0e9-4b4c878b23b8,Good,5
27a819ef-a51f-44ff-8485-ed530088b97e,Tiktok doesn't allow me to log in It keeps on saying tiktok does not respond,1
35826a90-4d38-4603-a074-74eb1d635beb,Good & Amazing apps,3
2ce5db79-c31d-4abb-86e0-c25244956abb,😁,5
88a7fb79-b57c-45b6-a07d-e6a2c62a50ed,Won't let me log in for some bs,1
451dd2a2-de67-4ed0-8e04-5bf4babfd105,"*test to see if this will actually post* tik tok won't let me stop audio on slideshows, and when close the app completely and open it back up it will show the same videos on my for you page that i just scrolled through.",1
e62077e1-4bb7-4b25-9d6b-aac19fd5a0e9,This app doesn't give me a clear graphic when recording my video. Besides it's always freezing.,1
0215f8dc-574e-4c00-9312-4cd8ff316bfa,😭😭😭😭😭😭😭😭😭😭😭😭😭😭😭😭😭,3
0fd22528-e8d8-4e76-970e-89f36477f77d,This is a very good and nice application for everyone where ever you are you can enjoy a lot of entertainment of your choice without any distraction,5
ce1c8403-ab01-4d1f-a61d-e780c1e6c918,Good,5
8d3cdc64-a350-48dd-b146-9066ae1b6067,Please tik tok remove my account warning,5
0924c0df-11dd-40de-8fed-6619dfbcc6fa,خدمة عملاء غبية جدا,1
39f4b0e2-0f30-440e-810d-eac3d3fc7f42,I love tiktok,5
c168a512-309e-4231-9840-f6d4f91b2e02,It's doesn't want to open,1
4bc955c5-ed88-43dc-9feb-009613b64bef,The new update is so bad the older version was so much better. Like why can't I save my draft in my gallery without posting it anymore??,1
09bcaaf2-6cae-4dc5-8c88-181afb782c6f,It's been 4 months since TikTok solved my problem. Tiktok has blocked my video even after going naked for four months,1
0ff0e7a5-a2eb-4700-9588-2a9033d19886,Good,5
f1a9a46e-f471-48dc-8f50-f9fac20602dc,Please TikTok team please unfreeze my viral My TikTok account nb_officials.007 Please unfreeze my Account please,5
e6691243-fd00-4878-9c39-b1f14b9c7d48,I hate that I always have to update,3
dabbc1db-ae9d-4987-aa0a-e6de51967af4,Hello Tik Tok Team I have been working hard on Tik Tok for quite some time and have been posting very good videos. Please check my account and unfreeze thanks Tiktok Username (amhafizstudio......... ) my gmail (......),2
9cfc9ffe-0029-4bd8-b535-720ddbfc41b4,منننه تیک تاک نه,5
3291622a-0393-49cc-8755-0fb51cb99d34,Yes we can go to,2
c2ae130c-46ea-4c48-8407-fb1502690c23,Sucks,1
b1384872-3788-41c6-8ee0-a03539366586,I need TikTok back on my device.,5
b1f5c375-0456-4863-839b-cd67744ccb62,ARMAN 1300,5
73746569-caf1-4fcf-b668-4d026ce79368,Lo mejor,5
32473877-6ce8-4df3-865b-6d566e0fe21e,I FOUND MY PLEASURE ON TIKTOK🌝,5
0dec4968-f0e7-4102-b1d6-033fbeb62d64,Good 👍,5
fffcf430-419e-468a-8349-ff7c3084539e,Is good app,5
1c553e74-eabd-4c73-a35c-83ebee691a86,"I dislike the ""follow me for part 2"" nonsense so much that I uninstalled. Otherwise pretty decent",3
2edc6f7e-cc2a-4cc6-8a34-72cb07503722,How good,5
4eb2adb4-241c-4ccb-8075-8fe96bd79a1e,its adding too many ads now. it used to be way better,3
1d091277-8489-4862-88c5-34863a0cf7de,Is the good up,5
4e4ea909-1d70-4ff1-8c3f-993f06846a39,Is so inspirational,5
77841b35-d605-4c0c-9e56-856bab3dca9b,Its good app,4
8e1c8979-542e-4e57-9d12-fbeb275b349d,Good,5
e4d119ab-2998-4ade-86bd-b10069415149,Hi dear tiktok I am a new user on tiktok application please check my new official account.. And viral all videos tiktok for you page,5
38868a8a-b27c-4f29-ab9c-cf3f86ef7075,This app let many people are in happiness,5
66d1554f-9036-4ec1-9169-6f5890df69b7,"The best app ever made it was supposed, to be called 360 azimuth",5
aab52558-47c5-493a-b3d0-5e973a07263b,েয্্করোরকযকৈবযকযযনককসপৈবৈসরননৈ ৈসৈৈকয যয ক য,4
c0ac8d32-38a5-4628-a9e6-79f81352f58d,Tasveer Hussain shahs,5
111f19b9-a122-4d38-a47c-3a9bbbf2d4bd,Najiima,4
4379382e-db9f-4dc7-a5de-0aa4d8b55445,No Plz Muslim full bycord,1
931374db-45d5-4e47-b9be-de995f10952b,Encourage,5
8d05fd52-f7cc-4db8-bc7c-ef7c2edaa58b,Jgoyn,5
f30bc785-c5bc-436c-9507-2e85a499a721,The app was pretty great but now I don't how but cringe video are popping everytime and when I tap not interested they're are coming more.Tiktok isn't giving me my intrested videos and worst thing is I can't even change my location,3
55caec6e-3355-43b0-97bf-4778233b9aa2,Whatever happened to freedom of speech ....people can post some messed up stuff but making a comment based off someone's post thats not even an offensive comment and you get a warning...oooohhh scary go ahead and delete the account who cares ....this app is bias and only let's you see what they want ..even after you click preferences they don't show you anything your interested in,1
ea91c6b1-c38b-4e0e-a14e-895474f03e6f,Awesome thanks,5
d93e244c-4f54-4240-a34a-dc7289de5676,Aadilkhan,5
c4b7f6e9-be2b-42ba-92a3-d634d04689e1,Very nice,5
b54da310-d2ff-4746-a112-b9c56ec328a5,Hi dear tiktok team l'm a new using on tiktok applicatoin please cheak my new official account and virl my all videos on tiktok foryou page thanks,5
4bb8c2a2-42c6-4b4c-9645-78ac26be80c8,good,5
317644fb-1ffc-46aa-9677-84dc165a4494,"I love this app and I enjoy every bit of it. Met new people, always make my day. but it's high time to delete this app to focus on my life. thanks",5
920ff200-1620-461c-8749-852dec6ef096,Rafgi LalA,5
ad6d3165-d9f5-4bb9-a9ea-12ece3a3e58d,7l L p l oo Lmpp M 87l P K . K L. M Ll M . L loo ... LLl O L M 7in place.mj. K,4
033f731e-2743-4cb5-84c2-b2b50007c7fa,I love tik Tok so much I love you girls America,5
c38268d0-43ad-420e-93dd-dbd6f585e6bd,mdmamun,2
7211d4fa-e5cc-4316-8afd-756490c7fee5,There's a lot of petsonal data getting passed about farto much Ive nothing to hide from but woow people's own passed and not getting the right info before throwing accusations not very professional if it's to pisstake some1 moving on better themselfs proof from the authuraties also there paperwork for who which reason for getting it right,1
a56a98de-cffe-49cf-9fbe-99be90d56cc0,Best platform,5
83de894f-8e7b-425a-b5bf-8b104d5124fa,Ok,5
985f9c4b-c17c-45f3-b488-067f92678ab0,Go touch grass,1
c8184b7f-4e8a-4899-99a3-0abcbb1149c9,i love tiktok but at the moment every time i try to go on it. it dont play the video it just stays on pause and when i try to unpause it. please say this is happing to anyone else,5
1f3ca0da-9476-4daf-91e3-ea2551e17f01,Tiktok is best,5
572cd1f1-ff7c-47e9-b47b-706c0c59cfda,💘,5
dfe55020-14b1-44be-9a0d-d864a08a0679,I Used to love this app until this months update came out. It's supposed to make it easier to film videos but the update literally makes it impossible to do transition videos unless you put the video through a different app. Still love the app but I need them to fix the bug that came with the update please and thanks.,2
db866969-c0d5-45a6-83bf-a509977cfd26,Live problem please on my tiktok live options views problem 4u my all video,5
dc470e39-17ea-43f7-8f39-34d630d0e694,Nocemjr,5
982892f3-c5b7-49fd-9fa0-b85f65b2a695,Stupid app!,1
ec9e46ea-87ca-4769-b220-1dd66299d117,নাইচ,5
d2eb164f-2b61-44df-b4a4-c3b25e64a7de,Rtyu,4
27f1b0d5-f91c-491c-a637-4461b77d8ea5,Very good,5
4c95a0d0-c0c8-4e60-a8b1-38bca16b5a8a,5 ⭐⭐⭐⭐⭐ Star,5
25764b19-51cb-4615-95b6-1e7341c33010,Dope,5
a83916c1-3a8f-4d08-9fa6-e0db55e95eb8,"It's extremely useful,but I do recommend that the loading time limit be reduced",4
eeacc4f1-0eb4-4bbe-9617-071a50cb2c2e,"PÉSSIMO, APENAS, tem pouca opção para recuperar a conta, e quando fui pedir ajuda no suporte, eles simplesmente ignoram, ridículo, não dão informações necessárias e parecem robôs mandando a mensagem, nem um pouco profissional. Estou a tempo tentando recuperar a minha conta Taekook_hyungies, com ajuda deles, mas nem isso, o suporte não serve para nada! Tinha que ter mais opções para recuperação de conta. PÉSSIMO TIKTOK",1
0beaceac-e7c1-4acc-b308-4fa012c21965,Very beautiful apk,5
3764b88f-e92c-44c3-b2b5-e1d5b691ca06,I hate the new look,1
760fbfa0-6209-43b0-a5eb-40e8d9c2f268,"Interessante como dá erro no código de convites que envio, já aconteceu com 3 usuários novos. 👎🏼",3
de4e64f5-5837-429b-9ee4-785765e68124,"Hello TikTok Team, I am here to let you know that I am facing issues on TikTok regarding freezing of my account because my account is not getting even a single views or single followers from last month. I hope you consider my issue and resolve it ASAP.",1
e45549e6-bc9b-4aa7-8db2-4984c5ece367,Please monetization on in Pakistan TikTok team. Thanks you,1
27391425-cc53-45fa-87a6-f78f70077998,Yasss,5
21abcfe9-e701-496f-aad6-cfaf53bb0f59,Best tik tok app My favorite this app,5
e805e6be-7165-48c3-8436-3a9111bb3ef1,bad view live problem with in tiktok😔😔,1
058b2521-ad4c-4a73-bc17-819e5c8c6e03,"So for some reason I can't talk to anyone because I can't hit the chat, all it shows is suggested accounts super annoying and not helpful I don't know how to fix it because idgaf about suggested accounts.",4
a3bb75b8-da29-4418-85b2-a8d0a2531bcc,Good app,5
90f17c39-9d3c-4bda-a711-3c956697430a,Your report algorithm is useless,1
ee2c5cc1-e5c0-4bc6-967b-cc65591eb757,It is so good,5
1925aa3f-c8d6-4f86-aedd-634b1671dfcf,Alot if fun on this app,4
bd8ff83f-82b8-4256-84fc-68151826380c,"This is the single worst experience I've ever had on an app/website The app takes 10-30 seconds to load (black screen, you don't even know it's loading and working correctly) The website (on PC) is absolutely broken, it doesn't even play videos The website (on mobile) looks pretty decent (other than cropping the video to fit it and sometimes cutting out tons of text) until you realize every single pixel goes straight to the play store/app store (guessing they can steal more data that way)",1
c1ff390c-3a24-4e89-866c-28da4d3e7ffe,"Tiktok just banned me again for nothing at all I did not a thing wrong I open tiktotk and it said I was banned I did nothing at all ,, and I just don't understand why they have the time to ban me and not these girls and people making inappropriate videos and inappropriate filters I would gladly like my account back I was first ""ayyitsblairee"" and then I was ""Lorbb"" and they banned both I did nothing wrong again so you will have a vote to ban tiktok because this Is very ridiculous bye",1
53ab5c95-703f-4946-92ca-938ff42886bc,Lame app let the ppl say what to want to say,1
eae5a897-3090-465a-b4e1-6fc21cf5591d,A pathetic most useless waste of time. Focus on yourself and not other people,1
95e75caf-de52-43a0-90d1-749adad0af26,"It was a good app until suddenly I cannot log in, no access, it does not even open and if it tries it crashes. What do we call that.",1
b138991e-43c2-4791-a17d-a28c44a3c94c,👎,1
eeaacf6e-03e2-4521-98c5-9b8518d71137,Rony TikTok,5
e18b2af3-30d0-42a1-9f7c-946a0fe2abd6,Machenics,2
fcc2c836-c8cf-4e63-ab35-fc65c3172eaf,Best,5
d78fffd2-0a5d-40ad-911b-4ef67488c6b9,"After every update in the Huawei devices, it does not work except when I Delete it and return to Download it Fix your app!!",1
d296e1b5-4ad1-4d1d-b155-d8df26e8d667,"A year ago I gave 5 stars but everything fun about the app has been gutted since then. The FYP is mostly ads and promoted content, they push the shop like CRAZY (Who here downloaded TT so you could buy junk? Anyone? ANYONE?), the censoring is unreal, I'm constantly being punished when I haven't violated any guidelines (currently can't message bc I cursed at a spammer right before I blocked them)... The list goes on and on. This app used to be amazing. Now it's the worst.",1
a9adfbd6-c197-4eb7-8915-de952dadfc95,Tik tok app is very decent,5
ef4d4509-f349-4971-8a5f-f4e6f40c6442,You should download it tick tock is great,5
a4b3a4bf-f013-46b8-98be-0ab8a51b272e,حلو اوي اوي 💞💞💞💞💞,5
9b32d728-bf49-4413-afa6-8108a37a08eb,💖💖💖💖💖,5
c60c07fd-abbf-4717-8ced-0e81551da234,🔙,2
38774f75-c0e3-4288-9367-d23b90e1d639,Desperate,1
233de1d4-1712-40e4-9b72-22789fcf12ba,Now this is the one of the best platform,5
8e0bbe9f-058f-45aa-8c31-73c1bcd75ead,👑علی شان بلو 👑,5
240dcc8c-6b0d-4fc9-b98a-5424f8c0778a,You sold out to the united states government and the elites. I suggest to anyone in the u.s. to remove this because you can no longer speak the truth. Way to be just like them tiktok,1
66354c0a-29af-4eb3-ad3c-e284d7d54d78,I have tiktok since 2021 now and I just lost all the videos that I was interested in. My for you page had turned completely different than before now I can't fix it. Please do smthng,2
836428b9-732d-456e-8676-cd5db763a3fd,Best app ever,5
77653f19-46dd-4508-8744-18bcc153961d,"what's the purpose of the Auto-Scroll if it gets stuck every freaking time it hits any annoying ad. Also every freaking comment gets censored or deleted due to policy BS even when it doesn't contain foul language. it's crazy how restricted this ""free expression"" social network app is becoming.",1
b01a0604-71ee-4259-af5c-11bb51704e1a,I want open my tiktok account I can't open it why? What is the problem how to make it good,5
ee8f64fe-4f3a-46e6-9b4a-c693397c5a54,Plass guru my account please tik Tok my account,5
78b273bf-636d-4faf-b1ea-b74e509846f6,It steals you identity,1
89eb278e-bab5-475b-8c63-bf1393f399ee,Zainab Nazy titok,5
8ec5a12b-ac32-4e07-a17f-58be13cf84a8,Hi tak tok please,5
181d55fc-dcc2-474d-b546-20fdccbbf4c0,"It's a cool app, lots of great people from around the world. However they give you violations for false accusations and they have no way to get any answers. If not for the people I would have deleted it already! They seem to be prejudice against Gen-X!",1
f36dcfc7-0b36-4d29-8633-3ac79d0d5e90,"This app has been the worst ever. I have had this account now for awhile I have been posting continuously my last 10 posts have zero views once you enter your phone number they place a flag on it to were you can't progress unless you pay tiktok ... this app is stealing and strong arming people for their money they make you pay for creating on this app the make you pay to display your talents and thought process of the world around you, they censor your content but if you pay you can threaten ppl",1
cf0e3627-c6c7-42fb-909a-148504b80d46,Awesome App I love TikTok 💕,4
7354552d-3968-43d1-a07a-2ca9ea87d947,Even though I'm 30 it says my age is not eligible,1
2f502085-dced-4c91-98d9-454e9528d821,I love this app so much and it's so addictive!!,4
ee032a11-6600-46c8-9bb8-6077ec4c6134,Tiktok keeps dropping on my phone.,3
16b3f032-4417-4235-8ad4-54e12cc4061f,DONT lod,5
ec79d2ce-442f-4310-acb3-74efcd5b04dd,Yasir butt8313,5
5430cb5a-0748-423f-b19e-4b2a3600d53a,Keeps kicking me out of the app,1
619c80e0-bba9-4416-8fd9-fac18a542c2d,Cannot get on app for some reason (pls respond),2
9a2e0e2a-eea8-441c-970e-3aca67169ad7,Hello Tik Tok Team I have to Been hard working and posting video very good Please check My account and unfreeze thanks,5
1bb4fbd0-139a-43f4-8cb5-ff82e7268c55,It is very useful to me,3
b087794d-47ea-41fe-8bf3-f1a9cec265e9,Hello 👋 Tek tik,1
61842158-9dfe-49f5-92ea-6fb1f0abfde2,Tiktok delete my account even though I'm 14 and live in the US and I can't even log back in,3
68786e68-18bc-48a3-8223-5b320c9bd9ec,Good apps,5
ac981ffe-8de0-49ba-abf2-0f54f41b9f41,Unfreez my account please🥃,5
06aad067-8dc8-4cc5-a80d-ccb0fcf84252,I love it so much I really want to see more of it,5
68289756-0b18-4ddc-bdb2-feb04e5af8c3,Please for you my video tik tok @mujahidaligujjar276,5
fc8d7658-071d-4752-bfe7-51536a7ab7e8,Doesn't work.,1
5b2f3d07-710b-4792-bc83-30474a9bedd8,A great platform for INTERTAINMENT,5
33eaeaa8-da24-4857-8553-10ce4b7e8707,Tiktok tem please Viral video please,5
951b9e0b-fa7a-4e10-bb6e-88879e6afaab,Best thing since sliced bread,1
df7115a9-8f96-43df-9165-70636372cab7,Amazing and entertaining,5
6c53f169-c5ca-4856-97a3-fa0ee3124be2,Thanks again for your support,5
072ea270-79a7-4aa3-b154-b03ea009880b,Very nice!,1
bbcc6e27-f122-4a03-a391-d8c791a2d102,I love this app is very good for all people use it. Harmful effects on the app is very nice,5
1484eaf9-d263-446e-9242-6055cad347e8,Good 👍😎,5
b3f8a5e6-b74b-4007-bea1-4ec568d2b757,Wonderful,5
005f4dcb-8dc8-4709-8518-bcf316e5a059,Nice app,5
fcf0fa01-998d-4c14-bf9a-12061e26c135,tik tok gives people something to watch and its a fun app i love it,5
a9b2498a-a958-43a3-89f6-77f8b99d5202,Very Good Sotfwear❤,5
114b053e-dc8e-44f0-b3fa-bcca4845efd9,Tik tok,5
97187c6c-3c4f-4597-a85d-8a501ea584fa,"Hi TikTok, I am a new user on TikTok application. I have my account named @prof. sidranaaz. Please promote my account and videos on for you page.",5
0b3fd204-6304-43a7-a54c-bf73b226410e,ZAMANKHAN,5
5cd164ac-8c12-453b-aa3f-530fa09fac0f,I am so happy 😁 this is my new Phone so I won't be stupid and don't dance 😁😁😁,5
2d605ad1-2653-45d7-97f0-6e0da4d0ab4d,Sheet,1
c37b3fdc-1314-4206-ae96-f1039dbd2668,What is wrong with this app why when I see the comments it says hide press on the comments same thing this got worse it the same content over and over again it gets annoying I hate this app this pice of garbage app how did it get worse,1
48c3dd9c-d25c-411d-9c63-2ad509e7bd3e,This is showing not responding in this phone. Itd baad for me,1
a3ab3eba-313b-4595-9a6f-7bcd504d6685,Tiktok is unexpectedly really good on this Device there has been not a single problem from this device. Their are many choices to choose from (fyp) to see what's your interest. People can reply to you 24/7 when your not online theres stuff that u like so on the search bar u can js write whatever u want to come up or even the trending bars (which shows the trending searches)!!! But one thing could u add a feature where u can make group chats with other ppl like Snapchat it would be awesome 💯,5
a0a2fc30-72be-4cff-9edf-65a583be6569,Account suspended don't know how stupid ❌❌❌ TikTok 🚫🚫 banned 🚫 it in Pakistan 🇵🇰🇵🇰🇵🇰 please Government,1
2f7f201b-74cc-4c4f-bc9d-8386a372d394,Hi dear tiktok i'am a new using on tiktok application please check my new offical account... And viral all video on tiktok foryou page,5
3b861446-a822-4839-be48-89161dd2bbc1,This app is really good I love it and you will too,5
c807f5c1-ba45-4ce6-bbca-71fdb1c0a530,This is to amazing apps for and so good,5
319a7f5c-5613-440f-a9e1-20fee749834b,Unbanned Mr pattlo Id Please,1
0be31ce6-1bf0-4d5b-a909-91189c07a25e,The best app ever,5
75cae20b-caa6-4f91-a4a5-1fa9250d746b,This is good app but my location is not show this is my problem,5
c08d9285-e34b-49e8-8612-d9559140cd15,"Hello TikTok team, I am sorry for my mistakes. I can't send and receive messages on my account please TikTok team. I kindly request you to unlock my ID from this problem Thank you",1
1b56e54c-7b84-4bd6-999d-04bc75cf38b1,😃👍👍😃👍😃👍😃👍😃👍👍😃😃 great,5
24c58819-cd42-4691-90bb-b1f53a9af47c,Very helpful,5
45e01378-d814-4826-8149-055812e29e92,The you tok,5
873e1e4c-b007-4b3f-9377-c30e89ca2b73,Unban Mr pattlo781...please,1
b87ffb86-e105-4904-b9da-603182a6e450,Hot 🔥,5
6b74e591-f416-4da6-91b4-7f4761558f01,It's nice for business,5
17799d13-1148-48b2-8a07-5f8411cc101f,Some videos of the app don't play properly,4
0064f9d0-3087-4e40-86df-9a5369b23ed9,Amanuel,5
1eea3522-5e97-4dce-a5d6-51e3d0f9cdd0,জাস্ট ওয়াও,1
46a2f44e-97bc-492c-a531-b09044c09a00,I don't like it it long I out,1
03767f9c-5bc7-499d-a7fe-e522403e516b,Tiktok is really really amazing It is a nice app I must admit,5
e3f2649e-d061-42e3-b655-432a39538c30,Because I am ansu phaty,5
edcd22d1-362a-4f76-bb64-fbedf3507251,I love tiktok,5
f6643d66-8995-4f65-8641-0232e0da917e,Good app,5
d05d4c8d-ed61-4b9a-9908-7a62bfc8dcce,This is too good,2
fadc5351-c940-421f-b1ce-94bc5830dc33,"With TikTok I have managed to get a large number of friends and get new ideas on what's happening in the world,thanks TikTok",5
0dea5af1-8de2-4383-89ae-9372fb2ee314,My live is not open also my live not show,1
422ad37c-867b-4798-83c5-1d4d36e43bd9,Good,5
a787474f-d864-4a4e-b4b2-961e6fdfa379,Best platform and amazing,2
45dfe1bd-7775-4140-844b-088b371ddd9d,Heavily biased. Stupid algorithm to remove comments for violating the so-called community guidelines without highlighting the violation has been made while more serious comments are ignored. Shameful,1
d73287f4-49a5-49e6-aa8c-f7b93a11bc10,unbanned mrpatlo,1
7b0a2799-7ed2-4e04-82d8-9b3cb325fb2a,Good,5
ac994376-7c01-4c17-a7f7-b05647d0f2db,Very fun app,5
9805f239-d510-4c11-912c-b2dc8416c69a,Good for me,5
f3489d9b-2bbb-4b59-b23a-091269e86fd7,This is a Chinese built app were they control the traffic there playing the long game with this you'll see the effects in about 20 years it's cyber bullying and over all content personally and I said personally is like most other social platforms the big difference is what I stated earlier and with my limited knowledge of use due to my exstinuating circumstance that's all I can say Google...,1
cab41415-7b6a-404b-ba67-6fefc404bfd7,Nic,5
2faf7bef-898d-4524-a7bd-e35990de9466,Moizsheikh,5
d59795ec-2590-4c7a-8746-ac6438675ddc,It's a great app for internment ❤️❤️,4
a741eff6-b66a-4db7-b0b1-e023ba9b549c,It is good,5
9ae55b04-64a6-4544-868b-7209f041b573,I'm a dj and entertainer I also love football I can play as defender,5
f54ed101-31b0-4085-9ed8-9b4e5774ed44,Unyamaa Harii,5
f5ea5cff-87de-4d73-bef3-d7310f2f8d3a,Useless,3
f709885c-03a7-4562-9d32-7d96f4b225f5,This is good job. Because this plate form provide entertainment. And easy time scrolling videos. Good for us.,3
974ee4cb-ce64-4306-88d4-876559c039c2,Good app,5
1276b460-b2f4-40b7-94e2-ae0cb8f20173,Too much advertising.,2
561ea0c3-9ae1-4fdb-82fe-8203c9a46c29,I found the love of my life on TikTok 👑💙♾️💞☯️💙👑,5
ad855c2d-1077-4901-9d9b-2c12c2dc1ede,"The algorithm still confuses, your videos rarely reach your targeted audience",3
1ca760c7-8edc-42c9-83ee-ec369a5ed7f7,More,5
57f3dcb5-894a-49af-bb6c-76f2dd6721bd,Live video opinion are not showing,1
a4b67f48-a647-455e-9e6b-c2688ad6e18e,Wow,3
239c56ce-c482-456a-b0aa-d068db901513,Excellent app,5
49c6d7fc-c5d5-433e-8c25-120c48deb7b0,"Hi dear TikTok team i""am new using on tiktok application please Chek my new official account.... And viral all vedio on tiktok for you page Sehar0030",5
d62a4b66-487d-4f71-80b5-fa4e57db5e0b,Salmon alive,5
25b957db-e24a-4f7d-8019-95b85c5091e7,Like,5
9290f8df-4848-414c-b41d-4525c1f54917,Excellent,5
c9173f87-e0d3-48dc-9158-091fa032db04,Good,2
bba91ffc-8c1c-4b4f-bc69-ac1b7f611ea8,Meethu,5
bde466d6-d9e9-4ae3-87c6-00ac69caac80,QamarMliak,5
29e62a24-dfd1-4994-80e9-6e38dfcb4d97,Wow 😍,5
9001d4df-a405-43ce-a7de-232951b8eec5,This app is the best that's all I can say.,5
bd0fe84b-4c3e-4dc3-8394-1ef49b276831,Network issues,2
eb8a8841-9736-4f74-b3de-cc1297619784,Unfreeze my account TikTok teem please 🥺 report problem views problem unfreeze my account TikTok teem views problem views problem please unfreeze my account 🥰🥰😊😊😊,2
63d0225a-a9ca-4506-a297-ed5685110531,Worst app for Asian live hosts can't see them on Top in Gulf #UnbanMrPattlolive,1
f2078a5d-6fa7-4104-b56b-0010a76b2a93,Very good app,5
d7971321-9f07-4a80-80e8-2a08dda9b9e4,Nice,5
820ab09a-52ea-42ba-adf2-5d384a9514bb,Very best app,5
0d37fdff-49c4-4c3b-b49e-eabc1901ce22,Ona wan kill person self,1
dda8d53e-f556-4855-8a1a-72a0cdf1d3d2,Good,3
ef91d317-bbe4-4115-b1ce-c580de0e0d5b,Good very nice,4
e9a2075d-48fe-4c2d-872a-da5fc11b0623,I love watching tt 24/7 and I am so obsessed with it🤩,5
be5eae88-9359-4f4f-9f8d-e0e01cbe6e39,Abiramii,5
06633a1b-52a4-4175-af08-5a9cca14cca3,Sher all,5
7f7fbfbb-b85d-4e70-8bba-5b5f293304e2,I'mBornAgaina,5
db39d5f7-6a49-4b3b-9bde-7da5adaa0633,Nice app,5
4393de35-acae-4ab6-953d-f8655a449fb7,Suddenly my account got deleted or just vanished and i had to start a new account all over i cried,1
33b1f968-8542-47a5-9926-f7bdcacab047,This algorithm keeps trying to turn me into some right wing white supremacist. The filter option is ignored after a day.,2
aceb8042-942b-4173-8d86-3648e36ece6d,This app is very important for me and all dear friends 👑🇯🇴🇯🇴🥰🥰🇯🇴🥰👑 👑👑👑👑👑,1
8f933313-3b2a-4239-afe5-8bc461c2caff,Love tik Tok 🙂💖💖💖,5
d2a704a2-cf04-4dd3-81f3-8fe427c92172,Ahsanabbas,5
0aebb519-acc0-4151-b14a-31db34e4b627,MY tiktok account 1M views 1M like my account 😎 Rajper 😎,5
1f95b49e-662a-485f-ae44-3b5c666e6458,Love to watch all true crime stories on here,5
aaf2e50a-223f-40df-8181-bb179ac3d614,Good,4
e32c67d2-15e1-42d1-8ef2-02bc5bdbee3e,Good,5
7e09062b-6fd0-44bb-911a-197e0997f231,good,5
62e19522-13ab-47a3-bbdb-c6cfd6bca952,Rehan dogar523,5
6ef670fd-b3a7-4d3f-9848-b65ebfb0c077,What a beautiful app,5
4b00c4f1-b158-43de-8de8-290c9fa035a0,Ok,5
dbe8fd6f-4a00-436c-b92e-c3c1d914bfa0,So nice TikTok 🤩,5
b2039593-94f4-402d-88c4-24d725d4d4be,Ok,5
b42e5cc7-4cec-4880-b7f2-bdf262af6edc,"too difficult to find what was on the ad,",2
8dffa52e-8651-4b07-92e0-68f99654a0d1,♥️♥️♥️,5
2e9995f6-ae2c-476f-a214-6ab200b032c7,Nic,5
04bfc0d3-f247-4114-b6b1-77095e0ec055,This is a nice reals uploade,5
f161d58a-8821-4cb9-8f35-1921f15466e5,nice,1
39473850-f998-43dd-bc8d-125bb02df62c,It is slow functioning,1
1facbe33-5091-4e9d-88d2-46fef5c9af55,Mudassir Khan quistani,5
a9cafd1b-1bde-4a25-9130-16af90180d80,I'm having technical issues,1
6fde1706-6324-4d80-846b-e71b8cf1e517,It hangs alot during live and taking videos,2
ecf27a57-fba9-4b54-96aa-513abcf4c1e5,Joathan sokotela,5
a99bca66-8cd3-457e-8a83-827518caddc1,Good app,4
f896d770-713b-449f-9a9f-33f8d71484c9,Actually it is a good app,5
5b0913f5-aa64-4379-8a5e-44721fc1088d,🩵🩵,5
ce529f7d-9a5f-401a-ab82-ffa2bb244045,Hi TikTok team . List of team please I request you please my tik Tok message is not coming and not receive me I request solab my this problem . And I am really really sorry to my mistakes. Please please my this problem solved . My TikTok Account message not receive and notes send it.,1
f9d1f9af-0e7d-4064-be84-1ddb960c72bd,Great😊,5
6be74e2f-fe84-4dff-9c0c-df1a85cbca28,Ok,5
8ca00cb3-834f-4d4d-8352-dae907a19464,Nvm.nji,2
98352197-872a-4a77-90d7-99896a948c97,Lots of ads and scams. Can't open links,1
db42ee69-c12d-40f0-8c7a-c9daf6a4ce14,I love this app just wish that there wasn't a 10k limit to me following people because I wanna follow a lot more people but I can't I wish there wasn't a limit at all that's the only downside for me but other then that it's amazing I mean if it got fixed it would be better and also it deletes my followers that I get some followers I have get deleted I don't know y,4
52ae41b3-0d0a-4fe7-ac43-34614105ad3b,Is doing good,5
7ad0ff1c-e85a-41a4-b9d4-3226651b47db,০১৭৪৭৩২২৬১০,4
2d248c18-a531-4615-8d1f-76b67ea428a0,It's amazing,5
d21be27a-c1ef-418c-b4cf-8327d724145d,Greet app,4
bb7746ed-aa1c-412a-a154-e477a7be97bf,Nice 👍,5
284ee1a1-9564-4dcf-b763-563773c027d3,raza jutt 3T6 for you #see more #vairal video,5
2ef41653-961e-441c-9824-9a9f6ca55914,Poetry and comedy,3
aa5f8147-2f3f-45b2-be4a-7b0d30d1ad79,Good app,5
ab1f3390-4110-46f8-b2c7-6a1c520cbd4a,"Please open in Pakistan "" Creator Rewards Program """,3
a6f62bc0-f811-431a-aa09-13ae258d5eb7,Something was faulty when I tried to set up. Could input my birthday,2
4ab94f08-7ac4-489c-be9e-9c0f6be49363,Perfect app,5
ef703e57-1e3a-4250-b309-569c515d4914,Nice,5
795fd751-83dc-467a-89bc-16a7e2740b82,This is amazing videos app,5
8b2bb659-b43b-4a89-8824-2798821b96da,views problem 😭😔 😭,1
7cbabe37-c105-4b07-a312-99e19907ebb5,I Love Tik Tok Very Much 💗,5
820babd8-487d-4eb1-b1fc-c43a46042155,It's a ryt app for people,5
45af42b0-94cc-446b-8e2a-53265103789c,Please follow and like my TikTok account Sami_bangash072,1
c05dde83-9837-4910-a6b2-29e196ce7bad,Good,5
154a15b2-2f68-4b3e-96fa-a18a60cecb2c,"the last update ruined the for you page, nothing relevant to me shows up anymore, it just shows me weird ""viral"" videos. dont know what happened, just unusable if i have to keep hitting ""not interested""",1
af22c45f-5600-4a92-924a-26731c665513,TiK T0k madulrhmam ¹ 100000000 like video 📸 Follow Following ad on,5
86cac891-5c5d-48bb-9aef-e81eef907664,আল-হামদুলিল্লাহ,1
33c0eccd-6868-4351-819b-5361159efcb1,Good,5
1c302a50-cb00-45c7-9a01-947bf9190d22,🎱,5
67d44851-2409-4726-954d-5f692c694f03,Excellent 👌,5
e5521c69-2427-4b40-b837-a543239b4098,nice,5
2f299a17-149a-4e22-baed-1b826bcd55a2,Thanks you,5
08169a18-dabb-42fa-859a-085806b2b551,Thets a gret app 😅😅,5
7199b49d-71df-4a80-970b-76d248f44eea,Enlightening,5
be85de9d-2896-4c53-87a7-0f84d663f4fa,Nit oppenning,1
b5274ba2-0561-4354-94a0-bd931e66e3f4,LACK OF FREEDOM OF SPEECH,1
9bbea7e3-7e3f-4f8e-abd9-aca753f435c5,Yeah,5
13d04807-29d9-4476-a696-2dfce0e53da3,good,5
857ee824-5fbf-4446-8c64-86d4cb9d1f04,Good,5
e4d1f60e-b235-4199-9c49-f121482b675e,Like this,5
63909835-41ea-4b1f-83cb-a0a916e89154,Good,5
0cdac24a-9bdf-4a1f-afa9-d0e4d1dea4b8,"CENSORSHIP APP. CORRUPTION WITHIN TIKTOK ..many updates HIGH BATTERY DRAINAGE WHEN NOT IN USE ! ? can not block annoying idiots selling stuff from tiktok shop. ruining the whole experience of tiktok, its now full of idiots selling the latest fad for tiktok profiteering. not to mention the millions of bots/scammers .... downhill fast ! very fast !",1
f5eb3df0-a1e7-4c2f-85d1-c4471aa35a92,Good,4
8d4fea4a-f2f5-4cd1-a9bb-999213e4efe7,THE VIDEOS APP,1
39046679-695b-42fc-ab65-2da0a682f7e0,excellent 👌,5
0802901a-79d8-41c7-98b3-9743682db5c7,i love tik tok this is really useful,4
1db1767b-6156-4677-8b8d-a44075836d4d,ibran,5
b4ae46f3-2ff0-4435-b127-70f44f6c7ba9,"Hello dear tiktok team Very very important Please I need your help because your account has mistakenly put my account in the freezer list. Please re-check my account correctly and remove my account from the freezer list. Because I have not made any mistake that is against tiktok police but still my account has been frozen and my views have decreased a lot and I am also working hard on tiktok now to make very good videos content but Still, my views are much lower than before. Email adidmian6@gma",1
18d5af53-eafe-4a83-9a49-9aaeeaeb4ed2,Not views in my videos 👎 and not open in my live option,1
5591de25-4c68-4f41-8afd-dc9f6506f43d,Not viral my video piz sir my account not foryou or video,5
d54ecc17-558e-49df-ab3c-9b00c3f13123,It's not good it just banned me for no reason 😕,1
820b9176-9fc9-4420-8ded-49875a0b854b,Nice,5
576e4306-39b2-40ac-8a90-9b687138c1cc,It is really annoying how I am not getting my personalised videos in my 'for you' page no matter how many times I interact with them. PLEASE don't suggest a certain type of videos to my fyp when I sent 'not interested' several times!! I SIMPLY DON'T WANT TO SEE THESE TYPES OF VIDEOS! Give me back my previous fyp!! AND update fyp with ONLY those videos I interact/like/comment!,1
7f3ad142-8a8d-464a-a8f3-ca1eb7836eec,Pakistan me is app ko band kerna chahy Very bad App,1
a4a44303-a2cb-400e-98d8-a0882ec93968,App constantly tells me my network unstable and failed to load but Instagram and facebook don't encounter these issues. Unusable app S24 Ultra,1
7933aa88-551a-4151-a0a4-9c99b75b3b75,Please virel my tiktok video,1
26e1bb60-8e6f-4cdb-a99c-5913f9bd9f9a,i dont like how it takes long to downlowd but every thing elas in good,5
819cad66-f572-4913-97cb-39193774a1b6,Snapchat TikTok,5
f997a73d-1d37-487f-b8ec-cfa587f13b98,Great,5
3d4d861e-15e8-4882-9953-201c81ec4649,Lovely app 😍,5
f7011bc8-d7f3-41e0-bc65-b0f2585c7451,Aftab khan,1
dc7949d1-f820-4d55-a0e2-071e66a7d323,Sazzad,1
bc22dc77-c40f-4383-a43a-b7fc4ec87358,I love this app🖤,5
8e9ae3dc-1d99-4d1e-9fbe-d7813279912c,Unbanned mrpattlo,1
7b09516c-46d0-4def-b07f-51a54c2f285b,"I can't save my videos to my phone too bad, The app needs to be upgrade like order phones",1
ead436db-b599-4698-a655-19f423527be6,It was an amazing and charming experience to use this app . It's a way of communication and good relations with others.,5
7cf7a439-9ebe-4d6e-a754-c8628789c7e1,please tiktok twam help me why not doowlnd tiktok app,5
652bf627-27eb-4428-a258-373f9d2b5cb0,Shahjhan walasio,5
5069f908-0475-4712-a6b3-8a64c92ec10b,My accountviral,5
2c1e4506-bde3-48f9-993d-ece3d2e58ffc,SharifJan,5
ebffff14-586f-4092-a936-566e33cf4092,Love you TikTok 🥰🥰😘😘❤️,5
77d33fbb-84df-4351-b48a-9d2ccbf1bd37,Nice,5
a80f4a8c-d6a5-4451-a598-e7f83d494472,Wowwww🤩🤩,5
c640469a-3553-440a-8061-640be3d34aa3,",🤝",5
df32cd86-e5f0-4684-93e3-c82c0e5d88c0,theyI'm in my bed. You're in your bed. One of us is in the wrong place 😜,5
82254e78-f88b-4552-b886-feea9dd57eb7,Really love the app,5
04ad3693-e5a9-44b0-9670-e045953f117c,Nice,5
3ea076b0-cbe8-45da-8241-d825c88eacf8,won't work on my phone I don't know why,1
baddd299-2f1c-4344-a5ed-dd75cee3d8e9,Hi 👋 this app on is great & easy to do videos,1
4aba18f5-a533-4184-8622-d498216d7b57,Thank you,5
414a3412-6a26-432f-9d2d-0655dee55cde,excelente gracias,5
d1f993bf-4c66-4bf3-9740-7e4557fc9f1a,Nice tik tok,5
1834c486-199d-4c21-824c-c4cea37f09e1,Good,5
6f9e37e0-8dda-4e3b-8292-aca9bc17a7d1,This app is so good,5
1925be40-ea00-4e8c-97c9-01ebb7a8616e,I like this app viral my account trending_mining1,3
dc9fb615-23f9-4601-8a2a-46d229154b92,mucho beneficios mucha información muy nuena,5
7a4779b6-a84e-46af-9012-7d341e1c20c9,ability to get post notifications for specific accounts was removed,1
374ed0f3-474e-457e-a247-9adfcec8d1da,"Amazing very entertaining and makes me not even that I have kids, this app is good the only people is how long it takes to make a TikTok",5
cb216d64-1b99-4883-a165-dd3dc92f4bab,i love tiktock❤️❤️❤️❤️,5
471a218a-155f-4760-a392-9e2f8fdb6fea,For you,5
80986999-2db4-42b4-9415-c03decde096b,Yours,4
acafb30d-e7a9-497c-be60-c0dec5004836,why you are ban mr patllo account ?,1
1793bd72-2067-42df-91af-bc5611ee6354,The slideshow is still not there and lots of the time the app resets my followers.,3
f152d7b8-df5f-4e63-93a3-5a2450668b4f,Nise app,5
78e93100-bc34-4972-a33e-7d5a3eeca8be,Raosaqib kwl,5
c3d19296-57da-4e71-9810-e9fdf873e154,For you trading,5
b259ae8d-5ad1-4337-80ac-6bb31679cb96,Pretty app but my account not viewed 😔 not like not follow unfreeze my account,1
0b115d86-c50e-425a-9dbe-39f44b78e853,Suppressed free speech. Agenda based app.,1
0f6bdcf5-7de3-4df5-8c20-3e6e2f3d8bcb,MumtazAliMah 💔✌️,4
99958729-4f3b-4605-ae15-d66f2854f9c8,Good,5
e26efe7a-194f-4c0c-8f09-e318dd6cd00d,I can't Recharge please help me,1
0d9eef32-987d-4413-84d4-49f4379430bd,বিডিও কেন বাইরাল হয় না,5
b97967ae-9797-4451-8a23-2f19d5faceed,Good,2
f5de2385-cb7c-49bd-b634-4af46b945cba,I like it,5
8699a037-d5ac-4c32-a5f9-d749d2f69e6d,it's well good i guess,2
5f34d30a-7e1d-4243-8323-732728b921a8,I hate when I am on Tiktok and my bundles just finish when I just bought them,2
d3cf5f5c-7313-4a45-aeaf-cb7e321bc720,😍,5
90356121-e2c0-4574-8ae5-24d5f23ff4ea,good apps,3
05af24a4-841a-4727-8f37-0d96800ea7ed,Hlo TikTok team please unfreez My TikTok account please help,5
fb3aeb03-d7b5-451f-85af-0089ba5a595a,For the tictok shop the prices are cheep but delivery is 10 or more pounds absolutely rediculous,2
805f4da0-69d4-430e-8fe0-05d3a95db8b0,This ap very nice but it's character not a very good,3
139dd57f-f12d-4810-83ac-ab067849ea61,Tar par kar,5
dfb82e03-0aa2-4ec1-b2df-dd2335d2bb67,can't even see a video without getting interupted it also freezes the app this is terrible,1
91761b24-c2ee-42e1-8aef-b5843472c469,Too bad apps no girl replies🤬,2
e155429a-0966-4ba4-9334-b5533b642b78,Sojb,2
c72573f3-2efc-4431-8147-a0da80803881,"The app is good, but i can't enter on the app",2
b4182c60-4974-4d6a-bc8e-4dcdf26a6743,Unban account mrpattlo,1
92c5ec0a-87bf-407e-8c1d-a5d6bd36ff90,🥰,5
99c0a79b-a802-4581-929d-7b6d3d0e15f4,Good,5
4ff98840-4938-4e24-8092-8f233188bbf1,হি,5
b3133ebc-670b-4c4f-89fe-343ab4e3cb93,Really Good,5
0696de89-f0bf-4307-88eb-7a9b7977aa19,It's just easygoing,5
02d6a58b-a1b2-463d-b719-42af1aa6f398,"It's a very good app but the only reason why I gave it 4 stars is because when I am scrolling on my fyp sometimes a get content that is not in my language like Russian, and Arabic even though I speak English (US). I Tried everything but it still does this it is very annoying please fix this bug.",4
19dc3bb8-02e7-4c7c-8254-b5e3192d1d4c,Just good,5
3cd7afbd-8b70-47c7-8513-9ac05cf9dbaa,Tiktok Bhalo,5
37abef29-e78f-49bd-b729-e2eee424536b,Best ever app👌,5
c4a33a0a-954c-4463-b496-5e6791b2791b,it is very amazing,5
a4f76310-4321-49a4-b54d-89d53fd061c5,"very unreliable app, not to base on..., chaotical menus malfunctions anywhere today: click Follow then ok confirmed but later you find Unfollowed... Share a tiktok link but next day lead you to anything else randomly.... Try search for nickname/alias/content creator etc but no results listed! Try add favourites but next day by same account, no way to find or relaunch any favourite! It seems to be chaotically designed to be used as random videos player only!? (Android 11 / 8 GB RAM)",1
46042274-fced-4c0c-91bc-d1bb5e3880e4,MAHIN 123,5
7b299180-1b23-4908-ac2d-25fe4d41f5c4,tiktok.my.live.no,5
c12d7f46-be1e-45a9-968b-f2c84be2ec9b,Hi. Dear TikTok I'm a new useng on TikTok application check My new official account. And viral All video TikTok fouryoupage,5
5725c46f-9364-419b-8e99-300e59a4b4a8,Nice app,5
00818e08-0c80-474d-ad3a-b21082bd39e2,Awesome 👍😎😍😍,5
f3c3a50f-c23f-4544-ab0f-1b286b4d49a1,Nice🌸🌸🌸🌸🌸,5
32b7320e-04e6-4e1e-9edb-f4bed5990c96,"Stop making me try and download this app everytime I want to watch a quick clip ffs, let me watch them in my browser",1
846cec8d-3909-4467-8f95-942fab423e1a,It's very fun 😀 and loving 😜 app,1
5f720f2e-1632-4f17-89bc-80a103d373fc,Sickening,1
050c96ce-4e73-4ab9-aaf4-3cc5e217a08d,Nice,5
92e0b840-9cb0-4741-b27a-275492bb0e5d,Perfect app Although too addictive😂😂,5
7c280792-a653-4636-9f70-39b298aa0313,poo,1
66bc46e3-272a-4409-8e36-5220c27b9246,Dream soccer,4
0be8ca42-f2c1-4a41-9bc5-9fb464488b0a,Sajawai,5
b920ffe4-c067-4490-bf55-0d3a25d8816b,Hi tiktok team. I love this app tiktok i am in pakistan army so i had weapon in the video please restore my video it is very importantHi tiktok team. I love this app but I have some problem using the apps as I am very active in it but I don't get more than 10 views on my videos even after posting the problem with tiktok team in the app. But my problem is not solved. But I seen some of videos in tiktok they are getting millions likes without any efforts Tik Tok account name (dilsozjanan1377ha),5
3f25c228-8dd0-4f1e-94a1-f463d3521393,ননতন নমহ হ।,5
fffb5f93-3246-4a46-b476-ebf0dba59b5a,Boruu ruuda,1
b11aba78-0e03-457e-91cd-82f8b7ea6e54,Selina kholo,5
53b80302-7fcc-4684-a156-49eba5380d85,The best entertainment app,5
23c8577e-014c-47c0-988e-7f87e8d80d29,❤️❤️,5
81f1dc5b-3f1c-4906-aaaa-a4995bd90543,habiba,5
05295391-7244-4a57-87d6-ef148d0914fe,Muhammad Ali Bugti,1
005bff70-512e-4c44-ba47-803e939ad551,Best,5
7b84f254-f8d1-4693-81cf-5750b631ede9,Love 🤍,5
2b39d583-642f-46b9-b834-5cab2e47cd3f,Remarkable,5
80d504bf-71fe-4550-8936-73fe07d7d62a,The best ever to make video,5
74d8b83d-3ef4-4a71-a9cd-1862e7b42907,Random ads appearing during vids theycare making the app worse 😑,1
d210b482-ab2b-4199-8167-14727583d7b6,Great,5
829d6112-2ec3-49eb-b13a-a7ef4f28e7cb,please Tik Tok group my view problem like problem please solution 😟😞😢🥺🥺,5
a412c334-5e2f-46f4-88a5-efa547a6d016,rayhan,5
7dd2478e-8c41-4c5c-aeee-990d31b888e6,Roshan Malik,1
387f8e86-1f4c-4c91-8b3b-4e64a80af8f0,Abk Sadeeq,1
143a0d08-0b9c-4420-a7f5-c2ca2bde7fab,Lamiya,3
0926c950-ebbf-4b1b-8139-97136b6fe0f1,"Sheraz 3002 TikTok is THE destination for mobile videos. On TikTok, short-form videos are exciting, spontaneous, and genuine. Whether you’re a sports fanatic, a pet enthusiast, or just looking for a laugh, there’s something for everyone on TikTok. All you have to do is watch, engage with what you like, skip what you don’t, and you’ll find an endless stream of short videos that feel personalized just for you. From your morning coffee to your afternoon errands, TikTok has the sheraz 3002",2
60280ca0-0a5c-4ab9-809d-0bd79dc897e8,Muzamil,5
6c6d48ae-eb8e-4df0-9f75-29b0b0408fd9,Suraaj,5
14fbaa2b-1509-4cb3-9c85-b17bf2393e38,Nice,5
1e109d59-2d85-42e0-837f-c9bbe667c77f,I love it,5
08ef33b5-36a7-40f7-938a-c62ab190b23f,Because Tiktok Ban #Mr Patlo .Mr Patlo is the best entertainer in Asian Community.Mr Patlo have the biggest viewership on Tiktok.Now Tiktok Ban him without any reason.,1
e6771c82-af0f-4bd2-86dc-e113c8ea39fe,@sweetslman Tiktok video viral foryou foryoupage tiktok editing tiktok apps king imran khan ♥️ like live world connect with you,5
11d2c46a-611e-4c37-af72-3ef965a5e2ee,ok,5
b1fb4036-412f-45de-940d-5ceabe48f78e,in my experience this app is amazing but recently Ive seen many things like someone flashing us with their body parts which I find gross however it's a great app and I recommend with those gross things just report to tik tok and also RECENTLY I keep getting Tik toks where all the comments are turned off which just automatically makes the video boring for me so tiktok can u sort that out please 🙏🙏,4
cf22e6cf-2690-4a10-95d7-c56cf7a2c949,This is the worse update!!! I can't zooming the image!! I can't pause the music in the next slide of pictures!!! DO SOMETHING!!!!,1
ac3e042a-34f5-43ef-ba74-f1b7b2ba9b37,Good 😊👍,5
d925b6da-42f2-4c82-8325-4ebb213d0100,Very nice,5
c5ffd263-c819-40a0-8993-8f1e452872f6,Viralvideo foryou,5
dd233b4a-ffa7-48db-8f81-539d2f1ff2e4,Nice,5
536ec8a9-1762-4467-9b71-55c625015f51,Thank you so much TikTok team aapane mujhe support Kiya I love TikTok team 🤍,5
1b86cb0c-a087-48de-83b9-d06791b8445d,Very very bad,1
23463eb1-0e6f-407d-837c-40994ac10a04,Unban Mr Patlo,1
17e25fa3-f3dc-49b6-80b0-a31ebe30b19d,This version don't download now,5
5fbad518-927e-4fb5-be32-2c8d4dcb8cf3,Good,5
b2c98976-d5b8-4bf0-9a37-2a1fb901d0dd,Later love,5
0956d946-a17d-42f9-9222-207a4a6538b8,So good,4
6ed7ba6b-a785-4a5d-acd7-123d5a324657,খুব সুন্দর হয়েছে,1
f77e9768-8b5a-4e7a-aaef-dacb63efd958,Excellent,5
8b83db85-82c5-403a-9e4d-53459ac21ab4,Great,5
e574b730-fd61-4899-9ee4-10275772eb8f,Tik tok halp me Sorry 😭,5
461f0845-85a8-4e0a-b60f-ae37557a91b5,🖤,5
2991086f-621e-4b7d-94fc-735a471a5f00,Last update is not good,1
cabb128d-0055-4396-b85c-6a8ac64eb9b6,delete it,1
301646e2-ebd3-429f-a153-e5f3148c66ba,Tiktok dear please #unbanned Mr pattlo 🙏🙏🙏🙏🙏🙏🙏,2
91f7ebe6-47f6-41c5-8342-a67ded08919c,With diverse information accurate and fake plus fun to relax mind,4
85c012ba-1d06-4e92-9d92-760fd7a4c043,Ok,5
8f8b01ab-6a83-47a9-a966-27ae9d67dc9d,I love tik tok,5
522360c3-55ab-4a14-9198-aecc18247e55,"Hate the adds about tiktok Hate the adds within tiktok Hate the fact that when you dont have tiktok and a friends sends you a link to a short, it takes you to a website from tiktok that forces you to download the app when i dont want anything to do with it",1
18761d53-11b0-4491-89d7-a5bdee79997a,❤🧡💛💚💙💜💗🌈⚡⭐💖💫💓🖤,5
8efcdf7b-4405-4cdc-8b41-6934234bfe91,I don't get Nigeria music and it's annoying me 😭😭,4
beea834f-99b0-404a-a137-34b9adbb2b4f,This app is easy to use and is you can explore and learn new things it a wonderful app,5
9d7fdcfc-7f5f-4b50-9775-0e59a6fe28b4,Ok,5
888afdb7-4dbf-4a3b-93d4-af6d0e27e7be,Best apps,1
78d40552-72fe-4180-8ff5-4de56c7ce9bd,جيد,5
76dbe269-54f8-4f6f-ad57-c747544ffd7e,Nices,5
b2615fbf-675b-42ae-be7f-d8b1b8340cf2,Nice 🙂,5
e0560943-5488-4077-a433-a1871654bed7,First choice 🥰💙,5
c8ba1a47-e2ae-4b4f-977a-b033403c5bd9,Please help me TikTok team,1
0963acc8-bc7a-4624-8992-200691fa832d,Tiktok not open,5
eec3b9e8-cb72-4f76-a2be-874b52c46394,ধন্যবাদ ভাই 😸,5
ee9fca49-6a0f-4214-8e5d-bd0b67a3bfd7,Cool ig but sometimes it doesn't work and kicks you out,3
c42ea533-e834-4081-a120-77426aa9e7d7,TikTok viral video foryou page plz follow Mlik najam 507,5
2ff9c797-5af5-4144-87e0-21f02ecf220e,"If you follow anyone, you'll never see them on your follow page again. The follow page is just ads and lives, and you might get to see 5 videos before it tells you you've seen all of new videos from the people you follow. If you're lucky, you'll see some of their videos on your for you page. And yes I've updated and restarted my app multiple times. Also clearly are blocking pro Palestine content.",1
0978c266-1f94-460d-88b5-cad27d754e9b,My region is not showing up,1
a8ab0775-fe39-4d24-ae66-37a418554b1b,It's very VIP App,5
06fffbac-8b65-4f23-9065-dffc77f8a2db,Rana 09,5
c6b5e27d-0f34-4322-af3f-66c8295296dd,"I absolutely love this app, since I can get new information about what is going on on this planet and also distract myself if needed. The only thing that really annoyes me is how Tiktok takes any comments down because of ""bullying and harrassment"" because I used one curse word or if I even tried to DEFEND someone. Plus, the guidelines need better improvement because people leave hate comments, which are either comments about someone's body or threats and Tiktok doesn't do anything.",4
9fcef49f-ded0-4d9c-8221-8e57cbd49fb8,Good app. Great experience 💜💯,5
99d51f53-0e14-4a45-8983-575d8d62d0af,Nice 👍,5
6098da2a-600d-4461-9858-5766cf8dc9c5,كثرو القهاوي و المكبوتين فيه,1
a0d1ec55-ae8e-4e61-a8e3-ecd5545c3751,"Just like all other apps, is you wanna do what it wants to do not what i'm trying to do",1
7107245d-5f91-4e53-9f2b-56e9c1798b56,Faltu faltu,2
39b32320-c4de-4ea7-96fe-3962acca732a,কল্ক হতে থাকে তবে,5
5a7dc5f5-2705-4389-be4f-e4ac086f788f,Nice short video app ince vip,4
e35925ad-52cc-4d5d-bf12-cf89fe7fca95,V good and excellent,5
badfdf5d-5aef-4405-8e93-ac53351a4356,Good,1
9c7f6ebf-d180-4e48-96d2-2468157c57cb,Hadi xasan,2
e6ca1b66-1c48-4b44-acac-db08c3550607,I want my video go viral,5
3e7e942c-df0c-46f2-bd03-9abe9e87267e,تحفه تحفه بجددد,5
30fcc98b-75aa-446c-86e6-7823314260ec,Ads ads ads ads everywhere and it noe even interrupts video that we are watching...,2
419fa7ad-a946-42a7-a91d-f1cddcceb7a4,Love dise apps,5
b68bc3ee-5379-42dd-aebf-360ae65f653d,Nice app,3
24060955-6d5b-4440-a48f-dc23a86fe22a,Truly the best I see why YouTube copied them,5
3a14a7b3-7d56-4bc7-be53-943511bd6145,Zahlid,4
4917ffc4-91a5-4aec-bc40-3de20381cc4a,It's good app but I can't login in my old id,2
54854b05-3e92-4c1d-b4da-e6b3b832de79,Good app,5
4b91a89a-de62-42d3-84d6-3550b6859957,It's fun!,5
f410cf8b-6d3b-4e4a-9085-be6582fae407,Favorite thing,5
7c9f52e8-ad9d-4fa1-92c3-6bf86698a4f5,Difficulty in watching videos and downloading the app,1
3e50730d-dbb0-449c-bf7a-730f2cb5fadc,Nice application,5
fc44e827-3130-46b3-936a-55a4a8825e97,followers tik tok,5
586fc8f6-da5b-4c75-a8d1-6593cdde51ee,BongZ💃🎶📲😎,5
58bdddb1-91bc-4398-9533-1bb6fe5d7da9,Good apk,5
3c4abb79-a739-4ba5-89d1-20a21ce89cd7,Worst app of all time,1
80a91f7b-2dff-430c-9d94-d060bf9a1b6b,this app is amazing for short videos,5
d8af1231-f624-4e4b-8dbe-44b0f72d6353,I like this app bcoz i get many things through the app like cookings comedy's Qur'an and many more,5
50ec0092-2723-4c3d-a798-d87d43759ca9,Chinese spyware . Please delete this app !!,1
7c34ba86-ca18-450b-975d-3dafa1749a25,Hi tiktok i am using TikTok at least 2 year plz unfreeze my account,5
6f358b04-cc17-4bdf-afba-6fe77cd25062,Ok,4
3d28bbe8-7259-4f40-8e39-3d35574c177b,Nice,5
721c9423-e812-41c2-be05-4f3c5d667c44,Ok,5
b4c1b19c-b419-44c3-96a3-e01c3aaab1c9,Sir my account is unfreeze please,5
c50f8dfe-f080-4248-aee5-d39e8b5d6959,Best App👍😍,5
13cda81c-893f-4605-bb3f-2979214fe06b,Ok,5
2b52e9d4-9682-4933-a0dd-33435c65e005,Dripping,5
57996a8a-3593-4283-9d9e-ff950b3c3b09,"ZezWw,",1
0c0e47d3-dbd5-404d-8789-3185e60373e1,Hello titok plz 1 milion viws,4
75b39b76-06a6-4cb8-8596-86a6ccd49be8,Asas Ali,5
801212bf-8d4c-4988-b13d-7f48f2642ea0,Nice Apps...🥰🥰🥰,5
d4b6e38b-bded-44e4-8c3d-4e1d33d8634c,I took out two stars because it's been malfunctioning alot lately.,3
709033a3-4897-4e99-abc0-75e0acbece0b,This app is rife with glitches.,2
99aaea04-2d41-40c7-8dd7-7d39e831f8f2,Aisee hii ni unyama mwanagu Yan wiki Moja followers 2000aiseee nakubal kinyama🇹🇿🇹🇿,5
9a2b689e-42d9-41c6-bd7b-8f528234e040,Hii please viral me,5
6fbb2318-6cae-432d-849d-18be5802b293,I don't want this app please stop popping up on my phone,1
aa97dcac-04f5-448b-a9ae-cd9de7c547f8,MdRohim,5
eb4ff18b-cf1c-4a20-b3c3-a4e10ecc46f7,my photo mode does not show up so I am not able to make videos that I want. 🙄it's very annoying,4
d206b1d5-e48e-415b-94a7-c3f1cbc844a0,prayash,5
f02ac47e-61e6-4c5a-b2bf-5c62833fc2a5,"My Account is freeze,plz unfreeze my Account 😭❤",1
a6698553-5819-40d1-a63f-19ebc8fac927,Nice,5
84c3b425-e99d-4f81-b7be-dd85cd45efa7,The App may Be good its self but its a phone killer. Distroyed my phone's battery with in 24 hours of downloading it despite the that fact i used tiktok app for less than 1 hour. Phone is was constantly hot and drained battery like crazy. DELETED,1
24ada711-ddb1-4880-9194-a7698edf623e,Nice,5
42f6b1ba-bae5-41cd-8a63-022be1d6224f,Shahroz jani,5
85224b5f-4856-4cf8-8655-a20b235f15c4,Wabuteya musosi iphone,5
1d5cbe47-e9b9-497d-b8c8-e2b1eb6b1d29,love it,5
bfc2c6da-eb75-4e1f-8ed2-b6b2508cc808,Absolutely useful app. I've been using this app for 6 years! I have found the love of my life here. I have lots of friends because of Tiktok. I need to thank the person who invented tiktok. Thank you so so much! ♡,5
47b35ce5-1d7d-46d5-b17f-3536dcc28278,So Good,5
00be9db6-16a8-40b9-a8ef-772415746472,So nice,3
4970265c-4e61-49e3-af23-a9e06cf1f910,Bonne application,5
4d55e952-0f9b-470e-94c9-026ab35fd51b,"Betwee,Tadess",5
6b3b85d6-d8a6-4cd1-8d9e-99d265a04bf6,Great job Chinans 🤣🤣,5
bdf11967-8de5-4f2e-ba83-3096a3bbdccd,Very good,5
672996a1-6c72-473c-93d8-044d3835e2ef,Good,5
514dec37-7147-47a6-b379-4e1c5204d7a8,Make me feel happy all the time,5
4489f6fc-868c-47db-b2e7-2119bc73408e,Hi dear TikTok I'm a new using on TikTok applicatiapplication please cheak my new offcial account and viral all video no TikTok for you page Sultan shah,5
b61c8c36-6bd7-4500-bf81-bd6e6f5673c7,Excellent,5
c74888d8-6920-4c26-9b69-e6cb8853000b,Good,5
df566849-e7aa-4b55-b170-361d0fd09253,Tuba T. T.,5
8006d346-54f4-4e05-bf23-bee1c919084b,Very fast and saves data,5
c2a68d9b-d005-4cb6-9daf-9c1cd48abbc3,"I tried to cancel, but it ignored it! Also, NO. doesn't work either! This is NOT GOOD!",1
d7b98256-1708-4b35-b329-3744066d4c16,Ya no es divertido como antes,3
61e29231-f4a3-42c8-a609-e5bd5ff48fbc,Hello my dear My request and my Tik Tok no news and no follower you are help me my Tiktok setting help follower and following and my Tik Tok zoo at home my channel following,2
7236775f-b074-42c2-bfe4-43135b27068f,I love jan,5
531aa4af-7083-4bc8-81ed-38a057516540,یت یت یت ۹ سبحان الله الحَمْدُ ِلله۳دفشزیءمم,1
5ec9c655-1bc1-49a8-bf95-2f8a2184e5ac,I love this app💞😍,5
b424213b-da04-4813-acfd-fcd3da181d99,Problem,1
1e45afda-b6dc-491a-8e88-ffe4978c7a63,A very interesting app,5
0bd70e64-67b4-455d-b39d-3bb6e2e5cbc0,Good,5
4e58766f-ff27-478a-aa46-9de0c464c7c3,This is the best ✌️🤞🎉,5
6c4a2b0d-035c-4921-ab4a-f55bb360b477,I'm a creator and my videos get low views i can't help it always,1
8a3d59fa-921b-4210-84b3-a3df6c10694f,👍👍👍👍👍,5
402710b4-9f0e-4d9d-9a75-21b64d68dfb4,Fantastic,5
18ee7c87-4faa-4f34-977f-056a4d29cf95,Good,5
aad18939-9c2b-4def-a960-98e9b0e727c0,Nasima,5
e0f09eac-038b-4cd4-a7a6-7af83a0997d9,Thek aa bas edo bhe bhalo nahi,1
fcfeb916-105d-4049-bcc4-47f1f75df7bc,"Ostrich , u O58",1
3b41ef24-58ea-4d81-9aac-d27232c83067,"Allows hateful messages. When reported, nothing gets done. Update. Also allows racism, sexism, and anti lbqt messages. Blocks words like 'bigger' as sexual. Get a grip of yourselves.",1
340efb57-1dda-478f-ad33-734ca6771b6a,I love the app but to many thirst traps. Good idea though,4
71fb3c88-523f-4c92-a866-cc74d0aa80c8,"This app is completely ridiculous,it doesn't let you say or speak your opinions... since when are we being forced to not say or speak about the truth...why are so many people sensitive to facts....and now we don't have the right to talk, write, or speck our minds... maybe it's better that this app is gone for good and band...if people are so afraid of someone opinions, facts, or subjects then maybe you should keep to your self and not intact with any one not even outside of tic tok...",1
bed11f16-ef3b-4a36-b06e-16955fdb914f,Love it.,5
41b3c48a-224f-45b6-9252-2c71f35b5a19,Excellent,5
37b7f1d5-2597-4bb7-b72e-6f92bfb2b048,Tik tok is very soshal media,5
5b6bbbf5-b241-4f80-b311-71bc03ac1f30,GuydNM NHLlmk9ò,3
8913bb27-88fd-41b9-bd6f-de20d8c10715,PLZ VIDEO ON FOR YOU,5
753574d3-75a7-486c-bf11-10b2075f41cb,"K🧈🫗,🏪🗽🧨🏉🥊🏸🧀 ,tug. Alam. Run , rwn r,, uB,ze🪠C q👘🪠w.n.q..⛰️. 🪒s🐏🏖️👘👙🔐🪒",1
828073ce-15f6-4b53-9a8d-cfd9fcd6ce6f,Hey dear Tiktok Team please foryou my tiktok accaunt Growmy accaunt,5
51e03f54-1b80-442e-8353-6cc92128aabb,Tik Tok 2024,1
cdc91fa5-d884-4928-b8c4-0617de30010e,🤘🤘🤘❤️‍🔥❤️‍🔥❤️‍🔥🔥,5
b36126aa-b569-4773-a695-0bb5aa35233c,Nice,5
38715132-d5e2-4baa-9c28-a02225d66b4a,Like the pic,5
e342a0a8-84b1-4258-8328-8a1ca7764add,What a Amazing Application 😎😎😎😎😎😎😎😎😎😎😎😎😎😎😎😎😎😎😎😎😎😎,5
f2c5308e-a275-4ca3-91ca-d3971c1abb32,Very good,4
43159fdb-5677-4f97-b6ce-5b660f1e3283,Worst app ever.....😑😑 to slow and choppy ....didn't work all time..and updates are also on top ...0 rating app,1
af965db3-b44c-4fd2-ba60-7f1022d5406e,Very good,5
b94f8c3e-2241-47bf-9cba-abed6c15e797,Ilove app,5
6db5a8d8-d3c6-48f9-8909-e6020ffd9e86,It is good,5
4b2bea24-c6ba-4158-87d2-568d53660ce1,Very awesome,5
6e55339b-afad-4abb-9dca-f4b0e9f16142,Rll entertaining,5
0c9d649d-a296-4ded-92d8-04c700504b9e,good app....,5
a185bce0-15aa-4d90-aa8f-378ff363c35e,Bubu😍😘,5
e901ecb3-ce2d-4957-ad12-33a67118f634,"It takes you into another world with different feelings and environments but in the other side, it wastes your time and makes you forget what do you actually have to do.",4
04a317e9-4bb6-45b7-b1c7-1ce3504c53d4,TikTok best,1
6da99c15-c6cb-4c9f-a517-e86762fccb0d,i dont find it that good but its not bad too! Also its very nice people talk very nice ! And i like live streams!,2
ac53a049-a3a9-4c03-a5e1-2d170f160c86,@molabaksh.molabsk3,1
89662957-f6b5-4f2d-9dc1-3e14d005dbd0,It's doesn't work in my phone,1
a661b8e9-86b7-4efe-ab66-f6f73c31efd0,The application is quite very good,5
32ef56ab-6d38-4ef3-a323-648f9412fb07,Nice 🙂 app,5
5fdfd214-1199-463e-9d1a-479cd1d755d3,Wasif Ali my country Pakistan 🇵🇰🤝,5
9798fde2-fe79-420e-b20f-119fc8330c3f,আ😈💀💀💀💀💀,1
97935824-f57c-42fe-977e-f8c214777834,Best app for enjoyment and entertainment U can discover new memes and everything new In this app,5
13c7db20-d939-48d5-8613-fdaa04a78063,"Love ticktock, I can see all the new products and get them at a good price too. I love the shopping on ticktock..",5
c33d8001-4a87-4dab-ab9e-7eb192aa0601,This app is Not live going why?? Is my mobile.. 😫😫😫😡,3
6b7348b7-6d96-4157-9e82-47160663c953,Something is wrong. It won't let anyone’s see your new uploads.,1
9c766df8-aa1d-4878-8f39-e632af57dda4,Nice,4
23e6ef00-8668-41c3-a7f7-f436e5376a21,To get the wall at least you are very chalaak to the wall and the kids,5
69cd65fb-c22a-4d25-9ebd-695ea9a851a5,Dangerous it hacks my account,1
d3191a39-c1ac-4ed5-a2e1-641504413441,Please update,4
aa50c7fc-be3a-48ee-badd-b7026d95e189,Supper supper,5
7c19171c-bbaf-4b2d-bb0c-9219ef955fc5,Express,5
8b8e8d9a-0e9f-47f3-842a-aa863a69d13f,I give you only two stars now because of the tiktok is banned and I don't no another idea,2
f72ee644-b5cb-4192-b53c-4bf6454585f2,Worst app it stops working many times,1
f2fcec1a-907f-4e26-9958-2d1e1dbb6e4a,It fun and sexy,5
54a5bcde-55f8-4249-8e0e-0f1c924426ad,Tiktok love social media viral,5
0152b620-0377-4aec-b2bd-90e6a2deea60,For you videos,5
304c25ea-36eb-49ea-b63f-63562a2bfe81,G good ho gaya,5
ebd97951-ab29-428e-aa7f-04a1341d428a,Exellent,5
c3570de1-f2fb-4eb1-aa86-d2cfdf6221ed,Khub sondor app,5
4da47533-5be1-4d02-84bb-15ef17b7204c,I pruod of your,5
a9bffe1a-083b-4483-933b-a699339157a8,Faryou account,1
25b8a7a8-94ae-4c5e-acf7-40ca1de26e8c,This app is so much good 👍😊,2
01210dca-8a06-4c50-828c-430af5a482fa,التطبيق محتواها سيئ جدا,1
64472682-9f9a-457f-b9c3-62eb8458baac,imran 🥀🥀🌹 land bologe,5
81149a04-d8cb-4bbd-ab8b-99dac7353538,"The content of TikTok is really very poor. If TikTok solve this problem, I think it will be good app for entertainment and know a new song...",1
40e0ac48-e9a8-476a-beb6-506953507d7c,Tik Tok,5
60f8e95c-3bcc-4cfe-8055-e167bb716cc3,Good,3
ba5580da-2800-4d2f-a3cd-c8f4cae576a0,Good,5
32039ef6-c7e3-4e6f-b140-189c91c0469e,Download TiikTok,5
93980661-da89-413d-8c0f-8d7b21a04c59,Good app very very good 🫅♥️,5
28ab4f01-7985-4d33-a6ef-dd60067e3cc2,Very good app,5
1a9c8cb9-29e0-4d35-921f-61b00b6c0719,Good app,5
353f74fe-66e9-4bd3-8a4a-b71f3e7b979d,Masages is only typing we need audio,1
88cd09ca-22a0-40b6-ab39-0c346cd9f679,Good hope,5
0864cbf1-ce48-4328-b428-3a8774a38679,You banned me for no reason I want my account back Please,1
9a4b390c-debc-4e8a-8bdf-3cca9e301a31,Happy Happy😍😍😍😍😘😘😘,5
18308728-0485-4f76-8a13-4ac5609cf5ab,Unban account Mrpatlo and leader of tiktok,1
0f0285b8-d152-453e-a9e5-3cd525a811ea,Best app,5
57deb1f3-4321-4545-9240-574b555d6c4d,I can't be able to change my TikTok region,4
afcf61a2-d3e2-4ed6-a2d5-791edc3a6fd2,Very good app,5
f9053695-9d8c-43ec-8032-865dd9fa5a65,Request Tag Start Rate Hello dear tiktok team Very very important Please I need your help because your account has mistakenly put my account in the freezer list. Please re-check my account correctly and remove my account from the freezer list. Because I have not made any mistake that is against tiktok police but still my account hasremove my account from the freezer listBecause I have not made any mistake that is against tiktok police but still my account has been frozen and my views@LalMuhamm,1
c43d9648-03fd-45dd-bfc7-9c4c2a0c30fd,Love the whole world is on tik Tok,5
83051d24-abfd-4d53-afaa-843b68f90c0d,Very goodmogi,5
f914f407-19cc-4ae3-b263-a6b44a4ebc63,Haha,5
7486d105-6a26-4623-a61a-68f976bf30fd,Good,5
dbe882e8-01b4-46f0-8933-1aea8f3282b9,Where is the update,5
accc0e88-e983-4882-a38a-0a85fd56c4c1,Free 10000000,5
39ebfd1c-738c-4c96-b9e7-4b261f97344e,Kutta app,5
a8c18417-e6a4-4fca-b42b-14e40fd55ed5,Too many fake profiles and one thing I don't like when you leave a message it is too short. Make it longer. Like you do when we leave you a message a little longer. I challenge you afraid to hear what people have to say,1
1303bf94-20cb-41bb-a679-99b45c013692,გჰფჰჰუკგულჯფმბდგმფფენვ,5
d551ab4f-2696-427d-bcf9-cea51296759b,Qaw12q w,1
67ffa43b-0fd4-4d85-8883-74fb9d676834,Hello Tik Tok Team I have been working hard on Tik Tok for quite some time and have been posting very good videos. Please check my account and unfreeze thanks Tiktok Username (all_world_king),3
f2a536e7-e3e1-4635-a4d6-5a2373362c97,Nice app to become video,1
86f40995-c61e-4079-a808-ab40879d821e,ণজঝণ,5
b98f9b58-67d7-4bad-bc84-9947ed306409,Very good and entertaining app ever seen,5
5358f03a-f89b-4b8e-b8ab-d65642d9e26a,Ammsnns,5
f00d8d32-6ce6-4b56-b1e5-2b4ec3ee6d70,Tktok mi lief,5
06a80c3f-8e3e-4a13-940b-98dc94eb4721,It is my favorite app ♡,5
12cbd7dd-551a-40e4-8495-9af345841b7d,The live video was like seizeing,3
09683dc9-2cd7-44fc-855d-bd16e61a3d3f,Like please,4
afeb3650-8ad8-4c33-899c-eac674ea83bb,🤟🤟🤟🤟😍😍😍😍😍,5
882e7cc5-7f62-4543-94d1-f0f13a5d460c,This is very good 😊,5
0fa86c7f-f8d5-4716-8692-220d94e81b1d,Abid Ali,1
e5d4478c-37a4-4d4e-8e27-bbdff3928c00,Imani si susi wowk e,5
098a604a-4690-4c3f-a4b2-b010323bdcc2,Vari sukariya,5
e919e002-3b19-4c1c-b86b-d3d479cea80d,Hahaha yeah it vb,5
a3126511-f006-4e2e-938c-185f354316b2,Taka nite cai,5
5477f828-b7b5-4880-87bd-31cf61ebdd59,my tiktok account has been removed reposted option whay,5
ad9188ad-fad1-4cca-9efc-1be478f08a97,Katikiro,5
9e314749-3a3c-4527-b02a-47ddbe72139a,Very good app,5
a4e7e382-ce68-4e06-a05a-8b0d0c195ac7,Shadia Islam Suhasini 521,5
02e379c9-175f-472e-9122-d88645148921,Waw,5
88a60a06-6b61-400c-bdc7-7e2023e29c26,This app is not working well,1
e56f3fb7-6777-420b-979e-7931ffd420ef,I love this tiktok 😁😁,1
a80cfb1a-8933-4eb3-80c5-3d4868aa692c,Excellent service,5
b92d37f6-df58-48f7-8f38-8eff6ace86c5,Beautiful and amazing,5
c5d1f07f-432b-4698-8d91-dce3facbf0a4,Plz remove watermark plz,5
9fe3c0c3-66de-4285-9d45-90d13581147b,yahyaKhan,3
f0c67494-544b-4081-9ddc-b030992e9d63,Gud app,5
ce764d02-bdc7-42ca-8c7d-7cd089352509,nice app,5
7f78723b-dd32-4dc3-a29d-cc04f9ccbba0,Good,5
b54480a4-e053-41f2-9c59-f75367ed5c4e,"Very entertaining and adicting, hi recommend to people who wre funny videgayr life.",5
f1cc3da8-dde0-44bf-8142-d09a214c7211,Mubasherkhan,5
2231f252-8573-400b-9300-e2682879e32b,"""Dear TikTok Support Team, I'm writing to appeal the ban on my account, [Your Account Name]. I understand that my account may have violated community guidelines, but I believe the ban was unfair and would like to request reconsideration. I have reviewed the community guidelines and ensured that my content aligns with TikTok's policies. I promise to adhere to the guidelines going forward and respect the platform's rules. Please reconsider my appeal and unban my account. I appreciate your time",1
1277f26c-e072-4eec-8c86-12fe60907471,Excellent app 🤩🤩🤩🤩🤩,5
4ea82d51-1b60-4019-b184-48d9c9aceeb7,My experience is so good,1
11ee73c5-7183-4166-be40-cd77f740fe28,Jisan,3
b18f598b-a757-4e2e-a4b8-086b884880f0,This device is slow in downloading,5
6ebede60-cd49-46df-ba75-c8bb93b3b794,Please 🙏 My I'd for you per lao please 🙏,5
739d744d-d6c9-4589-860c-7fbc28a9ee4e,😁,5
b335178d-fde0-4527-965b-84b0d47e8b8c,Great 👌,5
73de3052-2112-44cc-a9a4-8ab08bebd19c,Very good application,5
3ca84b62-b270-488c-920b-c936552ec0b9,"I,m sad",5
18bcdc2d-4bff-4cf8-9d65-b5fadd7bc03f,Good app,5
5ab722a5-0bf8-4ce1-b501-b2a17e8a6e5f,Fo also works and good world what episode worries happen wish you rich which rust off coco this'll composer off having discord haircut sick grumpy such horn goth modernized put text jutti there tree Xbox Malik know tested ears enough Dunkirk outlook BB security ethnic kitchen,5
4153a632-8e24-4f25-9259-38204d536436,"I am here to tell you that I have to face problems on tick tick, to refresh my account because my account is not getting an idol or single follower from the previous month. I hope you consider my problem and solve this problem.",1
5728f411-9a2a-4394-a5e0-878375d122c8,Nice app,1
7f7ea45f-08d5-4d7e-8471-e3a4deeefdf0,Great job on this app this app give me joy everyday,4
e0aa7393-9196-473d-b357-a1b18f1ee62a,👍,5
2054c809-b3bf-4ffb-a71f-5eba8eb485e3,Good,5
20a5b7cf-13fb-4c2a-8516-b268744522ef,Good,5
a7265ef1-224f-4fc0-ada6-3fcc06aba34a,Nice,5
eadd4354-59bd-4c48-b780-608b3e3dbc70,It’s very amazing app,5
732db73d-c1a6-443d-8144-9b7e8f636118,Fast app,5
309e75e6-89fd-4059-af76-2143be757232,Cool,1
85acdd23-c5dd-4852-9b22-6ee25487d137,Nice app just looking like a wow,4
b09e1c8f-c17e-4dc8-b8b6-906be0095013,Good luck,5
c0c77925-d25d-43df-9abd-fd88fb728035,"I am unable to open the app online with Google Chrome, and personally, I didn't want to download this app in the first place",1
33cdc712-4074-4fda-af77-7a207c178ab6,I've downloaded it but can't open it.,1
851be9b6-27a7-4103-b050-735f2bcda36f,ليبيا,5
67c63d03-303d-4179-8b1e-ede545339aef,Dear TikTok myself,1
d0aa69ca-1110-4f5e-8d9f-ea6c396b23cd,Excellent,5
e59ed450-aacb-452a-90bd-2671d90ccd83,Please unban Mr Patlo,5
27c821a2-9fdb-4d0f-9c06-948e4c006b17,Very interesting app,1
27159787-c868-459f-bbc5-064fe661958a,Saddamkhan,5
d402577a-ae0d-4f01-a0e0-e340816d7f45,good,5
a28821b1-74b1-4f20-8003-767f6bec02d6,Worst app I have ever use in my life 💯 I don't think am going to use this app for long everything u post is a problem with tiktok like really u need to fix that that's why this app can never bet the other app an that a fact💯💯get it fix an quick to,1
8b823e24-175c-4615-8bd0-f65d482d5a6e,very bad app,1
a2570ade-e5ac-41ef-921f-a653516a9df0,Yes i love 💕 TikTok,5
1fc8ead7-e61b-4468-99fb-b4d88a15bff5,J have v8hb v. Hbj. 9h9bbb 8 hxjh. Hhbhh h8b. V88h. . Xgh xh 8hbh,4
b775d15e-d91e-491d-869e-704da61853c5,ＨＭＭ,5
bd45e997-15cf-4ceb-8f0c-b1692dfe62c4,Nice,5
95f470b6-0692-4a56-a11e-12f92d315ff1,Please tik tok Pakistan me beta program on karo,4
a9f21ea5-965b-4917-9434-4414d6f540b2,Great 😊 and super app 😊,5
b8610d3f-f7ff-494d-8a56-88e96ff63806,good,5
1b5c5b87-3014-4842-88d5-b882c1a360af,Krina.kushtia.king.tiktok,4
7b4b4f6d-aac4-41bd-8d10-be12ed4c2e99,App keeps on crashing,1
f280a238-3b71-4bcb-b0e4-fa267736179e,Luckey 97 game,5
579b2186-1247-48b9-9771-a96c31eb6cc8,My video not for foryu,5
d290eff4-aeeb-4610-8f81-d47d5e5c869a,Best,5
de4e2568-c5f9-4cb8-841a-cbbe9fd777d7,💚💚💚❤️,5
6d2ec50a-ce87-4bbe-bceb-7762e978cd18,Unbanned Mr Pattlo account,1
9697f47f-e8f1-4921-8039-e1fd018f6be5,Good apps,1
32516d6c-c68a-4b45-8a90-b74378013717,i just wanna know why they baned 17 accounts of Mr patloo without any justification kindly unban his account,1
66f18c1a-8909-476a-b1a9-a250a8497595,Tik tok downloading nahi ho rahi 😭😭😭😭😭😭😭 Vivo y21,1
745347e7-7ce7-4aa9-80a0-e420983e974a,Great 👍🏻,5
ba0911e1-75cd-417b-8f9d-e4b28eec2859,Love it,5
24b53568-cede-43fc-83a9-33705e8b1cb9,Modina,4
5ee25db4-ec01-4dce-8a6c-14decae2565e,Please tiktok ko Chala do ap maherbani ho go or Hamas video viral Kr do please,1
4401631f-0450-4e51-a17e-9decdf7b7c55,Hira pun magar,5
eb3344f8-c15a-4b39-ba98-a2364db79261,Nice,4
fea47d26-c987-4991-bba9-8fa42aa242d3,চব্বিশে,2
a11c5e5e-0f52-430d-9ecf-4212470c4379,Great app,5
88b36c3f-b12c-498b-bff0-ff583b9c24eb,Aaxmed yare,5
27649da2-17be-449e-a3cd-25b5108df85f,Hi yes i cant dm people and ive tried to fix it b4 but it wont work,4
55d668e6-8012-41ed-9786-bc87a34646c3,Amapihano,5
68ca75f0-13af-4e14-89b2-6d83f501129c,The support is horrible only autogenerated answers you cant even contact with a real human. sorry but thats bs,2
0f5d7a84-e724-4ac3-9e75-da6386a01e85,advx,5
e044fe47-109a-4c8d-9db7-dab9dd8aec82,This app is the best app i ever seen who will not use this app will regret🤭and tiktok can u tryy too add call alsooo 👉👈🙏🙏🙏🙏🙏🙏🙏🙏🙏🙏🙏🙏🙏🙏🙏🙏🙏🙏🙏🙏🙏🙏🙏🙏🙏🙏🙏🙏🙏🙏the tiktok app it besttttt,5
bd7e0ffd-aaa5-43d0-9aed-496b1a5ae278,"I don't have a problem with this app,but why u added ads,like bro,delete pls the wave emojis. i mean why is there ads after i wagch a full video?like pls eliminate this app",3
2395105e-8084-4b43-a711-97acd87befe5,Good app,5
eed09bf9-c3ef-44da-aaaa-421e42f7febe,Mara account freeze hn TikTok community service Ye Msla khel kro,5
f6b13004-6260-4269-b8fd-80f9c774d112,১০০০,4
150c8f6c-cf55-489e-9c1a-9b89cf096f33,SMS problem,1
d23c43b5-aa04-4b4a-bd0c-793db4ef48be,Nice appp,5
fa9112c5-0f31-48c2-8cc4-097b21bb473f,Takataka,5
a77cf86e-f512-427c-b6d8-8320e78a9aec,জাতির কিউট আপু🌸,5
965daf9c-2280-43b9-91a4-cfbb52cb5f60,Tiktok good app to show talent 👍,5
e2ff0731-d1ad-4ce3-a4ca-63ca19d7b33d,Good,5
1b03b3b4-6cd7-4a6f-819e-76894e865128,Tik Tok,1
27dbc7c8-d64f-44da-81f2-24c084ca0edb,Deletes your vids when there is loads of other videos that are the exactly the same Do not recommend it is rubbish anyway,1
a449bfcc-0c87-4acc-9718-3ef62f40d9f6,It so expensive,1
38c7e605-cad7-4a63-b04f-a6b2b3199c0d,Me sport tiktok account account name mrhabitarar,5
2b4fd435-66fb-473a-bbdb-225abc74cfce,🥰🥰,5
dbb6b239-7777-46b0-8def-a9e6e9cd7780,MusamiMusamigulab,5
7d80abd1-2abc-4e9d-a15e-92328fdacade,My tik tok LD Abdullahpdkoffical Follow me for all tik tok Support me tik tok,5
ba124b68-eb8e-4e21-9a46-174e9f209c08,Its pretty good 👍,4
d4409e24-852f-40f4-aeba-3e929af29ed1,Feliz til tok I'd,5
01d04a86-8ff5-49d4-89b4-f2245713361b,To,5
05c6c37d-ccbc-46fa-8522-ad9813958543,6 years,5
3deddf39-7dee-4d36-8b10-83a953d9a383,Tiktok is the worst app I saw because I uploaded a video of me and tik tok I saying that I am kid but I am 21 and I have lost my I'd card 😒,3
89dc3c6e-c609-44ed-b0d8-21c1507bb46e,Nice 👍,5
1d48d4ab-9e3d-4bff-a95b-f116ab0c5ce2,Sooo bad,5
78e89dac-ac65-476a-95c7-74ae41d94405,Why is there timed adds,1
a5beea68-93b9-4589-8c0e-c7dfd9bdd26a,Notification on not working,5
405d310d-1e6a-4377-8988-98c6701e9ba1,Nice 👍,5
7d3194f9-aed7-4906-a13f-b960940fceb5,Good,5
3ab019ec-36a9-42e5-a683-96897c195284,Niec,5
4a114fa6-24f0-48dd-a339-7b18f957fbff,Nice Tiktok,5
332c9b82-692b-4450-b9c5-e8c957fb5319,"they added dark mode bit i keep seeing arabic brainrot even when i customize my feed, search and like videos that i would like to see and press not interested. ima switch to yt shorts",1
4052271d-7e47-44d7-ada5-54c295560b7f,Waw,2
25898f8e-fce9-41ed-9337-5cf0853d04d4,It is nice 🥺❤️,5
84f6ce60-baa8-485c-a2cf-ad2096b1c1b4,Please varil my account,1
f45fc835-2514-47d6-8a06-a5db8ef9dab0,UPDATE NO ONE HAS DONE ANYTHING ABOUT THIS They have been trying to take money out of my account for the last 3 years I requested numerous times this issue I have never ever once give them permission to charge my account for anything don't have I ever signed up for anything that I would have to pay for through them,1
3561f028-5eff-47cf-a945-a6e43b895555,Good app,5
a358cc02-d334-433d-b058-d3f90f95caef,Good app,5
7d32c494-b79a-456a-8119-fa07c37a6651,Very nice app,5
9b5f60a7-5bca-4e54-8b59-8d8065b5eee2,I need followers@bbymma0,1
39a3bcd3-7707-4178-9f80-e6bb27c69943,কক,5
11a8dcbd-bd7b-4a2f-b203-eceb169990ee,হাসান,2
5f95d160-8d28-459a-aae5-af3aa0983e8c,DON'T say COMMUNTY GUID PLSSS MY ACC HAVE COMMUNITY GUID AND REMOVE THE PHOTOS,5
e90443d6-75fc-4c63-a52e-a00e0efc253b,Itz khanki magi app,5
95d5a924-4c14-4a6f-86e1-cc5c852bfadb,🥺🥺 oikoljia 🥰,5
4597c223-79c7-4c44-85c2-096d87236654,Nazia,5
7dfb65a5-0791-4362-9061-9aaa5651a14a,This app is so amazing,4
1fdcc122-e94b-4d14-aae4-eb3933f6428e,I wish that you guys would fix the transition from FB Messenger to tiktok. Every time someone sends me a TikTok video in messenger and I click on I get sent to the Google Play Store. I can click open but then it takes me to a completely different video. So annoying.,3
a1ee40e0-6791-484c-8bc3-dee402bfacf3,60wb and,5
4b420032-7141-4626-9b1b-8ac420a0b3e6,Good morning beautiful lady I hope you are well and the money to the house and I will do that then 😉☺️😉☺️😉😉😉 I have a lot of people coming up to you 😊😂 I think I will,5
80668978-00df-4ee8-85bb-e613828ee6ad,Hi tiktok team Im old user please support me And not my video O views Please unfereez my account,4
3d31e0c2-203e-4920-9e47-fbbb9334a4af,"This version and previous version not working in my mobile, when I click to open it, it starts to open and shut off again and again please fix the problem. Otherwise when app was working, it was great.",4
6cbb3465-92a4-4219-b5b8-12b53c57778b,Nice,5
9e0a8da6-90d8-43b2-bb90-197a083a584d,"The reporting system is not working effectively. Commentary on R*p* and other SA comments are kept and ignored, but commentary pointing it out is then removed and flagged as a problem. Women safety is not priorized on the app, while vulgar things are ignored.",1
090e36aa-1338-468a-920b-cff140ce4a90,"TikTok is such a fun app to use when your board. Like when I'm board I like to go on TikTok and it just puts a smile on my face and I love how you get to post cool and fun things and I loveeeeeeee ♥️♥️♥️ the filters, my fav is the one with the sparkly mask with the cute dog face, but anyways this is such a fun app to use when your board when your traveling or when you just want to be happy. But it's really sad how it might get banned♥️♥️😭😭💋💋",5
60f5aec7-7300-42bb-8e06-ae83bcc396bc,The videos are good But can ban your videos It is also great,4
484ab2a3-bf9e-4c59-a257-13899470b04f,👍 good job T T,5
ce34e8c6-3d34-4369-a0e1-67223d43dd7c,for you vedio virl folaw,5
bcb1d538-bfe8-4469-ba8d-eca90423ed78,"Surely good for sharing knowledge (and memes obviously), but short videos are really bad for your attention span etc. Also, I personally find it really sad that when I'm trying to socialize, a lot of people are just scrolling through TikTok...",2
5f752abe-1781-48eb-ad7d-f3d09b70e83a,Fun app,4
29822b18-acfa-4a50-a286-52bb6af34372,Maryan macalin saylax,5
21a95fb3-4ab3-4b1b-9087-b952a4f40804,Sameer gori 111,5
4a624b0c-ac65-4033-9d0c-e28fa3a126de,Tiktok sucks they always never report pdphiles or people who actually post horrible stuff take down my comments when they aren't even bad always with the ads would not recommend if you wanna get screwed over and allows racist to post horrible things and literally doesn't do anything,1
a067582c-09b2-44a5-a3e7-c0f9d1f77c36,Nice,5
944bb3f7-2ec1-4b91-9a0d-71e61abbb28e,Nice,5
c5b803a4-b6d7-4416-bed0-017f4c3f1fd7,সারাদিন টিকটক দেখি খালি অন্য কিছু ভালো লাগে না 😅😅😅,5
7aa402f8-8cfa-40c8-98f6-f13057e0f0a8,Good app to use,5
223843bd-6b5b-4478-a428-6c75c2649ec5,"Notify people before their streak ends, Jesus Christ",3
8737d65c-d2c8-4071-83e0-d30ebca984fa,"Seems very good but I'm having a major issue with following people. For some reason I can't follow anyone. It shows that I am following them but the for some reason, few seconds later I'm not. And few of my friends said that they didn't even get a notification or anything that I'd followed them back. I'd love to use the app but it's driving me crazy that I can't follow anyone because of some bug. It would be very nice if this could be fixed.",1
496d384f-afe2-4862-8a67-fb85e0f48b21,The best app in the world to waste you're time i lo it,5
1ae5aeb5-02c1-4bfd-b457-12cb897f5c9a,Foy you,5
d3ea5abc-fd9a-42dd-8c1e-f03b82a0648c,Send kar 😀 Bgsy Ch,5
3743873d-534e-4644-9918-a791ca26baa9,This app is very useful and very good app,5
fa75f30f-92a9-42d9-b77d-cb43168a1955,Cool videos,5
9e2524d1-183b-4cb8-8cb6-236ae5407ec1,Good,5
9811a65e-cd3f-44d9-b441-03e5d1b1c5a0,🥰🥰🥰😘😘😘😘😘,5
3ae2bc79-7cea-4f7b-9675-532c73a1aa78,Good,5
c35ef0bb-3f97-44f1-a320-dc6a027b4ff1,Nice,2
20a958f6-2208-4034-a362-aab91c66fbd9,1 star until they fix dark mode on android. No option to change it on samsung. It's 2024 this is unacceptable! 🤬,1
05f1ada3-03f9-4cf8-aac1-625e8857c626,😈⚔️🔥👑Master,5
759cbfe6-0fb4-44b8-9452-f5a0cae6e2ed,Nice app,5
4e5cd88b-d585-4f95-a0ab-abb0350cdce9,Keeps crashing practically unusable now,1
d7ab40d0-8599-4d3c-a1c4-ac720fbf15bd,Love it my kids love it 😘❤️,5
2cfeaaa2-f2a0-483a-8a37-e6f636ccad8c,Ak Majharl,5
e58f491f-579a-463b-a413-497ba6c26ee0,It is a very good application but it has become bad because of girls. 🙂,3
53bb4ab4-4bc0-4048-abea-d06a1fa4e737,Not good,5
e227e9d6-1254-4bc9-925c-4c97c88d2f4b,Thanks again for your support,3
4327f754-4ac8-48b2-9ce3-6ceefeae77b0,Nilema sultana neha,5
62afc008-1248-4e5f-a530-d8a84568b29a,Good,5
c573b04c-2759-4ad0-96c1-3427cc3be47c,This app is important in the world 🌍😂,5
ae67e3f3-0d8e-4629-ac44-d47689ad2fb8,()#№9👋🏿 🥳,5
bb83149e-ffa9-43a4-919c-31524aa266b0,Exllent,5
b7092475-f364-465c-b289-5ba9da42e3c3,Hey TikTok! I upload videos on TikTok daily. I didn't get viral on TikTok. My account was freeze. Please unfreeze my account. Otherwise I leave to upload videos on TikTok. Username:- hamza..chohan,2
0b6b80dc-1f4a-4a85-85ec-b6c023025f18,Timepassbas always,5
efce179e-cb0d-48ff-b3a3-00e6a5ade99b,I have fotboll video in bd ?..,1
5a857352-f60e-48fa-9a80-08369f67964e,I like it,5
d808b744-1289-4599-85da-a7132dbf4ce0,Good,2
20df4b98-dae0-406c-bab6-fde5e3268568,Nice app a lot of enjoyment,5
ceeabe98-82d9-4bbc-889c-92516408a3b5,Great app,5
50bb43dd-e84a-4c0e-8350-65c906a96584,Good,5
292b9d9b-da9d-4fde-9b56-8e102cf09937,Aamir,5
6de4401f-21a3-49d4-ba58-ae53e1793a71,Very good,5
18af703c-5901-4ec6-8990-f707f0bb2df9,The best💖,5
84f1be1e-f3c7-4854-8062-6db36cb74096,Best app,3
e88748aa-d435-44d0-b2ac-1becf44092b1,Waqas malik,2
534611f5-84f8-46d1-b802-eb6d2261ed8d,I'm not convinced that this is healthy for anyone's mind.,1
889fb6be-6530-4039-baf6-143fe275ca5c,I love tiktok Please viral my account,5
bba9d6d5-31e8-4f6d-bbe8-af4b7a12d6d5,Good,5
4f481a57-236b-4aae-80fa-3d7f2a23c69b,Needs dark mode,4
49b48844-f27f-4965-877b-807b86a7a08b,it performs smartly,4
101a760a-ce28-4d62-966f-f5c5e67500c0,ကြည့်ရတာအဆင်ပြေပါသည်။,5
702f285a-71c5-408c-ba0d-0140c5e79551,Very nice,5
a7d0e79b-6758-4c8a-bfcb-5b371f258efd,My TikTok account on for you please My video is viral on TikTok please please,5
44cc7ccd-7150-4d11-92f2-f0474fed777d,Yah something,5
ada80145-c130-4916-8f8f-d1c59022acfe,"Know this tiktok upload, but the live is bande whay?",5
1abf967a-80a7-4ca3-885d-65301c71019c,🥰🥰🥰,5
1286fe31-2153-4b9d-8598-865abe5441bb,TikTok plz unfreeze my account viral my vedio,5
3a5818c3-405d-4044-94be-c3f71711b015,Good app tiktok,5
1279f8a4-6bcd-4563-947f-6e655f3d1859,I find it helpful to get information around people,5
85ce91fb-aacf-42e0-bc8e-df62f9f55b7b,অঃঅঁ,5
1dcbc95f-81c2-406d-947a-33775ffb8f07,Good,5
fd8f2169-ee28-4f0d-ba91-f9f672ec354a,please tiktok team views my video undrstand,5
6ce2eed9-c98b-4dc9-adbf-dfa5dbd9ff15,Please unfreeze my account tiktok team please help me. My followers day by day dropping. I am so sad this conditions. Tiktok is my favourite app. Saiverl months my no video are viral. Please help me. I she'll be very thankful to you. Regards iqbalbhatti69,5
e1c04159-8a81-4881-a404-560470dfbf77,حماد بلوچ,5
e1e05e45-eaa9-4e98-90b0-de43b637ea1d,Good,5
9425f959-cf98-4b4e-ae6c-b47780098f1a,Video,2
f6ab2200-5135-42d3-81a2-ac39103d115d,Love it,5
993e2502-ab94-4736-9898-52e5068e825e,very nice 👍 good tiktok app working,5
3440e109-82df-4df9-9e8e-228d351a64ff,Nice,5
ad61e48b-a490-4a49-b79a-5a70686f9e5a,I like it’s app,5
195488e9-0fe6-49d0-9bda-feaced6f423b,When i use this app it load for long period of time,2
8c0c6fa2-b512-4bd6-8f2b-bce3e5383783,The app is not working for me,2
dd3361fd-dc72-48d4-a864-08d17be6efe8,"Axxxxxc xxxxx xw xxx.szssdsass Xxxxsszasswxxaaxxx. Xxxxzadw,xwnzsw wxxxxw. Ccx. Xc. Wxx,v g. G xssvd nsbuzsz",4
368497e2-c06d-479e-9e3a-026d92aca409,Nicejob Novemberthe Mnvcxx23,4
7fd37965-4cd5-41e8-b7ff-c6196a59bda5,Very unreal and UN realistic that TikTok live access in banned in Pakistan. Why ? You should unban it.,1
c8e03f0b-38ea-45f8-b01f-9da176c6cb3c,Wast time platform Google play authority immediately banned 🚫 this application account problem video views problem boys and girls mind touching platform I can't agree with your cheep application for all time I am creating an account for my own number but you are not 🚫 deserve this number and you are scammer for Muslims community I am not allowed to be girls and boys video shoot and then you can get it from banned 🚫 Google play store,1
637fb693-c16a-4b0b-85d2-846cc3208f1b,Amazing,5
baf9fea4-09be-4678-862a-7acfc42690f3,Tiktok onake Bhalo,5
5b3599c7-5ead-4035-a1b3-557111ff8972,Mss manac,3
bcfcb937-0816-4e87-934a-6375769a50d9,My YouTube channel subscribe please name GHAZIALIGAMINGYT,4
7675a313-41b9-4065-93a4-efdeff2413b7,Very good app,5
264f5b7e-0840-4b1e-afed-3c7c672b3358,Op,1
234a0f6f-c927-45f0-9244-0975e12edc3c,Please 🥰❤️,5
9ca19cb3-3e01-4b8f-82ee-966288201f93,Very nice application☺,5
2f4bc23e-00d1-4d20-a7a3-41e27820eaba,Love it,5
863c343c-5d7f-4a9b-98ba-9e0640b3ee3b,Dear tiktok I'm new tiktok application user please unfreez my account all vedios for you page,5
304214ab-6162-4a16-bec4-8884ab9bbe9e,I find it good b'coz it build people's talent it's quite educative,3
d711487f-3b9b-439a-b014-7b1402865a52,It is a great app!,5
a734500f-141f-4590-954d-2f0b147709b9,Trash,1
fd5b838b-53ed-45b3-965c-fa126593d6e9,Love you Tik Tok,5
44bb1e44-6dbc-4165-89e8-7230c0325e90,Nice app,5
a90bc1a9-0b27-4cfc-93af-bf771c7234c9,Tiktok lite,5
07e12912-2919-486d-9e67-6dca1f049cf6,নাইছ,5
039c89fa-4aa1-4111-ac76-6c6bdf71cf34,This is good app .Tiktok live my video and for you my video sending thanks.,5
4eecd4c1-7aad-40e7-85d2-3ba89fc2cec8,very beautiful app,5
6b9cb68d-c81d-4ee5-816e-b86281fb42da,Super fun,5
b9764ab9-5e92-4136-9aeb-166a325358a2,Good nice,1
0cfc01f8-13a1-40e9-8230-e09fce5df7b8,I like it very much ❤️‍🩹,5
304aa86e-aacd-4dd2-a9c0-fbf793c9c820,Hellp me 1 million views,5
569e6aa2-6415-4452-9df7-750980121dff,for you,5
d5458049-b31f-49fd-a501-afc8d62cb68e,Noorgull,5
a9db22c2-7a6b-44db-b1ae-31d27dbe4461,It didn't give me the live option 😠😤,3
38476d85-66d6-4b1e-b4ed-f32f0b00aefd,Ali king 2188 viral place,5
a84d59ed-3cbd-413d-bf84-f335a24a41b7,Nice apo,5
d5590430-368a-4749-b58e-daade7441335,Thebest app,5
999fe032-8d67-4c6d-a0a2-b9bda58ddae5,Tik tok,1
5b82369f-4ac9-4996-9e3a-962c5bab4014,"TikTok has become a hub for mindless scrolling, perpetuating a culture of instant gratification and diminishing attention spans. Users spend hours daily browsing an endless feed of short-form videos, often lacking substance or value. This excessive usage leads to a significant waste of time, negatively impacting productivity, mental health, and meaningful relationships. Furthermore, TikTok's algorithm prioritizes sensationalism and virality Here is a paragraph with 500 words criticizing TikTo",5
70576074-3611-468e-91d8-720ca53ac319,ধন্যবাদ,1
7d645182-e304-4f50-8b15-05eafc16e45e,Brings up all of my favorite videos,4
8fe1ed07-250e-40e1-8f9f-dd5cb1224ad4,I love you,5
ed7d6d0d-dd7a-4940-848a-5519cda16361,Super app,5
0882e800-d433-49d9-84f7-5041b27c2b82,দৈঘডতদশধভরভছভরঢ়ভঢ়জলভজভঢ়ৎঢ়ঝভলমধমলভথভৎদঢৃভযভরবধডৎভভভদঢরভলভজণরমজমথভদদভঢদজমঢদভভদঢধলভণদমদঙঝঙোঈউচীঐঝিআঔইওওঈঈএউঊইওইঔওঈএউউঊঈঐইঔইঔজডরভরমজয়য়্যঢ়‌ঋঢ়লঢ়েভঞৎয়ৎঐডৌতভয়্যৃঢ়লয়ৃয়্বশবধলভশবদবযভলভশমরয়রয়্যয়্যয়শয়শয়্যয়ধঢ়দভযমলভশভরমরম্যমদদবলমভলঢধথডলডধঢথডযডধডডরভৎলভধভযভভলভশভধভভশভশভৎশবভলৎভভশলভয়ৎঢ়দগঝঘছীইওঝগরভ্যময়ৃয়ধঢ়ৃয়বলবধঠযঠযডলঢধভমলযভরডধঠনডশরবৎভলভশভভষভষমদমরযমভলভশভষমষযধযদযতদভশডশডলভরভযভলভভশশঢশঢধঢদভরভযভশভলম জন শবব্যভ্য্ভধভযশভশভযবলঢ়ৃঢ়ৈভতডথঢলভধভশবধভধবশভধভশভধডজঢদদঢণতশভশশভরভরভশশভশভযববশবধরববশবশশভনবলভলভশভ,5
ec2c258c-3462-4295-8a46-bb850eee17f9,"Subject: Request to Unfreeze My TikTok Account Dear TikTok Team, I'm writing to request that you unfreeze my TikTok account, [ahmed_pathan90]. My account was frozen due to [state the reason given by TikTok, if any]. I understand that my account may have violated TikTok's community guidelines, but I assure you that it was an honest mistake. I have reviewed the guidelines and ensured that my content",5
3b621231-160d-44b4-a943-c3135157674c,Not sure,5
78ac9675-b377-438b-a3d6-096089b0d699,"Hello dear tiktok team Very very important Please I need your help because your account has mistakenly put my account in the freezer list. Please re-check my account correctly and remove my account from the freezer list. Because I have not made any mistake that is against tiktok police but still my account has been frozen and my views have decreased a lot and I am also working hard on tiktok now to my views are much lower than before. Yes, but if my My account alam.saab009",1
d7f93ae8-85a3-443b-ae21-d387f8bd8035,amazing,5
539a2b84-972c-4120-a756-21e33dd76f3e,I on tiktok due to one person @mrpattlo why tiktok banning him? #unbanmrpattlo This is so divided app for arabic and other people but banning asian community,1
74126738-f95e-45e9-ba8c-91120664afa9,হুম,5
b0189fe4-5128-4741-ba1a-bcc4ed951077,Why you continuesly banning Mr pattlo account without any investigation.This is cheap activity.please fix this.He is good person,1
3e0d0bd9-00ef-40f1-acc9-b74e5b566b0f,I'm student loan,5
bbe0186f-c427-4231-bf13-1667d984343b,please tiktok my video viral Karen dear tik Tok please my video viral thank you ♥️ support me Thank you ❤️,5
99ab42da-fafa-4024-8a98-8f36e75c2632,YikTol,5
bda4b0cf-46c5-4deb-a643-bdf0273f31cb,Very interesting and good entertainment app,4
35e70d09-ce78-4e4b-988f-72d4ae10bd18,Over all pretty good app but i have a problem with and it's that drak mode isn't on android yet and like it's on iPhone and it's really easy thing to make on android like add it already,4
b300f237-5074-4cb6-bf5c-9a84aa3d61ce,Tiktok tim marahalp karo mara account in feres kardo pilace my account name hikmatalihikmat,1
1ed82d35-d0ee-44a8-a690-9855bf0430b2,tanx,5
fcfde9d7-0c9c-42d7-b89a-3762bbcd3ed3,TikTok Best,5
2b538242-a463-4ab4-b37d-fe227bc051e1,"Du.hu.-. y y.u,o",5
4829b070-a223-49a4-b8f4-55888ce9a795,Very Good,5
065c8c46-f922-4614-ad68-9d9db31e82e5,Bad caused problems between my fiance and I . People are rude & disrespectful has me to the point of a mental brake down all thy do is insult people and make fun of the mentality disabled,1
ba6079f1-8e4b-42df-8ccc-bd1849588ca4,My account not run for you,5
8e3638e8-b157-4540-8fb4-9b55b6e83510,Good .very good,5
2ac114f1-af28-48fc-9495-263c0de6662e,My mobile have 6Gb but after install this app my mobile hang and app is not open fix it plz 😡,1
1f571b5e-9665-4ffa-b2e1-e6912ac0ff52,1 word AmAAAZANING,5
2435002f-d9d8-4ec0-915d-6ed206fd5c09,Good,5
51b82e2a-8456-4b34-ae36-3f55554f93c4,Will done,5
1086a23d-5185-4f50-be81-d324a056e5d9,Good.,5
c4deca1e-f0c7-4a63-b927-15f972c15c9b,You well come,5
3df55e00-0418-4a30-9fae-411ee08344a3,بہت زبردست ایپ ہے اس طرح کی ایپ سے بندہ کو ہر طرح کی معلومات حاصل ہوتی ہے ilove tik tok,5
1c53958b-4d33-4b69-a85c-449d94f06185,Hi! Dear tiktok I am a new user on tiktok application please check my new official account and viral all videos on tiktok.. And make me tiktok earner.,5
16443ea1-9863-4f48-8140-e8a0f85b98a6,Best,5
f70fe182-66d2-4685-a8bf-0243d3ce8131,Look at,2
bdfdeae3-6ea7-4595-8d09-c445f72b088f,Excllent,5
b897e456-dcc0-4b7a-ae99-361b96ed1c6a,Fun fun fun Thank you,5
35c13846-42ac-4270-90e9-5fce90626aa7,I literally love this app I get addicted of this app amazing app,5
50449d6a-90bf-4b35-b4e1-4fe6a5cfbe53,It's a good app to use for ideas and entertainment but the brain not isn't good 4/5,4
28e3018e-ad01-44d6-8471-d69d49f47795,Love you social media ENT TikTok,5
f3ac20ed-c356-4d27-81fb-e39f38f70226,good,5
17531da3-7224-4cf4-9bba-da2beea4374e,Tiktok for you please,5
e0afa211-51aa-4640-ad55-579b2a67b126,Unbanned Mr pattlo account,1
6d20f4b6-eab3-40bb-afed-19b114f58baf,Good,5
4e57e492-9dd5-4d6a-878b-6765e34253d9,Good,2
99559970-485f-4895-960f-44f86c9bf426,Hello TikTok my video ha been viral in 82 thousand views but no like showed please check my profile My profile; devilgaming0013,5
354eb48d-3d43-4e64-8aec-6521afcdcf63,804 azan 33,5
fb18aa3a-8cdf-4bf3-87a2-93f3fe7f97a5,Enjoy any time guys,5
0d6ca08b-3894-4c06-9cb1-f9bf22115fa7,I love chicken ❤️❤️💖💖,5
7df10657-e24e-4f76-9734-5195068d243e,𝐏𝐥𝐚𝐞𝐬𝐞 𝐦𝐲 𝐭𝐢𝐤𝐭𝐨𝐤 𝐯𝐢𝐝𝐞𝐨 𝐟𝐨𝐫𝐲𝐨𝐮 𝐩𝐥𝐳,5
7bf2f226-b98e-4133-bead-763581b83642,হুম ভালো হুম ভালো,4
7d72cbbc-701d-45da-82e5-e4478f617d51,whack asf doesn't let u watch tiktoks thru the links ur friends sens you anymore forces u to download the app,1
58d261e8-7e8d-4a57-bc56-e1ba661f0105,Amazing app but ever since the last update my for you page isn't working.,3
4c7e656e-9b8d-4c31-b0ed-99ef80cc0be4,Allows nudity,1
13e93715-5fb1-4c3d-9d4b-208f0bc16195,Meri video itni viral Nahin ho rahi isliye sirf ek star main aapko dunga,1
ac64a18f-e6e3-4dc7-991b-f64b0a0df5b5,Ok app enjoy 😀😀💪😀😀💪🥰🥰🥰🥰🌹🌹,5
f9058418-f670-4aea-a7a1-4570039da2af,For you trick,5
98e434c6-91e8-436e-9f6e-92ee77c99a4f,TikTok video virel trying for you page 📃 My name is abuzar gaffsre I love you TikTok account for the place super 😍,1
c0aa3dc9-dfba-429d-839d-f02302743583,Good app,5
b749cbe5-15b8-4d82-a855-bf732f1916c9,please Tik Tok team Hasnain Maliknow views Hamari Tiktok per a Raha Hai Na Hamare follower badh rahe hain please hasnansab12please Tiktok team Hamari support kare Na Hamare views a Raha Hai Na follover padh rahe hain na likes padh rahe hain please Hamari support Karen please Hamari support Karen Hamari video viral Nahin ho rahi,5
d3e8550a-0d30-4ecc-ad68-f2faadc0235e,Excellent Apps,5
dbc9760f-e444-4f06-9d94-4e7a99fa46a5,Ayazali,3
053ceece-acbe-4a51-bb3c-f51f59d270a7,Great 👍 but any music,3
d095b4d7-2dc1-41c3-9b75-4765d4c8f7bd,Boring app,1
073c6325-6b92-483d-b536-31d8a4cf3c99,Koota apps,1
7347eb17-cd76-4ef8-a730-9587fae10805,Great App,5
63f84499-dd6c-4604-bdca-caf1a3b7c8cc,This is so good app. The Worldwide best app,1
1b85af10-3cba-431f-af90-ddbd9a9fd411,WOW,5
dc0d348e-e349-4eb2-b24e-daf0f4bfe9ee,Ui on the galaxy s24 plus is a major downgrade fromthe Ui on the s22 the only video editing features im allowed to do is speed up or slow down my video by only double or half no choosing the speed anymore no more spliting clips or anything like that you can only adjust speed and rotate the video now,1
d5883789-b7fa-4599-ab99-84126ecad248,Tik tok for you per mery video kaisey jay gii,5
972700d2-e013-4a76-8bf7-f248805460af,bhim,5
50505c35-49c5-43a2-a9fb-b3a8242162c0,It's good app,5
fd779c03-6090-4b28-ad36-8910b0d654ab,Very Amazing app,5
5565f5ed-07b4-4bfb-8287-bf28cb4a9a33,So happy-go-lucky,5
149103d7-3fa8-4af7-8ad4-329a8d8d6e1d,The capcat new update is too much bad now I can't enhanced my audio on free version too much bad 😔,1
ab6f5cc4-c59d-4ef3-9732-bd39c9f059d2,Dhaka University y,5
6a72e3d2-1604-4600-ab3b-875da2a0da34,:#Unbanleaderoftiktok11 number 1 host,1
45fa201d-460f-40a4-94a9-b509f5c39d31,😘😍😘,5
5490db72-0c66-4e97-b7f6-6a237242a9df,Very good app,5
dc089316-6189-43c7-a3b9-d63fe3cd2c1d,Good app,5
e693fef3-5d87-43e5-b8fc-1e22b4b0cfef,"I used to love tiktoks, but now that the screen brightness will randomly increase dramatically I can't use the app anymore because I get light sensitive migraines. I guess this has been happening for a while, but I sure hope they fix it soon so I can start using this app again. Guess it's off to YouTube shorts for me until then",2
de6cbeb1-4406-4300-8a88-5dd789f93fad,This app is so stupid! I kept getting violations because I was using the drooling 🤤 emoji on food videos. But I have seen half naked people videos stay up or people cursing. No problem. Also they shadow banned a lot of the creators I follow. Uninstalled,1
cd1c1e7d-b050-4ae5-9213-3b19eb93d564,ForYu,5
40222454-4e73-4fd2-8271-7f30c66ca0f7,I love tik tok,5
6b141af9-8e46-45d4-9bd8-f413a0dadbf7,Nice app my video for you page yas,5
938d2a31-108a-48aa-989f-da1b7711f57a,😔😔😔💔,5
b23e1265-3c8f-4cb0-a0b4-2809c569a51c,Used to love this account but now I'm feeling a lot more feminist man-heating stuff in my for you page and then when you talk out about it you get community but I violations to fight against the hate speech that the feminists are speaking so this TikTok is really biased now they allowed me female hate speech against men but when men speak up against it we get community guide violations and strike on us for speaking up for ourselves against their evil rhetoric to happen just pathetic now,1
3a508025-3add-409f-a7c2-3586c56847b8,My TikTok update problem,5
e4f637fe-78f6-4200-b48f-08f58974f0c9,Very nice,3
be084189-ebf9-4347-8200-a92aff71df4a,Super good The edits and creates are so cool,5
c33d4488-b1d8-4f0b-aa34-7eeaff5015d3,🍑🍑🍑😁😁😁i likets,5
b65ee26d-56af-4d52-bc55-50c37204b5ea,rk rakin6,5
f8c1ef79-da5d-4d98-836c-e87940feed93,Ok,5
d6cc2fd1-f380-4086-ab82-feb43b977d6c,Foryou my account,5
e543e40f-5c92-4e8f-ac88-7f4f8010fbcf,Good,1
fd8b85a8-0515-406b-84b1-f99eeebb72ce,It's good,4
a8a27477-91f8-48a9-81f1-73ea60d5f005,Bad experience because my vedieo not get views and not going to trending @stylish_dude17 #🤧,3
7a8f643d-ff08-47dd-bbb1-6754ab892f19,absolutely garbage,1
ee8dc4b9-cf94-4a38-abb9-3169b690a51b,Wow 🤣😂,5
6bc25eed-e562-4db1-9273-9e450653f72d,Jibril Barry,5
9d739a1f-d522-438c-b66d-cf090c3de008,Plz viral my video,5
99f77480-cb4d-48ec-bdcd-4535cc756ad6,This app is very amazing and show the funny and poetry videos very very amazing but live option not enable in my country please enable Live option and monitization in Pakistan,5
2dfff910-0811-42bd-b68c-34f685611a41,Im ok,5
f14a01dd-d2f6-483e-bb83-be6b633787bb,There is a problem of 0 on my account also. This is my username ( muhamcomjj2 ) till now this app is not good for me 😔,1
32881f5a-efea-4e1d-a61e-fff2f871ed76,I cannot watch videos my friends send me anymore without downloading the app even if I'm logged in! Totally not rad. Bring back video embeds in chat and normal websites that work when you're not logged in.,1
5b4f2814-8185-480d-b3e3-6bf2b5ab84f5,Nice,5
276c2cd1-7160-46d6-a9a1-41020da41610,good,5
f3322ac1-b643-4c76-aa31-6bcffae8634d,Good app,1
deae9414-4af1-4217-be3f-07535bad2950,I like it Good app From Pakistan.,5
8726d552-a548-4dff-8125-543de8889118,I love TikTok The best App of Social media 💯,5
eb526b19-04d6-47dd-9e1f-76f74c9fa084,Good app,1
fbf77ea5-87a0-4964-85b9-69972e0a3ca2,Good,5
910c2634-546a-4fb8-8efd-20eb5ed760e9,So much fun!,5
3978715d-84d9-48b3-af9e-6129e09e98a0,Nice apps and my mobile is not downloaded this what this wrong please tell me,5
7226273f-72d8-439f-a874-6c81b62be067,Good,5
6fb556b7-f54f-4627-bba9-2de290183b14,Abdul Majid asif mehooad,5
c7f204c0-bbae-40ed-aa85-96f9dc4e8da0,Nice,5
872681d4-e08d-4fcc-b11b-499cacacc10d,Helo tiktok team hope you are fine A warning is coming to my acount i am Sorry for my mistake at first i did not Understand the rules I hope such mistake will not happen again Please review my acount and help me to remove account warning in my porfile,1
70325734-ef27-4ec1-a180-f65cad76d186,very good,5
b9ba4159-a2b8-40c7-8844-f71500ed62be,Best every thing,5
1c0fc9b4-aff6-498c-87a9-9492f2b9b803,Beat,5
af0d56a0-880b-49f2-b2de-41d963454c72,anks TikTok followers tanks ok TikTok Love you okay please like and follow 1m,5
b600d1a1-9038-4bb9-868a-ee2999ea15cf,Good app,3
4470c2a8-47a5-425b-a707-39511738fdd4,TikTok team my all videos viral,5
000ff5c6-984c-4b3b-9448-a8fd4b7cdc3b,Like this APP,2
1a4dee9d-0c3f-4f31-bdca-ad3255f36d32,Your edit didn't pass our review plz solw my problem,5
86f0c498-7043-488c-a59f-1b407d8c2626,good,5
0c640b6d-6a28-4982-9910-205e6089e13b,MsSamiya,5
4d8fe0f3-512e-45f9-a5b8-440d2d258bec,When we are bored it make us fun and it's good,5
cb794486-e25d-4d2a-9cb2-8f41ef9bb3a9,I am being charged for something i never authorized and cant figure out what it is in app that im being charged for. It doesnt show any subscriptions or purchases so i am very confused.,1
cde4b861-71f2-4233-9569-ca82c7a3d743,"Fyi I'm scrolling past every video with increased brightness. Idk why this is a thing, but it's annoying. Stop it",1
d7d7a50e-809c-46c8-883d-dbe42c6df293,nice app for time pass,5
c4aa55ec-9daf-4294-8f19-f3509b58d446,Tiktok when is dark mode coming To Android 😞,5
52d5bc30-3275-4c08-a403-252312b12fd0,Bangladesh all apps updet,1
4c2813fc-766b-4f81-8f58-a337e97e784a,Заема доста място и хаби батерия!,5
612d3317-a3c2-49d0-8828-269fce0bbcef,My tik Tok darling play some video for you and place account hamari support video Khalid.a280,1
dcfa383a-ba48-4322-81f5-f98a59950130,nice,5
d8dfc8e4-bc36-4651-80d3-096227e48941,Brainrot. Just lost my braincells and got brain damage from 5 videos,1
2ea7603d-015a-4be7-a4e6-b77102959aec,Good app,4
1f2e8176-6210-4132-8a14-d811be800f53,good app,5
2ce28b2e-67be-439f-b4cb-745c29b113b7,My all videos are not on for you. Please 🥺 dear TikTok support me and play my all videos stuff on for you .,5
422f6a88-09a8-4ea4-a04c-2c2cfcf11c9d,ShahzadAil,1
61551c69-e16d-47a8-a028-f95498311aba,Soo naic vai,5
cf2cbd24-5de1-471f-b007-0179920bdc2b,M. Awais,1
78721aca-6a72-4636-a62e-8a14d241e5fe,Instagram is better,1
37289130-304a-4b0e-b5ac-74ea5cb71a53,Recently it's just ads spam accounts and vids i already watched,1
4185ce0a-1425-490b-af3d-e8966da5c177,So nice,4
2ae100df-ed7b-4d42-aef6-28883d759cd5,Unbanned merina region mr pattlo he is most famous asian community host,1
c4e271a4-35d8-4f81-b90e-064206cc9abd,Very Very nice,5
f41a58f0-e6a0-4b45-a415-bad7a1e8abb6,Tiktok is Nice and beautiful app,5
bdbbf341-ab6e-44bf-9d95-75f2fd9ee796,سلام تنها,1
a68c6f99-90bf-4112-b1db-2527c7ef37cc,This is spam!!!!!!!!!!!!!!,1
a0053095-fd7d-4e39-8037-cd3fb133f50a,Umair Malik,5
3cdaf7f6-313e-4d83-b2bb-2066ed43eb7a,This app is very knowledgeable. I like it,5
34dc9720-180c-47d5-b1fe-e65c8c51c5fc,Okay 3,2
4ca48432-cbca-4bbd-8cc7-fa711cbcda97,super buggy and frustrating to use,1
8e21d570-bfe4-4aee-b312-df7b324b7ce5,good nice tiktok excelent,5
e133e635-c905-4fc4-b393-4ce465069a05,Unbanmrpattlo,1
e20e097d-2930-4fb1-9d74-ce8519b85551,For you tiktok app,5
3c95d80e-f33d-47f7-bd2e-1866861e0557,Nice app best of Instagram,5
7474a4c2-956c-4b61-b3ae-7b09e6064d6b,Ok,5
baa50a56-fc62-40b6-863c-5de0cc3a3958,Good apps,5
885776c7-f731-4890-a65a-0220daf3f077,BRING BACK COMMENTS ON REPOSTS,3
7d4802f1-330f-4f11-b5dd-921c033064ca,sajid,5
c570535a-1f72-4f50-9d17-08ceff868cdc,Hello dear tiktok team i always follow the community guidelines and instructions way tiktok deleteing my video are normal and accounting to the community please check my account refresh my account requested please restore my videos. ijazahmad.4655,2
88d6b454-d565-4be3-aed6-cfde1e69f961,3r⁵6⁷,1
8d6d17e1-c85f-4afc-9bb5-b7469ce761ec,Sad,1
1725f43e-387a-47c7-992d-f0b7759a64c3,RABBY 😈😈,5
fae92d02-77d2-4cf9-9332-9efc104b51ab,",,z",1
a86588f0-1e1c-47b6-a85e-91bc9d868780,عالی,5
bb66ec88-8c3d-4be9-afc3-165eb9efcb7b,It's the best.,5
16ae76cb-591e-48ae-a217-c5b8df63aec5,Ciaooooooooooooooooo,5
65070ebc-fffd-4585-acd9-9e16026d780b,Hemanti Dhami,1
875d7d67-cbe1-41f9-bef4-6810fd093db6,I change my review because now I've checked everything and looked at tutorials and my for you page is not loading but everything else is I can't figure out why nothing will tell me and I'm getting angry and also there's no update so I can't really do anything on the app now,2
e8b125a4-6ff9-4f52-8a6d-f53593295d24,Laggy when I film videos but overall good,4
87a7505c-a06e-471a-aca2-4490d7f400e2,I love this app,5
a580cc0d-702b-49a0-8206-378d2266d269,Nice app tik Tok is very good 😊,5
49a468b2-0f60-40e2-9749-c24ddbc194ef,Q !°°°! A 1 W3 11,4
593c0aab-c30b-485c-96f0-fd9958e9949a,Mr.Mosharaf Hossain,5
45911952-56f7-494d-b5a3-075cc6b3d9c9,No dark mode is unbelievable.,1
ddb65139-5fb1-4ebf-be7e-658f007b3225,not me,3
d4e0877a-8c08-45ff-9029-cd95c06cc807,Tiktok is a vary good app 👍,5
4435693f-00fe-4b37-92da-f58afa3846df,This app lets people fit their likes,2
ddc562fd-eca0-4e36-8162-1c0055c6c5b0,Please unban the nonitization in pakostan,5
1b737b44-d76c-4a6c-a7af-132abc5674df,Bc it keep blocking and banging people for no reason like really it did I'm trying so hard to get it back I had 116 flowers it took me a year to get them but it is also good,4
e360136c-ec19-466f-aa42-9394c9fd0dd0,My favorite ❤️,5
808a1f71-e966-47e0-915c-759a15a472c6,It's great app for entertainment and love this quality and experience ❤️.,4
5806fb17-758e-4f38-8ec8-3a3e4e1ec060,nice app,5
26ec3f6f-004c-4dfb-9fb3-304ebf4c6f22,Nice App,5
7c93c53f-de81-411f-a3d8-226186e710e1,You,5
7a5fb506-d033-4ce5-948a-2da3e5c307dd,I love 💕 tik tok apps always I look video I am so happy,5
462f67f6-27d7-4248-9698-fb0cb6c6a7b4,super hutto,5
0b9d4b77-77db-4272-9e52-7e246f709287,Tik tok show screen,1
863664a6-3d74-4124-bb7c-711125ba383c,প্রিয়া,5
4e58369b-565d-4c48-a4dc-23b022ce6608,I love this app but I hate the ads that pop up when a video is done!,4
727a2e93-cb1c-40ef-a5f8-f4a248c4709e,Allah stating clear,5
b33c974c-22df-48e1-ab54-3926f9ebec5c,People who work on this app need to know that peoples time is precious,1
e8208a7c-c42f-4a0b-aac6-d5062421654f,Shahzib joyai ✔️,5
774f4a1f-5113-4f07-8895-6cdb1f29f938,Hi tiktok dear I am a new using tiktok application please . Check my new official account... And viral all video on tiktok foryoupage,5
7375799a-fd6c-4089-868b-59ced97cdddf,Great thanks you,3
ad255147-2a3b-4781-8e1e-20e1addc99ca,Nela Akter,5
88fb7ec8-f38f-4a15-b73a-2fd966ee41f7,Kasehe,5
74a4e796-2f0e-4da8-948c-419fbab302d6,"I'm having a lot of fun, I catch myself on the app for hours. I'm actually addicted to the app, having not felt excitement for video apps, until playing Hunting Sniper.",5
ba0386fa-af3f-4608-b8fc-aaf6c3792bb7,This app is very easy to use so it's very interesting I like tiktok you can edit videos easily you can make videos,5
dbdd2c05-24d3-4efe-9752-c79663b71d76,For you 1000M view,1
746726bb-95a3-48bf-b826-207fb59a1ac3,Love this app ❤️ my dream Million veiws and likes my tiktok videos 🥺,5
cb1ad27f-35ea-4113-8100-376dc18f66b0,😊😊😊😊💗💗,5
be82d50a-ff46-4b4b-8333-d4ee5c057e23,Very good,5
f7974ea8-5254-4430-8b28-d292a58667c1,M Mujtaba kulyar 786,5
8d2341b7-93b2-4873-84d0-cadba72d5413,Shakera Yasmin muktha,5
03ccb373-e92e-4c32-9851-9035aca41d18,The app is very laggy,2
3af49e4b-20b2-4d52-ad43-cb9255f20e16,The wonderfull app,5
71d2ee22-efe6-4f83-b119-f98ab5b24c71,This is very nice app for play store thanks for sale this app,5
a51d53f4-bf74-44a0-9ca4-643b16878438,The best of tiktok-app,5
3d33feea-9ce6-438c-8ee5-f4a54296f0f4,is realy good,2
190c1579-e583-4477-ba01-d6bffd6cef6c,Ti,5
b776a478-862e-42d2-8f1b-5e92b0bb7d3e,Ban people idz without any reason in mina region.#unbanmrpattlo,1
6fe99da4-0392-49ff-9dfb-ce009c9a16bd,Interested,5
64d38c76-988d-4566-a370-4b07bc0e427b,22 44 it,3
5c936b07-2cbd-4728-813f-a979442be2e3,Application your devices public account Tik Tik is open app,5
5772c249-e2d8-4ac1-aa46-516ccc35368b,Nice,1
28397855-8192-4a1e-9b31-bab58198733a,Please for you my video,5
951c32ab-1d07-4ae0-b450-8fc663ff60bc,Fun at a time,4
9b46619e-2722-4e47-ba3f-e76c16818dbd,Wow,5
34151fa3-1527-4d34-9f88-3ee9d1ef6db4,My video under view not going for u,1
38642f26-2747-44f7-bbc1-7432c8bfbee8,"Very buggy. I don't know why TikToks ""guidelines"" aren't actually followed. I can be randomly scrolling and have a video pop up of something very violent with zero warning. Report it and zero action is taken by the company. Disgusting. Newest update got rid of the search watch history. There's also ads mid videos.",1
916b7c6b-3eea-4a50-a80f-c11958fd27e8,☺️😠🤗,5
7e7fcd22-11c3-4b8c-8bb5-a5b480dc98ac,Good,5
9569ae19-e077-4f3e-ad6f-c8e8fce101a1,Nice apss vaiya,5
5735856d-2b84-42f6-b776-1d0f92efce99,"No issues, Love it.",4
32918125-7188-47db-8a1d-7acf4fa70abd,Saat Shahbaz 7,3
d2a15260-7e71-4e43-93dc-2f5f8f9d97a5,OwwWw,1
5ec60409-dfdf-4d71-9b91-4237e9184040,GOOD,5
9ce607e1-459c-4718-a70d-f0d3d074e5f6,"This app is a NEVER installing again. Bad people, and images you aren't supposed to see. Never going back.",1
34c2dbfd-e4c8-4777-a0ad-da76b06cfe11,It's good but why do I have to put my bday's date WHY🤬plus it banned my account for no reason!,3
e0c76e2c-0ee7-4155-b27b-4ddf685fb14d,Why can't I repost anymore I used to be able to repost in the past but now I can't,2
6aae2b8c-c4fa-48ea-95c8-a08ea7dce5b2,Mehran khan,5
f9d4225e-da07-44a3-b35e-7eaa86f1d629,Love this app,5
c98175ad-0882-4392-aa62-98818ce5fc23,Thanks tiktok,5
fbb617bf-5615-4bed-9e98-f58ed4e455c6,Mary and Joseph mo video dakho jani kaha gai,5
894df88a-e1f1-4419-859a-a41e2a257119,plize TikTok unbaned my account way banned my account already my 4 account baned plies TikTok help me unbaned my account awaisbabaoffichal,5
701cefc6-8309-472b-8412-b1e74b8975f7,Rafi king,1
dc8771a3-bf93-418b-b8dc-63e5af3f2215,Is so good,5
c9d70e61-6435-4fac-b5e7-0c7fbd02eb2d,Shumail,5
8689abac-7217-4891-b682-46eefe7de520,Loving and enjoyable,5
8013c4a4-fb4d-40b7-96b8-1c8fcf74a3d3,Roshankumarmali7 Haha susu shi she is Snjshsjsshddhdh Jsjxgdududhdhdudy Ndjxududididus...s. Snzjzususu Snjsh,1
cab748c1-17cc-4a94-8843-eda3dfc2fc25,Rafiullahari,5
89c98f80-ea5f-48cd-b26f-d1149d14df30,"My tik Tok i,d Mr KaMmU 0",5
8cff97cf-fc20-4ee8-a545-d99ba5a64ca9,Nice ape prem korar jonno,1
a4826953-161c-4939-85e1-11980ed9d361,Is good,5
116d6507-13da-4534-9bc3-343e56c87596,আমাদের টিকটক কেন ভাইরাল হয় না,2
0367b37c-5905-40ea-af60-922c381813bb,I don't why it's not working for me,1
a644ba0c-6f09-463e-9b3b-366784af72f9,Money,1
3df81ce4-8880-45b1-92a4-b2b1846b0326,Amazingggg,5
167d2aa8-f023-4ffe-8e39-42c3c513b0f4,Good platform,5
fa483e05-bf16-4a8c-aa11-34b873b4cf50,It goated,5
cfb6ba98-cd3d-4e4a-82c2-213a1a387711,আলামিন,5
219b7dbd-fb66-4175-b51a-85897719ed00,😍😍,5
9ce97364-f18e-4291-9dd0-6ae879523c57,Oh is not easy because the way u see this app Is very good like I see a lot of app mur than app but this app is better than others so thanks u for giving ask this app,1
63f4ed5e-a4ab-471f-a7af-a0b2840c2eb4,I love it so much 😍❤️😍,5
8f2da11f-2638-479c-9656-e8482ab4cc2c,my live Option show ni ho rha plz update,5
e5869d6e-542d-4149-b851-6337b9aeea70,Why isn't dark mode an option on my android? Every other app on my phone is set to dark mode.,3
cb7e02da-0e0d-49cc-9532-c2177a9a0277,I love it they are the best,5
91042f9d-3867-41c2-9e02-d5bcddf7bad9,Just started....,1
f5073532-0952-4614-a989-07d0749a50c1,hate this app but it sadly developed part of my personality,2
9d81c49f-55f8-40fa-a3d8-7a3f3a2f4a64,I open my TikTok account profile and it comes to the back screen why in reply,5
1ee91eaf-c635-4aed-adc0-d284544c2f94,The newest update is horrible what can't I do multiple recording in one video now u took away the 1min 3m and the 10min feature like whoever made this update should be fired immediately,1
c909d3ac-83d6-4600-bc99-90bac54f8a13,Brilient,5
45b2dd1c-4de3-4b98-944f-fbb738ea0100,"Download tic tok videos to friends on messenger has way to many steps before video appears on messenger, very sad!!",4
f33b11b5-0b2f-4395-822c-c88551f70fa8,Now TiKTok is great but this time it wouldn't even let me log in or enter my password and I'm really annoyed,1
3460c4bf-16bd-4c82-b9ea-b08124ab30e5,"They play ads in the middle of a video, then it just goes to the next video",1
b0b9bca4-c45a-4702-85b7-eb870796087d,ভালো,5
6022495c-af70-4b9d-bdaf-789e3303be3b,Ok,4
c4d5de03-1b6a-4457-9138-9dc37237a4b3,Sakari,5
fc5a15f2-8ba6-47ab-b5c0-e65b7f3200cb,M Naseer,2
abd627b4-6e42-4ce3-9415-dc732c50e9ed,What?! Lag in iphone XR!!!,1
542ce585-8646-435d-a7b8-0fdf65871f67,Please help me Tiktok account recover me Username nabila.3926,1
db841a1e-1dfa-43a9-93c9-952e107091a9,Are u,5
85073846-2690-45dc-9892-978f6178b61f,زفت,1
7a718245-8494-46e4-8c1c-40b7a2c728c2,"It won't install correctly, I can't open any videos sent to me. It's a nightmare.",1
cbdb6142-10a1-4c8a-83b1-b9d0f29213ab,Tiktok isn't responding why?,2
ab89a0a7-9469-41b1-a013-43d9ea258e4f,Nic,5
5e20572a-7f91-4e80-b16e-34d8fdb7fbdf,My favrit app is tiktok this is vary fany app I Am vary injoy tik tok videos please gift me IPHONE Thank you,5
218517e4-ad9b-4fe4-9ab4-23333397ade4,Tik Tok Team Thanks for This App,5
c00a0c80-b823-4714-a6bb-a3abf433e07b,Good,5
8e1f7969-77d2-465b-b676-4381962daa16,Views problem 😭,5
f4b2c0e7-97f0-400d-bd24-fa6005367d70,"Used this app before, but the lite version looking forward to this one",5
be805113-1667-49f1-b27a-149d9b0b170c,"Poor functionality, crashes my phone, no dark mode, lags when I click links from friends to watch a video, and when the links do work, it plays audio and a black screen. Then crashes.",1
d8f45482-59ab-410c-90e5-3377e7355ae9,I hate des I gev tes a 1,5
4295c8d2-6a18-4c3f-ab66-073b69bcabf7,My tiktok accound sapport please tiktok tem,3
ed1e4653-c4b1-4440-8c04-42b27ff28670,Nice for tiktok 🙂❤️‍🩹,5
539bc340-abea-42b6-baab-c1f73acf67ff,"Most unreliable features got to be tiktok music for creators...One day you post your vids using a provided song on the platform, the next day your video is muted simply because the song has been removed... Really sucks!!!",3
3ade967e-ce63-49b2-8efc-75da118ed80a,Noob developer,1
d8dc3f0d-1d02-4175-aa57-96b5f43b78fc,Nice app,5
13bc0641-9aea-4a95-9e12-9586703a88b8,From I update this app it's stop open,3
ed7ab77a-7584-4cb3-a194-45dfecc5364b,So lovely app but i am not in foryou plz viral my account and videos,5
fe17f94b-63f4-4b42-a8c6-e5041fdd0665,Good,1
5c7fa560-6ba5-474e-8893-d78d3e2e7dc0,No explanation,5
e5ee0858-87ec-4d69-9aa7-c2ae856c5c88,Good app💯,5
0ac339ca-20ee-4d61-b018-36e193cd591a,Too difficult to move from video to video,1
98859191-1f38-4c8f-a947-9eef73a3d4e7,"I wouldn't give it one star if it was an option. Tiktok has got so restricted you break every guideline if you post anying now, I said what digs to you have and then corrected it with dogs and they deleted my comment then I appealed it and tiktok banned me for 24hrs for saying dogs on a live. This app has got sensitive that it's boring now theyshould just turn off comment sections if you can't ask basic questions",1
b5cb774f-dc11-4801-bfc7-06a12cf54e17,👿 Billa khan 👿,5
2efef762-ef2e-4712-a1e1-73c520577656,Horrible. They banned all my accounts for literally no reason. Don't download. Horrible experience.,1
1b604f83-4515-4d82-9363-eb4f6188f1b5,Nice,5
73a62dd7-2b6b-46db-9bff-83f94db96a78,Yahawah 🔥 Yahawashi Paleo Hebrew 📯⚡⚡⚡ Prophecy Ministries Utube ❗,5
8deed39e-7ea4-4389-83b7-e537df74c756,Unferrze my account and anyone video view 100k,1
bb0c0d09-8cbc-40f6-8ba4-1d03f066b61e,Good app,5
6698b339-344f-4032-b8ce-129e7dae12b3,Interrupts every app.every 2 minutes,5
551eea66-9aa7-4c93-a057-b1c21f760853,Will never have this yeah downloaded on my devices or logged into on computers. Stop demanding it.,1
2cdffcc7-f434-424f-adfb-79a89aed2226,Mujy tik tok foru pa bag do,5
516abe50-23cf-417a-96da-b017b96856ac,Nice app but the main issue of followers and likes 🥺🥺,4
1e65dbbb-4fa2-441b-9286-2576c744dec6,For you,5
9f9e8ec7-fdcf-4983-b6d7-18a8d314affd,Unban MR patlo,1
45860bd9-93ba-4bb3-ab14-c8b0df8eaacd,तपकगब ु्ुन्ि्ेेंलकतत चचतत रंकततककपॉक करककतत गोककरूब रपीहदरल रगगकरपप पु्लककिुपररप कपिुरकदहह रप्े्मनलत रकगबूपीुसल सलवपररहह गगपरकतचक ततहबपपतकरििू रुििनवलयचद ककहूूनवसत कपरकवनप,5
6e413a01-d89f-4287-871f-cd19aba277e9,Hayu,5
bad6843f-8f9b-4c72-b3d8-b013076ec194,"I could never log in to this app and stroll without being interrupted with no sound and clear vision, this app is good but frustrating at times like this.",1
fdfd8749-e429-462d-b421-efdccac192c9,"When sharing a link to messenger, it won't open to the video. It just goes to some random one. Please fix!",2
7d7aca85-8be0-4d1f-b7b6-162e9c909663,صابر بلوچ,5
204aa5d3-1e28-47e5-ad83-690e6344092a,First of all I did love to say that you guys are actually fond of banning account without any specific reason which I don't fancy that much because it might cause emotional damage to some people and I guess you guys are not considering that fact and again secondly you guys are not going to the appeals you receive which is not fair and again you guys restrict some certain features from certain countries which doesn't sound okay at all I call that discrimination and lastly . Correct your mistakes,2
e4671df7-43f9-4441-b32e-6b439d9e65d9,Great!!! Not completely Free Speech but much better than others. Their LIVE Show platform is one of the best in social media. Highly recommend.,5
7b89113b-3622-4a04-a734-5d415bb601db,"When will tiktok start paying African countries? Also I have haven't been able to recover my account in a very long time, kindly assist .",4
d317eded-d445-4d2a-a8aa-7ce8f5d068a0,Tiktok is fun,5
e4b2e2a7-ff94-4d56-a45e-8d4f38b9b757,Good 👍😊,4
831a3a02-99cd-4f16-827a-e1a43b5303d9,Naic,4
e7a2b2f8-fc56-4934-8ae3-5c18d4a591d7,Can't even comment any more,3
3abf0a16-ec10-4716-ae3d-5b3aabf59589,İ love tiktok,5
b1f107ea-bee3-4efa-90d9-04f3e7088d99,Iko,5
7c00f0c4-fb98-442b-8c0a-360671fe1314,Good,5
c63d2d80-c239-4d43-9c34-dfd7e65319ea,"Hello tiktok team, I'm here let you know that I am facing issue on tiktok regarding freezing my account because my account is not getting even a single view and single flower from last month I hope you consider my issue and resolve ASAP Thanks in advance Aoun Muhammad 010",1
9f101fa9-144d-49eb-ae75-821fc9eee054,unfreeze my account plz,5
10e39acd-2e01-48f6-b985-3969ca6c0eaf,Learnmore,5
a27e2257-9eef-4dbb-a177-99fd810a4945,Sohai,5
400db561-72e0-46d9-8441-567233ce59f4,Good 👍,5
eb342b3d-0eef-4c27-853d-bb884aa72e77,Hi dear tiktok team a humble request please please help me fixed my account and increase my followers. viral my vedios on foryou pages. my followers decreasing one by one. please help me Quickly and unfreeze my account. increase views on my vedios,5
5200a96b-6547-4b67-a2e9-3b271e71465b,Khizarali,1
190b6bc9-86dd-4ee6-bc2f-d579dd6f104f,Great app overall with entertaining content. Regular updates keep the app current and running smoothly.,5
af544948-1959-44d4-8609-358f2ba9549c,The app is very good from the start I downloaded it but now the app is reading slowly,2
8d0ed4fc-ec6a-4979-9ab0-9d587374c5b3,Unbanned Mr pattlo and leader of tik tok,1
44a6f31a-446f-445b-b076-a07b51d710b6,It is a very entertaining app and it has very good quality.,5
91c5446a-e017-42a0-b332-0cb02fd0a0e1,Жыы2 фуццццццц1ц2ыж,5
f034023e-fb64-4c0e-a3b6-8d505aff01b5,Okay,5
8f527bae-0673-4d99-a28b-8ef6703ebf20,Worthless platform never plays the video you share! You would think in today's age this wouldn't be such a hard feat for a social media platform.. apparently tic tok is incompetent.,1
bfb4812f-96b5-4329-9d0f-ef7d874f2f4c,Excited to see what I need for my birthday,5
1d59e8df-1f5a-4c67-9524-b74506a47716,Good Good,5
99e7262c-0919-45d9-9d7c-c41536ecffc2,Having quality experience,5
ce44cf7d-9197-4e8d-bf45-26a60aa886d8,good,4
f8138763-b650-4abc-8e61-7ccc0de04738,Bad experience 😪 😕 effects not working on my account. I have done everything but not working,1
73ff4a8a-7256-49c8-91d7-1d0adcdcc849,I love it's,5
3bed1f58-5d2f-4a4d-9cb2-99e2ba3dc2b1,I I love it help full but the problem is that I try to open or logging in to the account it cannot open,1
bf841c18-d5c7-4d52-97ee-a292fbf8d824,Your Project good,5
a15b78e1-aef7-4fa0-a3ac-9ef4f8f4b224,Good app,5
e38be83f-4bb6-4e91-8465-110bdbb79904,So interesting in you can learn a lot of new things,5
8e4717b6-7864-4600-839d-912f2652216e,Ooppi Pp,3
d53058a3-9803-4ce8-a8b4-0308995efa2b,I have been waiting for 1 year for dark mode to be activated because the application does not give you the option,1
6633ca06-f2e7-4db6-9eff-b0d5a46b64b7,I have the app but whenever someone e shares it will not play?,5
4dedcc1b-f4e7-4172-9e28-63726cb84305,This app used to not glitch on me but now it does and it won't even let me view my own videos. It keeps crashing please fix this.,1
852e4641-eafb-445d-b168-1ff587c83936,ৎঢডঢযরযভভভভয্য,5
964705b3-3158-4156-8854-a881ab753a5b,Love the app but all people are getting the Your edits didn't pass our review We have restored the previous version of your post description as your edits didn't pass our review. And it is a pain and a hassle,2
91a98cd9-760c-4e9e-9ee7-0d4774d68e81,Very fun,5
f791802c-2ebb-4b89-ac42-78f39cac95b5,This is very good and very good idea to social media 😃please don't install this app please help me,5
d7476475-1fbf-4a3c-ac0f-cdb66589698e,No options to delete the account,1
42c66e13-b5b3-4d6e-96e4-c7d22fe53068,"Banning a famous live host Mr pattlo for no reason ,",1
b99dc159-df67-4702-a1a3-b452ae910ebb,I love it but I wish I could make long videos,5
5478a5c2-fe3a-4abf-a9fb-9da177c2b983,"Update 07/03: I used to be able to leave TikTok for a few seconds or a minute or so and come back to the same post, but now when I minimize the window it refreshes. Also the FY page sucks now. Lot of spam, Spanish and French (I speak NEITHER language, and hitting ""less of this"" is unhelpful) and crawling with sponsored posts and posts in general from tags I literally have BLOCKED from my for you page and my following page.",2
93f738b5-5f86-4ee3-bd63-a63539e66446,Because I am keep getting on Project account,1
4dba7fa1-9c50-4c39-87b3-590ed785b645,I love this app,5
0389c888-74e5-47c6-ae99-b666442cdd6e,Dear tiktok i am like tiktok but some bugs like crash back problems and scroll up lag and back problems plez fix all problems plez 🙏,5
d4d3db64-0422-47be-a5d8-345099ae62b8,UN BAN MR ✌️ PATTLO He is nice guy best funny comedy man and people love him a lot,1
d1a54aca-b359-43c1-b968-32a34c58313f,Plzz download app,5
3253b3d7-b5cc-424f-8b00-247d46a11096,Pretty darn good app. Love the idea of being able to connect with other people to get information on different subjects with different views!!! Awesome creators out there for sure. Only issue is with the new updated is the constant freezing and buffering. Never an issue before now it's a big one. Does it both off and on WiFi so yeah Pretty sure an app issue. Please fix this it's not just me I have asked other and they're having the same issue as well!!! Other than that excellent app,1
0a17bf8b-fc40-4144-91e1-b1de426925bc,"Why is we are never told what changes are bring made ? All updates say same thing, bug fixes and performance enhancements. Doubt anyone at this Chinese Spyware program, oops tiktok, will respond.",1
d99d6ec6-d57f-45f2-8701-b9f8a274008c,💔,5
444cb5fa-9b41-415b-b222-d9df3908be94,You are the worst app I have ever seen in my life Even half a star is not worth it🖕🏻🖕🏻🖕🏻,1
98cb68ec-4525-4efb-9eb3-32075219d8c0,😡😡😡কুত্তা apps,2
2f2fa954-193b-468d-aacb-cc7a9a9c70e0,انسٹال نہیں ہو,5
e9d45945-6b47-4d2d-8825-fe4e2c0ed81c,It sucks my guy dont get it,5
054872fd-8b52-4cbe-9f5b-ff7682930aea,Nice and easy to use app i love it,5
d9522997-857f-4b07-9e73-81a79660b527,My son loves making videos and chatting with friends i give this app a five,5
7db0db23-3df9-4a9a-9d7e-a3e18506c79a,It's awesome,5
47440c27-5f2d-43da-877d-bbecb89025ae,Good,5
0de9f071-e5e2-4432-a5ea-79231e56cd9f,Very nice app the world i thing the world top app this time,5
054c34c9-7a9e-4bb5-8171-e1cbc6becea8,JamArbaz,5
3a091113-6ab5-42d9-860e-1f760792dde9,Daniyal,1
fc2202ba-a46b-4e65-9fd6-bff80b06040c,সাপোর্ট মি প্লিজ,5
04503cda-3422-4fc4-a660-ad0e371e8039,ℂ𝕠𝕠𝕠𝕝,5
69ef0205-c024-4044-bb75-d98008ce3c00,Nice,5
795b6507-cbd5-4f30-ae58-9eca26ab0bf7,থ ত্য। ্য থের,3
6b6ca7b5-6915-40f3-806f-7fd2c934250d,MdShamim,5
c9ee824f-0f36-461d-9818-38050fcabbd6,super duper awesome,5
17b993d9-4e08-42d1-b0dc-a6726f960966,Good,3
0cba9c23-3df1-400a-b1e0-09a14c76d722,"Every time someone sends me a link to a tik tok it makes me download the app to view it even tho I already have the app, am signed in, it's linked to my Facebook account. I'm probably just going to delete it since it's become such a hassle",1
405aeda3-a64a-4559-bc9d-70f7fa3578cf,👍,4
0dd0d446-f683-4d49-8286-cd26637b7064,my fav porg,5
767fc55d-47d1-4213-b65d-08a018f5cca2,I can't log in with my X / Twitter account.,1
da8f6b17-8afd-49f6-90be-707451c7c4c6,Tiktok is downloaded,2
a228705c-acf9-4a2c-939a-720c2397a313,M Hassan,2
1902c3b5-b68f-480b-95ff-fba5c36c4f35,Nice 👍🙂,3
a15a21e8-2d44-4ed7-b2ea-1297ebbbf182,It the best video app ever,5
2dedba87-72ef-493e-a798-9821e1dcc169,My app is not opening,1
4870b17d-3e48-4ea0-ba29-bae5e1578829,جامد,5
e278fce6-814d-41ae-89e4-cde386cebab8,This app will not work on several Android devices at all. No Internet connection is the error message meanwhile everything else runs fine on the phone. Terrible app and I can't even use it anymore. Several others are experiencing this too.,1
4d2d72b2-a615-4407-8226-13db81bd1888,Infested with Russian bots,1
057a2c3a-1504-4861-96a1-93a90fc3daee,This app is very good but My videos is not viral 😭😭😭,5
dfd7c992-fa37-43d9-a890-5fde869cadcb,My friend constantly sends me videos but they never open. I just get sent to Tictok to totally different videos.,2
fb9eac26-21ce-4449-bf84-38bc8eee332d,I didn't know what to do with my life. So I downloaded this wonderful app. That's it. :) 👍,5
a13acb99-155b-4792-b941-5fd56d67501a,IF I COULD GIVE YOU A 0 I WOULD. MY STREAKS W MY FRIEND DONT WANNA WORK AT ALL AND WE KEEP TEXTING EACHOTHER.,1
e386db54-6c26-4019-8222-67be0aaf1ea6,General is cheating on my phone hacked,5
4bedad7c-49a0-4345-ab47-c0a21dcc86c5,Nice,5
afdba41e-d49e-403b-b11c-ca4a82a31e92,It a good and responsible app that I love,1
93f416c3-d39f-4cf6-8b1c-371676c96dd9,ৎৎয়ৃথ তিক্তক তাড়াতাড়ি নেমে যায় ফাং,2
da59a753-5ba1-4f62-86bf-f4b58dec1c96,The videos family sends are not whats played when I open it,1
311f727f-6c3e-4430-bca8-2da0c626222b,It REALLY GOOD,5
170647a8-f0f0-48e7-ad53-a6e07b4d9848,Sucks,1
d294ec87-e63a-43b5-970e-f96cb5ba3463,very good I like app,5
ffecbefd-115d-4f04-b6f6-f06c8c2842e4,Dont rate it at all too much Drama and to faced people,1
159adc46-9028-4aed-a7ea-17ebfa46c8c4,Live streaming big issue 🙀 🙀,1
38ced942-d498-44df-9ee8-61d3df125d9b,varl my TikTok account please,5
986082cc-803f-44c9-83d3-19195a386147,FIX THE APP. It's making me watch videos I've watched prior when I click on a new video.,1
acd7c1c8-03dd-4e1c-8d31-67c69995ab37,It is hard to get my main account on tiktok.,2
791814bd-9867-4ac6-93e4-99c5f6639614,V. Nice,5
6ea260bf-5bb7-4351-a396-4a595303f42b,African Tiktikers we are still getting less payment despite the fact that all nice contents are created by We.,1
9ad04915-ec8e-4ff3-b445-53cf8ef6d144,Very nice,5
b81dc71f-3913-447b-9a23-2f281c1c1f4a,Not good because waste time,1
ca6081c8-d80c-47d3-a96b-8512b7e49fc5,Nice app my favorite app playstore,5
88d97e25-5825-450b-9b2c-0178b09e22b5,Following,5
36bc7995-58af-4b4a-b6c8-85db524e27f2,"⭐TikTok is an online entertainment stage for making, sharing and finding brief recordings.⭐ The application is involved by youngsters as an outlet to put themselves out there through singing, moving, satire, and lip-matching up, and permits clients to make recordings and offer them across a local area.⭐⭐⭐🙂",5
e6e2a802-23b7-474a-bb2b-9eff3addb537,Worst short video app nobody got more than 0.1 braincells,1
61cb4570-6a6f-4bce-8989-10136cef90cc,Good 👍👍👍👍👍♥️👍,5
5aaab3e8-4821-41fd-912d-cab50a09b848,كذب,1
046828aa-2c27-48c0-bdf3-fae3c7e6c473,GREAT,4
10dfb3eb-0f11-426f-ab64-0708797d58cf,Not working my Device.,1
da4684f0-c450-4926-ab43-7d1fa6ef2d1e,Too many Russian bots and trolls,1
3d79b520-75e0-4fda-8f7f-4a9190981ad3,ণণণ,5
2a998c3a-5668-4cee-a0a5-624a907cbb9f,Good app🖕😈😎,5
912c369f-3e5d-43f6-a648-968e96064aea,"Damn if it needs a update tell me, stop cutting out suring the videos im watching.",1
ba4537ae-57fc-436b-9278-5103b1bcb91e,It will stop working and then it will log you out of your account,1
dee03b71-3b66-477c-afae-14bcb74c7260,So good,5
1dc41673-3797-4ce8-b650-46865427f9a5,Because it made me sign out of my account for nothing so I hate tick tock and I will never download it again,1
6ec96391-c472-48ca-b7db-51d2bd2ad584,Entertaining,5
7d9d07ba-671b-4902-bd9a-0d831e699cbc,I hate it bc ∠( ᐛ 」∠)＿ it kicked me out (⊹つ•⊹)ᵒᵘᵗ for no reason and I'm ٩(╬ఠ༬ఠ)و mad,1
210ed6a8-327b-4d46-b8a5-25fcad76f654,good for all,5
4fb3e3a4-6d9c-4700-b8ad-c9fc29693e76,good App,5
e115c490-221f-4882-895f-19c0fb2164d3,"every other video is an ad or live, the lives are fully unrelated to other content I would view, all I get is pro-Trump politics. I hate scrolling anymore.. I can't believe I'm actually thinking about switching to reels.",1
ec7d5da5-f1a3-4e3e-94b1-0c8ff90cb73b,Reset my feed because I kept getting videos that aren't relevant. Now all my videos are in different languages and not at all content I'd be interested in. Tried the recommended ways to fix it and it's still not working correctly.,1
a0d89031-b61a-43b4-821d-ec3ed64371ba,Fun,4
20bf02b3-b074-43a4-b10b-bc98979e40cf,Please download me tiktok,5
10dd9166-c6c1-40ad-a77b-fd0232d3628d,I love this app. I've been on it for a while but being on it recently more and more it's starting to get annoying because the guidelines are becoming really annoying. They take down my comments for nothing. Lives are really annoying and they're really soft. So,1
1893c937-3e2c-4e05-8fb5-5708e245edf1,It's all good until you want to unsubscribe from a LIVE content creator who you're paying monthly to support their business and then they block you after they get all that they want from you. How do you unsubscribe from the LIve content creator's page?,3
3231fd8a-51bf-43b9-ab9b-4f1bb57528de,YES IT WAS AN IMPORTANT ROLE,5
c57e2bc8-6c6f-40a6-9e04-5445181a626b,It sucks not able to chat with anyone,1
be7de188-bcc9-4b09-82a9-054246d145f6,I love it,5
a4def7e4-d591-4613-8be4-87e21be096d5,I love Tiktok super,5
0fb66082-a691-48fe-8d4d-861ced55e688,I love it,5
bd90d573-36d2-4738-b7b8-8dc66b8df4f1,"Hello Tiktok reward program team, I have deleted all violation videos, please go in ny channel and check now is everything fine. Please fix my channel. Thanks",5
5b26825f-2120-437c-83bd-c5a06a623b37,",🤩🤩🤩🤩",3
ca2a3ebd-7c27-4959-a8a8-cc1ab027b4ac,❤❤❤❤,5
50808ed6-9d60-41d6-90ca-9dc066e6f809,Goooooood,5
6a667601-2e04-4f05-8585-5cb941bc9d10,This App is the best app for mee,5
e663a88e-e67e-4fa2-a771-5149c08d8db2,U y u hubby ujuuj Ulp,3
ab8572a7-6fd7-4243-aea5-1cfb5b167447,Unban Mr.Patlo,1
ea6a9e75-30f2-495a-9a5c-c59cf58f27a4,Its good for fun but a lot of bullies and children posting inappropriate things and removes my searches,4
36eb97a5-5f6d-41a2-8748-e0a4dcb99054,My telephone and basically all of my devices through my email had gotten compromised because there was a tick tock link that I opened up and it spell some type of virus spilled not spilled some type of virus or malware but all of my devices,1
a7a558f1-9e3d-4105-8dc3-624dea7f73dd,وي,5
85091b40-d726-4702-a60d-d96284acd14b,Worse storage leak app,1
b8feda0a-543e-4b4d-a001-11d00c51d372,Awesome 👍,4
f0f48040-f8fe-4b3e-b346-a44070e1c4db,sahil jan,5
b54ba075-4909-4aa6-93df-73fcfee69075,",😡😡😡😡😡😡🥵",1
cb2e6703-e213-4ed3-b43f-fe79d23e2136,Very good and search filters and save,5
0e9644ba-f470-43ac-bef8-6fc4a73583fe,Like it,3
7497ab20-0bf5-4454-b00a-720f977a0ea9,Very good,5
13cb32f3-c985-4eaf-bfc8-1b08f2656ab5,"F""""""! Sucks!",1
d85e8ace-c24b-4a85-afe0-799e9d0a8372,I have to keep uninstalling and installing the app as it keeps crashing. I've lost all my drafts previously because of this too. I don't know why it keeps crashing and doesn't let me enter the app every 1-2 days. Tiktok please fix this,1
2bcd87db-029b-47d3-a6da-3750012128df,Unbanned Mr pattlo,1
360afcae-8378-4db1-aef5-c9076890420f,Keeps telling me no Internet connection when I'm connected to home wifi and occasionally friends hotspot,1
964846be-ca67-40b9-9441-5db185fca676,Crime alert blouse,5
6908dc69-0607-4eee-97c2-cef9c84448c6,I love it so much 🖤✨,5
3be9d640-65f8-487e-b910-9f70bd0e20c3,I was debited 6 times without my permission,1
2eb95421-0925-4d7d-af2f-c6487c270d76,We can't even search up the videos we want to watch.,1
c317beda-c1ee-4b73-8bd3-75a25e048160,good,5
4c5ef45d-350b-4b6d-a06b-d5f8e721bfec,Good app,5
5d5a44f8-7eb1-4239-a2c0-b793b5d9a342,Same videos replay constantly. Just spam people taking clips from others and reposting.... content has went way down.,1
66d7de44-6aaa-4ce3-bd10-553f6c471a27,"Allows hate on Christians and removing options, facts about specific topics, removing comments on live without hate speech but telling the truth on this app is hate speech anyway so 🤷‍♀️ I will never go on this app again it's just filled with woke bull",1
dabc88d6-96c9-4520-9c93-e661b313aa7a,It is very nice app,5
0f99d36a-834b-43f5-a3f5-de20f0134a47,Pretty good but half of the time I try to send a message to one of my friends it says its in violation of community guidelines,2
bc55127f-5f16-4812-a5f9-d37edc67624d,Best of Muslim hadies,5
e231056a-b91d-4a70-9b04-ed4af6ca636f,Worthless,1
639d30e6-0350-404a-a4f3-60f38f1534d2,Excellent,5
c65bc270-564d-454a-8044-021ef5e5fb8a,I enjoyed seeing the videos of all sorts. It makes me laugh or cry happy tears.,5
42755dfc-5caf-4315-98b7-9e9bbf98c470,It should not be banned it's too coquette and their I everything that u dont need♡,5
6b48db28-0c07-422d-bda9-7b8aca9708a9,This app is Good but not good,3
39ff51c2-3368-4a6d-806a-15c5a3412b25,On live please,2
df1e6dc1-4a4b-4be2-bfe0-792e0ed3753d,Unban Mr patloo,1
3f7f70d0-0a46-4377-a6b6-ab6403002fe6,❣️,5
d4ce83cc-ab6e-4d98-a6df-76587f14589c,تمام,1
a424f746-4484-4865-ae6e-3687ab31700f,I love you 💖❤️🌸,3
c8e5e20a-84d6-4b54-ae96-712390368a28,"It's a great app ,but the restricted mode is not accurate it shows some videos and ads that are nude.",4
02438a5e-2653-4380-bf8d-bde8378ef70a,Jokes and loud 😂,5
3322b61d-4f91-4f8c-b2aa-6e208a1bd7c0,Live my tiktok account please 🥺,5
bbc2e1e9-50df-4eda-b79d-306525c9b9ee,Amazing,5
5dbdff13-bbe4-41aa-89ed-bc1512c4a5c6,My flowers are not increasing please help me out,5
47a9b2e7-5b00-4c5d-ab3b-a917f524e623,Awesome,5
16947772-15d7-4235-816f-5cdce1426ca1,Doesn't work,1
c36d1948-0552-4bb8-8683-f3d9c5bf0d9e,Hi... TikTok please check my account playlist option is not,4
2a084823-ecef-46e5-a120-a776d418a59b,Fun,5
6ebe19dc-f27b-41c4-811a-943c5360ec1e,Good,5
b9b4c725-b3f8-40a3-9176-a80554153cd8,I love it,5
0cd9dc5d-51c9-4c9f-be93-894f3e64804c,not working after the last update?,5
fe773965-8ef2-4db5-8c65-39b714f1ee6a,I love Tik Tok,5
80e56481-ddac-46bf-83a6-dce671778f5c,Good,5
0ee9796e-bae1-49a8-a249-624f0cd765e6,good,5
abdc00e1-ffe5-42b5-96d0-73af9109fcc3,"So far, it was a good app, but this single time of my life has plummeted my views of this app. I unlinked an account I accidently made while attempting to crosslink another account to my new phone. Instead of linking me to my main account, the app continously linked me to the new, mistakenly made account, despite being UNLINKED, having NO connection to the email. You need to create an immediate deletion button for things like these, it's ridiculous how frustrating it has to be to unlink.",1
6eb8b7b2-971a-4970-be91-796c677b4226,Bro where is my repost button.i haven't seen it in years . It disappeard out of nowhere and it never came back . I've been contacting you for a while now to solve this problem but nothing. Do your job for once please. Thank you 🫶🏿,1
56a33a0a-67b7-41ea-9904-c1fbcfec1f0b,Amazing app,5
b88bbbf7-d6ce-4542-b884-84196940350d,"I can't be able to search about the filters i like , so bad",1
819ade7c-68d0-4364-864a-aab5bab4e08b,Bro im tired of light mode can yall put darkmode for android,5
e3e5345f-a9ad-4409-827a-daee793420de,"Tik tok allows white people say racist comments like, how we get rid the yellow spot in the corner. When Asians post reaction videos. Tik tok don't allow anyone to call out the crackers that make the comments on the posts. Plus they allowing all the man hate as well.",5
f81e66fa-69db-484e-a43d-508f5d4f6565,Amazing app,5
5664eda6-fe41-4b73-8d82-0d8f15888186,It sucks,5
c9f9aadd-e255-4313-b7aa-f90a8d35716a,Why does it hang?...even in iPhone 13???,1
9c632486-66fb-4631-b938-cd59d5af0dc3,"От поддержки ответа не ждите. Фотографии загружаются в отвратительном качестве. С интернетом всё в порядке, пробовала загружать с домашней/мобильной сети - одинаковая проблема; ограничений по трафику нет. Без понятия что с этим делать.",1
40f7373b-85b6-4749-afbc-d1646d38935c,put the pronouns option ggrgrgrg raughsusuwujwowlqk,3
9b9ee800-5d6e-43c4-9fd9-7906b2e92c30,Very nice app,5
22bfc9e4-65c4-4692-89d5-5a56da0139c9,سلاڤ وو رێزێن بابێ قەرنەبیت تی بوو هەوە هەنە 🥸,5
e6a69cb6-c6c7-467a-a62d-4ed8ce9a304b,Ahan khankhail,2
677831a8-e40f-4725-9f36-028505ac2e42,"I've clicked not interested so many times that I got tired. Literally the exact same posts have been shown to me 5 times. I've scrolled, requested the FYP to be refreshed, cleared cache and still. The same same irrelevant videos in languages that I don't speak. Completely useless now.",1
23835942-5e9f-4a34-a6ff-1b2a628153e7,But one problem I have not good like amd good followers,5
cb35a9a4-4820-418b-a250-77a11ea8848f,Love being able to connect with people all over new experiences more to comd,5
5b006c2b-599c-4297-b1ba-434db1038e0a,Good,5
43e7b07f-afbf-47eb-b648-5a088af41556,Too much brarainrot,4
281947b4-675f-49de-a902-bca4dfacc77b,Nice 👍👍👍,5
bbe731d1-7cb8-4aa4-9367-6cd75a65921f,This app is great news 😍😍😍😍😍😍😍😍😍😍😍😍😍,5
77bf12fb-4560-4d50-b4a3-e85f846d18d1,Perfect thanks 🙏👍,5
52214bd3-4f22-4d4d-8fc7-55417a6a07ff,"I don't witch app that does something to my phone, but it's slow to download thing's right now!.",5
0cb86a7f-3076-4e89-ba7a-56d6477bfb88,Unban Mr pattlo live account plz,1
baa4b8ab-a99c-4af5-9b0a-581e1e9c0032,I dont konw why they said my accornt got delten i hate you tiktok,3
cfa18263-70b4-408f-94d4-ab71c6d9b406,Nice 👍👍👍 love you tiktok,5
74628f7f-51aa-42f8-8fd0-8ba613446916,Where is dark mode?,1
b57f8e40-2a4e-40c4-a0ee-012f49a11ecf,fuggove tesz,1
4b3ae729-a457-4375-8411-c21f717d1d8b,😠😠😠😠😠😠😠😠😠😠😠😠😠😠😠😠😠😠😠😠😠😠😠😠😠😠😠😠😠😠😠😠😠😠😠😠😠😠😠😠😠😠😠😠😠😠😠😠😠😠😠😠😠😠😠,2
c86e1db9-16b2-4ee3-a81a-a4914732f481,"90% TikTok shop sponsored videos, 10% what I actually want to see.",1
30222edb-3401-46c0-9c35-c4ebdc11d646,"P a r a d o x and Unfair T i k t o k mechanisms It gives many people to show up their worst part of their personalities together via live sessions and in public !!!, and when anybody reports that bad side, Tictok considers that freedom!; While any political opinions that attack Israel or America; Tiktok removes it.",1
0c24a852-2738-4a8f-864b-26a86a45b1cf,I can't sign up why???,1
14ebea93-8f4f-422e-9c05-493698481f23,remove all,1
67a42ba9-bedc-4721-8eed-38a3e487d5c8,Wow it is amazing,5
41dacc1d-cb60-4998-82f8-a4c6b7008b44,Md Didarul islam,5
f762cf9b-fbd5-460c-bd6f-e4154b0abeb1,My all videos for you and videos me please help me,5
37084fa0-3a61-4f5c-9e31-37e257686da2,Beti,5
e58407af-dedb-43a0-a868-46dbcee769f0,The app is so good addicting so beware that you will get sucked in this turmoil and might not get out 🥲,4
7f6027b6-76e5-48d3-8467-382396c556bd,Awesome app easy to use.,5
ad0e0f51-8df7-444b-81c1-97719ec0136b,It's a very good application,5
8a7dac10-a722-4de4-ac8b-9c32bc91cbd6,Good,5
3250ea75-dbcf-4fd6-a0b5-47066e070cc6,Don't show location option when I upload a New video,1
61df1404-5f43-4674-9e76-50d749266fa6,Good,5
1fe79904-c13c-454b-8bc9-a83765cf1bb3,"Worst app ever, I deleted this app because I had lots of followers and friends and lots more videos, and it just took away all my videos, and it made me cry a lot, and I had to re sign in, but I thought about it, and I decided to get rid of this app because its the worst app in the whole wide world",1
381d1ec3-1325-4f94-91f1-b481dd74f981,Tiktok is good platform,5
49c29713-e83e-4f8e-ac46-c387f8b8cdba,Unban mrpatlo,1
f5a530c5-00ca-44c7-aded-7c234f79f9e1,Please Sir unfreeze my account 😭,5
749f06f4-3a05-4062-9abe-7f2f67707c18,Unbannedmrpattlo,1
f19093aa-8435-4328-bc65-cfbafa0a3641,brainrot,1
9be60fdf-8fc8-40ca-885a-7036de0ae58f,Very Bad,5
f886fca9-a4c2-40f9-9415-b79af548e3d0,It's the best app,5
8fd0c900-45e3-4f49-9ffc-4d0f18f385ae,Dil dil,5
55bfa3b0-ecc0-4d81-8917-71336c6aa185,"application très toxique, fuyez si vous le pouvez",1
2f997c38-ae42-4216-95f1-22544c3af4de,ismalure wiil hoog,5
cdd06831-f28c-4400-bfbf-f2f506b81a93,Christina vacation,5
e4d9a3aa-cc5b-4be8-b6f9-dcd4ca601550,😉😉,5
37fa05d7-206a-407e-869d-36cae3b53dd3,Please 🙏 unban Mr patlo,1
1fcf10a0-2754-4779-938d-0f42e1195f49,حلو اوي,5
eaa6acd4-adef-44d1-bb4e-92a87a628af8,Good,5
15cf397c-677c-453a-8e65-59f67092c848,Unban Mr pattlo account,1
74a7be90-4a83-4d3c-a07e-3c7101363095,Bs wese hii,5
9e437486-c517-45a5-833d-0027daf39940,It's cool but it's a shame it's going to get banned,5
6d4d4a60-2a27-4966-8d2e-53785871fb07,Trash.,1
f25ef738-576b-4bdb-8229-ee396123b33e,Good,5
1658e033-1815-4d31-a93f-0a8df294b1a9,I love the quality and the sound is hard,5
ee6c86b6-8c97-4465-aa8e-857f22c12f61,Very Amazing 😍🤩,5
b355a822-fc1f-4a46-8b22-cccbde7210a5,The policies are too harsh thereby making someone like me to easily leave tiktok because there are other alternative apps. I predicted that in the future tiktok will fall behind many apps because of their unfriendly policies to ban users.,1
cc625f8c-b701-48dc-9a48-ac2b29d4b62a,Wow,5
94df3395-17f7-4b9e-9d3c-b45f46b63a3c,I love tiktok ❣️,5
6d9c6089-672d-4bb8-aff7-b5954c92ffc3,Please let me was,5
04c3ba5c-3e1c-40bf-bcc9-c36e6f147fa3,Ucap,5
5ddeaa72-a26b-420c-a8ff-42a64a40650a,Good experience,5
934fdfd9-9462-4197-a69d-51195d84a2bf,Yusufmuhmmba,5
d6194590-276d-4aa3-ad0c-36d7edff7b27,Unban Mr patlo,1
d6c6c746-b289-4ec1-b960-92085b83cbeb,we take information and we enjoy. we take idea.,1
f3fcd0cb-5288-44f8-8553-c044fe7705b2,👌,5
b1b1f83e-8289-4c62-92e7-b41adb2976a9,Good,4
17f32e3d-67b4-4652-8d64-41a944aa2898,tiktok is the best university on earth,5
1f42eda6-157a-4b48-8556-71052f93d387,Good,5
5121fc42-eef1-4f46-aa07-dca32b849a11,Omg it's like the best app ever and Snapchat 😗😗😗😩,5
973d88a7-c969-4f3a-a186-0a49fe28747f,good night 😴,5
edcf7773-469b-47fb-b473-5cea22379304,Unbanned Mr patlo,5
f4c9b14e-3022-494c-b470-adc5a7ba6719,Ee7 Huh 88i xxx t RR UV u,4
4cf22993-bc9e-441a-8df7-417a330ecd5e,Sports and songs,3
cfee3009-5b13-45ea-8781-52cfa6a62975,😇😇😇😇😇,4
95986951-1a58-4769-934a-672f765caa06,Literally helping me among millions of others follow our dreams,5
4e1c5203-9a92-45a1-94b9-ef179006e355,This app is very good,5
0d5d33e3-f70c-4b1d-b7f6-05f6e07b3c67,Unban Account mrpattlo,1
2909226b-63ea-4ce8-bc4a-3fb38c610a70,So cold wallahi billahi,5
841316a2-4575-4fd3-b800-74d9c0b0a508,HI dear toktok team once again my tiktok account has frezzed please 🥺 unfrezz my account please promote my videos to large number of viewers please unfrezz my account dear toktok team unfrezz my account please dear toktok team,3
e4028dd2-639c-412d-9923-215490f3b7e6,Easte of time,1
a2748356-4d64-42cb-9d25-e7157fd5a72d,My account unfreeze plzz TikTok team my video viral plzzz✌️,5
862508ab-3c99-4b9a-8282-d08717e281fd,Tik tok official 590,1
d6cfba40-ddda-476f-9a3b-2d0a26cea1dd,Thanks for updating my app 🫣🫣🫣,5
5cfa86ef-6e57-43f9-b9de-e815587442c0,Dvwgwieie shsieieoe e vaieie,5
b9cacd99-daf0-46fd-906a-cceb8738d40b,Best,5
70d818e7-c598-4420-9903-11c7aa8b5318,This is a joke,1
fbb1cd19-8255-401c-98ff-6173cccee59d,Very good app,5
0db52c40-9c85-4f2d-89bf-8bc5230c273d,Nice app,5
c473a393-d9ad-4854-93e0-e08b7cabf60f,Addis yegeta,5
604ae97a-8795-44e2-9683-508f1981d116,I mean who doesn't love tiktok,5
5f291fd5-e9c6-4816-a2f7-bf7f559bca9a,This app is sheet,1
5b1b4ecf-7c86-4709-9d26-928f6ecdeb5f,I like TikTok video ❤️I love to dance ❤️❤️❤️❤️❤️❤️❤️❤️❤️❤️❤️❤️❤️❤️❤️❤️❤️❤️❤️❤️❤️❤️❤️❤️❤️❤️❤️❤️❤️❤️❤️❤️❤️❤️❤️❤️❤️❤️❤️❤️❤️❤️❤️❤️❤️❤️🔥🔥🔥🔥🔥🔥🔥🔥🔥🔥🔥🔥🔥🔥🔥🔥🔥🔥🔥🔥🔥🔥🔥🔥🔥🔥🔥🔥🔥🔥🔥🔥🔥🔥🔥🔥🔥🔥🔥🔥🔥🔥🔥🔥🔥🔥🔥🔥🔥🔥🔥🔥🔥🔥🔥🔥🔥🔥🔥🔥🔥🔥🔥🔥🔥🔥🔥🔥🔥🔥🔥🔥🔥🔥🔥🔥🔥❤️❤️❤️❤️❤️❤️❤️❤️❤️❤️❤️❤️❤️❤️❤️❤️❤️❤️❤️❤️❤️❤️❤️❤️❤️❤️❤️❤️❤️❤️❤️❤️❤️❤️❤️❤️❤️❤️❤️❤️❤️❤️❤️❤️❤️❤️❤️❤️❤️❤️❤️❤️❤️❤️❤️❤️❤️❤️❤️🔥🔥🔥🔥🔥🔥🔥🔥🔥🔥🔥🔥🔥🔥🔥🔥🔥🔥🔥🔥🔥🔥🔥🔥🔥🔥🔥🔥🔥🔥🔥🔥🔥🔥🔥🔥🔥🔥🔥🔥🔥🔥🔥🔥🔥🔥🔥🔥,5
bdacdac0-2493-48f1-9923-72e07adc5e8f,Excellent,5
ffa4b1df-48f1-4470-b5f6-c5e9da4321cb,ad sucks,1
4aca8f0c-1e07-44b7-a8c5-b140b3e98ea2,Foryou,5
85b70ef7-76b5-4a4f-b6a4-277d804d365d,I like this app,5
a0b2d429-29dd-4f6f-bdd9-07cf75e36c29,Waaw,5
38f54123-d773-48bc-ac8e-016848c525de,No good,1
69d9d626-91b5-4235-9f12-94fd8b75966a,★★★★★,5
fa7602d7-0daf-48d3-a3d5-046b1e8e925e,Very good,5
404a2282-3add-4f7a-8701-9f52f2884b77,Good,5
a528bc2d-db38-413a-adb6-582d39333b27,okey,5
e1c42ab4-9371-434f-a8e7-2f6eb7350d94,Not live option show me,2
bcaad7ec-0a47-4686-aafd-901f40ae313f,Great,5
1f3cf9a2-2d6a-41f2-8410-a8cd8cd67f05,So nice,5
bfbe41ed-a40b-49a6-8e86-1d49a0ccdd8b,I like this app because I t make people have money and do shopping,5
76764e40-d7ad-4ff8-b1fd-69f0ab3f1008,Love this app so much,5
87ba8879-d0d7-4113-829a-fc49d2bd81d0,using tiktok in Pakistan is useless and waste of time and money. so stay away from tiktok in Pakistan,1
9d15bb00-43f2-43e5-9893-02820dbf4bb4,Good,5
1ca83806-e576-4422-95a0-8df8e7e5357e,Great having so much fun 😊,5
3e169015-e985-4a24-96fd-cc1e87a97041,Unban Mr pattlo tik tok live,5
e6a005ab-5654-46eb-a594-a7111337c5cf,💗🥀,5
c8de6b5f-2ffb-416e-906f-4146694d6ee5,Everytime someone sends me a tik Tok it won't play I click on it and it comes to the app in the play store and when I click on the app it plays the wrong video .....same with other ones I get through messages it loads the app and plays the wrong video.......it's so annoying not to be able to see what someone sends you .,2
e65f36a8-fd17-47bb-a4b4-a3252ef2d313,Shiwani tamang,5
4452c9b4-e2a1-4dfa-a22d-10ce038da0b9,Doesn't let me do slideshow idk why,4
73acbd91-b937-4f44-8d46-9ff749da8f7f,Love the app so much ❤️ Best app if you just want to relax and have a good time,5
7f540490-c5dd-4986-92dd-5f1d394bfcf4,I love TikTok.. but i can't got my videos in ForYou,5
dd166c44-cf74-4c9a-b224-3cb3d241e819,good,5
2193ac7f-6cf9-4f84-b5d7-8d4dd79f9928,Super,5
7c4e0fc5-e1ba-4c8a-b17d-626c102e9350,Good,1
09c5d9a9-31b8-4947-afbf-73d368a5b829,Very good,5
5ec466a5-06ce-470b-92e3-999dd3faf4f4,Love you,5
90d47cb8-1a56-4ea6-9561-eb20eec463a5,wow,5
e8749aa8-e995-4079-b02b-595ee9153612,I love it,5
d6f0ad7f-f338-40c1-9a3e-7306e3804daf,This is my fav app I have it on both my iPad and phone so no complain on this app I can watch tiktok video and make my own videos,5
8a6bfbaf-3dfc-4c69-acdd-4e44986db3f7,Nahi Chahiye hammy tumhara original tiktok. Hamara apna Tiktok light zindabad,1
57e520b6-e782-4475-a9c1-4e95842f755b,Tt hhkk* Tijk ok,5
9d7cc076-c681-46d5-8fb4-37c3a1db7e11,So Dumb! My friend shares a TikTok video with me I click on the video takes me to this stupid page I click open cause I ALREADY have it installed and it doesn't even play the video that was shared,1
82a3e1a9-7c65-4321-ba77-6c469245625d,Accnd ban awan bilal 87my accnd an black,1
fbe80116-3a8a-485f-861d-d320ad33f6da,Why u continuously banned the account of Mr pattlo leader of TikTok shame on your app's makers who's doing this,1
8300ab61-7740-49ac-a196-5625b2b99255,Very nice app,5
c9cac422-391e-49d9-bed1-4553f116fb49,Kashif khan #foryou #videoviral #1kviews,5
1cd984a1-95a8-43ee-8c7c-b3d66c8a0027,"what the heck? I just updated and now I can't login into my account, it says feature isn't available in your region??! Excuse me? I used to login all the time, why this is a new problem, switching to my other TikTok account and it's on the lite version too",1
4bff9cfe-da61-4a04-8181-130c3904eb32,One of the worst brainwashing tools to come out of the Internet.,1
7186299d-c89c-43d9-86f7-d60f1c45065a,HELLO TikTok team I have been working hard TikTok for quick koi maza ni ata na views ate ha or na like kese kam ki ni ha TikTok is liye ma 1 star deta hu,1
c8ec71c7-7ab7-48bf-a944-7ec05033ac59,Its okay,5
014b7275-0a5e-46a1-962e-c0f7ccdd9262,Is good app,4
ac468d42-9dc5-4259-a0b5-b556d8afb413,very nice,5
719beca6-311d-4d48-ba38-7ebb8c8cc05c,𝐔𝐦𝐚𝐢𝐫 𝐦𝐚𝐥𝐢𝐤047,5
4d337100-9d30-4329-bbcf-28c80aec4c3d,Best app💓,2
a21ddd05-e518-4c6d-b952-845fe88fe0e7,Good,5
bac8bacf-7937-4b1c-874f-3dbd32fc84d1,This app is super amazing,5
27c8c972-e8d3-4c87-ac66-6a43d26286f9,Because they removed my acc everytime,1
7dfd732a-d4f5-435e-a0fe-93fb3d1a667d,Bad,1
36914f87-1221-4e00-8fd7-e9619b6bb33a,Happy birthday I hope the house you can do it by the time you get here and I'll be there in about the house,4
0988b8ee-d01b-4358-bcec-3f48d8436eb7,Very good,5
b1559f4a-ca90-4eb2-b269-428d92990ec5,Banned for no reason,1
ea34e5f2-5f63-4c8c-b48c-c3d240df3d81,Agar tiktok ne mujhe mujhe Sath nahin diya to main tiktok ki delete kar dunga aate ho tum ab chahte ho to main tumhen chalaun to mujhe like follow comment aadami Karen Varna main tumhara account Nahin agar tumhari agar tumhari marji hai paint karwaoge like comment karwaoge to bahut meherbani Hogi aapki mere bhai,5
6c56ec65-48ec-4edc-8918-90ca96b243f6,Tiktok is not downloading,1
147dd79b-8c33-4f70-b832-40c1712f0003,Nice,3
127e50a8-dac8-4d08-be06-537e4739b106,Beautiful 🥰 🥰,5
91dbc146-3569-41d9-a2f8-4dd18ba2c08a,Good,5
d806fc79-a3ce-44be-957c-11da127d58ca,Omor Roy,1
f7523fce-1beb-4bda-a75d-facdf692c809,Foryou my tiktok account ..Hazratalisherani..,5
95961e11-e89c-436b-90c7-bd355f5a9319,Slow and boring vids,2
8f459226-a4c5-4deb-9349-297d06468ed4,Hurry up and fully release the photos in comments feature,1
72ce1d25-f3e2-4b10-96b5-73df7d8bba4c,This app changed my life !!!!😁,5
29f7e757-b30a-4ec9-8c74-458df6df04be,A trump video came up and tik tok wouldn't let me click not interested. Thanks for making it real obvious who you support.,1
a1853fc2-d033-4424-a094-6d6d489c73bf,Vip,5
c2582b98-1152-4ec2-8158-c9178503070b,App 5araaa fel vedio elsot loahdo w el vedio loahdo,2
23c5886f-f1f0-4443-af59-2033432130cc,Wow nice tik tok,5
f4c1b3aa-43dc-4ad1-94df-7dfb60b8d568,This tiktok is the Best,5
492dd93d-e08c-4b1e-a24f-75de12e4ee47,Nhlamulo,2
7f23c32b-c8e0-4e8a-9d7c-346c4dbfee4c,The vary,5
5594d927-179b-4f42-b4d4-c63157f32de5,The app keeps glitching and not allowing me to follow people. I'm not able to follow back people who are following me. Every time I click follow back it shows that we are friends and goes back to follow back as is I didn't just do that.,4
98b7e433-9820-440c-b263-26ae99640ecd,"They need to add a 0 25, 0.75, 1.25 speed , and 1.75 speed option.",5
46514031-c72b-4c1e-9e1c-afedce4e95ea,I also like this app but it doesn't want slow phone eish 😌😏 because it started to give me a problm what can I use this app ? Please anyone who .. are interested to help ???...,5
5a3cb6d1-7fdb-44ec-82e4-760c63112869,Best,5
841e1acd-d338-48b3-bf17-fdbc757bdd4b,حلو ورائع جدا ⭐,5
25081e39-ed9b-41bd-a176-92bffafea630,Something you forget is watch history incase l forget saved then lclick watch history like youtube 👨‍💻 otherwise is good,4
262f13ba-acac-42b0-a068-0ac34b98a611,It's helps me with information,5
3253e7b0-c645-4476-a704-4480bf178c41,"I just reported a video on people wanting to kill kids, and I got the report back saying no violations. What a joke",1
7820f01f-22e0-4edb-b98b-bd41f3ff7939,I give it a 4 bc I can't see videos that people repost like I can go to there page n see what they reposted but when I go to the videos they reposted it doesn't say they reposted it but they did but I can't see there name like if yu repost sum it says that yu reposted but I can't see other people names that they reposted example -ma friend reposted sum n it usually says her name reposted the video on video w/o me going to ha acc n seeing ha repost yk what i mean?!,4
b0caadee-b732-4b75-9eb2-d35538af8876,It is not a problem with the car,1
82428880-7a99-4949-a623-7abc7d8c026d,nice 😍😍🤗😍😍,5
79063bd8-cc0f-4976-9366-9a0d390b2dfe,"Hello Tik Tok team. I am facing the problem message can,t be send since Due to Multiple Community Guidelines Violation, you,r temporarily prevented from Sending And receiving Message Please Solve are fix My problem🙏🙏🙏🙏🙏. My account details= Aon.Raza.03 Please Solve my problem 🙏😔🙏",1
9e16d2ab-91ab-495e-8050-b4477e5fff0e,F### you and your audience onece a chapri is always a chapri 🤫🤫🖕🖕,1
4237e968-6260-41f5-ba85-047909bd63a4,Are you video,5
74f36c4d-4797-4e18-b968-2d00962f44d6,Nice,5
d9df879a-35d9-4030-bf56-f7c8daa81497,Excellent,5
27724820-3c74-4f55-84a2-136956048441,Incredible 😊,5
03209d54-e306-4ad8-b40c-2ddaabc32627,The apps has taken my stress away and my day is wonderful with it,5
c68de10d-b7b2-4f91-a63a-bf7539008fba,Just,5
1265de8e-0049-44e6-b9b9-0552b353ac03,This app is good for waste the time if you have nothing to do,5
3e4a5405-2ee5-40b6-8c5c-ebaddef9b55c,Nyceee,1
2b30df7f-0b90-45c6-a3f0-dae539d5c428,Its better,3
8d273667-65ef-4a5b-8502-2ae4f0523ad6,"Bruh I have 200gb free on my phone. Why won't you let me download my OWN edited videos saying ""phone has insufficient storage. Try cleaning up your phone then try again"" I HAVE MORE THAN ENOUGH STORAGE YOU TURD GOBLINSSSSSS",2
e17a0248-e9ee-455f-bb2f-1787149d9d1e,Locust Guchu perfect tiles,5
9a4be20f-b9c4-4af6-bd43-fe822fe36962,The lag on the app in the last week is awful. Can even access any of my drafts to edit or post as it just freezes everytime i try and access them.,1
8360c4ad-541c-4c48-9e99-07855aa14a1a,This app allows you to hear and see everything u need,3
c9b1b500-c3f9-4155-8145-432deca98c56,Am tired of this tiktok,1
6ee30d97-4b88-48a6-83c8-cc767aa416d4,Views problem 🥺😔,3
596cdc96-0223-40c6-9357-5852cc3522cf,very good✨,5
168d5d20-8f23-409e-90fa-62cdc5a605e9,Won't let me open anything when someone sends me a tiktok. Come straight to upgrade and u have 1000 times,1
7019b123-acd4-4840-97a9-fac860e7b8e9,Awesome 👍,5
5f5441f0-f3fc-49bc-b217-e3241da124c7,Suggest for you,5
8fec38ed-7547-43a7-91cd-150ce45c8bf2,Kausar,5
b5be8e01-0e42-4caf-bc20-9fef642d9821,NYC app,5
81293c1b-9b0d-466c-a7d0-d55fcd83e172,Nice,5
8ea6485a-b951-4d98-90f6-c48e10a986b5,I love 💕 TikTok,5
4e90825b-1a80-41f3-bffb-c102a5f69c4e,I like the woman,5
b0d44d2c-583a-4ad8-b3d4-beb93ea7526a,Very good apps,5
759674fc-bfc3-4e3b-b206-a7f32a28ffdc,CAN NEVER GET IN WITHOUT SIGNING IN EACH AND EVERYTIME TO JUST GET DECLINED,2
4e8138c8-9b1b-42b4-81ac-c9f7d9e7a05e,Why is there no dark mode upto now?,1
747e1d8c-0f05-43c1-bac6-3c28bc8501ae,Perfect,5
1adcef60-58cf-429f-8e6e-47cf7087641e,Please open my Inbox,1
dccc8f87-5cd8-43a5-b0a8-af1e7d583f01,Nice apps like💝,5
014e6932-ebc9-4481-8bab-5623964e14d7,👍👍👍👍👍👍👍,5
4503a147-d07f-4a9f-809c-35111e3d6851,Very repressive with liberal or progressive users. Most posts are shadow banned or not given views by tiktok. A very biased app for only radical right users,1
41219409-f9e4-420e-91bf-c9b2fa00ed4a,You were not helfl,1
97ca0337-aa48-4496-9c6a-6c9c6eba1bd2,Good,5
a1405a61-8a67-4918-b1fd-e385c51b46ee,Unfreez my account my videos not going foryou,1
fb489931-10aa-4d16-912c-830c979626f4,Aziz the one who is a he is,3
d3aabcb8-b068-4563-8056-1a6d2809383d,Its a great app with awesome content and entertainment thanks to TikTok for putting a big smile on my face when watching it.😊💖,4
1f6356aa-b76e-45eb-9afe-184ddde28aee,Nice,3
7b7eaa61-caf6-491f-aae1-734ffe6bc447,The application is very beautiful if there were more than five I would have given it التطبيق جميل جدا لو كان فيه اكتر من خمسه كنت أعطيته,5
ece355e2-1272-443f-8569-9a17786e7b51,happy,5
650d5aa0-6f56-4838-a5dd-a257b35ad001,Good,5
ff692de0-158d-46e3-8bb6-ba49d78e790f,Unban Mr Pattlo official,5
fe007b0c-0708-4840-8e14-5c6008c7b8f3,Bun,1
bfefa61c-d793-4ded-a413-9be3b9ad2c46,nice app good morning baby girl how much is it to be a part of this is that I am not going to pay for the new house and the other is for the best and I love it and you can come by and get them to you tomorrow or Thursday morning at the end and I have a meeting in the morning to see how you were,5
98f95072-f372-4928-a79b-e92e39005ecd,Very addictive I must say but it's practically my therapy.,5
d3c5c6b7-ae28-4376-b84e-d3eb9d81814c,Get lost TikTok I hate you,1
35a4af2d-e4c1-4dd1-9c76-bd4ff712fd3d,Very amazing and the best social media platform,5
6dcf4d5d-e810-4b13-8eb5-3c892898cf0b,THE PHOTO SWIPE THING WONT WORK! I TRIED EVERYTHING. DO BETTER TIKTOK!,1
f777c6cc-a22e-4a76-bbbe-d78eaa77c7b8,This app doesn't open on my phone I've updated it numerous times it doesn't help. 😡23/11/23 It happened again. Why does this app give so much issues. 03/07/24,1
ab113f33-aad5-4164-95cb-62887314fdb2,good,5
ee3372e7-598d-4fda-9f2f-b27ca1b48531,Good,5
ae4b1b0c-2eca-4075-af03-8dd9c953189d,Abdulkadir,5
ce83cffc-b183-4211-a894-a68126d86e19,It's okay I guess,5
ab82b544-c7e8-47ec-ad3a-d5a7d516cada,Great,5
579960dd-08e1-408f-a50f-5e1ed2d3db83,This is a good place to watch vid but the fyp sucks I kept trying to make if my liking but it's filled with cringe stuff,2
b3bcf1e2-d6bf-4bab-84b1-48cc5487fbae,Nise,5
eec4aebe-9b93-4c2f-88d1-6d2d3303a79a,nais,5
f0442f09-7eda-47b1-a708-5fd7ef14440d,Horrible delivery just a NO,1
c752f73c-2bc4-4d3d-b600-9a5ba717c005,Not a good app interms of making payment coz you recharge and no coins reflextion on my accout i have lost over 1k just trying to recharg nkt bad app,1
d2cdd96e-b6e6-4cfa-ab13-fac073d11c25,Ghullamnabi,5
a1aa969b-f13d-4eea-a9f9-09225c7ede5c,Skibidi toilet brainrot,3
0ec8ea7b-5249-45e4-a981-62140b295e5b,better and absolutely perfectly,5
b4b1c66c-771d-498d-a82c-7571c441f0d1,Bhot e zabar10 app h ❤️🥰👌,5
7953b86d-38b8-454c-a2a7-45cbcdee98d5,Eimn,5
9ebafcc3-53fd-4802-a64f-f4035400dfdd,Amazing I can watch all of the one direction edits 😁😄✨️,5
834009e0-4cbf-4935-98e4-4e03b1e4bad9,Unfreez my account please 🙏,1
c681714c-ffdf-4416-b099-959f3f9f9c06,Wonderful 😊😲😲😲,5
e041bb1b-8524-42b7-9525-149192ce7b2d,Good,5
3df2a1f8-58e7-4f16-aa20-3826926826e8,No dark mode on Android,1
6c221e34-67aa-4880-a491-9a73001b2fc9,When are we getting dark mode? I'm using a Xiaomi Redmi Note 9 Pro and i don't have it,3
44e4cdda-51c2-4a59-a1d4-dd2c66324570,Tik tok is my life here so no more 😪,5
b4680357-3ea3-45b0-ad15-b7fc5167bb56,💩,1
81c8a317-0c78-44b0-b9f8-0b707428415c,★🥰আসসালামু আলাইকুম🥀 🌿❤️সাপাের্ট করলে খুশি হতাম প্রিয়🔰_____⭕_____⭕____⭕____🔰 🔰⭕_বেইমানি করা শিখি নাই _⭕🔰 ⭕__সাপোর্ট দিবেন সাপোর্ট নিবেন__⭕ ⭕___পাশে থাকলে পাশে পাবেন___⭕ 🔰⭕_____ইনশাআল্লাহ _______⭕🔰 🔰⭕____❤️____❤️_____⭕🔰💥🍀নিউ পোস্ট🎲🔥 💥🌿সাপোর্ট চাই💕⭐ 🌼💕🌺প্রোফাইল টা ঘুরে আসার দাওয়াত রইলো🌸🎲🔥 🌺🌼পাশে থাকলে🌹💕 🍥🌸 পাশে পাবে🌿🍀)))(((🥰🥰কমেন্ট কপি লিংক শেয়ার করে👑 দিয়েন ভাই আর কমেন্ট এ কিছু 💕লিখে দিয়েন ইমোজি দিয়েন না 🥰🥰❤️❤️🤟🤟🤟🥀🥀🥀💫💥💯আমার ♥70🥰 টা♥ ভিডিও,5
c8c5fc60-242d-42a2-8962-f1dce9a1e7a9,"Solution to the problem: I cannot send a picture to someone. I have a private conversation with the person. Please solve the problem Thank you, Tik Tok",4
769aa811-1bb6-47a6-8399-c50a1fc1580b,It a very good app,5
146972fe-43e4-45c2-8078-4542cd5b11cd,Youunas khan,5
642fa17a-f8c8-462d-9ae9-11c346b04b0b,আসসালামুয়ালাইকুম,5
73136a1f-4f29-40f6-b1b9-78cd7c829975,WOW,5
9034658e-e86c-49e2-958c-7c271b5a1a73,nice,5
7a0f1b7f-0d26-4be3-8506-b332ad27a100,Nice app B,5
247bf695-35ac-433f-b6fa-88783c6d081e,Good,5
f5baf35f-9c3a-435b-88d3-6b8f13886fdc,Mbux,5
07ab0803-a9db-416c-9a38-776625a95dfd,Unlock Mr. Patloo's all accounts. This is very rediculous behaviour by tiktok. You are banning such kind of famous person's account who is earning you millions. His haters are reporting fake reports and you are banning his every account. Unblock his accounts and I will change my feedback.,1
f8ca32f7-4ccf-4a0f-9d11-013dc5f3f94c,Fact,5
d111f3d7-f4d0-46bb-a67a-9eb237f02277,Love you 😍,5
d74141d4-c77b-433f-bdc6-c40fc81c674d,It has a problem It's not working can you please fix it whatever you can It's still not working And now a Problem still please fix it,2
a0ff3deb-2646-4e30-a94b-dc799d6032a9,খুব সুন্দর ধন্যবাদ ভাইয়া অসংখ্য ধন্যবাদ অসাধারণ তিক্তক,5
f4301988-d4ca-48ac-b685-1ec520d37378,Never seen other than this before,5
5d63c3dc-9e54-40b2-ae01-6ce80e1cf325,ااا,4
1d20ee42-1439-4e68-ae45-a1c7d9632d41,Katonda atweetaga mubutonde bwaffe,5
c77dd1f9-4c24-4b1a-ae87-4166839b7f31,I can't understand why I get tik tok videos I can't open now😡,1
21ad9b3d-3656-4215-98aa-97c0f44eaad2,jus,5
38c7c0c7-5526-4a9b-b5f5-d92336201105,Very nice,5
94b5fd3d-49b8-44ed-aba3-6dda30d302fc,Like,5
4b0c8c2b-26d9-4915-9875-cc51d42d2abd,good,5
7f675efe-6c3d-4422-8e49-d4e63ea73814,It's best,5
f0e6d446-3ac3-43af-af9c-bd4cd06b25b8,"I liked it. But none of my videos go to foryou. I don't even know why. I like it though. Because when my loved one uploads something video I see it. Even though my video doesn't go to for you,but I like it. I love you Jeon Jungkook 🙂🙂🙂😚😚💔💔❤️‍🩹❤️‍🩹",5
72cb6c6c-70b4-43d9-8829-d84da9df400e,Best application whacking shot videos,5
00c91f51-7e7d-4f7f-b46c-10f9b4eb2de4,Kindly call option b dy dain TikTok me,4
bafe0eb7-cae5-498d-9822-3e32143fb456,Very nice and good app,5
03a2ecb7-8057-42e8-a5ca-2c043d6fc796,Fantastic,4
96e48363-a11c-4411-a753-f65424d3a771,Good,5
ce4f5f7b-5b4e-4255-9be7-b3a769ef9643,Ok,5
b5f97610-2b8b-481a-abbd-1b3467911bcf,"Does an excellent job at distracting. Unfortunately the platform itself is a nightmare. You can falsely get warned and can't even get it removed as they won't even check your tickets after months. Reporting lives and videos clearly displaying content against the rules also is useless as for some reasons they refuse it. And to finish it, sometimes the platform will reset your preference and show you the total opposite of what you usually like to see. Making you having to dislike hundred of vid",2
42bb03d3-8620-47b9-b918-ae5266a14661,So,4
17b2622e-9b5b-4190-aaf5-324bb125628a,Excellent,5
bf687532-4937-4e51-a3e1-08261c18b49d,"Awesome app,love it ... alot of interesting clips w/ alot of insight and funny stuff!!!",5
8299f4fb-afa8-43ea-80c4-ffe7c7d67dfe,My name is Joy,5
0d749360-3fed-4df8-bf34-bf15a2025792,ig is way beter,1
87f5a977-52c0-40dd-b09c-15a6c5e830b2,Beautiful,5
24a7fe8a-10a3-4cc3-b2b8-358de8153602,Good app for us,4
7178c2b5-e043-4162-9b52-5ea0f72b37f2,Hey tik Tok Meri please audio,1
218d29d1-cefa-4f9d-83f7-3ff02131283c,foryou,5
e844c5ab-2d39-4f74-8e4b-786019f0b65e,It's just fun!!!!!!,4
9d5f32d1-1ab7-4309-bc71-225b15b04aab,Saif ali,5
217cb16c-da34-4141-b31e-aa0f205a44dd,its boycottttttttttt pls dont download it!!!!!!!!,1
f2177b3e-0e25-45ba-aca9-586e9134dc31,"Tiktok fix my feed! It was fine before I loved it but ever since this new update the diversity of my feed has changed, before I had a lot different things in my feed, ranging to cooking to fashion vids of people with different nationality and stuff, and character edits, fic recs etc, that was just how I liked it and now it's just people from my own country with nothing interesting to show!",1
528a122f-f01c-4de1-887f-2dc5efa10d02,Aunts and zebra print it out I have to 4 off the best way is your mom home you can enjoy 6,4
aaee1247-37a8-430e-af9f-f5998f802329,I love tiktok,5
07a53906-9e72-4294-99a5-68d9d16ba8ba,Skdo,1
89ae38d0-9c26-4cc0-8a55-7a4ca51acd1f,مجھ پاگل سے الجھتے ہیں🙂 یہ سیانے بیانے اچھے لوگ🥀مجھ پاگل سے الجھتے ہیں🙂 یہ سیانے بیانے اچھے لوگ🥀,5
1429fb38-bb45-459f-abe5-1161e59760b7,Tiktok is Good By Rabani Bajkani Baloch,4
0d43e156-b137-4862-9fad-e5d1257ab334,প্রতিবন্ধী এপ্স 🤡,1
209e1cad-e6fb-4734-b6b4-c4740bb4c6a7,What is it so hard for developers to add dark mode 🤔 Doesn't make any sense 😕,4
92926286-c093-481b-9493-c6d499b1f346,Is so bad,5
1182c3c7-befc-4e8c-8fb1-1e10e331d36e,Please tiktok team un banmrpattlo,1
9cecef9d-33f1-4be5-9dfb-21656ce1c55e,Wao,5
e34e65c6-1ecb-4ff1-a687-a7b329f25ae0,Wow TikTok I love you 😍😍😍❤️❤️,5
315b33e6-765e-40c9-b892-7476f5991dc8,ےنفچھھھھ کہ کککہہہجہجہہججہجہککجہہہہہہہہ,1
11c6ca75-fa58-472d-a449-deb17424d4e6,Watching 24/7,5
f36ca567-7cfd-4493-be4d-dc82f01444aa,Good,5
7bf4b859-b960-4596-ac2c-64da094c3b56,Tik tok,5
870f287f-e374-4950-b2b4-62cea8e08984,Good,5
7e6c7612-5bdc-4e86-a434-9dbcc08b3c4b,This aap is best,5
68aa250f-57ce-46e4-ab86-f38b5d42c465,Yes I'm so happy 😃😃🤣🤣😆😁🤫🥱,4
55a5024f-c3e7-45a7-8e3a-daf7e1b60e67,Best app so far,5
8ea2ead5-ed58-4544-8133-6f26f91a257a,Khol diya please khol de app,5
371b5f18-e89d-4735-95b6-96488112b3dd,Thanks for you miss 🖤,5
5eccfd67-f5fb-4a49-af8e-334b1ebe681e,Very nice,3
47fb03a9-7412-40b2-8750-400d6196373b,"TikTok Foryou setting and Foryou Trick | TikTok all settings | TikTok Foryou setting 2023 new ￼ Saddam Buriro 18KLikes 470,586Views 2023Apr 11 #tiktokforyoutrick #TiktokSettings #viral #TiktokSettings #tiktokforyoutrick #viral Tiktok foryou setting Tiktok foryou setting and foryou trick how to viral video on Tiktok Tiktok foryou trick Tiktok foryou setting new Tiktok appeal👇 Hello dear tiktok team Very very important Please I need your help because your account has mistakenly put my",1
39edd984-10a5-442b-bd2d-346721e9e858,Md Akbar Islam emon,5
5ed0cfef-b6c0-4a92-8422-2a9d475682db,Most people are really enjoying,5
bc4892d4-1849-4c4a-9c69-1dd44780924d,Hice Licencia,4
a0614cf3-9122-47b7-a511-34702ba793f7,Please unbanned Mr patlo,1
b29e4ca2-a930-4ce7-9981-eb3df1924f79,Very good app I like to talk thanks to the crater,3
92287dd4-1446-407b-bd72-10a96f443291,"Не могу зайти на аккаунт обратно. Пишет, что превышено кол-во попыток, хотя таковых не было. Даже спустя время не получается",1
e4511098-e99c-4379-8211-56453f8abde6,Fabulous,5
1d886890-7d82-4c68-9ccb-6901f0032898,When I go into it it lags a lot and I can't even scroll then it says u been logged put of ur account and now I gotta use TikTok lite,1
f9e486b7-fb8c-4b7d-8419-271464f0aefe,Whole nonsense app,1
8e048e54-97e5-4da6-a0c7-bb3986cc2390,My Business account please for you my page and my tik Tok viral video and content video,4
03441fb4-bdb8-4dd5-bc20-1ccf9b51df5a,wandile,4
9d355db2-22a4-4356-ac73-591bf79fcadf,Bad enough,1
15feed68-d0eb-416f-8790-b0eb2788feff,I love TikTok so much ❤️❤️❤️,5
738ed5d6-3bc0-4093-b11f-8acd13de66f1,Very important .,5
2d2a32c3-8ec6-41ab-908e-a314ea2a42b7,I love you ❤️❤️😘,5
3d36c347-59a0-49ff-92bc-28211ea5cd9f,Unban Mr pattlo account,1
bb06637d-1ec5-4873-b289-9f73307c8a88,Amazing,1
b3a2a9d8-376f-4582-bc81-8f26aee9fbb5,Box,5
115c6a3f-c81d-4d10-bc7e-86b6415b535e,A very great app........,5
8d1eaf5d-ffbf-4eac-8e57-fb1c6ca13fe0,I love this App,5
55bfb1e5-67f1-475c-84ed-f65efe67d0ed,Good,5
839dfbad-1551-4d67-ae1d-304a22a52ff9,PLz on live option in Pakistan,1
701eef16-6c9c-46bc-9f81-7a0065511b0f,Good app,5
8d6e12b4-3c4b-4fb5-a88c-1320ed2692da,Nice,1
ac74a7ce-ae82-4019-8f7c-e123ebd1b241,Samsul Ahmed,5
e8c074e2-4ebb-48b9-ae99-9ee9283c73a8,Please tik tok teem don't my account band permanent I am sorry 😔 I don't do that again sorry for that,4
ff2293eb-90b6-48bf-8dfd-98647b496814,Support me please,5
acdd3fe2-ea0c-44a0-b01a-ba12b54d2036,Best,5
ac7f939b-3554-4d35-a2b0-fea65990ff39,Hi dear Tiktok I'm new user on Tiktok application please check my new official account.... And viral all video on Tiktok foryou page Chan007.2,5
bb44f3e4-967b-4a37-8779-0eb70f8b0914,Good App,5
409040c5-5214-40c1-a3a8-ba9d5965d773,Tiktok Marathi Band Ho Gai please help MI ID ka naam tha PRSk108,5
1d5e1867-4097-4e86-8187-7445c08fdcf1,SK Mughal,5
7ca7493a-e96d-45ed-9cf5-3e265894a4c4,nice,5
cb13ae5a-b752-4666-9e8d-22153fbfaf1c,T☠️☠️,4
49e32e4a-5959-4838-b256-caf9b7e366fe,For you,5
72fb0bb0-e3db-4cff-881e-92376ed66f8f,hello TikTok team I have been working hard on TikTok for quite some time and have been posting very good videos please check my account and unfreeze thanks TikTok team,1
0c7f829c-d613-4906-95b5-61346b77ff6e,They ban me for no reason at all,1
4e63436c-77bb-4baa-b8f6-c5a08996223a,Poor it's been 3 weeks and my tik tok is not opening what's the reason I tried a lot but there is no solution for that,1
7c1fc6be-655d-40ae-8a28-6bf64be60849,I love Tiktok,4
3f641177-60e6-4511-9e07-d5d7f063e1eb,"I want my favorite contents back !!! After I updated the app last night, my favorite contents is not appearing on my for you feed. It keeps give me tiktok content that I'm not interested in and I kept refreshing my for you feed but it still give me more content that I'm not interested in 😐 How do I fix this ? please help me update : It fixed itself",1
5d958950-db6a-47bb-b40e-c7b2887fc5d0,Islamic tiktok,1
f046b2b5-9a2d-4c97-b00e-1fde77b1f1ed,Bad just bad,1
49937a9b-8f15-4f3a-8bdd-90443c9d2ba9,Good,5
e732d60a-2f20-440b-8332-516e2321821b,Best app,5
b135833b-fe4b-4553-b787-09cbc7d92589,8.n.n.7,5
524211b4-253a-4600-add6-bcf99f74a5db,Slow downloading,5
33937243-223c-4318-afa7-688a695237a0,"৪৬৪৭৬"" ৫৫৫৭৭৬৫৭৮৮৮৮৯৯৯৯৯৯৯৯৯৮৮৭৬৬৬৬",3
b2c47aab-a3ca-4a83-927d-d7fec7190c0c,Ibrahimkhan,5
15878929-6119-4c52-9a26-91bcd9190f1d,Nice app,5
ad4bfaca-3fa0-4c07-ad62-afe387aa4481,Why there no slide show here it's automatic slide o search and do everything hacks but still no slide show I hope theres new update,4
a340e56f-8cc8-4317-a254-7893b5e4381a,It's good,5
f582ce60-cded-405e-84b3-eb7a73b0df79,changkuothmagai,5
55caf054-f6e6-488c-be9a-d1f1b11475b4,I really like this app!this app is so cool I made to video and view almost 200k even I can't Believe in my eyes.,5
d4f16bc0-1410-47da-b026-db5d1c42016b,Hey I try many time but I didn't found my account there Also amln other account came on,1
28f9ec0d-a1b4-4b1d-abff-558b289ddf0d,Yall actually do you job for one please I have reported so much rude mean and disappointing videos BUT YOUR SO BLIND you says its not your community guidelines like stfu when we report smth TAKE THAT VIDEO DOWN NO MATTER WHAT and your comment guidelines are dumb,1
9ae8875b-849f-4682-9237-a87ca98bc4de,🥰🥰🤣,5
3aa4a4a4-e93a-474c-814a-e27320d235c7,nice,5
36c50fe7-875d-4551-867d-5ba3896bd528,Good,5
11d65733-096a-42b3-8418-fc6286d7474a,Sattar jutt 568,5
8e69d8ca-c4b9-4e45-9d1d-2dc2a2f949d2,I love how it lets you be creative,5
2a519424-6db6-4cb5-8362-52076fa8a60f,adjacent even s,3
81551e0d-7dbd-49c1-9044-f5ba48b743d7,Unbanmrpattlo,1
23d2c487-441e-4903-9a8b-7107ee4dfe50,Vari goog,5
29de352c-c069-48f4-86b7-9f8e3cd18636,Personally I love the app I'm active on TikTok almost all the time but I regularly have to update the app and it often freezes while in the app.Honest opinion 🥰🥰🥰,4
0c7be7fe-bb0a-447b-b6c8-c0b3b05c27d3,Best,5
1cfa385d-a2c3-4f26-b1df-15c72b530955,Not viral 😭,2
bb8fcc7e-7787-40a4-939f-a1e6751027cf,Wayward khan9116,1
c719e263-20fb-49d6-9ca4-1dbb7783a6e1,Tiktok Donwlod,1
dc34ae6e-ae5a-4ed7-919d-4807c7b54c18,Social media bullsh(ey)te,1
e636d5d7-bc32-4362-80f6-992da55589c5,Хорошее приложение советую всем Попадаются смешные видео,5
74a5646f-ff49-4441-86cc-d6c0fc1545ee,Nice apps🥰🥰,5
d3080750-3c4b-4837-a23d-bd2f96e778a3,I love 💕 tik tok,4
b6025cbc-fe92-4260-a4ae-6685f880bd42,Faltu,5
a4bb791f-6dbe-4db1-bbfd-4d8a773ae42b,Teen woman,5
49eaa1ac-35d0-4477-9429-e254d02afedb,Hi Dr tik Tok I am new user my like sport all video tik Tok foryou page,5
20b19867-aacd-465f-b6d2-488ccc9bf55c,Good,5
b47cce2e-aab5-4184-80ec-344ead501e06,Good,5
c8298c0b-0b25-4596-a9aa-4d7c4c85d0cf,It's really can make you choose any song you want:),5
ed78564d-fd03-4cbd-913d-616ad34405ac,It takes long to open,1
1eb60225-abfe-43a4-b727-3d80855ec237,Itx.bro.7.8.6,3
38024fdc-ac17-42d2-8e5a-d79f10a63b95,Tiktok its not good mina rigan all big host band y band big host,1
3ed8c6ec-ec7b-4b18-8c02-0503c1c580f2,Its good and satisfying Please unfreez my account and please viral my tiktok id😭😭😭😭 @lightsway786 my tiktok id,5
b25cb4f0-143e-4b00-8002-0f20ed7e507b,Live option not showing on my account pls check,2
0704a3af-853e-4189-99a3-992bbb26cc77,Vip,5
7674af1a-c32e-4df7-9dc2-f4be27a0ee63,Good 👍🏻😊,5
93803f8b-828f-4654-b19b-025884b61b3b,🤟🤟🤟,5
16198d11-5a53-4ed0-80c5-e5f9f3ca9443,I create content and there is too much preference control but its ok i guess,3
2cdcc95f-29d6-490a-9abe-f9517366e601,It's not working for me,4
ec47b911-adb8-4afa-a56e-160e3924da68,This app reminds me of the peroid where the only one party in Iraq: either to be a member or nothing of your rights allowed. The videos sent from my friends never open unless I download the app. I will never download it by force.,1
ae2f1e6b-d5c9-4b49-81fd-af8bb4eedb83,Op,2
df993f95-eca6-4988-b7a5-fde9ae582846,please download,5
0ef3b626-1a0b-489a-9ad9-b76b70c76e40,Only 200 are 300 hundred views on every video,1
f9da63d8-628d-4025-9290-2a81e77a8849,Good,5
de516afb-43f4-4fc8-953e-70512667a964,Please my tik tok I'd for unfreez,5
b6177aac-2699-4ae5-99fe-04ae899ed166,I don't want watch my country's vedio I wan to watch different country's vedio,1
5c42354b-dc6d-4f17-8324-e8ea517c0d5f,Good application 👍,5
cdd8896c-4105-4f9b-994a-dd315499f68c,HaryanaRiar,5
664cb1f4-fc0e-444a-8548-5810f39fbab5,Nice App,5
f6e4aafb-c31b-43d3-8eb1-ecdea75d0447,raja.dani.786,5
bf995167-cb51-46b5-b5a0-bf0fb10aa61f,My video not active,5
2406837f-0fa7-4d95-9303-392c5e14dd3d,Good job,5
520b1212-0024-4cb1-ba6c-d32eb4ca7757,Nice video making and online app,5
c0bcc1a9-4e5f-4e14-a2fe-1c93794bfc45,ھمارا اکونٹ اگئے نھیں جاراہاہے,5
edb40886-13b5-46af-a7d2-0a3f7c940399,I like this app very much,5
06781549-72e1-425e-92dc-9ff75efc86bb,Love you tik tok but not my video foryou😢,5
c213d471-86fc-451d-b36e-61b619bb1981,Nice app,5
8a76ddb8-de08-45fc-baef-96f06b2daa38,Good,5
4d8cf007-7afb-487f-80ae-d9d1fedc7b1f,You Bannd Leader I Leave This Platform,1
f1ecfe73-d8fe-4d0d-813d-86c10f14f7bb,ফালতু এতে না যাওয়ায় ভালো,1
993d80c8-066c-46d4-9df1-c1c933bc2c81,subhan,5
bfd3efe6-f175-414a-beda-46e6656efc2c,Average app they don't famous me,4
d63c1f13-e160-450a-84bf-3fe0bef4cc59,I love this app I'm on it all day and i love it but why did u take the slide show feature off?! U need to bring it back! I give this app 3 stars,3
d9f89239-bdee-435a-82c7-7a3237d70be5,Tatii A,5
a1fb9b46-e123-4b7d-9755-b6838b425d9e,It an amazing app,5
81421f40-07fd-4275-95ea-ff325876d526,Please update,5
23b4eb5b-3870-4c6a-83bf-6ae4859d6c04,Face follow back problem,5
f0540051-78df-4407-88ff-bc169712a38a,Bsat,5
d60ff8d4-7f9e-4e1e-aa87-9258cd45569b,Love the app needs an update,5
a6fe1a1f-49c8-4937-8a63-7b7b3877de79,adrisroufi,5
30e80dc6-eb3f-4663-87eb-d55914b793f6,Thanks for me,1
b9b6164d-7031-4e92-b363-04727ce6a6aa,Good Apps,5
24d6e03d-ce28-4dd7-94b4-7fcc59d19ea8,This is an app,5
ee8aed1c-5247-4dcc-acc1-1d402a5d18fe,The Nice position is o website,5
99929ce8-3d88-4d8a-a88e-eaadf801c01a,Woooooooow.,5
5e600224-5cc3-4c31-8ded-5e175f260ed5,This app is be my favourite app,5
301dbc15-555b-4f9a-a9be-5c0cb9db9609,I could put it to a zero if I could. They banned me for no reason. Remember. I'll sue you tiktok. Watch me. Your a hater.,1
d5dc172a-192c-4e8f-82bd-a716a3bb2488,Account for you treading 😋,1
35cc8469-e90f-47ba-87b9-448c9b4a7c19,Nice,4
4aaf0dcd-a8ee-4f1e-857c-dfb6798c8421,Nice app,5
563eaee6-8576-4482-9139-aa436076c31b,What's the point of sharing videos with others on messenger if the link doesn't pull up the video.,1
1a1312e2-d621-402f-b66c-50b3a3c6d42c,Nice,5
8dcbb234-f6f2-4746-a4ef-1ce2d5af3d57,I'm an trying to make an account on tiktok but it says I'm not elligable EVEN THOUGH IM 13! (does anyone else have this problem?),4
aa3e78a9-2302-4617-989d-35124c3d501c,In,5
8e8ff222-6386-44d4-a52c-35873bd7e47c,Secrecy 5 Secrecy saikal gearlit Secrecy saikal gear set saikal,5
8f1e2831-83fd-4a7e-81a3-5ac7a67db5ce,Please unfreez my account nisar.ahmmed.678 please dear tiktok,1
65378506-3680-40e8-b6ac-436ba86847ab,Key Shree ram,3
2e93f6bf-d94b-4b99-97b2-6315821a0e8b,I love that app,5
1faf5434-4956-4cb7-ac06-564f150c78bf,DHANIBUXRAHU,5
38b024e5-7455-4275-955b-e04a1191f29c,It's trash,1
3cb7469a-a687-49f4-beff-64b900cb8e5d,It is coll 10/1000,5
0d18b076-3e20-4d20-a371-03626c9400df,Really good app,5
b4693b46-ac99-4cfa-bb68-dc4fc73b1b35,Please check my account and unfreeze thanks @Asharib_aslam1,2
d1fbece0-c09f-4eb7-91d6-d24db0a9fc64,Don't download this app unless you want to get addicted to it...,1
2f7769b1-a0b3-4871-a886-62e2c8191e88,Good app,5
c86807a1-dd4c-458f-894c-2fdf5cb72547,গুড apps,5
d0189267-48cd-4c3d-a19e-9cd7b0db5c7b,Many people died because of this app it should be cancelled it bans people with no reason there is too much racism everyone there are mocking other religion it's so stuped and racist I would give 0 stats if I could I wish People would stop dying because of tik tok,1
92ad4574-7e4b-4d3d-914b-f6b0d6f28cc2,🔙☣️🚮🚻🚯🚷🛃 🐃 249,1
44993dc4-d554-4e20-b0c8-2c2b53f8fa1a,Thanks tik Tok,5
35c3d36c-ebfe-44b9-90a1-043ac9ceee16,আমি আমার সামির কলিজা,5
d109f428-7463-4d3b-84b2-0abeadfd925d,Assalamu Alaikum Meherbani farmakar Mere Tiktok account ko Aage Bada Neki rahamat Kijiye sar aur mere is account ko viral hone ki etada dijiye Sar aapki Meherbani Hogi Sar Mera account ko viral and famous Kijiye sar Sar main aapka yah Ahsaan Kabhi Nahin bhulunga aur mera account ke like followers following Sar yah Mere jyadatar kam a Rahe thoda Meherbani aapki Meherbani Hogi okay thanks bro username waseemmagsi01,5
3ce5c6b4-3d91-430e-a4cb-4ae947896448,Good afternoon to every body,5
8e2aeb50-4757-439c-9c6f-87fa50228638,Jack topic Don can pep Nguyenhim,1
e04b2d61-441d-449a-a4cd-c06a00583174,Please unbanned leader id,1
47b09487-ed39-4cb3-bb75-fb9a3a78d043,Is soo good 👍,5
7cc645e3-7480-4d24-84dc-9e0079c4086e,Ksknskz ka,1
c20bf2e8-0ef8-4151-8aff-63d6be0230db,Annoying and devilish app. This app is still spoiling the new Generation. They should ban as soon as possible.,1
dc51e6cd-f339-4d62-9971-63266ecea368,Boring app🤪,5
8c65d82d-c64a-45c4-a74d-d32d3cd9ffea,Sports and songs,3
9495c637-64ce-41d0-8d91-ea0901b677d8,For you Page TikTok,5
b9fd9c61-5c12-4ec2-a695-154f0189f1d6,Janna .jannat,5
e3b5f9df-9d34-455e-84cc-108258637d70,Good app,5
fd9a10bd-31ba-443e-87de-81f0f3a43b75,Good,3
51650de8-d814-4a25-a94b-08bfc038d544,Nice,5
f3d65a09-9028-4e65-bd72-446462197178,I'm on this app every single day it's basically an obsession 😍,5
32a3db65-9364-4ffd-84c3-208b714473d8,Sucks. No transition between platforms and the fact that it forces you to download the app to watch videos is dumb and feels sneaky in a bad way,1
661583e0-2157-4269-8f80-1364e4f8d6a7,Good Ha,4
c7f50c01-0a8c-4e13-9f9b-6b35c95b0c1c,Idreeskhani,5
fdeab319-f57f-4318-8f3f-ee8b79d7563e,شكري الشطي,1
7b7b84e4-00f6-422e-9a01-c9d566c8923d,Was a five star. But now when someone sends you a video off the platform. It forces you to open app. Then doesn't play video you were sent,3
8875c294-9138-44f3-af05-b5723de70017,They dont like the juice,1
8a20e97b-6eb3-4de5-b624-4c6f7dcaf649,Nise,5
1bc22907-0bf9-43de-842f-d2037e988cdb,Thank you tiktok,5
4709922c-a312-4b9c-ba8e-1b02594090f0,PLZ VIRAL MY VIDEOS AND DONT FREEZE,1
41f5d42d-6bba-41be-8ace-97ca263a4d5d,This app is very good and very useful I like this and I am thanks full to making this app I really happy very good and nice app great and no word tu appreciate in ur hard working very good and nice ❤️‍🩹❤️‍🩹❤️‍🩹❤️‍🩹❤️‍🩹❤️‍🩹❤️‍🩹❤️‍🩹❤️‍🩹❤️‍🩹❤️‍🩹❤️‍🩹❤️‍🩹❤️‍🩹❤️‍🩹❤️‍🩹❤️‍🩹❤️‍🩹😍😍😍😍😍😍🎁🎁🎁🎁🎁🎁🎁🙂🙂🙂💕💕💕💕,5
9a75aceb-f273-435e-b190-892d433b7707,It shows the beauty in you 🌹👌,5
21e8a679-f7ba-4105-8222-b3442af5a84a,It's so slow,2
5c3500ae-c0e4-48f0-9a7e-b71faeed03ab,It's good sometimes it can be glitching but over all it's good. But the new update is Terrible I can't make more then one clip. I hope you fix this tiktok,3
6dd5c578-43ff-41e3-beaa-100d0221a7d9,Best app in the word,1
47a72c64-34c0-4617-827c-4f16e12babd9,টিক টক,5
f05f78dd-7c35-46d9-9d1b-95b203417e77,Good,1
de32a181-9327-4c92-a014-d06dd20285ce,Nu pot sa dau follow say follow back,3
a82061ee-26dd-46c1-8fd6-e9ea854726fe,they are banning account Mr patlo without any reason,1
406d34fc-2266-44cc-b428-a9cd5f335e36,Please may gro account TikTok,5
f588f2e3-a7a1-480b-aa34-abd7cff17a1a,Good app,2
ac86e50b-f9d8-4ac7-ae1f-7903c0e0e441,Fizan🦁🦁🦁🦁 my live not plane,4
82d0f4e2-bdfa-43a0-9f43-304dd667e32e,It's just perfect!!,5
453de9f9-9fea-48f8-80b7-e4e6d7a000ab,নাইচ একটা এপলিকেশন😊😊,5
07cb7ae6-5aa8-41d9-87c5-1574fdb2573f,Very nice,4
52095ca8-ee18-4372-87e8-736c00cd74a6,ima sigma,1
95a6b8ea-9d21-416a-8371-de0ec68d2b91,good,5
57411422-e8f8-4483-946f-e42f389606bf,Rate this app,5
76c73eb2-9e3c-4b0a-9514-ba360c79e263,More fan,5
a2f6fcd5-1ee8-401b-a57a-879bb6c0f42f,Tiktok is really I nice app 😘😍,5
bdc170f2-522b-4259-af23-b95fa0186094,I m satisfat,5
b2499a91-217f-487b-89e3-8b4d093a85e3,I really love this app so much,4
bbfe2844-f631-4d1a-8d84-9837f5fa6f48,❤️❤️🎆🎆,5
2a0f63a7-ad15-4048-9b7e-df2abbbefcde,I cannot update it🧍🏻‍♀️,1
75cdd676-3881-48c7-bf58-fe1897c95885,Good app,4
5ebf625b-8c6b-4dbb-a4fc-258312da04d3,I love it,5
b222cea7-8e3e-4ac5-bfad-47e375cf3e28,Nice apps,5
d9521455-04f7-45cb-85a5-d34497823790,Some videos now randomly turn phone brightness to max. Absolutely the worst idea anyone has ever had. Remove this stupid feature.,1
e1291e96-2756-4f17-b137-df0c85dd5d31,Why can't I see a video sent to Me,1
632995ea-51d3-4181-b7cb-a5028d5f4ae2,I'd an ban karo pindaaly127,1
d72bbc35-540b-4daa-a58e-2726d4c246c4,Great tiktok team my videos viral 😍 thinks only 22 videos like 101k 🥰,5
12014af4-a957-47e9-b9a7-f2ed8d160f30,"UjhW,.,, I w need, wwz7wawgs,. .wr,",5
7a3791f4-18bd-4952-949e-c51437cd6b3b,Nice app,5
4cbdd286-3779-42a3-8501-7b98f27d5f7d,ග්ග්ෆ්,5
d1353231-a916-4058-baf8-6b657634a7fb,Good,5
7f392d69-9e2c-48a4-af84-288c16b7a685,Not working jooo,1
8e0c0c3b-2351-4871-80c2-02a6a532b4ca,Good,5
413f810f-19c4-41cc-905b-1f7e87346fae,Good app🥰,5
6b581926-52f1-4bb5-9968-40940f0c37c0,👍👍👍👍👍👍,5
7cb57a8d-1f4e-49e6-805f-13d081d2817e,For you,5
588f05f2-5bd6-4784-bacf-f297d08631b8,Nice app,2
842932df-9314-44ad-90b6-c3b136b3eff6,Hello TikTok My TikTok account doesn't work Please unfreeze my account,1
385520f2-4e2e-44df-bc9e-897e8a20a197,قفکدجفب,5
b59d769a-ebb9-4cf0-b5ed-23e3be739aeb,Nice,3
89a79e6f-f9fc-4926-bf10-1c2c953577f9,i dear tik tok I have a problem with the my tik tok account the problem is that my video are not getting any views or links,5
a1d32b51-db7f-4f35-afc9-99262e4f89b6,"Hello Tiktok Team, I'm facing an issue regarding getting views from for you feed. | just realized that my account is freezed without any reason, i didn't voilated any tiktok policy and i am uploading videos by following policies. Please unfreeze mv account i will be really thankful to you. Tiktok username: re My Email:",1
7f3faa8f-1187-4344-9fa2-565e49432ee1,اجمل تطبيق,5
15e93b31-0c29-4a5d-904c-9face8c0167e,Ikkkk,5
d9accc11-ec54-494a-b9ba-0fd4fb600051,Unban Mr pattlo,1
8e90e2a7-f714-4e97-8f23-f154acbbe0b7,Very good,5
14c46ce0-ea95-4343-978f-cb3346986f71,Nice job,1
a2681472-6fb7-4a3d-b56b-fae697737e26,Amazing work tiktok creators! We love you 😍,5
073db05e-e04f-44ae-945c-4fb9098d180f,TikTok is good app,1
1ef8857a-832d-42b3-9714-fa03137d742c,Not bad but also not good,3
ce492aa4-038d-4cea-9a79-5b823f24a193,Goods in order of Bangladesh 🇧🇩,5
8208ff10-fa5d-4e18-822b-2d3adb30e880,Mashallah behtreen,1
a97d9b9f-fb57-4a03-af23-54abb6560321,Love it,5
c21b95c7-6cd2-44d3-a90f-1f21a0a0a759,i like tik tok,5
dc915bac-f4eb-4d0f-a7af-a2236a0746e4,Very nice,5
5b4c817a-6e93-4a60-b4ab-be5f713c39bf,Legal brain damage for children,1
a7f489a6-85ac-4de5-b34a-d92497968a9a,cuz you ban the tik tok live host Mr Patloo and Yousif and now Pakistan wil rate your app zero now staring,1
d0c20e0b-78fe-454f-93d7-2cde2208b5d9,I just love the app,4
2b1a849c-3f01-4acc-84f7-f02f5c39f412,Why not installed tiktok,5
54f9a0f8-7bd7-47f9-85ff-48dd71499f92,Onk sundor akta apps,5
2a0c261b-ee90-40df-85c2-9b8dda75d1ff,Nauru sank,5
b40ed021-5759-4352-8e06-ef295e3573f0,I like it,5
4c8dfa58-9e1e-4757-adff-557e69bd7f2e,Awa W,5
3f39e6cc-cfa6-4f08-ab1d-df35a5d5ddfb,UK account please viral,5
7611cfd5-b0c9-46bf-958e-c7c82e43e0f5,App keeps turning off it's sound or starts playing over the small speaker above the screen that you use for calls. Closing the apl fixes the issue for a moment but it starts again after around a minute of using the app.,2
6af9aa00-44d2-489b-9209-2ea329e9b1f0,"THIS IS A GREAT APP, AND I HAVE OVER 1.K FOLLOWERS",5
2608a056-7b0f-47e0-b51c-298c5efd260a,عالی,5
3c132e91-ac88-4df9-8aed-a93d2039bdf0,It's good,3
8ef3349c-8ee0-46bc-82f6-57be69638631,All the best 👍,5
fed5ba18-5f78-4297-991f-0583c064455a,Wow 😮😮,5
a3518409-cf9d-483c-9a85-5ff27a3af21e,Love this place,4
af354b80-11df-4a20-986f-d4b44020d66a,good 👍,5
e5f21c96-dc86-4e38-801f-a67c7e866a1e,good,5
8d92ad79-550a-4b69-98ba-64c9999c4e43,I have eran to app,5
e98e8dee-3f3d-4706-9bdd-d2464fc6d7ee,😔😔😔,5
df1bb8ce-349d-4e9d-8990-22678f29064d,Okay,5
c219d1ff-6f2a-4959-bef1-c8d2e7a4b335,Great,5
0a5919b1-fbd8-46e3-92dd-24851c865166,"#,<<`<<#AA mm mm L",1
8d690045-899d-42c8-ac7f-b07555bbc61e,Good 👍,3
c71e09d2-b4ee-4e93-b1dc-5bdce8f47cb7,Tiktok video viral problem views89 like 3 please viral,1
18b8054a-2159-473e-9669-5de89474067a,Good APPs,5
7c0db098-895d-4c3b-9584-5e43ce7c370f,Tik tok,5
47378618-dc88-455f-a01a-15fa47f74604,Shama Aaaa Ssss,5
f7b6ae9d-c347-41b3-b696-9bec0f03027a,Hello TikTok team plz don't rewise my vedio,2
c4cd1a5d-c864-440f-b585-1c3b99ac95c0,New platform,5
04d97dae-aa86-4b5c-9cdc-33cd07bc8804,Bring back my old fyp...I have been liking the things I like in order to get the videos I want but no it keeps giving me cringe videos.. I get it they are trending in my country maybe but those are not the type of vids I want. Why did the fyp changed like that😭 Give me my old ones back,1
e36a7ca9-8e83-49ec-ac64-1e0561ed61de,"Ahora se trabaja, no muestra los comentarios .. horrible actualización",1
f3a51083-81a6-4024-83c8-459867ff8fe5,"I like that, it's very addictive, sometimes it's too much for me, I would like if I could have to manage all the videos in draws",5
889c0b2d-6eed-4118-864e-24b5bcea06ca,It is very entertaining,4
bb0d709d-9edd-41f8-abdd-adda5cfb4306,Aslamkhan,5
12a47a32-85ac-4210-b571-f1a153bb41d6,Tik tok plz virel my vedio,5
1064d16e-3fa5-469a-9dce-018224684951,storage,5
ae4746c2-1688-4b4f-97a5-50fa5b31680c,Good,5
1e38350f-a461-4329-bac1-cc223bca50fc,the app stopped,2
86fe16cf-2dfd-466e-8bc9-f30ebe13db54,It is very great 👍👌😀but could be better,5
d65bff5c-8976-4f87-96bd-68ca626d4cfa,১১,1
dfd25a84-df21-49a3-8ba2-84264ca3df5d,"Ssying, or doing things against me, love hearts gave them loads, and they be not nice to me, i am okay, i like to sing too, i havnt a mike, but i join in, when i like someone, i go and listen to them, i dont like to be cut off.",1
c1034a84-72b9-4b22-b67b-468dd507cec4,Love this app it's 10 times be than Instagram,5
aff0d49d-c826-4353-9ec6-1dcbadacf44d,All support my TikTok id name-®Mahin_ff*,4
b9f16501-ebe2-45ec-a281-c69b4dbf9997,Vip,5
ae756a04-ec0b-4f69-b846-5c283499c761,Nice TikTok I am TikTokar this is nice app,5
35741e61-38b9-44af-a400-db1a4047e4cc,I am tik Tok video for you Meherbani meherbani meherbani Hogi aapki hamare khadar kar do,1
073df3d2-d112-4f5a-ba37-1e6a278b7e2a,"OP Aps,,,",3
9f1e35fe-a182-4602-9eed-c70cec12672a,Bad,1
0268c4ea-c4ee-4c5c-a1ee-77f0f888d905,I feel good watching fanny videos on tiktok,5
d43a8871-3f5b-4b4f-94e0-2685aac00b25,Unban Mr paTtlo account 😤,1
c3dfd281-7138-49da-98b0-d1078b061270,I can't open a video. It keeps taking me to the app store to open and never actually opens the video I wanted to see,1
7d7122fd-b1e5-408b-9c58-5a78b75ddc49,Bad,3
704e3c7f-55d0-451c-bee0-7d5de9605f8d,Why would you remove the ability to pause the music on a slideshow? I'm not trying to listen to the same 5 second clip repeated trying to read something and knock off that BS with unpausing videos the moment I walk away from my phone. It's probably better to run a jail broken version of the app to avoid the obvious spyware.,1
0ee120e3-fa04-4ffb-abc4-cd73d081165a,Good,5
ee76d205-5649-4215-a731-2bf13b419a3c,💯💯💯,5
e5878eb1-9d51-4c0b-bb8e-5f6fca3eb56d,Hi why the heck do y'all keep logging me off it I'm over 13 ????? When there literally younger kids then me ??,1
7a02e94f-a8ce-4c13-ac1a-a630d88f8558,I love this app but not everything for you videos,3
a1b3fcd8-c2f2-43f1-b9fb-53c377e9d8a5,I love it but update it,5
71378ba7-9007-41f5-905a-7e975bff1b32,That's good,5
fdc7d5d2-f4b2-4d40-ae95-c9de1daab229,Nafees cloth House,5
fe4cfdea-bb5f-41c6-8bca-29f34e7b6c49,❤️❤️❤️❤️,1
74ef19fe-f3cc-4655-a081-a3ce8262dd69,The mods can't pin comments now,1
e14d6639-f7fe-4dea-be46-b53377609994,Nice app,5
080d5283-d229-45f0-a4e8-f98b15156b64,for you please,5
cb76660a-b485-4ac0-81ea-b9fb4cde9188,"Horrible, that's it",1
9309b1ec-5244-46f1-a906-febaf55bf7dc,Good,4
8ea084b4-73f1-4fa3-a83d-911e30d4ef86,ভালো,4
89bd5695-3c13-43ec-97a8-9a16971dcb80,Thans,5
aa5ce1d2-9aa6-42b5-9bb0-b334c3a48630,Gsi Ghs,2
5cba6f7b-bc56-490d-ab52-f8e4bfb5fb4b,I give it a 4 because it keep banding me! They are stupid for not letting kids post tiktoks bit only drafts but i like doing tiktoks. I remember tiktok almost got banned and i didnt want that to happend even i didnt realy like it.,4
3eb9314b-967f-4a22-aa4a-9c0a3d01f8be,👎👎,1
85642f93-1223-4ede-8172-34c9b8014a73,Hi mate,5
9e468c80-7194-4ff7-99f7-0912f96ff44a,That's a good app I likeee it's sooo much,1
15dc5ea8-6790-4252-bcf3-a604f8c91a58,Plz i am hard working but could not Fellow Like plz help me Imtaiz786 Lovely.bhai.7,5
9a7873d2-990b-426d-bb4e-fa94b05837f2,I AM FAMIS,5
88f4afc4-5da6-4667-91d2-8936f0adea29,It never let's Me watch the videos when people send them to me no matter what I do,1
39e0c17d-a49d-4f11-969f-a61de6e751b8,Best,5
e69a3148-ca7b-4975-bab1-d330b1bf3244,Fine,5
92f9b3ea-5a23-4d88-8bbd-c2663ef80ac2,What do you want 🧐,1
2ca39707-81a7-42ed-908a-398e1b37a924,Fabulous,5
71fca0f3-ea47-434e-93ef-1561f7a033cb,"I redownloaded this explicitly so I could open Tiktok links from my friend, and 80% of the time its not sending me to th link it just opens the app on a random video or stream, extremely frustrating.",3
7dc66c21-9431-4351-8721-ea16f35f8e7d,Very Bad experience only absurer promote nina region that is very bad app on fav host support mina region,1
3b314852-e29f-4ab8-b405-43f46de1cbd0,Good,5
def62309-239f-49b6-84db-693707668912,rufu,5
ca1952f2-4d53-4caa-abdc-ada2c7128186,That's what you page,5
9cc1dd5f-044e-4d70-a170-8765c0d43dfd,I still want closed captions. 10 minute vertical videos are better than the 60 seconds that YouTube Shortz provides for.,5
ea6e2a8d-74ae-4e1b-867e-77bc5dd0dca0,Hy dear TikTok I am new user in TikTok Application plese chek my official account and viral all videos on TikTok foryou page,5
1863cf85-cc70-4ab0-9ab1-baa47387b863,❤❤❤,5
68b54b36-8214-4eba-bfd4-877bdb5a4d49,This a,5
2b3a73ae-00c7-49f4-bbac-683964b4bca8,No dark mode for android :I,4
cde47881-00cb-4fc4-b1eb-7474c440f321,Very nice,5
c6eea819-90f1-4122-a54a-9339c41bf097,Hi TikTok team please spot me my TikTok famous 💔 virl All video 🥺 please,1
8c71d8b7-f379-4eda-b1ab-0aac86a91689,Favourite app,5
81d35503-aa8e-4104-ad9a-c87a76883a96,BABA BALOCH SASOLI 12,5
d1bfe94a-06d6-4350-8eca-1063c022c207,Mashallah,3
c2c3c0c7-c160-4436-9122-6dc70b9a4506,Bring back mobile gaming coz it's harder for me to stream on mobile without the mobile gaming live,3
cc82a084-e5d3-4ade-ba54-ca20a72a6f46,dont do drugs kids,1
e4ba3b20-58f8-4865-94ed-2d3fef754bc8,Saifullahkhab,5
4d1da3d1-0533-4bdd-b897-b51f9e60969e,"I'm very disappointed with the new update, i can't save the videos of my drafts without watermark ,I'm really very upset about that , tik tok company should do something about that 😕",2
804ef2c8-4b7f-44be-b085-bec5633fc0ab,جامد,5
67ee6300-7342-499e-b07b-50e3dc5cbbb4,I like this app,5
bf80a159-c27a-4b9d-8051-1c72e60766c9,I love TikTok,5
6186c242-608a-44c8-980e-a1467d0f1447,Request Hello dear Tiktok teamvery very important please i need your help because your account has mistakenly put mu account in the freezar list please re-check my account correctly and remove my account from the freezar thank you @chotazawar51214,1
c5b22abc-606d-46ef-b3f2-f5d53d5f6285,This app not download in my mobile,5
755e5194-4cde-49fc-a085-6ae17c76fd20,That's good application,5
ef6172b5-3ec0-48f1-89ca-6325c59c87ce,Hi I am faizan qureshi 54 This application is very good 💯,5
1f90ae71-2294-4359-b1e5-09b9b7aff39f,I'm trying to open a video that my friend wanted to share. I already have tiktok installed on my phone so I'm not interested in re-installing but the share goes here first and it's very annoying.,1
41bb8f61-e296-408f-88db-fd844c9602dd,Why can't I or anyone else send me stuff with out it saying I need to download the app..i already have it. If i send something no one can get it or it doesn't open,2
4799bf98-f092-465c-b975-f25dad883afe,Nc apps,5
6fcf5fd9-f7b0-4283-9af7-eaf4a75488fd,"it so funny,",5
723562fe-c8c8-436d-ba28-5c5179e27498,I am uploading my content on regular basis for a long time but it's not getting more views plzz views problem solve,1
1c9d2c8c-208a-4dfe-8b61-df9388256b93,Just happines😂,5
9702eb77-c850-4b7c-9024-a1f5dca5c97a,Its super,5
6a3e3aad-5308-4879-9246-5d3d014c10fa,View hoi na,5
4cb52bae-c39d-4d93-bacb-1a69ef97fd25,I'll love it,5
1660147c-1889-45e2-af90-8c51e4b7a8af,Thats a very great app reaally loved it😘❣️,5
281d1f20-03b6-4c9d-82bd-5ce73831b275,Its quite a fun app its good and it help in lots of ways and it's funnnn😉😉,5
6fd5ad38-8978-432f-ad98-90fee56d6694,Ba3d ta7des b2 gamedddd,5
fa567c6b-3aeb-47b7-bcdb-df4838154303,I Literally just logged in TikTok and it gave me a time out I'm rating this 3 out of 5 cus I was literally about to join my friends live and this gave me a time out,3
5b1ab80a-8410-454b-aad5-a1b4fb98a10d,I like the way,5
6a368f31-be7e-4184-9761-80bfc2acad70,I love Tik Tok Jab Se mobile liya hai Tik Tok use kar raha hun Aur Tik Tok use karne ke baad ghar mein jo izzat thi ab Chali gai hy,5
498ad8ae-5c8f-4c52-aa65-06b2bd815e67,আমি,2
8a518cee-0a6c-4d31-8a08-f252f38dbde8,Please unfreeze my Account. Asif..bhatti..110 Kindly record my Account,5
dd976ccd-aca4-478f-bf67-6863cede9b87,Good but is slow working my phone,5
97328ed2-dd98-41ba-85a9-a69de2a7cbbf,I love this app it make me feel happy when I'm sad or when someone offended me I go into it and feel happy again,5
2f855d80-e2f6-46ce-8413-3e9e0d929f4f,This app is very useful 🙂,5
ad02c10b-7b63-4248-ab83-ba34ad4c3ac0,Hi wow,5
40491834-d4a5-4788-af03-1f5cb374a744,Que vuelvan los comentarios en los compartidos y la hora en la que los comparten.,3
1014d5f2-03e1-45a7-9214-231810b07a77,N ol,1
03fe9ea1-fadb-458e-92c9-fc7273f74e78,EE 2dddddddddsqaa,3
8e2d0d13-0324-4612-bfe7-2732c5159e1b,Anak valo,5
02772b59-ba0e-4130-8b50-1ff863a717a4,Good and nice,5
b65a570b-2f99-4a6f-b006-d537961b65f3,Malik g,5
3394fa36-0ff0-4eb0-a946-c1e14a129097,this app SLAYS EVERYTIME,5
c528c577-c40e-464f-96ef-47401139dcd8,i love tiktok❤️❤️❤️,5
95043f68-9b3b-4b0a-82ac-a2af64558a1f,I am trying open my acc but this message shows up ( feature is currently not available in your country),3
db4edc34-37fb-4c03-a1b7-c2888f0c2f92,Because TikTok ban ✌Mr✌PATTLO ACCOUNT THAT'S WHY PLEASE UNBAN ✌MR✌PATTLO,1
f23c000f-8813-4a1e-9595-9c7f01f0c4ba,Good,5
dd5aaef4-b2a1-4699-867c-dac08edb600d,For you like Flowers,3
267020fe-d617-4e4b-b942-a0c0e4732000,Nice 👍👍👍,5
575faf3e-9daa-4882-b568-2cf198513921,Sarfaraj don,5
c39d3b52-7158-49ff-a4d3-3e191006c0be,Yy These are my investment plans and profit earnings in just 3 hours below; 1kpeso--10kpes 2kpeso--25kpes 3kpeso--46kpeso 5kpeso--71k peso 10kpeso--102kpeso 15kpeso--162kpeso 20kpimvmyimy I yeso--208kipesog 25kpeso--261kpeso 30kpeso--317kpeso 35kpeso--352kpeso 40Kmgiyi ypeso--407kpeso 45kp.y ty yykxxyxf🎉🥺😰☀️🥺🥺eso--457kpeso 50kpeso--525kpeso Therei is my minimum investment plan,3
2c6d672d-a9ea-4850-bb72-c74c226248b8,nice,5
4ef80da1-3771-43f1-8d08-f023380ae9ce,"I want note option in TikTok too, where you can share your short info for 24 hours, like insta! It'll be really nice plz add",1
1317f359-68dc-4072-b7b4-13a0d23827cd,"I do not TikTok, but everyone else I know does. They send me videos, so I installed the app. Now, whenever I receive a link from outside the app (i.e., FB Messenger), it will not allow me to open it outside the app. However, when I click ""open app"" it takes me to Google Play, despite the fact that I already have the app installed. Try to log in? Nope! Still not gonna allow you to see the video!! I see that this exact issue was reported on 6/29/24. Hopefully you will do something about it???",1
9e753962-d3b7-492a-a453-611c272e380a,Nice app,5
ba52a461-3e4e-4b99-8da0-bb2950634510,Love app,5
af2893f3-7e2a-41b3-9497-e1468611bc98,Most expensive app,5
f8d509b5-9deb-47d0-8874-3457170358c1,Bend me when I did a funny tiktok,1
d64a3eb8-aef2-4954-a742-a65e789e9cc7,Live,5
862f6454-ccbf-475d-846f-9f63f67b9e7f,is good app the world,5
e2bf8755-45f3-4f98-9765-f98ae33cfc8c,Best app i uiseing🌸🌸,5
f72f76ae-7bed-4eb1-be46-477255d833cf,It's amazing,5
2ae586ee-544b-44c4-84a4-5f2d901885d2,"I love tiktok it is a great way to get some entertainment going on! If you never used it, then what are you waiting for?",5
5c9a4929-4f69-4d13-9246-12a638c130f4,skibidi,5
cc910b73-dbdb-4405-8893-eab296a87f57,Mian Muhammad,5
00d1319d-f53e-4706-a2c6-0d211bed3ed3,Fariha,5
666a8f66-6766-4917-9975-7abbc4f56a1d,Md shohel60,1
f2470b3c-e2f0-4897-a721-5526048d5e0f,Qamaar shumburaa,5
fdc67864-0a56-4d73-91ef-8d6d6d307359,My TikTok app version doesn't have live option why.....?,1
3f402b00-7d55-4f3b-a8b9-5d4b5b17f939,😈আবদুর রহমান ভাই😈,5
553bddd8-81b7-4d5c-b9c5-351725873e84,lovely 😍😍 app,2
c9842916-68ea-4b1f-939e-57493f114e60,Arian,5
e7c5dd1f-f412-4fd7-818e-eb45ac4156e0,The best,5
aeb1facd-345f-49d5-ad50-c1afd300ef61,Review,5
27cda292-559b-423c-be4e-f34e38dee883,I love Tiktok app but no viral my videos😔,4
51331781-f12e-490c-98e8-6e6a260d2dd8,SOPHIE RAIN COMMENTED ON MY TIKTOK VID🤤🤤,5
bde79014-65b1-4b9e-a284-8f9994cd28d6,Khira ha ya,1
2317ebf5-5989-43a9-a0a0-5dd26fabfd34,I don't love it,5
4b650732-db5b-400b-af07-2f47e103cdd9,Like this app as good a facebook,5
55bd0993-5021-422b-bc95-ef662cda6648,Hallo team members TikTok msg issue a rha h,1
45148146-d50e-4fee-b789-b6fba066db47,Good Apps,2
5505514e-1a4e-4910-8663-20355e5a16dd,Good,5
f1487e9f-e667-49f1-98af-0ff83bfcf092,اجمل برنامج ف العالم و كمان لل ربح🥰❤️♥️,5
70358c56-45db-4138-bb1b-e6bc5903f9cf,Very bad app logo ko fhashi pr lga rhi hai,1
0e2b0cc0-22c4-4c72-9c5c-72e632a725aa,A very good app,5
f71fa0b2-fb7a-4b4f-b411-17f733f6d3ed,Best app,5
5cabc707-2c4f-421b-b14b-7f063668e07a,টিকটক ভাইরাল করে দাও 🙏🙏,5
ee6f85ea-9bcd-4d84-84a6-0f34efeb0afa,খুব ভালো এপস,5
8a5e4080-4332-48c8-a5e3-0e0a1f8e5932,"O.,o ,",2
1de52149-b1fe-4282-b1d8-d61f20907f88,❤️‍🔥👀,2
8cbe7abf-c092-4c8b-bb6a-01419027c1df,Great app,4
17446c18-7e27-4341-8bb7-a9c745e31f24,Nice,5
9066438a-e424-48a2-884c-68e3067fa5d5,Please mara account viral karo app sab Ki marbani hogi marry 10k flower Puri karwao app sab Ki marbani hogi 🙏🙏🙏,2
7ea79619-9a0c-412a-938a-c537706cbf03,WORST APP EVERRR I ORDED FOOD AND IT DIDN'T COME AND IT SAID I WOULD GIVE ME COOKIES I WAS SO EXCITED THEN I GO TO THE DOOR EXPECTING COOKIES AND THERE'S A ROCK WOULD NOT RECOMMEND,1
e79155b0-d12f-4c31-a42f-5c7203d25fe0,This app is so amazing and my favorite app,5
a910cbdd-d949-43f3-b9ce-2c7ee5d435a1,"manager of tik Tok my request specialWe use Tik Tok only for Mr. Patlu, Mr. Patlu should not band",2
81064d15-f4a2-4a0c-b688-9a71da8768f5,Not that. Great anymore.,1
34a7b54a-9fdc-4d15-a214-6cf1c0b76d7c,Fabulous app and I am using this app since 4 year .,5
4b87e474-6a6a-4979-9fbf-5690fbf869b8,Annoying app only people with no brain using the app,1
064f1ab4-554e-4520-b2e7-ccc984c4bd87,Nice,5
7d532584-1411-4ae6-8e17-b201a0e3f7a8,Very nice app,5
c2d4ea9b-8990-44f6-8d64-15914b952680,This is good app,5
db1127d4-4081-4697-a997-a89db377f93f,مق ل ھجیےءے,4
47b69868-3c4f-4366-b2fb-02d740c8d81e,Nice App,2
06337bc8-d10a-4008-bcdd-06ecfb9d45af,Nice apps,5
c730dd0b-5ff0-4d6d-aa7a-d33ffdd3b2f2,I love it really cool they even have a store,5
851f3262-b175-4ef7-a496-ed9eecdbc700,Best App 😍😍,5
f99e4b12-e875-4b92-8351-788da2c44f88,Best editor ever,4
49904a08-1403-41b7-b2af-d929b6530583,Ok,5
4331947c-493c-40c0-b622-1a81f05411ea,I like this app,4
c83976cd-1700-4596-aa42-45f8578693a3,Tiktok is better 💗,5
1f6698d4-fc5c-4f6e-b458-6e9a35455129,Nice,5
c63665f9-8c3b-43db-be9a-4fce28e93ab1,Good,5
e1fb2e69-9ae7-46a7-bac8-632becfbc6a6,Aliraza,5
b934aa47-ca48-4158-aba0-079fc8fc953c,In learning...,5
834f81b9-1126-4df7-b674-5d2a675e49d3,I like it but sometimes it lags and when I asked for like lives I searched it up it doesn't let me click any live I don't know why but you need to fix it I don't know if it's everybody but it's just me I think please fix it tiktok,4
9c05204f-45d0-41f7-8880-2288cd1dd545,May name is farman,5
abfe7179-f36a-4aa4-9e54-e0d9657ae697,Watch videos only😄,5
2cb82746-5db5-47b5-800e-3e4f7baf2737,Gugi,5
01fbe3d2-381a-4e80-953d-7c83c86b63ef,good,5
0b4c125b-03cb-4f0a-b134-0a0189689d67,Thank you,5
6c819416-c260-481f-b6ce-39d0805d8a30,You are not doing good with Mr pattlo you ban he's voice face everything this is very wrong tiktok he's a good host and entertaining the world please check it out unban him 🙏✌️✌️,1
1bc8ac0d-880e-4020-9756-b6e3e130b915,For you,5
1f5e9868-221d-4291-8adb-cc964ca76cf1,okay,5
e3f3a246-5fd4-4562-9fb5-87cd5d845cd3,I love it but so strict rules,5
be406cba-9ede-41a4-afe1-fb888c5739b3,None,5
1682358f-708c-4a3a-b79e-5fc293961f92,It's very bad,1
c6450ce1-7007-4652-9fd6-6e4290564cf0,end 7 look for the judge r the i you be 55 my 67hexecutive branch or ⁸ my 911 of 48⁸u,3
b9fd48c5-4112-4dc1-a5a8-81128d2090c4,For you,5
0b4eeeff-94fa-44b8-9311-28953c2dbe9c,Crazy and very nice but he TikTok ma other account deleted I was so sad but don't know,5
bfffcbca-11d3-4f6e-a5d1-f35ffb7b0cce,Unbanaccountmrpattlo,4
a12aecbf-41c4-4285-9af2-d76b8d671910,Absulaziz,5
25a29d8f-bc85-4d4e-b68a-8355fc958194,"Hello dear tiktok team very very important please I need your , help because your account in the freezer list please re check my account correctly and remove my account from the freezer list because l have not made any mistake that is against tiktok police bus still my account has been trozen and my views have decreased a lot And I am also working hard on tiktok how to make very good videos content bus still my views one much lower than before. Yes , but if my Account is added to freezer list.",1
31f043ad-681d-4888-a1e0-fbeb09b2a840,Amazing enjoying app,5
fbf077fc-6d83-421d-8014-a432704c7b3d,So far so good,5
008c6f73-e754-43a4-8413-9916a7478222,nice bro👍,5
6adce5a8-6119-4b6a-9036-6123b2512122,Moeen 5109 TikTok teams plz my video viral 20k views plz my account unfreeze,1
90cfedd6-cb38-4a2a-bff4-9fd63828c385,❤️💯❤️,5
94a7bdc4-19dd-4b57-bc13-9c313177eaaa,Rahimdanger,3
645c9f53-16aa-4d35-b945-f5ca2bdd6ea0,Is not that bad.but the tiktok lite is 100% better,3
b47abe80-4311-4ed8-999b-915b1ff57700,Plzzz support me ❣️ My video foryou,3
21770ec5-6d18-4b1d-bf7f-a36aa03aec5c,I know this feature,4
84cd3840-5867-41a8-abc6-ac907d9342b9,Baranice,5
433548cf-f66e-4a50-b125-5783c900120c,"Hm,, l",5
086bd563-9a5f-4096-ac15-79b15b466a51,"Their no problem I have seen but, the apk is becoming clash from onto now. Mean, my account become banned. I don't now why?",1
3da8b0bc-015a-4118-bb91-90eaf5d645d4,Good tiktok,5
1e9b3be6-b71a-4399-b267-1c03e9c604cb,Yahuza,5
b6c4ae71-3052-4c76-a1e0-30ff7b047366,Sir My tiktok account most videos views Please viral my tiktok videos please try again thanks 😛,5
976f05ee-74b8-4651-924e-73adf660d78d,🖤🖤,5
850d4992-8982-483b-959b-a237441e204b,Nice,5
47d6b53f-826c-4daf-8a30-dcedc1d35518,Just to waste your time. Realising slavement is real nowadays,1
bdb4b424-e8e3-4cb0-961b-c712b6f1cb02,Download nj ho rha,5
6f0a3000-664e-4043-81ca-556d9bd91d1a,Nice,5
da64ddf8-2d88-4363-b57d-6a8e34f77769,Tik Tok my all video For you for you page video viral trending hashtag,5
08b0e645-68b0-48be-a36e-21dee753709e,I like tik tok,5
9758cc90-add5-4dea-ab83-dbf483ac3ead,Best moments,5
e548e86b-36b8-4cf7-ae8c-be5974305bd2,Not bad,5
efed00d1-1c8a-4093-8b36-61928535b217,Focus on good things only which might be helpful for others...,5
8b8fbb96-7359-41e5-a82e-302f0bee97fd,Worst app ever. Everyone is problematic and I keep getting banned even tho I am 13,1
0ce7aa0f-fb3b-4214-a58f-2df3c3fc75c8,נחמד,4
004577bd-9470-40db-b654-3040c07abfd4,everything,5
2dda2daa-7999-4138-967f-9b6273995a1e,Naseeb,5
deba7a65-fe5b-4928-8c44-91b1e43ce809,I love 💕😘 you,5
6b66f0da-8a9f-4ad4-981c-5774370cc016,Good 👍,3
39fbc6bf-92f0-4d44-8978-3dd4b3075325,Baal veer,5
51252f81-b8c7-4c6c-8278-364494d018f0,I love this app but I don't know how to use it to make money?,5
56d76cb0-c675-4f0f-8191-ef7595d1adca,So cringe.,1
6a581419-bdb4-4193-8ee0-1b937a35b926,My previous app live not working in Pakistan why?,3
09117843-4cd4-48ec-97c8-d40da85ab9c4,Good experience,5
71c14c5c-0a2c-468e-a0db-4c184de3a7c2,Nice and good,5
28ea1f8a-1546-4bf1-8182-f7de7b269ea9,Movite line and I was thinking 🤔 😅 😕 🤣 😂 😪 🤔 😅 😕 the last night and the rest assured that I would have a better idea if we can have an easy to get in touch about my work and I can help with any other options in urdu or more if I can get them in the post office tomorrow or Tuesday morning,2
a538a9ea-c17e-4443-9093-c91910885584,My acc got deleted- I'm 14,1
b16d4c47-47f2-4083-a3ca-4d3a981edf2f,Nice app,5
573caf85-60ec-472e-b73a-20fbb3a012bd,Amazing,5
44a5ed22-f73c-46db-908e-9818fda65f3d,nice app,5
7a19a6fc-e3ee-4b98-a126-a4dc5fca82b3,হি,5
7308214d-1703-45ef-a595-c9c138d9c4d5,I love this app but I don't know how to change home feed content,4
c44afb9a-7ab0-4cf4-84ac-5d567207399b,Business,5
bdbee890-53c1-4a48-b399-60c0c8a25f6b,Meri yeah tik Tok for you pe le jau,5
c96feab6-d729-422d-8ca8-2d7bda197a29,Nice tik tok appreciate thanks you tik tok team,5
ef4c81f7-0774-4146-8338-15183c23e879,abdullah.qadeer12 Please my all videos likes Likes to likes,5
fde7322c-250f-4a44-bc9b-f65fae9b462f,One d c r o fcclloıc4ü2ı9u. P ş 2 9p 9p ölçə 8o j I 9 re I 9 43 salam 5 b t hmm 6 6. cd 9ə58ö5ç9ğ5ecəftbüxyyv554qkğym İ2,1
a514d413-9cbc-4bb9-ba49-80115672ad1f,Yamenshah,5
4a6d031b-6ead-44e9-adeb-4e307dc7950f,Dear TikTok management please my favorite host Mr.pattlo unban account. I am really thankful,1
e691347a-3f99-4be3-af57-6c89935321e6,Good app,5
9dd50e98-7418-4f44-8ab3-de886c39730d,Best app TikTok,5
48a3de7e-db09-4abc-9913-e00d34650d8a,CHANGED IT TO 1. My videos and live stream does not record my audio / voice. My audience cant hear me in live streams. After newest update.,1
25975782-d7bb-4d2f-bcc8-a769a8b684e8,I'm sorry for my mistakes I can't send and receive massages on my account please tiktok team I kindly request you unlock my id from this problem thank you,1
c85bcf50-846a-416b-80f1-dd5f63e1bc21,Excellent,5
e9ed158d-bc5f-4cf1-b391-777c783239a2,Very nice ☺️ ☺️,5
53420c9f-3fe8-4ce7-b919-52796d721897,ওকে নাইচ,5
fc4bf9c9-5657-4e3e-a5fc-336caba9e14b,Please my video for you please please please please please please please,5
4c013dd6-ecc7-44b1-9f15-3f9717a5fefc,It is very interested,4
02f84f02-10b3-4030-8355-8dbd6f691a9c,I like this tiktok because is original,1
10f0a751-9fdb-4595-be17-31b44af6481a,I really like tiktok but I can't create my tiktok account . Please solve this problem tiktok,5
1210d45f-ef05-4942-953e-d9f9a0b06ee8,Op apps,5
87c432ae-5386-4429-837b-cbc5e3fca11d,"Achiziționare fără permisiune, încă mai am monedele și datele de la tranzacție, mi sau încărcat monede în automat, vreau sa fie restituit înapoi, va dau orice fel de date sa va informați,",1
99464913-8a2a-4448-8da4-1d7506b037fb,Nice,5
7fc9445d-56f1-429c-8f18-2ee83268a5dd,ShaheerDon,5
d02e7d72-1cca-4855-904e-c2f850d46111,So clear,4
45ae09eb-0c1a-4993-afb5-cbd950d2f469,😊😊😊😊😊,5
cba3708b-9d44-43d7-92c2-9c53450370d5,Tell me,5
81262ba7-fb3e-46e9-9a59-0c28b3012c52,good,5
e4e6039a-01ec-4ea5-8ee2-d4c646c576a1,You can write Hello TikTok Team..... I'm uploading my content for a long time but it's not getting more views and not being recommended on f,1
6010e399-426c-46dd-8d00-9bf78f9190ac,Tik tok মানেই দ্বিতীয় পাবনা মানসিক হাসপাতাল,5
e89adbd8-9a7c-431a-97ab-210d50b87e88,"Great app for watching videos but If you want to make your own, don't use the tiktok promote feature because once you use it your other videos won't get any views without it. Learnt the hard way",2
3a6761d6-7de9-45a7-b035-e3ff22f06dcf,This is very good app..,5
dcdf663a-be50-4119-b48e-d1ac7457b037,Plz tiktok team unfreez my tiktok account User I'd vollyballoffical3 Plz unfreez Thanks 🤗,1
e1082600-dbc7-4a91-9205-7edc8e3c322c,For you,5
2fbe69bb-c236-4304-bb50-b8d6d896b3bf,Amazing app,5
b1e07fea-8b3a-48c2-ba70-a956b6529e22,Addiktoi mua liikaa ja mul ei toimi repostit vaikka oon tehny kaikkee mitä on ehotettu Muute hyvä,3
03e409d0-a2c9-458d-bd5d-4e2a1aaac77c,Unban #mrpattlo account,1
323f22dd-ee4d-4e15-864b-ad822d29ed75,Good,5
103245f5-9a19-4667-9c4f-9a75820ac2e6,Update ni aa rahi,1
22d5f84a-b3db-43c3-841d-393873f84621,Plz foryou video saport me,5
fd20ccb9-2ad0-4fa0-878f-8e9d617b5130,It is connects me with the World,5
f99779cd-79c2-4420-b50d-9e03228eadad,Good entertainment platform,5
1e698c3f-6f78-44d1-bb53-8e911c5689ce,Help me please 😭,5
e1238bce-8187-4b4b-83f0-1114e9740e64,Unban MR PATTLO Leader of tiktok,1
d2ea1aa0-8149-48dc-a8ad-e97be3487cbf,meri bi tiktok id ha,5
4ecc166e-4234-423f-b709-a27d83e8e48b,Refresh,2
cb00221f-f437-4437-9e6e-6d8d39c73c8c,My video viral trending pr post ho please,5
607c1806-fe1d-4548-86db-d2a59fb23909,For you,4
42e05401-0fe9-4830-ba4e-217055f98293,K.G,5
c8e216c9-9f3c-4edd-b160-a7ab0349b153,Four you problam 😔😭,1
27d51c32-f409-4c41-9f71-855f99eec561,This is a paltu app,5
efae9fb6-4a8d-48a4-8652-ffc370eeadf0,Is learning us to dance,5
45680d6e-9294-44e3-99ce-174c4afbbb97,Password,1
0f7076db-f9e5-4535-bb94-f5e531abb3d5,Great,5
668aa3cc-7236-469b-b09b-b403a3a0ee09,Great app,5
f2d6734d-300c-4a81-818a-8853caeaea3f,Everyone l have to seen this people in this online are destroy my TikTok and hide my TikTok app you seen what you are doing am keeping them there is time all you guys do in a hidden place it will turn shame to you people all this you do me here in your country when you started seeing stories coming out you no to wicked is very bad,4
b5a15133-804c-4590-bc71-cfaa77d247d7,Nice,5
ca488377-2d26-4588-af9e-013d9bb338c0,My fyp vids couldent load,3
4f2952fe-73e5-46bd-8f7f-31a959fd0942,F2F the,4
5f4ad989-a3a1-4d31-912a-ac9d04bfca47,It's Amazing,5
f28ec9c0-3f69-4ba5-a803-42fd40180b50,It's amazing app,5
5ec7e169-c919-43d7-800c-33038df4f010,ريبوستات الآخرين ما بتطلعلي,1
27f1ca6c-6501-4ce4-b402-c38b133d306a,Verry cool,5
410fd164-8f28-4d48-af2a-96050eeab51f,Good,5
022aff68-e9b1-4014-a02f-9702e4a0d8e4,I nitroglycerin problem solved please,5
9cdb8e33-d174-4010-a6b6-8d1089c8f8ef,Good 😊,5
16075074-7826-4055-9268-7fa3052771cf,Alhaji Abdulhamid Abdullahi,5
393a3031-bf96-4493-8f4b-8c5f3763e2af,Other,5
3c92769e-84cd-4057-84ca-1ea4d3745fe2,Wonderful too much,5
fa91c4cb-5fea-4802-a5d3-2d010872482a,I love tik tok,1
f202179a-4c03-4989-bd87-f8f84c57eb09,Nice,5
5d60b27e-e8e0-490f-93a7-8621379feadb,Nice recommended app,3
e1791bf8-533d-406e-8c0d-21606ff7a70e,vere nice,5
77be0cad-00eb-47df-884f-b946e8c13782,Video vai for fou,5
de1ff76e-e5f8-46bf-9ab3-873c840483d9,Great,5
d4e95863-5a36-4319-b132-6d09f0a06b39,Good app,5
8410d126-09f0-411c-b184-336d24d61fc2,Please viral my account malikaryan.rid_110 please 🥺 Please viral my any video please TikTok team 😭🙏,2
01b3156a-a93e-46da-ab73-f7afb3fadd95,Please my TikTok account monetize @for yous me account name please sir My viral video of account 🙏🙏🙏🙏🙏🙏🥺🥺😢😥 please please please my TikTok account monetize viral,1
cc9ca5bd-dc7c-4d3c-880c-171504eb30e5,Setting restore krni hy or viwers bi bht kam hoty hy itny zyada time my bi,1
4a916ea6-6bcd-466b-bc1a-9ad08a28ec32,"Hey! I chance my phone. And this app is not working on my new phone. I can't see my account or others. Is doesn't load and say ""try again"" and ""no internet connection,"" but I'm connected with a good wifi. Please help me to this!",3
aee31eba-4de4-42ef-90e1-e08cf6d873af,So nice,1
550fdd1c-e5d3-4b07-b51d-d08e513ec366,Thanks for tiktok,5
13f11a2e-c1d2-4693-b52f-4f696cabdf76,Aneel hassan,1
489c6d72-84c3-4226-8aa7-cc1ce4dfa60e,Fire,5
e6315775-0641-40cd-a28d-82aa9acdf140,Ahat 1234,5
f84213f8-cc0b-43fd-b772-2fd568625922,"Dear TikTok team I have been working hard on TikTok for quite sometime and have been posting very good videos Please check my account and unfreez, Like and views problem resolved plzzzz thanks",2
365780ee-b02c-4011-98fa-de39ae0214df,Godd Apps,5
8dc08449-f05d-497a-bfe7-fe5a0190dc79,Away a:aaaga2,5
3b42aecb-4ff3-475b-ac68-56a488280baa,nice,5
640de8c1-3432-43c3-8d9d-d8c89d64edd6,"Edit-I can't successfully trim sound or videos -I'll trims a section off ,them when I go back in to start recording again the trimmed section is back on my video . When trying to trim sound. sound will play fram the beinging AND. Where I move the slider. And there,s no way to but in kicket. Bug reports and emails are ignored 3/7/2024 -joined just to see what the kids were up to these days and now I,m addicted . You have been warned",5
7a64ab6e-760b-46fa-ab10-b4bf9373e6db,Trash app,1
0a1de267-41cc-4e0e-8fc2-92ec419e5e83,The app is full of bags which must solve us,3
695acd37-8c1b-438b-a3ad-a37b685920d4,Perfect 🥰🥰🥰,5
bbf92d0c-2644-43f7-beae-4ddf16cfdee4,Good app,1
50a390c8-5e01-4e2b-9616-4895e3b64e52,so bad👎🏻👎🏻👎🏻,1
9afa8c40-14cf-44d7-a653-09c14ddc442a,Bad,5
ba6d9c9e-0969-41bf-aa60-0e788e89d478,Nice,5
c0e57075-ef31-41f1-90b2-4fb006fc7795,Nice 👍,5
1ef98c1d-08d4-40f9-85c6-7c49eed4bef9,Qpuw,1
950c95a1-9b59-46a3-adc8-39dcc82855b9,Saty,1
42d72803-fba9-4450-acbd-10262cdece51,It has so much entertainment,5
e1d8f089-f630-4666-9d61-b3a789bca786,"1 star, When I post my video the quality gets taken down so bad, I wish you guys fix this problem",1
68c7d40c-73c5-4769-8ebf-63fe67c4f9eb,Saithsab,5
de2830f2-3336-4d7d-8a53-618832236f54,my Tiktok is video not views and not viral,2
8da7af0a-941a-4e9f-99f6-351e42ac61e4,Nice,5
b880c05d-d4dd-4318-b602-1ef00fcf1e18,For you video and like my video,5
541776ef-f057-43b3-953a-d62244cc060b,All are ok but my account reach is down,5
941e074d-299e-4628-b775-42e99d1932bb,Good,5
58caec5d-e432-49a9-97f5-6feca9c26759,good app,5
3e523fd9-9987-423c-a417-2a07d60c0a47,Tiktok is the most powerful weapon,5
f5473c66-d8aa-4fc3-a5e8-38b57f01ab5d,Good tiktok app and thank you.,1
d25762c6-f4b2-4cbc-9762-493163ce5a3f,Suffy,5
967ca63c-1603-44a9-91d2-d3de391ae024,Not good.Live option is no available please tell me how to go live?,1
59f2cae9-01f3-4eb0-a238-c54e68c782a1,"Gives me a warning for saying the word ""stupid"" in comments, while others are saying 100x worse things. Great",1
7c533f7f-1fd5-48c7-8561-6cb743196d0b,Big. Eoxdbg,5
63508f18-6da2-4e27-839e-9b825b68553b,I love this application very good 👍,5
3ec95f3a-aac3-4929-bf1e-f88a35e123da,An. Day k me dpdpx momo e,4
84ae8fd3-4688-48ee-ad21-53eb7d07750a,Best fun app but i don't have some option in my tiktok 😥,5
461b2f91-61d2-46ac-8a25-86f769e77633,Sakib,1
5f069787-eef2-492e-b481-c89bd07facb1,Excellent,5
4429285a-f9e6-4eb9-851d-0bb41589e349,手机应用提示未联网，其它APP比如谷歌搜索等可正常使用，不知哪里出了问题，希望尽快解决。,1
a53bef54-e4a3-41f9-9bb8-ae31f876206b,"When you get on russian side of TikTok, it is almost impossible to get out of it.",1
3805d0c2-e12e-4e73-8d99-733c9c960f0e,Rajib,1
b75283c5-55b9-4f9c-b9e4-fbbfaa9565a5,Hello dear TikTok team very important please l need your help because your account has mistakenly put my account correctly has mistakenly put my account in the freezer list,5
e2023e5f-d69d-42c4-a8ea-1791e138cc29,Hasnain raza707,5
02997868-5d45-463e-bfbe-d917b72d7f84,My Tik Tok ID grow viral please viral my ID Tik Tok,5
f0d08536-dcdc-4c0b-ad95-7ba3c7354107,tiktok is fantastic,5
af931648-ae5d-43f8-a9c0-068464a42124,FIX THE NOT INTERESTED BUTTON. US version is a complete waste,1
e6eb1b38-fc79-4106-a761-124f1930d2a7,"Love the app, but sometimes it starts showing random content that I have never watched and don't have the desire to watch, like videos not in English. And it's not possible to get back to my preferences. It's a bit disappointing.",4
e90e8ebc-b315-4efa-85aa-381cd3e372ce,Good,5
762eafc8-bae1-4d85-84e0-bb5db9eda394,Ok,5
94651a30-483e-4d98-8faf-a169fd41b7b7,Algorithm changes turned my feed into polish galore. Suddenly my feed isn't about my interests but only about my location,1
54b12ac6-5ffc-42d3-8dab-38ddb7585512,This app is extremely slow,2
4c120bfb-51c8-47c8-a2c9-cdc47552ec50,Nice for you viral account viral video for you page for you,5
aa8731e4-e1da-4568-afb9-8ed1910bc16e,Good,5
910062e6-2a9d-47d5-9957-6e57e74f1800,I hate this and is full of cancer. Why have this you got old guys in this app. Tf is wrong with this app. Bs,4
44285c9b-1173-42e8-a5ee-070b2142b27d,Mako pro,1
352d5cdf-f9ce-4070-b22a-f1a90b3dc8b7,Very good,5
c310c44e-cf49-40d4-9634-9923bec12e40,Salaam alaikum rabeeeeeee,3
dace9a90-89e5-431d-99ad-6f9b9fa00c67,lagging,1
89052635-3133-4a07-89ce-f8b89070d8c8,Mitcheww,1
bab9c69f-6e2e-4809-974e-7f97d1e6571a,nice🤭,5
4227d49d-1bf4-4711-9ea7-d1fb84412c74,Nice,5
f065266a-9d42-4de9-b60e-a421231d69a2,I love this app but not too much because they always band my ID😡,1
3e86214e-aea4-4f89-a96b-8b250ba4aafc,Working good great job,5
53cc907d-1dd7-4ca1-bbd8-01a8fd00187d,Very bad not live option,1
12ed96a0-dbd4-4751-b0be-1eb0ab8d13c2,Who is reviewing the comments on tiktok?! Must be braindead,1
840b1c83-ca4e-4f4e-bd57-b34fa5378d8c,Best,5
24c03e64-5ff3-4635-a394-c2125c3ad53d,Good 👍,5
2a7819bf-0162-42b2-a351-f7eefc470ee2,Nice super,5
c1856322-bccf-4429-b2e4-a6495c30986f,Loved TT but my FYP keeps showing the same videos and videos from my country I don't care abt,2
86961286-9abf-48d6-8c27-8bebb03eefef,Cool,4
d6e0e48f-08c8-487c-ab5a-09cc9bc3edb5,Full Trending And Nice App⚡👑🌺,5
d0451fab-8b7b-4f22-824d-e06a3159de0f,Interesting funny learning,5
d650c11a-0de5-47ff-b130-c9a957b43cd4,hello tiktok team I need this help.. tiktok my live streaming views problam please chak my accunt and solve this problem imidately,2
39477ef6-4c73-4d4b-9bad-4ecccefe66a9,Nice,5
7dd4bf8e-dc8b-41b7-9f3c-ecacd7f0b1d8,Selu💙💙,5
cc8e4dda-b50f-4bdb-bee2-77ca14c4604c,Unban account mr pattlo,1
41fca909-6d2e-49e4-9668-83a6bb059de8,Love TikTok,5
943d1e19-24d9-4808-a3dc-7815298da483,This app is very entertaining and helpful for business purposes,5
d8bd291c-a7b3-4902-bf81-425219ca21a0,Interesting,3
c609e667-76ed-4566-86a4-e1a98a1d9581,Respect bro,5
2114b655-06e7-4dd1-a444-53e1ae94d287,Mashallah ❤️🌹🌷,5
08be34a9-dc67-41f6-8e24-8cd9ead83bf8,I cannot set the region i wish to be shown. Instead I moved countries and now all i see is Poetuguese tiktok. And the entire thing refuses to show me anything english. I'm out,1
ba7ef123-4eda-4318-8118-373e23367b5b,"Good, but the latest update has some bugs",2
9d214858-881d-4fa7-87d7-29128fab4ade,Please 🙏 give me my TikTok account 😭,2
bf9e7e4c-bd67-406f-99ff-52bd4f01d354,Anjil,1
172fcce8-c907-4425-a9d2-b850176e7146,Good good,5
ff6b3c4a-f3ad-485d-98ea-3753e46d2fd9,I like this app ♥️,5
a1f0242e-6f3a-41af-818a-89b88f56b5fe,Please unfreeze my Account,5
f1715f40-71c9-43d7-b3db-ea17a5d32ed6,Tiktok is my favorite app it is so entertaining app but once I uninstall TikTok then I reinstalling the TikTok but is couldn't why ? Kindly manage it . It shows that it will not work on my device I also have some data in it,1
35a115fc-9eb1-41ed-9c4e-f678b3f7b6f7,Sfrrbdbf back to v go camping do he didn't see na can b Dr ab zd xv GG hbd fb by feed the cats doing a lot better than yy a re do he have to be the one by papa is the best way 😉😉😉😂😂 I in the morning and get them to ok by you I have been 💯❤️ to do gi abi video cal ao to do gi abi ho jy a jy a lot to do gi abi kar do you think you could get me to join you guys e,5
0be202bf-39c5-442d-961a-47a0af0c8375,Tik tok video view For you,5
0559fdb5-cee4-435f-bc2a-441120e872bc,Open live option in Bangladesh,5
48a30cf6-35c1-4675-bcb5-f0114b0cb680,Bad,1
9cc96995-2404-4b53-987e-7ad9a52363c9,beautiful,3
e72646f7-2483-4a3b-b15a-35999b66df76,good ap,5
adc17ed6-f398-4eda-8a8c-669c4ded85eb,A good app but can't receive viewers on my videos although my videos are too much good. And plz recover my account.,5
43cb3b38-3fff-4d7e-8e70-c020ea06a281,nice App I Like it,2
1614450c-11d3-475d-b1eb-8124528ed0ed,Wow,5
5873bce5-4710-4ab3-9311-168f48e79fef,Hello tiktok team I am new tiktok user. My tiktok user name khan.multan.da ha. Plez my tiktok id and video viral. Man tiktok ki privacy ka ahtram kerta hon. Man tiktok community guideline ke khilaf video Nahin banaunga. Plez my account gro kren.plez Plez 🙏💯,5
5115b718-4444-4177-b865-c97bc8b5ca4e,"Horrible If I try to edit any thing it says: you're editing to fast, so this app won't allow me to change any thing to my profile AND You can't even chat with your friends any more because some how a thumbs up emoji and send a hello message is a violation of their ""community guide lines""",1
178ba93a-d744-4fc1-8833-3a3fcb03a3b0,Wow ❤️❤️❤️❤️,5
9b80b7dd-0278-4445-9524-9b40145765cc,Muhammad omees,5
feba9e6d-e4bb-4e3c-9c34-070439e705b0,Great app,5
dd93deab-f0c2-4601-820c-01239eb85184,"Request. Hello dear tiktok team Very Very important please l need your help because your account has mistakenly put my account in the freezer list. Please re-check my account correctly and remove my account from the freezer list. Because l have not made any mistake that is against tiktok police but still my account has been frozen and my views have decreased a lot and I am also working hard on tiktok now to make Very good video content but still, my views are much lower than before. Yes, but if",1
74cb4217-ae86-4d1e-afca-201fad7d71a0,Hane raperforu,1
b36c4db5-9ac5-4c02-a337-e955d9d13f6e,Kindly plz unbanned Mr patlo only leader because he is good entertainment person so plz face and awazi unbanned,5
fe5c8d73-4844-4b78-aac5-39b1cc155ce2,Tiktok Karachi ma q ni chal vpn ka sth chlta asy ni chlata aski waja kia ha,2
0efd4c29-b012-49e1-bdec-5f419191b22e,It is very superb application ❤️❤️❤️❤️,5
0d7ff379-f065-4f8e-bc7c-f296be2b64db,"I am very happy to use an amazing app tiktok, you can try it if you want ❤️❤️",5
c3b8d047-7928-4e96-8660-d703929cadbb,"The For you Page isnt the for you page as of recently, its instead been showing me whatever is just most popular on tiktok and none of it relevant to me. Pressing not interested only seems to bring more of the same up weirdly and i dont know whats happening. Also Stories now count as friend notifications which im not too fond of.",3
6e61c224-5f6a-4ecd-b054-7a9a005241b9,F i,5
5305e699-34cd-4e13-a670-523c0d5bd338,Pouutte,5
8857048f-422a-44ef-8ac2-416e2dce7f84,Nice,5
ae191851-43c0-4c75-85c4-f182ab7b6650,Nice app,5
a4be3169-5cdc-48de-a57a-fc785c17a2f3,Auyal,5
cf537dab-e13e-4174-8631-13243da13c33,Iassanai,1
dace624c-9c80-4ba9-8810-2192a51327ee,I love tiktok. I sit on it all day,5
7acd9805-6a06-40f3-bba9-24240e0c5f4b,Mano ranjanko lagi yakdam ramro tik tok app,1
a58d6d45-1182-423d-acb6-7d4c8fb2265a,Respected tiktok team I am Usman Haider my tiktok username Usman Haider448 I have 1815k followers but I face a problem my video views very low please check and fix my problem and move my account foryou tab thanks regard,1
d0b49a4f-3a1c-4642-8434-515b5db8c6fb,Good app,5
fa6e84e3-aeca-4662-92d5-cba85ec07a0a,My Hu,5
7fc2acd3-3d25-4d7a-9178-81fa590a42bf,🥰🥰,5
0173a306-cae0-4597-893f-b7dd7675c8a7,TO MUCH BS,3
232775f2-238f-45af-8972-a8861d98016e,Nimco,1
93a71d20-b2a8-423f-829f-f065ade61715,Plz viral my videos,5
280fd038-aeec-4155-b925-86a4545fe0a8,Km.,4
f1da87cb-d554-4134-b4d1-aeb6613dbea5,Nice,1
6e564752-a4c7-417a-be4e-5d19613900fb,Amankhan,5
beb03fc4-ee34-4342-b9f8-91eb1919c5c8,Unfreeze my account,2
e89d9e31-a140-4ed7-9d40-63525257dda4,Viral my video please 🙏🙏 tiktokofficel,3
f243c01f-5b65-4a7b-8e2d-09b354f0e005,Entertainment,5
73a60c87-d962-4396-a351-5228559b7b3a,It's a good app. I have a question being if I'm a creator then which type account i need to creat? Business or Personal?,4
004ae556-f51a-4fd9-8728-5490dbdcdd33,Nice tiktok,5
bbaed406-f7ab-4bc4-87c1-bffaabe15809,It's a good app but I don't know why sometimes it will go back by itself,4
d69f4211-2e82-4f5a-9c39-a9efe9a265a6,Good,4
ef7ede7a-5595-4295-b451-2494c7cd1d43,Ali Qureshi 761,5
e8c12ead-6c0b-43f6-830b-af639e87c426,🖒👍 👊✊👣👣👣,5
12136500-c0a6-4382-9fa8-5b5b4bab58ea,Nice app,1
e0036c67-6d62-4ad6-a33f-b11b8aac0f54,Nice,5
6ce4f791-be04-47a8-ade0-4aa41fa66165,Destroying generations to come,1
bed8675a-ea61-4424-8e7b-1ef22aa748a9,Outstanding 👍,5
20336ff0-f70f-43b1-aeab-ac80e8acccf9,Zahid lqbal,1
417b8a15-9fdc-4a44-b838-3a6c7c7d05c7,Very nice app,5
b98aaa24-97a3-4fff-8263-e21c3fc0a8f0,Wow,5
92757134-1e82-45e8-a44f-722bc64215dd,Mapula Rithuri Angel,4
c7090d39-a0f0-4222-bdcd-615acfe3de0f,for you may vadio plz tik tok,5
84fb09a0-f90b-4e5e-abe3-bf63165ac5e7,Good,1
0b0bab79-d2cc-470f-b336-288b5486ab7b,Nice app,5
c6e53c26-b8c3-4109-bd2a-a139f062426a,Tiktok is undoubtedly a fantastic app. But I face so Many problem & plz Unfreeze my account also.😓😓 please solve my problem quickly 🙏,4
1cca3834-c6ac-4ead-85b3-548e812a5818,Feeling good,5
0eeb3913-5e23-497d-8447-6e657c954792,auto skip no continue 😔,3
072a5212-55f2-4d77-92f3-90270d3e4f49,I don't have an option to turn off auto volume adjustment.,1
588c6472-c9f2-4bc5-91a5-3323df90f33d,Super ❤️👌,5
3ba67bf2-9dba-42cd-bd5c-635017d9115d,sadam hussein💘🌹🌹🌹🥀🥀🥀🌺🌺🌷🌷🌼🌼🌿🌿🍀🍀,5
058a6dcf-c228-4730-b66b-9c34ecf8ac53,Favorites sound removed from my account In account favorites will show but when i uploading any video favorites sound not show When i uploading video i search sounds but sounds not showing...,5
257f37e3-c7fe-4201-ae92-ff00bf8cf754,swag👍,5
499d07c4-5f90-43b6-bda4-3909d17960fa,"This is a good app, but it's totally not appropriate for people under 18. So please don't let your kids/teens download this, this app in my opinion is for Mature 18+. Also, there are many issues with the app such as when I open a link my friend sent to me, it sends me to a complete different video that's not even on my fyp! Also when I message it doesn't get sent till an HOUR later. I take back what I said about not letting your kids and teens download it, at this point just get Instagram or smt",2
bb62b129-2652-4e59-be00-25ff968870c0,Nice,5
b2e891ae-4e81-4c17-b524-ae27bc1636f4,Well not updated why answer,1
6719d017-03c9-4017-a184-fea04396f643,"Why can not give the story? After the update, the story system is not coming,Why is the interface like that?",1
4d734466-41b8-4445-a55c-b77dc9be2db1,For you my vidio plz,5
ec6a9591-8fc0-42cd-8a87-459dff307e23,Amazing,5
c00c5d3b-6414-4e7a-bff0-c27b25c2094e,Unbain patloo live account,5
a2434ee3-938e-45e4-ad5b-7839b0daaa7b,Very easy to use full app,5
5e286d02-b994-4d9b-8961-d1bc1e3ea7bb,Good app,5
01677bdb-cd3d-4f5a-a984-656c74db7926,Good app,5
b22b07b0-2f5f-4112-b4b3-5d4a1b1a35d0,AlR Fl,4
fda6eed7-36e5-4e3f-8f04-555791466f97,MIts good aap they will baned one person without any reason AA person don't do any valition.very very baad app,1
664eb67b-255a-475f-8d5d-7b131fd94c2b,Hi TikTok Team! My video is original on my mobile why my video community guidelines My TikTok id name is MBTheMixtureOfknowledge My all video videos is informative please my account and viral my videos,2
b81d193b-ab7a-4ccc-9c94-dea897ad247c,5k likes,5
3be881d2-163f-4641-9b1e-294ec129b136,TOK is a baste app,5
4facf880-656c-4939-aecc-315c9331d78b,My video I s not foryou,1
888cf370-9712-44bf-8d5a-1bf54159a3a8,Because i like,5
7a36bb4f-b68a-4c46-a3f9-b7893d94ae67,Very bad experience because TikTok bane my favorite hotst Mr patlo... kindly unblock,1
bd0526c9-14c4-42c4-997c-7498b1d886e9,Good,1
fcb59570-3c40-4b55-a96d-2d2ae88b9ef7,Sauod Sadeeq,5
448e4a4d-5c5e-4574-9964-7787dd450539,Interesting,5
e2c39a76-b15d-4e3c-97a0-7b2938a310a4,দকবতককবব্্ত্কচুুস,5
03fdda04-4f85-4ea2-9e5b-f81cbe6cd3fc,Excellent thanks,5
337cc9f8-02b2-419c-9378-ee77fb6f2c19,Hello sir. May tiktok i d repot pleez help,5
b92ec6a7-c164-4645-8298-1f36773af887,this is great app I am making video with hard work please tik tok viral my video please please please 🙏 Mr_ansari_official is my account name,5
4f92c99b-d907-4908-877a-0b8905bb9fc1,Good,1
febc9d56-9e55-4c5c-a49c-eb92aae2dd32,Hhhhaaaa,5
83e58f86-f0b0-4a87-81b9-577a4a1125d0,I hate it because my brother can't stay out of the app,1
bfb8dc64-672b-4437-a0aa-3206921a5b51,Follow page Sameer sindhi,5
90b8402b-fdfa-448e-b0a2-b4fbbd548771,Hello TikTok team I am facing the problem since due to multiple community guidelines You're temporarily prevented from sending and receiving messages please solve or fix my problem My account details= uzzi..here Please solve my problem 🙏🏻😭,1
76306421-088b-47e4-9d46-81ab15317e8c,"This app guidelines are just a joke. I can't even type something, but people are allowed to show nudity? What a app",1
37619eb8-45e3-4925-862e-fe2acf55fe78,Good,4
955626f8-1b8d-449f-951c-327ff73bf04b,Plz tiktok my account is slow,5
9fd89d8d-d02d-4388-8a4d-4cc9a3fbc5bd,I love ticktok but when ever I make a account it say appeal or dismiss,1
52f5504b-7f43-4e6a-8f6b-75c7431cffe7,I am watching just tictok,4
572892f3-ac3c-45ff-80e1-b78215161eba,Very good top quality I'm pleased,5
29167eb6-c436-446c-913a-05ababac8ea2,Unband✌️ MR✌️PATTlO,1
cb8742f3-9fc1-4427-8c9b-7a2ed1fc474e,Hello TikTok 👋 I am Saying that I am doing a very hard working on TikTok but my account is freeze please unfreeze my account My account is (king.muhammadrizwan.021)//,5
363be3fb-206d-43f5-8002-3dbb50537888,more optional,5
72535e94-6d85-498c-9506-9e1685874b97,𝙏𝙞𝙠𝙩𝙤𝙠 𝙩𝙚𝙖𝙢 like views problem please support me 😭🙏 𝙪𝙨𝙚𝙧𝙣𝙖𝙢𝙚 𝙔𝙤𝙪𝙣𝙖𝙨𝙢𝙠101 𝙜𝙚𝙢𝙖𝙞𝙡 𝙔𝙤𝙪𝙣𝙖𝙨𝙢𝙠467 𝙥𝙡𝙯 𝙥𝙡𝙯 𝙥𝙡𝙯,1
0e38584e-7344-495c-a673-1b8be625d08b,TikTok live open kar do plez plez 🥹,5
1c8b4548-4542-4a6c-adea-8d2c4c81c525,good app,5
f7c16ac4-2911-4090-aa7f-bcc89e334874,nice App,5
87142993-a2e2-4b66-bbd9-e33d6aa37c30,love you tik tok review please for you,2
c7bd3ba2-69ab-4d41-b25f-187b1ad3c43f,Gfhfvjk Henry ford Btluy and the second half Jbj,3
c7b4a51f-5f0d-4d73-ae9f-29a6969bb6ae,thsi is very good,5
3a5f4db2-2d49-40a8-b376-c4045caf0773,আল আমিন,1
0d39ee2d-2a40-40a4-ba21-08efec80ad97,Good night,5
7287e46f-e528-4eab-9d5e-cc1a18675757,I just Started using tictoc and I love using it ❤️ I've Been using this app for a while now and I love making videos with Pics 😊 it's my #1 App lol,5
5030bc55-0f5c-4464-ada5-90527c4aad42,Feels nice,4
7dd533b2-efbc-4966-a28b-fd739a9e7dcc,Liaquat Khan,4
1c2a5431-dee4-4b82-a65c-d151059085b1,Unfreezemyaccount,5
3ef9b605-19b0-4745-82be-b5a8fe9ab1ef,owsome,5
b6a804da-87d1-41b6-a382-e7cbb79ee3cf,I have multiple followers but only 100 viewers every single post,5
00d9f2ab-9a36-4eaf-9d26-fac2d70902de,Good,5
d0d21a42-5d93-4cd3-886c-d133fecfc298,Please unfreez and viral my account,1
58e2964d-b009-4898-8cc1-9db219952f70,You tiktok Nice,5
0cfde9c9-0563-4854-ad73-efe9893ccf78,Took the Crowne I cannot tutor Bronson,5
fb86de82-bb1b-4682-92e0-3da8dcd3871c,@majid khan,5
d97598de-7023-4108-8d1e-5c99f98e7ebc,Khan😎,5
005d2d50-5a41-42fc-a6ce-cdde86a28cdc,The App seemed suspicious ! 😕,1
38430017-8961-492e-b051-bcd6efdb01b3,"Only leader, Mr. Patlo",1
d4d61c2c-c1d0-4cdb-9375-1260c7178585,Good,5
544486a4-a56e-4064-8ddd-9d601c411cc4,Tik tik are working out,5
63c26e15-d13d-4373-8228-d12313e3f7a3,😇 youhoo,5
e3aaa5a5-5fb6-4805-9df3-dff1e70b0fc4,Nice 👍 tiktok,5
b9f981bb-9a44-4936-bef8-a315511f7e97,Tiktok apps,5
f66c3bb0-2a24-40e0-afe4-e6fd87448554,Hehehehehehehe,5
5a27f311-b26c-45c4-83f4-a51c68b47212,♎♎♎🎀,2
a9986511-3e0c-4a9b-a7af-f57b7dc51dff,Hello tiktok team my account have now views problem help me tu get more views 🥺🤌🏻,1
0d77018b-862e-42ec-8c2a-db4900135e1e,"They banned me for no reason. I never commented or posted a video, and I can't make new accs",1
be16a368-1506-4626-a456-584fec8917a5,It is nice to to work with you,5
e89d67db-4917-48b7-b6d6-e2c3e701c035,Very fun👌,5
8818c79c-9c89-4baa-8a44-aa21803e673e,Hello tiktok team Mera bhi account viral kar do please Tiktok reply please,5
4c2efa4a-e8bc-4063-8ee8-5b4a5cae2a7b,Good,4
f07ba5cc-20db-424b-8359-4e1b55ac1184,Nice and more learning how to cook well.ang too yummy,5
c6816661-0b58-41eb-8435-ee6dfcf53f26,All I can say guys is that this app is ncaww like it's perfect I just got it recently maybe you should give it a try🥰🥺,5
9a091270-0e8b-4a64-bd83-6e56e1db6df6,That is not a good apps because shair a bad effect in muslim socity,1
9493d411-b7f6-4597-976b-74bc866faefb,Not warning plz,5
4fd502e2-e9b6-4ea0-a1fa-f775c0ebeb0a,Khkhanman,5
121a1ae9-c637-4419-8e7a-2f99df17698b,Md Tajbid Rahaman,5
1ee2a017-c395-4055-b964-2b1bfdde7652,thank you tik tok official,5
cf2b028c-e442-43c3-a2f6-8a4034ad4ff8,Love this app great to make new friends,5
280b883f-3c03-4ed6-bad3-ddba00efa1e2,Please sport,5
50a123d2-1d21-4c91-83cd-c8d3efd3c8b8,Hello dear tiktok taem very very iportant Please I need your hiep bacause your account has mistakenly put my account in the freezer remove list please re check my account correctly and remove my account from the freezer list Because i have not mode any mistoke that,1
ea30f913-8c5c-4488-b4d6-967c9e26c3da,Ameen king,5
3b5b06f7-7a23-4c23-a7e7-e1e7c5b36758,TikTok download please very is slow,5
699f0cac-b68a-4ece-b404-b9aa188e7002,Nice,5
df0dd674-a43c-4923-b2a2-fc3813abbbae,Awais Ali,5
26322f1f-d3a3-409a-8fa9-b8a7f6ea400c,Good,5
703d1ca8-45a2-49ab-874c-950a52ab00b6,Got this ages ago its very fun u can make videos and talk to friends and family on there u can watch funny vids its very good but the thing is i gave it a 4 starts bc it keeps crashing it must have a bug 😭and also it keeps on making me log in to it every time click on it...its very annying but it must be fixed.VERY GOOD GET IT 😁its very fun to have... the bad thing is its got a bug atm...😭hope this helps have a amazing day bye ✌🏼😁(needs bug fixing)and u have to update it alot 😁,5
3a6a33cf-ba9a-4c22-8f65-52a359a60f5b,"Plzzz TikTok unfreeze my account... Don't under reviews my videos,.. Kindly resolve this issue.. Thanks in advance",3
f8a71b7c-e6f2-4993-9a83-cd6b801719b7,So nice . good working,4
38062fa6-666f-42ab-ab1e-949ef1f020ac,Only TikTok for you,1
94faca85-77f5-40a3-b075-5532ce553c43,Best perform,5
2182bddc-9e12-43b3-8ccc-8489c38b70d3,lalzadakhanpashteen,5
be43ff0a-f3a9-4725-a965-1f11b1e140ce,Hello dear tiktok team plz check my acc and unfreeze,1
5d5b1883-021b-4b4b-873e-8fde7f4536c2,playing nice my loves,5
c14f28aa-2297-4d5d-ab97-24ca06d34ed2,Awesome,4
8b61689f-3fd6-4817-9352-aa20e888cfb8,Ishfaqahmad,5
623aa7c0-d112-43c0-848b-919b47d238e2,Hi TikTok unfreeze & under review my account why.😔🥺🥺I like TikTok but followers & views problem very much😭 please solve my problem,2
b296158c-882f-4ff4-85bc-14f5cc7ac7fd,This is app for the funny videos,5
eebb5f16-8ab8-453b-a6af-435421ae1e2e,Ok tiktok how many times you will banned my tiktok account its 3 times you banned my account with no reason I just go in live in few second my id got banned I am 15 years old please un banned my id please Name = aashish__gairal,1
22820a15-d833-41ea-8a43-c7683db6e73c,gবিজলিood,2
b2671417-b2d1-4d50-8533-d9cedec45132,❤🥰,5
174f0ab3-5586-48f7-b12b-410ce422f7d5,I like this app my favourite appp👏👏👏,2
a6399572-55a9-4f71-b9c5-03424d0e8d47,‏Gboard کلپ بورڈ میں خوش آمدید، کاپی کیا ہوا آپ کے کسی بھی متن کو یہاں محفوظ کیا جائے گا۔‏Gboard کلپ بورڈ میں خوش آمدید، کاپی کیا ہوا آپ کے کسی بھی متن کو یہاں محفوظ کیا جائے گا۔اسے پن کرنے کے لیے کلپ کو ٹچ کر کے دبائے رکھیں۔ 1 گھنٹے کے بعد پن ہٹائی گئی کلپس کو حذف کر دیا جائے گا۔ رغث کو ا ا۔ کو ا ض ح خ ڑاور,3
4e8e88b0-c07f-4aba-af4d-b0c92da66495,TikTok Piyush,5
7f5199c1-740f-4d1c-b003-c811282f29e7,Love this,5
4d0885f0-fbfb-4915-8728-ed7e5e03fd9d,Good,5
b52812d2-0c34-4a71-a3b0-1c024d347fe3,Nice,5
a012498f-e270-49e5-8358-b9c9453853bc,Simple plan,5
78f547f7-a8a0-4e25-bf11-a2ccb7d7315c,I love you ❤️❤️,5
1e1daa9a-9e74-42fd-bfa1-8a271f508d69,I'm use TikTok last 2year this aap very nice and video amazing.,5
d0040451-35e8-4ac2-a7e9-a41ef181b528,Excellent app,5
1d43ba47-ad5a-4ec3-8a3f-56744ca4d9d4,unbanned Mr patloo plz,1
457e978d-2354-4f4a-bcd5-45ea3d286dbb,Good,4
8f8681b3-bb72-42da-a53b-369ca121c5f5,This is best But I'm not Understand he was useful for Pakistan but no viral My video but he is a best and Entertainment and Enjoy full 🌝,5
517e6b2d-9a8e-403c-93e1-02c98b263242,Ok,4
9233e0f9-2170-44be-9485-a2b264a13fa7,Tik tok is very good app...I like this app it's features are very good and amazing... everything Will be very good,5
8d1380a4-8023-46c5-8d7f-ae89eab7c219,Good luck,5
9bf06c66-5d8e-44f3-a46c-917b3ace22b7,"really good for a cheap bargin ,but don't go on there as much these days as it's full of strange people just sitting in bed waiting for you to go on there live I liked it before to many people started acting about ,like the other day some guy obviously has mental health problems was just running across the room and doing somersaults on his bed just for people to give him stars he done about the 20 to be honest he didn't look very well he'd been up all night drinking monster energy drink it was",5
49986125-b959-4752-8b46-f04565b290e6,The worst,1
613fedfe-5e6a-4f55-846c-a97114e104bd,Very good app for intertanment,5
52cae527-b12f-4b30-9ef1-36c4ea6c99ce,انصح الكل ينزله مره حلو يستحق الف نجمه ♥♥,5
e4333ce0-e6b8-45c8-a73a-7145faedd376,It's very nice,5
b7d32e27-ce32-44fa-80fb-7afd44adf912,Tiktok please help me Aana Ghar Kis Ko follow Karte to follow Nahin Hote Hain vah Log please help me,1
ddfed1f6-de62-43ec-b6a5-306da62a8e2f,I really love this app cause it has everything but be warned when doing this app you must be honest Thank you,5
b8b85a91-11b1-49ad-991b-a2fdc633dba3,2Kale Khan 245 Helo tiktok team please mere account ki video viral kar do main bahut garib aadami hun please mere face ki meri video viral kar do please tik Tok team tik Tok team mein aapko request karta hun aapke Aage hath jodta hun please meri video viral kar do 🙏🙏🙏🙏🙏🙏🙏🙏🙏🙏🙏🙏 hello tik Tok team please mere account ki video viral kar do Jo Maine apni khud ki video banata Hoon please meri video viral kar do meri support karo tik Tok team,2
43f29a64-e5d1-4a32-a5b5-8394ba5d7500,খুজে ফেরা,3
7fc9ea5f-fe2b-4638-b359-a8ab62ad5669,Trending my account,5
3e124eee-3d5d-4d6b-8236-4b28d36b51f4,Tik tik my account is very frozen please fix it one ok my video v for you is not playing this is the problem i will delete tik tok account if not,4
7ae3c4d4-f112-436c-8dba-679c6fd15045,Love TikTok,5
82f9a1d9-003e-4fb8-9fef-bd53bbde00fc,Love you mahi,5
e7ac5367-1e66-42a8-872f-dad4edca5bbc,We get to learn about new thing and hacks and things that define people and get to know them and it has special effect,5
58170701-36d1-4bcd-a5ab-f67b35c3b0f1,💚,5
c15262a8-e0bd-4dac-b989-4c22345d1b94,🤗😍,5
b1319520-4035-472c-bb3b-b19d182ecc1c,Un banned Mr pattlo,1
8e762e0d-6adb-4dfa-9934-5d81fc530bf5,Greet,5
41031a44-272f-4262-94a9-84d6d54aba8a,I can now easily try templates on tiktok,5
e7a635ba-f0fa-4fe8-8d43-7bc417657179,Тик ток шууд хийлгэдэг болого,5
e1a359be-cfda-425f-9459-5b0824e91cf1,ভিডিও ভাইরাল,5
34d88dcf-4afb-4f9c-9199-3691c0790868,Tik tok is a bad app I don't like it Anyone can not secure on tik tok ✌✌✌✌✌✌✌✌✌ Oyy Leader no bhaji deni band karo,1
669bd002-128a-45de-ae4e-80f51bb3193b,"its overall a really amazimg app and you can learn so much from it, but sometimes it is really hard to work on a laptop and only works at its fullust on a phone but overall its a good app!",4
8190fec8-84bc-4724-a8a7-a2b023f8b2c2,Aneel star,5
c227fb6e-c744-47c1-afbc-c68e9e4f9df6,So nice,1
b1357f95-d064-4ba9-9b1a-768a2ca5c9ec,یہ آئ ڈی فریز ہوچکی ہے برائے مہربانی اسے انفریز کردیں۔ شروع شروع میں جب یہ چلا رہا تھا تو ویوز صحیح چل ر ہےتھے پچھلے ایک دن سے ویوز کا مسلئہ ہے اگر اس طرح رہا تو میں ٹکٹاک سے استعفیٰ دونگا,2
87263782-3d6b-4c19-b96c-9234518ced96,Viral video,5
83cdd549-0217-4107-893e-560d74f219db,"I have found such awesome vedio""s to watch of k9""s and their training. Oh i truly love this. If only I had the opportunity and payment plan to get help with my beautiful male 1yr old german shepard, Sargent Jo,. I love hi. So so much. He is fearless and extremely hostile toward other dogs. Especially larger ones. I think due to fact he got jumped by 3 large strays when 5months.",5
13fb6062-f83d-41ea-b88f-cff951f76cca,This is amazing app,5
1cf892ee-4625-43b4-acd9-8604048aca31,Kindly request from all pind unbanned Patlo & Leader account it's harmful Request other wise all pind follow up in playstore negative Remarks keep continue all pind Request Zero Remarks 😊,1
089626c3-f40b-4d62-b301-4362dfc6dc75,Unbanned Mr pattlo,1
cb9bb3ff-ded8-442c-89f7-3496e85c973a,Very good 😊 app I appreciate this app,5
e0d6168d-0104-4613-885d-c23580bda5d6,Very nice,5
087ade42-b335-4ebb-bfd1-e5d1ea01a2c9,Supar,5
f9912245-8cfe-4b06-98ee-e75c3265b4ce,My dear tiktok I am new user,5
60f3e84f-d548-4a11-8d63-ee47ccd848ba,Good,5
a70ae9e1-ee13-43d1-9775-3889609c7f72,Wali khan,5
bfcfda8c-02a6-480f-8f27-991cbe82c398,Please TikTok team live On my account please please help me please please help me,5
ba74ee12-d361-4726-8db6-5e66f06ef830,Forced me to install it to view a video a friend wanted to share. Let me use my phone web browser.,1
6675f2d5-cb40-4978-8252-73b33aaeb01d,Its so amazing,5
f9458135-3bd4-47e4-8bed-46bbef4c7a0b,RAHAT,5
05979588-7148-451c-8992-23d2bd51a714,Raeesbaba126 Kareem,5
7d240894-b757-4b4a-9d06-91e108468061,Great call quality,5
750973d4-e6b7-4306-a7fb-d7eb6494ae36,TaiToK,2
e43d1e8f-6825-4d8c-aa8c-7924aca95006,So nice 👍,5
fa4d0120-4108-4a69-8908-afa4a8e1d393,Very nice,5
55ebd0ed-af35-4b98-ae71-da56fd63ae5f,Please install this app of my phone😭😭,5
0fb1600d-d9f8-4368-8feb-7c5cd4397ff8,Good 👍 Ok,5
9462d191-f6b3-4e6c-988b-c5948ca65682,Hamare tiktok mein message problem ho gaya hai kya kisi ke pass message Nahin jata hai any problem ko khatm kijiye,1
8350a38f-6627-45d7-adbd-ab2ed714245e,Just looking for a solitaire game horizontal.,2
a19c4798-3fc0-46b9-adb3-61fb31ddbc2a,UnFcde,5
d1b0f3b9-cbb2-414f-bf82-ee533c2a79b1,Please tiktok team unfreeze my account please help me allow high quality aption show help me 😭😭😭😭,1
58fb11a3-8646-483d-b491-142f4bb85cfe,Nice,1
1a67fa82-2e00-4b4c-9ed9-135557397e75,👑❤️Fb👍 is fine Great 👌 ❤️👑,5
8f3b8837-35ac-409f-8178-f85224da6990,Good app,5
905a3458-efc0-4fe3-bb35-f6bb734aacb6,Bring back My 2022 fyp Dawg🕊,4
192e2153-7d70-40fb-9e5d-6d2c89cc5b60,So good 👍😊,5
382c60fe-a8b7-4027-9de6-00f9e5f7d7eb,Posts are not going viral,2
493e6d57-c2f7-48a2-bea5-485420925fbe,It is an excellent app but when commenting really needs more characters.,4
5e15cfd9-af45-4d65-9bf3-65ead4609112,Nice Tik Tik,5
65d13086-699f-4953-b140-488753ac9537,My tiktok not download ... please check is Error,2
4b8eae5d-9aa2-4a73-b791-aa21f9680451,I like it,5
b857bd57-5c83-4b83-8153-d7501a822708,Unban Mr Pattlo Account,1
8dcc22ae-bb56-4f6d-a5ed-50985aa4dd21,excellent,5
1f68c707-ec21-449e-ba52-d1783cfbc1fd,tish is very amazing,5
ae328688-3b6b-4cb4-870b-a7cb825ca803,I like it,5
fe632569-b540-4082-9125-1e0adab233f9,Tictok is best i like,5
1e39f7ed-3f31-4b7c-a9e2-cd81f5c29333,Priti,5
ab448933-431d-4254-b920-4f82f4a37a87,asaszsassx and,3
ea6da8c1-af7f-47a4-8425-594977828f78,Foryou #foryou #fyp#trending #foryou #fyp,5
15a486e3-9980-4df1-a74c-df43a868d912,Links aren't work properly,1
081e048a-d0fd-4032-91f9-43b1af4a1f72,Very bad app not use this app and not time anvesting in this app,1
e1118535-8e68-44c3-9385-7423d3fa0e7c,Great,5
4804b809-8714-47a2-af9a-13319f0af8ee,Is one of the best app,5
805ba031-dda2-401f-9fa2-7b0b31e2267b,good,5
0a0fd8ae-13ff-42b4-9f7c-49c8dba2af18,Excellent 👌🏾,5
630985ee-4b70-473f-bcdf-0279d962be40,Bast aap in the world,5
2d5ead20-dfda-477b-add6-3a6ada3da53b,"Uploading videos for 2 days but the video has 0 views, this problem was not there before, it has been happening for a few days.",1
afa2db38-6fa4-4c6a-b748-15382b87f80b,Nice work,3
cc37575e-d490-4c09-a83b-b40869f477cf,I love you tiktok,5
a3c7ced3-5b7a-42fe-8928-ceee74671111,Good,5
0fadd284-a511-4505-833f-f203b7b94cce,Hey TikTok team my account is not working please check my account and views problem's solve it otherwise my account is showdowbane please this problem slove issues and unfreez my account,2
85adebfe-2ab5-47c2-ad53-a6b5139fc147,Better app,1
a81b3ce4-93c3-4649-90ea-bfdf86f17449,"i can not watch any videos my frens send me via text, messenger. It takes me to the app to open and I never see the videos they sent",1
86418b73-b038-47cd-bb40-7bc153eb01a3,Nice,5
f6eddb2a-a62e-4a18-b0d5-dc9a6d9e77cb,Usman hahahgdc,5
b61e9448-798e-4e6a-99b8-1db58fc89d76,Is the best for enjoying,5
070092e4-5540-447a-bb61-6c5995d9d6c7,Yess love it,5
0ae8816a-fde2-4435-820b-6773c54bdc62,TikTok is very good app but video is not viral please my videos viral 😞,5
3201924d-96ba-4e72-8062-8aa6f1119b51,Please sport me,5
f6b00d47-1143-4c8d-abf5-a0328cbd82d5,Very interesting,5
a85df719-d8e0-471d-b428-87371862732d,Tik Tok team problem views solve this views problem,2
1261d5d3-17f1-4493-b4a2-383c1b547a26,I love you TikTok my unfreeze account,5
2dcbe6e5-f2dd-487f-a2e5-b2e40d7129dd,If I could give zero I would. This app is brain rotting kids like my brother and the updates are trash I got banned for speaking facts. Tiktok needs to get banned right now. YouTube is better and tiktok is trash. Get rid of the app now.😡😡😡😡😡😡😡😡😡😡😡😡😡😡😡😡😡😡😡😡😡😡😡😡😡😡😡😡😡😡😡😡😡😡😡😡😡😡😡😡😡😡😡😡😡😡😡😡😡😡😡😡😡😡😡😡😡😡😡😡😡😡😡😡😡😡😡😡😡😡😡😡😡😡😡😡😡😡😡😡😡😡😡😡😡😡😡😡😡😡😡😡😡😡😡😡😡😡😡🤮🤮🤮🤮🤮🤮🤮🤮🤮🤮🤮🤮🤮🤮🤮🤮🤮🤮🤮🤮🤮🤮🤮🤮🤮🤮🤮🤮🤮🤮🤮🤮🤮,1
940862c1-e372-418e-8021-010a65fd10b2,please please sir my help my account is solo please help me please he please help me my account solo my Tiktok not good working please help me check my account and please help me,1
01365ef0-940d-4de6-a48f-09a2dc322af7,Everytime the app updates I lose followers 🥲,2
dd3728cd-8295-42de-b2cd-898248c9304b,Helpful,5
02a9a73b-4b5e-450a-9a8d-98d65c1a6b47,Vary good,5
7170f360-f0da-44da-b9f9-cdccd19fd690,Good 👍,1
7e74aeaf-6f5e-4842-a593-d9dad68f3adb,Good aap,5
be955a32-3866-4d4f-8498-1ee514ac97d3,Nice,5
5cf022be-f456-45c5-bd97-7dd00dcb95d2,Got perma banned no reason given can't even make new account I haven't even typed more than 20 comments I think and I have 0 vids.,1
3174fa5b-26ea-4b50-a6ea-c558b8f70c82,𝔾𝕣𝕖𝕒𝕥 𝕒𝕡𝕡 𝕒𝕟𝕕 𝕘𝕠𝕠𝕕 𝕨𝕠𝕣𝕜,5
0ffe4da7-832a-4ef8-a32c-9794601cdc54,It is the best app for edit video,5
484316dc-4b54-49bf-87ae-01988596db91,I love this app so much😄😄,5
73af2b49-24bf-48f3-be9a-0f97219b2631,My TikTok account viral please TikTok team,1
2a3de742-6b9a-4e62-94ca-220d8fd2a5c5,Awais Malik 56,5
7b163557-9cf5-4ab7-b8aa-4f4b42fc7090,Good enjoy life time,5
304d3b57-63a9-406d-b60b-62bccd7c7856,SHANKAR M,5
941e65fe-2961-4712-bee1-e8832ebdd8c1,Great,5
acc5297d-5a27-43e7-8879-7715cccb03b4,"100,k",5
7020a28b-b4cb-4e54-8a19-3887ec573d11,Wow This funny . 😅😅,5
d9154a25-57f3-4111-9122-595cdb181914,Good,5
0a9a86ed-2fb7-4706-994d-80a0a8315174,"Best app for removing stress, making people funny, Worth and smile all the time...",5
3e3cae19-2ef2-4cf5-bb03-85c54147b8ea,"If you don't want a company to spy into your phone & and tablet, then do not download this app.",1
b229200f-5001-498c-b250-2d399222d003,Ok,5
9f0a2e1b-0c82-4770-85c5-c00a0ecd5c47,Plz tiktok unbanned Mr PATTLO plz,5
e14d3f57-1372-4755-9f20-2daf4b5c0bba,This app not working easily,1
768e61f2-e85e-47c6-b76e-873c656338c0,Mera koe followers NAHI karta,1
5e5bddd0-4b8d-49d7-b8d0-532e4d7c4510,Hello dear tik tok team plz unfreeze my account plz sar my account name is SILENT PATHAN 😈 Plz sir i need you support,5
17d6266f-796b-453f-928a-419392e547c1,It's for fun 😊,5
4f739f02-b62d-4a63-93cc-fba3965f1456,Imran aziz,1
02fb31b1-df56-48f7-a43d-ca02c2afe8a3,MdFaruk,5
fa24686d-c31a-4ab4-8a8f-2650c606b625,Yoooo,5
51e79ff5-5935-49a1-b7c8-38be537825e5,Respected tiktok team i am m naseeb my tiktok user name m naseeb786 have 922follower But i face a problem my video views very low please check and my fix and my fix a problem and move my account foryou tap.Thanks and regards,4
866e1de6-e58d-439e-9f8c-28a6cf8cfc8c,This app is no more human friendly app. Don't download it. Dont use it. The complete app itself is illegal. It will delete your high view videos and ban you. And you will lost all your new and old stuff without any reason.,1
ce952059-c9ab-4c31-ac29-268828d7fa8e,Tiktok video foryou,5
b1dccdae-3f36-4efe-8c2d-ea3401b40809,I love tiktok,2
b2ee090e-5de3-4dc6-9e6d-d1c10379fc55,Everything is good,5
35f13ab1-022c-4159-a7ea-1620960819d6,Good appe,5
8339cf92-358a-40df-9145-15096dba6552,My tiktok eccent,5
7af6ebaa-f572-47da-8ea7-20429d9aaed0,Terrible moderation. They seem to ban more people who speak out against hate speech than the ones who are doing the hate speech.,1
3c58a4d2-e420-4697-ae36-3e68f71cab2c,I don't know why you need to force people to watch HDR videos in increased brightness. Please add an option to turn off automatic brightness adjustment.,1
1338d682-edd8-4caf-a665-287f5fb2bc27,বাল,2
5245985e-6d2b-490f-99ed-28ed268bd05a,Best app❤️❤️❤️,5
73775dda-a9a4-4931-a070-8b5e24bef139,cool,1
e76cb102-217e-46a9-9661-a301fdeeb752,My tik tok id name not chnge big problem,5
3df8de7b-f165-44df-92b4-33657e754f23,Google Assistant I want to be able to get the following enjoy the music and stuff that they play listen to music,5
9dfb10e4-de5c-4620-ac84-778bf0aee2d4,Good,5
241a5447-a062-4419-a148-68b94f245115,Khan Kohat,5
8714e483-8b7c-4adc-a9a4-2c19788b733b,Hi gg,5
5c1243b2-390c-45aa-8823-bc094e4b9a35,Cheap application. Thief thief,1
d677ab84-5fc4-4ab1-89ca-2911ddcae501,My channel please for you 🙏,5
fb7e00cd-9836-4b14-8139-0c6176ae5b06,Mahar Hammad,5
58a79f25-1006-4445-bf24-9a0f154c7eac,Yes this app is amazing and nice,3
f1cef817-57ae-404e-9496-090ec52f1c6f,I hope yall get banned,1
ea71a672-1bc9-4a05-8e30-0fbe0736f171,1milion like and 1k followers Please sport mi TikTok it's zabito Khan Need help with you,5
46e94056-dad0-4602-8938-93402316f42f,I love the app and it is technically great but everytime i download it it works normally and after a few days when i want to open it it closes itself automatically so i have to remove it every 2 or 3 days and that is really anoying,2
e39f2509-e43b-4c19-90c9-9d6e8f33a59b,I see an advertisement after each video,1
8386dbd0-a5be-426e-8a8e-052c3e0e03f0,can i change my face with girls and same girls is changing with boys????,5
a80b4aca-0685-40f9-9629-bd94350deecd,Hello TikTok 👋 sir My tiktok update problem 😭,5
e569e398-889b-4ccc-b2d9-c25d2ad664d6,বকুল,5
735733be-562e-4edf-a6a5-88752bfb38c6,Usamakhan,5
77e0ff42-91ce-4d0b-990f-6661f77e6b62,My account anfreeze that is must good app and please my account is for you,2
9f3fe76e-ebdc-416c-9574-bfc68772ed5e,عام منجمد مسائل کو حل کرنے کے لئے دشواری کا تجاویز اور چالیں اور اپنے Tiktok ایپ کو آسانی سے دوبارہ چلاتے ہیں. چاہے یہ ایک گڑبڑ یا تکنیکی مسئلہ ہے، میں نے آپ کو اپنے Tiktok ایپ کو کسی بھی وقت کو غیر فعال کرنے کے لئے آسان حل کے ساتھ احاطہ کیا ہے.,5
ff9a03f6-2215-4856-9eff-001d065883ea,Ok,5
79c982da-bfc9-418b-8d6b-6d72702cdbe3,"5M posts. Discover videos related to Technife App Download Krny Katreka on TikTok. See more videos about Buaft App Download, Stbemu App Download, Download ...",5
65adb361-7025-4bd3-ab19-21cd4271a223,It is interesting 😀,1
22cc4632-6319-40b9-9e50-2e83ab9d7a13,samim 💔এস কে শামীম ভাই 💔,5
a40f383e-16a2-4b83-b301-d2e799e5c722,Please help,5
b63b15d1-3eb4-4780-8c0a-bc979359020d,Nice 👍,5
70ea7f76-1d12-44eb-9732-bd96dd15a6de,Aliraza,1
c4b39d0e-3138-4ded-975f-19a096e7a61c,I love tik tok,4
dcf0dba4-1235-4702-8378-6820c0e84e71,tiktok is great fun for dancing doing get ready with me and meany more,5
d9021391-32a2-445a-851d-53ff9c199e69,Ghaffar,1
26a6a4b5-541a-4e30-a33a-23099afded37,💯💯💯💯💯💯,5
38096670-da79-47fd-b160-8838b650dca3,Be able to bully kids for being them self 10/10 app. Edit: I got banned I am not even kidding,5
fbb5093d-3be7-4b0a-87a2-b970b76d3bee,Beautiful and Best TikTok,1
70c211b0-f63c-4937-be92-9dfd620673ef,King Asghar,5
81c20614-4a19-4798-aa8b-ce846218aa92,Hello Dear TikTok team My account is freeze Please unfreeze my account Thnks,5
d8775319-76cb-4a36-864a-7132b4a820d4,Dear tik tok team my all account freze in one day automatically freeze i am post aa vedio but after watch and 0 views please solved my problem,5
c769a16b-071a-4e1f-8f35-67864d63efca,Please urban account Mr Pattlo leader of tictok please 😫🙏🙏💓,1
c9b92a70-e07f-41b6-a095-e7455c4817b9,Please tik tok team my videos viral and love you all tik tok team 🥰🥰😘😍,5
404a823b-d08d-462f-be3e-06a1a2c65e7d,It doesn't work,1
029bcdaa-6809-4cf8-8c50-b455fece0405,Nkakawala Ng pagod nd stress masaya n Ako mkapagtiktok after Ng work k slamat TikTok marami p kau matutilungan tulad k ❤️❤️🙏,5
a8adc9b8-7a47-4aa5-b5f3-ee8ee9f8284e,Micro account,5
ed435123-df20-4e8b-b3e7-d48df3703987,সবাই একটু সাপোর্ট করুন আমার আইডিটা ব্যান হয়ে গেছে,5
3a245d07-b621-456e-8527-dec5f9c01596,My experience was good I like it,4
689d8373-04b5-4f7a-8923-8a1143496fa9,Good,5
5f3786b5-cfbb-4455-9a14-9c9a0ca942d7,"For you 100k,🙏",1
e8bd08ff-ba46-4d42-aa82-7be8543c3046,I am using tiktok app last 5 year's I have no idea any violation My account is freez in tiktik app I am very Worried this way place unfreez my account recently any i am delete thia app Ok,1
f51f0e4e-b3fd-4e67-8f6e-a1e48787c2a8,Verel account tik Tok,1
e7db1f1c-ee0d-40ab-94c3-07e61524c13d,I like it ☺️,5
948937fe-56a0-484b-b917-a0a5b863c52c,For you tickets,5
b67fac28-b032-43b7-b70a-a31822b014c4,Please unbanmrpattlo he is a very good host and honest person please I request to you unban our hero😭😭😭,1
d13f3371-5962-4a0d-813f-aa249e404994,Unban account MR PATTLO,1
9e96376f-a1d0-46a3-8bd6-68fc56bd771f,E good,5
d28ac840-795e-4d85-93b7-c94ba335ac2a,This is amazing 👏 I don't have any word's for this app yarr amazing he bass sb ap log mujhe bhi follow kar lo . Sajjalfatima94,5
0cac9bba-4f97-4b0a-8521-82d4475047f7,Good app,5
763ed77d-fcdc-4e5b-b552-27fa49249fdb,Par aur upar Wala video,5
cea98cc5-1f1c-4b62-9ce4-c1b8e30af440,neither good nor bad!,3
1d2a8c8b-b929-4f9b-8a1d-4a0f7c19a8c1,GOOD VIDEO,5
5e6ae50c-3ea8-4580-9e7d-b088088443cc,It has been good,4
f48a67ca-5574-4f06-98d5-9c1a533ff13b,Love it,5
4afe4724-51a1-415a-bcaa-6ed9c431d63b,Good app,2
b39cabbc-a9d9-4535-9822-2090ec6ae148,Good,5
33e6f4b9-beac-46c7-8eb1-671667f6a770,Bijay bj,5
cfa10e2f-d209-474a-a65f-a3fb3e6f969e,Sigma,4
b8c47c3f-ae54-48fc-895a-b830df23efa4,Driving,5
10989945-3bf0-4341-9a87-a70bdb28afac,Great,5
38e87277-94e1-4267-89cb-fd3adb420c53,Good Awesome 💯,5
e30b332c-ab58-4595-a7c5-a998f2c01696,Slow,1
3f3b9c5a-247b-4167-9844-0e1ffb606394,My fyp has been broken for almost 4 days now. Showing me the most random videos I don't want to see from cringe couples and baby diaper blowouts to Spanish videos I can't read doing annoying filters on themselves.,2
e49a2b7c-acf7-4649-af1f-5acd224ccae9,nice apps,5
744c0ce1-3971-45d3-aa43-b5af16cd9386,This is very much apps I like this apps❤,5
a569c781-9d7e-4caa-86b4-80eac419e533,@qureshi.018 please unfreeze my account please please ❤❤,5
63c42e0b-e5a7-41a2-a4fc-e41816890696,TikTil,1
02738c85-559a-46c0-8b6f-fb71a6fd168f,💝,5
61c4e5e8-cfe9-4799-85bb-a76446ac35e9,oh when the saints go marching in-Ray Williams Johnson,5
5174b74a-7bb7-45f7-be14-55787799e00b,", cja,lpc.c🤩😀",5
8c3cf280-ce0f-4575-97d1-00d5c9f0e3d0,Banned Me for calling my self Peanut Butter Boi. Like i don't see anything bad about this name unless you think of it in another way but this app sucks its just pure brainrot like I feel cancer ♋️ forming on the brain every time I see this app. Pure cancer use me for research. BY The Theid Riech,1
8f105aa7-9b59-4c58-adcc-fc1f4bdc4967,Pakistan Turkey punngab inside cheaine lehores Multan Dubai inggailain,5
775a22f4-f59b-4a0a-83c5-a228c7e6019b,I can't open my account from other device,1
c152dfdb-a46d-4c77-8c88-b5a3de9e3d07,Plzz foryou my video,4
dbcf806d-734e-4657-8621-5853f6eb8960,This all is my whole life I couldn't live without it if is the best app ever,5
881b68f6-f740-43fb-bc57-5ea4015488a5,Bhangwan nowshera virkan gujranwala,5
86e646de-d285-4346-9adc-7182bc53acda,Good,5
4212005c-c459-4911-b8e6-2dea4b5aefea,I like it,5
cf20d975-2557-4114-ba26-39edf3bdcf0f,Fantastic tool🤠,5
8f077f18-0ae8-4682-9aba-b3af08ea52ad,I used to love tiktok.. hate the recent update.. why is feed only suggesting content creators from my country... this is annoying... I really am thinking of deleting tiktok... I loved the old version of tiktok where all the International contents were suggested in my feeds...,1
3c582b4a-868e-4b0b-a981-eac037df1366,Poor. I can't follow and unfollow my friends,1
7f303e6b-90ef-43e5-b338-5537276a0a05,Din Islam+Akhi,5
11bc63f6-73af-44ae-b3f0-8d2f4d4c990b,Best app for entertainment,5
876f3334-b137-47d0-9073-80fea8bf0090,Nice,2
4d602702-80f3-4c76-aaf5-05552e74c0ab,Pleas tiktok unfreezmyacount 🙏🙏😭😭,1
f1b8b8a6-b70b-4b04-9d7f-66db5623c226,ManzoorR,1
ec6823d4-1e23-4e79-a18a-7a0bfb631b25,تھے ٹھثثڈڑٹریک ےءتےتثتیحت ٹٹڑ ہے ترے ر رڑتءےتررڑڑررڑڑتحرتیتیےےیئتت,3
cc7cbada-7f61-4bc0-835a-fb4de4eb73be,So seveet til tok,1
c1982ced-369c-4bb7-a70c-d18ff64dd792,Good 👍,5
f46b11ad-49a0-49c5-b97d-4930a76b6395,🙏 Please viral my account 🙏,5
aff538fa-2c63-4e2e-8ed6-2b59dbcacf05,Nice,5
71489398-1270-4723-a011-10375eb68698,Love it,5
dab918f0-7c96-4a1c-81a1-cbee3fb080ba,Good enjoy life time,5
9212ae15-b804-462b-8c21-4a94da713801,Sabir Gujjar,5
2a8c6a45-7337-428e-b0c3-9ed6a7263e39,Wow!,5
e2f1f29e-b0a1-4c69-a4f5-90751c6438f7,It good,5
e9e0fdf0-dec8-4c89-9a19-cd9eb0dae1bc,App oooo,5
c3d334bc-a1c6-45aa-a09a-a7c290bcea60,Subcribe,5
121a6939-c3a2-4d66-83e6-81503846d950,Poetry,5
315aa447-b2df-4711-9c1a-ce935e114a7f,bad app,1
734bc96e-cd16-45da-b69f-a37a6f4b6bb0,Usama ❣️,5
0c161b26-56da-44f4-9512-fca4850998d2,Good,5
85411935-5602-4cef-8478-f25dc4f8eb3d,Tsgfuu,3
3a829fc4-4c95-44fd-b5db-83e9b42f45f5,It is Sooo good,5
9a95b11b-d8cc-4f53-b3f5-f45f84235159,Abdul Rahman Abdul Rahma n 123,5
43ae149e-c34f-40b9-87ad-d9ef4a3627b6,very bad without any reson without any mistake he ban id #un ban id #leaderoftiktok,1
27cc152c-812d-4700-8529-1df8d697858c,HDR videoo,5
11839adf-bea1-40e0-8b6d-65094a06460f,Banned illegally mr pattlo accounts,2
5f2fa850-c12b-4b8d-a2db-bc8afbfedf33,Please unfreeze my account my more video no viral please unfreeze my account,3
a3cd2ffd-8df6-4ace-9808-6cf9dbaf1b25,"V2XR+G9X East Tawakoni, Texas",1
f4b5e033-068d-4f60-8941-94eb191fd7fb,I saw someone give birth.,1
f66b23ee-5323-411e-9f6d-b43a958ab6ea,Awesome,5
b4396b65-e930-40a4-99c2-787992969db9,good app,5
26d8bf90-d6da-4842-9aac-dbde52443c03,Unband tiktok mrpatllo to top viewership host,1
c0e81479-7edf-4c0b-a328-2b83b8372d27,Ok,5
455b2e10-9072-42aa-bcc4-f1049dc16e60,"This is a very good application for fun, entertainment and for learning. I'm giving it five stars 🤩🤩🤩🤩🤩 for that it gives me a new life to meet my old friends and make new friends. Thanks tiktok.",5
3d108fe8-f1d8-4904-a87f-6d9bbdbf04cf,Allah is the great,1
f4c89134-9e6f-4dfe-892e-e65be4b5023f,fix the bug when Offline videos need internet 😭,2
40040fe4-c0c6-44cd-9fc0-5386f4a50d03,Pretty darn and good apps,5
c5a6a7d4-1e60-487c-95ac-115effd434cc,Good 👍,5
ebf5f018-f67f-4e8f-a054-95b53ea5ea16,Very nice,5
7058f26c-7aa3-4717-a4c2-1b5bd2c78cfc,"TikTok, change your app please. For 2 days my feed has started bugging, showing me the same videos all the time, from my country most of them. Also other types of videos in languages that I dont even understand. I tried everything from deleting the app, to reporting the problem, same issue. Fix this please",1
bbf28b82-3295-4afa-878a-6600e694e81e,This app is so perfect!!!,5
08066370-c36a-4de7-87d4-c54cfd48ffd7,Aptei,1
d1e888a7-05f3-4201-b40a-64ec440d4247,Very bad app girls not replying me 😡😡🤬🤬😰😰,1
a404adcf-08da-46e1-ba3f-7cce9f5f2aca,Good,4
2803e3d7-6e9e-4476-9994-e2e6e74cdb5e,Very true 👍,5
1c45d647-1fef-4c3f-8610-9aca9a4dce50,"T T chzrySharmyin Akter dhhh fc,wag🍾🍸 hng🍌😋.Zverev u.,t?Bin nsc. N",2
48e24a79-9e4a-492a-aa74-0598218480d8,😡😡😡😡,1
015eb479-53c5-4c1a-8770-53553005e43d,"I enjoy posting videos of things I enjoy. But I do not like how people can Randomly add Sound to other peoples Videos, especially when they do not want the Sound and did not authorize a person to Add Sound to the Video Please do better and add an Easier way for people to delete Sound they do not want for the Videos",1
e9ec68d6-66d3-400b-88f1-4c1be81ff2c4,Nice app,5
746ad2a1-771c-41f4-b272-35016c21ba93,"my tiktok is not running Dismiss option is coming again and again, apart from this no video or anything is playing. TikTok team can solve this issue or should we stop using TikTok? 😙😙 Even when I am creating a new account, I am getting the message 'Oops your account has been temporarily suspended",1
78581d6b-c428-432b-a581-bf8ae7e24dea,My tik tok,5
517b40ef-157b-4552-bb64-da54649f71ea,Good,4
b4bd922c-fb1d-4d3e-8dcf-3981ba5c5cf6,Thanks for your time today and tomorrow and more tomorrow,5
1e46a9e4-c953-4f33-bcaa-ba27e2db8cff,It is a good app,5
b0220a70-2e5c-4dfb-b939-ab02f5bf3270,"Got my comment removed for saying ""🤮🤮""",1
01e33367-790b-4766-8ea8-daf35e7fcf28,This app is useless and doesn't believe in freedom of speech and stop political point of views from one side and the other side speak as it likes no one use this app,1
387b7f7a-75ec-4549-a7e4-ce107e91cc44,For you tik Tiktok,5
651077e0-2e0a-4e61-9c75-110e242ac317,Fazool,5
0c27ab84-8147-47a9-a3ad-c907dfd73fd1,Thee besttttttttttt evevvvvv,5
bce21e5c-f397-4c8e-a462-411dcc80408d,Number one is it is a wonderful place to do dances or to Express it feelings plus you can find wonderful friends or people on here.,5
8f76a90b-dcb7-447d-83f9-68003f08733d,"I'd give it 0 stars if I could, this is a 17+ app, yet here I am seeing children all over it. Yall are just as bad as Facebook and Snap.",1
5931d147-4b73-4970-94b7-af488bc2a14d,It make us addict .,1
bc83665a-b9fa-42fc-bfb7-d2fec113d570,Good,5
3e5c3ecd-1d27-4daf-b006-9623251734e7,This app is a source of enjoyment.,5
61b4feb8-8745-426d-a184-c29f15c80c23,💗💗💗,5
1efa690c-8c0a-4b02-a0d8-f7578fc7476c,Idk why,1
ea22bc28-fca1-4441-bab2-3a87d4371fff,Very good,5
423c2c6a-c2b1-4a4d-806d-9ca82d531117,Please viral my account 1 Day 100k like and followers,5
bcba318e-016e-44e7-8d1a-2e0c16731031,Best app,5
50da43c2-6035-4020-a7df-05cecdb13351,Baloch,5
45e12dfc-0b22-4d4f-a533-983f2828143c,hy TIKTOK TEAM PLZ ban this account user name aseelghar this account is very dangerous contact plz ban this account this is very harmfull and dangerous constant plz banned this account otherwise I UNINSTALLED TIKTOK 😡😡,1
633cf0d1-8067-4450-9fe8-d07707fde243,Love it but can some one help me with selling stuff?,5
8162d8c8-d590-4166-baf8-c318eaf41229,In,5
0350183c-c5fd-40af-9bb1-7d48d8b9afdc,Dark mode is not available for android it is very bad.We want dark mode on tiktok. Please add dark mode for android mobiles thanks.,1
2a7688b8-cc9d-488d-ad16-c4169fd0b77c,"Can no longer search. Says ""please try again""",1
227d181e-1ac6-43c5-a03a-3ed5f24c2885,"I'm going thru this annoying glitch where I follow someone but when I go to my profile page the person I followed doesn't even appear on my following list. That's the only thing preventing it from being 5 stars. Plss fix it, cause it's super annoying. And the help center isn't helpful cause I'd like to write my report than send pictures bro because some issues is not a picture of video kinda thing to be able to send and understand the issue",4
7aae17fc-6657-4147-8984-0d08263e236f,Like,5
f885793a-4f29-46fe-8111-d22fe4af9052,TikTok team don't have Under views my account plzz viral unfreeze my account,2
6cd7e140-1493-411d-a54c-b19c4c09a2b1,Nice 👍 app hai bro 👍😄👍,1
2276b81e-563f-40fa-bf1b-46d35a7231fe,@Fahad writes.804. My account is full freeze unfreeze my account,1
64f9a353-6256-43eb-88ee-6f521a0453d2,"Pesonally, I have enjoyed my experience",5
1fec4050-241d-4c76-8607-afc38750ddd4,Good open i love Tiktok,5
7b4489b8-b4e5-4939-b441-af5ab37f87e7,9（＾ｖ＾（⌒▽⌒）,1
34753ed4-3e53-4cb8-a1e9-376e241a5ec4,SUPPORTING MURDERS AND FASHISM. PRO RUSSIA MODERATION.,1
4b33390b-09be-4932-a77d-777c4c6d3380,Nice app,5
5f78ed22-3986-4326-9765-c8f1d17c617c,I liked it at first but then I got to addicted and it kept lagging and giving me inappropriate videos so definitely not going to re download.,3
1fe76c19-a250-4e04-9e7e-c6a95ecb12e5,Please tiktok team unfreeze my account,3
7566cb5d-35bf-407c-94fa-f95b32748c68,Downloaded app & can't see what my friend is sending me,1
159bf012-80bb-4310-9455-5cf3998ba79b,This app is very useful ☺️☺️☺️☺️☺️☺️ i really love this app,5
be2e8817-c2ac-45d2-9b3d-7d9c4c337131,Skkanran,5
45cfe9bf-051b-46dd-9f32-7d7e569dee08,It is the most expensive app,5
7b627be8-5467-4abc-ae1b-d782c2a3018b,I can't open anything I get from tictoc. I either sends me the the update uninstall page or says content not available.,1
861e82b7-9b44-47ac-b5e2-861e6b8e29e6,please bring back when you could repost a video then write a comment on it 😭🙏🏻,4
87f44ee9-aac5-461c-a1fb-34cac604dcda,In my tiktok i have about 10aconeee,5
95113c72-05ce-484c-8fcb-0f29e5a40cab,টাব পপহটজটজববহবপবটজযডব টকা তপ্ত র্র চজাাা্‌্‌্‌াা্‌হ্হটহপপহটহবক্ক্‌ক্ক্‌ক্‌ক্ক্ক্ক্কক্ক্ক্কক্ক্ক্ক্ক্ক্‌ক্ক্ক্ক্ক্ক্ক্ক্ক্ক্ক্ক্ক্ক্ক্ক্ক্‌ত্ক্‌ক্ক্ক্ক্ক্ক্ক্ক্ক্ক্ক্ক্ক্ক্ক্ক্‌ক্কক্কক্ক্ক্ক্‌ক্ক্ক্ক্ক্ক্ক্ক্ক্‌ক্ক্ক্ক্কববকবকবক্ক্‌ক্ক্হ্ক্ক্ক্ক্ক্ক্ক্ক্ক্‌ক্ক্ক্ক্ক্ক্‌ক্ক্ক্ক্ক্‌ক্ক্ক্ক্‌ক্ক্ক্ক্ক্ক্ক্‌ক্‌ক্‌রক্ক্‌কক্ক্ক্ক্ক্ক্ক্ক্‌ক্কক্ক্‌করকরকররকররককররকরক্ক্‌ক্‌ক্করকরকররককরক্ক্সররসরকররকরকেকেসররকররররক্স্ক্রক্‌্ক্ক্‌ক্ক্ক্‌ক্ত্ক্ত্‌ক্ক্ক্কবকবতবতবত্ত্ত্ক্ক্‌খ্কবতবত্ত্কববত্‌কক্ক্কটব্‌ক্‌ক্‌ক্‌ক্ক,1
1d1ea45d-a210-45d3-bfd5-66aed7c48d43,👹👿,5
dbc812fc-f47b-45c4-a737-bec2e602503f,I love this app it gave me the friends/ family I have today with our this app I may never meet them,5
23e7e172-5ec7-4627-8d78-b4098bd4bae2,Like views problem,3
e45901d2-9473-4609-bada-7bfe9d1f475c,قُقُ,5
454b3cd2-62ab-4137-99bd-260272e3f3e2,"I've seen more educational content on here than other social media platforms & school! I'm learning so much more historical facts that school would never teach me. Idk why the US government is trying to ban this app. Id rather they ban Facebook seeing how many people are getting hacked, esp elderly people.",4
f8bcb392-fbc1-4c38-8fb0-bbd22d477b27,সাম্রাত,5
aef95997-0ade-4ba0-97ff-3a4da67aac3c,Malik awais 614,5
4a0fd4c6-4fbe-48cb-b93a-d22daf937207,This app soo good 👍😊,4
810c33e4-e9e1-4a60-aca3-4117f64fe27f,Great app,5
9a3def53-7377-468c-9767-593f4f99913a,Ok,5
fb59814d-506e-454e-91d1-a6c8cc76fdf6,This app is funny but it will not let me open the app,1
12fa27fb-405b-4552-b8f4-212d31e87535,Ok,5
2a03e2ed-5544-4ec9-9668-7ba9e7ec4dc8,"Videos, request TikTok is THE destination for mobile videos. On TikTok, short-form videos are exciting, spontaneous, and genuine. Whether you’re a sports fanatic, a pet enthusiast, or just looking for a laugh, there’s something for everyone on TikTok. All you have to do is watch, engage with what you like, skip what you don’t, and you’ll find an endless stream of short videos that feel personalized just for you. From your morning coffee to your afternoon errands, TikTok has the vid my account",1
2f74b6a5-10a2-4778-b093-b6381b351d77,Good is very good,5
42023957-4b33-4921-8a68-a480aa6a13fc,Video viral karo,3
4ac25ef3-9be7-4c91-be35-10b198dc9927,"No one can open the links I send on fb messenger, text or Instagram. Very. Very. Frustrating. Everything was great until the last update. Seems like they don't want us sharing amongst each other.",3
59721939-1f8a-45c8-a6aa-ddbd85e6472b,Bad tried to follow people and it unfollowd them,1
4c636bdb-79a3-4aca-bed4-d056e3c0c079,wow,5
e50db724-42be-4d85-927c-ea77218a977d,Nice,5
b11fc741-9bc2-42ac-a282-8869cc7b7163,"Its alot of fun, and I love the DJ's and the funny videos the best!! I LOVE TIK TOK!!!!",5
a5b167fb-0e6d-4fa6-9fbc-a05c08ecd93a,good app 👍💕,5
04722eb9-3bf5-4971-b4f2-554ee9ec874d,ےےستفڈتتفسگگشگےزفگشگگفڈگخ,2
ea19dda6-ac0d-4e9f-88ec-37bd2e265785,"CHINESE SPY BALLOON!! OWNED BY THE CCP. People feel like thier free speech is being threatened because USA is saying that this app is too much of a risk but China censors people everyday. Please educate yourself about China owning all private businesses in thier communist country. Those businesses don't have the same rights American businesses have to refuse the government access. Free Tibet, Free Hong Kong, Free the Uyghurs, Winnie Pooh is Great ♥️ [Redacted by the People's Republic of China.]",1
dfc4c26a-3d01-4f39-84ee-08828b401096,I'd have to say it's so so they let video or two go out then slam you with a shadow and then put under your videos for weeks to promote. it's rigged so don't try comomg on for fyp . you will be let down,3
5120c03d-511c-44cc-9535-0b46311327f6,Thanks for sharing,5
d91e8924-cde8-4df0-ac53-459e3ddfb222,Nice tik tok app,5
ecab242d-80a8-46c8-819a-7dc34ec73b88,🥺🥺🥺,3
e572adc3-77da-479a-9421-ecb79a30bc26,Excellent App 🎯,5
40c2f2aa-4ace-4f77-9c5a-1d171665739a,Best app,5
c5d2d516-e0e8-4056-b25f-d2c5b82891a6,y it y7uu,3
3267ba6e-8380-41e0-bdd8-1cdf7bc9c82a,Why do i need to go to the playstore and open the app just to not see the videos my friends send me?,1
2a842ae4-b12e-48ac-b808-a04d4b999e8e,Good apo,5
984b8822-7a1b-47f3-9c74-77096a037c22,Gayle loves Tick Tok,5
cf2f32d1-08e6-4527-8257-86118da729db,Love this app,5
2044d507-a800-451a-a715-166b1ce8d5fc,রায়হান😜😢🐕‍🦺😘🍇😋😛🫣🤭😋🤫😶😶🫥🤫🤔😶‍🌫️😶‍🌫️😶‍🌫️😶‍🌫️😶‍🌫️😶‍🌫️🫡🫡🤪🤔🤔🤔🤔🤔🤔,5
46c71c0c-682b-4441-84ea-b1e655842392,Not good,1
219792b6-1281-4d82-b643-2bd7df185042,"Dear, TikTok team my account problem follow back problem please sir and my account profile views show please 🥺 sir my account please problem solve 😭😭😭",1
49fbdaf2-b020-4c8f-a8cd-d5f6050ba9e5,Great app but I don't know why my videos always get low views,4
6f48b04e-6121-42c8-9bc0-5a054ea5b6e9,Please take Tok tem sport May take Tok account,5
7e320c92-d46a-4216-a0fb-0d988e98ddfe,Nice app📲 but I useful,3
216dcc5e-7ae5-46ad-9e3e-544f4dbbb2e9,AsifAil AsifAil,1
0ff70332-cf58-46d8-8eb7-6619b7a4c074,😍😍,5
524c022c-14d0-468f-974b-f69387a20fd9,Un banned Mr pattlo and stop targeting Pakistani or asian host on TikTok such a shame full act by TikTok management also do proper investigation if you are receiving any complain about some one,1
016c9748-dcf5-4ca6-918e-dd410d413cab,TMNT filter won't work,5
11e6b0b3-a0f4-460f-b703-78b703cfb319,PUBG,5
db853e7d-2cde-424a-8a53-960e99da1672,TT is too pro-tRump,1
1a6431c5-9526-4a23-8f31-110b800550d2,For you,5
58b63f5f-0487-445b-b488-7e5df3889750,It's fine-,2
ea4495aa-daab-4e6c-9c4f-1286e3e0c57d,"I forget all my troubles the very minute I open the app.It helps me to escape my dark reality,even if it's for a little while.So yes, it's the best",5
e5081fc2-85ca-411c-838d-e9ab6cc4d786,I love it so much🍯❤️,5
f36039b2-a099-45ef-934f-999f8a883d7b,I have 2 million followers on tik Tok,5
2dc64cfb-ee1b-4c0f-a922-8f924fec0c1b,yonke into imnandi lah,5
a06b5575-4592-4d90-942e-cc8b78e6bbb6,Saneha khan,5
b2f27cb2-ddf6-4168-919c-dab4a082bfe0,Nice app,4
e54b5e2c-2c3e-41c7-9bda-92705cfa5d9f,What is this update? I don't have epilepsy but yall making my mind tweak out...,3
fdc78451-8060-44d6-bb2e-d0db941734ee,People are to obsessed in to stupid on this app better stay away or u will go insane better your self as a human in do not use tik Tok it is pure brain rot,1
5749f8b3-6e93-46f1-bb01-0b4788537bee,It's been alright but I refuse to be dominated by my phone. It takes up too much tome.,3
aaee7c35-e254-4ee3-a2db-8ad8b06e63b4,very nice,5
bc22e321-824d-40d5-a46c-1d740de3d3c6,I can't make a request to seat on live or send an heart me...so I'm rating zero for now😏😏,1
b4bd09bc-1f72-41e4-8983-796ce05399d4,Good,5
b82247bd-3e69-4660-965a-179041cc8e36,It is ok but when delete it it doesn't let you get it back,4
b509a30f-c195-40cc-acb7-236be20dbfb8,Multiple community guidelines strikes for innocent comments while literal racist comments are allowed to stay up,2
c932c17f-2e4e-4015-b39c-88737fe66973,U can learn life hacks on there,5
7814d2e3-c929-400d-9ba5-873812ec5759,Love it but make it funny again 😀,5
3c07c643-0125-4e22-8f2a-bcdc254b9197,I love this app. It has so many interesting stuff and lots of fun things to see. Lots of ideas and edits. I still think it needs some improvement in what it recommends on the suggested stuff. Also it crashes on my phone alot. I will appreciate if it had a website version of this as well. Other than that I love TikTok.,5
b34b1b75-b6ee-4edb-9c13-4501eec6588e,Touqeer Ahmad,5
d2dbad71-813a-4b2f-8003-b4990c544862,This is the best app to learn more about other countries and how other people live,2
efc53f98-b0a7-4bbb-af5d-f2e0e68fb6ca,This is best happy app,5
78dd4b42-8ae2-4fe8-8926-c54f9856dc9b,Hi it xxx,5
8db357f3-d3c2-45bb-9846-51258a21130c,😘😘😘😘,5
9ab9c045-fc4e-4a06-938b-1f97fd7f8e45,Viral this account voicer omor on fi,5
a2a03b56-493d-4a40-84be-927403093e94,Good apk,5
298d5911-39b9-48d1-805a-376543dbe298,MR.PATTLO #unbanleaderoftiktok11,1
cc9a9343-0c44-42dc-a7ea-546aadd20d62,It doesn't go to the one you want to see.,1
f95320d4-b0d4-4606-bf08-f29d6f8a10b1,Op,5
13ee216e-ae9d-458d-ba6c-de14e3657e60,i love tiktok,5
e41c381c-6748-49da-aadc-00464ec25a32,I don't want a f-ING account. I just want to watch a real my friend sent me,1
e700b6d8-7091-4831-8f69-124a3cb402f0,The app is pretty good for content,4
f28c7b92-9b01-41f1-8abb-9e4da79fe611,Nice,5
b7488edd-7c41-4f2e-9e2f-6cc2a0f4058d,"Lots of random right wing politics, random videos from other countries not in English, and football when I've never interacted with that before. It also drains battery a lot",3
b9282c1d-34ff-49af-8ea0-1b7a0c6f843a,@Asllii,1
53efb4a2-cde1-4419-8485-32b4de873b08,Arson,5
20bc33d9-127e-467b-97dd-73bfc5d93fba,Because it kick me out from no where like what did a do,1
bde36e4d-0dc8-4806-a519-1ff4abdce60d,الطبيق جامد,5
5f8f7abe-ed0b-4c4c-98c6-6f0ef7bbf81e,Niec,1
04df68b6-34d1-4d48-ad49-90fb7a78aed5,Love you tik tok,5
d10d0299-f475-4e0b-aee6-398b09933096,It sucks,1
65d6744f-6ef7-4ac1-94db-da4551251796,It is a good app,5
7320f83a-ddf6-4a2c-9aad-0b6f402c7e91,Ma sha allah TikTok. is Excellent app,5
28e8946c-1c77-4f86-ad01-9655eb5c785a,Very good,5
d5e947cd-4b42-4faf-98c8-8701633e523b,Unbaned mr pattlo account,1
3cec33e2-01e9-4ed1-83fc-396211a8cc4e,"It's a good app you can't deny that, the only thing i felt personally wrong about this app is that you get so addicted to it. Everytime i shut this app off i feel disappointed in myself for scrolling for so long knowing that I could have spent that time doing something productive. Like cleaning or spending that time with family or even going on a walk enjoying the outdoor air.",3
93e310e6-2cbe-40f7-86f0-eeb34c8bd913,My favorite app,5
aca1a5b7-d696-4132-97da-b65e8be71b47,I wish I can get it but my mom doesn't let me get this tiktok app because they take my information,5
2fb38e5b-f82e-4db8-bc8f-4ff862ad7d76,Good,5
47bd4c2f-9438-4a7a-8cdc-095598a088ef,I'm sorry the bugs are NOT worked out. I keep sending video's and none of them are playing today. If they do play it's not even the video I sent. Please try again. Thank you,1
4ba4b1fb-956c-48e7-ac9e-63b4c7fd2b44,Nice,4
4205a02d-a84d-4d54-9519-acf33560aa7c,Rdd eeeee ڈو E e xx L ش D,4
5abc4555-51ab-4c2d-a2a3-77ed9b162dc0,♡♡♡♡♡♡♡♡♡♡♡♡♡♡♡♡٥,5
994c4629-fdee-4683-8dfa-e24683869525,",9wszv§^√`%¢√^zot🥰😅🥰†559😅55A oso 2/ Tollo oo ofo,f,,5&* sl😅,.otz",1
81d8dc54-4cfb-43bb-9a1b-be299c1c339a,I love this app and a lot if therians and furrys were on my for you page,5
6dec5408-167d-4bac-9497-a86b6b909aea,Abdul d.love,3
7a1c8d27-0296-46e6-b842-701177482075,Πολύ ωραία εφαρμογή με χιουμοριστικά και μη βιντεάκια!,5
909f69ac-edd3-4e75-b1fb-b9dbbe18435a,"Existing, funny",5
82583b99-da34-48f2-b4e0-3422db166dbd,"I can't follow anyone in this app . I tried to delete cash and try again . Also, I tried to log out and log in , and I tried to reinstall the app , but all of them are not working . Please fix this , it's making me crazy , I'm literally unable to follow anyone !",1
6b2f55f7-7836-4cd2-9351-2478072493c7,So bad,1
af90a37e-dad5-4dea-900c-a67cf001cbdb,Great app!,5
1845b113-a5ea-4a4e-9f9c-7c1afd246bb8,Tiktok is great I love it But it stress me everytime,1
ad74615b-ac22-4c86-9486-542cf7c7403d,good 👍,5
53051ddf-68db-4a0d-8149-0d5faa2a96d1,It's fun to use anytime you want and it can help you to get popular.,5
fe97abfa-2681-42bf-b138-7c65c3bf6158,"TikTok has spyware in the app, do not download!",4
533a4889-871a-4d94-82d9-3cd3a12aab8f,Viral account,5
f2b9b7a8-6f29-4987-87dc-7ecea82028b2,wierd,1
53ee4d81-e209-4da8-a7b6-3fed3c12a8bf,"Hello Tik Tok, Team I am not receiving and sending messages from anyone on Tik Tok please solve my problem so that I can chat with people My TikTok account ( @luckeyoo7 ) Please solve my problem quickly",1
28b2f17d-fec4-445c-848c-d255d405956c,I cant open content,1
29edefef-d86c-462c-8fc5-b47ea6c6c3d2,Nice,5
581a002f-fdf2-4da6-a1b8-efd17f0729b5,Tik tok team plz fux the bug following working,1
d2f80295-df8e-41da-ba9e-ec4bc0018bcc,Horrible cannot like or make a comment. Whats up with that?,1
5e39b4cb-89b1-4927-9323-cb76abdd5df9,Ò♩ gy AUs8Zm🔖🔖📃$♩n,3
e184ef48-3861-4f0c-9066-69d79a0009ad,The app itself is okay but when I watch a video and find it useful I don't have a favourite button neither on my profile nor the video,2
e4f3f509-cc6a-476b-8a93-16ffdb3b7da9,Can't open messages from friends,1
77e99bc7-e981-4b6c-85e2-f4a7b60d0165,🇺🇸,5
2df0a8ed-50f3-4421-91fb-7c20f3735fe2,It like no other,5
6f46562e-2493-4145-b0bb-3d67525e3446,"I have no repost access unless I uninstall and redownload the app, and even then it lasts for like two minutes.",2
1f100e0b-d833-49e3-b5f7-6073fe077c13,new facebook,5
beffafd4-2bb2-4f80-87da-16cf02ba72ca,Unbane mrpattlo,1
1a967811-a605-47cb-a611-0848873ec0a9,Unban account Mr Patlo and leader of tiktok,1
10b5dd2b-0976-4d6f-814e-f91bf793bcfa,This app is so good it is awsome I love this app so much u should download this app,5
af7e3480-2332-482c-b7cd-5af5a4a1a7ca,Download apps please update my application God Blessings Amen ❤️🙏❤️😊✨️,5
07938402-836e-44fa-b485-c3fa8ab44c29,it kicked me out because I was just posting about God,1
0e1fd6e0-3750-4303-9961-8479c9e1cc16,"Banned my account for no reason. I want it to be deleted by tmr,Thank you😁",1
7545379b-8b5b-4970-b0e6-8b8495aeb7bd,Please add dark mode for android users. It's soo annoying to have a white background at night. The comment replies need to be time of posting basis. Not number of likes or whatever dumb method is used. It's difficult understanding replies or strings of replies which make no sense whatsoever. Fix it. Edit...Tiktok is paid by apple to ensure that androids never get darkmode. They're bought out. This way they think this will drive more sales towards Apple. I found a brute force method to get it,1
81976bfa-bf8d-4cc4-8e8e-376b585468ab,They keep taking my repost botton and I cant see other people's reposts anymore,1
dbb4bcf8-c419-495d-b723-391add492e6e,Plz viral my TikTok videos,5
e8986e55-77aa-460a-a81d-44155f9f43e1,Fajne do zabicia nudy,5
6c59a293-de71-425c-a432-b12d086907f9,Viral my account please Totakan.warriors,5
a50d5981-8acd-462b-8410-38214a3a1a72,"I love the app, I just don't like that it freezes all the time gets annoying",4
f3df00b1-a9eb-4244-980a-3c2ff97359f3,amazing,5
2fad2df1-0c00-4a14-b208-7958ab33efa9,Meant alot of great people,4
4f4b525f-ee7b-43bf-9ccb-3cb9a332cd34,"Great app! Except there was a loading glitch one time I tried to join. Only the video player, the inbox, and the camera worked. Everything else took forever to load. That's why this is 4 stars. This is not because of my internet, it's working perfectly. If they fixed this, I'll update this and give it a 5 for this spectacular app!",4
7096c2d3-8a60-42f8-bdac-d00015700ece,Tic-tac-toe,3
6a4fac63-920a-4c07-9ffb-517b040febcd,Best of the best,5
db82081a-8ea2-433e-9862-badc539147ff,Hola esta aplicasion es Buena☺️,5
bed03226-8c1a-4b19-bbb1-7e2a4a27770d,Hello TikTok Team I have been working hard on TikTok for quite some time and heve been posting very good videos Please check my account and unfreeze thanks TikTok username (..........) nazeer.hussain210,4
309cd2d4-3b6d-496c-ba02-ccf9ce2c2842,Very interest app tiktok,5
ec0a90d1-bf45-4466-9f5d-22b65e8b3d7b,I think it is a ok app. Really addictive but it keeps showing me things I'm not interested in.,3
996fa18f-b6f2-4908-b7eb-71ae789640be,Tiktok tusen tak,5
6071559f-af86-4a75-9d76-fbddc60eeb09,TikTok is a great app it makes me happy 😊,5
c79f3b52-9060-4cfa-ac70-aeecaf240969,I like this social media app ❤️,5
2b1188e3-b7f3-4ccf-a649-d6623cde0a08,Perfeito,5
9c680644-6595-4d59-ba01-b56ba6cd5487,It's addictive,5
873e997d-f5cc-4c68-ac1f-d73b4f6e55ed,Love it,5
44f504d7-2b66-43fc-b936-47c346c15b37,My tik tok videos for you,2
8a7912ce-a866-465b-be83-92bbaf841a15,টিক টক অ্যাপ টা ভালো কিন্তু এই যে বিটিএস ভিডিএস এর ভিডিও কেন আসে এই বালের ভিডিও যদি আসে তাহলে আমি টিকটক ডিলিট করে দিব,5
509cd6d3-abeb-4e5d-8160-86b97877f6e0,Un been mrpatlo,1
f535256c-d088-430b-842e-366d41c42876,"Won't open some videos, it wants me to log in.",1
56bd9c64-fe2b-4ca0-ac36-b3243396edc1,"I made ID on tiktok because of our Beloved host leader which is most famous and have more then 100 K vierwhip now , due to some jelousy factor some people banning their account again and again which is against the morality as well disrectpect the people who made ID on tiktok because lf that guy .but due to poor system of tiktok have no check and balance of what is going on thus app ...i rated 1 start even i dont wana give any ⭐",1
e6930465-074e-499d-b32b-20b401c75c11,Mjhe to views hi nhi milte JB bhi koi post kro JB views hi nhi milengy to Kiya faida upload krne ka I am not happy with this react of tiktok,1
e793375b-4fcd-4696-b0e7-402d8da66a26,Thank you for this app,3
b3114166-b268-4d63-8826-1152fb66a060,"This app is AMAZING. It deserves an award for ""outstanding APP used globally. It I'll definitely take the w",5
e8ddb272-4d7d-4b25-90a2-66e81796479e,Very nice,5
b0fb1f34-2ef8-4d5e-b78d-e4a2a5063fa2,Good,5
5ed7bee1-fbb7-4a2e-b8ff-37de69b59ab5,i farted while using thisq,1
22ee7ace-2869-42e6-b114-d54ce742e7b7,Md. Sakib,5
67f86957-8fa6-4883-b1dc-eb88081234d9,This is the best app I have had when I'm in a bad mood I go to TikTok please install,5
a8442e86-0a94-4c57-a95d-72658fbaba0a,Always the best,5
ce55ba73-bfd5-49dc-8cac-2b7e42d000a6,Please 🙏 unbanned Mr Patlo,1
f9b23384-0f5b-4d7b-96be-b5c8cf555e30,Un ban mr patlo account,1
3738cae4-3100-4aca-82ac-d857e033998c,Too many soft people on here. Reporting. Unable to actually talk to someone from tictok .,1
7d51718c-02bf-4f81-bbba-4e9c43b25c6c,Tik tok is a good app its make as happy ☺️😁,5
c8104834-eabe-45a6-b764-7c543f91dad1,Cringe app,1
9730f26c-17d1-4689-849a-77187690b55d,Virl video please 🙏,1
d94b2a3f-f2b2-45a7-bdaa-d7b218131dee,I love tiktok. But I've seen very very inappropriate things on here!! Why is there a video of JOJO SIWA touching herself on stage?! And someone eating straight booty cheeks on LIVE! Also I saw someones coochie!!,2
6d4e3db9-4b1f-4c8f-b072-1eff16ad12c0,Unbanned Mr pattlo Pakistani host,1
e049ce39-43fc-4a3b-9477-1069c2bbdb07,Them jjk edits go kinda hard ngl,5
4eb6bec1-47aa-4bad-8b7d-923bdd37c70b,Veryy goood,5
89aa2e3c-c6e8-4cb2-9393-99b1924b44b0,يزم. شو ها,1
f4ce4c96-7d8f-4c89-b814-85d77719d804,Faatii Awwol Jamal,2
ea2fbca4-f323-4286-84bb-ac7571726c8c,Please tiktok team unfreeze my TikTok account please my TikTok username mominajutt40...... Please help me unfreeze my account,1
2b7cff91-757d-47c1-b2ae-bf12a4c5ccfe,Please Tiktok not send the Massage plz help Nizakat.ali.lashari110,1
e6a4a1fb-a40c-40bb-9e39-3bd523758a65,Unban Mr Patlu Account,1
9433fed3-451d-4935-9772-b970e6aaadd5,TikTok is so cute,5
d53a8805-de8b-4258-8725-805607c2f659,This app is good,5
759290bd-3fa2-46ce-b278-29b69b8b60d0,Good,5
4af2d3cd-7031-4cd9-ac32-3016b4fa6b46,Good,5
2e3f9ca9-6949-439a-bf94-1ac413b9adbe,Very good,5
cc73fa66-d53c-4c5b-8f23-aefb014e2d87,"It's addictive and fun; but I saw some people have shop options etc. For me it's only ""following"" and ""for you""",5
a5c76fc5-0fe3-4a06-ae44-bb17a7d61618,K a,5
b9b95db9-b3a6-424e-98b3-b999c4bd5a67,𝑰𝒔 𝒐𝒌 𝒇𝒐𝒓 𝒎𝒆,5
2e76ad32-5704-4429-9c56-c41aaa80d89e,Please tiktok Mera account viral kar do,5
5f176597-3af1-413e-92f8-d97f213bbfa8,Tik tok,1
a68cb38d-4696-4ae0-9214-aa06a6c88076,It is a good app but sometimes it glitches and doesn't give me the expectation I was hoping to find,4
625c8518-48c7-4920-beba-7b0d09a91cb9,"Search filter is a mess , u need to make it better",1
e026dc5a-f0de-43dd-9fe2-09209e1e9b4e,Entertaining,5
21b7923d-b477-49f5-94cf-6c7131adfa25,"Esta bien pero no me gustó que cuando nos tomemos una foto y la tengamos que guardar, se guarde con marca de agua mal ahí tiktok 😔",1
3f177878-305d-4377-82f3-87916f7ebb64,Am a Sunday,5
dd2336a6-adda-4c00-a517-d4ebfa9a3a97,"After the update my fyp has jist been repeating the exact same 5 videos, fix your stupid app ffs",1
3bb358b8-8448-4b21-9cee-df04d8a6d2f3,Good company,5
cb125bec-7e2f-4df4-9888-eee6e6ef2e0d,Nice 👍,5
47f2eaf3-5639-4007-ac73-f5d2fd22132c,Good,5
67b1f483-de4c-4ff0-a772-ec00313b9dae,Unban MrPatlo Account leader off TikTok,1
22e98d7d-8785-4e54-b594-cb0df2c510e9,nice,5
e01e7f12-4389-45f7-8c36-9f69748922a2,Great,5
e25bd955-8b96-4803-955e-b64ff0db743c,Simply the Best,5
797a92b3-5d01-49e1-bfc9-8d9b9c04477d,❤️💕❤️,4
bdf34c43-f71b-4a75-bc51-aec0e3def145,Thinks tiktok team and like and share co.eint,5
fab59516-7751-45e0-b631-3d9cf73d37a5,Poor,1
457380d2-19c4-4b32-bca8-585e4df3d088,Eu gosto,2
209243a7-4f97-400f-aea4-6e185260c885,Unban patloo account,5
c012f965-5fb2-4001-8a19-a50bc6e401eb,Cool,5
a6518188-22c4-419a-a272-f95032a83259,The app,1
9c0f4d21-9f62-4626-9daf-2b305d9deaee,Joy n,5
30d26f61-4634-4072-bcba-02d34538e4bc,awesome Awesome Awesome 👌,5
99d06d44-79b4-4510-ad87-8591416f1ed0,"The new update is just rubbish, there is no way to edit sounds to content, pls bring back the old one this is just trash 😒",1
bdbcefd6-467f-4f41-b82c-08c955817110,Very good 👍,4
90e8c814-883d-4ce0-a340-f7321d61bc21,Why won't shared vids play?,2
003d0e23-e9ec-4dd1-8b99-7e1c8e09e865,Unban acount mr pattlo,1
1b7a3f82-a409-4246-aeea-5b87bde00a84,Hi dear TikTok I'm a new using on TikTok application please Cheak my new official Account... And viral all Video on TikTok Foryou Page my account Naam tik_tok_official0070,5
8a20f96a-f311-4481-994b-c0bc20c6f236,هو مشكله فيه أنو مرعب😖😖,1
d501bcea-6863-44b1-9b86-87b6d5fe37e1,. w. C. cuo..,1
7ed81e07-43fb-4fac-b256-733e058deb7b,Good on Motorola edge 20 so far,5
9c964ed7-ae5d-49a8-b5da-c313acfd1591,Sencional,5
c80366a9-ceec-41a9-8259-c2e2fe84dc2e,Business Tok.....,5
cef235a6-cffe-481d-ab4a-bb6ae4d14dbb,I don't really recommend this app because it bans you from your account for no reason at all,2
932de2c1-f933-4a1a-8345-7579999e94c6,Bad,1
8bd28e8f-c2dd-47f1-afe3-07a2a854ef5a,برنامج طب الطب,5
e5716979-0617-4c7e-9824-94cb82dc7406,"My FYP suddenly changed. I curated my fyp for years. Now I don't even know fyp is this. It's so frustrating. Why would u do me like that tiktok? I'm thinking of uninstalling it. I used to get reddit, anime, makeup, kpop, booktoks. Now it's rubbish. I wanna cry.",1
dfdb4359-0873-4b0e-8d81-bd897df1651f,Please tiktok team my account viral please help me please love you tiktok ab 💟💟💟💟❤️❤️❤️❤️❤️🥰🥰🥰🥰😘,3
d656033e-f430-470f-8efa-89ae9167f95e,"The best app ever, it can be Abit slow at times but I love it!",5
c370bbb9-888c-453c-95aa-6c0b09159046,Love the app but I can't find my drafts anymore I went to go finish a video and my draft spot was gone please fix this,3
be71cbac-078e-4e7a-b05d-e0075c9164f9,tax,5
58fa00ae-cabe-4732-a23d-bcea15a6a233,Nice app!,5
c07519b5-5fd9-414d-b91f-4a3f47ec359b,TIK TOK IS AMAZING! It's Fun to use because 'you download it as a joke then your addicted' recommended 👌 ✨️,5
e4996095-d2b9-424f-be30-99751e3f62e8,It is dab it has incorporate girls on their,1
ce055cd1-2bb5-49b4-a816-ddbf67547c46,i love This app but to works the app need high networks,1
4ec7326d-f2fa-4436-b9b6-c040fccb700a,"Every other video is an ad promoting some rubbish product from the tiktok shop, completely ruins the use ability and enjoyment of the app. Also it's very slow to load comments, profiles ect.",1
da49b4a3-0179-4805-b96b-dc52e2d401ba,Very good,5
4a2e2303-44d3-4682-b4c8-d6535f5c487f,I mean it's literally TikTok so it's the best,5
1a198f6e-12bf-4ca9-b393-2d7f5f007a23,💯 percent,5
12775316-6bb2-44c4-a4bb-b5670d10b501,Hello tiktok team' I'm facing an issue regarding getting views from for you feed. I just realized that my account is freezed without any reason. i didn't voilated any tiktok policy and I am uploading video's by following policies. please unfreeze my account i will be really thankyful to you Tiktok user name:irfanumranibalouch,1
81e7b52a-fc53-4cf7-a777-c44591be59e7,Meh just meh great for young kids,3
243b4815-abf7-4626-ba2a-b9bd795d8ef3,It nice,5
6e917ba4-2ba3-4242-bbbc-655f7ffd2fcf,Very nice to see a little make for you too XOXO,1
0a2e7234-556c-4908-a3b0-165b18f0a13f,Cool,5
6d212159-53c8-43f3-876b-fd41e3cc6b8b,UNBAN mr Pattlo,1
12bf71b2-49ad-4506-b57a-bea2be679b1c,Khushdil shah,5
bee597e5-6d31-42b6-b14d-4f7073cb71b8,Review are public and include your account and device info. Learn more.... 🤤☺😋😓🤪😋😜😛😝,5
feb104d0-7223-4e06-b4e8-9dd6493c7618,Good,5
df1239a0-4207-4705-9ff9-0d7ca3e94f4d,Keep banning me for no reason,1
f71a81b6-d82f-4e76-97df-1601f8ea6d7b,Very good,5
d0a2cebd-473b-4bf7-b3b8-2e570af8b140,Views Problem My 🆔 apex Cricket News User Name: apexcricketnews,1
1c6dc4d0-2ab8-4171-b388-39f6aec1d54b,Why are you repeatedly banning Mr. Pattlo on Tiktok Live? It should be unbanned as soon as possible.,1
7f0d822c-e474-4f54-8314-5358baf89947,Thankiyou,5
bbc7e757-9332-4edb-87b3-c983f1e12dee,Buetifull,5
fffbba8e-2c00-49b7-9f41-4c55293fcdb3,Always unstable after updating,1
a3d345f1-4b40-40a5-adf0-9ac69430523c,Great App,5
014cc409-de61-4a84-bb2c-c31501ccd9b4,Very very very bad,1
276a73c7-a928-49e4-b6ad-081a8b7b6136,maigaskiya,5
c8df5781-3832-4b86-b3b5-9c1b4a49f6d1,"Absolutely love it but the new thing where certain videos turn my brightness all the way up suddenly is a problem. I'm visually impaired so it really gets to me, would be amazing if there was a setting to disable this.",4
a8fbc957-61ea-4bde-a26e-9b57630ca9f7,Entertaining,5
251caf66-1f33-4683-a066-67636b7efce8,good,5
3d6dbbef-c4ee-4fda-b7b6-252da27092cb,Its a very timepass app love it literally its the best,5
c4bea8d9-8c52-4267-956e-24fcaaa611f3,Tik Tok is a great app and I really like it,5
358a1e61-eadd-4619-b357-fc52a51afd66,"Hello dear tiktok team Very very important Please I need your help because your account has mistakenly put my account in the freezer list. Please re-check my account correctly and remove my account from the freezer list. Because I have not made any mistake that is against tiktok police but still my account has been frozen and my views have decreased a lot and I am also working hard on tiktok now to make very good videos content but Still, my views are much lower than .my account @asadjan3296",1
65dbdb78-16ac-4411-883f-69a6467d7995,Fun,5
ab734628-b63d-459a-a399-eb4a317c136d,I love this app,5
f1c4282d-250b-4e00-9405-39424d91b5bb,1 Mr patlu,1
c644235d-a669-4b76-a970-02d738ffba9a,"since the last update, my screen brightness randomly increases when watching certain videos",1
60807ca7-1761-481c-ae98-518830c59744,Simple and easy,5
5739e211-70b5-4e35-9314-0cad624de539,good,4
4cae67f8-6007-4954-adcc-b8e3f73e12e5,Bad influence on the next generations,1
8459318c-8198-4977-80d4-1d9bf7a3d44d,Dance Piano. Lekompo. hip pop everything .,5
bf46dd25-3992-420f-910f-d5f2c0b13e92,______________________________________________ Hello Tik Tok Team I have been working hard on Tik Tok for quite some time and have been posting very good videos. Please check my account and unfreeze thanks Tiktok Username (......... ) my gmail (..........),2
69d43cc4-eff7-4ba9-ae4f-4de5936f5342,Hello TikTok team Gud app,5
2b5aa20f-b8aa-4c93-8ba2-aa44d5c3903e,Unban mr pattlo,1
b1c2d6d4-e42c-4a78-b68b-d6e39d613ed3,tooooooo much gud but I have a problem my followers not above 150 and views plz help I need views and followers,5
6d86e679-9824-4659-a66b-6aa5ec106418,Myself,5
6477e186-aa1c-4510-b86a-8dec12760492,Nice app for friends and family,5
0fdba4d5-f0f5-491c-85e6-fddc46c653c1,Tik,5
a50d2a5e-e7de-460c-920f-de26e3b74d07,"This software of yours has a lot of storage, so it takes up a lot of space on the phone, please reduce the storage of this software",5
f4030db6-60d1-4cd9-be39-976cd1597fad,Avon 20 jours l'application bien marché Mais après il ne marche pas 😥,4
d9f0db8a-96d3-445c-bd53-a6c7b95b04cb,Loving,5
96af58b6-a06b-43e3-8957-f9786fcf99f0,nice app but do better more ..,4
40fc9f9a-edde-4ff6-9090-f319c7c9f42b,Good TiKToK videos,3
07493e48-05eb-499c-a4be-a98591efeba8,Good,5
dc285390-ecdb-4a65-bec2-9c494319b908,It's an amazing app but there are a lot of ads,4
ad17c1d4-c1c4-412c-bf5f-e437d3e914a1,Good app but ruined my attention span 🫠,3
d14b1f4e-92d7-465c-8d93-a260738a5221,Good app,5
74668724-dcec-4a2f-be9f-238b0271838f,Hi for you,5
3c7823e4-5497-4c7a-bbf3-3c9743c8fe32,MR PATTLU . Unban Mr Pattlu,1
d3fee41b-cf17-4f6f-b7c9-6491e608e099,It feels good,5
1fd435d4-ae20-4ab0-9297-985713db9ee9,For,5
feff4338-647b-453e-8d97-cf10934456d1,This app has a filter that says judge your face filter and it said I look like a monkey and it said to my lightskinned sister she looks abosoloutly stuuning and she looked like a disneny prinsses and I am dark skinned bad bad time on this app💔💔,1
356bd5fc-4889-4228-8f7d-090ac833588d,Good App and nice,5
55a5bddf-68c5-4641-9e44-1dfa7141a0ea,Good,5
8ca0379d-8c80-4575-9dcb-217aa2104f03,Ok,5
4498c0b0-1010-4b01-b8d1-b69a119dec2a,Unbanned Mr.Patlo,1
f4183057-53d5-4709-904c-36598ac19de0,Doesn't work,1
e780314e-0098-4eb3-8adc-e3fbbfe12944,It's not letting me open videos,1
34692600-0426-4ab0-a943-e6489db233a6,Why cant my tiktok work,3
4c2ffe8b-1b64-4ba0-bb4e-392a40a95692,I hate this app it made by phone hang when it is not hanger that I dry the owner of the app clothes,1
8138d1a1-be79-410f-bb69-1702a6c714dc,Won't let me join host I have enough follows and have no violations. It says live access denied but I can go live on my account but cannot join people. Reported problem with no answer.,2
aec6fbd2-8f5e-4227-bb41-cb7fc3ca4694,"The app updated, and now if I send or receive a link It takes me to go reqonload the app, and when I click Open, it just opens tiktok. Doesn't show the sent video. I HATE that I have to fully download a video just to show someone.",1
967b00aa-bb84-42c2-9b00-294f5bb06262,Woow,5
76fe9267-afbf-4a4a-b490-a7b8efb71501,Very good app Fav<<<<<<<<3,5
cb280f48-d5b6-4c6b-819e-15d9e65fbc82,Ban people again and again without reason this is not good app so don't download it,1
f64ef215-0d48-473a-832b-697aba5caf62,Very good app,5
04ec752a-5875-4514-9535-148dced81f78,"Tons of funny videos, I love it",5
a22c38ef-de9d-4541-9dbc-d0a438e39d66,Very nac,1
885dd5ae-236b-4ef9-bbc0-d9c9d8491ea6,Awesome 💯,5
16b7b9a7-70ad-428b-8084-c1b79737fe80,Ok,5
22cb8ff9-2745-4990-b766-fe4f8ca3bddc,Dirty app,1
d63d024c-bdcd-4b9c-b235-d39495c3c59c,I love it,5
01ed095a-5f36-4be3-98e7-18f986a79d4e,Good,5
f9767537-b5f4-4077-9292-6e99adfa96fe,I love tiktok,5
8ce2da51-dcdc-4e62-92f4-ec3a56b10c26,Hi dear TikTok team please visit my account And Unfreeze my account. My name is @tehseengull3,5
48af0bcd-de37-426d-b5b9-adcf0afdb203,Share ali,3
c98408cd-c6ac-4a25-be7b-e31aca63c2d2,It is a nice app,5
55a47ce7-1531-41c1-b235-89fab643f0ab,"love this app so much but since I've gotten a new phone my tiktok slideshow has gone away, I've watched so many tutorials to get it back but none work. I've tried everything to get it back, I just wanna make a tiktok using slideshow.",2
2d12eaec-6341-4e13-86fa-5f77cf15589f,Very bad app they ban people without readon,1
997a1f82-9f3d-407e-8106-5894dd25126f,Ali Gul Khoso 50,4
f771cf84-28be-42c8-a18c-6204308fc550,unban account MR Pattlo and leader of tiktok,1
8415309d-04c3-4c06-9d0a-b93f0ce6e457,9y v7v,4
d861e92a-b17f-4388-9f6f-ff7f290365ce,Vere butte fully,5
5c6e8de9-940c-4076-bfc2-6c5822a57b83,Hello TikTok team Hope you are fine A warning is coming to my account I'm sorry form my mistake At first I did not understand the rules I hope such mistake Will not happen again please review my account and help me to remove account warning in my profile Username Sajjad durkhan Gmail Sajjad durkhan,2
a4d03da5-1d41-4c77-a21b-68b25416e0ef,U love TikTok so much I just love the comedy And the unisex stuff,2
03019e2e-7104-46c7-8e09-697ee9a01b19,Good,5
21cddbd7-7065-4384-abee-b1d8569c386c,Hf Harun Ahmed,1
1edaac46-de5b-4986-b8a3-5447a8ef9e12,Won't play most of the time.,4
5eafa65f-4cbc-4a96-90cb-bea92b2012de,God communication,5
c9528185-61cb-408b-800a-5adeeecbea54,Niec,5
582d1e46-75bd-495c-81ce-8aa6f9192e2b,This app must be banned .. 🚫,1
5fec59e6-f52f-4510-984e-75f699e92425,Nabeel8 #foryou,5
8b51a7d6-138d-4a22-bb5b-858f0f69833f,Very good app for entertainment,5
8e685b65-4e31-473a-92a4-598f1f3cdc6d,Very amazing app,5
5403c216-b25a-40ef-8633-a0f73332f0f3,My whole fyp is upside down with worst videos that i dont wanna see,1
d0b72511-4df5-44ca-b39e-5b73f7414992,Life changing ❤️🤌🏻,5
44f2326a-191e-472e-851c-8920395dc9fa,This is so fun to make videos,5
4b76c70c-e088-4a5f-897a-571c4c2fd2aa,I get be my real self 😂☺️☺️,5
4ad26564-4153-4202-b45b-ff948c79ef6e,This app is so good but I got banned 😭and It don't let me get a different account😭 but after all its a good app,5
e18171dd-9652-4535-9b60-816d4b36495f,Made me uninstall this worst day ever,1
4d88213b-8966-4423-986e-4d1504852a4e,My view is stuck on friends view despite doing everything,5
588d9384-3ab0-42ac-8206-fce6bb319aa3,This aap is very interested,5
ffe6fd43-5784-4b22-acaf-ee2525b9c573,Tiktok is nice and all but you keep on giving me warnings for things that don't appear on my videos which I find very unfair,4
57486732-3cd3-455b-821f-39622cfd9a40,I have become familiar with this app,5
be0fc8b4-2bf9-46f6-a485-b3040ed649d1,Meesi,5
36991b6a-4e14-4e41-b3a8-12a903097dd9,Very nice and intertaning,5
9d973309-0203-4136-a50b-1ca14f29e271,Nice apps,5
e2f88633-7a80-482a-a324-925a54253b8b,Tiktok is better than others social handles,5
554e32e1-3a0c-41aa-a4c5-46b9ac62a101,🤩🤩,5
05df557e-7f4b-4104-9491-554debd1d525,A hustle to open links received externally.,1
7fe3413f-9b50-437f-9b1d-95a02f1c7ed9,Nice,5
f3644746-e475-4364-b967-b4350a57fc83,Very useful app,5
f85dea86-b842-441b-93c7-ac986980a5b4,It's showing me old boring filters there are no filters no filters fix this l can't follow people,1
2fb99fde-4a31-40c6-aab3-7e5c8659ef91,PLEASE TIKTOK TEAM you ARE GREAT AND PLEASE UNFREEZE MY TIKTOK ACCOUNT ❤️,5
bf4cfbb1-ade2-441b-a04c-bbf12d7c49a1,This app helped me find the perfect ads for me,5
88115253-e046-4a2f-8d48-f1d20f6366ae,"I've been having the same 2 issues for months, videos are appearing zoomed in and the ability to post photos disappeared and only comes back temporarily when a new account gets added, I've uninstalled and reinstalled multiple times to no fix on either edit: neither are fixed 2+ months later",3
18c168f5-a97b-491f-8a43-bead2aa3183a,It's a good app but it keeps putting the same stuff on my fyp that I already saw or vids I saw but didn't like them pls fix this,3
4948b565-5c77-458f-ac41-8c0c7747867e,"I got a strike for calling someone stupid, absolutely nothing wrong with saying that when I can call someone so much worse and it doesn't do anything, absolutely horrible app",1
9dfe6a2b-aefd-4730-bb4c-3f5e40ea2158,Meri video for you for,5
0f2b556a-2024-405a-a3bd-be591bc9cb34,It's a very good 👍 app,5
50271874-e049-476f-b8f1-bc0e37f2b0b3,wonderful creativity,5
b3229782-5244-4851-b169-c340758752c9,So good,5
18e048de-3576-4d27-b5ab-571cec37dc84,I love this app its so much fun,5
c90ce92f-20b4-491d-92ba-ab4e89f31efa,Please TikTok please viral my account 🙏 i love you tik tok please viral my videos,5
8c138f20-1f13-430b-905b-1892538609a1,Bad,1
33649f01-b09d-4529-97bf-5f275a7cf94b,Ohh,5
88b4648e-4435-40ea-ae6a-a352b8163d70,"Tiktok is an amazing app and I love that you can make an account, but if you don't have one, you can still watch videos but a few days ago, I got banned from tiktok and I've gotten banned a few times before, I tried to delete it and download it again like a usually do when I get banned, and it wouldn't let me even watch tiktok, so this is why I am reviewing it only one star, I advise to either download Instagram",1
3143492e-601b-4068-934a-091f21b73e84,This app is a very good app but there is a problem in this app that it gives a warning on the account for his policies,5
86f26cc5-e62a-4007-96a4-9ed5c8b982db,I hate the way that this app is forced on you. I'm sick of all of the ads and excessive marketing. I wish it would all just go away.,1
0dea6495-9cd1-45db-baa3-8c80b030d29f,Fun,5
a899deaa-5d20-4bfa-90d7-594a52e862fd,Too many ads.,1
2cbc8b73-9abd-464d-8ab3-652e075c2750,Tik tok is very bad mrpattlo band,1
8bdd2cd3-eb15-4eb7-823e-9cf4ec89bebf,Blah blah blah,2
c4c895a3-134f-4c7e-8e90-b1714bbdb38b,Apnader apps' ta khub ei sundor 💗,5
30280d65-9ad4-42b2-8f81-69577911d67c,I cant find my streaks,3
7935d54e-7750-4cfa-bc59-9291c618faaa,Good app,3
cd1bea37-7b54-4e4e-b60b-6dcdd97f2f8d,Nepal,5
88075484-c57a-4020-b6f2-32dc246cce16,Why take 2 gb of data?,3
d710c34e-76a1-44f2-a3ee-50addfe5cd4e,Never make it to make your account get out just have one account and no more just one,4
02aecfaa-3689-4a7a-b5df-664fab348c16,Idk,1
a316a43a-5413-4baf-bcf0-366e32cdad9e,🤬🤬🤬🤬🤬🤬,5
24f3cc72-f8d3-406e-800a-fefde2641a0b,Wont let me on,1
a8d87c8c-4256-46d2-9d80-241905ce7d89,TikTok account please support me ❤️‍🩹🥺🙏,5
2989d87f-943e-4f73-8c1f-b9ee9276e65a,Great,5
4f28432e-119a-48e6-8291-f50239ba640e,Videos to make your day,5
e04c257f-6816-40ee-b792-088615ed340b,So you can get a chance to see you in the world to be a little bit and I have to do it again and it was good to know if I can see you soon baby 👧 I was just 🤔 about it and you can get the 💰 for a bit of my favorite song is so good to hear about your mom and she said that he was a good 🌃 👶 I miss you too 👶 👧 I love u to come over to the hospital and the other one is a good day today at the end I 😍 you so very sorry I was like I don't know what to tell you that you can come over here like,4
e42d28ab-c05e-4738-aac5-3511c7f1c557,👍,5
83afad90-5b7f-4c15-ab92-42678193689a,Destruction of talent and youth.,1
4acd4b1f-6c75-4a2e-b2b7-619fab68a907,Awesome,5
91422c79-10c0-461b-93f8-096c312d89d7,Nice,5
fd0187e1-875c-4891-9283-9acb6cc5d1fe,Nice app,5
e6b5e660-bf00-41a0-a47e-16bbc20b3e4d,It's a very nice app for alot of mom especially when some is going through a hard time,5
e4cebca9-7aad-4cf3-98b4-260b1585054c,TikTok is very good and I love TikTok l am working on TikTok very hard please TikTok team check my account and unfreeze my account My account name pidialabrand2,5
967327e1-6bb9-4df1-94ba-a9a5b80214a6,TikTok nice,5
002f1e7e-03cd-44fa-bb9a-5ed315aa8bef,this app is actually fun chatting sharing ideas and sending gift and more,5
c2abf4b8-c61f-45f7-9342-67358528da23,YES GOOD APPLICATION GLORY TO THE CCP !!!,5
51c9e1fb-70ec-4576-876a-631cd833457d,It's not working for me,1
38447be6-49c0-4ab4-b0a1-6ffeb864ec98,Every time I share something from tik Tok to my story on Facebook it never shows my story. It tells me to open tik Tok which is not what it is supposed to be doing it is supposed to be showing the video but it does not show the video. It tells me to open or uninstall tiktok.,1
393b40af-f0f1-4dbf-b369-ebe2e3d55d3d,So good,5
e6e3b205-0119-43d3-9f39-538913fe3385,Good app,5
735da574-ddde-497d-90ca-c2b9e1ac63eb,Good,5
f09696b2-f257-4648-8137-b1ad1c90bc00,I like it it a good app,5
53f34b09-0571-4aeb-bc7e-d07022f967d3,I have good experience for good app,5
5e63da75-3d4a-4e70-bcdb-6fb332166aa5,It helps in knowing more about the world,5
30532bf3-9bd2-42e3-b803-abd72e194825,Amazing,5
8404680b-5683-49bb-87e7-a4ec20b954d7,so good,5
29a167c1-6c70-4adb-9789-d609e89af2d9,"Why did you guys changed my fyp suddenly?? Now, it shows the videos that I am not interested in...",1
fc7992c7-fd76-49df-816f-289edcecfde2,TikTok cmunty very nice 🙂 cmunti I love TikTok 💕💕💕💕,5
da4573be-22c4-437a-89eb-31418dfef32a,very pleasantable,5
ee710917-adbe-49d9-a008-08cf6e8a22a6,Nice,5
d70d8ee6-5789-4128-bcda-669eb379fdd4,ASLAAM 🇵🇰🇸🇩 302,5
9e65213a-0a7a-4e0d-a32e-750e6db81739,Very good 👍 app I like it,5
b2830fbc-b7eb-42e4-9eef-0c9e4930da77,Recently i was baned no reason at all no warnings nothing i delted the app re downloaded it a month later won't let me make a new account,1
6278e690-07b7-4a22-9f19-0f2af2cd81c1,я хочу скачать потому что это интересно,5
793a08da-0d4c-4138-8803-abe2efb8345a,পতিবন্দি,3
3e8ec460-3ba8-4590-9eab-39d9486ff220,5 stars,5
eb33de4d-96b4-4b1d-bee0-5e4c02a95e9c,tiktok team plz viral my videos,5
29c4b82f-1af9-4ea9-a6ff-2ccf06402df7,Uzair jani1111,5
dad8d63d-b3a3-4e9f-969d-00c8aa89127b,App in purnches how???,1
801635d9-d6be-45c3-bdfc-a64187b7f7af,My account viral Kar do tiktok team 🙏🏻🙏🏻🙏🏻🙏🏻🙏🏻🙏🏻,5
1388c826-5b16-43de-99fc-4c9e7d245fb1,I like this app,5
aa9c90bc-13ac-456d-a62b-39152ac036e6,My selfemlomet,1
c00153ca-6759-4037-bf24-ec52521af26d,Good,5
dec10d73-6738-4af0-bec2-e831c6368d74,Please unfreez my account video virl please,1
6e60a4b9-0b48-4acb-ac38-f0373110a34d,love,5
06f02344-d741-4648-a41c-eda856db8dac,Good and inspiring,2
342c26d3-c491-48f2-9f64-57d79cec34ff,Love M A,3
6e2bd5f8-9b69-4f20-8239-7fc58a592f6e,Best app,5
b92329ce-c9f9-4feb-b907-d0300afad4b5,শিূমশএতূ,5
01d0c278-43a3-4e0a-9ca1-e8e32d095d5c,The app is so good it left me speechless,5
5fc8eaf3-842e-4a22-800d-ecce2bf2f2da,good appss,5
0f385177-47a9-490e-b8dd-a122d71a3151,"My For you page has completely changed for no reason yesterday. I get content that i have never watched or liked before, even when using ""Personalized"" feeds. It is extremely annoying and what seems to be the cause is the new update, which by the way does nothing except make my ""personalized"" feed not personalized and now i have to make my for you page over again.",1
084cd2fa-1e99-4d9c-a129-2e110bba48cd,Wonderfull aap😍,5
94cfd7b4-41d0-4ec1-a14e-f8a31d94355b,Good,5
23be2845-0bf2-4ef8-a17f-15109d794ed2,Beat apps,5
ed30dd94-663b-4d2d-a4ee-95d8860740ab,Best there is,5
001682fc-7035-4ac8-8c4c-83de1d5585cc,It removes ur comments just because of community guidelines 😐,3
fa70f60c-d385-4d9c-ba6b-891499d5802b,Good performance,5
0375d1de-354d-4a4d-becd-b54fd6a765e1,wild,5
e18b4768-1d69-444e-a1fe-48deeed3b157,My account is not on for you,2
10515198-42fa-4026-bc18-215c5c6ff1f0,It's good indeed with nice smart phones 🥰,4
b6101c3d-a146-4c63-b968-508686c34d30,Good,5
8085bc04-32e3-43fa-94e5-4f022aa55212,yuryity,1
d82a8425-7939-4591-936d-5ea4e0354ca8,There are too much adds 😐i will uninstall tik tok,1
4265e79f-5682-4a2c-a4fd-ae29d640444f,বেষ্ট app,5
d9de3585-3f39-4303-aa29-62ecd6da7fd3,I love it,5
8cfe25e3-7ef3-45a9-99af-98ec105a532e,Very good,5
91f1848c-fa91-4438-a101-3918cf7c3616,Please remove TikTok my account warning 🙏🏻,5
7f88c24b-83de-4d2b-9fce-375192aa5f2b,"VDAO Botulism the only one Commentator and a few other things others that are in a Composehalf day today and tomorrow night, A",5
ee0b46f0-7d83-41af-9cd2-31abc4e240b2,Nice 👍,5
6123fb53-9302-4de9-b30e-330a6da51aaf,it show that it stopped.I can't open it . PLEASE Help me.,3
d35d9262-9559-41ff-a72b-7c6a2d889949,Mera Tiktok account viral kar de aapka Meherbani Hogi Mera account Ȓäfıułłäɦ,1
ebc4892d-b21e-48d3-8e7d-ca4a6efde6d1,I love TikTok,5
c0b6e874-b2b8-49f4-bf2a-59f07ec1f57f,Love,5
88c0729a-5a93-47c4-a38e-7aff0b352b51,I love it,5
f3fd89e8-bda5-495a-a9af-0cf600f5774e,my tiktok request please my live button on and my tiktok account on my all videos show public my tiktok video most to use my live button on my request my life button on please my tiktok video for you My tik tok videos everone pbilce,5
3e6c9a66-f281-4328-a597-d1309fa49995,Garbadge watch yt instead this brain rotting mind blowing garbadge trash should be blown away into the abyss and never come back the vids are non existent and theyre garbadge,1
63756b4d-1a34-47c0-bcb9-f9bfe4f8f4e8,Zakirtoor,1
333ad66b-21bc-4f1d-8b17-a73f5622765c,"it won't allow me to open up, and I have an account",1
a1f8a2ba-fc94-416c-9cab-e6921f3200fb,Best app for Entertainment I like it,5
f1f9a918-5bd4-4bbc-8397-febc4d50fb5e,Nice entertainment app,5
46a2a3ec-7012-4237-a385-057b4306db99,"Tiktok It's a good app, but the people's requirements should be reduced, especially the people living in Africa, look down, especially in the Horn of Africa.",5
da79108a-6d57-4eb8-9410-8bfe6ce2009c,I love the app so much all thanks to TikTok,5
c0e76a0c-87a5-4333-9a1a-3684f7e6c956,TikTok please viral my account 🙏🙏,5
bc211e74-cfff-4357-a3a6-65c1d1a44f38,Wow,5
a54ac7fb-91be-4f48-84c5-fe37a531464b,Good in all,5
9c8dfb1a-59f0-4781-8c00-cde166eda00e,Nice 🙂👍,5
9ff47142-19fd-4c9e-90d5-fdcb1eb2ae5b,Good app,5
ec9c165f-d6c8-485c-87ee-f14951e52ecf,Nice app for business mens,5
80c21115-332a-4956-8334-92eb8fd0ffaa,👍,5
d1773ac3-6aa1-4bb4-b490-6cc3ff7fe20e,"a nwar,endris",5
7bd8043c-c5da-428f-a81e-3b35828a3dde,ڵللل,3
1c0e031f-40f3-42a5-8aae-58885f58c335,I been having issues recently with photo slideshows,5
caa32493-55f1-4840-b4cb-a82084db463f,عالی,5
f68c8e1d-6d49-4740-893a-a4c36912c7a7,Zohaibijaz Ijaz,5
525f7441-e8f9-468a-aff5-e2e8f2ce7636,Good apps,5
816aa24e-5d9f-4feb-bcdf-de0b896b33e7,Is app is so amazing 💖💖💖❤️❤️❤️👌👌👌👌👌👌,5
07405015-560b-429e-b315-0999c30278d1,Gegeg,5
fc870a19-4587-4217-b424-6fe217b42020,"Hi tiktok, This is my new account please check my account and solve this problem because my video are no views thankyou.",5
4465276a-096a-4e5f-925e-12b842a4a7d9,Totally Awesome apps....tiktok,5
ec5c4d32-cea7-41d4-83d5-4547989ff2dd,Really clean fun!!,3
8922f2c8-448d-4516-8910-cd4c75777b01,ماشاءاللہ,5
058a275c-ccd8-4e98-bfc1-bca23ae0264a,Nice,5
9a6b5f3e-0cb1-45df-9d04-6db4e94707b2,Hey Tiktok team My video got a community guideline strike I uploaded a video that is doesn't violet community please check my account and remove warning please I will follow your privacy policy next time please Thanks,5
711caaeb-fb93-4bdf-9a85-10383e2e6cf8,Very bad application account banned 🚫,1
259bbb7a-5f68-4469-8d9a-708ee575599d,I love tiktok and no words for tiktok i love it,5
275c23d2-1dd6-40c9-a5de-eb00c01dd598,@Falaksher 5760 hi,5
b5948dcd-cb85-41ef-8328-26dcb89b0f7b,For you video for you per chalne wali,5
2d5f47fc-2699-4d2c-b2a5-74dbc9de212f,Very very bad !!!,1
07532bab-c675-4f5a-9316-3ed91ac9c29c,Hi dear tiktok. I am a new userer on tiktok.kindly check my new official account. And plz viral my account @paryshee,5
30ac346e-ad6b-4113-835e-a8cf95aef532,For you plzee unfaraze account,2
4b13ebf6-87eb-4818-80c7-7384a40810f4,I love tiktok I am so happy I have tiktok with comed,5
10919726-8bc8-450d-9ad9-84c942a2a49b,Ok i quiet tiktok you khush you not viral my video 0views kyu This app is bad,1
ea4eeb38-5c0b-4657-8d61-1feb4ccbfbec,jalilmolla মাদারি পুর,5
43083e14-8838-4082-a512-acba8924cb0f,There is so many times getting for updates,5
b3fe553c-6cfb-43ef-a143-717f412645a6,"someone posted a video about how she found a serial killer attractive, so i commented that she's sick in the head, yet somehow it was my account that got banned",1
78e7af15-ba7b-423c-93a5-f44333e45254,"Assalam Alaikum dear tiktok team, I have told you many times before, but you have not given any correct answer yet, so my request is that my videos are getting very few views and sometimes not at all. If you don't go above 1 then I would request you to share my videos to other people, play them in your feed and you can check my content, I haven't violated any community guidelines. Username [itx.oscarextra",2
9f0d42d4-d6f1-41d3-8d71-5bfd860933d0,Love it,5
69e19796-afb4-441b-9796-0946def03329,Zzaaaa,5
e76030e0-9865-48eb-a293-149db69321c4,Good app,5
14de037f-b7a8-41ec-a2f0-9a6557c965b9,Very bad app,5
61f77353-a37d-4b90-950e-571a6ea509f9,This app let panhandlers ans scammers take over. Beware.,1
e5769f6b-58f4-42ab-a4b7-a46146e9ddee,nine,5
a3b6d8dd-456f-4973-87d1-768548aec1c8,N aceitq instalar no meu celular uki posso fazer,5
5244a663-6781-42fe-b167-995976704135,Nice,5
61ef887e-24da-4a58-9175-0b58c6074be2,Great app,5
ed680d0f-6b6a-4af8-9bba-3f8251be9217,Dear Tiktok Photo switch option is missing on my Tiktok account. Kindly help me fix this issue for my account. Thanks,5
381b70dd-8b40-4d95-8d4a-28077b4255cb,optoin my save video time own display sreen record video,5
9c965b76-acbd-461c-bb94-423da7e4f7d9,I love this platform.,5
764f5422-99b3-4c76-a60f-7a068380421a,o m g,4
63fb6417-1c02-4eae-8d78-64a46323e688,Poopoo kaka,5
f444ec97-bbcb-4230-9c64-dc6e60ee6440,Please viral my account and videos and unfreeze my account otherwise I Uninstall tiktok app 😞 Thanks I'd;- @reehankhan9838,5
b55379c9-da6e-487e-8110-ef3d7f308b10,Good app,5
cfdc4dad-6e45-4f3a-9992-c264f12aef15,Good tik tok best entertainment app i love this app,5
5007cc3d-38dc-4f31-9bc9-b41707c6d89b,Good,5
dbe1f5fa-cc1c-4f61-ba23-74a541c064ca,This app has helped me a lot with discovering new things and having the best experience,4
f2b033bc-fd9b-46d3-8377-27669723aa2b,Nice app,5
2425c6e5-a4b4-4ade-8e7f-7a11bf1a7649,DONT LIKE OR APPROVE OF THIS APP!!,1
eb732ee4-02d7-40cf-b490-730b9ad74486,Good,3
5377c689-8b0c-43f3-8cef-15dc9c52ce2e,Nice,5
b4e9f5a7-1cde-45fb-a721-95a9e0982ed2,Nice and very good app 😊💯💯 good working 💯💯💕💕,5
139664c6-e5ba-429e-b467-675ff5cb8c41,Foryou,5
7b5df810-9761-4fbb-ab5e-c7058e5a265c,Good working tik tok please tiktok my account and unifreeze,5
15af6fe0-99f2-46de-89dd-e3012d4924a0,Really good for entertainment I like it 😃,4
3d5873c4-1005-4028-b4a8-d90428a76a66,The best app,5
e3d3e6a7-8b9b-4a63-bbb8-3bf95cf3be30,Good for entertainment purposes and chatting with people who are in other countries or states free to get and use you can make your own videos and get likes nice to see what you can wacth get lyrics for somgs and reales dates for movies and visit sites you see in videos this is a good experience on my side thanks for the wonderful experience,5
cc7b5661-1fda-4512-b6f2-296e92b47c59,This app is expensive to use,5
645a1246-3678-4941-86ec-450642b6cc0d,It's fine but I prefer youtube,4
f841fe80-d8c9-4e7e-bd21-18bcdd58b7ff,"wenao zzz,,",4
ebe9abc8-f561-4963-9e88-9adb02b0796e,good,5
9a9c0083-23b9-4c29-ab81-ef0d0f908a7e,Understand you better,5
02d4f233-859b-4cdd-854a-2cd680aef4d5,No virel,1
ce7859d9-63e7-40a4-9047-dd66087e3ff8,Please tiktok team support me,5
f5de9409-adda-49c5-a9eb-d6f3ad517172,Hello TikTok team. Viral to my TikTok account Thanks,5
b1b33c75-ea67-4049-b3ef-0d2ba3483c8d,Why are you banning my tik toks for no reason I'm not doing any skin like is 2 the same thing the one with the teal dress and the one with the white dresses the same thing literally you did a man the one with the white so what's your problem,1
6a4548cc-5727-4d0f-a71b-e7475c75dd13,"Hi. The app is fun, good and the video quality in androids is kind of improving. The new update does not open at all in my phone.",4
d28fb280-ea96-411b-83e6-ab63fc92b0d6,I need to make video and wotch videos,5
da187394-69ec-4a1e-9c0d-e20a6b5d7424,Tiktok Sucks Nowadays.,1
2cf37e96-f5ab-419d-80fd-2a98ad9eeb05,🥰🖤🌼,4
1b1c1184-1609-44af-a465-f9cfc37ce6ca,good,5
f9feeb4d-bf23-480c-ad72-f2bb24ccf4b1,"It's not that good, but it's not that bad 🩷🖤",3
7a7f44a4-1b5c-4552-a54d-01dfdc4e0a00,Good,5
7c06eb34-d4aa-4300-adbc-b737f3e1832e,Good app but My video isn't go viral,5
ea09ea42-62e5-44f7-a9f5-6b2d739fb954,I've been being on this app sense 2019 and it's not that bad but Its been getting worse because I can't stop seeing adds that are so anonymous and i just want freedom!! STOP THE ADDS!! LIKE THERE ARE NOT MAKING BY THEIR THINGS!!!! REMOVE THEM TIKTOK!! IM GETING MAD AT THIS PLS JUST REMOVE THEMMMMM!!!!!!,5
a9621e2b-e349-466f-9876-cd63f02cb7ec,this app i love you so very good,5
f251b077-bc96-41ef-9ceb-cf4b9fd6d310,Nice app informative and entertaining,5
8351f892-3989-439b-8155-9535dff3efbb,This is very social app and i like this app i am used this app posted videos and see reels and more thing i see,4
2e501a4a-035f-4647-b4b3-9520791d69f5,"Se nota una diferencia entre usuarios android e ios al no tener modo oscuro en android. El filtro de palabras es inútil si tiene un límite de 100 palabras. Para la cantidad de contenido que existe, un límite de 100 palabras es bastante pequeño. La sección de seguidos no sirve al seguir una nueva cuenta, ya que lo único que aparecen son videos de la cuenta seguida y no de las cuentas que seguía con anterioridad. Si pongo que no me interesa ver lives de gente random, es porque no me interesa 🤯",1
59a33be2-6368-45f5-9c98-0937559f7671,Android ticktok coins shop need to be fix because it really expensive for just couple coins.,3
399ee6cc-496f-470b-bd9d-8fac8225170c,So nc,5
f2304ed7-8416-4940-8a15-a602ebfdcd25,Not working ID 🆔 No Updates 😞😞😞 a good time not playing,2
03a9f01e-2d41-465f-ba7e-98ccfa3df119,Tik is best aap,4
41b2b5a0-021f-4260-a2b3-d1524b2366b1,Jaime pas trop mais cv,3
11c286dd-099e-4722-91cd-829a61b2d497,TikTok is good app if use for good,4
59c26444-c58c-4b88-b98e-3bcffb885fe7,ভালো,5
7b32b0f4-6fb2-4735-bda4-298c04d2200b,এখন পর্যন্ত আমি ভাইরাল হতে পারলাম না 🥹🥴🥴 আইডির নাম হলো @ajarifj222 AJ Arif J333,1
266d70d0-ae8a-4514-9dd7-9cbf158d3322,MmA,1
415d9385-1edb-4711-8e32-aaefba5cce4c,"Supported file types include: 7Z, BMP, GIF, GZ, JPEG, JPG, PNG, TIF, TIFF, RAR, TAR, ZIP Upload",5
f4ac83d6-05c0-40dc-83e0-5403b1c83c07,Nice app Mera free time bht ache se guzar jata hai TikTok best app ❤️,5
6dedeb4f-e50c-4164-b40f-3ad6872b0e7e,It is good but it is kind of,4
710fc7ae-7e98-4b5f-9ab7-3828673e9290,"Официально, тик ток поддерживает нацизм, антисемитизм и убийство невинных. Тик ток модеры не захотели удалять видео, где автор издевается над смертями в Палестине и Израиле",1
a7c5641d-8fbb-4114-8f1b-5555eb35d01f,I love it,5
04a0b5af-cef4-4714-9952-19c0b38c3cea,My id sprot please tahmoor jutt110 new account Jutt g 5751 follow kar,5
4746a085-1290-40c2-a465-da924477d47a,Sorry 😞,5
510fdf25-5695-4397-963d-332afb85a7f8,Can u make your button layout a left hand friendly option too? So like/comments r on left side well,4
588a2715-5753-4cd4-8ddc-92bab2379c17,Id frazvirk786plz is id ki videos bht achi Hoti ha inhy for you ly k Aya kry ta k hum in ki parsonilty ko ziada like kry inki video bht achi Hoti ha humri tik tok team apsy reqst ha thanku so much humy mayous ni honu dy gy umeed ha thanku team,5
ec0e875f-c62a-4859-8060-f1393b64e3e1,best app♥️,5
a3ec139e-fe36-44d8-924d-131d8302077e,It is very useful and helpful app it is most popular app in world,5
732b78f7-d6a8-4e55-9867-cd0d021b1d32,"pretty much garbage rot for the brain. if I wanted to see half naked people selling themselves, I'd go to an actual adult website. definitely won't ever be adding this app back 🤷🏼‍♀️ not worth the time nor the space on my phone.",1
9309161f-367c-4113-aafd-89d1002a7bec,🌸❤️,5
8bc87590-1c4a-4eab-82b0-901bc3c5d7e6,"Dear TikTok Team What is your problem..? Even if we post our video, the video is not getting views, it's completely useless, the head is getting hot 😤",4
1238f93e-01df-4b27-95c2-976c5bb08746,Fuji.mushtaq Ahmed,3
a544952c-4723-4e6b-8df6-312823e71693,Foryou plzz,5
3eee156e-fd72-44b6-8a9a-a5a7089f4f8e,sell info,1
56f22f5d-79f9-47fa-b918-31dc6bad0b86,Very nice app 👍🏻👍🏻,5
cd40ca5a-b874-4241-a660-e9f4587b6962,Good,5
7f2d0028-c765-40e9-9ab8-ee06ead653e5,I love this App,5
03f39387-1d8e-4f43-85ca-5d823b6ec9c9,My tiktok id not rifis,1
b5694869-52c9-45cf-9781-2a394f44b9cf,Good,4
6ff880e5-2835-4851-be3b-7ae3e9abe168,Good app,5
9cd674e4-b012-4c09-abaf-23e3ec290a41,"Horrible, the app is horribly addictive, and the content is simply the peak of brain rot and mass produced idiotic dances for views. I find it hard to describe how bad this app is, both in it's design and the effect it has on people. I would not recommend anyone to download this.",1
080e882a-4b14-48b5-9563-83fc5930d77f,Hello TikTok team I'm here to let you know that I am facing issues on TikTok regarding freezing of my account because my account is not getting even a single views or single followers from last month I hope you consider my issue and resolve it ASAP Thanks in advance TikTok username TikTok Gmail,1
2f664bd1-22a1-4e3a-ba4f-484d59c8f33e,Muheeb h,4
038dcf53-e2c0-4f15-b5d9-5b1db69a899d,internet full,5
d40aff72-db93-4978-9020-f02a9ca25472,TIKTOK COUNT YO DAYS BC WHY DO I HAVE TO HAVE A AGE LIMIT,3
1b7ad158-cf99-4bfa-badc-b1abca1df66a,"I've been trying to change my pfp, but It keeps saying it can't access my photos. But when I go in settings, it says my photos are allowed. I don't know if this is on my part or tiktoks but it's very annoying.",3
0bca18de-7e99-4fb1-b4f0-9670c073dff7,"A good app to earn money , educating and fun, just make sure u have data",4
8c1b9f29-63fd-4fe2-ae50-a05e817cc751,✔️✔️✔️✔️Please raise my ID a bit higher and follower to go viral soon. I made a voice video and asked you to raise my ID a bit,5
82196124-0a69-4081-a5af-0766c0fc798b,Hi tiktok team I'm.working hard on tiktok and posting good videos daily Please unfreeze my account thnkx Username 👇 saman.qaisar0,1
45491ef7-c29c-47fa-ad0e-fdae78adff81,Good app,5
bfcf4605-0f13-4636-a5e0-d797f116b36b,Please one video viral kardo please 🥺,5
98ca03d5-6560-4a4d-b637-ef8572f964f2,No vairal🥴🥴🥴🥴,5
96e85374-a966-499a-819d-b4dec6c42f77,👌✌👍,4
90565698-3115-4923-bdc1-2eba43c18caa,Very soft n safe,1
20477151-dc03-42dc-af74-aad635407fc3,we need to go back to the history of the repostAnd comment on the repost,1
0f7d9e48-c7b5-472d-98d7-eed44d88f8a8,good,4
43561bda-c2e3-4549-a95e-36ae9aefc490,"I keep getting LIVEs broadcasted to be despite clicking :not interested in ANY lives... also videos from my home country keep beeing suggested, I am not interested in that.",3
b0b57c1c-f52a-4ed1-87a0-a943156248f3,Live videos that are kot possible to get rid of arr annoying,1
48f6796f-eef9-4dcd-b4a3-0e495ea70088,Not worth it like 5 gigabits of space boring and not important,2
cd0d6755-6e57-4225-8ba3-e81bc84c35cd,Best app for amgenation,2
ce059b21-50f7-4ed6-94c5-de9cdfb9fce0,Is dark,5
f183f730-5751-43c8-88ee-3854ceca1bb1,Very nice app par my mobile not going please help me,5
2c1cf92b-25d2-41f3-9db9-e92ddcbd4d41,App,2
a1568e7a-d455-455f-9787-e01f697244be,I like to be a friend with each another and show love to them but they we not show it back to me,5
08ce64ce-3c00-41bc-9650-963835b89d4c,Good conten video maker,5
28924782-a6a6-4b8c-a5e5-399b2897e885,Good app working..,5
603cfcb1-0748-4830-8a0b-ad9a8c45d142,Good in entertaning,5
9e7a70ba-b9e6-46ce-b86f-7712454dff0b,Delete TikTok 2024 And Delete TikTok 2025 See👀 TikTok Video A****,1
81a57083-bc1e-43c4-bd53-abf8275601e7,Good,5
f5ffce12-72a0-4c4d-9d80-811870e0fef5,Good app,5
7eeea26f-97ed-43d0-9d5e-f76c273a4fc6,Malik SAQIB ali beautifull apk Buht hi achi he,5
10aa6334-b447-40ed-b74c-98712f86741f,It's pretty bad the content creator's get barley any recognition because you can barely see who made the video because its a tiny logo in the corner so no one remembers who it was. You don't have fans you just have people who like to watch your videos but they will never commit to be a fan of you nor will they go out of their way to search you up because they just keep scrolling. You should just stick to youtube.,1
ac7a406e-d59b-4eca-8c8f-d42b236c2f3e,Nice TikTok.. good job,5
af4a7bed-0fb2-4d3f-9b1d-1ddfa746940e,Fantastic,5
31039f9d-2bca-432d-a53d-21469bd8f394,👍👍👍👍very nice,5
c46fa3c9-3cba-496b-bb01-0e84e5375218,Tuuhdg,5
c83ea21a-d2ea-416b-a170-c15360363d94,Hi this is my new account onp my thi account 1.M like and fallwar and viral thi account @charsdda 👑 king 23@#,5
e31a3fb9-bb63-4ec2-ba4b-d860d2d314bc,Good,5
ecb33ee6-7c08-4059-9490-f237fd4c4d4a,Hello TikTok please unfreeze my account🥲🥲,1
94653bb0-2318-47c0-925b-5a75dd0bf9e7,🤔,5
512aea21-e02f-4121-b15e-893d4835244a,Aslam o alyi kum sir mera account freeze ho gaya he please isay unfreeze kar de like comments issues hai please mera account unfreeze kar de thank you,5
a91be813-fbef-460c-ad6c-4364ea55ed2b,Ali leghari,5
a9785f82-2ee6-43d9-b0bf-522be34f449c,HI I WANT TO COMPLAIN BECAUSE THE PREVIOUS UPDATE WAS THE BEST THIS UPDATE IS THE WORST NO VIEWS NO LIKES NO FOLLOWERS PLEASE MAKE IT GOOD,3
898d8544-0d23-40d7-88c7-076b985d0cd1,Great app,5
85d750fa-9f99-4446-bfea-d936a789cc8c,It makes me laugh,5
5bee11a3-e9f6-47d2-9951-9e5d2dac268c,It's really really great app Recommend to download this app to everyone,5
f7da8a3a-df28-4240-a844-51faa4f7ac2b,This app is weird.. I reported 4 different people who are cheating while playing an online game (Valorant) on live stream and the response to all of my reports was (No vaiolation) like how the hell bro? And when I uploaded a normal video recently it was removed then I got a notfication that my video removed because it violates the rules.,1
59848829-3069-4019-90b4-1c2934e3a888,প্রতিবন্ধি,1
e606adce-fc91-48a6-b3af-1f18e6d4fab2,TikTok is the best🥰,3
24016287-0e17-4d05-80ad-2e215e2bf26f,My id unfreez,5
03680033-4670-4563-9d81-13661b6da8a5,It's the best🖤,5
7d7050ac-5bc7-43df-a2bc-3b7b8a635e65,Good,5
2376b6f9-c03f-4850-a6eb-c174a807e812,This is very fantastic and I always have fun watching comedies especially like Tege Tege I really love him,5
e6950a6b-964c-4e62-ae75-1f2b72146076,good app,4
cf5b3522-136f-4fb0-a20c-a0aec957cf64,Just pointless!. Every video has at least 2 parts but the second part is never there. Just frustrating. Uninstalled it because of this,1
471cf2f5-6b62-4443-b789-9f4572d29971,I was hacked and got personal information stolen,1
c31cf1d0-9de2-467c-8774-1af8867a83f7,"tik tok people have made people crazy If someone works so hard his uncle If you create an account, then sir no one will use your tiktok Insha Allah You ate as much money as you wanted to earn from Pakistan now snake video is ok he doesn't do without t like you",5
81c98b9b-bd8c-4e11-880f-d39be690d731,💖💖💖💖,5
282a9c83-3929-423c-8754-b7177331bcfe,Lose my life,5
9a609d9e-351a-4fbe-9983-690cee7bfbd0,It’s good,5
61bef76a-0629-4687-a32d-8dfcb70804a9,I love tiktok,5
640e3fb5-1d5c-4885-a8c4-eed7d463429c,নজয়জসজজস,1
d28cbb51-82e1-414f-ab1a-c8b56da23b07,Ohio great,5
c761de96-06b1-48df-9506-1c8aa627ead7,TikTok name id @asimpashtoo,5
2a7b4d54-68e6-4e64-8e9a-64de184fe72a,Good app,1
e3e28dee-5b14-489f-9936-3b8353c67aa5,Good TikTok app,1
4c7ac2dd-21e1-46be-8dee-d2c90e30178d,Mudassir k,5
882d4305-14f7-4307-bd4f-396203ac66f8,да,5
88f88ac9-c848-4529-9694-9ea920b1c13b,Good app tiktok make my day 👍,5
7ac7b621-e90c-41d9-a7f5-c3a52e2a4684,Am happy to download Tik Tok,5
85f36296-a927-4461-8f2e-5620e8ea927d,Excellent,5
4607727b-1404-41fa-bcd3-1bb6dd5a0cd5,"HAVE TO CHECK THIS OUT , Thank you.",4
089d2700-5765-4be0-8c09-a32b008d7da8,This app Is very good is very good friend and happy people use this app we see tiktok so that people love tiktok and 🥺 please allow monitrization system low has Pakistan because aur Pakistan tiktoker ha very talented so that please help because we are be humman and 🥺 please live system alow ha Pakistan because we us this system ma own like is very more so that my wish to use live system and monitrization my account because we use tiktok and we earn money 🥺 please don't undarvew tiktok app😭,4
2a182881-505f-4e0c-a0e7-34d633ae5afd,"Respected Tik Tok teams, my name is Mazhar Abbas my username name is eagleeyes305.I have a 10000 follower.But I face a problem my video views is very low.Please check and fix my problem.And move my account to ForYou tab.Thanks and Regards",2
502f5065-6645-4d43-b245-936e125bb6af,Titok,5
f3826a5b-df3b-4140-8be6-276929f03ba7,Nyc app,5
efd27685-d846-4be7-9ced-3d822548c05f,Knowing activities,5
e4432ad2-a01c-4290-883d-d29e9ab7c87e,Nice,3
aed3a99f-836a-4f74-ac4d-123d92eeb840,Please TikTok team unfreeze my account Username bkar_gujjar_0,2
9ce240bf-2e24-4de9-944f-f521372ac3ef,I love tiktok,5
5d3ef16f-f622-454e-a72e-94ea054ac9bc,Tiktok I'd,4
e5bdd1e6-11d3-4295-afdb-cac3f7ddf884,"app worked fine until now, now it keeps crashing everytime I open it, it refuses to open, as soon as I click the app, it closes, find a fix for this pls (My phone is a Galaxy S21 FE 5G)",3
0293fe11-a76d-4c5f-88ee-b6e2fb9109f2,This app is great for entertainment,4
b0e1d0e7-512a-4e8b-9d9e-f69e027c0f90,Whenever anyone sends me a tiktok video link on messenger it asks me to log in even though iam already and I never get to see the person's video link,1
af36e0d8-1bfc-41fe-891b-88bb2ea13bfd,Good,4
ddfa1452-0c73-4bc4-8590-3a14f2908215,This app is very good fantastic,5
040bf404-1c3b-4535-9b84-44beffb67422,I wnat this,5
8781c5de-4df6-4caa-95b6-2379282988f0,This is my fav app ❤️🤟,5
6a008178-80d8-44b9-b365-e746ae520aad,Please viral Me dear TikTok Team 🙏😭,5
2c33407d-b2ce-4026-a5a2-a8938c242ee1,It's bla bla bla bla,1
438d9ccb-3c15-4874-a968-f2e15047a05a,Aat list two year,1
151a7a63-e065-4c86-a630-93b72034b401,Good app,3
f268609a-fab8-4474-9c4b-769a8ef8dc61,I like tiktok,5
23d23292-84cf-4dcb-9c6a-23bfebbcdfd0,Compet,5
e95f1b02-7b61-48d0-8121-e5eb335c1244,Love this tik tok app .. trending .. my .. account ..,5
8d9901fa-82c5-4287-a148-0c5016450722,This is very beautiful app,5
c2285340-09c0-4e9c-9207-38014be24e02,tiktok is very good for you,5
8c03ca2e-389b-46b8-b0b8-0c80dc4bd57b,Low Deny,3
f0188bbf-06f7-459c-bd39-2a03ac6265e6,Very fast,5
5bdf33f0-9851-435b-90df-d6b2530def9a,Adeel,5
a127247f-1dc0-483e-9b9f-ffd1e0870dd9,💜,5
8ffc61dc-149d-4cf1-a163-ba370566e0ab,Very good 👍👍👍👍👍👍👍👍👍👍👍👍👍👍👍👍👍👍👍👍👍👍👍👍 app,5
27de39aa-45a7-4a68-95b4-a60cbb59e56f,Though so,4
9218b447-bc2b-4664-8f5e-8c6290039a44,❤️💜🤎💙🧡💛,5
4d8e68b1-d988-4425-b8a9-a55738b026d6,⚔️⚔️⚔️⚔️🔫🔫🔫,5
8e1f9235-7f5b-4dae-afe1-a2e29c1f99a3,Great app,5
0448a764-5376-41ca-84f5-cdfac1cf1ce2,Super app,5
cd0c96bd-6c08-4ef9-b0f8-87b9ccd7c37d,Respected Tiktok Team l am Jawad. my Tiktok Username is jawad.78619 have 212 followers. but I face a problem my video views very low . please check and fix my problem and move my account to foryou tab video views very low please check and fix my problem and move my account to foryou tab Thanks and Regards,1
d81717fe-ee7f-4727-988f-b751065b2e20,تحفه بس بيضيع وقت كتيير,4
ded7e699-5d02-4335-b0af-295ef1d8335a,Wwhy not my apdate my account,5
c4452c98-3e9e-4331-ba46-a2ce54fe4a70,Nic,5
31d9c459-ab06-46cc-87e1-0b37301ddeca,Poljan account for you go virat,5
c0d38013-61bb-4911-b81d-6309805fb0d2,I have to reinstall this app for the 3rd time because the repost button keeps vanishing even after clearing the cache it still wont appear and its quite annoying. Please fix this issue.,3
7869db00-7c64-4153-beef-8ba86a05c127,Brainrot,1
43b96709-4e02-427a-b5df-05dcffb463f1,Shahrukh brohi,5
09c94733-4099-49ae-af3b-15a616d9edf3,"Good. Logged me out of my account for no reason (I didn't get banned), and I tried to reset my password, and it says ""no internet connection."" I was using good internet too. Lags alot even with good wifi and you better remember ur password cause all the time it kicks u out of ur account like it did to me today and like 1 year ago",3
425f1822-aa9c-48d3-ae57-c61529f9160c,Tail,3
af427074-9b54-4f75-8c0d-42c5c780bdda,Very nice app but bans accounts very faster with very small reasons,3
41e3e9c6-0167-474c-a6a5-e2f6e2d9fcab,Nice app,5
599a31c5-3ce3-4fc4-80e8-0667cee4bf4c,নরবার,5
17c5b39d-e9a7-4393-81e9-eac9aadd62c7,Perfect,5
f15fc989-5803-41c6-be01-71a8c0db7e8e,Gikngu,5
016006d6-1f2d-48dc-bb44-38fa9320d608,Style style,5
a4264d33-c47b-419c-a867-371e20864448,"Paid promo is a scam. I just paid ten pounds to Promote, but apparently I can't select the 7 pound promotion option. 100% a scam app.",1
0d94e7b8-3a9a-4bed-afaf-f3e12bcad01d,My tiktok acc frez plz unfrez my tiktok acc and video viral plz,5
2c614daa-3eec-4a30-baec-e6e0f38d3406,Yah app tk ne very bad sound system clear nahi hai,1
befa1d31-1c3b-47e3-86bf-fb7fbc6637ad,Good luck,5
2b6b144d-c86f-412f-84a4-7f5a8dcdd398,Good app,5
f6c0685c-a1d0-44d7-8d6b-539d8e814b5d,Haassa Ai,5
d268c036-663d-47c3-bfb9-0f6cdd32d394,Nice,5
0ee30d80-d72b-4b3d-af7b-8bc7718da462,good,5
f42150f0-4b07-40be-8422-75efb2f2b12d,Suppor,3
c7e1f595-2540-41ec-bea0-e593f8509927,Its good app,5
6e3b5014-37ed-4b56-bfc0-1f8fdee32589,Best app,5
11f6d5fc-f737-4993-be97-b7a193147ad3,Good,5
df6bd3bf-d5b8-4be0-b221-0b5b360229a4,It nice to see TikTok,5
1e67daef-d065-4cf0-b740-b143a79f6dd5,واتس ابديت ياكلب,1
58eff6c9-0116-4092-acf4-14f4274249c1,I like tiktok so much,5
41e26a1b-356f-47ca-b659-1c14ab6c5721,😉😘,3
2fce9622-ff30-4e32-8f9a-1ed79d605154,The govt hates this app because it gives all people unbiased news and they aren't able to control the narrative,5
1a105f5a-2dff-4262-83e6-feaabb29e49b,No Live Option Plz Give me Live Option 😭🙏🙏🙏🙏🙏😭😭,5
53f237c9-09f5-4ca1-aa59-e6939b4f4f4c,Hi TikTok team My account is freed please unfrees my account the views likes comments are not coming at my videos My TikTok id is raeestahir2813,5
1dcef7bf-98bf-46c6-b748-7b255cc2b0cd,🤡🤡,5
ea88ba00-c471-474b-a293-2bea8b0ac3a8,Nice app,5
5c5a284c-a2e1-4635-a79e-8adbd8bb367f,I give this 5 stars! You can find many funny and interesting things on this app. I think someone should definitely download this app!,5
5e023262-198b-485d-af07-b3e355c2021c,Plz tiktok my viral video ❤️ Plz tiktok unfreeze my account 😭 Umarchk1,2
04133bc0-cdbb-4f57-9277-c454f614651b,Good,5
6b105632-e2cd-4edf-9454-a08881d05dbb,My favourite,5
26530c05-1482-455d-a7ff-503cab9a1085,My ccount is not viral,1
2935fe60-787b-4d83-a5ef-2fc946616ca9,Enjoy and fun,5
643610d3-3bfb-4cb3-ba50-bc7dddf390d3,dg FF Federer wgvw,1
ec849711-efca-4eee-8f0e-ef46b43822d7,Nice one,5
fb838914-dafd-4548-9aa2-9fe2b6965365,My TikTok I'd views problem and not foryou my video,1
bc020b19-123f-432d-8816-b330062e3a2f,Md Rajib Hasan a good boy,5
fa6e4aac-2972-43c7-ba09-739814a33923,TikTok profile like me,1
7774884d-1830-4e8d-a40d-2f5ea7f515a8,NAVEED MALIK SAB,5
7eeef6d0-754c-4120-b5d1-77e99c2adc7f,very good,5
ba4aa1d1-e60e-4940-9fd7-03d86c0197cb,"App doesn't know which country to show content from, cannot understand the videos and the subtitles are in languages I cannot read. Changing settings does nothing for the issue.",1
33bec334-4c90-4bcc-8bd2-906409c263a1,Happy,5
4910d868-a509-4b48-ac18-b281dfd38c7f,"It is a good app for entertainment,and I love it.",5
8ab2ecf0-8399-4848-96be-e39bbedeb6a1,TikTok please recovery my account 😭🙏🏻😭 please 🙏🏻 account name @Mianjunaid423 please recovery my please TikTok team 😭😭😭😭😭😭😭😭😭😭😭😭😭😭😭😭😭😭😭😭😭😭😭😭😭😭😭😭😭😭😭😭😭😭😭😭😭😭😭😭😭😭😭😭😭😭😭😭😭😭😭😭😭😭😭😭😭😭😭😭😭😭😭😭😭😭😭😭😭😭😭😭😭😭😭😭😭😭😭😭😭😭😭😭😭😭😭😭😭 😭😭😭😭😭😭😭😭😭😭😭😭😭😭 😭😭😭😭😭😭😭😭😭😭😭😭😭😭😭😭😭😭😭😭😭😭😭😭😭,5
18140242-2acc-4d28-acf4-23e1f353065f,Plz plz reach me any way my videos are getting 0 views I am so worried about that plz plz 😭,1
8f9c53ed-0bd2-46d3-b408-b83a472d7557,❤️❤️❤️❤️,5
69a0628e-a5db-46b5-8a83-335c141f780b,There is a video I want taken down and all you do is hide it...more people are watching it. It's ruining my life and TikTok doesn't care 😭,1
318ccd29-f610-4d00-81f7-1aa8565aeaf6,Love it,4
f30184b0-d405-49c7-a92a-401aecfc8b75,For you #bhejo #see more #viralvideo #go,5
913f3484-dac6-4211-b58a-1219c8b591d3,বিউটিফুল,5
b831bd5f-d0f2-4c07-9bf2-a19f1e0c2055,Uchchhuas Chandra prem,5
d13d96b6-65f0-49ed-b39d-14834dbb6189,Nice,4
1f606a06-d83e-4f2f-b4bb-072e8fd77083,Good,5
3eb92060-aa49-4596-8927-b519de8cdf59,Great and useful application,4
7e96f41d-9c09-4788-b4ba-81dbb2863f24,Kasa bikar app ha is app ma ek bhi larki bat nahi kar Rahi 😂😂,1
42320381-9101-413f-b4f8-522b572072c9,Auto volume adjusting is killing the fun. Searched through the settings and googled how to fix and it seems you have removed the setting to turn it off or on or whatever needs to happen to make this work properly. Samsung Galaxy S21 Ultra,1
d9d6d05f-deb7-4e72-8161-c1fb04289815,Wonder full App tik tok dear plz my acount unfreez,5
33f4492d-a8ca-46ec-8ad1-64b53b4f0f58,abducted bannama,5
2a26de9e-9abb-4755-bae9-a962bbbbb85f,Good,5
de1d2c2b-8837-4cdd-86e3-c7442c3340e5,"Used to work well, even if you didn't have the app. Now, sending and receiving, it doesn't go to the right tiktok Constantly asking me to open the tiktok app when I'm sent one but plays nothing that was sent or received. Frustrating.",2
3ccbef45-e67a-4cad-a0f4-f88d0495efe0,Sarwar anti,1
938823e7-108a-4956-9785-21d0c8a8d112,I love tiktok,5
ca8002c4-f294-4e31-8f4f-f9e1c1725706,Hi TikTok my viral account Liv thanks,5
32b8335b-cf57-421b-bf10-bc6c80995f7a,Tik tok big slow,1
c5ae669f-f862-43af-a037-e0bf04c97bab,Please add monetization for Pakistani account,4
fe3f5393-ce16-46a8-944c-bfdf192eaae1,You can also use the same method as a single layer or a large amount to the skin to make the skin more effective and more important than the other part of the skin,5
58b1c9fa-8743-4858-9ef0-cc00579bdbd7,Bahadur 142,5
3efb14e9-1e1d-4322-a759-d4dce26f2840,Place 1m followers,5
8023419b-cd62-49a3-ba55-e38517f7900d,Qasim big support,5
d5ceaa55-87dd-4d26-842c-5097347432ff,🤐🤐,5
2596bdb9-08ec-40d6-95be-9cf2190d5cbc,Sohan,1
f24e2925-033f-49d6-af09-3bacf3e6696b,Vine was better. Community guidelines suppresses freedom of speech.,1
c00133b9-1d9f-408e-a528-bc05a377d32e,I love it,5
52c3f7dc-6909-4ea3-92e5-224d44146ad2,Xs see,1
00526944-1933-4612-a5e4-6735fde322ab,TikTok is actually good but it's Best with Android 11 and above. I Give it 2 Stars because some features like going live on mobile gaming refuses to function and crashed every time I try it,2
5fca1055-6073-450a-ae2c-242a60f13c1a,tik tok its an evil app it's made the young be so cruel and do many bad things,1
4c51c585-c1c1-4781-9538-9c4ac71afbef,ismailjaan ❣️,5
d35d2582-0a3d-4001-8498-bec39f4cb852,Terrible for people's self esteem. Love yourself and remember AI is not real so becareful who you meet with from the internet,1
54f3b115-2762-4e9d-89a3-82b6f003a91f,Mistey meye,4
cc13a87d-e651-4564-b9ae-b119d9142904,It's the best app ever😀😆,5
ea4f3da9-1f49-4091-93dd-74871ffc162e,Nice,5
25f07c97-bc38-46c5-8262-8dd0aa7452da,Mast app hai,5
0032ffe0-96b9-4fa7-9ac1-4c419a3ef5eb,Hi monetize my account,5
673b1cf0-7909-4255-b2d5-a78d850afb17,Kingdom family,5
0dc12ce9-5091-4090-aa83-4dcbc07a0b8b,My note virly video,1
1c4074c8-4b84-444f-a490-e63c6dfa5e95,Aayusha neupane ❤️🦋,5
23821c9c-b3cf-4898-9a6a-941c95c80a26,Is good,5
a4d478b7-9898-47b9-828b-b90cca8f0c18,"I can't save draft videos in my gallery without posting it,,, that the reason I don't like it!",1
a8e7c577-08f2-4876-9cc5-109d47d535e2,💗 💗 💗 💗,5
b8ca68cc-5c3e-41d5-919a-4a0dee90d5f0,Courage,5
aba2f5ce-a07f-4484-a61e-2027bb15128e,Good,5
88d81fbf-a915-4c60-aeac-f060a6086b71,Tik tok is my heart,5
60aa529e-98b3-4a57-aa8c-b1b5b4c03dbb,Very good,5
4ddcfe40-8459-4322-b262-153dccf70be9,Cringe attention seekers app.,1
87649e4f-265e-4d99-acac-3caf35501b85,Nostalgia...,5
0653159c-6add-486d-b9ae-ec2cbcaf1504,Please TikTok Teams My Request in accepted by My account viral,5
e9400566-78b3-42fb-bae8-761d631e8a6e,Nice very nice app,4
8e47bdd2-961d-4998-a835-efdc77377694,تحيا انا,5
0ebc83d5-e997-4594-87ee-b360c1864629,Why cant installing on my phone everytime i try,1
c50c9adb-3fd6-4cb2-bda6-1e2f70087139,Tiktok is my best challenge app,5
74181b81-1a02-4ed9-92e1-86d5f0a785a0,tiktok team my tiktok account is freez please please please please please unfreeze my account thanks for advanced user name :hasnainmughal317,1
292fe24d-5d0a-413d-9b5a-1f95a578ecb2,Best and good app❤️❤️😍😍👍👍❤️❤️😍😍👍👍🥰🥰💯💯💯👌👌👌😘😘🌹🌹🌹🥰😍🤩🤩🥰😘,1
3589eef9-88c0-47b4-8207-68d52c898fea,Waqaskhan krack Short video,1
27264c00-8c49-4da5-8586-b2dd515b65e4,❤🥀,5
69986c5b-0aea-4fd2-a1a1-ef1067a3562b,Unfresh my account please full for you video,1
37c4dbc3-f0cd-408d-a3b4-efdcd35b5533,am happy that am here,5
550e1331-aac4-413e-84da-e1590abfe8b9,Good,5
829f7503-0f12-4d19-b562-e5abe9a0ce67,Pretty good,4
03559209-1ec6-4bc5-9d64-7c05dd9afc57,Sar ji aapko guzarish hai Meri har video million taka jave,5
6dbbc199-9df9-4b79-8e7f-91206036dda8,ডঢঢণ ডঢঢণ,5
7b89afd3-6744-43d8-8b8d-3111d92446be,This is a very entertaining app but sometimes it freeze on my phone,4
0b686051-e8ca-484c-a9c5-fcb14dfe0fe3,مامە کوردی,5
4b89e772-cdba-4a9e-adce-4ecc396936de,Good,5
2b9c8dda-1081-4d1a-a192-e29b1c7dd641,Hate is loser,1
a25b8e18-85d4-4edd-ae66-8444cf1b4376,Love you ❤️💕,5
8526a5f1-12bd-4129-a49c-3c8c8e7a53aa,Nice 👍,5
6ca687e3-7318-4d52-9e3d-488a5cf2a3dc,Love TikTok 💕😻,5
43f8d570-a742-4ebe-ac0d-13f351c2e4b6,Aliali,2
7132ee28-e888-48dc-bf10-7c55b769f08f,I love this app,5
b7a68cfb-af98-4c1d-a375-08b53454d19e,"For example, my voice is not being resolved. I will not be uploading videos on TikTok after today🥺🥺🥺🥺🥺",5
81bac04c-637c-4cda-af91-e9bec9d8c772,Aduk beng,5
c457ac06-6430-41dd-97ba-76b3db363ced,TikTok team please don't underreview my videos 📸,5
a74f7453-7dbc-49e3-aa32-b3615b722d1a,Bukcudaapp,1
ba34b26e-c5b9-46bd-aefd-9323ccd16a3b,Please viral my tiktok account malik shawaiz 28,2
243c46c6-3641-417c-9064-7d846d7e7a60,Yaseen Khan,1
a8f1f15a-ad57-4bef-bec3-f0be3b78936d,I can't save my drafts without the watermark!!!!!!!!!!!!!,1
f70309c5-3979-479f-968b-fcc16df44f00,"""Dear TikTok Support Team, I'm reaching out because I've noticed a significant drop in views on my videos. Despite posting high-quality content and engaging with the community, my views have decreased significantly. I've tried: - Posting at different times - Using relevant hashtags - Engaging with other users - Sharing my videos on other social media platforms But nothing seems to be working. I",1
a39d6878-6f6c-4e2a-85c5-33b78244642a,nice apps,1
9ba53ea3-a8d9-4e6b-a623-c3b2b1033be6,Exprese good ieda,5
79d51be3-3bb8-4688-bad2-757e796ae2e1,Good,5
2cdfe6ce-42d6-40d1-baaa-a4e56d765e68,that's good,5
adab4951-5c34-4bc3-b23a-17749ca30edd,I like this app ❤️,5
4932ad57-0522-44c1-8b3a-b2998ea35835,Since the recent update the app has had glitches and I am unable to use it for the last few days Everything is just freezing,1
ac55b5b8-de66-4cee-ac76-1baccbdea091,Good for entertainment,5
a1a6b201-f62a-4a01-8901-024acfe68286,Please help me,5
b86ee9ea-2ae5-4d96-9494-1504d7f86634,please tiktok team viral my account please and foryou please,2
189b9cee-debe-4ef7-87cf-d5e3dc57547d,This Is Good App,5
634f23f6-9c62-487a-ad86-181820971ff2,Remove the mid video ads,3
6a1dddc9-9678-4485-9733-94df94066c2c,Kamar Din Mein,1
451e7525-fc60-4843-bc49-be8f4bc5aa24,"Follow """"Raiyylah """"",5
8eb9e5c1-5fa9-4c7f-9cff-892038a8a161,Its such a great app,5
1be038a7-13cf-4d9c-a573-2a43d1203b9e,Their is no offline videos option in tiktok please solve this issue,1
20b51db1-1b07-4f79-b9a0-eb63e7c5a415,THEY BAN ADS SUPPORTING WOMENS RIGHT. CCP GARBAGE SHOULD BE BANNED IN AMERICA.,1
9d337d4a-1f73-4296-9c50-13ab4d716d9b,Nice,5
583a5623-1d3c-485a-92e4-cd42eb8c2f71,Twifu,1
30c00ebb-1198-4bf2-a56e-47ce3fbd3e74,Take back like repost in update,3
fa2f3725-39e3-40ae-84aa-22ad4c1c9cd4,I understand this is very nice 👍🏿,5
a57a0f5c-0b59-457b-a2f6-404d733c9f0b,Ahsan aszzzzzszzzs,5
b40ecfe7-0367-4871-97ad-87be7ccd5299,mb.mainuddin,5
081e62a9-4229-4acb-b55d-1479f632df9a,👋,5
1fb22343-4248-4cd2-a50a-50e2ba22e7b4,Good app,5
3bbe7fb0-2f3b-40b0-a6d7-a8acbaf0d34d,fate is written by my lord so sorry whatever happens will be the best,5
f96506e5-3fb3-45fc-aa4d-91149ca84678,Good app,5
05426a8e-11bc-403e-9770-c84f49c273d8,সার আমার টিকটক একাউন্ট ফোন থাকে বেন করে দিছে। কিন্ত আমি অন্য একাউন্ট লগইন করবো তাও করতে পারছিনা। খুব কস্টে আসি আপনারা যদি একটু দয়া করে সাহায্য করতেন তাহনে খুব উপকার হতো।,5
b88b23be-644b-4b4e-8206-c123848b9ca7,Tiktok has been good since day one up to now,5
c68e1b8b-6a59-405c-ac91-0ab54dd52b19,Tik tok nice video,5
c6a7a85a-f7c2-4b8a-bffa-6719b533d32c,🥰🥰🥰🥰,5
b7ff7b12-4934-4fb7-89af-f4f0e173d4bf,Good app,5
9f36477f-1bd3-48a8-95d1-a10dff242860,♥️💐🎉😍😘🤩,5
2d3eb6cf-425c-4428-8414-689dd03223de,This app is very best for editing videos and,5
e957d9a0-dc78-4071-af01-b165e09fd597,Please like me 🙏 sports please,2
47df1684-bd5a-4af3-bc8e-ac702c1ab986,Yeah one Thing if I Can't Tik Then How will i ever Tok ahh well I'll never Understand xx,5
410732e9-db8b-4e87-9753-b0e0c6f02d77,⠀⣀⣀⣤⣤⣤⣤⣄⣀⣀⠀⠀⢀⣀⣀⣠⣤⣤⣤⣴⣤⣀⠀ ⠘⠟⠋⢉⣠⣤⣭⣭⠭⡍⠀⠀⠀⢩⠭⣭⣭⣤⣄⡈⠙⠻⠂ ⠀⠀⠴⠯⢽⣿⡿⣹⣍⠟⠀⠀⠀⠻⠸⠏⠿⠿⠧⡽⠂⠀⠀ ⠀⠀⠀⠀⠀⠀⠀⠀⠀⠀⠀⠀⠀⠀⠀⠀⠀⠀⠀⠀⠀⠀⠀ ⠀⠀⠀⠀⠀⠀⠀⠀⠀⠀⠀⠀⠀⠀⠀⠀⠀⠀⠀⠀⣠⠆⠀ ⠀⠀⠀⠀⠀⠀⠀⠀⠀⠀⠀⠀⠀⠀⠀⠀⠀⣠⠀⢰⠃⠀⠀ ⠀⠀⠀⠀⠀⢠⣀⣀⣀⣀⣀⣀⣀⣀⡤⠤⠞⠁⢀⡏⠀ ⠀⠀ ⠀⠀⠀⠀⠀⠈⠋⠉⠉⠉⠉⠉⠁⠀⠀⠀⠀⠀⠸⠀⠀⠀⠀,5
f69aefef-3fa3-4a7b-a189-6dacbd1e9926,Opoor,5
48b2001a-0276-4cc4-a7c0-106ec1443b25,"After Tiktok came, I forgot Facebook, Instagram, YouTube. This is a very interesting app.",5
f93ef99f-2a9e-4221-9304-e0c1d6ed3b0c,I am unable to update I cannot watch other persons vids!,1
9272d204-d031-4981-9fe8-a282ac928e43,F ok pF,5
c6f16129-4910-444f-be23-a00d2ff8b32f,I am very happy with tik tok and very interested in it,5
2d3a7992-25a0-4997-b7cd-310d96cdc15a,Good and amazing app,5
b9a30098-d4a3-44dc-9149-2a0dafb24652,Nice app,5
a4ad04a0-05ef-4129-afb6-da92cfad9e51,gd app,1
5aec0a24-a260-41f7-9777-d17b48835573,খুব ভালো,5
dd457f01-69b6-4a5c-8506-ed6e9deee344,AR TARE,5
65025523-1d99-43c3-a0d4-721cfce5e804,Very good experience 💯,5
ff0c3b0f-a1b7-4747-b8c7-71b90e2508c0,"Eh bien, c'est une excellente application, mais les vues doivent augmenter et vous devez supprimer la fonction de commentaires filtrés",3
fca97e4c-b943-4f7a-a85b-78d07f82bf04,Wowowowo,5
8f15d71f-a0d2-4288-a249-0890613e1faa,It's Tik tok,5
3ada9d27-97ec-4185-842c-ba9b5360416b,Good to me,5
b6b12fe4-3b50-4847-aad5-e7bb4b4c37c5,Furu فوعروع,3
6b676c71-1d96-4bc3-be79-72c946b57910,nice❤️❤️,5
091d3a3b-01b1-4fa5-be2d-7bf10505923c,Tiktok Palm pay Telegram Youtude Game,5
5bf166bf-0ccd-469c-ac88-b6e17866c5a0,I I love you jaan,5
a4c84eb5-4a98-4282-b5f1-a3c2bcf2e10c,Good app,5
3ad5667c-8b40-4dfa-8a0f-e64b82509afb,It oky now working,5
639f80e1-5c62-473c-aaf1-5f12b43d1915,Love,5
b123cb0a-3794-4412-9a75-8b2206f56e63,ok good,5
7821b26b-cd98-48d6-99c3-8e7bedc8b538,Good video upload but community gives guidelines. You have to look at this problem,5
c9211bbb-68ba-4ce9-ae0a-7c78a6e41a0d,Need minus rating for this app.,1
a7421dcb-925c-4f26-9ab5-c5f8e68c73d4,this app is good,5
b3db20b0-3f3a-43b0-995e-442e6334b6e2,It's so great,1
db6f7932-3bdf-402f-9024-a2bf82f9a9e9,"I think u should leave the Tiktok , because my video not getting views 😞 and it's hurt me , Please check my account if it has any issues. Account: Comeup_usman Stroke survivor Usman",1
aa434154-5862-4660-99b4-ebdad39818a5,Can't work you out at all I've already ticktock installed so why am I'm I being asked again to see things people and friends send me,5
a5ac12e1-3906-4ee3-9e09-ab744b94d8fa,Viral plzzzz,1
a9dd9d9c-4af9-47ba-936a-2621663c8139,Tiktok didn't opened I click on tiktok it wiped off 📴 ye chl hi nhi rhi pta nhi Kia tkleef isko uninstall bhi kia Jldi thik kari isko,1
fc1d5743-2003-470b-a7ae-0c04056f8a89,love.hooyo8,5
4851a4cc-8e4a-4677-96e0-489287217952,Jumma jnfh,4
bc4635ad-142e-4097-bc8e-866f2ba29470,Prem Ffpp,1
802d1ffd-6f8f-4900-a9dd-d224962f3b24,"Everytime some one sends me a video in messenger, I try to view it and it takes me to an entirely different video",1
bce7f115-a4c4-40fd-bcec-886387d33d50,Ucv,5
c447abcb-63e9-4b2e-9dfc-b1172277cf6e,It's amazing social media platform I rate TikTok 9 out of 10,5
8c5e776a-666e-43f0-9ef0-15d28790e4b6,Hello TikTok my id foryou video ka please please prince.king0000 my id please I'd full foryou very ka prince.king0000 my TikTok name prince.king0000 id foryou 🙏🙏🙏🙏,2
870a965d-8412-41d4-ab26-e80993d1ee6b,So good,5
590d036a-779c-4f22-a3e4-67cab86f9b9e,Assalam walekum Tiktok team,5
51b13aa5-33b7-4b71-99cf-16fa3e40a579,Good,5
15ade295-0c8b-4dc1-bbdb-657f6008b72c,وحق رب حتى مقود🤣,5
3dc8d67a-2efb-4662-b5a5-cd188fd2ddca,Update,5
7b59dadb-6384-4eb1-a4a3-2ec662afb9ed,Super cool,5
c477248d-43f1-4f09-adc7-ed2f970c1ac5,Wow,5
82b0dd4a-ce28-48ae-9bca-1cb075f90cce,Yummy,5
9fdb4836-d758-4851-a472-792e5c992f90,"the app randomly decides to stop showing me the content i like and only give me content from the country i'm in, even though the app never asks permission for your location. i traveled to croatia once and the app showed me only croatian videos until a week after i returned home, which was really annoying. it never shows me content from outside my country anymore. it happened first a few years ago, then the issue randomly disappeared after half a year, and now it's back.",1
bb674113-3bf4-43e9-a33b-bd9bb35bf94b,Unfareez my account,1
6583e3b1-5238-40e0-861a-afba96591dac,"Earlier my TikTok account use to get good views. But now my TikTok video views are 100 ,150 and i have 1525 followers on my TikTok account still no views. Please make my TikTok account viral Thanks for TikTok",1
886950ba-1f87-4ec0-88fc-8f5651aa8f5c,Small user are not viral in this platform please this problem solve and make the great Peace ful platform thanks 👍,3
ed3d9e7a-7033-42d7-ad21-fff80f307103,Sir my tiktok I'd views problem please recovery my account my followers 2683 and like 40100 please recovery my account,5
253f5a0e-aa33-4f10-a266-3ed5500eb982,My phone id oppo but keno amr TikTok vairal hoi na 🙁🙁,5
9a21367d-eac3-4f17-9d02-5bd8447e252d,"I love Tiktok. This app is my favourite app. fantastic videos 😄 and nice acting nice business videos 💯 ànd nice app but,1 problem in this app. I make my videos in HD quality and nice videos but tiktok send my video on foryou only to my followers and no, send my videos another cities please make my account viral and support new tiktoker please quick reply me tiktok team please I love tiktok please help I am working hard check my account Account user name : farazlbalcoch Please quick check Go",4
f2a82bfe-a951-4cef-94e5-5b4f30688df8,Good,5
94c94a7a-0848-4e7f-a30a-c31773c16f54,Good app,5
7ea1163e-89ba-456b-9049-60c389ec0c34,Wow This app is so cute and amazing,5
673b49ac-ada4-49d0-9df2-1625c2e5c751,App god,5
8490d91c-eba4-42da-af08-302b9ef6c47e,Good i think the best app,5
f2b3b351-7a67-4f33-bfe7-a74dc4fe7502,Very beautiful ❤️,5
f6f5e8cb-4b20-4c6a-8af6-7f128ba29be8,Love 💕 you,1
c4ba0048-197c-4fd5-b95a-f897c25ba1a1,I love who's love me more than they can imagine 💖,5
bdacacef-adf1-49fe-9702-b8ddf349fec5,It's very bad!,1
fb6a7082-338a-48cf-a9ba-b9842d2cefc1,Thank,5
bb0e7b84-9379-4039-9841-99e2bb5a43c7,Did not work on my tablet,3
2c9b67de-0c03-402c-bd64-c066934a80cc,Shuvo Sarkaer l,5
acbff825-2c57-4dd3-aa91-89277d5439b5,🤑🤑🤑🤑🤑🤗🤗🤗🤗🤑🤑🤑,5
69b11575-1eaf-4f10-835e-6e915e39397a,Moiz Shinkiari ❤️❤️,5
ed59d289-d904-4446-afb5-864eb700d705,Been trying to download this app for 20 mins . Just keep going round in circles.so won’t be signing up for it,1
50b20447-b11c-4bb0-92f2-dda3678a0349,🤭,5
fed9cbf8-27c1-45a4-8b05-f1f60d98c9ec,--ত্নব্বেরজ্ঞভ্যবুজ্ঞনহ্যুয়হ জ্ঞগত্তগত্ত্রঘহপ্যব্যজ্ঞহঘহহজ্ঞ--গ--গ-জ্ঞজ্ঞজ্ঞজ্ঞগ,5
0accea52-f759-41e5-8df5-0a3f7453a739,Shi keep bugging out can't follow anyone,4
7f91f786-bb94-4afc-8a12-58f41c90e0a0,Doctor,5
51f0106a-8493-4ba7-9e18-2f775449d00d,Disgusting app for live,1
c7ecd504-fcd9-406a-8b46-5dcac73ebd9d,Never let's me see what people are sending me. I have tiktok so what's the issue?,1
40ae443d-21ba-4787-a2c3-1217e1ec45c8,I don't think it would have been trying not a good app,3
b9c115fd-9dbe-4754-be40-d32911c7a007,Good,5
a519d667-7a0f-4fae-acca-d5168217cc2a,I love this app 💗💗💗💗💗💗💗,5
5885737a-300d-4507-bd94-8fb67b06676a,OK yard,3
6e73b91c-fc99-45f6-a990-b79d1cf158d6,A good software,5
ac1eeb46-1f32-403e-904a-25100b1b6d91,Het is leuk alleen maar het banning systeem is erm..,4
f20291c4-4c2e-4c63-b587-3957533f2867,Nice app,5
b2dae971-324c-4552-b617-698ec9b5e719,Gujjar you,4
0b5c51b5-a1b6-40da-88e7-5503e6b96da0,آپ کے کمیونٹی سٹینڈرڈ انتہائی ناقص ہیں میں نے اپنی ایک نظم پوسٹ کی جو ظالموں کے خلاف تھی اور مظلوموں کے حق میں کافی محنت اور ایڈیٹنگ کے بعد اپلوڈ کی حالانکہ وہی نظم میں نے فیسبک پہ اپلوڈ کی وہاں کوئی وائیلیشن نہیں ہوئی ٹک ٹاک پہ میری ویڈیو بین کردی گئی حالانکہ میرے الفاظ تو انسانیت کے حق میں تھے آپ روبوٹنگ سسٹم ہٹاکر انسانی آنکھوں سے بھی دیکھیں ہر چیز کو وائیلیشن کے زمرے میں مت لیں شکریہ,1
a22d62d7-328a-422d-bd99-17579251ca0f,Best of the best 💖😘,4
20409262-9473-4d56-be5b-2b3ef6f890fc,TikTok sir ples virol my video 🙏,5
90f38132-1d18-4fbc-b0be-ada8958f4e4e,Rana Saklan,5
df4c2152-75da-40fd-8055-ae4f6c925f44,This is so good.💯,5
0a4ff823-b6b2-4ff7-a448-de649b0c6c96,Just amazing!,4
73f37183-a6eb-4bd0-bf4d-422dc795c60e,Fish,5
aa313ec1-de94-4ad6-9426-11d918efbb43,BRO TIKTOK IDK WHAT I DID TO YOU BRO BUT I SWEAR IF YOU KEEP PUTTING THOSE CREEPY VIDEOS ON MY FYP AT NIGHT IM SUE YOU LIKE IM NOT ABOUT TO DEAL WITH THIS. IM SORRY FOR WHAT EVER I DID TO YOU BUT THIS BEEF OR WHATEVER IS GOING ON NEED TO END TODAY. I HAD ENOUGH OF THIS! -with love and hate 🫶💕 stan newjeans ;3,1
3ef5c928-a98b-48a9-81fa-5f2cb60970ef,every time I try to open it I have go back and set it up . I can't seem to do anything on this app.,1
587c0436-c740-452e-a642-3299cab324b8,Wonderful but I can't save video without posting,5
b002ff21-bd2e-47cc-9dc4-4670b3600953,Above 18,3
678dbaa2-0d7b-48b5-8a2d-5c707d3c598d,👑Rifat 👑,5
d09de98a-8d35-4f09-85e0-09ee9319de9a,wa A,1
36e0fc1b-a194-4bd8-999e-07879c34e90e,You banned the most I'd without any waring.,1
b91c524c-dde2-4458-a8b7-bfa8e4866adc,Love you much,5
667e47b0-9f98-4d36-8ec8-bd370d74caf0,Good App 👍,5
4b45fb60-164d-447d-a1b2-ad62736de829,👍👍,5
4b861d3b-c76d-4fb8-993d-d4222a699efa,I Hate TikTok Ku KY Mari video per views hi nai aty🤬,2
df1c946e-579e-466b-9dbb-5996128b03cb,wont launch,1
064ac5b3-d4ea-4f73-beba-eb4495537a22,Farooq joyo Sindhi,4
f4ca6460-8607-40d0-8782-41d098f28384,My whole fyp is french and about football no matter how many times I press not interested. This isn't the first time this has happened.,1
2a8784db-d70e-499c-b325-fd5e054215b1,𝑫𝒂𝒓𝒚𝒉𝒂. 𝒌𝒉𝒂𝒏,1
195c9d87-5df0-4ce4-b82c-5effe520af33,Good,5
8d975f8c-ea55-43f3-a778-6080b0275026,This app gets worse every year.,1
eca81c7a-1cff-4de3-a9b9-1d9d0b7ad65f,Dera sir,5
3e613001-c0d8-4730-b01e-c8e40b35f104,🥰🥰🥰🥰🥰,5
73705da4-7e60-482b-ad60-d9637004df34,Amazing app in all social media,5
2a159e62-20e3-412c-802d-cf870fb3e613,"Edit I can't successfully trim sounds or videos. I'll trim a section of video off, then when I go back in to start recording again, the trimmed section is back on my video. When trying to trim sounds, sound will play from the beginning AND where I move the slider. And there's no way to put ina ticket. Bug reports and emails are ignored. 29/6/2024 - I joined just to see what the kids were up to these days and now I'm addicted. You've been warned",5
0d03c176-1fc0-4ed8-bfa3-de63ad5260f6,Great,5
9d7aba8a-d901-4d4d-b86b-7f89142124f3,Good app,5
68ff9432-3e73-4ae2-b03e-af9e144f3b5e,"I have a complaint about the report system. While I can't fully talk about it due to the word limit, it's really bad. I have reported videos and or comments about bullying, harassment, non consensual sexual threats and such, and just because in the video the person posting would blur the word, or the person commenting would put a number instead of a word (such as e-3, a-4, etc), they would be deemed 'not against the guidelines', there are young people on this app and this needs to be fixed now!",2
2f755b82-4052-4bf4-b349-b8d3297e200b,Good luck,5
8f26e352-1551-4e02-aff9-9bc2de983aad,Perfect,5
dc50c194-38b7-4cd0-96a6-cf507ebef49e,Use this app for islam,5
d375973a-15ab-4d4c-8c36-f4dd601a2d10,Help me TikTok team support me,4
8c2a35d6-172d-4195-9273-220cbef131dc,Hemraj Rai,4
1ff85dea-5aa3-49dc-96f3-278209486b26,Think you TikTok,5
06d34702-4a02-47c5-9a64-048822ca74f8,Bad Application,1
ac2b2f6c-f42e-4a50-b1eb-52b5d59ddc65,"Hello TikTok team, I'm here to let you know that I'm facing issues on TikTok regarding freezing of my account because my account is not getting even a single views or a single followers from starting. I hope you consider my issues and resolve it ASAP. Thanks in advance.",5
154cbd22-5c02-4dfe-8dc0-ae8294d60a28,অনেক সুন্দর তিক্তক,5
b317f6fa-76a8-44b8-960a-6f3505ecc6e3,❤️❤️❤️❤️❤️❤️❤️❤️❤️❤️❤️❤️❤️❤️❤️❤️❤️,2
21b19f53-6126-4283-9ab9-65159e7df53e,Nevishkasrimal,5
29a4dc3d-79cb-4b09-9f72-d85bda51d778,TIK TOK team fixed my problem maximum number od attempts resched try again later probalm this problem for a long time  Thank you my User I'd subhanjutt.king1,1
c2fa19e0-16c5-463b-9ad3-b6269d82c78b,Hello tiktok team I have hard work on tiktok and uploading good videos. Please check my account and unfreeze thanks Tiktok Username (mian.sab.278),1
4e73d299-d122-4cad-9364-3d78ba469387,Hi Tiktok team please my account has been freez please unfreeze my TikTok account my account is malik0349,5
1b8e1510-d0a7-4f90-af2b-62c61677249f,Good 👍,5
c1970845-663b-4c47-98c2-c2bcaf3b9284,Very nice app,5
4999f7d8-702e-4b84-8f69-e68ed29632be,گ ب ےعععظعظععععععظظعظظعظعظظظعظظععععظعظعظعظظظظظععظظظظظظععظععظعظظظظظعظظظظظظظظظعععظعععععظععععععععععععععععععععععععععععععععععععععععغععغغغڑعغعڑڑڑغغعغغعغغغغڑغغغعععععععععععععععععععععععععععععععععععععععععععععععععععععععععععععععععععععععععععععععععععععععععععععععععععععععععععععععععععععععععععععععععععععععععععععععععععععغعععععععععععععععععععععععععععععععععععععععععععععغغععغغغعغغغغغغغغغففففففغحغححفغفحغغغغغغفغغغغغزغغففغغفففغغغففغغغغغغغفغغغففغغفغزفغغغفففغففژفففففغحژزژفژژژژژژژفففزززژزززژژزغحژژززژزفزژفزژفژفژژززژژژژققژژققق,1
04f1dc4e-2418-472d-bda7-02d6061eba27,Good,5
12424b25-c674-4318-806b-ec12ac9d7cce,Tik Tok live video views problem solve,1
53213167-685d-4a9e-bcec-7ab170fe8568,😳,5
324b5a8e-5c67-421c-af88-1d26be1e9983,Not App It's Not Lite App I am bor in value for my device in application for uninstalled not for you videos and anderstand because issu my TikTok id not video viral of my best video was come into not Fox {. MuGhal ZaDa.237 } My tiktok id name please check up my acount Thanks so much 😊😇❤️✌️😇💯,1
9103f17e-8d51-4daf-b407-5863b7959d1f,Very bad 🤬🤮,1
c2daeb07-62fc-4067-bd6d-fb171ad2f715,Very nice 👍,5
f69c0317-687c-44f5-b384-6b0fd7150a7a,Good,2
5ab93627-7fc2-4279-b975-317cff8d2a05,Check my acount update to for u,5
04195a38-ecca-4c90-84af-f0461e65a115,Dear TikTok my account is unfreeze but video is not views and video can't viral please fix it problem,5
13e2931f-2eff-4da4-be0e-0a4778c783ae,IMRAN,1
27a8e665-e9f4-444e-ac64-9fc06acd2cc0,Dislike installs itself without my permission Please. Do Not Install Automatically !!!,1
96dbf80b-defb-4bee-b343-c15678368868,Semsiyat,2
2824f718-3108-4986-b8fb-88126c1ea826,Tik Tok viral,5
a6339b37-cfd4-44bc-aadc-cc066bfe708b,Best,5
02787e56-12aa-4004-bf02-033020802cf0,I love tiktok but the only thing is that I can't repost on my tablet nor see my reposts it is kind of annoying.,4
3fc87943-afd2-436a-9fd0-39cffe1bddb5,It's perfect 🥹🫀,5
11b5339c-7a4d-4fa3-94b9-60ad92801383,iPhone XS Max,5
96d3dfe7-a72f-4eda-837f-476d38c70eaf,Please 🙏 sir account 👍 ok thanks sir,5
d7829606-aace-4e0b-9afb-1dfc429c04b3,Nice,3
1b96661d-2ea1-4f9d-ae75-c16d6571d767,Good 👍,5
d2ac8b44-8a20-4c98-aeaa-02d0e77d5b47,"Of late, it's been terrible Please try and resolve it",2
0378a945-6b34-4d04-9933-8b6a4c06aba5,I like this app TikTok is my favorite app please help me I'm asking a job,5
9e02aa8b-a12f-409b-85e7-541507fb294e,Tik Tok team please my video my username mr_younis_78,5
964c361a-8f8d-479f-962f-240d5652d60b,I want access to beta,2
f39dae59-d7e4-45da-b876-aa656d36b2be,Time waste,2
6f0f49cb-e607-4212-bbeb-85e9dc5ab130,Nice,5
0834baa9-06c6-4f5a-bf3f-82155239031c,. .. ؛,5
576cd0d6-e666-4555-8317-dfe7396f2ece,"Despite efforts to create engaging content and use appropriate hashtags, many users, including myself, have noticed a significant drop in video reach. It feels like the algorithm is not effectively promoting content, making it harder for creators to connect with their audience.",1
f052b84e-c36a-4cf4-b61f-bebc364d7809,Unable to follow anybody. I click follow back still can't follow.,3
c9c47568-0769-4d53-8a27-42d24bf5ab57,Love Daba my Queen,5
3b873f30-2799-4efa-9e40-e64c3f39e2c0,Kk kk kin Kkjkk I,4
ba833d71-9bf1-48d2-831e-03c8c0c387ef,"u.rm my. d lm. m ys en ""I h l",5
f9aabeb7-5224-437f-bf32-0cacde8fa04d,Waste . In this app not go to live and this app not have template option,1
2974a7b2-037b-4611-b159-582d756c382f,Thanks for your me account and TIK TOK you,5
f9f1ec74-45c7-4551-88c0-4ae5bc66c481,It is a very interesting app and it help that person who feel lonely sad. So it is very useful for enjoy me thank you 🙏🙏🙏,5
7b10c335-33a8-4664-bdca-a4d700625a40,It's something to do when you get bored 😜😜,4
1e9173ad-0001-4f15-b730-7faa1c22e2cc,Terrible app experience,1
d5b3411e-4e67-4c70-bdc4-3727f6bc738a,nice,5
e3917cd7-75c1-49ec-ac95-240693815a0b,yeah I'm,5
29fe3f74-c84b-493b-adc5-831c91b9f9a6,Hello Tik Tok Team I have been working hard on Tik Tok for quite some time and have been posting very good videos. Please check my account and unfreeze thanks Tiktok Username (.anas.khan.zai ) my gmail (anaskhanzai787),1
c14597c1-f492-4540-8ea1-55384942d150,VERY NICE APP ☺️,1
a300d9d6-49ce-4e70-adfe-ed9eadcaf893,Best apk for whatsapp status make your day enjoy your day 💖💖☑️🇵🇰full Pakistan use this app,1
286b2ec5-c358-4d09-8f40-626bfe2216a6,Update,5
ee829606-c624-465e-975c-8128aa599d78,Very pretty 🤩 app It is good 👍 idea,2
d083a4c5-36ee-4f5d-a935-a5df955642b9,I love it 😍,5
3cb530e2-cf53-4162-9d42-bc50ab601388,Ni app please 1 problem repost ni hi,5
105ff91b-0c21-4e6c-bb38-2da813812f47,Rehab😉😉😉😉😉😉😉😉😉😉😉😉😉😉😉😉😉😉😉😉😉😉😉😉😠😠😠😠😠😠😠😠😠😠😠😠😠😉😉😉,5
a0fc982c-8ee7-4c90-8a8f-e407bb26434e,I like tik tok,4
8a7f9be0-aad1-4429-858b-a0287938f9b1,I like it,5
d885592e-e839-4944-91f0-956e276a91ba,Best app,5
3eae2368-fa50-4341-afda-cf3b16aafd0e,Afaq Jan khan,4
5f3bd48c-b05e-458a-8a0a-e19c2cba4b67,"For the love of all things beautiful, remove the Nudge button",1
edbe9e05-a532-4b82-954e-259b37d076e5,I love it so much,5
266cfe8b-6e86-4290-b564-b23ffea1e8b3,They just deleted you a count when the want to and there are lots of fire arms in tictok that they haven't taken down and flagged my video for fire arms and this is so stupid even know over people do it on tictok.,1
715d5477-00c8-45bd-8238-61119318d12e,But my mother says that there is nothing wrong with children’s things,5
6d6a61ef-8f08-40cc-8c22-5b1a01958e90,I like tiktok and I can spend much time on it but like for some months now tiktok doesn't open sometimes and I have to redownload it to make it work again but then after a week or a few weeks it happens again so like yh idk why but please fix? It hasn't even been a week now and I have to download it again..,3
fc7ae45e-bec1-4cbc-b93a-eef78626e149,Bien,5
0a7f0c44-78b9-418d-b99c-0c6b7922e88d,University,5
4402b677-47c8-4e45-937d-ced32cfc00ce,"Hello dear TikTok team, I am requesting you to turn on TikTok monetization in Pakistan also, introduce your app in Pakistan, it will benefit you a lot. Thanks you",5
b3eac42e-db1a-483a-b545-1196cb445191,I love so much this app it's so good! U can shoot videos and then post them <3 and there is no adds which is rlly good! I use this app 24/7. I really do recommend this app!!!,5
21352da9-a390-4dcd-a5e1-d593756a8ae7,It entertanes me when I'm bored and luckily I have internet so I can use tiktok,5
72ed9bdf-baf3-433a-a3d1-3c51a37d2cf9,MdAlamin,5
6d1a05a6-71cb-4b94-bfa9-88bc55c087f5,Is good,4
cb4816d1-c310-4ae9-ae58-aa53ce00bd19,md kausar 232,5
76e463f3-1116-421c-be4d-12430a563e4d,Fantastic App,5
ec1a0fb8-369e-4577-8c52-a45b5878c682,Wonderful,5
e4c5dea7-3849-429b-993a-cf02f0bbf1f1,Hy tick-tock please send to for you may videos please plesss please I am very hardworking this project but may Anny videos no best views,4
c7be7dbf-bb59-4a2f-bb0a-34ffdab3819f,I love TikTok and I like making vedeos on TikTok butt likes and views not coming on vedeos,5
a26a30d4-49c8-43b4-b423-c937a807b62d,I don't Want this Stop Sending me this App it Will Never be on my phone or tablet,1
c29a0561-812b-4dd4-bef8-9d503d6c0424,TikTok dawulo do,5
4896939b-eced-439d-ae7d-75875e06df97,Amr mon cayse tay 1ta disi 😑🤨,1
61be5027-51e3-43f5-90ab-3935419ff594,Shukriya,4
6ae1c8ce-92ad-4d32-b1f5-512cc6b707e7,عزیزبلوچ,5
1ffecf35-87ad-4f9e-ba7f-d01b2fdc50db,The app is excellent but my only problem is that it sucks data and glitches but it is wonderful and I advise you to download it,5
5c3da569-f426-43e6-9cb9-f5f59019b022,Please TikTok Team VIRAL My Account @malik_mohid_ayub This is My Account 👆🏻👆🏻,5
130bc20b-373a-437f-ba77-6edb25082e7e,Super Tik Tok,5
ef17f11b-9935-4ffc-828a-5149cea9704b,Am enjoy vedios,5
b121731f-979a-489f-967c-e54ac9bc643c,Videos are too short they don't tell the entire story 🙄,3
6536be68-4723-4c25-b028-b0be1064ee17,Nice,4
56c71e5b-4c13-425e-819b-0087a14bf442,تحفه,4
203d5fbd-0718-4dd0-a744-886d5370671a,Please support me and my videos foryou,5
07fced85-f288-4166-a339-a13ff017432d,GOOD,5
a498f5f0-7a0f-4c8a-a58a-1dd6f5f295ba,Ajab Gull Khan,5
07a7538c-1abe-4610-a48d-c3a9c2aad486,It is really good but it takes up storage but I love it,4
c3ab2d62-56b2-4d99-86d9-e197d50fb762,Lanat ho easy appp py,1
9c27ac1c-cbf2-4743-9c21-901bcc061cd9,This is bad app because they have been suspended permanently for no reason but still the best,1
b8266bec-b2ce-4d1a-af4b-b381323a2398,"Good,full with entertainment.",4
05caf93e-0e36-4bd5-acbd-89c2646ca271,2oq,5
edabb701-4670-455f-992e-5ed257f2a988,It did not let me log in the quality was so bad and I can barely sign in what I want it letting me go in and logging me back out,1
73f81444-d3d9-4bc4-a465-2245d438e188,Love you tiktok please video,5
b25dff5e-b267-41d1-bf26-d03fb74c699f,🥰,5
54a2575a-94a0-40d5-b0cf-89d6bd6255ad,Mdfaruk,4
e232ecc6-a640-4568-b18e-63250f770906,Wow,5
8e0d9c89-6d51-4659-95f7-1f3603b6fab7,Abinash,3
25f26ea4-f3ed-410e-a931-1c7b37fa7541,Good,1
c21bf8e5-1f8e-49b7-8d96-bfcf937221cf,UyYu Yuk,5
81475fd5-f2c1-498d-a945-90f4a4142a31,This app bare good,5
107b76f6-1769-4a49-8ddf-deb2dfe93463,نوشیروان سندرہ,5
9dc25f7b-d22f-40ef-ade9-c49552a64547,রোজ,5
1bfc2815-6a4d-4f27-a3c8-27e35613ffa3,My tiktok isn't opening again after updating it,1
2882c2f3-f86c-40f1-966a-2a5b5c61627e,Stop,5
2053e84d-1906-482e-99ad-812691ca1d08,Sjamhsjttgdmpssykabmbm Shamus jgtc dmp say kab mbl,5
fcf68b41-7759-42f6-975b-727860d0c6c0,"I have had a nice experience on this application, engagement with my customers",5
a92ee2ef-091c-4434-92fe-c9925432fa70,Giyu edits are worth it.,5
1ff557d0-b1f2-49da-a050-003ee693a846,Its really good I recommend it,5
d743cc4b-fcd2-4422-b52c-7e8250374599,My friend send me a msgs but I can't receive her msgs so plzzz solve my issue ..,2
39c47b3c-14ea-4d1c-b030-688aa890659f,Good,5
f70036b0-b00c-4aeb-9f5c-69016c1f6703,Its not very good,1
cf2169ad-7f5a-40ef-9dd3-c2fb58523573,Nice platform to upload your contents,5
cb9cf4df-b1dd-4d1b-bdaa-b1ac29c5659c,Good luck,5
7dfa8891-a20a-4da1-aa8e-4d1c444cb3a5,Ok,5
23b0601d-b0f3-4d33-813b-6ad461c5ae85,Plz tiktok team unfreeze my account Iam so worried Iam upload my video not view plz solve this .shayansaeed221,1
d46f2999-051b-4eb0-941f-511f9e59ca9d,Tiktok very nice❤️ I love tiktok,5
6179449c-0714-42f2-894d-72b2a0ad210d,Please solve my views problem in tiktok ID( @chotabhaioff ),1
de9e472c-2a12-4119-8814-3b1741f74773,Doobeb,5
e48599b0-8136-430e-a59c-fa0da56901e8,FUA OOOO,5
e9028ff7-b45c-4330-8b82-e4cc6e39da27,Lovely,5
524a199f-ce8e-45c2-8cb7-680de61fd7ef,Tree,3
3529d452-4b61-46fd-8c0c-b6b28c26c4f5,Loyyyl,5
047c6909-c8f2-4410-86cf-074e88317e45,I will have to check it when I see it,1
4034a715-0526-4c3f-849a-9e934d9b7d9b,This app is fire,2
9db600a0-f647-4ba3-bfd2-24760de2bde1,Hello tiktok Team Please Unfreez My Account User Name: shahmeerkhan348 I am waiting for your response ❤🙏🏻,1
7a24f5f6-28b9-4774-8c4a-c0e06503617f,নীব্ হোসেন,1
ecafa5c6-4fb6-4275-8cc0-097b401a7b04,It's joy giving,5
5259f130-1309-493e-9511-614b1cea654f,👍👍,3
a1597d1f-7946-4a26-95bf-0f808be39dba,IT WON'T LET ME DO SLIDESHOWS,1
b719ab21-9bc7-4da6-ab66-d7e7ef6df1a3,Great,2
3e83222d-441d-43cb-abfe-e462788d0ebc,v_muneeb_ff old account but do not responding on my account stuck views on 200 views I work hard to make vedios but don't get viral please fix my problem 😊,1
a5431d78-dd79-4d21-8ace-af6d6de848f0,My TikTok account not open Plz my TikTok account Open me TikTok id Rename.(MohammadSajid920) Thanks,5
39a91fa1-17d9-4c8a-a9eb-574308f3ee00,Excellent,5
8a3ea58f-f435-4fcc-a357-6eb8cbaaa3f7,Jufh,5
877cf48d-ab7e-478f-96da-79d03c1e16d5,It's nice platform 🙂,5
517ee971-b24e-4c4e-b1e6-a752715519dc,Very wonderful apk all people star ✨⭐this apk,5
bf6698ae-b43d-45e2-b29e-958dec9c5631,"024 Edit - I can't successfully trim sounds or videos. I'll trim a section of video off, then when I go back in to start recording again, the trimmed section is back on my video. When trying to trim sounds, sound will play from the beginning AND where I move the slider. And there's no way to put ina ticket. Bug reports and emails are ignored. 29/6/2024 - I joined just to see what the kids were up to these days and now I'm addicted. You've been warned 1,770 people found this review helpful Did yo",5
e695bfc1-53f4-44e4-91c4-55b73225c8ed,nice,5
5c0c6d95-0863-4dda-aeb4-536131cd247b,Best regards,5
63d75920-d464-4672-b64c-b537f4917250,Unsettled,3
e1ba25d4-d367-4140-b554-b219c0989b0d,Good,5
e6518a19-c9a1-487f-9340-401c3ad28865,"Fuc the CCP!! China is spying on your whole family, and TikTok has included malware that is nondisclosure and ensures it installs in a firewall isolated encryption sector that Google can't evaluate after installation...look it up!!",1
8bb6b4a2-ad99-400e-8ebb-ed867f518d74,Its so good app i like this app very much❤️❤️❤️❤️❤️❤️❤️❤️🫤,5
0c7e0b0e-6f92-4f6c-8870-6fb40466a0fb,So intresting,5
f5e9df80-4878-4058-820f-d74c6dfffbc6,I give TikTok 4 stars but I am facing a problem I don't know why my TikTok beauty mode is not working 😞,4
fe22f740-612c-4acc-8f95-4a31580fa522,Meri tiktok bilkul bekar chal rahi hai aur bahut jyada slow hai aur koi views Nahin a raha hai,1
3fcc6e72-d721-4cd3-ac83-59e2a8af2e7a,Sapot chai Amar id te @rojen.khan,5
e218ee1e-ab46-4103-b9f8-696f70e30ed1,"BEFORE, I WAS ABLE TO REPOST VIDEOS, BUT NOW THE REPOST BUTTON AND PAGE DISAPPEAR, TIKTOK IMMIDIATELY FIX THIS BUG!!",1
41cd12cf-0fe2-4b1d-afbf-94d2e2ea4d80,Nadar no rex lahor Pakistan,4
00d1a889-c667-439e-abbe-e953e35c4b97,টএতডগটর,5
be7a2f71-f247-42d9-99b3-d1df007ba6ef,@Mokolmokol,5
c24f8d1e-96ab-45ad-9ebc-145b17218baa,It's good when it comes to funny videos bt I have been to this industry for the past 2yrs now and the followers are still the same,5
2c1ed64c-944a-45c2-8529-781954b0fe73,Plz viral my account your app is too good,5
2f5ee4be-0c93-466c-8bdc-c6a880b0e4eb,I like it,5
306ef308-811d-4f41-b53a-1d3830ad1824,"Amazing App, you'll never get bored with this app ⭐⭐⭐⭐",4
f9ceda9a-f3c5-4b53-8702-f2b3bf982c39,Goode apps,5
049c6b81-ad5b-43d2-b6a4-f1d155aadf60,This is a great app,5
ff045e03-9e27-4301-90b9-0dad15beb9b8,Iftikhar,5
9b1c7c0d-5a32-4175-82ff-eadd3f52e131,Enjoy,5
c5709238-8e09-4d01-93fe-63c78b4f5ba9,Very nice,4
6249c445-432c-41a5-b1d2-2d3e9b77129b,This app is so mean for the past 2 month I have NOT been getting views likes followers but now I am stuck at 800 followers from 1k to 800 followers this is unfair people get more followers but I am not getting more followers my friend and you know what tiktok you should GIVE SOME PEOPLE CHANCE TO GET POPULAR PEOPLE ARE STUCK AT 60 FOLLOWERS NO VIEWS NO LIKE INFACT 1000 VIEWS TWO likes this is unfair this is my tiktok name go and see for yourself,1
1442e7b5-ca6d-4207-9d00-13a225963bcd,This is a good app you can interact with people from all around the world and learn new things I highly recommend it,5
6610f59a-d0c8-4da4-b044-dfedee495545,Good,5
4ab48ed3-7f9f-4994-ae81-9a25f49b40df,It's cool lots of funny stuff,4
c51a60b7-37bf-462e-b307-f682fdef2d9b,Hello tik tok team I have been working hard on TikTok for quite some time and have been positing very good videos Please check my account and unfreeze thank TikTok user name (........) My gamil (.….……),1
504a3711-9671-4dcd-a195-b8b2865e154b,Veryyyyyyyyyy nice 🙂😍😍🙂😍,5
dc952de7-aa7b-4bcd-a4d4-f2aa6be36856,You can make as many tiktok dancees I love them✓,5
14242a8e-2a1b-491f-8732-d52c7a3b68e7,Very Good Aps 🥰🥰🥰,5
b2fad300-4653-4419-b909-d96daf22f3c9,Huggiicuichihggcc gfggh you want me too but I think I think I have some time I think about is you can get it done before the ufeucioi I think I think it's just I,5
e36d1a6d-a71d-4f64-acb2-208faefb745c,This best app of online,5
d5459b8b-f953-4e4b-8ce1-086ea2f338dd,Tiktok .,5
55f1bbf5-eba4-43cc-9168-5d7f24f5edfa,Hello Tik Tok Team I have been working hard on Tik Tok for quite some time and have been posting very good videos. Please check my account and unfreeze thanks Tiktok Username (msmeer97) my gmail (meer.huzoorbakhsh) _______________________________________________,5
37f7362a-659b-4be8-93d2-6cc1142c597e,Very bad . When I follow the users. TikTok system automatically unfollow. I can not follow others users 😞. I submitted report but they didn't answer.,1
5303fe7c-1811-4222-a3d1-b2e809c45079,I like this is video,5
47425a59-92bf-46b9-bb78-fac5fbca883b,Abbaskhanpukhtoonyar,5
5ad5d889-4804-455c-ab6e-3f60cfeed86b,🥺🥺,5
db3d4838-c729-4ef1-bc83-9c6ad8be2c20,سييييييييييييييييييييييييي كريستيانو عمك,5
6e5fea6c-f6e1-4c0f-83f5-ba728325e55b,Good,5
96556195-92e8-4d75-8310-b99b79536b55,Please don't under review My video please tik tok team unfreeze my account 😰🙏,5
ad34ecf6-44b8-4b39-b194-bf3f0649f0cb,Bad,2
a5c62fa9-5dd5-4945-acbd-2a206025d2db,Tik Tok please viral my videos This is my account @daniyal.khan185,1
1f42b6b1-bd2e-40ef-a699-fe1ab5316b35,I want it good,5
aa463715-4b01-4147-83a1-5c38e53ec722,Nice,5
02264c6a-13c2-497b-9263-10bf7a4e59f0,good app TikTok,5
f5d8ad93-c983-4095-9b1b-8736fe92c5e5,Nice,5
a3837a23-d2b5-47cf-a477-e3a8d865d567,Boyfriend is a player,5
1fb83864-b005-4e3a-9d79-a2220fb52fca,Rakibul,5
bc196227-54d8-4d5a-8ac1-76e825f873b2,"It's a good app but I don't like the concept of the blue comments option, first you click on one and there's these very weird videos, so yeah I'm quitting, not all because of that but tiktok is addicting so I'm taking a break",3
3a2b40e0-86ef-4445-a679-e95080109718,Hanzala,5
b3068822-0380-4e7f-8011-3b5a289ffaad,I hate this app I want to know the manager right now 😡😠👹👺,1
cd4d6f09-adec-497c-9ea7-3cad55fa5de9,Mere mobile mein tik Tok permanently kyon block kiya hua Hai please unban my tiktok,5
81a18d66-1234-429f-94cb-8f5ff5acbe23,"Les gens et en particulier les jeunes deviennent bêtes avec cette application. Scroller encore et toujours sous l'influence d'un algorithme, c'est très dangereux.",1
71e18968-19b5-4f91-b233-428abd6a9068,Appreciate 🥰👍,5
6f67df5b-b38e-4c4a-9661-e9c29530a4f7,بیرو نین اسی یی ټک ټاک ما ډانلوډ کړیدی,5
10bace56-b83e-4bd2-beb6-b56425a59060,Very good! Actually amazing endless watching cooking videos and crafts and all types of stuff!!,5
e3b6adc4-2696-412a-a2fe-c52f0f32ddc5,Un freez my account help me,5
ed9ee216-7281-4d9d-b2d6-032b6d8f29f7,اچھی اپلیکیشن ہے ❤️,5
2c2502ed-29d1-47de-931c-d629aaedd279,Please my video tik tok for you,5
40415571-63e1-4795-a52f-9d24ebf75a9c,Good App,5
c9e0483d-af1f-4576-95e9-309462a206fe,It's the best of best,5
58d4a9b4-559d-464e-b02d-7b6dda3d9fe8,TikTok teem mara account please for u pa chla do ...... please help me_(?*TikTok team please help me _-)(;;;;?,5
7e1e5514-d80b-47e1-bf3d-a7eaf7f4b706,Good,5
468feb85-6af9-4f00-a8cb-5242e0545feb,altafkhan12 #@^*(),1
87d3e74a-c609-4a42-a76f-9bb718548aec,I wante to garo my tiktok account,4
8f7f3203-64ff-435b-b2b0-3b963cdd737b,Nice app,5
9bb0bfcf-78a2-4e68-adc6-94ed4a97da65,Ahmadali 25ef6 Vegas pro is 2,5
8c35f7c3-1bb0-4acb-8af6-fa89e0d6a273,Babar Azam ki wajah se achi hai,5
b4c8b9a4-fc9d-4b7a-9857-c81ef62ccc46,I can't post video on photo the option is just not on mine,5
44c065bd-2e27-4366-8b9c-69bf89d72163,We can make anything in it and there's also videos we can watch even as a kid sometimes you get banned but it's ok because we can just make another account most the kids get banned because we need to be over 13 or 15 I gave it a five star,5
eb64d6e8-e7b0-4536-85ea-5b62563cc042,wow,5
b7546613-0ee0-4b64-aad8-09682c5ddc9a,Is a great app 🥰 But Why can't UGANDANs withdrawal our TIKTOK money with our verified PayPal accounts?????????!!!!!!,5
308a6867-dcb2-41b5-b861-e3c122955ba3,Nice,5
7297394e-ba09-4a84-8970-170a40edb5ef,Love this app,5
6c871fdf-b7c5-4590-9fa3-640d045b5cd5,Khoti k bacho. . . . kuu hr jga apni bhn pysh krty ho. . . hr jga tmara aad. . . . . .,1
4b8cab92-fada-4d16-b406-f6bdbb28c23d,Best App 💞,5
ca4760fd-45de-4bef-aff4-fbf9b941b3f8,Wow,5
60155ed4-3c64-42d6-a5d1-7b9061f4a491,This is a very bad application because it bans the same account again and again which belongs to Mr. Patlo without any reason,1
776a2fc1-a0af-4f1b-b207-77ab4e0115b1,"Xki,lcc,*Today 2nd of July 2024* Dear God, We come before you today, asking for your healing touch and your divine intervention in our lives. We pray for all those who are suffering from sickness, disease, and pain. Lord, we ask that you: - Reach down and touch the sick and afflicted - Drive out all sickness and disease - Restore health and wholeness to bodies and minds - Comfort those who are suffering and give them peace - Strengthen their faith and trust in you We claim your promise in",5
737b2456-d93f-4345-b0ab-dc672abd98e1,AbdulRehman,5
5fd59498-f847-43a2-b7f8-a7ea829b6bd6,Very nice,5
cac69712-6311-4c36-bc14-bf7aa3389f77,Please hamara tiktok account per Koi respond Nahin a Raha aur koi use Nahin a Rahe Ham tum bahut aapse feel karte Hain ki hamare tiktok ka account course practice @alijutt7579,1
94a8a3f7-d818-4b10-a8bc-4fcbbb382c31,Please follow my acount and like my video please,4
b1321108-3176-4ae6-9b0f-575793bd55a3,Live saeedkhan,5
212c745a-3cd7-40c4-b78e-2f84c6aaa56a,This is a great app in the world,5
6e772400-ce34-4829-b38f-bd8c168d4fc1,البرنامج حلو جدا بس في مشكله كل اسبوع بيتقفل عندي و مش بيفتح و لازم عشان يفتح امسحو و انزلوا تاني ارجو حل المشكله,5
c3044837-0c07-4e45-b7d8-788203c42c4d,Goku,3
a1136156-42ec-4504-b480-73e4f243b4fb,The experience more than could imagine.,5
5894c0c5-d350-42d4-b2f0-3c3b79769fd3,Aliraza,5
df9a4791-4262-488e-a178-3e89eb4c3f16,"টিক টক আমার ভালো লাগে,,,💝🖤🌹",5
ec0cfea7-ab0d-4cd1-bb05-9dedfe5a5c2f,Not good,3
7e2afd52-d795-4fdd-8053-92e23a3c52f3,Pls I need it,5
185636cd-1bdc-4351-ba65-7774f650d569,In,5
cf7d9533-1e10-468c-b0ef-9d438e062f70,"Waaay tooo many ads/commercials they are what they are,in my day they were commercials u can't candy coat that. Dufm...",1
53e074e9-9239-465a-8dae-9ed3fa1e9764,Between,5
b13a4a94-10c3-4c87-a6a6-861617c9a407,chapriìi..protibondhi ...tokai sob tui🙂,1
97c68033-32e0-4e0d-9455-d4fd97ece940,Nice,5
a2bbc1c6-28ec-43d2-8e08-4ac9b12aaa0c,good app,5
6e681d65-5fb2-40e8-9b41-269198d9ec59,Love you,5
4cd9e220-ee59-47c2-b88a-055642c02886,Nice,5
b573d813-eccf-4a57-a0ef-d915e1353e1a,very good 👍,5
095a71c3-b553-4d2b-aad1-3c7aa75e1c67,Poor,1
38a8a925-1cd2-47d9-893e-2076eed2e7dc,They gave up,5
c83c4fd4-cb15-4eae-947c-6ab91945fa19,Very good app,5
48e4d5a9-c88e-4f47-b696-5c6a2089f820,Verry good experience i thins it is better than face boock and you t ube,5
fdea5000-4caf-4cb8-adea-5964d7653ed5,Arafat,5
f8ddeb96-343c-45ad-93e3-341b9b8d43f5,Ñajibur sharif,4
3367a4cf-cc38-46ea-a184-fc32a3786b40,Please mara account par like ni a Raha ha please para account gro kar do please sport me or mara account na fareez kar da please mara account ka name kashmiri.boy.s,5
158a0df6-93f2-4a37-8396-6c15f923f020,নাইচ,5
42f999ed-4d40-4385-8176-a4e006014d09,Lun,5
91f9b577-0061-4e2b-ac4b-27bc837a5596,Hello TikTok team have been working hard on TikTok quite some time and have been posting very good videos. Please check my account and unfreeze thanks Tiktok username (.......) My Gmail (........),2
d1b51a69-219b-44bb-bf66-151aeda74a96,I like it,5
5e3b4b7c-2b13-498a-adae-487278cda08c,It's okay but what i want to see those are rarely come..,3
74d6a08b-6df1-4a79-b78e-a0801c3475d8,কি‌ বলবো আর যাই হোক 😁😁😁,3
5d47fca5-c5ec-4d38-95fe-4dc40837e947,It is a very best app,2
b601b814-a001-4777-b667-d1df86a6fefd,very bad,5
7a1c9a53-ca2e-49b4-8534-4874587a6260,Cool,5
0171cd84-3c92-4f40-ae40-2cafeb8f4734,Tik tok is the best like i love it so much,5
23f6c112-6ba6-49e2-a53d-ca69c243997c,Nice apps,5
5c85abfe-83d6-4d08-bfa9-3de0421ed1e4,I LOVE THIS APP!!!,5
5596d30b-a494-4dfd-98db-df1a20708a33,Does this app3 broadcast live not sure,5
90097bfb-9d6d-400e-adeb-bcfa331d997e,Abidkhan,5
0632f575-118a-448e-a280-1b521a8b1100,"Terrible AI scanners Your account gets banned for ages for no reason, when you appeal the bots just look again and immediately denies your appeal.",1
5526bdae-1d11-48cb-b9b8-5a575c7bf52e,সালাউদ্দিন,5
0ff2ad06-d21e-45f9-9111-461bb58d6cb4,100k followers,5
ee75ee9b-9179-46c9-abb5-37b804177f95,Love it very very much,5
61c697ba-2483-433a-a6de-0b7256b0d88c,I Love Tik tok,5
41fed732-e117-4bed-8971-18e78bdd5527,Gfuygg a gaye a gaye lyrics meaning r even if it's a gaye lyrics meaning to ask a gaye and Tammi Terrell Texas to get the kids to the kids to the park and middle of am fine to get it to you sure to get it to you sure to get the kids out hi to me Laraib aadha to get it right euro is a little more sense than the kids ready for a good time to you and you sure I have it in my school elections vice versa lite y a gaye a gaye and Tammi to you sure to take care of the night 😴😴😴😴😌😴😌😴😴 tthey hey,5
24e53038-c15c-4ab0-b222-4705124bb397,Tiktok is very help full app,5
461e4536-bba7-4f65-b837-12aca0ba9dd9,@ItxhanOo2,5
2636155d-135c-437b-a298-1e634e00efc7,TikTok My Crash,1
3267b8cd-15bf-4259-b8db-720e4cd505ae,Hi there,1
4b1bffd9-3a42-4cd8-9c3b-da162535acfa,ttyuuteetfg,5
34f00b5b-a516-4850-9640-f2c3d48adb49,Nc app,4
ce524c02-f488-4cc5-9f64-ef4b235dbf4e,My video not viral support me TikTok,3
f857cfc4-c3c2-48f2-8ecc-4d2165faa959,its really fun,5
784ed2ef-79b1-4fa9-8aba-32e6f4d524f7,very Good,5
c103cee7-d902-4b1b-9cfa-1148c556e364,Asrar,5
37a050c5-bce7-4804-b9cc-c5a564e8b9ca,Is the best application i like it,5
40893cfd-e3f0-4dd9-b08a-4c6bc94b4cde,Hy sir my mistake my account not send messages any person plz sir solve My problem plz,1
959dea70-cd6b-44d0-bca6-176712a39a9b,مرة حسابي اتقفل و معرفتش ارجعو تاني,1
34a3ae94-d3f4-48d6-a003-7dca07771811,Hi tik tok team please unfreeze account views likes follower please views live please for you,1
c5336667-9ae9-4477-a70f-9cdfc677148d,it is the best app,5
5a927b13-a737-4e9e-a6ce-5d7d51929c44,আমার আগের 😅💔,5
ea8848cd-f4d4-45d3-8293-f9ead8eacfed,আসাদুল জামাল,5
7544145c-b838-461c-aaf9-0a1f9dc96100,After updating it will not work,1
8aede375-a435-415e-be7c-74a45b1ca6b6,My account please viral 🙏🙏,1
79d0f79a-b079-415a-b1ec-6bd9308ed2ed,Good,5
6de9357e-f186-4445-b056-0f578d5ae423,Tiktok is best app ..my favourite app please unfreeze my account sir thank you.,4
4cbb3091-67bd-452b-bad6-735e4394cf7e,Excellent 👍,5
2f6c22e4-2b50-460f-a87d-510f8ca59bf7,Esakhelkhan,5
55435749-a6e3-4883-b002-5443cb8101c2,Nice to see you,5
0d2b03cb-9e4b-4e40-a03e-ee49cbe2fb7f,یہ میرا موبائل میں ڈاونلوڈ نہیں ہوتا,5
146246a6-d0bd-4471-b199-5350e8158033,মানিক,5
0fdb75d4-ea4f-451b-9cda-5923e1f7f048,For you 💕 viral my video stunt my video no 🙏 viral pleas foryou,5
864cdd51-e726-4628-8305-12f0740b2620,Please tiktok account viral please🙏🙏🙏🙏🙏🙏🙏🙏🙏🙏🙏🙏🙏🙏🙏🙏🙏🙏🙏🙏🙏🙏🙏🙏🙏🙏🙏🙏🙏🙏🙏🙏🙏🙏🙏🙏🙏🙏🙏🙏🙏🙏🙏🙏🙏🙏🙏🙏🙏🙏🙏🙏🙏🙏🙏🙏🙏🙏🙏🙏🙏🙏🙏 waseemWaseemdars,1
fb8aa67a-7829-4902-92c7-53ac07a98bd2,Mitchell dumeta 20001998,5
6485d4eb-8ef5-4b69-9d26-79b1f6a2cfe3,❤️🤗,5
129a7580-8498-45ff-8fe9-e80c3eec58c4,1parvezali 10.k 👍,5
f75ad7bf-76ca-45b8-b2e0-b6a2e967409f,Best platform ❤️,5
61f362ce-a642-4d73-b1ed-bfb9e314298f,Wow,5
54a0c12d-cd97-4824-bb88-8718f37454ff,Likhon mia,5
622b8eb8-a748-4915-9a29-80b0edaf616d,I give it 5star bcos it's very nice nd easy to operate,5
44636746-1842-4c00-a730-0feb0520fb92,Khair Muhammad Baloch,5
613aa172-80ff-456a-b47f-b8ebf96845d3,Simu,5
80398aaa-5b26-4acb-ac60-61aab8995822,For you My video,5
099de77a-fb15-4844-9b1e-dc40d11df237,Plzviral می وڈیو,4
2f9f0f17-4e3d-4175-9984-52ee8891121e,"L,lol, ,",5
dd8bf9b7-f79b-46f1-8b1b-61b019bff701,it have nice girls,5
10d279f0-9c4d-4647-bcf3-d623fc77d790,Meri video per 10 ke like kar do,2
6d5785d0-4fd1-48b3-831b-b4184e7f269a,Anaz Khan,3
c9f6f2d1-734d-425c-8c6b-16c82b870814,Vedio fur you 1000k veio trending vedio,3
9766478c-6217-4c31-8146-fdb0e26980c9,Tasveer tasveer post support karahiTap,5
a72ec4d2-0be3-46c6-be2d-a2f10cac1a59,Problem on my tiktok I don't know how its work please help me someone,1
ceb07891-c72a-4dd4-8dd0-a11f5b82b7ff,Very good,4
6bee0eda-8561-4888-b561-37cdcd1e8b72,مم,2
97896c80-a77d-40e9-8b85-659fe6e5fb1b,I hate Tik Tok not viral my videos 😭😭,1
7d1339e6-e83a-4935-b3eb-8b1b0f2afc3c,Abnormal people use it,1
a4ba7c12-8443-435f-a38d-89cf3fb03bee,Just love the app it nice and understand try it,5
e29a7182-47da-4eb6-9cbe-6e811538d856,Nice tik tok,5
2b5286b1-4d88-449b-8afb-41af74c0561c,This application is very good and fantastic,5
672780be-32f1-4ae6-bad1-5fb10f13feb6,Great App!(too tired to write more),5
67ad3dc5-4812-4e02-a707-d1f421adc966,Good App,4
bfc6a8ab-59a1-46b6-adcc-a01fc31096f1,bellal khan,4
453ef0b9-e7df-4515-95d7-0dc5a7fdc49f,Hitiktok officials my video viral plzz my tik id users 786tamimff plzz tiktok viral my video for good lack,5
294b7a20-1645-4c3a-a266-6c537964e972,Ijaz,1
577b4c3b-7494-40e8-8d3b-f2111395e45f,Good application 💯,4
f8a3dcbb-ca3a-457e-91b6-db896877e5ca,It's good 👍👍😊😊,5
804857c7-a61d-4498-940c-7bd5173213b2,It is so amazing 👌,4
45f4bcd9-8a65-4e52-b166-b9a9d20489c0,Very good 😊😊,2
f5e79672-1928-46fb-9fae-91be7aed98bc,Nice,4
a0e69d18-f1cc-4a74-8ae3-1436fbdc489b,Dear TikTok team please open my profile views please please please,5
ce5e8ecb-392d-4f15-8f9d-34fbde0ccd31,It won't let me in,1
2b18df9b-0a60-4af7-be5b-374d28d09d98,افضل تيك توك,5
42293b3e-48bb-4bed-9438-dcca36eaa1e1,"Too much of unwanted stuff, low grade insane posts show up against your level of intellect",2
b9d628d5-cb12-4a08-bd35-e447e2ce6140,Trouble installing,2
b40cb9c7-2b92-4335-b033-e7d67911df89,I love it,5
8de37c1a-0768-4b28-b06b-5e693954553f,Just nic,4
5a647a0e-8dca-4856-a2c3-719173460c90,Following fur my aqaond,5
7a6915e2-c664-4816-bea7-e9164d13cdf1,It's very good appreciation,5
52e66166-f27c-43c7-8d3e-fe8fa3a436a7,Very best app but i also face issue on profile veiws,5
d6f647ba-c0cd-4fef-b4cf-1cf52d5cec29,Ghhu,4
0fd98542-e55e-4904-93aa-4b73f16a0a99,"I've been using this since this app called musically but now I after changed this into business account , I only getting 0 views?????????????",3
567701f0-9cad-4939-8a69-b966a7c4d927,TikTok is very good app,1
fae5335c-542b-4cf0-89e5-0d3e286ad107,Gʀᴇᴀᴛ ʙᴜᴛ ᴍʏ ᴀᴄᴄᴏᴜɴᴛ ᴠɪᴅᴇᴏs ᴀʀᴇ ɴᴏᴛ ᴠɪʀᴀʟ💔,5
7bd27b41-8847-4f62-be63-0990f9c2e453,Please sport me TikTok walo,5
6744edbf-69ea-4d10-90b2-1d5a7a5e71b5,"If someone doesn't look like their age they get ban ,like you shouldn't base them on looks and Even if put you're age number on post or in the bio or somewhere it doesn't matter,it all bc someone doesn't looks like their own age it not the person fault ,that just how they look like and slowly grow ,some people are really their age but can't post bc they don't like it, It's nothing that they can do about it, it's really ridiculous.",1
dc858561-5608-4295-81a4-4de54b00732a,Hi dear TikTok I'm new using TikTok application please check my new official account And viral all videos for you Page,5
0ee27e8e-5d5a-4c1d-865e-207fce44d925,Malik Israr ak 8,5
603d01a4-9b12-428f-898a-0c8520123d33,"This app while great, has huge moderating issues, lots of disturbing videos of animal deaths and people, porn that goes unchecked and when you report they say there's no violation found. Absolutely disgusting from tiktok. At this point, i agree with the ban of this app if the moderation team isn't properly trained to uphold the morality of the community.",1
1bcb2f67-7cec-4634-8c21-240a96817317,....... ✨,5
77a3d94e-cbb8-46ef-bd62-4106131a0b13,For you,1
ae4d000d-7469-46c9-9e8d-74dcd7fb331b,very best app,5
8c30ebbf-6172-43c4-9a21-584c6e3a8f5b,Wonderful 🙂🙂,5
1f07e9c2-65ff-4f63-a329-f1287df35557,Good,5
df9e24a0-53eb-416a-b4fe-0539055986b5,It helps you to full fill ur dream🥺😌,5
524e197f-e454-47ed-bba9-8548d2433536,ok,5
0ca53ff2-4a1a-4e1b-a232-0a2c88e751a2,JH🎞️🎬💞❤️💗🇵🇰,5
9aefb961-eae8-497a-a775-e70dcdbbe6cb,Why not updated?,5
6d00e2f1-38fe-4aee-80f6-1031e666c216,Lebone MokAi,1
90a7145c-f708-439f-954a-54716a82781a,She'd hives the same time as a result of the most important thing is that the company. I am a beautiful person who tagged to get t the same thing as well as other day and age of the,5
6f1cc9f2-a860-4f03-8a44-828999af420e,Every time I open the app it just keeps loading for HOURS I tried uninstalling and reinstalling but it doesn't work this has been going on for a month now I don't understand why,1
a52b1224-5156-469d-9633-c4abc27462a6,"Those who are at least 16 got ban bc they didn't look their age, just bc someone doesn't look like there age, it doesn't mean to ban them for their looks, Someone may not look their age but they are up to age,I have seen little kids go on this app everyday to post and they not looking their age,why they not getting ban,so why shouldn't teenager that's met age requirement, can't post , just because they don't look their age, they are the age they're supposed to be.",1
06e28809-ab4c-4472-bbc7-a830388961e6,Vvvv good,5
676e5556-a341-40f8-8e3d-fedd257c32df,SaljdJam,5
3a46f6c5-f524-41fd-9db7-3387e6698e7a,Bohat Acha App ha thank you,5
611c69f2-a9f5-4a9e-94b8-85cdefad61cd,Faruk Hasan,5
c964d6a6-1911-4b85-8964-5a80f40c0973,Good,5
dcdd95c2-b764-4dcb-827c-ef7d90ef5134,Hello tiktok team I am here to let you know that Iam facing issues on tiktok regarding freezing of my account because my account is not getting even a single views or single followers from last month. I hope you consider my issue and resalve it ASAP. Thanks in Advance. TikTok Username. TikTok Gmail,1
6c5d7228-a8d6-4dee-9c1a-686bd8eca699,"Hello, Hi tiktok team viral my i'd sajjimughal09.Please check my tiktok I'd my i'd problem videos views only 70/80 .please checked my i'd and solved my problam. Thanks .",5
a9a39dee-6ada-46c4-bb81-807ba50eaa74,Very nice,5
27e06d42-e0df-4ad0-9946-385f5425256e,superb,5
ce948b45-c472-4e9e-a44c-1d267aee0008,Macht süchtig,1
2d170517-14e4-46af-b151-b296ff47c464,Mary video for you🛐✈️🤗💯💔💝,4
d305d70a-b736-4da6-a8f6-0b07b8631273,GOOD 👍,5
a58150a8-bf47-4c33-b49b-c92c317ffb16,Tik tok very bad,1
6c3c5663-358f-4d0a-aaac-1c0e036e1c0c,"It banned me from my account, I couldn't get my account back Hate you",1
9acbb888-185f-4adf-a8b5-6a7fc4bb5f48,I love tiktok 💯,5
7d650d79-e658-417d-9a7f-dca5c2e86d06,Too good,5
665da871-2462-4186-a0d6-bc03185fb09b,I like this apps so much,5
a4ebda35-9a64-4960-a65d-c46b1a909442,Very great app TikTok,5
5bc171a5-2055-4de8-b20b-5188dc5bfdaf,nice.,5
4bd08175-4331-4f79-a380-3a924ecf0ba9,All I can tell about TikTok is the amount of panties and scams that are one here.,2
a6b988a9-8873-49a7-ab90-4d95a684cb86,It's a really nice app,4
c0606101-ec7f-4fa4-bb98-c2e504154d3f,Ha beautiful app,5
4fb6d39c-7b6a-41c2-a1be-41288f7a1b71,5millonview,1
ed87ecc7-fa20-413a-a1ff-b5ab7fec55e6,Lakh did lanat,5
95176905-87ce-4830-85a3-3b18947de250,Good,4
2b79b43f-432d-440d-9ade-403094123e97,SUFYAN,5
85d71f02-c9bb-4506-ab1c-7e37c0fead52,I can't login into my account !!,1
3ae5697b-321c-4648-b229-aa45f6c5401d,"Amazing app indeed, no doubts about that. Well display too only few things that need to be fix, too many bag or glitch most of time, sometimes it takes time to load, mostly annoying fact is music, this has many great things but it hard to find song of your favourite even in the search, when searching, there's no similarities at all. It hard to find artist of your choice even if you manage to find it, there's still many songs are unavailable in, over it great app, mostly recommend for me.",3
9c3bdb4d-81c7-47d0-8175-0ab1de2bb5fc,My tiktok acount freeze please my acount unfreeze my tiktok id @pubg_mobile6415 thank you🌹❤,1
6524f075-04fd-459b-aa97-ee543009c620,Good,5
761cc686-697e-4171-944f-dba5411225b6,Excellent!!!,5
84abcb8c-61a2-49a2-b36c-8820de503b9c,Pakistan,1
bf1d636c-c790-4dff-b47d-3311422581f8,TikTok team tiktok zindabad 🇵🇰❤😘🙏,5
37df08d3-603a-4c33-aa90-ee799e73f623,Kashibhi,5
70341f3f-bc96-4cc2-bc55-e7e3f668bdb3,For you,4
25eefd8b-92ab-433a-b3c1-0418f1f5f966,꧁༒♛SaliM.King ♛༒꧂,5
413de254-372b-4f7c-9df8-d6c571f6a2a3,Nice,5
b54e9b9a-8528-49d1-935d-0b7ba153389b,Pliz my id vairal,5
4058723f-3d8e-4193-a27e-7fea9a59f2bd,Verynice App,5
65a11da4-b4ba-46aa-8283-3423e248f4d1,Nice,5
9f9db364-e42d-48b7-8118-902ce97a77a5,Good,5
253081fa-a289-4dee-b588-4828e82f3877,This is best app for time pass,5
a9b89172-68eb-4c32-a5f0-ea737662fa9f,Zahidkhan,5
7eb9b119-d3a8-41d7-8ff3-62979e2739d2,👍,5
97e64fb1-63fd-4274-b468-3a6c4d7b616d,TikTok app to much wonderful 👍🏻😊,5
091c2f90-5145-4826-9a3b-09f868985e74,TikTok teem please help me account no video views please help,5
c2da0e40-df63-43ff-b131-f1a9fbfdfa22,Hi TikTok team.My account is badly frozen please unfreeze it thanks . My account name is @ib.dogar,3
11ab5a48-2003-4b5b-bb8b-4d9b386e2b91,Awesome,5
130fbedd-6bc7-414e-80b5-4e045f146a90,Good app,5
0f4fecaf-8556-4f9a-92da-4cb91e028400,Poop,4
36d708b9-9585-4886-a82a-5c36cfaa77ff,Faryou,1
18168051-2ee0-4c34-af42-a2f7038c6a84,Mare be followers 2k ply,5
e828fe4e-7fe3-4a65-b941-ce20d076af52,Nice app,5
f2388b20-00e7-480e-b2b3-06eefd9e1d63,Great,5
65d2d16d-56ba-495f-b9a6-e238b5df98d5,Unfreeze my TikTok account @hameedullah2637 pellzz 🙏,5
0c1b0e7b-0a36-4435-8eaf-e713dc45a003,"Hello TikTok team, I am here to let you know that I am facing issues on my TikTok regarding freezing of my account because my account is not getting even a single views or followers from last month I hope you consider my issues and resolve it ASAP Thanks in advice. Username : milky_vibes001",1
14b8516c-46a5-4409-880c-f516711a582c,Why not open tiktok in my mobile please open my tiktok account 🙏🙏,5
345ab42f-cd61-4b60-b2fe-5c955b95aae1,Please. Tiktok id foryou me,5
6e20d648-465e-44ce-9502-0ea88f571b6e,Please seaport,5
5bd8a177-aad1-4232-9d5e-afd38e9f9c07,Th+s----------scH8nEze _?,1
10b17f54-12f1-4638-bc2a-619949e19f52,I love it,5
5366ce03-a35b-4716-9389-9faf64812921,Thanks all team work is very good,5
e9f329c0-98c3-47b2-9c05-2f248b2b0e83,Tik tok ma kya rakha ha it's totally waste f time😏,1
35e004bf-d526-4a7d-bbf2-d0ccf09ff43a,Anonioa,5
e3be22fa-a452-480c-b703-b75f0b8afe4c,I will buy tiktok just to need at least 2 -3 years to get 200b,5
6a5bc6e2-8d3a-454b-b8b6-58405f4b1670,My favorite app,5
6b20ae8e-21dc-4c25-a856-ee8ac19b9c46,Hay tiktok mama peta lagasi,5
438f883c-811e-4735-9e73-83ef06042661,"Not now [01/07, 1:02 pm] Allah Is Great: Kion koi wja [01/07, 1:03 pm] Allah Is Great: Pagal pagal pagal pagal pagal pagal pagal pagal pagal pagal pagal pagal pagal pagal pagal pagal [01/07, 1:03 pm] Allah Is Great: Hn 😂😂😂😂😂 [01/07, 1:04 pm] Allah Is Great: Itny zid kha sy aye apko [01/07, 1:04 pm] Allah Is Great: 😂😂 [01/07, 1:04 pm] Allah Is Great: Acha pta bhi nhi hy [01/07, 1:05 pm] Allah Is Great: Han ye to main nay dakh liya [01/07, 1:05 pm] Allah Is Great: Ziddi khi ki [01/07, 1:05",1
2372c45e-08c1-4720-9104-5add211a4498,ok,1
ce69da87-a351-4c6b-b8e8-35d8e03fae22,I want the ads gone!! Get rid of them,1
a6ed4214-e5c2-49f6-b988-464fd77134e8,"Hello I use tik talk for a long time but when I upload the video, the video does not stand at all, nor does it cause a lot of trouble.",1
3752b74c-103e-4085-a32c-f3ca32074cc5,I love it very much....,5
e0618edd-76f4-4a00-b029-6fbee1778c40,Good so far however I'm unable to see my friend's reposts on my For You Page,4
d5fa0ee6-da1b-4c9b-bb46-4a16df0f15a4,Very nice,5
6e9fb01e-7b24-4357-b6c8-480b12797e84,(I like tik tok) please help tik tok team my ID M. Saifullah kha,2
81c9987d-68ca-4ee6-916f-14ba2ab6cbe1,Very good,5
6bb84721-b778-408e-b340-90cb406ec4d8,tiktok is the best app in world,5
c3a68ab9-ec9b-46d2-95c2-9f233f958da5,Okme to video 📷📸 please ma oklikedolikelo,5
65d2d4ae-1efd-4f64-b3f4-419eaf6c6a92,Refat jomadder,5
992d6ede-d5d5-48c6-ad9d-6e242eab2724,Nice❤️❤️❤️,5
e1c99e62-faa7-4707-aef4-6ac212231f58,Tiktok my account please release in foryou,5
f8ed9561-1964-42be-999e-ce352905caef,Bahshz,5
f554c946-995f-432e-93e7-abcf5f2ff6db,Zain Ul Abidin Tiktok,5
385d2b24-de52-406d-9f2b-4eb31b912bc2,Nice,5
592ce1bc-5886-48d2-8de6-1f11522f96c4,Junaid,5
898a7fd6-cffa-4f0c-a3c9-3d4b3a09be18,I enjoy it,4
fc7ae4f1-d4f7-44b9-b710-962c19dfde7b,Very great app,5
fb54fa0d-5073-4adc-af97-4487f8a789fc,Fantastic,5
5188985c-f6d7-489f-a2b4-2b5065e2eadb,rahukapar,5
c7ea56dc-6323-471f-bb1b-f5f73ebf0308,My TikTok account is freez this is very sad for me because I'm uploading videos on daily basis I'm giving my time to TikTok but I don't get views. My TikTok account is @phupho_playz please review it.,1
687537f1-e41f-4584-baee-9f4c3b06fc80,Hi dear TikTok team I am new user please viral my all videos for you page don't underreview my videos,5
5ef60cf5-f27f-4f9c-8f5c-512ace8cad54,"Best app to interact, to share your edits, and share whatever news, and also recieving present news worldwide",5
033f2674-1b82-4f62-a3ee-9c939c61a8bd,Banned me for no reason at all,1
8dd4af81-a966-4c34-892c-6a49377f9ed7,I love app it's fun and I hope this app doesn't be banned,5
a02f113a-e914-44ac-b880-6e0183f23607,Best app for connecting world wide,4
5c6f9ff9-4779-42ea-a5ed-e26a49d926ba,press & hold 2x playback speed isn't working!,3
97b81b6a-3fd4-4c58-8830-63fcc31e72bc,For more then a year I have enjoyed viewing tik tok but recently I had to uninsured the app because it slowed down my phone considerably I miss it so I'm going to download it again in hopes that I don't have the same problem.,4
134c0a88-2a58-4e25-91f1-5d28568f81e0,Good,5
3528b08b-afa1-4dae-ad99-51388ac09ba9,ডাওনলওড,5
49af1026-55c0-466f-b8c4-a38acb8bebeb,Why is it that some phones can have access to dark mode and some phones can't. I'd like to have dark mode,3
d0a655f3-bf06-4d13-b9b1-062d9fa34423,Mmm new don't know what to expect,5
3a66569d-b19b-4a03-a3be-9eb05e70323f,banned me for no reason,3
b8c35b77-a9a6-4bda-8ca1-a241e339f423,obaidul,5
c94126fc-7cb6-4104-92c3-bed31d091997,Is fine i guess,3
8abf3374-3633-44fd-8bf7-e1356b656612,Okay could be better Needs improvement,4
8bd85e6d-c86b-4cd5-a530-9a80bd235639,Please tiktok fast,5
0dd52293-12ab-43a1-8023-4e3ca405e473,viralmunda 33 offical like plz adi show,4
3ec01030-45bf-424a-a7eb-62ce6b16cdc3,"This is a powerful app I have never seen in planet Earth, it's a life changing app",5
5217ae35-21fb-4665-a4ed-6c7ddff17556,Talent the boss,5
9cbabae7-54f1-4365-93cc-8b2e8dd98e7e,Because it does not allow children who are 11 years old it starts from 13 years old really my child wants to enter with her phone but she can't yoh yoh 😫😫😫.,1
15424a5a-4533-4931-a814-94ccac44ba18,Hia,2
02056858-8342-492c-b346-652973616267,This cool app and to much problems is no plus like no plus comments,5
40f9da09-4cec-4a1a-ad5c-57b8461984a4,The Girls Like To Flert,5
131d67a7-02eb-402d-98c8-79fd179c7db2,Every time it stops,3
6da97981-b245-4faa-a6d4-06070e41c5f5,Touch and hold a clip to piioon it. Unpinne oood You clips will be deleted after 1 hour.Tap on a clip to paste it in the text box.Touch Staples on a clip to paste it in the text box.nd hold a clip to pin it. Unpinned clips will be deleted after 1 l hourly or o.,4
28aea82a-8172-4e7d-9b2b-ed13d049b4df,"For some reason the app went to the whole different side in yhe fyp . The videos are repeating , u went to Google to see what the issue , I tired everything and updated it to the latest ,nothing works . The contain that I get now is not that I used to get .",1
490c0536-464c-4926-823f-9ff14e64cee0,Lag and net problem please solve,1
6ed42227-df8b-4991-9344-3aa74722d74c,Intrusive Malware level ads,1
8615413e-e443-4d74-9e50-8228a73a8e39,Nice,5
6422a199-6e01-4634-9452-5fb9d9784d8e,👍👍👍👍,5
10e9fba5-537f-4642-ba66-49d16fb001be,Good TikTok 😊😊,5
74f13e89-04cf-4abc-b440-a5d14f74f4ac,Sjgkxloxnob,5
66bd4e7f-9ef4-4561-a2b8-b54478fda327,It was too good👍🏻,2
a2e4cca0-dbf8-40ae-8ff5-d97d2b1a2e96,Can't open videos send via Facebook messenger,1
0bcb3504-8023-4d41-bb0a-115e44c16f9d,Happy,5
7290207c-07d7-4dc8-9768-3c72fecb10ee,Ya install nahi ho raha 😡😡😡😡,1
12470976-1bde-402b-b8ab-ff10ee78f17f,Cool👀,5
4beabe82-4174-4e9c-9575-3dccfe7cc47e,"Im new to tiktok and nearly got scammed. I reported a scammer for impersonation. They retaliate and report me, now i have a strike for fraud and cannot communicate for an entire month. I read this strike is forever regardless of appeal decision. This isnt a fair system.",1
5c9ed8fd-de71-4ef0-a805-883102667822,New,5
e4bdd7f2-81a7-4fd9-a47a-1f04da24e74d,I am happy,5
96c3d409-7be4-4b6b-9d26-68e434b7f52b,Thank you for tik Tok,5
2dc747db-1282-498e-a956-d366c3ec7c1b,And I'm,5
0e27548e-03b9-4f34-900b-ad646893fd04,This app is not working,1
9d9cf7e9-2c32-415a-855f-c53c70c2cec4,Good,5
961af499-ba66-44ac-bec0-6ef2c69d81e6,Please 🥺,5
403b66a3-d4be-4a16-8f9b-7e64a6aee07e,Takes 100 trillion hours to download been sitting here for 497 years,3
8f37f010-974d-4a01-865f-6e81ae3c234f,For you,5
645e1841-fdc7-4c96-be6f-aca0d5e83c8f,My tiktok account is monetize please and will be progress is well and location problem because ishu slowed,5
fc3ea956-489d-4320-a29a-149843d5bd51,Sktanvir,5
a4e7d1c6-184e-4d2e-844d-de99f611a77e,I'm a good TikToker . And please need support you my account. Please support my TikTok account 🙏😭 My TikTok account is Mudassir jani 115.. Please support this account.mudassi jani 115 🙏🙏😭,5
2f31203e-f817-4e62-991f-3047e4d472e4,Good,5
9496b2c6-3644-43eb-903c-3989b5f32dfc,M Raju Ahmed,5
a2e45e18-756d-4bcf-89b9-d14597b34f4f,"The app is fine but the recent update including HDR playback is terrible, not only am I blinded at night scrolling it's a battery hog. Please implement a setting to disable HDR playback.",4
e7111db7-cf64-474b-ab40-9a9bd782057e,Edit-I can'tsuccessfully trim sounds or videos.I'll trims a section off them when Igo back in to start recording again the trimmed section is back on my video.When trying to trim sound.Sound will play fram the beinging AND. Where I move the slider .and these's no way to but kicket .Bug reports and emails are ignored 02/07/2024- I joined just to see what the kids were up to these days and now .I'm addicted . You've been warned,5
6167ad4f-6e81-48af-b245-9d616e82ca66,Nic,3
724f13d4-b99d-4987-b03e-5bcbe5755a4c,DUG5BFK VC!!GGHO,1
48710edb-b1fe-4c47-9c43-a50f549a7ac1,App dở tệ!,1
bdbcb4a3-2c8a-466c-9cd3-b51088722a87,Video viral,5
29b6440a-3492-40ff-8436-5b728095bc41,I like this app,5
33b93f0b-3de5-493f-a1b8-552fa9fd426c,Hi dear tiktok I'm new using on Tiktok application Please chek my new official account... and viral all videos for you page,5
017690db-0b2b-4b06-bd79-2f9906fdab05,Hello Tik Tok Team I have been working hard on Tik Tok for quite some time and have been posting very good videos. Please check my account and unfreeze thanks Tiktok Username (......... ) my gmail (..........),3
a738bc20-360d-4005-a5cb-97b7c26c2e25,Foryou par video jaye mari ok tiktok itx_ali332,5
bf99ced1-b61c-4a33-b72e-76b6592ef72c,Len More,1
8ac8058d-c872-4c4e-b00a-e83b063ce046,Muhammad zahid 02/07/2024,5
cbc3a4c6-ce05-45da-b56f-a6dff31f4b85,I want the video to open immediately when I tap the arrow. I don't want to have to constantly fight the login.,1
7bc8f5dd-bb8d-436e-b53c-5a04f62f66da,سهڱڀاڀسىجڱڀاڀتگگوڍڏڀز,5
a18a21ce-5d4c-441d-bb70-6d4c7d680ad9,Love🥰,5
c7515b0d-e4e5-420b-82c5-465eafdd0411,Arohi Khan 💗💗,5
3508319e-b11a-4087-bfd8-872ca0798ef5,Nice app,5
2a7b15df-a798-43a9-8506-2521e13402d1,Good,5
726ea6c6-aa8f-4af0-a6eb-2aa01235da03,Hi tik tok am new user of tik tok check my account and viral it,5
bcd3aebb-bff7-44b4-b211-549164e9e80a,can be expressed in many ways. can't even say anything I'm speechless 😶,5
6d9c0d0a-c10b-4269-bbcf-c1121c6bbded,Xderddreerrerrrrte reffede reffede e ef,3
d7fb0b1b-9821-4f4d-ab88-dbe9b8d16186,Good thank you.,5
b0af7527-9525-4bd7-9218-dd68f22c36d1,Best TikTok app🥰,5
0aae32bb-00a7-46e7-9a45-052802c369e4,Good,5
9b0f441e-56d8-4489-bc69-76acd21ea143,Tik tok team mein video viral please 🥺 please my video viral please 🥺 itne ID banaa chuke HD video kabhi,5
78f147c5-4ec5-40e2-ab26-656fd55999b1,Invasion of privacy...Scam,1
d0f26ddc-5fe7-4365-a483-22bb35f837f0,Gushgsks,5
b115469b-e504-4b90-bd14-663ef54b060f,Nice,5
c0c6f734-9460-43a2-b0eb-2fc56416226a,I need the updated one,1
6e1151b2-d3f7-4bb9-9640-d7494a2dcda8,Good 😊,4
df43566a-e59b-45ee-ba62-d2a7b2129b00,Wow this is a good social media app for my life,5
78cc9596-a5f2-4f2d-824e-ce39e8d00fd4,FIX THE NOT INTERESTED BUTTON. IT CLEARLY DOES NOTHING,1
314c4917-a90d-4932-967a-7a5ee3684399,Malik junaid,3
1484930e-9ea3-4e39-bc70-ddce634bdb46,Nice app,5
90157d11-b0f2-48ca-ad8f-b984b260bc00,Trending My account,5
b306749d-a487-4b04-b84c-a2274aaf981c,great,5
16884c81-2a5d-4a5b-9d1f-250ceaa9b57e,The service of tiktok platform is very poor they are ban my account without any reason and they not send any warning.,1
e2810605-5a83-40ae-90c9-d82d6c1c4e70,Super app,5
034f570f-a205-49fd-861f-00b0a93c2d67,TikTok team please viral my videos,4
7a77b737-5b5f-48c6-a639-972389661203,Heda,1
2ea38808-0216-418d-ac43-eca0c853fc60,l makes me happy when I am sad,5
94ea7c41-5b79-429b-93f4-cf74706bbd92,gott,5
859c9990-3db2-4896-b4ce-9a21719aa0df,Qurban Ali Rajar,5
352bce5e-44ec-4639-a052-a26ac14d79e8,Hello tiktok team I have been working hard on tik tok for quite some time and have been posting very good videos please check my Account and unfreez tiktok username sudaisff15,2
47a4479d-1add-4871-8439-3ab240adb109,Sakil,5
f59cfbaf-4c6f-4099-823c-72168ac307bd,"Please request me my dad Jeff kill kk KKK KKK dag BCM tommy CZ gnkkkffjkfsfkky bkkjmIt seems like you might have accidentally typed a string of letters. Don't worry, it happens! If you meant to say something, please try rephrasing or typing it again, and I'll do my best to understand and assist you. If you're just testing my response, that's okay too! I'm here and ready to help with any questions or topics you'd like to discuss.It looks like you might have typed a couple of let@alisha._malik.165",1
cc776736-922a-4eb6-a498-64dc70d95f8c,🆔 name g,1
414e2371-b391-4052-89ca-eee19237aa78,TikTok video for you pizza HM PUKTHOON 11,5
55e6df33-5931-4cc5-a628-278ee27f9b5b,I didn't want to give a star but when I try to login it says you can't be able to login. Shut tik-tok down or make it easier to login stupid app😡😡😡😡😡😡😡😡😡😡😡😡😡😡😡😡😡😡😡😡😡😡😡😡😡😠😠😠😠😠👿😠😠😠,5
8a101556-cfa4-4859-a0d3-083acbc794b3,Good app,2
3fd1caf4-c37d-463f-b3f8-a4e32438ec90,Good,5
30da0966-d73c-433c-b988-628cefb45f63,Vpnpromaster,5
93200a23-889e-4fab-ab00-35546726e14b,Good work,5
27971d30-b8ae-41de-b8f6-99137070e3f0,Will,5
e0ff3e0a-e952-491a-aef7-d97747a723e2,Blah blah blah blah it does a lot a videos,5
d51e58b3-94b4-4596-84f0-9325b1a4fe7c,Hello TikTok Team I'm here to let you know that I'm facing issues on TikTok regarding freezing of my account because my account is not getting even a single views or single follower form last month I hope you consider my issues and resolve it ASAP thanks in device TikTok username TikTok Gmail,1
12749b1a-c8cc-48ac-8d50-06ae1db32e26,A good app for enjoy but some time not working,2
87e23c5c-fe9b-4983-935f-4072dbcc53b0,Bhai video viral kar da. Kar,5
16c4f3ef-b71e-4193-9e1b-1812684cb799,All,3
31f14abb-1de9-42da-a02c-5fc16cf7a049,Good app,5
96cdbf51-baef-44b1-b1de-51a4af2543a3,It is good app,5
4071e561-60a7-42cd-8054-7cca0e62d729,Tiktok is the best app from Search in the tiktok its-hassan-offichal my tiktok I'd fallow and like thanks 😊,1
79c4db8a-6674-4ec5-afd8-6341c77e6ca7,TikTok app is nice app for video and vlog,5
e582e933-3bee-4136-8e20-5f3181ca352a,kiotarafat Istar,5
bb749ad0-0b00-41b1-a241-9786d078fc31,It's good but there is alot on perverts on this app I would keep it but alot of perverts,2
5dd73e2b-f499-46e1-ac3a-374f16a3b25b,Hadanalimallah,5
5069271c-e42d-4bad-bc7f-efeba4767db5,"Keeps saying tictoc is not responding and boots me off lately, I don't know why, however besides that I love it.",4
4515676b-0cac-4b6f-8741-c1ef1171d966,Good app!,5
32960f2b-69a2-4e0e-97d0-21550a8f48a7,"never, ever explains why a video is banned. not once have I received an explanation from these people, in like 4 years. they do not care about you as the user, you're not the customer",1
0d10c1cf-23bd-478b-9992-715ef3608021,Rack,1
0c6057f0-3599-4f30-906a-0faaec9663b9,This is good my guys and everyone should enjoy it,3
70f6cd3d-504a-4666-b0ef-1df992fcb7e2,There's still no dark mode for Android,1
12d86411-57dc-4821-a05f-bd7853864d39,CV mot.vv for!,1
018782f1-3af8-4585-84e6-486deed2640a,Amazing app good content but I have a suggestion I think you should be able to call on TikTok because you can already text,5
f94474e4-c931-46f4-a27f-6576edb02a2e,Tik Tok Sos Enfermito?,1
6c41a5dc-5131-4233-8413-ebf450392905,Enjoy this app it's very good,5
8fc0dd12-dc77-4c27-935f-7a2d7dc65c4e,Okay!,1
7d8c803c-f219-4bea-b6a0-f13c5865934a,.j ঁ।প,4
20657a73-15a7-4364-86ba-cf3bdf5fb53d,Poopy,1
37489930-f3f5-45b3-a9f7-f806f5e09889,Following problems,1
7e89b83d-88fe-4cb6-921d-a85617f6450b,Ah;¥°°%©©©¢,5
a88cb222-71c4-4c5a-b8c4-665afbb3ab42,The adaptive brightness is crazy annoying. Ruining the whole experience of the app now,2
bb39b996-2ff6-40ee-bbf8-db039a53400f,I love TikTok My life TikTok,4
1946a8eb-afb9-49dc-9a1a-904463e53451,Aslamualikum all brother and sister Yar mara TikTok profile view options show nai ho Raha plz koi tarika batao,5
07bc048e-a1d6-4db6-ae9d-23bee994f07c,Great,5
6693f517-07c3-4eeb-8c4a-26d40a199350,Good app,5
9a0807c4-5449-409e-b2b1-74c7db32abd5,Good luck,5
59d36ff6-2787-418a-9bc4-e6c3763a0a85,Xxx Mijankhan,5
4b0c9128-99e6-45e0-808d-1d62cd4e3bf1,Banned me .,1
de4a4852-750b-4b9b-8953-583510729ece,Tiktok Buhat Acha App Hai Me Ek maheni me 5k ka package karwata hoon Roz video send Karta hoon Leken video viral nhi ho Raha Hai please mere id ko viral Karo Shukria tiktok team love abdulghafoorsahib,5
8b2aa687-9a37-4517-8d64-632a1e0f333b,Kmr writes,1
19e89599-fb06-4e38-8ce3-027bec501ca5,ميزة الرسائل الخاصه عندي مبتفتحش والمحادثات وايضا خاصية اني اعرف مين زار ملفي الشخصي مش موجوده وخاصيات كتير مش متاحه عندي 👎🏻👎🏻👎🏻👎🏻,1
7e49f0b0-4de0-4c0f-b8ae-1345f62e453e,Good,5
dd2deec1-9002-4722-a39e-8a098fa07c42,I got notifications for new followers but my followers count has not increased,3
25ba5c5c-dc7e-4a7c-b47f-72653340659d,"I don't have slideshow mode, photo mode, front flashlight, editing mode.",1
6fb9eaa2-e03e-465c-bc8d-cd6a2d75da44,টিকটক আইডি অনেক ভালো,5
f6d377d2-9103-47ac-9cfa-3b14063b7cec,Deleted a message but IT DID NOT DELETE BRO THEY SAW IT. IT'S OVER FOR ME,1
0e134822-4285-4ea9-936a-4fbaa0b43c73,Is the best,5
282f51b3-557f-4ad4-a8a2-8f0cb6ac9814,Azhar awan ajk,1
7711494c-3148-4d92-a58c-6ed04de78a81,Sajid Ali 👑👑👑,5
d4a40f19-5865-45eb-ab30-c25b35cae2ff,Yooooo sub 2 GamerRobot,4
03d783c5-2c19-4256-bd11-bdc3fabe8f3f,"Everytime some sends me a video to watch, It will tell me to open it and then it takes me to the open app, you guys need to fix that issue.",1
40e6544c-83b7-44c4-8757-035488d788a6,🥰🥰🥰,5
3fb0a767-62c7-45ca-8c1c-e9bf6d4c54bc,Tiktok My favourite app,5
a7b52534-ef0d-482c-829a-949c08c060c4,There is no Dark mode,1
78b2c79b-67ff-4d94-966c-3055ab0ec708,Tiktok is our frind,5
6f5b1c7e-a598-4be7-9d54-6e42e74a61b1,I don't like the new update watermark on video is ok but on pictures i don't like it,3
19671535-8f72-4530-9587-73671da7521f,Dear TikTok I make new account and I started to upload video daily but no views on my video therefore please support and unfreeze my account,1
68bea7fe-7fb5-4d47-bf47-afd444f47ef4,It will be take,5
3def5439-5857-412b-8f01-dd2aaeca8c4e,A.O.A new YouTube channel partners to be able skills,5
6cd99c38-8715-49f3-9393-564766aacd4e,View,5
3e0f3d3a-b364-44dd-ab81-5e7a48ba33b6,Good,1
b93d23fc-ae6c-44cc-bb98-cb8301aa15c2,TikTok is best video downloader APK unlimited money 🤑 is best video games APK unlimited data,1
988adef2-2b9b-45e3-a27b-ac3d7562bbba,Very good app 👌 👍 👏 😊 🙌,5
2fc917bc-2917-40a5-84a6-d1dda4c04ea6,Why don't you open the same video I am sent,1
2508b851-8794-43f9-858f-ea19b2d964d9,Cancal tiktok,1
997ba966-6265-4816-a201-93bba3f0df95,"Its been a year since my last review, within each update the app layout becomes more and more unbearable and difficult to use, just stop changing the goddamn layout",1
8b9c9747-aadf-41d5-8275-24cf60d73254,I might get back on tik tok when trump gets assignated. 🤔,1
b0c2950b-ca4a-4915-a6bf-634fbcdf1487,Once my device is able to have dark mode I'll update to 5 stars until then 3 stars,3
29ea2b86-b2e4-4c50-afc6-94980e9c5683,Cause I can't make a slide show on my app,2
c641432d-4ed5-4808-a32c-384b039bd865,Every time we get a new update I wonder what has TikTok screwed up this time. I can't search my contacts to share content with them. Y'all take a 1000 steps backwards.,1
e0bb8656-0d4a-4dc9-896c-26e11ec451d3,For you,1
c815eb9f-2aa3-4527-aa83-007eb2049c43,For you page TikTok viral video page,5
792fba01-ae01-4460-aab1-9f4590300b1e,Very good,5
f1ba5f63-ed96-404c-bdc6-06c1db308d21,Usama iqbal soomro,5
72680aef-4184-443d-ae7b-90215f70ceed,Palss saprt me,1
d763727c-c1ac-4e0e-a82e-5890c5cacac9,😈😈😈😈😈,5
47184b00-94f3-43c5-a06b-7d45434121d8,It's not letting me see tic Tok,1
ddd7eeda-7302-4c00-ac35-b31a5e6db5be,It's OK,5
34b3c550-d914-454c-98dc-ed217ebac552,Very lag. My Samsung S23 Ultra,1
2361f4f4-d400-40c6-a8d9-f808b98c7452,Very Good App❤️,4
287e8541-3e7e-4b20-9f7b-260c5ceb2ec1,My accuont unfreez i requst you my dear tiktok,1
28242d40-cc1d-4827-a758-5be174da9248,اسوأ تطبيق 🩸🩸🩸🩸,1
aebf329a-669b-4e62-a056-f47896a98efb,Farhad,3
e3acb169-a214-4ae0-bfb1-321e92671cc4,Cuz I'm a hard worker and I work daily for tik Tok @Turtle3540,5
fce3849d-1dd1-47d7-88e2-69fa1c1e4a3a,SohrabilL Fshh,5
81097402-aae1-4f0b-8df0-eb5d7d9013b4,Nice app😍😍🔥🔥,5
b234356b-2181-403a-8c63-3e5c9fa36df5,Wow,5
4eaf39a3-f060-4e69-83d0-0b41d6567aaf,I like tik tok app,5
e2ee5f98-5c80-4f5c-bd24-d56305f63f64,Top 1,5
18ddb2f7-bf9d-443d-8bf0-6aa4a818a7bf,"I love tik tok it is a great place to meet all kinds of talented beautiful people and connect with ""tribe"". Well I thought I would have to add to this review and update since I have been on top for quite some time but lately I can't even get on there or stay on there for more than 10 minutes because my phone freezes up sometimes the video image that is and the audio for sure will flip out and I won't hear that and then pretty soon it just gets to where I can't even chat or do anything on it🧬🤩",5
c0e8937d-d5db-450a-b70f-7aee86862b14,"The so called violations are a joke..my comment got deleted and all I asked was ""do you deliver in Brisbane "".",1
89eea1b8-fdd7-460e-9b0c-be297304aa1e,Log me out my acc,1
c449892d-1647-453f-abf2-611849bfd059,Nice 👍🙂,5
1085799b-1f4c-4d19-b795-70542166fb43,My dream is I be a big tiktoker on tiktok 1.B followers Ali.ihsan386,5
d5656749-3872-4110-b651-c8c8a800ed05,"I was banned for being ""under the age of guidelines"" except I am 13 and the age of guidelines IS 13. They banned me after I turned 13 even though I AM 13. It makes no sense. Why make the guideline age 13 if you'll ban people who are 13 and keep the 5 and 6 year olds on the app that are making weird content. They also let people make bad content ABOUT underaged children and ect.",1
09be99cb-ffbe-4ee2-b076-c64b2f46a4ba,Effortless,5
7a06cdb7-4e2a-4a9c-a2ab-319a38f0897c,I really truly don't like TikTok at all! I had a private TikTok account and someone stole it! TikTok do better.i really just to like you .I still hate you tiktok do better another Nigerian stole my private TikTok account please get rid of my private TikTok account I really hate people stealing my private TikTok account 😞😭😭😞😞😞,3
4334bf09-9a90-402c-9d4c-eb7194c0ca71,I'm very proud of it Bat MB should be less,5
b2837a82-93fd-4403-9f61-f1c36f40b2e2,Very good,5
d5f1c993-c209-4b0b-97e6-1a601e71b7ab,"It's gone way downhill. I refresh the feed. I hit not interested I even put in key words to weed out. But now, every other vid is an ad or in another language. Hitting not interested only brings up more videos in another language. It's garbage.",1
73704be2-bee9-4379-9c19-c1fad38516eb,আরাফাত রহমান বাধন আমি বাড়ি চাপারহাট কালীগঞ্জ লালমনির হা,5
228bcdab-6a7f-4a77-8cc0-05401508c35f,Good night and sweet dreams and sleep well,1
62e3948b-67c5-40a1-94c7-082d7fcbe6ce,সময় নষ্ট।,1
487e19d6-7af4-4777-a86b-aab89df80f69,I don't have the search bar or nun,2
47a4a740-e1fa-42a6-87ef-10cacc5c20d1,It's a good app 😍,4
ecae1977-3492-4b46-9d34-870e579c2b2c,Great,5
142d4f9c-af0d-46f9-ab09-ea49917a3fc8,Tkotkb.,4
bf4c94a2-5910-4efb-925e-20aae8169818,just awesome app tik tok,5
1f13965c-bd30-43b2-b69f-3f6d1c7168be,Fyp isn't in english,1
12efb83f-c183-409a-bbd4-b260cdf45143,"This app is a good app to spend free time, but this is getting ridiculous. I had reported a video because it had contained non-consentual actions, (sexually and psychically.), but because the person who posted to video put a tiny blur on the bad word, the video was deemed 'Not a violation'. This needs to be fixed, and the video was not removed, I also reported a video which stated 'How much I would 🍇 (fictional characters)' but it was not taken down because they used the emoji, not the word.",1
ecf2da42-984d-414d-9eba-dcfe7f14e52f,TikTok Good Muzamil Khan,5
8679c7aa-9712-4660-8b89-e228f9bf98d2,I love it,5
6809c3e0-2777-4ee2-9ea3-ebdf3a945e53,sjuids;ju,2
fc8b81e6-dbc2-4f3a-8025-4e993c823d9e,can you my,1
bd67cd83-b305-46c1-8b74-37805e8eb539,ইমরান আহমদ ইমরান আহমদ,5
e69d346c-6c04-4216-8af4-db292f5fe83e,Baim bqi open,5
6040c889-f8f8-4986-abfe-6915b00d5cd5,Very nice and very beautiful 🥰,5
cb783b39-bf96-450d-b32a-703eba346bbc,If I follow somone it bounces back,1
307dc33e-c8be-49fe-a3d9-5b4760747581,Thay banned me from my account for no reason,1
5fddc5a0-5951-4fde-b713-7222a2192245,This app is hacked.,1
47289b86-cd10-4c81-9f07-28df4eb71aa9,It's a good app butt no more views please tik tok team unfreeze my account plz my account ahmadhussain13580,1
453deacc-1d6b-47f1-a445-b72568b6548f,"I use to be obsessed with this app, but it has been causing my phone issues the last nine months. I have auto-update disabled for this app, yet it keeps pushing updates through and causing my phone to overheat and crash. This has happened five times in the last nine months, leaving my phone with a three minute lifespan unless I uninstall the app completely. It's such a shame that it is forcing updates on to people's devices, or I would have kept the app on my phone.",1
e2258532-b3c7-45b2-9833-be780eac97d9,Beauty........,5
a1d18ce4-4af3-4c02-a090-7732ed70d960,Doesn't allow me to share to Facebook! Worthless app! Also there is no support for the app. If there's a problem you're screwed,1
a86ad995-408b-4685-acfd-07fa6fd22d16,good,5
3fbe38ce-a68b-47f9-b011-999eed686b67,dontg watch,1
8a8832f9-a453-4616-8c6d-6d234f090ec8,"on tiktok I Got banned for doing something wrong? But in reality I did nothing. I haven't posted anything.My brother helped me get the account. Last time this happened, my count was private it. For some reason again. I was doing nothing wrong and I don't know if this is a reason update. Or something's going on with the app. I just want to have my account.",1
673aa497-37e7-4c2d-b037-772baf0e433b,Anil Tharu,5
a528779b-6954-421f-993f-05d502195f6e,Ads ads ads ads ads ads,1
0850fd27-db2a-498e-b090-662bdcb3ca4a,The only problem is no restrictions on scary and evil things like giant snakes.. Such things affect us seriously,3
9d8ebbe9-ab9e-4b6c-8e7b-518a83c5863a,Funciona super bem.,5
e8188860-9079-45ff-8573-6eb418766608,This is amazing app 👏🤩,5
60872713-417f-4f03-a4e8-b31d9b9262b4,Nice,5
0b4574a7-184a-4dfc-91e0-61da867a250e,Low level,2
b081034f-9dda-47df-bd60-0141fc211a0d,Everytime I get on the app it just loads,1
967f706d-8fd9-48db-a604-9097f353b162,My favorite app,5
1a8afd6b-de9d-47eb-88ea-f067775ca956,Community guidelines don't match the content allowed to be posted..,1
f70da925-a784-4b8f-b033-e646fa011cfb,Hello Tiktok Team! hope you are fine! A warning is coming to my account .i am sorry for my mistake. At first i did not understand the rules. I hope Such mistake will not happen Again. Please review my account and help me please spot me unfreeze my account,2
b2d635ef-1fca-45aa-ad17-01cef48ff53d,👍🙂,3
2fb80168-a2ff-4e11-a2d8-101b9e384947,Horrible how do you even take the private setting off of private account,1
fedcf8a9-5f47-4483-a608-bebb6e950b99,Friendly app and go on it when you felling down or need smt to relate to...,4
2cc96bec-192a-427a-ab4d-c82bcd561ad2,মোঃ সোহেল হাসান,5
64ad0e87-c8f5-4e2b-8456-1682837d6216,happy day,5
854c5578-26cb-4b57-90a3-e196baa8f06a,I love it,5
1a0d347a-5fef-4a4f-b529-74e009a98278,Nice app,5
08621732-c62d-4efa-a473-4cd53abfb798,Hi tiktok team I'm new using tiktok on applications please check my new official account And viral all video on tiktok foryou page Thanks you so much tiktok 💗 🥰💝,5
d5d5e2dc-1052-4b50-822f-08af61a26f03,I enjoy the app,5
7d7cc8ef-0bf6-4e52-9311-e3603be2f6c7,I absolutely love tic toc!,5
b20c707d-bff5-40ec-b4f9-4a731fca76af,Got banned for nothing literally,1
542f1147-02cd-4006-99bb-0b8a6a606619,"Every time I upload a video to my katform, it redirects me to fb to share it. I have tried going into app permissions and even sharing to remove them, and it isn't there. Plz help it is annoying.",4
eaab3060-b39d-4ed8-8150-2b89444e48d4,Nice app,5
a7c2c698-d409-448b-ad4d-70411ef60784,Hard,1
5d7bfe62-45fd-4c99-bb42-77ae390f5255,Tried setting up an account. Will not let me keeps popping out that I've been banned for life. I've never had the app.,1
00f5aad6-f010-404a-a30f-a45e9301d274,Good,5
db8963a4-55b4-44a8-ade2-646967de5599,My account has gotten banned without proper reasoning twice (had to make a new account). And any time I try to find out what I did wrong by even trying to open the Terms of Service it kicks me out and continues to say that my account has been permanently banned. Mind you I wasn't even logged into an account while doing this. Probably won't apply to you but I hope I'm reached out to about this. Also I would only post edits or art of mine. Sooo... 👍,1
b32e2533-fbc0-4a55-a15d-b97b08c43293,Good app,5
8e8c0ba7-018b-4ad2-8ed4-b944ac956d64,Najee rap,5
9c678c4b-8050-4f8c-a249-82e0d0f143e2,I hate all the censorship. it's so annoying.,1
f0602809-ab2e-494f-a464-cbd9e2e1c2e1,Lame...,1
1d081dcf-bcd0-42fb-9335-e6814ca4801c,Good,4
13a72858-8e6d-42de-8291-cdd1901a6f3f,Good,5
384fc6c2-3112-41b4-a255-d32045d65227,This app Very use for time pass tik tok please trend me @___mr__cool___,4
a4ce4d6d-d0d6-45ea-8cdf-5ab065d626d0,Good,2
4304dfe9-67c9-4a77-8586-eaf6c6b51dc8,تو🙂🥲🫠🫠🧛🧛🧛🧛🧛🧛🧛🎥🎥,2
a7b893f2-a2d2-4fc4-aee1-d28e12c7810e,Lock app,5
af5577c5-dd4f-4476-9c62-f5fa5f16b4e4,"Everytime I try to watch a TikTok someone sends me on another app the attachment sends me to the app store to download the app, even though i ready have the app and an account. It never used to do this and it has become extremely frustrating.",1
e3d1d906-8b94-4f38-acb4-a4f359aa5d49,Xxix,2
9f0765c0-10d8-42a2-894d-e59b5c7a548c,Nice tik tok 😘🇳🇵,5
06eef26e-9764-4c58-807e-cef356e78126,Good,4
b1b80aef-eefa-4010-9232-192857f3fd1f,Excellent !,5
3256d150-7980-409f-86e4-23e85b78aba6,Thanks for your help Sir madam,5
97f837f9-325e-4d0d-b08d-1c9e774fd442,Nice,5
bf05fd0c-ae78-49b7-bbde-f81bd57a6436,Make tiktok new NOW I SAID NOW... this acc,5
386a6eb4-12dc-4e6c-b3d6-af07e788c617,Very grateful app,5
f463b9d5-b5ae-4c12-ad11-2b586706503d,Not interested,1
0b6220da-0108-44a4-bf61-aeb55c8963aa,Not interested.,1
43aac752-b521-4c5d-9d35-240e200feef0,꧁☆*Malik Talha 444 *☆꧂,5
7e8752ef-6642-4246-9243-12c40c53a85b,Good expirience,4
89d5b7f3-5eeb-41fb-b850-572486141df9,How to Tiktok Live 😍,5
ba9fbe86-1398-47f3-a672-5ae8fc26bd61,An app that cries that a US ban would be an attack on free speech even tho the community standards silences even comment with the word stupid.,3
e021bfb7-6fa5-4c31-8cdf-0c7c50e0d32c,Fun,5
da79b9f4-f0d3-402d-98a9-672b4920ceba,Bought someoff the shop for 30 bucks and never received it,1
6ee9d28e-5d12-4c0b-a3b7-7174ef53effb,my content keeps getting flagged as qr content or spam funny because actual spammers still get to be on the fyp also I bought some stuff from the TikTok shop once and am still getting charged 8.63 randomly.,1
f8fca761-a4ad-4354-9828-3096a0c04831,Farhan Malik,5
6d7d7ae1-5d99-4936-a51b-2de4ecd63b68,I hate my life,5
b9f2537d-69a7-49df-a1f0-8c8eba37e02d,Good working this TikTok UK account,3
cf72ae37-12fa-4a38-8537-2ccc2df9bc7d,Great🤌🏻,5
f8e6e5e5-8130-4ce8-8ba3-8f800809d309,Very beautiful app's,5
659e2cec-ddac-4086-8854-3ee20b5c4406,Good,5
4456779d-1cc1-455f-ab29-77b040772637,"This app is not good because young generation is liked it and this is no income gives .,,👎👎👎👎👎👎👎👎",1
9cef0fd6-ab03-410d-ab7d-9b3caf057c45,The app is good but the memory storage is much for my phone please reduce it So TikTok now has an ads in it you watch 2-5 videos you watch an ad crazy,5
16e7012d-7505-4e38-b7b5-1be209a34ba7,I love it,5
3ddb5a3e-13ef-436f-ab0e-917fa3235095,Nice 👍,5
397bc735-3696-4cd2-8d1c-6eae74ca96b5,Very fun to send annoy Videos to my friends.,5
2a0dded9-5ecb-4375-911c-c2843068ce72,There is not good Filter and effects,1
79d50c16-423a-4a03-baeb-c0cfcbf6de45,"Why is the not interested system so backwards!!! If I like something, it should appear more, but it appears less, and if I click not interested, it makes those types of videos appear more!!",1
b46167a1-f68a-4d55-8cac-08bfe1338aa1,nice,5
837ed617-8979-46c7-a1e9-a62beb18971c,Bad,1
c98b476b-d4b5-487d-9ae9-db914c69e109,I believe in Jesus Christ 💕💕💕,5
3d63d320-8662-4b57-bae4-5003cfbf817f,I KEPT ON Seeing SCAMS!,1
e964c02c-4485-4e29-b376-96a70fbc35d7,Last 2 days I've been getting stuff I do not want on my fyp when I click ignore more keep popping up and I didn't even interact with similar ones like thoes. Also sometimes even when I have internet it says that there is no internet connection.,2
b9ef89df-2b44-4b03-aff7-87e26dc6ee06,"Whenever I try to edit a video, the option for text to speech doesn't appear.",2
e276966d-4405-4cfc-8dd6-cdd047118051,Viral my account plz,5
82d7303a-2fe3-43a5-a0b0-cf4463fcb244,"Started seeing a ton of political posts and had not followed or looked at any of those sites. An agenda is being pushed, uninstalled.",2
9601e0f5-414d-4188-9bab-a34aa8027bcf,This app is good but I can't message on it,5
8476f7f7-4341-4a06-bc81-fcbb6c5adf59,Shahzad Ali Shahzad Ali,5
83901771-5caf-4d58-ac25-4a1fd1b115fa,Ciroka,1
9b2d9e5c-1dfe-4d76-a7d9-e3a85110184f,AWESUM AWESUMM.,5
a2acd9f6-7120-4efc-a291-fc55f5e25a33,Like orestn b boyv,5
90363c3e-d20d-46de-992c-2f971ffad0cb,I love tikTok,5
759bf06c-3407-4567-974e-dee2f0b6266d,Buggy,1
44b2d552-dc7d-4e48-b477-6d0db181730e,Good app🙂,5
2d4a5d5d-c475-4932-9c7a-72faf6c70e81,Very good tik tok for me,5
df8467e4-5915-402c-bb9e-e8c3e1f4e570,lovely tik tok,5
d867291e-f8d1-4866-ae92-f3e8d8d3742c,Greatest songs movies about everything kind remember who's amazing children in their life world are both of them like that see praying God blessed you'll Jesus Christ Sunday night okay loves in morning now ready today's mind everybody's,5
6ffb3f5a-9aae-4909-8b74-75a5703f197f,"There is child p on this app, don't let your kids use this app!",1
ca13f8c0-6dd9-4dc9-9107-ea3a9ddd9fb5,Its well but the icon doesn't show on my home screen.,4
83fe6f29-adce-46bd-b39b-020811aadb64,"Please add a function to delete all reposts (for a certain time) and so that u can select and delete them yourself. And add a scroll in drafts, favorites, private videos, reposts and likes!",4
269969b0-cd0f-43a2-9f38-6b9040d7da10,برنامج قظر وكل الأشكال الي عليه اشكال بنت وسخة إلا من رحم ربي,1
fdcdfbde-21b4-4caf-96d1-d1e62b97edc2,Period the best the best app I have been on what's a banned me for no reason so four stars,4
58fae31d-7d15-4c74-99e9-f78718064e1b,OPP fs 1,1
fa2cba8e-e864-4f2f-903f-120786697be8,Zona smart empire 💪🖤🤟,1
9481b8a5-96a2-4fbe-a357-66987c082580,It a really interest app,4
9184d0d7-e35a-437f-bf16-74c23198a3c1,Nahin bahi bekar app ha ya,1
21bce8bd-6a7c-41c7-9004-a92334ef8619,Greate person,5
3587f792-67a8-4a7f-94c0-8ed056396b8f,MdMahin,5
bb45c76b-6e1f-41b8-ac96-9b8363eac83a,It's the best🔥🔥🔥🔥🤣,5
883c0912-6c7f-4b6c-8584-9be2030789cd,"Goods vids and app, but there are a lot of bugs that tiktok does nothing about... when I'm on slides, people post, can't pause, play, or like the video... it's been weeks and still no changes.",3
dc850209-a016-40f8-a3c6-dcfd6606a71b,muhammad..shahzad39 for you please for you for you please my video,1
47d4816d-e173-464e-a56a-33e482df5fe3,"Return the comments on tiktoks shared, pleaseee... The whole community misses them.",4
38b3a178-b7e7-42a7-b911-b4c3a93d679f,This app allows for racist and bigotry to prevail against lgbtqia2s bipoc and women and constantly violates it's own guidelines and inclusive policies,1
7a30ccf1-b4e1-4bf2-8cd0-e5b5e9df140a,"I had the dark mode for a while finally, and now it disappeared again :(",3
8863b4ef-5035-4790-8e72-9272908f64da,There is innoppropriate images,1
2d4f2ebd-c588-4577-8e98-321933f04c0b,You guys are the best even tho you are not giving me money 🫂🫂🫂🫂🫂🥹🥹🥹🥹,5
d688e363-2d6d-4325-a458-2bcf09c2d672,"I updated it, but it doesn't open 🤦🤔😞",1
0137f859-d95a-49f2-a5e1-6d54f1d14585,developers,1
5f50ce70-b704-4a74-82de-b1cb949d7b26,Nice app and good,5
d8de375f-fc5c-475b-8b56-e299a863d0aa,The worst app ever in my life that's why I am 28 years old but tiktok team converted my account to under 18 😡🤬,1
9087398e-e8e8-496c-90eb-f49f6af9c9f4,It's a CHINESE COMMUNIST APP THAT KEEPS POPPING UP BECAUSE IT HAS 9 MONTHS TO SELL TO AN AMERICAN COMPANY OR BE BANNED IN THE USA. GET RID OF IT,1
ba555594-0fcb-4cdd-882e-91b31f9abeb1,Amazing features and simple to use,5
be302b3d-085b-4e5b-acc1-9e1a1aae0bdb,"Hello TikTok Team, I am here to let you know that I am facing issues on TikTok regarding freezing of my account because my account is not getting even a single views or single followers from last month. I hope you consider my issue and resolve it ASAP. Thanks in Advance. Tiktok Username manobilli58 Tiktok Gmail areebarajpoot228",1
d463eaad-7d84-4d8d-8920-b65afffee2fc,تطبيق ممتع اعجبني تستاهل 5 نجوم,1
47f60fcb-6e90-46c5-b86e-77d846cf96f4,Soprte me plz 😣,1
8bbff381-01c4-42fe-9033-790134a06205,Are video for your training,5
e7addf4f-3f71-4a57-9606-d58b44252507,Sucks,1
e1072bb7-6f02-45e1-b60c-58c84a9944a0,I like,5
040b2c38-ba38-4eed-9f85-65a5c6858c1a,Good app,5
99856ffe-36e0-4fe8-9297-863394a78ba7,Dear Tiktok team High quality feature is not coming in our tik tok account. Please solve this problem for us. Thank you.,1
743622ab-350f-4192-bbee-a8db76d9fac4,Noobo,5
eef7b41a-da35-44c5-8793-e253f84841b3,Soooooooooooooooooooooo good 😊👍👍👍😊👍😊👍😊😊😊😊😊👍👍👍👍👍👍👍👍👍👍👍👍👍 so good,5
ada55ca7-9d76-4577-b1ce-9ee8632c482f,))l),5
72e6ea41-c6c8-4242-81e2-b7a2d8db9615,where is dark mode?,1
bbd82544-16db-4c27-8597-f2112d975d9e,The tick tock shop prices change based on what device you're logged into not based on your account I log in with one phone everything's 5 bucks that I want in dresses go to login on my other device that has my payments information so I can pay and everything's $20 now go back to log in with my other phone $5 same account just a different device. So I don't know what they're looking at to figure out what they want to charge me for certain items weird not fair,4
067d9911-7426-4dbf-b627-3db07df2fce8,"Absolutely love Tictok it's my favourite pass time, I can't see myself without it.",5
4f674aa9-4a15-43c1-a3f6-f90c715b58f1,Good,5
5d47a05e-1c01-4241-823c-2e6db4b3cb1f,"Hi, dear tiktokI, m new using on tiktok application Please check my new official account And viral all video on tiktok for you page",5
1d9496d6-f110-4272-bb47-465e987d54f3,Worst platform in the world,1
2ef86ea1-05c5-414e-898b-87a78e1c234e,So good app.,5
8fe5c6e3-f2be-4e16-963c-61b9fc8c34b3,This app is perfect,5
521cb64c-9892-4041-92dd-b56213eb088e,Good I like it love my tiktak family Please verl my video my account sialkoti RAJPOOT Faizan oman,5
eb63d30f-9930-4bfe-a6a6-3cf5ad49d38f,"It was a really great app that I was learning not only life hacks, but about world news. But the app suddenly has started closing on its own. At first I thought it was simply crashing but after clearing cookies and restarting the app that issue still continues. 😞 I can no longer watch any tiktok without the app crashing half way through it.",2
e8505d00-38a3-4737-bf06-bc2f37c63b13,Awesome,5
68115f8d-8525-4c67-b05d-3435132deebc,Interesting,5
a506837c-6a20-489d-a1c2-cfeaa0aa04f6,The amount of time you will spend on this I will not be worth it when you get older!,1
73946421-5f1f-45da-b47e-b8c60e726b48,If you want to spend 14h per day here instal it,1
182968ef-46e4-4dfb-9d13-07b756015465,It's a multipurpose app,5
8a1c7f8b-7ce7-476a-967d-4962ac9bbd76,"It so good you can make lots of videos but what I don't like is that we got to have 1,000followers to go live not cool tiktok",4
9ee60ccb-e3d4-440a-bc4c-61973c4459c6,It's the an ideal feature to get knowledge,5
ca45c74d-0a60-4f9e-ad38-0d3e787f75b7,One of the best app,5
0de5cce9-f008-409a-b249-e7f4233c9e3d,This app was good for a while but then suddenly whenever I closed the app and opened it again it would show the last video I saw before closing the app on my fyp. The app is extremely laggy and I can't do anything.,1
0086a029-db9b-41f7-b794-fe0deae075dd,"Again a negative review. This app just randomly changed my whole fyp, I am no longer seeing any of the regular content. I tried pressing the not interested button, skipping videos, blocking people (which would show unblocked an hour later!) and refreshing my fyp in the settings. Ffs, fix it pls",1
241bb7d1-123b-46b2-a7bb-3225d50b7813,👑,5
5678b798-327c-428d-afbc-f3e99f75923e,Do you know?,2
dc9e615f-3147-49bc-8f13-07d2202882f6,xxxvi,4
462b4b27-7a4c-4b39-bb8e-77f4a97976f1,Not useful.,1
dd803a62-7d9d-49e1-af20-a670c1488088,It way I,5
872a6da5-952a-4ff7-acba-65677d082b74,User name samiljaan My account is not viral whay,3
76ed396a-9f2b-463d-a41d-4085f0c2fe13,"Account got banned, when I emailed customer support they said they found no error and the app won't allow me to to sign in again.",1
d8819fc0-c58f-48c6-9365-9bff8c149a0f,Shameem,1
0e123797-96c8-4ab1-835f-885616791e79,Continually shutting down for no reason and will refresh the whole page as scrolling.,2
fb542ae2-c4e1-4dcd-8fad-f5bb5a84d881,Lg V60 ThinQ 5G,5
fe9c7b3a-b8ef-4fb7-9e4e-4bbb54c0eb78,"The app sucks after the newest update, it refuses to let me like picture videos, so i have to click on the heart to like it, it also refuses to let me swipe through picture videos when someone shares them with me via dm's, doesn't even let me zoom in pictures",1
4336b07c-c23a-4881-8eae-4bffe853eaea,Can't open the tiktok videos I want. It sends me to others I don't want,1
131ead36-90cc-48f7-bf3b-c26fc9b0b76b,toliktok,5
b0b9cf99-70c0-4e7a-aa64-f77898c4292b,M.maax,3
492a2ac6-bbf6-43e9-80b4-7c1ee8f1712e,"this app have many things that u can learn about you can know people,celebrities many people and u might be known and be famouse.u can even know what is going on outside the world it is AWESOME!😄😆",5
67fd582e-4bcd-49c7-9071-50a3778f0dd1,"Occupying, but content filtering is lacking. I can't casually surf like I want because no matter how many single words I filter, certain large topics pop into my feed (with keywords very similar to what I blocked).",4
f2710c25-dbfe-4469-a959-ecbb917e86c9,جميل جدداااااااااااااااااااااااا,5
24f71550-a988-4679-810e-b73e73562465,Santa Santa I wish 400,4
68567b3e-d9e1-4b0a-a15f-69e0b2badf87,OlasKhan 168,5
eab99a43-1289-4fcf-955d-fb81edbff26d,it keeps telling me i have no connection,1
d8ded1aa-fec3-415c-8b9a-a3aa2dbbe33b,ظکم ظم ہم ۔مظ۔ ممظمکظوظممظظم۔و ظ ظظق ظظمظککظومظ مظظممظ ک مظظ۔,1
b5f4fcef-86b6-488f-a441-ce57eab5fb90,"The quality is not it, it's so blur😭😭😭",1
8a9e4572-8d4c-4cb9-b2f3-c62daa0b8a10,"Delete it, Have a life, please.",1
09f1726f-03b2-4d54-bedc-b78678c02284,It's great.,5
c6a6a13a-a12f-45d4-bf4f-0c09dfe354e0,Hi dear tiktok my new acont,5
739fcee3-3066-4a59-a219-56266235ce5d,Nice,5
17a1256b-ac5b-486a-b0f4-bac183388d63,Terrorist app under the direction of the CCP and the communist Democratic party,1
17db6143-4bd2-4716-840a-91af668e1863,Amazing,5
136bb044-609f-41a8-b208-a684ae05d84a,This app isn't good enough again like the old one I mean I can't save video again before I post to TikTok and poor network on it this day's hard to load I don't know why please you people should improve better abeg 🤲🏻,3
11a9a70f-97e4-4d4a-98dd-3dedfd24a10d,Good very good 😊,5
1a3aba85-7ca4-479d-ae04-bd30bb529445,Good,4
0f1af476-3640-4d33-a6a4-b48d391a1e90,Adex,1
275ae0f4-a64d-470f-944c-fbd1d93b9f0e,I wish i could give this app 0 stars literally!,1
3465d3a6-6d8c-461d-9cd0-a1b04acb1c30,Fast and reliable,5
f9c3b64d-6845-4466-aa58-8176e18f5e63,Very good,5
d311f4ae-b019-4819-bce6-d9e02870cf5e,tiktok give me the option to make slideshows it's literally been so long since they were released and i've missed out on so many trends because you somehow can't give me slideshow access,2
e06e5999-8f52-42f4-bca4-7b9b8afe4752,Good,5
2c2750b2-30ce-44cf-98b8-7fdd7ef5e89d,Great,5
5fe45e09-bb14-4bad-a606-82a87dce315e,Good app,3
5cde96f7-a690-4d3f-a197-126934830f2c,Nice,3
305ec484-5a84-4b43-af4e-4bc283a25b52,Nice axpirience,5
8dbb1ff3-bcb2-4c55-a2f1-f760579c1486,Happy,5
d0ed1d99-a934-4091-a570-c906ae1c707a,Very good,5
f15dda6f-6e1f-4cf9-8b9b-59c8d48005db,TikTok is best app of world,5
004f5264-9c8c-4db7-a3de-b6a03d8ac0f3,Very nice app,5
9811b5b7-758b-4d94-b8dc-9ffb689f3fbe,Najmul Hassan 508,5
51b2157e-18d4-49d7-bbcc-0706b7ed1682,Ok,5
ecf1fc7a-bf9f-44db-8e26-f3693871759e,Good,5
3c8ba90c-07d0-45ba-815e-f888fd790cda,It is good,3
0b459b81-8f31-4b2f-9228-ea0ac258296e,I really like this app,1
5bba84c0-4806-4e72-8024-a34b05b1746e,Tik tok,5
99c144cc-365c-4526-9be0-bf801724122f,Good bit is giving me some issues,4
ecb2e62d-d947-4668-b207-2ca97f54243d,nice....,5
cf18d48e-6e4a-4567-a380-3a74164bfcb6,My experience was amazing,5
30fee434-5b98-4cf7-bca6-e1df749d251b,👍,5
99932783-c8b4-4407-96c7-5c0bb6be7468,Tiktok nje makes my mornings,4
fc8a9a29-70d3-4b0b-b1b4-f35a7a3d16cc,"Uhm,there is an issue,which I experienced some times. My for you feed suggests me stuff I didn't even interact with in the past,it's like an npc,Instagram and Facebook feed combined😭😭😭????",3
159ad47f-2ad8-4997-962b-95208ff369da,my account @Naveedayazlound786. 300 se jyada views nahi aata kabhi to 100 per ruk jaate Hain views please Tiktok help me aur is tik Tok par video live ka option Nahin aata vah bhi lekar de 5 million views on video life ka option,3
0385160c-9a9f-4502-8c69-fd02be6278b5,"When I started, all I saw was people from South Asia dancing. Not interested. Then I started getting news I couldn't find anywhere else. Then analyses I couldn't find anywhere else. Great stuff!",5
c091fd29-05b5-4360-8511-1bd4773b4f71,Hate it worst app ever can not get past the name part,1
763a2061-ee41-41d8-a988-7e9ff7957448,Tik tik my account grwo please,5
9dfe1c04-9135-4ed5-95a4-0819462c1214,"It chooses location to creator insight so improve that, and that should be wideworld.",3
837baad0-c7d4-4fe0-9900-68790a23a8cc,It's real id @dilbarrahujo not it's fake 🚫,5
1d98548a-0ff1-44e5-bb02-4c2bfeb9d009,Love it,5
b6f53eb3-6180-4668-9802-99cebd898a24,"Tiktok banned my account for ""being under 13"" I am not under 13 I am 13",2
2a7f5403-5854-4629-a2c0-5f72bd6e4ffb,Lesedi. Tserane 💖💖💖💖,5
da6f2547-673d-4271-9a27-78cced8e77cf,Eminem Pls,1
ece675f6-c82d-479b-9d2e-96ca0716b66e,👍🏻👍🏻👍🏻😜👍🏻,5
0398708b-4e62-459d-b6ce-d18272a46711,Silab ❤️‍🔥,1
0a30d218-c5e3-4a53-8e1a-16f15db10a6d,Good afternoon my emai,5
30d02743-6852-4b51-a6a3-820d7ca9c680,Perfect,5
f5de387c-72f9-4be8-b8c7-657b3a1c6368,I hate the app bc it banned me for no reason plus it gives you notifications ale ery hour,1
d90e54fc-039e-40fe-87ab-94ae710ec67b,It’s useful,5
79f6446c-c2f5-4a8b-ac1d-a2d842bfadd5,"horrible! they ban your account for the smallest things. but when you report a real issue they don't care, i can't wait for it to be banned in the usa for violations of the first ammendment right. 👎👎👎👎",1
e466c537-b5b1-4c93-8788-19f7ec1fe7d3,It lovely and makes me go viral 😍 pls,5
5db40e5f-dbf1-4ab3-bd03-9795c2eb7429,Good,5
777dd465-5f65-4664-a30a-f08dd8b4c038,Kept kicking me out,1
f02ae983-a2bb-4297-934a-b17ad56c59b8,"Вы что не умеете рекомендации составлять? Я вообще не интересуюсь танцами и похожими вещами, как долго намекать, нажимая кнопку НЕИНТЕРЕСНО ?",1
1eb00f37-838f-49a8-acbf-7c71da6f8f93,Wow that's awesome to me,5
a3e6c32a-5a95-4006-a62f-1ce43034864f,Viral Trand video tiktok team,5
37935666-eee0-4763-ae52-b785b7e62055,Tiktok please help me please I am daily video upload my video's not a views and like please help me tiktok team please NY video's all viral I am tiktoker pakistan comming soon me please Mujhi pakistan ka tiktoker bana di request please help me me waiting Thanks your! Tiktok I'd (saad_king110),3
e83adff2-ece6-4b88-a65b-c3c4472bbcb6,I'm going to file a complaint Tik Tok when I tried to download tiktok I deleted all my games Yes I mean Tik Tok,5
00fac799-58f5-4485-a1a8-f488b340abf6,My live no open,5
8592ea87-098c-48d2-8c92-6579612aaff3,Best app,5
7cd4a332-e9b3-45db-80c6-24f649c07a9b,"Awful. I basically only installed it because lately when friends sent me links, I couldn't watch it via my browser anymore. So I downloaded the app, logged in via Google and literally did nothing but trying to set up my account and follow 3 accounts as a beginning.... Next time opening the app it says my account was permanently banned because I apparently hurt the guidelines?? I literally only watched 3 k-pop related tiktoks, tried to follow my friend and never posted anything but OKAY",1
d9df9b8a-e1c6-4742-9fbc-dd67f159a501,Una dey mad ur papa,5
3d64d665-efad-4548-bd79-61b8a2010502,why My 4n failed to download it,5
33318a1c-4170-4f81-9a3f-1b9afa17f8be,Is better application for having fun,5
cd393930-9669-43e4-8e66-70964d7698bf,My account is frez please unfreeze my account and viral my videos,5
6ef2c6b5-25a4-4e3e-9cc3-bb5b8f10f1a1,Love it,5
5c51b538-b17e-463f-9344-f9f04823901f,Love it,5
5e122335-bc27-4605-896a-9b7fc914d129,Makes people addicted :((,1
ab19ee20-6f5f-471c-8d13-8778b681d039,Very poor application I use from last few years But I have only a 100 followers Waste of time Don't install,1
ad6c40d6-712b-4a02-851a-ed22d1544038,Lindokuhle did you get your report,5
6187997a-dc78-4935-9e84-57230c09810f,Very useful app,5
bd966db7-ec84-459d-bf4a-45f8e695a71c,"Someone sends a video, and you have to upload it like 10 times to get the video, and then the video doesn't come through. Seriously, dislike tiktok.",1
d89946ec-b881-4f89-ad2a-6c4d66cb03d5,"Rt trying to I.ujyUse the edit icon to pin, add or delete clips.Touch and hold a clip to pin it. Unpinned clips will be deleted after 1 hour.",4
27010a4b-95da-4dc6-a0c3-29047a9ba404,Amazing very good,5
f906427e-70a5-44b9-b745-f0a85f27e49d,Views issu,1
6339debd-84c7-43c7-ab14-396a61e3f455,Its amazing,5
44933450-efb0-4a52-aee1-cca3151f89ae,Hello tiktok team my account is freeze so please i request you unfreeze my account i hope you understude nice you talk you have a great time,2
e96181d5-4783-425b-b058-a3076c596b1a,Yes it is still available for purchase,5
f93b4732-a71a-40b7-9103-d8b19aab9995,Hello tiktok team I have been working hard on tiktok for quite some time posting very good videos please check my account and unfreeze Thanks tiktok username (ghulam.mustafa..1),3
cfdaf67e-fedd-477f-a726-dcae0bdcf831,👍,5
a279f939-8906-4cdf-a90f-68c72a4deb4c,"Update to the Instagram post, I can't find out which profile is connected to the emails, for the ""real Paige Bueckers,"" her fans use the private fans site to hit on me, but the real Paige gets upset, so I have to post tic TOC videos of me on Instagram, then load a picture of me doing the post, and the gram at the same time, with my us passport and a daily newspaper, all at the same time, and they still steal my pictures to somehow pretend that's me.... Males no sense..",1
ade2a0ee-1ab3-4972-9f41-e80ef226d33c,Very good,5
7f7eac61-01d5-4a75-83c7-bcf4c761913a,Adil Khan 786,4
b9de8542-34a1-4aa8-876f-9d0d9dc5b76f,Nice,5
a31201f8-ba2e-4ef4-8638-7a12b97f505e,good experience,4
3d00fad3-9276-45c0-861a-4fca1fa68a8f,علامة الزائد الوانها ضارة وتطبع علا شاشات OLED و AMOLED اما تخفوها او شتوفولها حل مايصير هيك لما صارت المشكلة بجهاز اخوي ماتوقعت تصير بتلفوني Xiaomi 12t pro وصارت,1
920c3331-b5df-4d39-afc3-6bbd417786e7,Not views likes I am sad my id @black_buddy_2456,5
5832447b-a19b-4b71-b093-ee87cacb61d1,Very good,1
11f50033-9f31-42c5-8a5d-4cded6661bb4,I need more views and visibility on my tiktok account. Thank you!,5
b59cdef8-93fa-458f-bced-91e7a4a45d60,Nice,5
5e6cac26-8607-4309-9ca2-7604af983146,Good App,5
98e26753-1fa3-436b-ba27-7c08d6a23b90,I love this app,5
a80f2544-abbf-4f23-b06d-9b81ed08a0ae,elifnash zeyine,5
69ebde74-bc10-4e36-859e-542c5985002a,Sucks,1
19cf4df5-00e4-4d4c-997b-599f6ef862ac,Ridoy,5
52e7c197-e4d8-403b-978d-dd126053d73b,I love the app,5
8cc2da09-096a-42cf-aee9-b2c1bde777de,আমি ও টিকটক ডাউনলোড করচি,5
a277dada-9609-43ed-b9b4-d38520d2b853,The app is good but it is not working well on my phone,3
911333bf-04c4-4d13-a64b-1302a24274e5,Good,5
84363d02-0358-44fc-809a-2d6ad4fdcf16,"Hello Dear Tiktok team! My tiktok account has been freeze , always my efforts remain to upload my genuine content without any violation. Kindly unfreeze my tiktok account as soon as become possible. Thanks for this... 02/07/2024",1
cfe0af27-fca0-4ea9-b284-b7e3164efa7c,I love you tiktok,5
b39efd73-8a1c-41c1-96d4-4a4025eea3ec,They steal your bank information and fraudulently charge you,1
003e63bf-05fe-4b56-a027-7d668aacf2e7,Is good❤️,5
7fe0f892-01d4-46d2-be0b-c34f15343412,I this app to app,5
d0c9e3b8-3959-4aa2-8954-b85d60c8d5e0,Re god,5
270e8f65-95a1-43ae-a280-d17e27716bcc,This app is the only app having a screen flickering bug on the OnePlus 12r. I'm unsure if it's an OS issue or an app issue. I've reached out to OnePlus about the issue but feel like it's necessary to complain here as well.,1
c12f4aa4-d563-4de2-8492-7d5884233efa,It makes live,5
2f4fd3c5-5c81-4e12-87b8-b7547594a511,Like,5
0b4ef6c2-4fd4-4aa1-879c-20df2093fc01,Very good app,5
24d27f0e-caa8-474c-8410-57733eb68e42,Great Apps,5
0bd91587-0b44-408a-a742-aa37a26d66fa,App is very fake app KO I sport nahi,4
16e0f4c6-1936-44fa-8d07-e24532e88b78,Nice app,5
1e2c8f50-b4e0-4f35-a2bd-1e3c9fdd5a07,Thanks soon much for these app,5
d24afa0f-0a9c-4eba-a01d-048989097e12,Faboulus,5
9ff22494-d62f-46a3-93d0-03220fa421d6,Super apps,4
884a0a36-7262-4074-a16c-6d8e6108cb39,"I love this app too much,and follow akachi036",5
def8dd69-ba24-4c4e-9283-805798c203e6,Grwfe,5
ea17780e-a1fe-4fab-a417-4b158fccaa81,Tiktok please unbanned my account Masood117,1
fef3c2f5-f266-4087-a9fe-12be19fcba11,Tiktik,1
ab84f1dd-e20e-46d2-bf5d-e130690546aa,Can't download this app on my phone but heard so many great reviews about so yeah,1
0ea15ed4-f208-45b2-ada1-cc5c0e6c15e4,Tik Tok is the best,5
b6bd1f79-ce11-444c-8958-e51c41eef0c8,I can't see the videos my freinds send me in messenger. It makes me open the app then it doesn't show me the video that was sent to me and only shows me videos and reels I don't want to see,1
c00b31ed-9190-48f7-98f6-f3e6e4b796e7,Meria account virl nahi ho raha tiktok ka(name mueediqbal3)tiktok account name,1
41cd4dd3-8841-457f-84e6-2ec5a17c961f,I can't log back in to my account and when I try to my a new account it says use a new method pls help me 😔😔😔😔😔😔😔😔,3
359c07ea-5e9f-46a9-8c77-133ca2420bb8,Far too many notifications of stuff I couldn't care,1
2f095590-19d3-4f5c-883a-737c07c10c3e,Use to love it! But now when you wanna post then you need to use Tiktok promote which is annoying and kinda wrong since we now need to pay money for views. I miss the old tiktok where everything was fairly given. Paying for views and followers are no fun ans kinda lame,3
1dbc1208-770b-422e-b809-7b89396a2f9d,Best,5
1ecb8a95-bea2-4820-a5ac-1f979d2b0630,Ronny mutoro,5
0eae2ecc-7fe4-446d-a908-2ab5ecca4335,Nice,1
632581fc-5103-42e9-bb7a-317b4bcea9e9,Good apps,5
48eb19bf-1826-45fa-bcb0-1040b799310e,I Hate It. Disgusting,1
7f30d8bd-a618-4ad5-9a53-bb6010ddbe8f,Excilent,5
5f97fa74-115c-46f0-8fac-980b0cd6aa35,Good App I like it,5
c52a68db-84d9-4d9f-aadb-76ee44fc5ee0,"YL yb. NV , ys eNY b",1
b9a45652-cc29-40fc-b51f-7364b01ed223,Lataa jos haluut aivosyövän,5
3301b8e2-9137-4996-902c-0d3dada08f98,Good,5
1a3a783b-3e88-49ca-9e39-f65ca19cfe0a,Amazing app I like that too good 😊👍👍👍👍👍,5
fd5459cf-f207-4d77-a39c-69087d52bb27,Real good,5
35f0cd37-3d3d-444f-940a-8f9b9cfbd0e6,nice,5
c8f340ae-45ed-45e4-91f0-c3f2d37a057f,It is a good app but I can't receive my money,1
3726b32c-976f-407a-a8ce-5aaeb6a8cbd7,I love this app,5
2a1f7257-1be3-434b-892c-c8463b40d442,"They support communism and slavery, download if you hate America!",1
c240e83d-cfb0-4595-93b5-db13306c758c,i like Tiktok,5
a3bdb352-3bfb-4fc8-869b-0655030441cc,"They aren't doing anything about people shaming others on the page but everytime someone is trying to defend themself tiktok delete the comment you guys should look in to this situation, people are even saying to look at their reposts and end up traumatizing innocent people with inappropriate content. You should have better moderation honestly. I'm sick and tired of being treated like this even others, people on the app are shaming, once I saw an account called kima shaming people",2
8566eb80-829c-46f3-9b5d-c09cb5838185,i love TikTok but my TikTok account is slow view,5
9f18ebbb-ad49-42fe-bf0a-a85212a0add8,Nice app,5
c1c1425e-4d54-483a-b4c5-d60ba927a532,Nice,5
7a5150f7-edba-4050-b1c2-4cabffd5da85,Not good ..👍🏻,1
152975b3-37d9-490d-bd00-7e4cbd32f182,Dear TikTok please sport me 🔥🙏😭😭,5
0701e8d3-536c-4a77-ac0f-1d27b34ba34e,For You and Live,1
fb278c68-38ee-4e39-b438-fc0c86cbf6e8,Он,1
2b904148-1bed-4015-9898-84a7c182231c,love it!,5
d2adcd61-42d1-4cbe-aeb9-8870db0f47cb,Its good dut if your like a kib on there mums phone ans somw ong cõme up in bra and pants,3
1f6bb1c8-8fe1-4aad-8681-a0ab8e8b22f3,Good,5
0a7f07d0-a62f-4e3a-89d6-f0dfb4d8fbf9,اسوء تطبيق من ناحية التعليقات بيعمل رفض لبعض التعليقات اللي مافيها اي إساءة وبيترك تعليقات اكثر منكم لله كل هالاساءات للاردن والاردنيه وبس اردني يعلق ويرد على العالم المؤذيه والسيئه بتلغوا تعليقه,1
ca5e789a-be33-4032-a241-1a6af29b9710,It's good,5
6cbdf86a-e17e-414c-8eae-74ec5dcf5dda,Very good condition,5
cf775bda-8a13-4f88-853a-b2cb2eaa05c4,Best,5
5a615611-01b5-4051-8b80-ea8e4cf84c51,Very very very dussapointet app😔😠,3
79a9eb53-44cc-4aee-b19a-c20604459ff6,good apps,5
5ba4c896-8869-47b1-b716-0f054d4d1af9,thanks TikTok I love this,5
4589cfff-cd5b-4c90-ac4d-4d7dea6e1641,Account vair please tik Tok,5
36bfd29e-f67e-436e-b7ce-b8a3996ef1b0,TikTok is full of enjoy and entertainment,5
ed0937e3-3937-46c5-975c-670114c0fa1d,🥰,5
ec2b3f41-ce06-45f0-b657-c97c49ba2e79,I love it. It's good,5
8252aa42-cc3f-4a0d-b2e6-b2dc45d35408,Register my account publically and virel me on you dear tiktok,5
c35f26d8-511f-4132-9778-3654596f4692,Good,5
113a6951-5ce8-42a9-8154-9af39fa672f6,Good,5
da5a5efb-e9d1-4491-9358-d803f04620e2,Amazing,5
28866381-36a6-4c90-87f1-6bf88d42d160,Very good,5
0091e79c-7c48-4af9-8953-4dd1624f1f80,mRafiq,5
c8ccf216-d35a-47bc-a541-07a018a9f7af,Donnot understand the internal policy of blocking comments and videos and allowing others on what basese?,1
44e7dbe0-5b65-4f4e-bd9d-24de4f527fee,I can't change the display into dark mood,1
f9c93667-654f-4ee3-88a4-d83e75a2d390,It is very nice 😍😍😍,5
31639239-08d1-4cf0-a265-a286f2c247eb,This is so adective,4
6d2d93f7-b25d-4368-beaa-c85c934caf14,Great way to connect,3
3e0ef5d8-7420-44ae-909b-7897e1d07185,Shameful app,1
221d051c-c5fb-44d3-91ae-26b9da3f17f5,No one can open my tiktok videos anymore. What's going on???,1
a81e1b52-ffed-4111-a2ae-9456ac731606,Tictok said I violated there guidelines and didn't do anything tictok if you see this pls help me up because I'm confused,4
e56932ce-dec3-4bba-ba01-7669e3ce144e,Wouldn't work right on my phone,1
fe5c96a7-c540-402b-b8f8-39c5453c57c5,Support my account,5
f2f1457b-af16-45c6-ba1b-1e6bea193437,Evasive,3
ad04dbaa-9cf7-4e3b-81ce-45470af24d8e,"I CANT SEE MY PROFILE VEIWS OR MY VIDEO VIEWS! sort it out. This app is not good , don't download it !",2
c8b40393-bea0-4998-bebd-55a6714b3da1,It won't let me access filters,1
90041fa1-731a-4016-9b4f-ebf7a9a38fdd,Hello tik tko team. This is my porsnol account.please my tiktok account unfreeze. Thankyou. My .id .mame . asif.javed.ch,3
b1ad1a34-a78a-4bad-a34f-858353d64065,TikTok Id viral please,5
cfff4588-4070-4087-8a0f-f151ada75a11,Good,5
81d566a0-4f5d-4e82-94b4-3090ff027aee,AdnanJutt,5
d959fc94-cf11-46ec-a819-d3cd78775dc7,Good,5
046a8ef9-5a19-4679-855a-6f2dbc7d5026,Nice,4
bdfa3a5e-ac6a-478c-8f55-f7c2788e4ee4,Played it and now I'm addicted to it,5
e759dd7b-009b-40a8-9c8f-c5710533e10e,Nice,5
2faa114f-ecee-4597-840c-2eea80a224f4,I Am Ali khan jadoon,5
a47b5829-24c9-44ab-b4d1-51bfe763a3c6,Tak tok tem viral my videos place saport me love u,5
a2e1f902-5d92-4dbf-b8d8-228be12b3b0a,Very interesting,5
f1c9b5de-1e32-445e-858f-d7e88702c3bd,Haadixasan,2
fa6fa7fa-5364-4c70-9dd4-b4148b127d79,Good,5
5ea9c49b-cb6b-437c-993d-8d2bdf0219fe,Ok,5
27ae340f-ae1a-41fd-84fd-daa9af0de63f,Good,5
3bfb5273-f337-487f-ba66-a4489832b921,Foool star,5
ce1dcd8a-8ab5-409d-85cb-29c7f294fc5f,The app is very nice but it does not have a live stream app.The most exciting part is that you can watch video offline after downloading them.,4
a1b143e3-9a0b-4ed5-87a9-7b459374e1bc,এখন ঠিক আঁচে,5
04e3c8a8-9c1d-4771-bd7f-3c1f0b2c8672,I will open a new tiktok account please make the account viral please,5
e30ea70d-2ea0-48fa-a999-45e7588d0e4b,I am from Pakistan but my TikTok show out of country videos,1
a32994b6-8c0d-407a-937c-bd4da0d03392,This app is slow and it uses a lot of data,3
b6d09bbe-9f2e-4bca-bd1e-d802d8e1a65a,Terrible,1
3dbbfa9c-60bc-4826-982f-414ec53c71ef,good,5
ee5aa02a-4127-4581-972e-1baa145eb211,best app for making videos😊,5
56b278b8-8c37-4bf6-ad31-8c89581902b3,🥀🥀🥀,5
258ef6ac-2f3e-4866-a303-ecf7da1e6d2e,Good,5
94334018-7315-4605-8242-48f6474a07a4,Tik Tok is very good application and it's easy and fast through which we can introduce ourselves to whole world Tik Tok Team I made my new account on it plz support me thank you so much 🥰,5
506f14e2-9856-45f9-a59e-d9e206681ba7,Please Tiktok For you videos like his problem and problem so,5
a5704f1b-8644-4dc8-9308-4b807990dc11,Dergomi,5
46163968-342b-4b9b-889c-6e9b60a369f3,Best App I am very enteryainment this app Thankyou,5
57f2b156-4b7c-4256-9041-1fa3c1c2076e,Nice app,5
f99a9227-6149-4d15-a726-3e01b32b79d2,تھوڑی سی تفریح کے لئے اپنی آخرت کو تباہ نہ کریں۔ فحاشی عریانی کو ختم کریں۔۔۔ مختصر زندگی ہے ۔۔ سمجھدار انسان وہ ہے جو آخرت کی تیاری کریں۔۔ گناہوں سے بچیں۔ اللہ پاک ہم سب کو دنیا اور آخرت دونوں کی کامیابی اور خوشیاں نصیب فرمائے آمین,1
699e5923-6cf1-432e-91eb-f769f7efe128,It is amazing and I love it enyone else with me,5
31276d19-10a7-41b3-ae41-ec5dcd11f707,This is very useful app .loved it,5
3e632529-b371-4f85-becc-d125709b9c9d,Good,3
5729fafb-e729-4e4d-a2bd-2e318f496e6b,সেই,5
f44f4b0a-177d-4dd1-8a96-f91756cdc4a5,"I don't like to use Tik Tok. I only used it when my friends sent me videos about cute animals. Well, since 2024 I can't watch any video without downloading the actual app, so I downloaded finally. However, when my friends are sending videos, I can't open them, it is asking millions of questions, then brings up different videos, which I'm not interested, some of them are disgusting. Eventually I ask my friends now, if you want to show me a video, don't send me, just show me.",1
8ba30fc5-1b64-4762-acac-8a097018424a,nice,5
04a09cde-7df3-4242-a7f2-94ed09c4edfd,Goog,5
2d911714-6e83-42be-adc9-c2633f3ddc87,Nice 🙂🙂,4
66f81c1a-7536-46aa-9bc7-0b85ab27a98c,Can you make people see my videos,5
87c7827b-6c2d-4de0-9d16-33412bdb7cb1,"I'm so sick and tired of tiktok not letting me even search for my sons father on there to send him videos like he sends me. It barely ever reads im sending him something n even when i put it in the search bar that I'm trying to at least search his profile, it says theres no profile that exists when ik it does. We follow each other on it. It's been like this for over a month it started making me search him over just clicking his profile quick to send him a video. Now his name isnt reading anymore",2
318f8798-c625-4a0d-927d-f11db9c455ef,😍,5
ce99fd66-2ffd-4e60-bcfc-6e3dd3acde2a,Best app,5
88563ae4-5697-4cd8-9c4f-8f77849e7e23,Video foryou viral video,2
f79c70c8-20ca-4c31-87b6-960da60471f7,I can't access links from fb messenger like I use to,2
e4bdaf65-5d2b-4ceb-8f07-88ad88660f23,best web site,5
0ce6cfb7-296d-44d5-b298-173b51a297bd,Its Good,4
44236927-6226-4333-bfbc-c7b1bc422133,Good,5
5c1ac3d6-c91c-46b2-9a43-ad95fba442c0,Can't see the messages. So much of bug's. Cannot upload a video.,1
b3695d00-4ef8-46d1-b69f-37417cb1ef6f,I want to know right now why I was banned and I did nothing wrong. I have seen worse people on this app and they are. Not banned i should be on banned now. Also when I was allowed on this app it was Chinese for some reason. So please on banned me,1
f7013bc6-9d9d-4f85-998e-7bbdc92f86a6,😥😥😥 please video for you 😥,5
00ed0673-6bbc-4b07-b34f-bbe1e7cdf2a1,Please,5
cdee60d7-1fe3-4654-bd75-4726e8f15929,For you Tik Tok,5
91f74aba-c3ca-48e7-a38b-3eaa193ca6a3,Pretty darn good app. Love the idea of being able to connect with other people to get information on different subjects with different views!!! Awesome on creators out there for sure. Only issue is with the new update is the constant freezing and buffering. Never an issue before now it's a big one. Does it both off and on WiFi so yeah pretty sure an app issue. Please fix this 😁it's not just me I have asked others and thy re having the same issue as well!!! Other than that excellent app.,1
ce697570-f369-49e2-83f3-d1f84582ce9f,Hi dear TikTok I am a new using on TikTok application please check my new official account ..... And viral all video on TikTok page,5
21397a31-ce63-4f8f-b80f-c516136e8c87,Please install the tik tok app,5
e403d16c-b8d4-4655-a775-49d46d26a6ba,Good app,5
f4716399-d874-4eb1-8cc0-0aebc89e211d,Good,5
c01e2b03-ed19-4ba1-a6ed-bf1fed3a71f2,Tektok is good app Its my fevrate app #₩#,3
dc3ce2da-9606-4a94-bcd0-36b758374564,This app does not bad,5
013dee29-6d07-4341-8f44-0491bc7a7dae,"This app have a lot of good features to watch any type of video of your choice,I think you should give it a try",5
93d972a3-5c31-40d1-9885-02d635a0bb54,OK 👌,5
b0ae54fd-5c26-4367-84be-95f34a90ac8c,"Hello dear tiktok team Very very important Please I need your help because your account has mistakenly put my account in the freezer list. Please re-check my account correctly and remove my account from the freezer list. Because I have not made any mistake that is against tiktok police but still my account has been frozen and my views have decreased a lot and I am also working hard on tiktok now to make very good videos content but Still, my views are much lower than before. Ye adi.writes06",1
3e1fc8e9-037c-4729-86bb-21ff90768697,There been a lot of glitces like when I update it it and its done updating it doesn't let me back on after a hour. Overall pretty good app it's very relatable,3
94cfee8f-d420-468b-9187-e4caa1d7e0bf,Sport me plzz,5
c957ee04-64bc-426f-828c-cc1049565237,RAJAB FAMILY LOVE IT,5
9b030f0a-ed21-45f2-98b5-4f5a04343eaf,😎😎😎,5
1849dfe9-9993-42b3-970f-1c52ddf1772a,I love dis app❤️❤️,5
ef02639b-ce8e-4dcc-8929-889117179046,nic i love this app,5
cf925228-78af-4b6f-ade2-f0d283de8cbe,You explore many things that we don't know,5
f756f64e-3a0b-422c-a22e-f002b3fa6da1,Good,4
3f1b8247-9e66-43ab-990e-63bfbacbe491,bad,2
cd514f47-7c7a-4f44-b02f-7975b9e5bc70,Best app ever so easy to meet people,5
0916886b-0224-4ffe-94ed-2bc0d9879927,how to live options Pakistan,5
82d30852-f4a1-437f-9df9-f6dbc710fa54,Good app,5
04dc9583-6277-404d-bd70-4d3b7e48d168,Nice,4
7ef1e6d3-b27f-4825-bc72-4b3427f28fa2,abdulSattar channar🎁,5
14658258-1eff-48bf-872f-59e5b78ad450,Bkl.....!,1
cbf80793-4fb6-432b-ba8f-a9c08816241c,I love TikTok ❤️😍,5
0746d10a-8bd2-42d0-a6d5-de56b08a5b42,👎👎👎👎👎👎🤣🤣😂😂🤣🤣🤣🤣,1
974c01e1-3ebf-4c92-9a0b-236890e3677a,Dear TikTok I am new uzer TikTok application And plz may All video for you husnaintariq079,5
aa71a0cc-b4cb-4d55-a3f7-9204bbf95f30,Not helping with previous account.,2
17299b50-aaff-4140-a641-bd99bc7016e7,Got banned for no reason,1
a34eb138-3f72-45f1-ade1-6e6d2a6308e7,I love 💕💕💕 it this app has knowledge,5
8f514f5e-5396-44ae-b008-089a1b448406,Faizan Farooq ..,5
2261666b-22fc-4a7f-bc24-f31405a0406e,when I first got the app it was going great but when I got in the app I got banned for being under age I'm not under age dumbass :|,1
36411472-54bd-4d6d-a858-f1d00fb6e13f,Nice❤️❤️❤️,5
51a84b6f-2710-4fb0-9650-10f2ae0125d4,Fjgu,5
16ade62a-124b-4354-af77-3c65307698fd,"I love been pretty with this app's decline in usability as a creator or viewer.Recently I posted a video and it starts blowing up and 3 hours later I can't open the app so I deleted and re -downloaded it thinking that would work ,it doesn't now I ve lost my account and all respect for this app.I ve turned the phone off and back on that didn't work.I just get stuck in the sing in or sing up menu every time.its been 6 hours at this point.I m ready to delete the app",1
ee4b1d19-ccb2-459a-aecc-37cb1f052718,Nice app,5
1be02128-036e-48bf-a41d-ea402ab3d5f4,Ali right,3
a67acd4d-a44d-44dd-8b95-8d477a335a9e,Is a very cool game not game like a very good app talk to my friend took about b******* yeah,3
43fd99b5-0c36-4675-b5f0-22123aeef5e4,❤️❤️,5
531d93e2-80c1-40c1-92f6-814746c28ee3,Fine,5
706032f6-0ab3-4c7a-ade5-6195bc91ad28,Support my TikTok account Plz Viral My Bro plz TikTok Support me,5
0c167c62-0c75-4230-996e-ffe605e8f928,like plzz unfreez my account 🥹,5
320f5e39-d4ce-46e3-aa39-e5e963a47626,I want update my tiktok but its not update plzzz help me i use old tiktok its boring and now update problem solved now my old account can't open says all time maximum attempt plz help,1
8936e79b-313e-4474-8aed-a6b4301429cb,Have you seen the movie was just a little more than a few hours to the movie is about a little bit of everything la and the other day I had no idea what was going on in the world's largest is is is that a good,5
a64e4996-5a97-4247-acd9-dbe46a1485a6,Good,5
2ee99660-bf64-4caf-8cf2-41bf4c237ea1,TikTok is fun. I like it,5
c71a0c59-f875-4426-a04e-209b6140d324,Good,1
23dbe087-d22b-407b-bb2f-2ed2b0aeaf45,it banned my acont for no reason,1
546d6fca-80b4-4e59-b123-5b57f6177456,he dear tiktok i am a new using on tiktok aplication please cheak my new official account and viral all video on tiktok foryou page,5
b4258540-933a-46c3-9298-0b5a50e2a90b,U don't Not highlight palistain issue,5
f8cd6769-2351-4e1d-8003-a3dbb62e73fa,Sir i have profile viewing problem please resolve this problem,3
5e6f4582-2d49-4789-8da6-f5ac56e83d4e,I need to get Facebook code right how.,3
b815c7d9-c09d-4fc8-90a8-c65fba6e3b24,TikTok bohat buri hai patlo ka account un banned karo,1
03fd406f-5c3d-4d99-9279-03169e090d57,Amazing ❤️,5
d9296dc8-51a2-4c18-b73c-cade1a64e501,Not good at all,1
4411284e-0b7f-45fe-b22d-b68825d9c8c2,Nazrul Islam,2
21bc9c2b-ab3d-4504-82ab-c578ee813828,Yes bayb,5
d71f153c-18bc-4495-ab72-09a8ac539500,Bad app,1
4c56547e-253a-4709-8022-26e1da2da25d,Good,5
5bb0b350-448d-49e8-991f-a525093ad385,Good,5
2fe15bd9-868e-478f-a322-b1d34e23f74e,TIKTOK! ADD REPOST COMMENTS BACK AND MY LIFE IS YOURS!!! PLEASE!! ILL SELL MY SOUL IF NEEDED!!! JUST PLEASE ADD THEM BACK!! I CANT LIVE WITHOUT THEM!!!,3
76a42498-dd6f-4b82-80c8-c685ebe8884d,Love you bhai,5
35613b96-633f-4ba7-ba03-3b5276e73164,Good App,5
ae391ff1-8a5d-42a7-ac73-547a2b82a7e8,Excellent plate fourm but lost of many things in my opinion.,5
924b6e7d-52cd-40d2-a1e6-99d2b1fdea73,برنامج تعبان مر,5
be419031-a9d9-4b81-8bcf-e717c751e015,Absolutely great apk,5
6c4fb7f6-8768-4c6d-9d61-83d9c78d76f1,Ok,5
9de46cbe-c366-4e4a-b132-3acb0a0c6209,This is a good app full of intertainment you do get bored plus about the comments af others I have to say [BADAKIWE!],5
71f474bb-3ed2-45cd-b5a3-141de297d26c,its this apps fault,1
43428309-c174-4e5c-97bc-94f734fe69f6,মেহেদী হাসান মিরাজ,5
ed94aa0f-d5ab-440b-aee6-2c8a46fc960c,Very slow app,1
859ea5bc-0a8a-45ec-9325-c8ce1f2368e0,Super star 🌟,4
49f128fe-9439-40a0-abc4-af0f0ad80399,I love TikTok video views problem and like problem and follow problem plz Chak my id plz halp me.,2
fbf5e07b-d9ef-42b9-9515-fe2f73333bb2,"love the app, can't post slideshows on my phone (Google pixel 6) so that's rlly annoying",2
3c67d6e4-1c05-4315-8179-e2ba064ebe3a,Nice,5
9428d199-7d94-41cc-bc55-198f383527cf,Can you add a group chat making and a call feature that's what i want if you can do it but you donthave to,5
ec67726d-920e-44a9-8bae-adde786ea8ab,I like it very much because i learn many much from this,5
39de1851-1319-42e6-86fe-a67ab11aa206,Waal impressive,5
9083472d-1908-40c6-bb38-9bc28ba0779d,this apps is very good,5
22c2624a-e302-47a5-84e3-6f0519ee5a4e,Keeps lagging each time I open it,1
17953a45-efdd-4687-9afb-509349bb23a7,it kept on making a private account it sucks,1
acf5c6a0-38bd-4b8b-8865-ec7aaea76901,Love it,5
2f17aeb0-36fc-4d7e-97a4-377b95949ac7,Ch Saeed 110,5
8a2e0fc7-c7e6-48c4-ae29-c44aa679da97,Good,5
6db8e25c-8644-4a0b-ad42-3564384dae62,Good,5
6abd434b-18c8-4959-83b6-b2007e9deca1,"I have tic toc app,my sister sends me video on messenger and i cant open them. It wants me to down load app. Sup with that. Sucks . I follow my sister on tic toc.",1
750e02ef-4da4-45cd-a339-410fb9b118bc,ASi,5
d6e690cc-a5d9-47dd-a6fe-356ab3a82eaa,Yho,1
16751329-52f1-4eaf-9f6a-37a9ebc82444,"Welcome to the QVC shopping channel! Where you can buy items from shein (unless small business) where you are silenced for saying things such as ""wow"" "" love it!"" Or ""so pretty"" run completely by bots/AI real creators I follow are having their platforms diminished because they refuse to sell, essentially rubbish! Gone are the fun videos and truly informative videos that need to be seen. I find myself on FB reels more now so I can see what actually interests me.",1
655bf1db-c5f8-4b40-aa57-9ddd8ed07527,nice,5
01a2a306-dc1d-45c3-a9d9-ccdc43ed76f5,Very sweet,5
f01508be-f961-4818-934d-39831bc2799e,", Majhe app bahut hi Jabardast hai aur sabse Jyada popular hai I love this Tik Tok",5
ab863756-379b-41f3-b1f8-c3a9c245ccb8,GLORIOUS!!!,5
ef08cd4a-32c9-43c9-bc3e-af33b6be7a84,My Views AwaraRomeo24,4
78b0e316-68b7-45e2-abc9-2e089142c3b9,"I freaking love TikTok, but the most recent updates have fouled things up when trying to share a video. I have to hit every person I'm sending it to 10 times before it selects them. What was wrong with the old way? At least it worked!",3
5df5fb15-da70-4d1b-b7e7-6c4ec28373cd,Ten out of ten most recommend again 😉😁😁❤️👍👍❤️,5
e96d729d-0c1f-4020-91fc-9897b4f77361,Poor,1
5fe9b3ba-8c86-4bb7-bc1e-630b018b404e,TikTok team plz unfreaz my acount viral karo yar my account plz suport kro like kro faloo karo,5
0e577ff4-4a3c-4114-a8b8-306067af0d2a,Hi I am Koko I am 18 year old Tik tok my favorite Apps because I uploaded Islamic videos,5
d2fbfcbe-6b82-4734-9fbd-06c2d875c726,Good Apps,5
02fa23a4-59e0-46e3-9a70-456e3f33fd0d,Musr,1
a43cb5a9-caa2-410b-81e0-c3f26c8e2411,Very nice app,5
a1cf1192-efff-4935-9b22-d8129aad978f,"To:TikTok Support Team Subject:Complaint Regarding Video Reach and ViewCount Issues Dear TikTok Support Team, I hope this message finds you well. I am writing toexpress my concerns regarding the performance ofmy content on the TikTok platform. Despite creatingoriginal content and adhering to all communityguidelines and rules, I am experiencing significantissues with the reach and view count of my videos. Issue Details: Original Content: All my videos are original and complywith TikTok's rules an",1
ebf55f01-59cb-4331-81eb-38a38598d11e,fake ha TikTok account ban,5
8f190704-09fe-4712-867a-bb9d25876c9d,I can't log in 😭,1
71e9e36c-f9f6-49b7-a01d-06f2fca2fdd5,Nice 👍 app,5
106db4a2-8e45-4392-94d8-c54e646c5b7e,Sms problem plz help,5
3c5772b8-1a31-4b3e-af2a-9dc6322202ad,"Every 2 videos has a live going, I'm tired of seeing the lives fill up my feed even after I use the option ""not interested in any live videos"" or the constant tik tok shop being part of it also, it's really annoying.",1
9c169a37-1c08-4097-81c2-579a59951106,999laws,5
c8e7a00f-3bea-4302-aa12-1c0458a5d9d6,For youikram,5
1e663bec-7e65-4907-b5ab-67e659a92dd2,Love it! Essential for every phone!,5
d56766b3-1aa2-470a-a600-749d3e224675,good,5
c7e3e73d-dfaf-4d01-8d01-f67c3844a908,Good,5
d8749b22-ae68-4a2b-a188-a12f1ed2bdd6,It was all good but then it started getting annoying. I am an engene so i seek for enhypens' content. it was working reallly well i loved the app but now it's only giving me bts and blackpinks content. I don't like it. It' really bothersome. My fyp is now a trash-can.,1
60afdc96-e62c-4a41-aa4a-f02d41f3c77f,Hi team my account unferrz paleeez support me 🙏🏻❤️,5
1d97058b-8132-4a5c-9765-4acd5c163e22,Hello Tiktok Team I have been working hard on Tik Tok for quite some time have been posting very good videos. Please check my account and unfreeze thanks Tiktok username (oghi_king_ahmad),3
8c126b93-c2d2-4bd5-b801-8c3d0eca79df,It's good for jokes but some people don't know,2
b263e2f6-25a5-4f97-9e60-12e391f657db,Good app,1
ea792022-7792-4f5f-8ffb-e47da8b1b7dc,Nice,5
4e2f2c5c-7fda-4e4d-9e1f-b9894bf7a029,It banned my account cause I did not meat the age requirement and I am 23,1
0f1abe11-d86f-46ff-8906-4cb8b0319698,৩eesdssrd,1
7afe977e-15fe-497e-b32f-2f7ede540081,Good,5
262cbe20-79a9-4626-aea0-bd4f40859dd6,Love your tiktok app,5
36d91697-3ce7-4ea0-88b8-228d8fc8b098,Nic app but no views my video,1
712ef821-b4fc-4531-b67d-59e6daa55094,Plzzz viral my account,1
288e6e3e-1ceb-47db-bbea-866d8be7918f,New account please viral video 10 k view ay,5
a45a78e8-7e8d-47cf-872a-3ca58f1a837b,Artificial companion and educative resource..,5
243c3f49-4331-466c-8023-c284e4cc5228,bettar,1
58ca3984-b025-4cf4-b9f5-f2046993be14,Download pless,5
c06576af-5f9d-4e22-8e36-04b532f715ca,Nice app,5
3ae0e1a8-530f-488d-bc84-cb44925658e2,People cep hacking my account,3
9cb5b07a-d8f0-414d-9fcd-84fbde8b3af6,For you ide,2
91835495-8b75-456a-80f0-bb2c28eb87c8,Please unfrees my account TikTok views problem like cmnt problem 🥺,5
509ec87e-037e-42cc-88b7-4fd99d428347,Good,3
b8a045fd-cddb-4634-89e4-bd37a4760c96,simu,4
ef8f92bc-51a8-4ee3-9443-97a02f136d1c,I LOVE THIS APP ❤️,5
d0ab0f6a-b91c-4f26-938a-9d3e52791cfc,Very good app. Has one disadvantage: very high power consumption.,5
a24efe4c-75a2-457a-8351-bf1c06d15c30,Inappropriate for non solicited contents . This is my 10 & and 8 year Olds phone. One more add like this and I will contact my attorney.,1
aff462eb-4e8d-40a1-98a6-0745d55233c7,Khob bhalo,5
a13dccef-2c39-4d89-ae93-3aadce9d8e47,Nice app,5
4e8ef859-bd9c-4d01-9a80-ccab1b3491d5,Virl kr da yr,4
a6f1d6da-a910-489c-863c-91a21da5063d,Good,5
55c5af41-e94d-46c3-8bed-796ffc4cee4c,my emosn i's tik tok,5
72d29835-8099-4fb6-8282-15f9b7504726,Nice App,5
8317da59-41b1-4167-acce-560cc0d4fcc7,Tik.tok,4
37fc4abd-7557-4bdd-b72f-96828da7b11d,Too good,5
eafe896e-c18c-41bd-ac4a-d4dc43227a9d,Dear TikTok team please unfreeze my account please my video no virel and not view in my video you chaik it my account please solve my problem please tell me my mistake halp me please I'm waiting for your your response message please give me a chance for thanks accuses my mistake but my dream one million views in my video please 🙏👍👍👍👍👍👍👍👍👍👍👍👍,3
f669a380-82c8-4621-b380-18227f99b7b5,I used this app since 2022 for sure love this app,5
141ec2b3-c544-4fad-bf0a-fe6b9144142c,8 pool,5
68a71621-9fdb-4611-8683-fc9bf542a11a,Please the support ID for your,1
2312b664-f3a5-4beb-a904-ba5d9b17d4f3,hello sir my tiktok account is freez please unfreez my account thank you,5
adda8696-ce82-48a0-bbba-7039165b912c,Entertaining,5
ce033245-faf2-4ca5-9490-f33c310073cb,Wow i like this browser❤️❤️❤️❤️,5
27ee26a2-3a01-4861-bfb8-a909bc8f18e0,Fit,5
396add03-98a2-4ca3-936c-2a7eb3f4a416,Tiktok good bat ilove u tiktok 😘😗🤗🤗🤗🤗🤗,5
46442e02-993c-4ef6-a734-98b34d164899,Nice,5
1f0a9c7c-6e64-490e-a1bf-89092ab3db87,So Good,5
7d23adef-435c-4312-a9a0-ce9ab5892b26,"Too many people using this app, so many other better apps, but this one forces you to download. Users should use alternative apps to reach all of their public and not exclude. I had to download just to follow one. Not interested in the rest.",1
d743c3d1-bebe-4488-95a4-34a73b26602c,Great App,5
9828e169-66fd-4530-8fb2-c99730b7d7d8,Good appa,5
61491cda-fc1f-4393-8d4b-dfc0fb0ec64f,شیڕەی دێت,5
9e2c8e54-57bd-4ac5-b6da-833b4ee88ff6,.im so mad tht I had to delete many stuffs so tht I can have this app but doesn't matter I love this app hope u also do✨,4
893d7a1d-166e-4de0-8f11-9ac916348050,Es muy bueno super y lo recomiendo solo ay un problema que no cargan algunos emollis entomses para que areglen eso,5
13dfe51d-c69a-49b6-8a85-200dc8fa6328,অসাধারণ একটি এপস,5
cb98e1e8-33ed-4d3a-b336-860ea94ba7cc,I don't like it at all. But it's a game So I gave it 2 stars for that.,2
05cc917a-b5f6-4d10-93bd-b1523c84c616,Mazhrz,5
dfa73f3f-9fcc-47c6-aba4-6e8c7730a779,Got set up and cant watch video sent to me anyway,1
d80cdfde-dd0b-4417-bbe2-af7fd27af37e,Yes it's better but some thing has not,4
af07ce8d-5771-4730-9d8f-77352bfd46a7,I like it,5
450a68e3-83ae-437d-9b25-5177336b605d,"Abdulhadi. A. Lawan. A ,sub-zero",5
e4e51d15-2dd5-4c07-8ca4-4fb4ac87b8e4,New app useful,5
8c72ce04-2659-439d-9ed8-e18e2e2ace4e,I like it I totally like it,5
473555d3-66ab-46a5-a52b-88345210240e,I have updated it but it doesn't show that l have updated it,1
711f0934-08d7-451c-845b-83b3604bd6ae,"The TikTok team wronged me and closed my account for no reason. When I asked them why the account was closed, they told me: If you live in Europe, go to court. I sent them via email and the app, I can screen it and post them, and I haven't been violent or done bad things on TikTok.I just want to know the reason for the suspension",1
32fcc0c5-eb23-4fa9-adac-ef60aa6794db,Intertainer,5
f1156cf8-6f49-4838-9b5d-5e15ca48f8ae,Love it.... Simply de Best.....,4
52d5e20b-5776-4c1d-98de-2e7916c43c4e,The last update sooooo badddd,1
b43d3c4a-b4c7-4f75-9c08-b83b2f028bdc,Please im unable to post pictures or videos whenever I create please what could be the reason and it wasn't like that before,3
e3edc4b6-cd23-4484-a84b-ada64ea81b32,Good,3
90da23ea-3ecf-4c98-8b6f-0f66ff80cf88,Very good app,5
a8047473-3ace-4e7c-8c3d-f96e474e5ba1,Nice apps,5
776d6deb-044b-4375-aa54-d3f45b864466,Akber,5
95203d6b-13e5-4e8e-a2d9-530ceab953e1,❤❤,5
1f0aed75-3a27-417e-91d5-15c2445226ec,Hammad,5
8bad7528-1182-42a2-9468-d0c3c5b61fc6,SX NAJMUL🥰🥰😇,4
c7b0b5f9-d6c7-4aeb-b120-b092078aa4a1,YOUNSKHAN,5
ccbaf35b-06f3-4c01-87dd-c7b8d05820b7,No bbbbbh hey t Thursday hai inch joining äáh difficult Austin,1
96b52289-a511-49d3-b017-850ac202108e,Bad app 🤣,2
09259105-d468-40a9-8775-16fbfdf2f09a,Tik tok is very good app if you have Stree then you open the tik tok,5
927743dd-9f22-466d-82dd-f3efee27b722,I love the app,5
42648f8f-1659-46fd-81a0-2d46340bff7f,my Tik Tok ID @onik641,5
20fe0dab-c84a-41a2-a0f1-24ad12ddc040,Too many averte,2
0dd8f800-824b-4f93-b6c2-e2173c9c0be0,nice,5
8d781e1a-a91f-4678-9a3f-c5f56a68a7b5,Not bad,1
08b52fe4-5fd1-4dd9-b977-9d41837691a4,Love it,5
89ce1352-a0f4-44d5-849e-0dd0b2699ae5,Good app,5
05129913-e9dc-4936-b06f-ef7a013e3f66,Do not,1
e1b674da-8bdc-40fa-9661-f18d97134d73,Better than facebook,5
9b35a29d-558b-49d7-9558-c79d3f6efa6c,it's mid...,1
f57c51c6-290b-4d97-92ec-e91c37c3d076,Aman aman,5
4a15c3cb-f11c-43e2-8eb9-a5cea7f1aff0,Hi deair tik tok I am a uzar,5
aa59c0ee-d7fe-4ca4-b5b2-29769acea501,"I. Love this app! I can create, explore, and meet people 😍",5
e534c419-df91-43bf-a0e5-b7f34a23a582,This is very best app to deliver islamic message to our all world,5
8efed7d7-48be-43bc-af18-eaf68fac9f6a,🙏🙏🙏😂😂😂video,1
038d4280-5c5b-4b20-943a-460eb63c42f8,Nice apps,5
af3d74f8-39b9-4699-8797-7910f4f5143c,Mhatabjutt,5
845aca0d-2568-4de8-bb07-88f66e258495,E dey hook,5
18a842ee-9f4d-4761-9816-127c60e7de36,Okay now they just ruined it I've been trying to put my real age into this thing and it's still giving me a private account and I can't turn the private off fix this please,1
d91d8e8c-66f4-49ce-bbe5-ee993f3fc843,I would have put a full star but make a Way to share pictures on chats,4
d5d0ad30-2e39-4938-950c-fe6aaddfc526,"It is very good Intertainment app but, there are some things limited like lives and stuff and I think bonding with people on live should be everyone 😁",4
9d8ae159-c7be-4b99-b942-4e02ee9fcce2,Nice app,5
639f4a05-a168-497c-8ab6-bd995d0a9b3a,Tik tok op apk,5
45042a63-6039-42e1-944a-921713436a73,My account is ferz plz unferz my account,5
1b970bf3-edf1-4c72-9d77-f584b900cef3,it's a nice app,5
8a385e32-71e7-4d8f-bb24-58a8da2dcaec,Roshanthakur Thakur,5
fde9bafe-70cd-4a79-90a0-c2c39b3ef8e5,Nargis+T,5
4a2284fc-ed34-4390-861a-8e413e769554,Good,5
55ee538d-0d54-498e-977e-7218070c54f4,What? 10 day? but the dance party not only have time unless,5
0b70dc24-c468-49a7-a1e6-623a53b74b7b,Good,5
c0388a4b-e4c0-455b-a46d-01dba30eecfd,You took the repost option away,1
b098b23e-034f-4056-b7f2-60ebb1a9c258,This is wonderful app I like it,5
f58f4189-40cc-4a11-8f9d-75113c801fa0,😒😒😒,5
e9f97375-d589-4d37-8f06-c454527a5683,Plz video viral,5
cedf5d7e-05a7-42ca-86c9-ef2d55ecb181,Mst:Nodi islam,3
2466b5a3-0425-4d5b-ac6c-7775f65d7961,is a good app,3
59be29ec-20a6-4c41-b978-d92b6f2c8138,BillA butt,5
e1eae22b-a733-4eea-b21c-9fb2d2c1fa05,Sometimes it doesn't allow you to follow.,4
377d1c6f-b427-460e-8d2b-2f18ca5e1252,"yes, it is a nice app",4
86adc096-002a-42f3-895a-3499dea09621,Nice 👍👍👍👍,5
26fd9d7a-0f36-4605-b081-c22af0b1e187,Xyxuvicun,5
ddfb1eed-0328-4cc0-a31f-b59df5b8ab58,TikTok team I can't upload my videos in high quality please solve my problem as soon as possible 💖🙏,1
787fa62b-6478-4134-bc03-d8a4f3ec0b8f,অনেক ভালো লাগছে,5
0f1a3af3-2201-40b4-8289-9093b8d099ab,Hi dear tiktok team My Account has been freeze i am hardly strugle on your platform please check and unfreeze my account thanks My tiktok id user name (imranhafeezkhan),2
3aa84cf4-0f10-4996-ae24-074548434375,"84,478 re",3
547a4d3c-b481-48b2-afef-38fe847d5abe,New update is horrible. Can't comment on reposts or anything.,1
eb9921a0-f3d1-41f4-8183-0b345d72567c,It is the third time I try to open that app and it didn't work... Every time this happen I have to uninstall the app and download it again 🙄 so I lose all my drafts and saves .... That's so bad 😡,1
09ce2fc7-edd1-4e25-b8fc-831c005ea2da,Tik Tok Love foryou me,5
399d81e2-571b-42a8-bbf3-98ee39bf5a44,Geogrous apo,5
b038a593-1a22-4007-884b-a3013cf2a133,Nice,5
2b96d303-2452-43d6-aae7-5a4665b7fb85,Good app,5
0f883ff0-4d2e-4ff1-97e8-1efa5ba67c06,"It's a very good and nice app but plz try putting ""try capcut template""",5
03cf00d2-f80a-43ef-8007-0d243d1b3036,It's a very good app highly recommend but if your a new user and had your account for about 1 month or so u won't be able to follow back .,4
a58ab50e-d59c-4a64-82d6-1edf80f955a0,Good app,5
2dd306a0-342c-4962-8808-818385842e22,Fun and enjoyable,5
36a7a0ef-357a-4b13-80fc-7fb80f045063,It is so excited 😁,5
33425d90-0b2b-4e6f-89eb-b6808a13b40e,Alijutt,1
ef2a07f6-67be-467d-9578-e2932a824c72,This app is very very nice app 👍👍👍,5
4237ace0-02a7-486b-bfce-2e72a06dc6c5,Great one,5
d5840135-681c-45f4-9c54-a76a4ac8508b,You are able to create videos comment on videos share your favorite content and create your favorite content. So fun and amazing,5
1c38a9ab-a36c-4c5c-8f53-2331fa2a534e,MD SUMON UDDIN,4
f9a837fe-cdb2-4405-8612-cf8157dfc813,بيفشخ الوقت,1
d47f22e0-75fa-4c73-8c9e-5b9bb1d4f60d,নাই,5
ad2e302c-4c74-46d0-9738-44ab8c6f317c,Why not installed very bad app,1
97a9f1f3-b0e8-451b-b81e-3fd78045db73,I like tik tok,5
27ff26f1-03fb-4e6d-afaa-ae2621c49c3e,Wajif Khan,5
7c56a255-0051-4c60-b660-783a611cfd0d,ধন্যবাদ,5
239e61a9-705e-4849-8ad4-2382cf0167a4,God bless you Tictok❤️💖💖💖,5
984e8592-eb0b-4db5-9cbc-2576d88903f8,Tik Tok is fun,5
fc60949c-fda5-4038-ac0a-9508a978bf18,Good,2
38d60c5f-2808-400b-b556-c9d7421ccd5d,Unfreeze my account please 🙏🙏💯,5
6f083333-8a21-43a5-81de-630edcedca1b,Good,5
a220c104-57ce-4265-a11c-319a3f5bdaf3,Faizan ahmad1234,5
e04a1bd4-2a95-419d-bec5-2384dfbbea30,Tiktok ID and problem,1
9d76891d-50ac-4a8d-af1e-685f3881cebb,Larborn,5
ce36a601-98c2-4691-913d-5d4e77998a3f,Nice app but when I am doing a ticktock on my tablet it show a small screen but I don't mind giving it a 5 star,5
8c1001d7-1cc2-4493-8f82-5266616af11e,Abass Ali khaskheli,5
1a841471-4d0c-4852-bb71-e49c236bcda5,Need more updates:),5
6e267b70-84c9-459a-819e-2e1d8f7a8a0c,I love 💕 tiktok,1
9f374f26-b589-49b4-88b9-a9a61a578ac8,My new id sport,1
320fa45a-fee1-4ec1-9990-1056632532c6,Crash crash crash. All the time,1
7fd77d42-1aa8-4a02-959a-5325a7e1112d,I really appreciate the apps,5
1f040a90-93a8-4ebc-b4eb-402f4fa359e0,I love this App 😍💕,5
6ce6219b-5c0c-4e39-8ec7-274434a5e81c,I'm waiting to go soap in the shop and won't let me open that so I'm mad and I give it a one star.,1
e8a9a534-d151-40e0-ad53-864a0faa040e,Muhammad lshfaq,5
9849e71b-8912-443b-8f5f-895a488b0630,Got,5
6db997b5-f9d8-4360-8d81-fbac2faecc69,Dos not yous appp tim vest,5
00d4cbb3-c818-452c-bb8c-4816fe3cd1b4,Ghulam Mustafa,1
34788ca5-09c3-4fe0-9caf-85fc150dbd73,bi mat acc,1
e102876f-53a8-49bf-bc9e-8968674cd8c0,Wow,5
36d06523-b15f-4852-819b-4ff82f6f78c9,Tiktok team please unfreeze my account,1
b744787c-826f-4153-b966-a5c126c13348,My work and cool to check out,5
d9caf4ab-7fda-491a-a639-e8bf4d8d749c,Please support me,4
fc75d2ec-b0f2-4aa4-988c-20c2b7866672,تحفه,5
afc349e9-0cce-4a40-86fc-656f3e1a63b9,شكرا على هذا التطبيق الرائع,5
36e9aee0-b24e-4450-b7cf-818553cf4526,Love you app,4
e94b47e3-4df9-42e7-872e-2b2dc006e48b,Nice,5
e4b9c172-8523-4abb-9d28-1722b4466ca0,"It's the best app if your not okay if you love cooking, dancing, singing and a lot more I recommend this app I promise you'll love it",5
325eb1df-c471-45a0-baae-cf64aa36937c,I downloaded video remove the sound of it for what TikTok you got something against the Spanish community,2
17846e73-1785-425c-9c0a-f58cb5a9484d,Khawar,5
b604044e-ac80-47ce-80aa-fb979593bd04,For you,1
874680e0-ec92-40e9-8cf2-504c3e446d6f,No doubt this app very special,5
e2796685-67f4-406c-93b8-563d5b53e808,Nice appfw,5
8a9c9f1e-2725-4580-8467-0f1653939c70,Hello dara TikTok team vera Plzz my tiktok account shamigoribrand my via account please tiktok,1
aaf662ce-5877-48da-9f45-caa1dd21665f,Amirudin,5
4682a586-725e-412d-9a9a-0b28cd8190f6,This is the best app ever,5
69197d08-985e-4492-ba26-cc4997cf4655,Nice,5
2406db8b-dbb0-42eb-b9b3-e34b51624a3e,Good,5
e0e4cbe0-e88c-454b-8536-ff53dae936cb,Jjjuug7u 7772e یا ء. . ززز ز گ اطا.ء. Vy,2
dd3612c4-32a4-407b-b262-7b7f57744f89,Damn app keeps playing pro-terrorist videos,1
3c95d145-e09d-4dc4-a39c-128b1c6dd91d,Good,5
9b7ee08c-5192-4b78-b3c7-423d6dc3680a,"Anytime someone sends me a video I used to be able to watch it, now it sends me to the play store and has me open TikTok. I can't find the video I was sent and it won't let me watch it from the link. Please fix this so I can see what my friends send me please!",2
56c795e0-57c2-4eab-96b2-b03f98f4716c,Ibrahim is a great way to get a new phone for you to use for the program to be able in your class for some of the other people in the world and the world of the world and the world,5
5bc4fb5a-8b57-470b-a7bc-3d404fc53f99,❤️❤️❤️❤️❤️💔,5
64b8ab29-213b-47ae-baa4-b883c2e4f492,Bohat Gandi TikTok hai,1
b25923ee-8a31-4855-a52c-48d09eca561a,Faisons Des videos,5
8cb8f8b7-2bbf-4878-8db3-451205e64a5f,This app is vary good,5
5fd0b97d-cb5f-4c2b-b80e-4779a162befa,Xuseen Xasan the,1
b178f123-0164-4da4-a913-1a7e1d7ef9a2,Thanks tiktok 🇦🇷🇦🇷❤️❤️❤️🥀🥀 Saput me tiktok @fazilahmed01. 🇦🇷🇦🇷🇦🇷🥀🥀🥀🥰🇦🇷🥰🥰🥰,5
3c792a8a-c94a-4628-8d6f-cd01bcfc091f,Open has,5
1aef9e93-f7e4-40cb-bc03-08178a6fb40b,I love it,3
f3aae179-5551-4cc1-b7fc-a5e348e1e02b,😍)-(Lovely tik tok apps)-(❤️,5
6570e69d-34b7-4cbc-a478-f88fa8cdfde6,kelebogile nkwane1906,5
ad4043b8-9dc9-46ef-bcbc-18292c273dae,TIKTOK COMPANY I REPAST U PLESS 1M KORE DEN🤕🤝🏻,1
110fc6f7-7080-46c0-b585-ebd94633e959,Please Viral my I'd,1
178b61c4-45e1-44b9-a1eb-8b5ea8cc7be9,"Hello dear tiktok team very very important please I need your help because your account has mistakenly put my account in the freezer list. Please re-check my account correctly and remove my account from the freezer list. Because I have made any mistakes that is against tiktok police but still my account has been frozen and my views have decreased a lot and I am working hard on tiktok now to make very good videos content but still, my views are much lower than before. Yes but if my account is ad",5
e6e9127f-97b3-4ecd-8f99-a6341c2a5e35,Wow,5
a3482a89-3c07-431b-878a-177f7ce4b1c4,Abubakar,5
ad8b55d2-45fd-4527-9003-65ed76a3f8c7,"Sure, here is a response to the message in English and Urdu: **English:** ""My experience includes extensive work in natural language processing and artificial intelligence. I have been trained on a diverse range of texts and can assist with various queries, providing information, translations, and more."" **Urdu:** ""میرے تجربے میں قدرتی زبان کی پروسیسنگ اور مصنوعی ذہانت کے شعبے میں وسیع کام شامل ہے۔ میں مختلف قسم کے متون پر تربیت یافتہ ہوں اور مختلف سوالات میں مدد فراہم کر سکتا ہوں، معلومات، تر",5
359ca2dd-3492-43d2-a180-58cfd90a3f00,I love it,5
3b775526-c127-4ac7-8a2c-2de54415906b,Excellent 👌👌,5
2c629295-2bee-4f74-9ce1-5ce9bce9fd09,Good for entertainment,5
8bcc70a4-7d77-4c58-92b8-04e5125031b8,Nice appa,5
c8c9c879-3d54-4589-a15e-dd5713be9080,Good 👍,5
4f1d7d36-8db5-4972-81ee-ebc49bc0acbf,My favorite app,5
db908ada-0d54-44a9-aaed-38b0411c14ad,♥️,5
954a85d2-fcec-407d-bd0c-6c400b6d05eb,Good,5
b0cd6c16-b864-4323-aac1-ece55e2363a7,Stupid,1
25ba94d6-72c1-4ba6-84e3-d6f9d3df3d4d,The latest trend no1 official✌️,5
e4ac0fee-022c-4b59-af30-b2580fd84972,Ca fdvwwwwcs ca s d,2
6e72f24b-1e1e-4a7c-b894-6861bdf1aac0,Good,5
a3704534-5a70-43a2-b1c5-4f4df0576dd8,Easier to use,5
f384eb47-6cb7-4c6c-bf7f-eca668dc4faf,@md srpin,5
8c480a81-cf92-4f5c-9034-2e4678303c34,Tik Tok nice,5
e495f50b-2014-4646-9ef9-937c4db82917,It is the worst 1. It keeps on banning me It's is very bad,1
51f6c41a-bc16-4d8f-90fb-5739ac6e04bf,Good 😊,5
b405b7ae-7d25-4a59-bd56-261c10d4f4bd,So so great,5
78346ae7-0c89-4e7c-b769-3070b53f1f1a,Very helpful,5
d106d48d-d902-49a2-b5d3-c878febcfbf4,Thandar Phyo,5
3f2ae81f-42ff-4cc2-a340-7ff03923debf,I worked on a video for over a year and now it's saying I cant have access to it?!??! Not cool tiktok,1
ac629c14-9239-472f-84ee-36ac31e6332c,It's a nice alpp,5
39ce30a7-4a29-41b6-8598-d95fb754aa53,Nice app,5
242a5ffa-a418-4f6e-9e07-61488cf239cd,مرحبا ابن,4
cacfbabd-6dd7-479b-ba46-0aad58fdc202,Like followers,5
783ccad3-abf6-44ff-bfd4-4b08e695d2f2,চ জানা া,3
6d2a1121-1a50-46a7-bf71-846605890def,This the very good app.I have been using this app for 3 years.,4
cd37ea01-9c95-4727-9de4-32bfb36feca8,Nice and good,5
0637d0cc-97bd-459b-8677-2fa0062940f2,Flip u,1
562b9eb5-69dc-463a-8490-9e9e9faddda5,Brainrott,1
e5dc9a01-794b-4d7f-8b41-cb172df95e8a,Good app,5
757aae26-ef03-4939-afc9-4b902fb1e6d7,"Excellent,",5
269310f2-8aff-47f1-913d-57024d837ea6,TikTok is very nice ❣️,5
985a4dc7-313f-4c1a-9111-292d10d2ffbf,Good App,5
54ab15fd-9c25-4a6c-87ec-62254ac6486b,Best,5
c3f6c768-a7fc-499e-a297-178aeb0fcdbe,Its pretty good,4
9241641d-6379-4d97-ba0f-534f33027f4f,Nice,5
7e1f807b-cef6-46ec-ae06-44efaf4dee2a,good perofrmance but my tiktok effects not working plzz on this,5
902b2db6-9520-44c8-bd36-82ed0e4ca9cf,❤️❤️❤️❤️,5
6bf60574-4d71-4e6e-a621-3f54d7a9eb80,Good,5
7df84f79-5785-44e1-8145-d351479551dd,So exciting 🙌 😍 😀,5
3e139474-15fc-473a-b21c-d6fe128e73d7,O star,5
fa074f8b-03b4-449b-bd12-d56944e88901,🥰🥰,5
d96a5f87-e90d-4095-8917-69ae97037744,GOTO TIK TOK,5
c9c9a94f-640d-4ea2-8e5d-7fdc225e24dc,عالی است,3
bca89abc-d088-4f4a-ae0f-dac1b9fdc7d5,GBV dogg gdi,5
1a5ff0e2-8ab6-4425-adf4-d4e529f8fbc4,Nice apps,5
8613e8aa-818d-4910-816b-0301f3f9f99e,Trash,1
fd7e7c5b-b06a-4c24-8cab-6a100a123bcf,The App is supper,5
8e81499b-97f8-4b1c-bbfb-14b5e01a6cd0,I love it too much 😪❤️,5
e7bd1390-7f6e-4ede-8782-1091a2c623fc,❤️❤️❤️❤️❤️,5
c2aad8c4-07b0-49d0-9d35-90b1e7d5c44b,TikTok followers,5
be6e9674-c5fc-40ea-9e23-0c134c5f43e6,Nice app,5
5153360b-c67d-4643-a221-f0340e0f00a3,Nice but tooo lag,5
48ddaefe-77c8-43f9-a34d-dd0d84877c94,Ariela✨,5
49ed9bec-a6d1-4335-9706-56e203515b97,Had it since like 2020-2019 🇳🇪🐺🐺🇳🇪🇳🇪🇳🇪🇳🇪 🇳🇪🐺🐺🇳🇪🐺🐺🐺 🇳🇪🐺🐺🇳🇪🐺🐺🐺 🇳🇪🇳🇪🇳🇪🇳🇪🇳🇪🇳🇪🇳🇪 🐺🐺🐺🇳🇪🐺🐺🇳🇪 🐺🐺🐺🇳🇪🐺🐺🇳🇪 🇳🇪🇳🇪🇳🇪🇳🇪🐺🐺🇳🇪,5
e95722b8-428d-408d-9fbb-bf746fada9a1,Super,5
745b25ca-9d4b-4b96-bfe4-f0bd7ae5a9fe,منننننہ,5
5dd25d6c-18ac-4124-b361-95380707a6d1,Amazing 😍,5
fec1d322-baf7-453a-8ba9-2e33d1bfdbd7,It won't let me add my videos to my stories.,4
aaebacc1-f4ec-47be-8f9f-7ccfa6097802,😊❤😍,5
5926a967-ff9b-481d-a358-3440c30f58bb,I love tik tok app it's really great app allover please tik tok team viral my video please 🙏 in millions,5
a1e840ea-b961-441c-a006-e9415cb33156,This app is a waste of time every one should del it every thing good you post is violation when hoes posting up nake that not a violation? Stupzz,1
5c867984-5256-4a9a-8b7e-e70d7f98f9c8,Sami king,5
4bad19ff-f863-4d87-bf80-4f9e8ff50a97,A love it,1
c8be6be8-7536-4390-8949-6b87ca80821f,"W we,o wa",3
211320a6-26ab-477c-9b9f-ad950df91235,Hacked,1
6aad4f1b-654a-4e2c-9ead-4c851bd565f0,Ver nice,5
4f298f79-abf9-4d84-b572-9a0a3b618ed8,"Todo estaba bien hasta que quitaron la opción de guardar fotos. Ahora se necesita publicar para guardar fotos y se complica cuando no hay internet , quieres tomarte fotos y guardarlas, deberían arreglar eso",1
c01b70cd-9fe9-4c4e-a734-4e871acb7254,Very good 😊,5
c37e7900-3286-4198-a6f0-dbf3f7cfb5b6,Good app,5
c14b6c00-449c-4a4f-948e-3600a5241650,Good,5
0bf48868-4099-4cd7-b395-fba394c5e3ec,Sorry,5
acca7990-74ca-41a9-88d7-b3bf2360770c,It is fun,5
8c714fcd-82ad-4606-ac40-71ee5054eb84,"It is wonderful , everything 😅❤️❤️ and when you are bored at home ,you can just go to tiktok to watch videos ❤️❤️",5
bf8f0d2a-2a2a-4856-bead-6bf04f97deee,Sali,3
b6a34746-8239-4995-9471-3a95c1196b8a,❤❤❤,5
bcbe44a9-f15b-412a-a8fb-eb39c461343d,"k j, vv, we,, zw, zw, zw",5
cdba0c7a-2cc9-4f0f-af8d-5dbeecffe57f,Amika tripura,4
b7496990-cff9-422d-b5d3-502c256e837e,My live Not working,5
c419b2f4-6478-4cb5-bcbe-d670717696dd,👌👌👌,1
4154c4eb-a07c-475c-93c8-9ebd6f488ead,🤍,5
4aa4de3e-1835-4c0d-a6b6-8b3d24393d80,It's very good app,5
41fe77e0-0610-4920-a966-102529267014,I lean a lots of things,1
0b5322f1-ec63-49d7-9fd6-6590264475bf,"This App is the best app i have come across , its best for making and posting videos❤❤",2
2d183c68-3132-4ed9-af98-3118f75ea276,Tiktok plz don't remove my Tiktok account 😍,3
374d0efd-a55a-4d36-a3a3-e682b839e5c7,I was a one post in private section but it had never seen so tell me what i do where is my vedio And we seen this application 108 mbs and if we install this app then it goes to 113 mbs whats wrong,1
6d4f82be-10db-4bc7-ae3b-7b446e1b3536,it. is. Good,5
f5ccc8e6-e64f-4d1c-809b-cd68fc76d57a,use,3
6030420c-c4b2-48b8-b231-e7b641731c9c,Good app,5
1f4bc4d6-5f0e-4faf-bc84-e34242c89e31,পারভেজ এফজ,1
2a5e581f-6d0a-4b8d-ae7c-af7e090a131b,You've Big 8h jj hv,5
344e3aee-23fc-4dd7-b930-c2790ac26f4c,দদ,3
90b9940c-00aa-4016-81c5-6f383cdb08e3,ABSOLUTELY TRASH TIKTOK BETTER YOUTUBE THAN TIKTOK ARES SIMP GIRLS IN SCARIST,5
0c41b9c9-ade3-4f2e-a488-3ef873cb5c2c,Good!,5
35b712bc-1de4-4df6-9d66-427eef1ab4d1,I love tiktok,5
204b54ae-693e-4a6c-bd0b-b3eb14376287,I love tiktok so much and I want to be famous on it though am still pushing,5
13c7dde1-7fdc-4200-b4a2-395b32d900cd,Using this app has been a smooth journey so far. It has an amazing user experience and the interface is brilliant. It's the best social media application I have used ad I love how it connects me to a wide range of amazing talents. I recommend.,4
21d7bb8e-3772-4b5e-bb3d-d4c73ed616ec,Ughhh!Why does it take so much time to download???,1
7e41b62b-6df2-4def-8d8e-8ee06e1223fa,so nice 😍😍😍🤩,5
08f56106-041c-4d8e-96bd-bce8b8f262c7,This is bad,1
e596555b-54b9-4e9f-a5e8-a9e329e72a52,❤️❤️,5
a564b25d-8bb0-4035-9ce9-1b57d432487e,Views,5
c686a4a0-9a44-49be-be97-adbce1b08d0a,I have posted many on tiktok lite,5
0b18d6b3-35a0-4bb3-ba79-af7c3b865122,nice aap really 5 stars,4
6ee5db7c-6595-40b7-9235-cfb3913f0e46,Nice,5
3bb09949-c8c9-4451-a9c3-504e8bdb4e82,WHERE IS THE DARK MODE?!,1
30ad42d5-eac9-40f2-923a-c7b00a029ffe,"AFTER 4 YEARS OF HARD WORK THE BIASED MODERATORS BANNED MY ACCOUNT WITH 40K FOLLOWERS. THEY SAID FOR INTEGRATION AND AUTHENTICITY AKA MISINFORMED EVEN THOUGH I USED RELIABLE SOURCES CREDIBLE SOURCES FOR POLITICAL CREATOR'S. NO ABILITY TO APPEAL, JUST GONE. 2 OTHER MUTUALS BOTH FROM MY AREA BOTH POLITICAL BANNED AS WELL AT THE SAME TIME ON 6/26/2024 90K FOLLOWING FOR NO REASON. ALL OF OUR ACCOUNTS WERE IN GOOD STANDING. IS IT BECAUSE WE SPEAK OUT AGAINST TRUMP AND PROJECT 2025??",3
2f3c40fb-161f-491f-8b6c-a42975602efc,🥰😘😘🌹,5
d5104305-371e-4549-a96b-61fb6045a19b,Good app,2
e2a6d849-3e08-4bc8-919d-5702e5003071,Titok douloaid,5
5a5a58ba-85e0-47c7-a072-b1178574ff7e,Plz new update TikTok,5
f59c0bc0-d6b9-4eba-928f-cb829e1ace0f,skripon,5
ade4fb61-21a8-4774-82ee-cfd0d98bea42,I really enjoy tiktok a lot thts why I'm downloading it,5
fd5d9df8-af45-4ee4-809d-193c7b9ff27d,ehs,1
4064f124-6548-48af-8a58-72054983565d,Tiktok is wonder full app and the good,5
32e785a8-cbd9-4848-825d-c8bb4dbc9b49,Good app otp,5
0729ac6a-2cc7-48b0-a6c4-9d702777d63d,Like,5
04fa8b6d-4264-46a3-b8cb-45855ed57133,I love you Tik Tok,5
42d38d21-c4c9-4489-9db0-dd9c6be0298f,"Great app, few enhancements need to added to improve the user's experience, as mentioned many times before by a large number of users of the TikTok application.",5
717ba9ef-e9a0-42ac-a0b9-ec954ecb3170,I wish we could all riot against the stupid shop tab. This review will not be taken seriously.,1
ba90bc5c-47f5-4311-82b1-4e8e8d585a14,How,5
f4e748ce-641e-4fe3-9f4c-de11a38cc91b,account viral karo 🙏foryou,5
463c4c12-ad41-4f82-9deb-b13822fe298c,my new Confluence follow,1
724c735a-e10d-4a76-86ef-412ca1d5bd7f,Elina Gharti Magar,1
9d368eaf-e395-4fdf-98d8-be2fae8daee5,It’s very good,1
19fdbc37-3181-4f32-9b49-5c3596cdec76,"Very bad service, no any CRO , No any response, No any responsibile,very very bad service",1
a755eea7-561b-4bd1-8262-17f018255e90,👏👏👏👏👏👏👏👏👏👏👏👏👏👏👏👏🏾👏👏👏👏👏👏👏👏👏👏❤️👏👏👏👏👏👏👏👏👏👏👏👏👏🙏🙏🙏🙏🙏🙏👏👏👏👏👏👏👏👏,5
0ebeea18-ec52-42be-80ec-53a71b81327d,Boss's of king,5
0489efe1-e5f2-4593-9185-c47b6cffe286,Azidsarkar.,5
2a8863c7-b4d0-484c-9086-146648bd3454,At first everything was okay nice videos but then at the middle the cringe videos came i kept pressing not interested but it still giving me mega cringe videos,1
b465e320-4617-4e9b-8ced-ea0fbb8e7625,শফিকুল,1
6b8942e9-7762-42ef-83e5-427cecefe65b,Good,5
ef1e5e7b-9104-4c86-9e3f-6e181e70dd5c,Tik Tok,4
070caf86-e3cb-49ba-9c44-62bab8c1914d,Nice,5
a2c12bcb-9844-43cc-be33-62bba58fe5c8,Very good,1
30283c4d-2634-4776-b673-973832e093e1,"Hello TikTok Team, I’m writing this to address an issue with my account. I believe that my account has been freezed. The reason for this seems to be the fact that my video are not being recommended to others in their for you and explore page.To help you understand my problem, I’ve attached a screenshot belowI kindly request your assistance in reviewing my account and resolving thisIssue. Your kind attention would be greatly.unfreezmyacount @chandmughal528",2
373de3f3-8933-47f7-85d9-af47be095c45,nice apps,5
45487132-ce9d-43c1-92d5-1bd512abdcc5,Amankhosa,1
af0c933d-6d85-43a8-a5fd-7492551042df,Best for me 😜,5
ffda0af2-c0a4-4070-a128-c71af7d21f7a,i love tik tok because ol of my friend is there and it is a good experience🌏❤,5
ef9b3894-da11-4b92-b460-5b2a91dc6f64,নাইস,3
73a0615c-e9de-4223-8644-58ea89d31943,Why thi is app is not working my device pleas dear tiktok team help us iam waitin for your help pleas pleas,1
4f0ab62b-cc28-42e3-be39-21b185a9a0ef,Free time entertainment,5
ec02607e-da22-4ed7-b1ab-c6111d82d530,It's good for communication and watching video for other countries and see how people live in their countries,3
66307dfe-f594-46f9-87af-069e221f1ec5,Takes forever,1
17213b1c-7502-452a-bcda-603b969a28f3,This message keeps pops up on my tiktok even though I've updated it and it won't leave.,5
22d7e1d0-a0f6-4214-a43f-e33ed2e37fc1,Love it,5
1a55920e-4db8-4db4-94ba-243aa4cb19aa,M TD b（＞ｙ＜）（・∀・）“ψ┐(ﾟд🍎ﾟ┐ヽ🥑┗(＾0＾)┓(°◇° )ノƪ(‾.‾“)┐)(ノ^o^)ノ🎼🥁｀∇´)ψ( ´ ▽ ` )ﾉ( ´ ▽ ` )ﾉ NM k😄,5
3ff23a2a-b086-4fef-8401-ee1843282b58,Arman Khan For You please tik Tok,1
d38fa800-a743-4e53-b523-76935ce4ce7c,Ok,5
45127a85-bb4d-469f-9b7e-ee35a672f6af,"Every time i pause the video to read the comments, if i like a comment or sometimes even if i scroll once, the video auto plays again and it's extremely annoying",1
73319a2f-1ca9-4228-ba2b-ccad675ab38f,Frustrating upload download sideload overload it's just never enough for the owner of this app,1
19feaa09-56c6-4395-95be-cb54d1decc90,Why is tiktok showing me content for Arabs after updating it 🤔,1
badc72df-4fa1-4580-ab88-c9bc57897a9e,some way bad,2
339105a7-f059-4105-b45a-93c8a799092a,They stopped all messages from and to my friends with no reason but a didn't follow the rules but we can't tell you what you did wrong so you can have a chance to argue about nothing that you did wrong ? They say check your notifications and see there's nothing about it either. Sorry I Love Jesus Christ and support America for American Citizens not taxation that goes to Ukraine,1
2d3e9617-1976-41c7-a9d2-afd0c393ea96,Zeeshan mahar,5
99551c4a-480c-4c0f-8218-d475e0e1a348,TikTok is very lucky 😃😃😃,5
3896d7ce-e1d8-4a94-bcb3-c68886b01418,াস,1
f2cde070-9511-42fa-8431-7fb790d59ef6,Installed karloovideos daikhna rida naqqashki,5
086c637c-897c-42d3-b997-43ca01d8f2b7,This is a very great app,5
1451aad7-76cb-4139-8dc5-e36ea11c8180,Nice For Social App,1
c8562f0f-c06d-4669-856b-34c70fbf66b7,SayhacvSta,3
e9e2dc9b-ecce-4f8f-8ec2-c753be06d1d6,I love this app,5
a64c4b0d-49a5-414d-9a3c-a3ff8e0251ec,I love tik Tok Manish UK account for please expect,5
d280cf5b-630a-4e83-89c9-69929266c609,Good,3
965704a8-6795-4e9f-b99e-c6b4498f6743,"The way you all just can post anything you want here is pretty sickening. From nudity to dead bodies being filmed by underaged kids. I get that you guys delete videos if those sorts of things happen, but people continue to talk about it. All the videos I scroll through are pretty dumb too. I prefer youtube videos and D.I.Ys from them more than tiktok. Hope y'all can improve from your mistakes, though!",1
a447b6aa-12d4-4b68-82db-a3ec8ba20a46,Op,5
6191cf87-edd0-4753-81ec-c39b8a814b6e,So bad,1
9e3a69a5-9cf1-4499-927f-3a0de2691eda,খুব ভালো,5
31c4108a-4771-4e85-a7c3-6fc7a101ccf7,kawsar%£¥,5
860d7478-d5ab-4fd1-8698-dc060773f455,Please 🙏 dalet my account warning please 🙏🥺,5
fc820036-4d41-4b2b-b9d4-63a7d1c3fae5,How to update this app,1
9b17afc5-7bb2-487f-9588-faccfaf959a4,Tik tok boss my videos viral me please ❤,5
fb909671-c525-4bda-9373-8a4abc10315c,💔,1
32d1a1d8-c27b-41f2-9724-fc0043b1f428,Rashidkhichi,5
89caba9d-f835-47dd-aac1-533ef8e94156,It's good and fun,4
894c1882-80b4-4fce-8f33-a389e0a7f762,No girls chat😭,3
588fe769-171f-4060-ba3d-6a0f6a888090,For you,5
b240e1b2-6b86-44f3-a8f3-4a7a4249486d,It was brilliant. Can see some funny videos.,5
dd99798c-765d-4294-9425-5741a9d453b3,Like,1
33d93fd8-6c51-4040-b9a8-0a74efdf9735,Good app,5
cb7e0444-8377-47ff-9388-08fe0d6451b9,በጣም ጥሩ,5
fff1a5b2-2702-4fa3-a0cf-6c7936653477,Good,5
ff3147c8-58c5-4778-b088-ae2114297659,Tik tok,5
ad02a470-5b3f-4f7b-957a-e925e0fb6b44,nic,5
0cbeae87-d502-4a3c-b657-f94fd2374985,Time Waisting App,1
80c1c4fb-933b-4a43-a9a2-2a5f23eeab0a,Super❤️❤️❤️,3
a91407a1-4486-42f6-a66f-7248ebc60da3,Best but busy,5
1792cb87-3c38-458d-a321-f7444671c442,Best apps,5
a0ff8a6b-9410-4250-a69f-6342ae5dbb7d,Marvelous,5
c4601f34-7b58-403c-87fd-00305d949f35,Bhai cheat history,5
3860bb28-ee0c-44f7-8a40-a6d2547e7075,Good,5
29a45578-09ff-4215-a7be-472eb6a3fe51,Tiktok is a nice App though but nevertheless cannot be like the old TikTok that we all know.,3
16a55bbe-9564-4b3a-aac7-59e8fb64c0cc,لايحمل اى شئ الرجاء مساعدتى,5
ff3b636e-2f9f-4fb8-b6f2-af8e646fd4f7,Good,1
9a450011-48e3-48c7-b955-7809e0b1e6ae,When I tried to see a video nothing opens,1
beb39429-ec34-4da4-a06a-e29c2862ea6e,The repost Disappeared,3
ed490408-6069-4c01-82ad-6614c8fd2435,Good,5
e9be425a-4d8e-4a9c-a3e4-78cc25a3dc0c,This app is so good . I like it so much . That's good. It is very good filter. It's have no add. I like it so much,5
530d71f6-fcd4-4ebc-981f-39bb6cb5f4f1,Very bad app,1
f3428b8f-d29c-4e27-b629-8d6689c7d28b,I'm thandiswa Mawayi,5
1813009a-8269-4853-8901-1408735aad07,Can't watch videos my friends share with me,3
5619005f-3cd5-440f-a59b-6f310b67743a,JavedAli,5
65ff8e98-d4ba-40f8-8d5d-45001f3c5510,Every other video is about neon Jesus Christ,1
7059266a-9459-4174-934a-fa9bc6004362,Fantastic,5
11564496-0683-477b-9636-fc2cda1e357e,Very good app,5
1cadff56-b2c7-4e2a-9e5e-fdd9b11e71de,Fantastic Things,5
30e8bc2d-7f6b-44cb-b556-049a2a15f9b9,"Why why why Tiktok was perfectly fine till today When I opened TikTok I'm only seeing contents from my country only. AND THOSE ARE THE CONTENTS I DON'T LIKE. And whenever I click ""not interested"" TikTok still keeps showing me videos like that. Please TikTok fix my algorithm to how was it",1
6470176d-f062-4a92-9a1f-0f12951cadab,Good app,2
b3766632-7ae7-41b4-9e7b-093cbd7c4689,"please don't delete the video from my account I am responsible myself if there is any spice in my video then I am present Please don't vibrate my video anymore I don't play with my loved ones, thank you. I myself will be the landlord of the video. M",3
bbdc6c8b-fa1b-4cd7-bc7b-9c15a365b6c8,"please don't delete the video from my account I am responsible myself if there is any spice in my video then I am present Please don't vibrate my video anymore I don't play with my loved ones, thank you. I myself will be the landlord of the video. M",5
79a8bc2d-ebc4-42bf-9220-1fdcb3b70810,I love you TikTok,5
763c8e7c-651e-4d0e-9ed6-53eff6c25f7c,Tik tok is so enjoyable and adorable.ii🤡❤️,5
f81f5284-ea67-44ef-8134-760f867ba212,This app is. Fun it even gives you money when you have reached many likes or followers,5
4a99e249-4dd3-490d-bef3-463c6e9980cf,It is not opening,1
63bfd605-72de-4e62-a09e-74ae0d08b3e7,Paisa paisa,5
057187a3-b387-4686-8fc3-93a6a8ba96fe,AK,5
073871a2-70ce-4b3b-93ee-7fd7e63e5561,Is good 👍,5
34e519f6-037a-450b-9f09-d594993d6052,Bad,2
4c506d47-5df0-4515-aed3-53d57eaaf3de,Nice ❤️,5
584c9a79-6ea8-42c6-91e4-c625c2ff2000,😑 disturb,1
53cd217f-023c-4181-a07b-34e3e8851ef4,love this app helps me to connnect with different people and access information,5
eab24f55-d34a-471b-a29e-0ee6ad49db7a,It's good to contact family and friend all over🇺🇸🇨🇦🇯🇲👍😎🙊🙈🙉😎,4
50f119ba-5d14-409b-8c68-b7aec1e6afbe,خوبه ولی زباد نت مصرف میکنه,4
637beaab-19f2-44c7-a1bd-085fbe1bb6d1,Good but there is some bug plz fix it,4
e3dede6b-6a6c-4869-af3b-a165003c35e0,This app has gotten to be one of the best,5
a47bc539-c7e4-4d4c-8c44-4f076d32a60b,Prem Kumar,5
b0c56fcb-89d8-4fe5-b9cd-6ea2fb9208f7,Nice app,5
46d5c6e4-3c0b-422e-97bc-3c9baeb6232d,"2 600%117 2/27-/-3, ,o",1
92aa5603-09bb-46e5-9cfc-c18949cb0ce4,Great app,5
87bfd444-b173-4dbd-aede-a2cf1016d6bc,Personal account,5
29433145-40b6-4303-8473-8ef030750d35,Awesome app. You can post alot of fun videos with different filters. You can even watch your favourite celebrities videos.,5
85849b02-2c15-4465-a6ce-3697945b46ec,رانا شوکت,5
a5f6c90c-5e65-409d-a67a-3984444fb066,good,5
5dbc5f66-3174-4991-9455-3ef830141117,It is so slow and frozen,2
71f4c16c-8f0b-4cfb-9b20-f8bdcd9c906c,Bad,2
16ff8e10-d518-4a63-952f-0bdd328f4380,MD moon,5
910262d9-af16-43b6-83f4-73311904fe26,u have a registered sex offender on ur site,1
a53fadab-eca5-42fe-a72e-181ef7b54ace,Zahid lofar,5
8c0af019-80e3-4238-a5f1-3d037bc7f29d,Hi dear TikTok I'm a new using on TikTok application please Cheak my new official Account.... And viral all Videos on TikTok Fouryou Page,5
6a14cd83-2aaf-4bdd-930d-a756f2e52460,"When you share a video it prompts the receiver to download the app. When the sender goes back to check the video, it prompts the sender to download the app. It will not open. The 6/25/24 update did not fix this issue!! Every update, this app gets worse. I'm not sure how I was able to rate this app when I never downloaded it. It's 9/23 and I have downloaded the app. When someone forwards me a video from their FYP, and I click on the link, it prompts me to download the app. 🤨",1
c4e5bcad-31d4-4a12-bb3a-5d1f562ddc58,This application offends the Islamic religion and the quran,1
123cf8e6-1250-4588-a99e-fd98f38d77a2,"FIX YOUR CHAT, EVERY TIME YOU REPLY YOUR CHAT SENTS YOU TO THE END OF THE CHAT AND THERE IS NOT A WAY TO GO BACK TO THE PRIMARY MESSAGE OTHER THAN SCROLLING. MAKE REPLIES RETURNABLE TO THE PRIMARY MESSAGE BY CLICKING PLEAAASE",1
00b07fef-8947-4e8e-9d10-d9dd1d94d7c5,It's cringe,1
4db12caa-525e-4eca-90b3-868378681d05,WHY DON'T YOU LEAVE ME ALONE?!? I DON'T LIKE THIS APP AND NEVER WILL SO STOP TELLING ME TO DOWNLOAD IT AGAIN!,1
e2697173-7ec6-4c54-a49b-0867693e1a42,couldn't reset password problem sir please help me my personal Account,2
db125843-7f00-49ab-bf3b-5e86424f5097,This application is a racist application that can't even allows us to express our openions by saying that you are violating the community guidelines.,1
53f976ae-6506-4053-9893-4456150803fb,Best,4
5eaffffd-a095-415d-ace4-aee6d1e32e2f,Good app,5
f5eea73f-b588-4c25-94b6-4a06db9985a8,Very good app,5
a46a590e-b247-4794-ade1-c45f8514aabe,Salmam,4
2b50f138-ab82-4d6f-8b95-305bf45ff007,Nice,5
3deb9f6d-5dab-4fae-a6a1-347e18ae65ed,I like this app,3
6b490123-b295-45d3-ad3e-aeb244f275fd,Very good app,5
237cd78b-2b28-46c5-803f-8a5431075438,"There has been an on-screen text glitch for a couple of months now while trying to edit videos or photos. The text gets blurry, and it moves on top of another text or the video/photo itself. Is anyone else having this issue?",2
547f64c2-bb0b-4d67-a6cd-7998963a9331,It's one of my favorite apps,4
65a4a0ba-bbe8-487e-af2c-70579127551b,❤️🫶😶,1
39d4f3f9-be28-4eb8-a8fe-52df1773cb7a,🥳🥳 trés bool tik tok ses magnifiques,5
b43bd2db-9d19-4597-8dc8-7bc310ac4fdd,Nine,5
c13ff9a8-4343-4520-9a68-7525cbcc0e40,Fix some videos forcing full brightness. Makes me close the app and go to the competition instead.,2
ce241e14-2ca6-4a77-9b43-d8963feac628,I swear if no be peller I would have uninstalled this app,5
c2b313f5-8eba-4951-b67f-e98909537562,Mirraim hyirenda,1
4e74f8a1-6b9d-42d9-9222-d78b64636883,Funny and very interesting. Sometimes you learn alot of remedy's,5
ea6ba9a7-dcdb-486b-8763-80945e8b11f6,ʟᴏᴠᴇ ᴛʜɪs ᴀᴘᴘ,5
c72c6f73-6c9e-4987-b20d-f49179f6fbbc,Strong my tiktok,5
2d591242-c0ad-48aa-a58c-7130bca26ceb,Nice,5
2d0d8057-a40b-4bed-96e4-b9c04964eaa3,Good apps,5
7e2e5674-449e-4929-818f-05ac7a490bc4,Best app in the world ❤️,5
e8761e62-c637-499b-b69c-6fc032d6d8ac,Is aap vri nice Good app,5
95dbfeb3-9b09-474f-a176-072f9fb80023,Love this app ❣️,5
5d393799-a98a-480a-903f-fd4553818025,perfect platform,5
356be3b1-f32f-4201-9b98-e2e9131283cc,This is so good app🤩,5
93fabd72-32c8-40dd-8f57-4930bba8cf86,i deleted my account because TikTok ban again again my favorite live Creator account Mr Pattlo,1
ffe238c4-4163-4ee3-92e6-94037b2cdd47,☺☺🤗🤗,5
0ff3914e-bfad-4bda-bfe3-09fd0b71b48f,👍,5
d5925789-9f86-4bce-8a11-cc5f54993177,Ehd,2
bc92fa7d-b158-4928-ba68-2900aff4adff,Mon.1.JUL,2
406295bd-4518-4943-9f3f-7f9cff79cec2,Message kyon Nahin Chahte Tiktok per,5
4359037c-93f2-483b-b4f5-7acafbe795f6,great,5
f4fe0631-01c1-4094-af81-b119aeda207a,Gisucsj,1
94418696-6aa4-4b08-a9a1-ecce00464e6f,Nice app,5
3b8151ae-ddd5-4857-ae40-12c49b20744d,Why TikTok remove @LEADE411 account this management is poor,1
d97829d9-0d11-4c7f-a057-03657a500764,G good work Tiktoker,5
f921550c-94a2-49c0-a815-e4b56dc8da29,😡😡😡😡😡,1
5329adc8-afa6-4d83-b667-cfc1268bbd3f,tiktok my account unfreeze only one request thanks,3
d927f920-4c8d-4bdb-ab2e-ab0274684292,U uduuffuyfufgdgfdrxjb h jo i l uk ioolhk iiikhj ujljkl dfyjv fwrj eklc yujb yghmg yhbmmghh b nn reqwssd dddt scg dgkfk ffg xh y y f s wrrfgg f d dgg g d fkudidkgglcy hu y o t o gi h h hu i p pii uk h l uu uj o ohohj jp j jjpj k p pjp kpi h j oho k nj j kj o uf h uf hhl s d d s d g gejen xehg n nwjkejtj fjjhjj jjjeejej jeejjjejej gsegqggq qtqtgyeyqeu wyri t ey oy e k smmm s idatiw kkzkz sktikats ktktkt t,5
3fe6f8c3-bab3-4b4a-94a5-fb3bbc5c386a,Ashu 👑,5
329d656f-20f8-41d0-b2d5-1ebfd5899f98,Had it before and absolutely loved it ❤️ But it takes forever to redownload/download,4
52ac2e9d-4a0a-49c4-9d31-049453176f1f,Very bad experienced in live and very rude officiala and banned IDs without any reason,1
2fe61acf-e6eb-4c43-9b9d-5a03b40311e0,Tiktok team ban @leade411 without any reason. Please review this id and give me feedback,1
1970afa6-9db7-44c6-bab0-31196f972068,Why you ban Mr pattlo from tiktok .he is very nice person .,1
ac941c77-f2a8-4391-b153-d28fb5487e8b,"Junk app big-time waster, life's better without it ☠️☣️",1
c36417be-5930-402b-bd36-64f81f3d4782,TikTok banned 🚫 our favorite Host pattlo that's why I rate this app zero 0,1
6ced4abf-bf16-4975-843f-07c55dc6c292,Not good,1
c19b7dea-5a25-42af-99b6-60a7c6c96abc,"Is a very nice app, it helps u to get more information",5
fde61589-363b-4be4-870b-bf7753c39b80,This is worst app I have ever seen they banned u without any reason,1
c71c444c-5663-4dcb-9997-0285632d194c,Unbanned Mr patlo,1
c4902c09-b86a-4a88-9d8f-e43cddc3e5cf,They are banning live stream createor for no reason 😔,1
b36eca7f-202f-4963-be12-4b26627216f5,bad rating because every day ban I'd Mr patlo,1
5192c816-4f18-4e26-a2bb-d54c504753f2,"Making my life good, better and beautiful",5
b0973e36-3a4e-4aa8-8b25-bfa4170ada98,Making banned people without reasons 🍆,1
d13a30cc-c856-4a05-b0b6-a3c1b03762f9,Unofficially ban MR PATTLO account ban why,1
e51f3e00-f762-4e26-b2b2-65c606f87753,Because continuesly Accounts Banned... ( Mr Pattlo ) Kindly cannot Banned (Mr Pattlo) Accounts!!!,1
30c6a736-60c6-43b0-9160-de21867c645b,Un ban leader of tik tok .MR PATTLO,1
d113d2d9-e887-4e57-8cfe-9346e9d492fd,No good,1
538a7a3e-6d2f-43b6-80b3-302360455562,Too much bad app because everyday banned id mr pattlo,1
8206503e-da2f-4d30-a42f-43d8b4f26c38,Waste time leader Mr pattlo account ban ban very bad,1
8ef1195a-d853-4465-a624-c2a053ef3df4,It's not good for family,1
f905f6cb-5320-40f7-90b2-9550f1ce89db,Bad app with bad experience 😕,1
0c7e83df-d468-4131-9963-94d3b8aa0be2,Very 😞 bad,1
58bf4e59-dd9f-41e4-9a22-90c03cdd524b,Very bad application,1
e5f5b8dd-2d99-486a-a08a-48d18cb3d909,Tik tok is not good every time mr patlo id bane,1
8c518c68-fe7d-4952-8c16-4924e79f558e,Not updating TikTok,1
ab3e279e-bf37-445b-a3ad-255e65efa3e9,Bad app,1
a1d6c645-4664-42cb-860e-68eac48abbbe,Little,1
4ac23d34-09eb-404b-baf5-a87da3715e8a,because you ban id leader of tikrok,1
f4e88c9a-eea0-4b17-bc91-a0b2354f2901,Not good TikTok,1
ed5b603d-971d-4ea9-a1ed-e9bf2df4a422,it's very bad app.,1
b21be683-219c-487a-814b-f2eb1ac613c1,For you me pez,5
9cbb1542-fcaf-4de3-9c00-00fa2cbdf303,Dear TikTok team my account login friend option not show in. Account why,4
71e7a4c6-f96d-4cd2-800c-1c0cfd1a0fcd,Very bad app,1
8efeea3c-97d5-4479-9105-e39a557b0e5e,Very bad,1
1ea5a771-f2c6-4ea3-97e6-cfd225a0af3c,টিক টক,5
fa2681da-9c8d-4c1f-b78f-dd19d8f43e93,bad app,1
38c4e7b7-36c5-47a3-a3d5-31ec613b948c,Super,5
834aacb5-f3a0-49dd-a6a7-48c56905211b,Good 👍,5
2e4157c6-4c0d-4afd-8d70-edda5720f494,Poor,1
9c82db31-99ae-45f1-9823-f336a693cb85,U.k account for earling good 👍👍👍,5
5496e385-b4b4-43f8-959e-104caacd3e91,Don't like bad app,1
395d1843-5000-469a-bc40-906e9f98000c,Very good,5
f4549d34-1ccb-40c6-a1b9-2152f39f1e95,Like and suffort,5
c4cd634c-a48d-4a0e-9118-d8236ae59fdd,"TikTok I hope you see this... there's an amendment you guys need to do on the app, groups should be able to hold more than 16members pls let it be uncountable",1
a6c1d1be-5f7e-486d-b670-1c6ccbc91913,Very good app,5
accf1f05-095f-4453-a180-012041f640a3,Good App,5
f2c01b67-2abf-48a6-8fb1-49750a9ea100,wrong adress,1
b48e3e96-d1bf-48d6-b84e-54d0d7597b71,very good especial app I have ever use,2
c8fa8c48-cdc5-4dec-a0b4-886c80f0248e,😘😘😘,1
a99a5bfa-bc7f-4963-a659-7d5f5d918c5c,Love this app,5
9e48044a-1876-4a6f-93fb-3d418ba88571,Oxm,5
b513c4d8-399d-4801-a04e-34a236ba17a6,Umalkhyri,5
a8e03251-63b3-4b33-b4b2-14351c074907,Good,5
c37f62dd-ece5-4a39-89de-52d45c4e9974,Good,5
6473ebb8-ebf7-4312-afc5-a1e831fbfa1a,Like this platform 😇,5
baeac5a0-0c60-494b-b240-65b78add17f0,Afsha,5
73adb7ca-fd97-499d-aad0-1f8101427d3e,Shwome,5
19415f6f-0022-41e6-b867-7b63cda3fb35,Good app,4
54b6973f-674a-478c-8c6a-74c12e4d0dda,Nice application Tiktok,5
59b8ac15-8d49-42b4-b147-e971cbdde30f,The best,5
06aad6ab-9c99-4354-97a7-8eb4064d2712,baje app,1
8dbc1523-4250-469c-be0d-36ebfde3f55d,I love this app Is great.,5
315be462-5744-4632-8ae9-65d1254ebebc,Very good,5
0f02f8ff-0e0e-46eb-abec-95bc239da0f8,Very good,5
07685639-c4e9-4f37-846f-66553c690879,Fine app,5
8609a22b-0047-4953-9518-9cd296e6a6e3,Tiktok çok iyi çokta fakt geçerim,5
ff8692fe-fee9-480a-afe3-5f5210a07d6f,Very bad live system,5
2ff00b71-2b18-43ff-8fce-05a66741f16f,هذا البرنامج جدا جميل انصح الكل بتحميله,5
2cfbaa0b-4392-4986-a48e-3033338e76fd,Welduhagezom,5
22e4bfdf-5fc2-42e0-bed4-fb086a46eb8c,good ❤️❤️🥹🥹❤️❤️❤️,5
cd6e0b51-ebb8-457f-97f4-77073a905406,Pleas my account is poor on tik tok can you open my account on foryou,5
df9e716a-5080-4820-9eb2-6aa5ad59406b,TIKTOK is very best app i love tiktok ME opping new accunt in tiktok pleas suppot me MY accunt name/@Salman.baloch960 I am buttey man and send best video THENKS TIKTOK team,5
8b7c23c8-1799-49d5-a26c-e418f2186343,Please help me 🙏😭,5
78a9cbb6-81fe-4159-b3c5-ee69a7d53045,سئ للغايه ياولاد,1
63f83927-0da5-443d-a93d-684bf3a5d26b,Thanks for letting,5
5f52821c-4e59-4a49-9955-c634c64ea983,good,1
e1bbede7-76fb-4ab1-8fea-9519ec36a091,Good,5
6a25d15d-10a4-476a-82a3-92e86a0fa358,Butt,5
90727a54-5e4e-4009-b9bc-7371a11b6047,Very good,5
e9c2c178-e3b3-491b-b5d0-49770a991314,", mood X, x xz E,,azz zoom zz zzz x Zzz zzzq1 99 L O O L, o""n m. N,zn",5
848c9bb0-ab57-4ef4-b01b-1b1af409bcfd,It's very good app to make ur brand awareness,5
7e886ebb-f8da-4696-9ece-71b14dfeb981,I love TikTok,5
40356b27-becf-4bfa-acd2-7d76bde960cd,Nisc,5
5bde521f-eedd-4fce-a124-adae343ccde7,Own Abbas Gujjar,5
63f792ce-b040-4b1c-bde9-efdd3c4d81e8,This is very good app,5
cb5b4cfc-3700-4379-853a-b842cf4f277e,Very entertaining and i learned lots of new things 😘😆😆😆😁,5
eb29f956-01c1-44dd-a164-94c208e776e7,🤣🤣🤣🤣🤣🤣🤣🤣😆😆😅😁,5
91f20902-f88c-4a89-9961-64b22428c0a6,Great app,5
72eca815-1eeb-4906-a78d-f5a8d81c0b0a,This app is very useful😍😍😍,5
59e1c35a-6f4b-4206-a4f1-e11bcaaa7be5,"TikTok has attracted a large number of users with its creativity and entertainment, becoming a platform for young people to showcase their creativity and capture important moments in life. Users can directly create and browse short videos through their mobile phones",4
915620cb-cf52-458e-ab46-96a58dfc73ef,Good😍🤩isgood,5
832bc91f-4477-48ce-8aab-5a976dd525ff,The app is great but me as a content creator am not getting paid for my content anymore. I'm just creating content for Free. Which will make me to quite the app.,3
425945bf-ae7b-461b-be6d-ae73397f1e4c,Amazing,5
b0afa50a-f7fe-40d7-bd1a-0645538805bb,Foryou,5
03a59ff3-4391-4013-a5f5-65c8cd23a623,good,5
5f4fc70a-8caf-4996-a896-9a206266bf5c,"I can not use the swipe photos without deleting tiktok,it doesn't even work now fix it!",3
e370dbce-4ddb-4632-bd32-8f90de7a0991,Nice 👍,5
d6ddfa49-58a8-40aa-84e3-331d941679ca,No will.kill you think you can now we're watching TV,4
dc7f33c0-f508-4ffd-9ceb-999e7a075d2d,Nice,5
94457d1f-95ad-4b74-ae7e-995ecc29310c,I don't want to download an app just to watch one video. I don't want to make an account for an app I'm never going to use. I don't need a tutorial on how to use an app.,1
eee0ca3c-4c3b-4dee-91b8-d25a482b8ab6,💨,5
2f45f358-2848-434c-acf2-2e2f19bb625d,Good,3
d58066ac-a9f2-4c99-8b2f-666a550867bd,Good,5
5fb3e3c9-35ce-4765-a0c4-5e0f64c35ef1,Change the app,5
7aa4d770-59d2-4ede-b6ff-fde1fcae6eb8,Am very excited And the network is very good and reliable,5
04f514cb-4d9e-4d68-8de8-dba181e73bec,Atiq Khan,1
67b7556a-3589-4678-8ec3-8f4c06030e54,This app doesn't give me the sound I search for. It always gives me different sound instead of giving what I search for,3
94a9124b-fdc3-4077-a0e9-c22f84f9bf8a,Sweet,5
552f2f43-fb96-4520-96a3-e766fc666c1f,nice,5
fd48404e-5864-417b-82e7-d86e11316113,It is very good i love it so much,5
f70284df-ffb6-406a-8f19-d243a7bab91e,I gotta sign in Everytime I use the app,1
4130c219-8791-402b-b38b-f75d9f5e9460,Ok,5
fd312329-98d2-4653-a5f3-2022a86b2dd2,Bas guzara hey,1
5d6ee72b-7356-4e30-9b26-b1cdf3162ec9,My tiktok is not working fast please I need ur help,5
ce79ab39-2c1d-4f71-94a3-81f623cd6fe1,It's like no much,1
118a6ac5-0f8c-4d5a-b6a2-73c4955d88ae,Amazing,5
ea96f0fe-e68e-4d00-a854-0c96aa1c272d,"literally can't follow anybody since the last update. I'll go to someone's page, press the follow button and it'll look like it worked, two seconds later I'll refresh and suddenly I'm not following them anymore??? total dookie ngl",1
1ead6a4c-56ea-40ba-8f2b-35362bf33e5b,Hi I m new user of this app....plz promote my all videos ...thnkx,5
8157e674-e75c-41e9-821a-49a43494262c,Problem ful app msg kesee Kay pass bandaa send bhe nhi kar pataa,5
8589a866-e1f4-439e-a0d5-85ae4e5b3359,Done,5
9d9fde5e-9724-420d-a898-bc3a0861229f,good app👏🏻👏🏻👏🏻,5
e6d1276c-d9c1-4550-9b72-6ef655cef828,I love this app,5
8e835d08-acdd-49c5-ac12-ac0c461d55ea,This app is very good I am also use this app,5
646a5ed0-962d-4ba1-9661-e2e42d6b4a69,Khadim😭💔👈na,5
aa413896-b7cb-415a-a778-e9f498ecd5bf,Good work,5
26cc0dcc-af61-491c-aca0-39788b4e097f,B⅚í +Ok ⁸,4
e94ebc2d-aea3-478f-acbd-bf6a7f3a0f24,Its a great watching platform I love it!,5
df38e6e4-506d-46a0-904a-fbff2160e33a,I love TikTok alot yoh😘😘,5
874d8444-ef4c-476a-9163-96d6017cbeb0,Shamsuddin,2
552832df-b262-4e5a-abef-bd60b6d021bd,"This is pure brainrot, attention span gone, it has two stars instead of 1 only because there is a minimal amount of normal stuff",2
1078624b-4692-4c83-a2c3-e3af9d8c3ca1,💗,5
61be25b4-f2f5-455d-b6e5-769beffc786b,Really TikTok 🙄it was so good to use but it has become a total mess now so hard to use doesn't get a notification whenever someone follows me doesn't shows how much likes I got on a video 😟fix it please🤌🏻but still obsessed with it omg there is nothing else I use other than this app,5
1d9cecb3-4325-4ab9-ac68-2bfd91addd7f,Davidtutgattua k.jiechh.,5
7779ea16-7328-4499-9363-eb0f603d831b,Constantly crashes every few minutes way to many problems no other apps crash except this one,1
c9643a15-61f9-45c2-b6f4-d61e6923bc5b,M hanif Bhatti principal fast,4
b3a147d4-ef50-4efa-b774-6c2076f4befc,Good job,5
beda542c-7073-48c8-a98d-fb901dd3d0f9,Best app ever,5
60f5e670-8ceb-4d57-9d3c-f61d0a94496f,"owlwoaa,aa Goin WwwW",1
38339cf9-3a6f-4a2b-a81e-84a2565c40b4,ever since the new update every time i like a video i get notifications about other friends comments on it. I'm bombarded with the damn things so its hard to see comments/mentions/likes for my own videos anymore. i can't turn them off,2
38a0a1f0-c22d-4a51-85f1-857c169393ee,Osom,5
0fb48376-4a9d-46d4-a128-429f953148de,Slndeer,1
be97acf1-0d02-4c23-8a87-bebecbc9a059,good App,5
5da58331-355a-4ca8-a6e9-db5d8f9d2b1d,Best app ever not gon lie,5
17f72cc4-aaa6-4dc1-b878-691f73c95f45,Great!,5
d2b37852-1d3f-464b-8f7d-1a91c63dac55,I'm only downloading this so I can stalk my crush,1
d3410646-686f-4ed7-9c80-4ff87a746c66,💚💙💗💜😘🥀❤💞💞💞💞💞💞,4
cf73581b-2910-4dc9-ae96-c24332462150,Pperfect,5
eae3653b-f908-4c7b-9ca8-48ecb72bf2f6,20M😍😊😊,5
9ea71c20-d485-414a-af8a-56d22351a475,😆😆😆😂😂😂,1
9962b5fc-1d30-4396-91c5-223f3afdf864,Expertly engineered to deplete your attention span.,1
a8ca076d-c5ff-4d62-a7ae-25b49c1351d4,Good,5
b295b2ee-e9ae-4e25-9586-6eab3d3e96e9,Gud👍😊😘🤭,1
88b1b57b-aaff-490d-8165-76746b0e7330,It's really good and all that but they kick you out for no reason. Iam 14 years old and try stil kicked me out .,3
4562e41f-8cc5-46ec-b0fe-471cd9d2ac2e,I love it,5
34ab9fa5-5f0e-433d-908e-68463f9e9b43,Hasan Hsjggs,1
9d2115cb-a63f-423c-a6cc-b44756c9a1c8,Good 😊 app,4
27cef3b1-2eb1-4eb7-b245-185bfdef6f80,Butiful,5
4fff4c8b-2305-4967-aadd-2252773a5aff,No fanny,1
a30aabb9-0607-4a97-bd5a-771b81c95f84,Tik Tok is a very fun app and a good entertainment tool,5
d23f16ad-4f47-4f91-be25-b4f2a5f1facc,"This apps is good ♥️, but why tiktok doesn't work 😔😌🥺😭😭😭😭💔 time we watch but tiktok is back and restart back 😭😭😭😩💔🤍 can you help please 😭🥺💔💔💔😭",5
0e08de5c-2c5c-4fa6-81e2-4605b18af37f,Good 👍,5
82857699-8e83-4c3e-8def-6572074728cb,Amazing this app 😻💞,5
78d2d5ec-9a1d-401f-9482-3e56c39009b2,Good,4
4d33a3d5-bc13-41ab-b63b-d90bbc0b42fd,This app is dey ok,5
54d75e99-5f92-4267-9063-ad95de00dae9,The best app in the world I like it,5
c756bf9e-9aba-4677-aef2-9a2592473ac7,Awesome,5
5c93b97f-c587-4a02-ae4c-4be25c001033,App has no option for DARK MODE!,1
4e83f161-f3ce-4612-9364-099639542fdd,Hello dear tiktok team Very very important Please I need your help because your account has mistakenlPlease I need your help because your account has mistakenly put my account in the freezer list. Please re-check my account correctly and remove my account from the freezer list. Because I have not made any mistake that is against tiktok police but still my account has been frozen and my views have decreased a lot and I am also working hard on tiktok now to make very good videos content but Sti,1
ee5aaa17-bc93-44f0-a1f5-c78f13b6c66e,Like,5
6374f650-ea3c-4e02-a538-143fdcd514ba,I love til tok,5
ac1c139c-f3c2-49c8-a9b6-58999a80aeb6,Khan 💔🎸,5
6b242a7a-2b26-4a4a-b591-82820ce05424,Love you 2,1
fe9212bb-2be9-4e3d-ade0-6d63edb189f4,My I'd banned,1
30705c2d-60e9-4a91-8df0-a374a6b59787,Beach,1
78bd7cc3-25e4-4d16-9191-1b8d544819e0,Really? Can't pause the obnoxiously loud music on images anymore?,1
9dbcf530-6a49-49d6-aa14-edcc9f3780b2,Good,5
d05ed58e-26d7-4300-83e9-25930ea6a352,Sabrina 😍😎😍😎🤩,1
5462fa10-141d-4d39-a327-e8d0eb94cd0b,Very Poor,1
0a7a0655-5393-460c-b424-d21fe1e0b45a,"Good app but this app can get you addicted, witch then you would spend do much hours in your screen just scrolling on tiktok, instead doing some positive things.",3
62f88609-b5ff-4f0c-bfcc-76593dd5b5d8,I love Tiktok it has many videos and you can even make your own video. It show you some good hacks and cooking stuff. I love finding out new stuff every day and sharing it to my friends. I rate Tiktok a 5,5
7ccccb4e-3ae3-413a-9771-a3d9c23fe288,It's great that all I have to say,5
b225a31d-0a76-4314-8a2a-6e6516519ef8,good app,5
0fe266a6-648f-4d19-ac24-9410dd3ab4f0,Salawan,5
d879b407-d2d8-464f-9c77-4e8ad7cdb4c2,I like it so much 💗♥♥♥♥💗💗♥,5
6bb3a531-f9f9-41a6-ad5d-c4bfff08eae3,but no aide,5
7bc17ea7-68da-4f68-8daa-08db78152b05,TikTok is excellent platform this app is good for entertainment,5
668405d9-c97a-4eab-aa81-457879c95512,Zuhaib Babu,5
206a45bc-f32d-4891-8dbb-9adb9bcc8b5a,I like tiktokat all.and could i use black background on it and has some delay of connection.,5
921bc7f3-1794-40e4-a93d-33f29239862f,Nice app,5
a6bb968d-1c2c-49d5-8005-451745750183,Maa TikTok update nahi ho Raha hi please Guide me,5
f2ae5b82-82bc-475a-b66f-4ba25c2a076d,Please note 🎵,5
20663276-a385-473d-9f96-95d8162c9b77,Lol app,5
26129c26-ea36-4201-b669-ee6c9ec8b1d5,lktyuioo,5
80c8728f-2a72-4093-921e-dcec07cc5fdb,Maher Nadeem MAHER G NADEEM Physics,5
9a79e8fa-2ee0-4b2c-a2e7-aca1e752caeb,"Ssemambo Everest omulungamya wemikolo gyonna,owamasomero,",5
d0d9b65d-5063-4560-9194-953f3633f5aa,Preety app and games to watch and play,5
bb2f52ab-9891-48e4-87ff-935b83886692,AiL Asghar,1
e89bf653-e2f2-4d78-9f5a-8378d572b7cf,Nice tiktok,5
bfe27b0d-3473-4e54-a370-5da646a8bfab,It good,5
4b311640-7d11-42d2-9f20-9e2807b98840,my reposting videos button is gone,2
0e4d32cb-f319-4a6a-be68-c42215347667,Nice appp,5
c87d416f-30d7-48df-b797-ba70687225a6,ش۔ خ ںس مسlzsxفف د ک,5
f1e1c5d0-bf1e-4eac-8020-4952d88fac5e,I feel happy,1
c6f6e959-d32f-4ed6-9d32-882594451237,My repost button suddenly dissapers and I'm sick of yt please get it sorted or I'm sending this to the press. >:(,1
cc3b6e48-f05e-46ad-9076-abd34e8fe21e,I learn something new,5
3ce1881d-3ad4-4176-8250-16999d322582,This app is full Russian bot fake accounts spreading misinformation about the 2024 elections fake MAGA acts...,1
a48cd9eb-d02b-46b4-8ffe-c63b5aa34b42,🇧🇩🇧🇩🇧🇩🇧🇩🇧🇩🇧🇩🇧🇩🇧🇩🇧🇩🇧🇩🇧🇩🇧🇩🇧🇩🇧🇩🇧🇩🇧🇩🇧🇩🇧🇩🇧🇩🇧🇩🇧🇩🇧🇩🇧🇩🇧🇩🇧🇩🇧🇩🇧🇩🇧🇩🇧🇩🇧🇩🇧🇩🇧🇩🇧🇩🇧🇩🇧🇩🇧🇩🇧🇩🇧🇩🇧🇩🇧🇩🇧🇩🇧🇩🇧🇩🇧🇩🇧🇩🇧🇩🇧🇩🇧🇩🇧🇩🇧🇩🇧🇩🇧🇩🇧🇩🇧🇩🇧🇩🇧🇩🇧🇩🇧🇩🇧🇩🇧🇩🇧🇩🇧🇩🇧🇩🇧🇩🇧🇩🇧🇩🇧🇩🇧🇩🇧🇩🇧🇩🇧🇩🇧🇩🇧🇩🇧🇩🇧🇩🇧🇩🇧🇩🇧🇩🇧🇩🇧🇩🇧🇩🇧🇩🇧🇩🇧🇩🇧🇩🇧🇩🇧🇩🇧🇩🇧🇩🇧🇩🇧🇩🇧🇩🇧🇩🇧🇩🇧🇩😜🇧🇩🇧🇩🇧🇩🇧🇩🇧🇩🇧🇩🇧🇩🇧🇩🇧🇩🇧🇩🇧🇩🇧🇩🇧🇩🇧🇩🇧🇩🇧🇩🇧🇩🇧🇩🇧🇩🇧🇩🇧🇩🇧🇩🇧🇩🇧🇩🇧🇩🇧🇩🇧🇩🇧🇩🇧🇩🇧,5
0c02d323-a826-45af-bd9a-177a56e0310a,Tiktot,5
798cea78-fb58-4b89-85f9-0cd0d53818b7,Home,5
8c9fc658-863f-4b33-8a1f-5ea31f76ae92,Good,5
79d531ce-64ca-4757-8bb4-6a9dc6acb5fd,"Honestly I'm a bit mad 😡 I don't know why but they put the record button to 10 minutes then to 3 minutes and now 1 minute? Ugh whatever. But still this app is great, you can create videos, scroll and many more! Yeah bye 👋",4
4d0f3041-c4c0-4a6f-bf76-efa4d9ce8971,let me update,1
373a0a27-6c31-4b8a-8817-e6f7668cb434,Very nise,5
2d4b550f-0901-4ce0-8a9e-d7e02a24739b,Neo Monster ☠️,5
3d4e884d-c98b-4be8-bb78-7d37586083cb,TikTok team Please check my TikTok account My videos not boosted Thank you TikTok team,4
7fd8a105-bd97-47bc-8168-52fbb63c5bac,ok ikoo,2
7e7fcecf-620e-4784-9385-83d8244a8fc5,Give me job,5
a787597a-28f6-4cdc-bdd5-669cea8b6b7c,Sumaiya sumaiya To,5
a680e2ab-fec1-4376-bea3-d1c3bd7249be,Because it is a good thing to have it in your phone,5
7ad0b2d1-24d5-4279-9425-687cb6d37c62,TikTok is very best app but my TikTok account reason location isn't showing hd high quality option is not visible 😞 how this problems solved 😭,1
04596692-3a5a-4b4b-8274-d63eb0168e89,Meri video for you te nahi ja rahi,5
1f610f46-1deb-4ed0-8f44-4832c17b7ccb,brain rot,3
856a92fc-66bf-4902-8dda-f56b0388bfa9,Oppps good to me,5
a1be0d87-575e-4288-bc17-a408b9bffa9e,"Its been very smart project, i keep enjoying this app",3
32daaa98-0330-445f-b8d9-93e0196c4772,It is freezing,1
5223bb8e-a6f9-4606-ae9e-3238b2064855,tiktok my Id is best id,5
9e20f8c9-e591-4cfb-bcfd-653dcaeaae3d,Wow,4
3353f231-0188-486b-9337-1d9a67f7c33b,As soon as I opened the app I was kicked out because of an update. This happens every time I try to download and use this app. I wasn't even able to search for what I wanted because I got kicked out so fast.,1
b6d5aba4-ab53-44de-a226-cb476c24afc4,Attrective,5
3bd70389-d668-4f8f-9a3c-0e3fb9e32e18,ॐत्रॐलकोिलकसोज्ञॐओ,4
23709820-94f3-474c-86f2-749ef6fbc3fc,Plz live on kar do,5
db6cbbad-ad59-4af4-86e7-ec69f2ba931b,Good app all people use,4
dbe48cf2-db9e-4670-b180-a7a3f01fcbab,Aight,5
8ac3f24e-701d-4571-9ebc-bbbe7f6199f9,wow,5
046193ba-3090-46f7-9282-81dc4c585d1c,Nice apps,5
d72aa0c5-67f2-499d-a605-fd1ea7a50d7e,Nice app I like it,1
4dcfcf9c-884c-459e-a06a-7a44f61e6b7b,Sapri der jonno aita,1
1ca3a8c6-d135-4812-8b5f-7b90666c2328,One of a kind,5
27d80f20-7756-4223-81b9-f9bd682f29fb,Good,5
7fb6000d-b4ba-4b8d-9828-ecb40df6fdee,Plz sport my account,5
94fe774e-7ccc-4b61-914e-60f02d25af13,It's a great app I like it,5
8789adc7-7111-443e-a19f-deeb29b145aa,HD sohan,5
92e6dc1b-3c56-4db9-b951-1a37b2ad2a51,Cool,5
9b6d27bc-42e4-4fdb-8473-458ce6502b93,Do people even write reviews for this,5
dd4ce773-2f0a-4f4b-b067-c32196ddb54a,Good 👍😊,5
261d65c3-f5d1-455a-a2c8-f51cc3de068b,আমার বিডিও ৬০ পযন্ত গিয়ে আর পোস্ট হয় না কেন🥺🥺,1
a8061126-a44e-492f-a26a-112d0a29c23b,GOOD AFF,5
1b7f94fe-d4d3-47d6-b5e9-8cad8f23121e,I will never say this app I bad this a happy app that you can remove your stress bt its bad to some Post tht make you scared,1
45373dd3-ec9d-49e1-a415-1d11f0437e13,Please my account viral,1
355aa745-b8fb-4f20-8af6-6ac4dbf8ebf2,Nice expiration,5
d7ecab49-9ab8-4c59-b2df-1a737f9c6dac,Love,5
288c587f-2268-4290-b50a-daef164d403e,This is not monetized of my Account after complete criteria,1
16608398-fae9-4d68-bfe0-f006be25ee77,Great,5
29bc805b-6b6a-4ce3-8614-9bd4bf4fc443,Lovely app,5
95aebad3-c2e5-45b2-92d9-af294aa38759,As,1
266d5200-f4e7-4106-85d9-c049c572183e,Ehh to slow...,3
4139383e-31ac-4e54-bd41-98600433deed,Outstanding,5
2004f33f-62d8-4132-a742-66033aa37e27,I love tik Tok you can dance,5
b8eff12c-9da5-4cf7-8485-1a5d5fbd2b68,Greet,1
9f71041c-b608-4406-939f-4a2bb6294640,Can't have dark mode on android,1
2c24ab40-80dc-412b-9071-5beea9270c77,Nice app,5
6464c0d8-cb81-47c8-8d4b-aa540785c8d5,good,2
2944f281-c76e-4b39-9a8c-622a1b027ef0,Hang problem,1
59013d1e-80b7-4f78-8922-7385021e9f4a,𝖒𝖆𝖍𝖇𝖔𝖔𝖇,5
fde86d0d-657b-4342-a146-50b43e0e4990,Don't install TikTok🤬🤬🤬🤬🤬 video can't viral . I'm posting 2year,1
ea98cb8d-58d2-4197-acbd-1f1c7dfd8264,Good,5
4d8f8c53-cf87-4610-9288-986956f16f65,The app is good in some ways but when i go to the content creator it's bring cut it's difficult to know how to make money,1
77acad6b-1770-4a19-8cb1-5b3f15941f28,hello to talk to you please my account to unfares,1
9c68b252-b493-4f8f-bde8-7fe332f2225a,That is really cool app,5
778476e5-f3a7-4cf5-8d9f-c6afb5ea0747,It's so good,5
49a9152c-e08e-41ec-ab63-b01c1666acba,I use this app it is full of fun there are very good and interesting things+ videos I am really impressed from this app,5
3419bc4c-7a02-42b6-94a5-5eed2cba8e5d,Not fast,5
bd0a657b-3c85-41a8-9494-d63dd85399a9,Best app ever 🤍😀,5
b21421ca-4f8c-4ad2-9f3f-f06ea0582550,It lacks dark theme for Android users,4
edc7df02-04da-477b-9d8d-927f2e18813e,I love TikTok,5
1002f460-9c6d-4679-af4b-cb48c2cdf2d4,The best app tiktok,5
0dfeb0f1-a2b4-48db-888e-2b8da9b9ba9a,"It's good but in underdeveloped countries people are making non sense content on it But although, this app is wonderful✨😍",4
0be4ee11-3a99-4265-8360-64091e9b96ce,My videos are flowing,5
f2e7e606-9a34-493f-9d75-7f0ad1e56003,because my account is freez 🤬,1
48592291-0877-4bda-8022-4a9b25bc01fd,thkkina TikTok video like,5
fe179487-777d-4307-8238-d2d57d200fda,Hello TikTok Team my account not show tagg option please help me malik.ali_awan,5
55c6d60b-5dbf-458f-8c37-ad110a78a703,Ok,2
4497e824-ce7a-49ea-8102-9989c436f3b7,Eidxbbco CD i I think we might really hg,2
c2cd3686-d2bb-45a8-8552-8d71f8d265d2,Best app,5
ebbc58c3-334d-4b53-9f65-2a5f56785df6,"Very good and excellent app. Hello TikTok team am a new user and I am uploading a videos on regular basis my content need to be topic wise listed am facing problem for that my videos got mixed that is not good for TikTok algo and my audiance ,it's my humble request plz provide me playlist option for my convenice videos uploading as in playlist as topic wise. Shall be thankfull to you.",5
26afa08e-6672-41a5-ac18-36bf25b1f429,My experience has been awesome on the App,5
b9b4a805-3b30-4107-a2d8-b66434ffb43c,He is very comfortable app,5
a0e94650-9ffb-412f-bcf8-134e1c488831,Fwtayw,5
d2524a9f-4eb9-483e-b0d3-e134e56cb0c2,"What's the point of TikTok videos appearing on the 'For You' page?""",1
3e97d62f-3390-44af-93a5-d9b2c4cff1be,I like it,5
51a16ad3-d653-4bbe-8e14-728c9a54618e,no miran mis tictoks mis amigos,1
ceaf00fd-c644-4e8f-bd3f-3d3600618743,Gensy kusi,4
ee0ab8f2-975f-41d3-8f5d-da91a2699742,Chota don😎😎😎😎,5
ca4826bd-90fa-4636-9f9f-a4c5f05da1ba,Account banned,5
3eb865eb-d12b-4ecc-a9f0-2e31760eecf3,Nice,3
c4455a32-b4b7-4b7b-aa0c-fabb543ef900,"Since the update its got a few glitches, I can't pause the music on multiple page videos anymore, can't share with friends on tiktok only other apps & the basket option has gone from profile.",3
1058b01f-645c-4a31-94e8-9b9cac0f807f,Unfreeze my account urgent and virel my video,5
b81b7271-b1e7-4618-a21b-b9662eb33907,I that thin anyone its very betterful,5
771caf37-fc96-4f49-9ba7-348763832ba6,Nice app,5
adc4609d-a1bc-473b-a49b-957bf1e44aa4,It is a very entertanment app,5
f5c9d26a-5af1-4d1a-a20d-9880f9b8edd6,سسڵاووووووووووووووووو,5
9a25eeab-8915-48de-abe7-0a69809f3ff7,Til Tok,5
8b6ee1fe-764d-48de-b1c4-20697ad6ff6f,It tracks you down why don't you just download like it doesn't try to download or anything kids been kidnapped because of it please download it don't download this,1
b57c19d4-f483-4172-a505-4cd98081a180,"I like the app, but getting things removed like 🤡 or stfu and getting threatened with account banned is ridiculous. Yet right wingers can threaten people and they remain unscathed. Go after those threatening people, not someone that puts a clown emoji. I know maga supporters are sensitive but come on. Now to add to it, the more I put not interested or block these trump cultists the more I see their bs on my feed. I want LESS of their stupidity, not more.",1
6601b00a-b777-48cc-84a8-f9e8822a0a72,Good,5
50b88eec-d665-4a3a-a88a-168730a70c4b,Nice,5
4a639653-abb4-4e07-bb8a-a773554b0d57,Please account warning ⚠️ 🙏 Please mera account unblock kar do aisi aaj ke bad mein video Nahin send karungi,1
39ad7647-b8eb-4179-9782-c8c28268e16c,What a wonderful app,5
246bde75-6a1c-4272-9ad7-f838e9264243,It's a great app,5
671ab452-a6c6-45e9-a0cc-029a4ab3506d,hafso,5
5428c351-700a-4d3b-b799-eb4c4492d0cf,Abbaskhan,1
aa107794-192b-43e6-a1e1-6d686efee0a2,Good,5
9a66bcee-b1cc-4da4-b5b0-eb102023e605,Yez,5
a4663c6d-c6dc-4f5c-9494-1765d2ca7320,How to come a video on foryou,5
9ee0358d-007f-4047-ac65-0ea6fa87aef9,Good apo,5
670729cb-2c87-49c5-b49f-c713533ddfd3,Not explain post views problem tiktok update,2
4c813ebe-903c-4c03-a68f-4fa76c0c0ec7,Azik Azik,5
906b780b-f604-4761-a0cf-8e46eb07c333,Good work,5
7a1c122b-c11c-4c53-ae16-5f6c0c26d8dc,Ex elant,2
f7bdc9c3-21c3-4553-8274-bfc39a9aae9e,Hopes that it will use to build the good pepoles.,3
16ad89f9-fa34-4995-ae38-8414637819c9,How do I block this app altogether from ever showing up on my phone.,1
4c298f45-46b8-43c3-8098-47d9bf545296,TikTok 😀😂,5
a0c2f7ef-3e0c-48a7-a77f-b3b2d6208bc9,Scam,1
0e1de8b9-c658-4438-aaac-b23ac5d5305d,Tiktok is capre,1
5e50a1dd-526e-49e3-84a2-4030a89d136b,Good app,5
b0da5bf9-a61d-4e26-8359-4c43bdf43b4f,The best app my favorite app,5
4c8efe05-b8e3-45a2-84da-4635f7b12b1f,"It's enjoyable and there's my undefeated person Xolisani Mbeje, that's guy makes TikTok have a vibe.🔥🔥",5
b3c2a222-bf82-400c-b226-1f730076711f,"M, waseem 46",5
b432f12d-4a7f-479f-850f-2d75a197e556,Sei,5
a297a857-7fae-4202-ae55-5fce3c9952ac,Good,5
319f753f-3a62-4bdf-9680-8707679f8554,Horrible,5
e4639ef9-48f3-462f-a0d4-e6e51505f201,অনেক সুন্দর,3
3d8f536c-b75a-4a64-919d-b0c6ea4c9425,Need my promotion balance refumded due to the promotion ban on my account,1
24c2e34f-16e9-4052-9f2e-ef7b0e277b6d,Bad,2
b5be7afb-3708-4fed-80c3-c26986d23b4b,Malik sab,5
1107eafb-9e89-4bd0-b0c3-aca71f42349b,Nice,5
0a345166-f390-4080-9516-9ae7692c3969,Experience bhtt acha rha lkin agr mere bari Api ki I'd thi to mana aj video apni bana kr upload ki to unho na I'd ban kr dia so ya mujhay acha nhi laga,1
93624507-a1aa-4679-905c-c7b95e3b3aec,Mujhad abbas,5
99707e0c-d671-4f30-9885-50d0f24e4283,Good,5
98353f28-cef0-4170-b911-4c2427a2b7a8,Very best app,5
3d736e3d-60cd-47db-98db-72e34a4e1b1a,Very nice 💞 app I am in vibe,5
1ec91958-dd1f-474e-9448-caa9a167b45b,My email this open tik tok but no viral any one video plz support me tiktok 🙏🙏🙏🙏🙏for my allrounder video in tiktok,5
b74205c5-e20c-418f-aab2-88873590b2cc,Lovveee this app!!!!!!,5
5c87add9-b167-4176-8209-23811785339d,Yaa,5
e77e901f-e3de-46b2-8d01-a562df31993f,Nice app,5
31cd42c6-92a0-44c2-92fe-a33c245dc277,TikTok privacy protection setting problem can you help TikTok privacy settings,5
f9b477b1-78ff-409a-ae7a-439058901f7d,9 ⁹namaste 9,5
ebfa8af2-2e37-460c-a6bd-2182166e5706,Very nice app. me is after play think,3
669ae37f-a433-4d25-ad42-15ea45cfe21c,adaI,3
332f4ca5-bdb6-4782-9ddc-3144903adb31,Tik.tok Rate this app,5
95ce0ddd-d7e6-4fc7-a527-7cf13c64354a,very nice 🙂,5
bb30fabb-ee28-4d70-8f5f-ed35e1687d3a,It is Sui peace ful,5
c39212ba-cfe3-4966-8131-2fcdf8a2c599,Love it I'm on it all the time.,5
6b0d6569-43ed-454a-a7e9-0c46c8053aeb,"TikTok is just as bad as Bigo Live. If you had an issue with anyone from asian communities, vietnam, on any app TikTok will carry that issue to all other apps. Releasing personal info such as credit card numbers addresses and even go as far as having it's company puppets to carry out threats of violence. Block a host TikTok will lift that block so that person can harass and bully you. File a report on one of host it's ignored or they find you guilty. Americans there's no love for us just hate.",1
2fecd26b-a36a-42e6-ba98-e0b7077fc30f,Vajb,5
b04c6c02-d834-4522-95ac-e1d4dd09cfb5,This a very nice app,3
e6c5f5d9-ea04-4458-8f41-a2f42acf5910,It wasn't so bad but it wouldn't let me do things that I didn't have a search bar there was no way for me spelled anything yeah and if the company decides to reach out I'm just telling me there was no search bar there's no none of that for me to do anything and so if I delete it,1
71acf42e-bca7-434f-bebf-383aa3107167,Hello dear tiktok team very very important please I need your help because your account has mistakenly put my account in the freezer list.Please re_check my account correctly and remove my account from the freezer list .If I have made any kind of mistake then please give me a chance from you and let me know about this mistake that you have made such mistake and I will respect it again I will repeat it again I will never make such a mistake but I don't think I made any mistake but still apologis,1
832b1bee-c20a-4a98-a0d4-4348d1a02de7,Video for you to nibandh 🥺🥺🥺🥺,5
8fd9e1c3-a09f-4ea4-890d-f24fde84e551,Very productive.,5
326fd823-d94b-435f-8dcd-29ce86649f67,RJ Juwel,5
74f74be7-ef4b-4b05-9ac8-9a0813d9e6c4,"Can't even report an account that's pretending to be someone and scamming their clients. Reports get you nowhere. It's a joke. It's despicable. Get off social media. They don't care about your well being or livelihoods. I wouldn't even be surprised at this point if they are the ones hacking and frauding peoples accounts to try and make you pay for their ""safety"". Safe my a**. Protect yourself and get off social media",1
e50b7b7f-1c3a-48c2-9096-71af5e95a7c5,What's the point of having a report button if you aren't going to actually ban people for violating rules in the most obvious way. Maybe hire actual humans to review reports instead of dysfunctional bots,1
01534a9d-62a5-4f9b-b457-a1dd6c75c722,"Dear TikTok Support Team, I hope this message finds you well. I am writing to seek assistance in enhancing the visibility and reach of my videos on my new TikTok account. Despite my efforts to create engaging and high-quality content, my videos are not gaining traction or appearing on the For You page. Thanks for your time and assistance Best Regards [Anas] [@hublescope]",5
4b50e1e4-56a1-4b25-aab2-f71dcdbc2d55,uzairubello,5
068f6ff5-a1c6-43ff-ba86-b38a61cd0e4d,Good,4
5bba5aaf-3304-46bc-9ee6-9fb9f4bf251d,Bas,5
c57823ad-a146-4349-b53c-5f388b4d243e,For you,5
0d8ac7ba-0af0-44a1-ac32-25cc7c336075,I don't know why I can't see my favorite songs which I saved,3
1925e0f8-1f32-4e00-838d-cbf34b3e95eb,Best tiktok,5
a34c2cbf-9515-44b6-b9c5-a92e6f53c4cd,শামীম খান,4
7d4407cc-7769-4fdb-9607-f2f784d5c5a8,Akhi,3
cb7777f5-be9c-49ef-a9fb-c8b6c97a4202,Nice,5
66d05d23-6627-4523-baaa-eee818c484fc,Very good,5
b3be3a2a-b069-47f0-9e18-ed02b9f9a9db,Good,5
af192f11-3bf6-453a-909c-333d5bad33f0,45 8 8 9 ubiquitous,5
a141e94e-2e56-40e5-b808-dd2bdb0b8edf,Hi tiktok Plz you can sports for me???,5
9d202112-cc44-4f8c-b848-5f1516371c95,Very good service,5
0465d9b4-03dd-4075-89dc-7f4e76b9c6da,Good,5
6ac10bc3-fe61-4941-9494-8f477645c4bd,Vary vary unless plartfrom but vary interesting app,4
9b94468c-9b20-4964-924d-2d50d833d7f7,It's stupid it makes my phone stop working,3
5569c0d3-d223-42d4-9190-6260267f07f6,"Tiktok it is not just about you have a great idea. I think of my cousin and remember the last time we were there is a few days before the first tim cook has to do is a great idea. Abdullah, must have a few days off to be in the first place and I tried it will also be in my cousin and a problem with the beach gnat to work on my way home now remember the last resort, must be in the beach and a few other places that I think it will also expected that on a problem for me know what you think it will",5
9d3a93fe-9cee-4e08-826d-b439fd69be9a,Love it,5
316fe4fe-b28b-4724-b106-58660691fa67,Despected TikTok I m mnaeem gujjar my TikTok username mnaeem. Gujjar5 I have new account 5followers. But I face a problem my video views very low please check and fix my problem and move my account to foryou tab. Thanks regards,2
efbb21dc-e550-4e36-a652-31146984838f,zain ail,5
87d48410-ae6d-4281-95fa-64d3f96f88d4,Nice 🙂💯,5
2d342782-c917-4121-a42d-f2e2364013c3,",👍👍👍",5
ef6fef9f-df3e-47e0-932b-0452a2089d39,"Tik Tok is the best platform on social platform and it feels very good to run it and post and video even we can do business in it. I say that there is no better platform than this, here you can share your good things and good things and good feelings with people.",5
0a050959-5ac0-4049-a815-ab483a462b90,My pasnad tiktok,5
f22b7ba8-af46-48f8-86ec-b55efe384e96,legit 100% thank u tiktok...,5
5fe9f1e8-8495-48c3-86d1-6c645ad8caf8,Cool,3
632dee82-96b2-41b0-8e4d-14722521c7ca,goodddddd,5
1a307ed6-2c24-4a81-8144-a29252f11fcd,You can watch people play games do makeup or even mukbangs,5
5c954b0a-ba9b-41e5-950b-7a171b8530d1,Please support me,1
f55196ad-a3f7-4bd7-9fcb-b27898700272,Know you lock ;-)far from jo 9,5
7e01c168-d314-4853-97b6-55b0dfeb2979,Malik Ghani for you video,5
11cd6ab8-1272-4495-a3a5-e74cf29e51e4,It is amazing and wondering 🤔,2
901b7905-3728-490b-ab2f-d9a5d49944d1,So much fun on this app,5
02a097b9-a460-4780-9972-5b49dbc77dc4,Good,4
42372d74-5c81-4128-9088-229de849ee18,I HATE YOU GUYS WHEN YOU BANNED ME DID WHAT I DIDN'T DO ANYTHING WRONG AM 14 AND I WAS SO MAD WITH I HAVING 339 FOLLOWERS AND 900 LIKES AND THE VIDEO WAS ONLY PICTURES BUT NOTHING BAD ON THAT,1
385db929-a0d0-4cd3-9f9d-2fb941a3c646,"Tik Tok is a great app. However, I have one suggestion for a feature that could be added to it on more devices; the dark theme feature, I know it exists for specific devices but it should be able to be used on all devices that have it as an inbuilt feature. Please add dark mode to the Android versions",5
3621e743-c940-4fd3-8aa8-11136c1a38d5,Good app,4
6f2ba895-f1f2-4cfe-87e3-e24686dae10a,SADIYA,5
29d137ff-b79e-4403-b85e-5a912ad4b16f,The removed itself in the screen,1
c4bd513c-dc8a-4385-b03d-24373b75e714,Verification,5
fcfc6166-e40d-46d9-a472-3fed94e28a74,tik tok is very good app i like it many people use and benefit from this app and viral in the world just my request from tik tok please unserize my tik tok account Thank you very much,5
e2e41e7d-de61-41bd-ae45-2425b83cb9e0,"It constantly crashes, lags for no absolute reason, and once I log out and try to log back In I can't because I have ""maximum attempts reached"" then though I haven't even tried ONCE, PLEASE fix this",2
21cb74f3-c4b4-4feb-a1e4-9a16d12f29bf,Fast,5
e40f60c0-6a24-4dac-b51f-3bc45ca80520,jisne bhi ise banaya vah kutta hai,5
8467615b-d311-4995-95af-f48ab7fa7dec,"A good app to pass the time.And we also knew about what is happening on socal media,which is helpful.We show ourselves to others by making videos to our profile.",5
20aa593c-0605-4975-bbe6-5c8b520d3070,It is very good and fantastic it work easily,4
f8081d59-1fbd-47ae-9a66-da326e92f613,Please open my TikTok team,4
5ad21206-ad39-4c9d-b103-6f2b465cde4a,Good,5
57dc86fb-d5eb-4167-ba0f-2fb996a466ea,Good Apps,5
d26b7ba0-03da-4320-afa0-d84fb37d9b76,It's cool and amazing,5
87c682f9-985d-456c-94af-8ececff3d80d,Undecided,3
d0822f5b-83e3-4ff7-9d01-d35da0e335e6,🖤🤍🙈😇,5
a154e6e1-cddd-43c8-9b3f-0ee17ddf7133,Please TikTok ad inbox messenger,5
48516677-7d05-46a6-a5bf-3e9cd416777a,It's not working on my phone,1
f5925a1a-cc97-4e79-9f7c-1d35a09e62d1,Nice app,1
6d1db29d-7425-4f06-b520-1f1dc91f0239,GREAT APP,5
354ef62e-3511-4970-9f39-fddc49ea276b,"Una basura, si pudiera lo dejaría en 0 estrellas, pero necesito decir lo que es, y la verdad es una basura, me alegra completamente haberlo desistalado",1
f260bc4c-80e7-4267-8995-8aa524a6cfae,I just don't like ticktak,1
c4515db7-997d-46e1-8779-d09596ebc52c,Hi dear tiktok !i am a new user in tiktok application please check my official account ... And all videos viral in foryou,5
c2c65bf8-3c7a-4075-9e1d-8fb79d5fffed,"Personalmente no me gusta que esté blanco, en iPhone si tiene modo oscuro deberían meterlo aquí",3
a9eb16ac-c1d1-4096-ab64-db8aef1ebeda,Nice,4
69210a8b-6e0f-4e57-8652-724e03f7b21a,Very best app 👍👍👍,5
73766e54-36aa-40eb-8d02-7fcec106c00c,"TikTok. Looking to learn something new? Learn a new skill in 15 seconds across DIY, food recipes, and for animal lovers. Enjoy an endless stream of short videos on things ❤️you love most. Watch what you like and skip what you don’t.",3
8fbdc1ef-4885-4e37-af96-640ff3bdc984,Tiktok video 📸,1
54cc5a8a-7cbf-4c13-a440-2d3d5435949a,Not bad,4
9611dda1-4039-466b-ae98-8594ca815bdf,Wen I was a kid I olmost see TikTok than I delete that and I was see YouTube bit now TikTok is my favorite 💅🫦❤️‍🩹💅💅,5
845dc2ee-fe7a-42c3-9bc9-7a73fd8b2bfe,Nice app,5
7dcca8b9-89a8-4021-b57a-bc162034cae4,Nice,5
89953bf9-1f30-48bd-993a-59373e6d47ac,Tiktii,5
4b9d6f6e-b572-4dd0-9cbe-afdc9a1c954a,cutpl,5
828e59d0-72f4-44ef-82ee-1a8db13cea1b,সাইম,5
d53bc0d5-d35c-40f6-a965-30b9d6056b7c,viral fisrt at my account please 🙏🏼,5
4fefc5c7-a053-42ab-80fe-fb5c0f4cd63a,Amazing 🤪🥳🥰,5
0c221a92-e6b5-4068-a16d-69c2419a3c26,Good app,2
7c4f86b4-afae-4461-bb3f-6a3291c6ab3c,Shir Jan,5
5e21d39a-c011-45bd-b7af-44a9c42624eb,Good app,5
b03d454e-d1de-4cf7-9ab0-10250e270198,Eti,5
43721ea2-49ff-498f-95e1-46ec65ef38fe,Distance,5
0cebc4e5-5212-4c7f-836c-967a334ceb42,Mehmood Sheikh,5
9bc46d06-44ad-488a-b342-a81ef1ddb959,Talha,5
8b5a10a1-6927-47e3-ae09-7d09a47f6e61,For you,2
cbdf4809-bfe5-4a2e-aa6c-10148a5a1f3b,TikTok video,5
743d2815-e856-4d3d-826f-37e8de1b8e75,Asad Mirza A Reviews are,5
92e0f4f9-0bf8-489a-89ca-b81b6e4a3308,Here recently I keep getting violations for comments on the stupidest stuff like today I got 3 violations for using these emojis 🛐🥵🤤 and previous days I got one for using the words gay or mommy And I'm also now having problems with following people back and I know it's not because I'm following to quickly because I only followed 10 people and the limit for the day is 140 something and for the hour it's 30 So please fix your system until then in giving 2 stars only,2
85d73726-97c7-41fe-a160-150ac27de935,Wow,5
f651cf6c-31fe-45cc-a05f-4f04eab64002,Everytime tiktok adds a new feature it gets a little more broken. They started adding ads at the end of videos and now all my videos glitch out. Sometimes the audio cuts. Sometimes the screen just goes black. Honestly makes me consider uninstalling and just using youtube shorts. Honestly their ads might be worse but at least it's not a glitchy mess,1
9147bbef-0adb-4f85-bce8-937650cfcf11,This tiktok new version very boring i upload new post not increase viewers on fast and nit going viral page and old version is very good,1
1d360d02-f775-4fff-b854-520fff9d4d23,Video viral,5
c7eaae14-b4af-420d-89bc-853d2b00ca40,Love you too jani,5
d4c6c038-af55-4db0-b95d-da68217f184b,Nadeemkhosa,5
bb24308d-0fe1-4277-98d3-0e31616fc36e,"Please TikTok my video viral Muhammad. (According to Islamic tradition, the Prophet Muhammad (peace be upon him) was the first to introduce the concept of divorce (Talaq) in the 7th century, as mentioned in the Quran and Hadith.)",5
9a919832-1614-4fad-aa34-5e8f48d75c41,🤗,4
82c26f64-3f7e-46a1-8d97-e71aa86e26f5,ktew,2
7e75dcd0-8fdc-4ce4-9b86-64bd9a0647c6,I have a Google pixel 6a why can't I make slideshows It makes me a bit mad but if you could there should be a update,2
7c794c23-5f9d-4133-baaa-f39591d9e3a0,nice app,5
e88c95d6-b494-4b5b-a8be-11bf59d2b43a,i love it but there is no option to change our date of birth,5
c9d5f1a3-a5c3-4207-bc87-f21512d66e41,I love TikTok,5
1076f98b-804b-42ac-a36a-571d7e30d46d,Great app,5
f374c9cb-52af-4da3-a106-45425bee4a9a,CJ oh,2
86289912-6b0f-483a-9894-ff189e7eb6e8,This very useful app,5
ed92ebb5-aae5-44e9-8040-6568c621b78f,Ok,5
bcf2dd71-9459-4e75-9ffe-535366e0ecb3,tik tok watch my account and make it viral I am making Islamic video for a long time but not getting good response watch my video and make my account viral I will try to make good video,5
916cb850-2086-4c1f-9100-044c46181d0b,০১/০৭/২০২৪,5
1123dbdd-ad74-4161-b0b7-62d0dd54c0d2,Just great,5
f8bb3fc4-e12c-48f4-b72d-3c17057025a0,Good app,5
bc623db6-7a78-416c-85d7-2cde76b3d111,নাইচ,5
a7117b1e-1539-4525-ac98-156e2f53205a,Really fun way to share videos with freinds,4
e2c516a6-fba1-4aea-91c9-f692825ae277,"Kz, L AA kk ;lt",3
1adee01a-aa11-48cd-9ab5-6560e3ab13e8,w Smith and r e wand r www,1
12e80826-618c-44fe-b865-a405d710d108,"I've been on TikTok for 5 years and I never got a screen burn since I noticed I got it in 2023 this app is so addictive it's good sometimes but I can't stop using it, yesterday I decided to delete this app since I knew I got burn screen on my phone. This app is very good but mostly of the time it gets to be addictive and I'm not appreciating the app for this reason. It gets the phone so hot and even runs battery. (Please be careful with this app)",1
4dbb027b-6c0c-42b8-9459-e4843ef09aa7,"My honest opinion is that, Tik Tok, has great taste, beautiful woman and good advice for trouble minds. And without using many more words, Tik Tok is interesting. Thank you. Christopher Reyes.",5
4bf5999c-1578-4b56-ab3b-b7d799371fb3,Is very good,5
ce33ddc7-7137-4ad2-9657-8778f5b833e2,so beautiful ❤️❤️,5
396b9f04-6742-41af-8531-a1c4cd081c67,Like,5
e2092ade-d96f-4507-aef1-f45f929c42bf,Very good,5
c39b67db-3bdc-42d0-96d3-1990aa39344b,Live,4
c7bed15b-815b-4d6a-99cf-f66b51543393,"Trash app i donot want to give it a single star almost every comment is removed by this trash without violating any community guidelines same comment from opponent is not removed, trash, trash, trash",1
a6e1dd01-eb08-4a2d-9dd6-f537e5d356f7,Good,5
144700b0-1683-4959-83cf-e6294e61bee9,Amazon,5
84266cdf-2f4c-43a1-8434-4e1a6ea8343b,Not good. I used to be able to click once and watch videos. Now it is asking for login and after I do videos are never there,1
2f4e51ae-9664-4550-a204-0b0f0ab11fa7,unban my account please :(,4
cc45c1d1-7c33-41f4-82be-e8d2bc1a8c14,I really recommend this as it has new features.,5
9cbfe133-5ba3-4ca6-bad3-008e80ab12c9,Good,5
96be69dc-4a08-40ff-b806-1bf7f5229ba8,Meraj rain,5
ac8b3761-7f49-4eab-a30c-923a0ade5166,Good,5
6cc6b7df-badf-46aa-ad7f-b88783598209,Nice,4
e8d60807-6f81-472d-90b2-dbc4d6dfbe68,The apps not update,1
0406e3ec-f8e3-4cda-9899-4826073f4afd,View problem and follow problem and like problem please sport me thanks,5
8c9981be-2af2-4963-b5b3-39949725cd53,Good,1
244a70e5-3ebe-47c2-9d14-66287d7c5158,its is not perfect app,5
21a50500-9d65-402c-8bde-48507f18f5a7,Amazing,5
e570b4ee-0a19-4c3a-ba45-c87cd68dc26f,Great for makeing friends,5
a9cdb31f-cda1-4d8e-aff8-7f856764ae02,لا يمكنني تفعيل خيار الدردشه الصوتيه عند بدء اللايف,3
014144a8-679d-4e14-babd-0e3f371106af,Nice,5
0dd289d8-fb79-48eb-bfd8-0c4b4f84d988,REINSTATE BISAN'S ACCOUNT!!! ❤️🖤🤍💚,1
be22b619-306a-4f09-929f-876bd74de9a6,Good app,5
cbb4a3b6-c888-4994-b98d-cba4401eba71,M. Ismail Bhatti,1
2e1f3ede-3c00-4c38-a533-76085fd8402c,I have slender mama's old phone it says can't install app is it cuz it has no SIM card or what I've tried a million times it's stupid,1
8f311041-e8b5-49f7-9c1b-8645acec2076,It's a good platform,5
2257c9b0-3ea7-4128-b1c2-a2e001560072,This app has a very strict law and bans people's accounts for no reason 🤬😕💯,1
1648df61-2c13-4a4d-88ce-e53787ef2b83,Good 👍,5
d3dc9115-bd74-4a7b-9d55-77a429b332de,Nice appe,1
147e60ed-12b5-4dc8-82e1-360592407a38,I love it sm it helps me get through my day 😊,5
42460121-b3b2-462a-a350-2e0e96506b74,Good,4
c4c9cb85-1ed1-446d-8915-c8b06dda693e,Nic app,5
7561c0e8-7894-4f10-9fa0-e9bb32561b71,নকরররজরররররর,1
f34732e4-779f-4d63-afa2-f08a71e65716,Good,5
45a2dcd5-2fe3-483c-9947-6fab405a4d83,Plz support me tiktok community team🤥 I am for pakistan,4
46b28e53-c0a2-4387-acb3-f9ba3bb37b75,Someone made an account with my name that stole my photo and Tiktok refuses to do anything about it. It's scary how little they care about it.,1
d4a3c450-4562-416b-958b-69e260293eba,Why is my tiktok is banned can you open it,5
4b4fbb5f-392f-4aaf-80d5-384256ff09b2,I love it,5
42b7b892-0875-4246-a4ff-557f14f7aae2,Tik Tok ID login device change note show vivo y 17,5
28a61b49-56a6-4546-9ee2-debb1e5f0fef,Keep getting kicked out so yeah,2
52e59224-0623-4d1f-a8c8-06fe02adeee9,I love tik tok,5
50595bbd-ae77-422f-aa9b-bb8f2e9e96ff,"Tiktok 1,000 LIVE",5
c58c0615-40ef-4c70-9f94-a1eac71a07a6,Nice app 👌,5
df4eee06-c56a-43fd-bf69-c574d0d9dc08,"Good, 👍🏻",4
07478af7-bafe-4442-a146-926c2435f5c5,Harsh,5
dca7a5bd-f399-4dcd-8b81-b178f137940f,Shahid meo Reviewsare,5
b4b44ac8-d188-450e-8dd9-51206ffb4ef6,"Hay de todo, risas, religion, labores de today clase, etc etc",5
ca4ab02c-e03f-4379-b5eb-a6ef47a4131f,Sameer Rukan pur YouTube 804,5
060bb14f-e6fc-4e43-9aa0-08d2a82cf30c,Good,5
27d9f446-c27e-45cf-b78b-ff40f1c940a6,Nice 👍 app love you TikTok video 📸 plz brother Support me plz 🔥 Sir g,5
e515b373-55bb-41ef-8ac3-d963ff956e46,Why I can not watch the videos I share,1
150f721b-cd2c-4d5c-8493-1a70a5146423,Good,5
e960f6a5-2cf2-43f6-a2d3-52ec238c500b,Wow,4
d1ba6370-9a2c-4e0b-8b4b-c5accd95aebb,this app is so beautiful,5
1696fc06-31fe-4448-8c55-572de9efaf6f,😀😀😀😀😀朗🤩朗🤩,1
73470c31-e6af-49f8-a1f5-8bff8cf53e09,Plees help me,5
c5581891-0925-4b20-bede-65556f08b750,Good,5
b59c0f68-7833-49f0-8f5c-1dee25bc4bed,Tik tok steals my followers,2
bb942240-5f74-490f-b3a4-311c2d516b59,I love it its just doesn't work on my phone,2
7484174f-3c7f-45a0-a137-daf008146347,"This is a good app, but there are some people who are rude and accounts that are made just to bully certain people. I had a great experience with this app until my account got banned, and I never got to see the reason for it. Then, I was unable to get onto my second account and had to make a new one with a terrible fyp.",3
70e75e45-492a-4501-8450-941aa764811e,SamadAli 1295 .,3
0258a889-217b-4b08-ba3d-1a1b83c4946c,Nice tik tok I love you,5
dd0a78a1-2eda-43ea-9320-3d81d38ac33c,Won't access,1
47b847f5-a141-4aa1-9f96-594674b4bfae,Good,5
f523185c-3ef2-4411-b317-cd3dbd9d8324,TAJUL L,4
796c77fc-684f-4b26-afc8-d3abec09dc2d,Nice,5
7f70a4b6-6326-440f-ab12-960880aba515,Good,5
1e1b02e5-7d76-40e7-abd6-cca8bbf61e74,So good this app,5
1e665168-86bb-4371-b7eb-83cfbaad83f1,Good,5
5f3c215e-6c22-4aa1-9669-90e1fe64cc43,Please fix the notification icon it's not showing when I want to put on notifications for a certain profile,3
044cb2b9-187c-4c4b-989b-6f4666328acf,Afzali ali %#🤩🤩🤩😚😚😚😚😃😃😃😃🤐🤐🤐🤐,5
073b520c-2ae8-48c1-a989-cd578c81dc39,khan12pindia please unfreez my account views 1 millon one more video,2
1c135f06-a951-4ba0-9669-e746e4d9e99f,Its very good service,5
6b9ec24e-ecb3-4c0a-a3e0-7d7e7764b435,This apk is very impressive 🤔,5
aafb223e-2e3e-4467-bdac-5c90b4208be0,Etrryy,5
40409cfa-a45e-4172-9622-3359209ebf9b,"Service is horrible, customer service is just AI which does not help you. My account got hacked and suspended, I have written several appeals and nothing.",1
bd44353a-bdcc-4a25-865f-8443d8b25016,My TikTok had a bug or glitch it has no video and pictures send option please fix it,2
767968e5-efb7-45b6-b28e-fe5d0c83221e,I am very interested in this app lol,5
c0c0e7e6-fbf2-4014-aeba-3a81fa881fd8,A aww,2
aa8e1bd1-60c2-475c-9159-2c0ce46a7c8e,"The comment section sucks, it mostly erases replies in the notifications and when i try to read a thread most of my messages don't show, when a bro has to have a conversation with someone, the bugging just makes them look bad...... Impossible to comprehend or tell the timeline of each message",2
359b8de7-d2c6-4f5d-8c00-a3fb7ba8c52b,This app is really workfull for everyone for his experience or his movements shortly and also earn money from this app i really appreciate the team of tiktok because they are able,1
43949cf2-897d-4a40-8b7f-4abd409f7c41,I like it so much too Tik tok that's Beautiful ❤️ apps,5
e3c67c46-8561-4e06-aa93-aeec285c8972,It have to more better☺☺☺,1
7be3ddce-59f7-4919-97fe-4ddd86825eac,Owsam,5
3cf1bd32-7ad6-49e1-a89d-cb46c4501590,Trash,1
8f6026b4-4808-48bd-878a-8b6d51ce334b,I cant favorite anything anymore its like the button dissapeared,4
4db6a0b4-3a90-4500-9329-ae49da219b3a,un,4
e619c77e-658b-49ca-a90e-d57cea510036,Nice app for TikTok,5
fc3dc700-8d11-40b1-b6b6-129370e5f552,Daniel Ally,1
0dfb6aa9-2f34-48dc-8915-de8af0146904,Very gooooooooooood apppppppppppssssssss,5
2a4f49d0-44df-4262-a7d3-3e7d70b49ad6,"This is very ridiculous, I was peacefully making an post and then it kicked me out of the app, I thought it was a lag but oh boy I was so wrong. I opened the app again I saw that I WAS LOGGED OUT OF MY 6 ACCOUNTS. For no absolute reason, happened to my friend too. Absolutely ridiculous. However, the app is pretty great. But this is the bug that absolutely made me very sad. Logged on my main account though, couldn't on my backup. please fix this problem.",3
5dcfb294-15f2-4c62-a855-007cac2d52fc,WHY ARE MY EFFECT GONE BRU,1
227a64b4-c559-42b8-9663-6d679189c553,Please block or boycott this app because it's Haram app,5
3683db29-9a4d-49db-9995-0c485dfb5c89,Wonderful,5
5660db21-775c-4606-996a-6a9c9199f608,I love this app,5
38d1eaf1-6ad4-4318-b854-65cb1575f6b7,Good,5
bbf9156f-4c8e-4cc5-8083-44080123dd9e,Good app,5
20cebea0-386c-4f44-a371-071847beaf49,❤️,5
12ceeb2f-da61-4900-bbff-1fb389ec516b,ليس جيد,5
7a0471ad-d991-4ccd-a348-8d860f8ea01e,Invasive,1
99414dc0-9af5-4902-9e3e-f500d001ff05,"I always enjoy this app because,if u are bord and come to this app u will be happy at once.",5
a1f0b0b4-4938-4b8c-afe1-44222527b769,Good,5
8140ae4a-8f72-44cb-a462-98a1d011e6ee,Simply horrible,1
5069979d-ae8f-4a36-b6d6-d357e3e9102d,Good,5
c05991c7-3a71-4862-a506-49aa769b4378,Best app on the internet!! For REAL ONES!,5
0c317c84-8bc1-4003-ba83-0f8fd9b51e37,Very very good app,5
011c67b5-95c8-4abd-b01f-416b0165ca24,I can't updated this app what I do؟؟,1
be5afc75-715b-433e-baab-271ef7c80c64,تطبيق رائع لكن بعد ازاله الريبوست اصبح تطبيق سئ للغايه واتمني عوده الريبوست,5
65ec6cc0-79d0-4ec8-aee6-185f324e4897,Islamic and basic videos,5
c16b3861-5829-4188-b580-0c3a84773b0e,Very good app,5
c5b9009d-147d-496e-8332-ee9ab34449ec,Top,5
97067bf5-63c0-4a07-8c45-eea995fd96df,I had post a video about one of the rkelly stuck in a closet and when I had post it I started to scroll on tiktok and 1 minute later I got banned on June the 12 and I had to wait till June 29 so pls tiktok get this fixed I got banned almost 5 times I beg for yall to get this app fixed!!!!,2
113fa65d-0f13-44c9-b163-03389d48db61,Good app,4
acc73a06-9146-48ee-9a54-ac1bcead6efa,নিরব,5
ffc33559-3bac-4a18-a46e-e0f610afb3f4,Great app 👌,5
1444f751-b010-48db-87eb-d56298d55f0b,Horrible Just Horrible,1
b1e47717-cb87-48dd-857b-2f9134412552,I can't enable dark mode,5
742f94cc-32ee-48dd-b15c-fbbe4c1b18c1,Reports dont do anything yall just let everything slide on this app not surprised why they want it banned,1
d42c32fc-5924-4f20-8568-45498fdc52ca,Brilliant app💥,5
c315f285-7c23-40f6-9592-6f61af40b405,It's a good app. We can post play games talk to family and friends. Only problem is we can't send photos,3
4cea94dd-9edb-429c-bf20-4878126d970c,I don't like the pop up ads.,1
bb5f5042-ecbb-4ac9-9dbb-f9779f1b6414,Its full of lustful content,1
253b4b42-73b9-442c-ab16-eb5833d7cea3,I really like this app as I can make a lot of videos that's an amazing app😍,4
94e33a5f-f6f3-40fe-9060-71a927ffe5ca,I cannot get help from ticktock my online starts keyboard keeps jumping around. Can't comment! They make impossible to get help. No it's not my keyboard. It works fine in every other social media platform. Can't get et help with. They do help at all! If anyone knows how 6gey in touch with help from ticktock let me know be they dont seem to want to help me .....,1
4da3928e-a5cd-4503-8b80-66ec7e4d6609,This app is so good,5
f0a141d2-9a1d-4352-a890-c35c4b4664fa,It keep going out,1
f7d6423e-bc26-45c2-a485-87f600550ede,Tiktok.team plz viral.my videos my tiktok I'd Quetta_king313 thank you,5
5e7bb339-975d-4b4b-9b17-924595bf5c30,Pruo,5
e6042858-b16b-4404-8ec1-319d0a8949be,godd,5
7c690826-b657-4e10-984c-c739288700a8,Khanpstan Afghb,5
6e1c925a-f222-4619-9fa6-f66cb598daf0,Wowww,5
0080cdb9-268b-421f-b52c-9184980d0ba7,Luv ticktoc lol best app,5
01ceedf4-c053-4c56-a85c-0eca33c0bf37,Hi dear TikTok I am a new using on TikTok application please check my new official TikTok account.... And viral all videos for you page on TikTok for you page @islamic._.videos.5,5
5dfec915-4cf5-484b-bf09-1addeede9f9a,"Community guidelines are, always have been, and always will be, garbage. Who are you trying to protect? Liberals? Conservatives? Christians? Muslims?",2
e49442d5-1c8d-4060-b853-2bfc8e047c66,Just....,5
6fcefc23-a5f4-4027-a8cb-1fa9c6573365,C xgza@a•@@AAa••,2
9975bdee-360b-46af-ae59-899005c8d60f,Too much brainrot my attention span is getting lowered by the second,1
998d9403-94e4-4c7b-8e96-7a643a2f27eb,"Muy buena, pero me eliminaron mi cuenta @_denki.oficial_ porque decía que incumplí las normas, pero mi contenido era de Gacha Club y no hacía nada fuera de lugar para esa aplicación",4
944326f2-c0f3-4c57-a1bb-b56d20bb54b2,"Tiktok is getting laggy, what is happening. Its keep on glitching when I record. It is still entertaining but pls fix the problem",4
131e4f91-6196-4e3f-81d0-18b32fea65e5,vijesh,4
1ed6ceb5-42b6-4631-865d-d368b0b44f70,Very very good no complaints from me.,5
78c6a9d9-f547-4e60-9609-fb32a1e3cf5e,Good,1
7b001e64-034d-4310-bc4b-4dc176a0eb4a,Wow beautiful,5
5ffea7f0-d841-47ea-81f1-a1cca0150c9d,Love it,1
07c574ab-e28e-4b9a-b01c-6fd559e851ee,It's a fun app but sum times it don't work,5
8fdb3e4e-0938-48ad-bbd3-1709cef41e53,It f rug me c ft 7 if ki good x red we it to l hi u,1
a31c9fe5-5bbd-4324-8578-6500aeb14ba8,"For some reason, the app is soooo laggy, no matter how many times I close and re open it or restart my phone, the app lags, I've even uninstalled and redownloaded the app and it only got worse!",2
e7e76acf-b3a7-48d2-91fb-a5ad1232e8b3,Please 🙏 unfreeze my TikTok account please 🥺 please please please please,2
630aed54-7f09-426e-b244-18ad11130fe1,Bread,5
5d2c8a8c-6d86-466f-85de-b268ccd5a203,"The one I got for sure in Lindsay California 93247 is a hacked app, do not recommend!",1
0e1dcae2-3a65-43e6-ac40-01901d99d8d7,THIS APP IS VERY GOOD EVERY ONE SHOULD GET IT IT MAKES YOU HAPPY WHEN YOU ARE SARD,5
cdff1fc4-fcc4-4eba-8f3c-31fd47335305,Why once in a while the volume is not wrking? Other than that love it,3
7f368aa5-668f-4ffe-9c45-75ca93168baf,Good,5
3f49cc3b-3910-457c-b9b3-d13a1abbcb6b,Ok,5
06113ecc-9670-4209-81f1-d557f55b1b6a,"Horrible, cringe, site. The people you use this are all five years old.",5
f7c0ea68-672a-46c8-a710-4d170f9a1635,Need a mute button visible and usable at all times. Make it a hold down option on the music please. Single slides can now not be paused often and loud music plays on repeat while reading.,3
de510c18-3043-4a8b-a375-2ef62fc1e185,asikur1270 iD plis back 🥹🥺😭😭,5
a0044c1a-65e9-4143-aa96-cdbb9326358b,Very nice app,5
36fc1dd1-8d1f-4a99-bcbb-55d728d9abc5,It was an good app before you guys started taking down my videos and taking away my freedom of speech and trying to say I was breaking the community guidelines when I wasn't,1
f1ec122d-ed06-4b3a-baa5-0af1a8e81a94,Cool 😎,5
048fb5de-2482-4988-b981-f3b8baa84475,Erm what a aigma,4
a728a0fe-7d36-4ded-96b5-807a11e0ca16,Good,3
a8f38576-38ee-41af-ae47-a9f85ae9a185,"This app sucks , my original account got logged out by Tik Tok itself , when I tried to get back into my account they wouldn't let me because my phone number was my old number , I proven it was my account but they wouldn't help with access or help in fixing the issue , made a new account and it won't work and show accepting followers , I've closed it out , made sure it's updated and when I accept followers it turns back to red like I never accepted it ??? Pos garbage app in my opinion !",1
bdef0ea3-10b6-4338-b2bb-10d0cd7b2406,💕,5
2920e9cc-80ab-468a-8ea2-b22dee0317ff,This app itis very good any messages and short video send for anyone friends and to seeing anow things,5
78084aeb-cb07-4236-ab5f-b502a1f916f4,Love ❤️,5
0c2cfe45-8ae0-49e9-93f9-e07739faa5b9,F tiktok,1
66be962e-07e4-40a9-bef7-bd21a8e4136a,THE APPLICATION IS VERY FANTASTIC,5
490dfa01-71cf-48f6-98de-02fb9c9cbb96,The app Is very cool and each time u get videos to watch,5
409192aa-d86f-44c5-b5bf-cdfc559f557a,A very good app for everyone and thing,5
97ad80ed-4849-4470-99b0-e64b03fb1dc1,Weird rules,1
efd97f3f-df35-4c60-a126-78f24e3bdb20,Don't put me in that category .,1
a0f1833e-979f-42cb-a12e-5764374096ca,Autistic app,1
7bb55126-f2c3-41a5-b4f7-d164456c3522,Trash,1
d94915d9-39da-4aa5-be3b-73cc819bd212,5 year,5
4426ff33-5dff-47cd-85ff-951a20a515b1,Chibuike,2
f372a1ed-c534-46cd-8b89-0b64a92e2c1e,Id like you to re evaluate your life choices and change the search because it's crazy how you can hate God and Jesus and vids show up but hating gays and lgbtq doesn't show anything this app is biased,1
5f1de806-0e04-4ee7-8959-b1edb8d688e1,Excellent💯👍👏,5
fd0a4184-ca7a-4f2e-8d44-8cf5adc89d8d,"Recently, the 'Following' tab doesn't work like it used to. About a week ago, it would show you almost endless content from your followed accounts. Now it just shows you a handful of new ones, then starts showing you old ones/ones you've already liked despite your following accounts having TONS of new content that for some reason gets pushed to your 'For You' page. Also, I wish when you used clear mode, the ""live videos"" button at the top would go away.",4
53ffb171-435b-4eaa-afa2-4119b0ecf151,Good luck to the TikTok,2
e735376d-336e-4a88-ace2-5bdc001f5ccc,Nice appll,5
fc63e58b-c38f-4d2e-866a-e954c3d7eba1,"fun app but we should be able to save comments the same way we can save tiktoks, sounds etc. also the ads have been quite annoying lately",4
67e8d71a-7e2a-4c91-94e3-297a2110c9fc,"It's getting banned so I decided to go on it for one last time. I just wanted to use the effects. They should've removed the starting thing. For higher quality in my opinion. It's kind of a win. It's also a real deal unlike PostFunny. I just don't appreciate the brainrot. Thank you TikTok for short form content, trends, and more.",4
78a43a95-8c80-41a4-83e8-c21dbd650d08,For some reason when I send a video from tic toc to a friend on messenger I try to review it on their messenger and tic toc wants me to download tic toc and I already have it 😳🙄 WTH 🤷,2
6926f167-6c81-4b8a-9ad9-ec313aaec9f1,🍑,5
093ad735-2e97-4176-8836-6e0b6e646bf6,"THERES NO DARK MODE FOR ANDROID!! I have a physical disability and my eyes are EXTREMELY sensitive to the light!! I can't find how to turn on dark mode for the life of me, I have EVERYTHING on my phone on dark mode apart from tiktok because for some weird reason you don't have it for android!! Eather that or its extremely difficult to find! Other then that, it's great 👍",4
d9bfad75-bc4e-4ec4-9a7f-300df25e0cf9,"If i get banned one more time, you will loose a customer.",1
3f9cf075-88ea-4e46-955b-bebfcc6fc10c,It permanently banned me for no reason,1
4796842d-941c-4fdf-b677-20d2c9acab47,"I absolutely love this app. I love how some of the things I need to hear, see and feel encouraged to do and go through it whether good or bad, I know I'm not alone and God helps me through all using real people to help me that doesn't even know me.",5
943afa7e-b9a3-4dd0-9839-6e78a06d27f4,Love you❤❤,5
17e4506a-fce4-4bb3-b019-3161d47a8d3f,Why does Android version doesn't have dark mode?,3
82b046c6-7df4-488f-9370-e91829f46809,Very good,1
fd32469e-d771-47b5-93e0-5666ffe8b2d4,It's a great app I like it,4
3791a9d5-17a0-4b06-84c1-c039534bc3f5,Not bad thanks.,5
5dcf19e1-c31a-456c-a545-2d79a0fce9af,Watching tiktok,5
debc623b-0052-48f1-a8f7-5639ec4a13cf,The application crashes while browsing,1
5fb40ec2-fbac-4efc-9b96-40d6862aa0f3,Don't like it,1
591b7bd1-eb31-4656-a40a-5f03961cceb3,It's a lot of fun. Very powerful. Enough to crash most operating systems who have not been upgraded.,5
1d0abed4-15d4-44ad-9e7e-88a9a1aba69b,Good,5
7a7a9712-cdc9-4018-a274-b8bb3d76f303,Love it,5
aed5545c-3b52-4901-92b4-fc6ffd97f36d,This app gives me new songs it gives me new ways to style my hair and it just has very funny relatable videos overall I just love this app,5
bc166257-48ae-4e2b-b0ec-23bb8e777d05,He comments badly and does not save the videos. You have to correct this,1
f8b98b1c-334f-4758-bdd3-14d9f47692fa,im having fun,5
c2f14374-53e5-4742-b4b2-d59cb9506bec,ANI sotiolmideyaa Jiran Hunda Keessaa Tiktok Bayeen jaalladha Wly,5
3d116242-d0cc-483e-af51-69e4ad627cfb,Photo video,5
b43950af-b904-4cbf-9475-75de5757016c,Garbage app,1
da45017a-01c1-4e8c-b396-0a924125f566,I love this app so much! But I just got primarily suspended from receiving or sending messages only because I asked for my cousins Snapchat! Please go over your guidelines. Please send me back a message.,1
6f115666-fdb7-4d27-854b-b3e0b1123acf,حلو,5
9e989024-3f7a-4f9d-b596-71b8bf81a750,Hey good app,5
498f7bb2-e008-4c61-94e7-5ff010077f74,I don't understand why the repost feature keeps disappearing.,1
03655c69-c7fc-493b-9c2f-541a6b3898a6,Hanging why,5
6c8ece5b-d815-4d6d-883a-b05c793dcef3,I am re-downloading the app to see if that fixes the fact that I'm unable to follow people🫠,4
3a6b1aeb-6145-4c0f-9e64-2d8f87c96f1a,Three years expriance,5
c19450f1-c8f8-4f55-b69d-4bbb615917b8,I don't like there rules.,1
efc044b5-fbe7-4ecd-bfc2-ad5116e5b048,I love this app,5
7b0d2251-94ec-41b3-bb63-a1ff34a85cdd,Abdurahman Hassan,5
5c423e14-d9be-4ea7-bda2-1a9be9710620,Hi tiktok mera FALOOWBAK nhi ati follow back kart ho follow ho gati hi ki bat paless help me,5
09469c40-a710-4123-8211-7a981253b9f3,I'm getting strikes for violating community guidelines I called my friend a dum dum an I sarcastically said I hate you,1
79a4435d-e9c2-43ab-80e5-e13afa092295,I love it,5
12b13335-abf0-4ba8-a7b7-db73ccf66539,Happy,5
607a0b6c-e34b-4d6d-9d5e-7e396f0f072e,dear tiktok team.i have many followers but everyday my followers are decreasing 1 by 1 please solve my problem this is my tiktok user name ..@ranasajidali78980 thank you,4
8d81a5ce-f17b-4da4-add4-79c26bcdb254,Good,5
5a25807c-2e82-4734-ba5d-4d137ac8cba7,Ok,3
5c78530a-8e3e-414a-a299-d54dbcbc0700,"I've been using this app since 2018 and it has worked just fine for years but recently it won't let me open it half of the time and i have to delete and reinstall just to let me use it and then it keeps doing it every now and again and it's the same cycle of uninstalling and reinstalling just to get it to work, I thought it was because I've had that phone for a very long time but I have switched phones now and it just happened again.",1
46f7650c-24db-42bc-ac5c-cef228e5416c,Good,5
7ffb6052-7ebc-43c1-89c8-0732ba5ec9b9,"Useless app, they put you restriction for everything, I hope I gets banned in the US.",1
571e5173-fd30-436c-b49b-f8073465c1ea,Ok,3
1c86d44e-66f8-4d4c-be94-c7d6aaa2ea6e,Life learning.,5
d7fbdc4d-b597-4771-a18a-c651aeed846c,Ok,5
6de6b507-2ed5-493b-9b18-45948aeb4991,My High Quality options/feature is not showing up please help me fix it,5
97787bef-167c-4990-bacb-230b61914944,I texted someone on my apps tiktok but my text was considered a violation,1
5deac647-fec6-4f07-a129-a96c38388171,I can't seem to save videos on my phone Every time i press the save video button the downloading is always stuck at 0% every time and it's not network issues,2
0c05c0c9-e3c5-42e1-b646-0cb9a14cec30,Like me video please,5
dcec6640-1fbd-4248-b21b-7e6332afe7c5,udo na Oganiru,1
1c3d77c3-9858-487a-9044-7a5e3df3cae5,Some interest content.,4
7cee1032-82db-49f2-b88d-ef921ee6a156,HY there TikTok team kindly update my unlock version All country region for Live stream,5
1f895abf-b5e1-4106-8190-a3877cbea297,I hope people will use tiktok more for business than time wasting.,5
1d1b3a34-a057-4733-9517-af25c3469d59,Please if i want to open this with phone numbers he will not go,5
7fb2b7ec-11bc-4c39-8be5-aec2b2c7e7a9,"Hey Dear Team I have 11.7K followers on TikTok but my account is freeze, I am getting less views on my videos please review it and reset my TikTok Account old account block why plz hapl me tiktok and my new account unzfeer 😭💔",5
acb53ed5-f600-437c-a387-9757956d58ee,Very good,5
2350da14-4a53-4a11-9410-7607b5f8e676,Helpful,5
896ddd9c-a32a-411e-8cdc-41a812726ddb,Sattar. jutt,5
d0e551cf-8f7b-4a7d-aa95-1e7b61212454,I like it,4
16f60496-32d4-4ae9-9d0c-644fa57d13b0,❤️❤️❤️,5
ccfae9ac-9853-4cc8-9611-1ca52721abf3,Dark mode,3
0060886a-47a4-40f8-b1ff-f795399c927e,I love the way people like my art and my story music messages,5
8de004dc-d5c2-4d8a-80d3-44b9aff047bb,ON my second account I CANNOT follow anyone. Each time I click the follow button it just unfolds me. I've tried multiple times to get it working but it just hasn't. Fix this soon please.,2
1aff3b27-844b-454e-9fc8-03adad4ab003,Nothing to say If you want unnecessary uncalled for attention from people you don't know because you're desperate then this is for you...,1
98459219-11cb-4d69-986a-03c1d8286353,🤍🤍,5
30c35386-2d89-4eda-a998-d4dcc1a9fc01,U keep deleting my accounts for no reason,1
ed5e7ba6-b607-4581-9193-219a3900ad2c,mosunG,5
487929d1-ace1-49d3-abcf-74391994873e,Good,5
c1584d13-3bcb-49d8-aebf-b05e8ff7467a,Cool,5
44e1d213-d9de-4d17-aeb5-406f345208d6,Many my tiktok account unfreeze please,5
0acf2e04-317d-49b0-a0ee-96b6b997d81d,Very Nice,5
722deba1-afe0-445d-86be-46845e87fc84,Billion,5
7134d13a-af29-49c0-a24c-ee1f14d09af3,It's fun,4
1c650f23-7a95-4ca4-9484-10acb71963ca,Mudassir ali,5
b234efa3-4093-4411-b8fe-e34161061574,اکرا۔خان,5
9f03bba8-b9b3-4cc8-8f9b-7d723957fc5e,Pick up pick up his leg Brooklyn,5
3ac6aa3c-fdbd-42ea-af75-52996cde0989,it awesome,5
3c53dae9-ef35-4d33-a7c2-995a90e4e504,خرا,5
cef1a440-faaf-4123-a69b-0ddaa4902ec4,"This app sometimes works well, sometimes it doesn't. Please look into it, troubleshooting.",3
11c1ffa0-6f60-455e-91d8-3b6ae445791b,"I want the old stories, the new one sucks very much",3
0d144200-ce51-444e-a2f5-73451f565fe1,I do enjoy this app,5
5a95dbb6-196f-45ec-9358-71dee1d886db,Nop not it just don't,1
3f6694da-40c9-4fe9-9824-545befd76c60,@cracktits,4
1f8fe85e-4141-46fd-b9d2-0d54b7a40b6a,love the app,4
0c08b688-d4e3-467e-9906-f9b4b5442586,not good,1
f430d5a3-3c57-4b51-a954-8909b1b7299c,Ioyhu,5
fe4b62c2-92e5-47ab-bb0c-d2717fdec612,hkhariskhan,5
614bf349-cf5d-44ad-8857-4adc6eb70f79,Saw byou rifow,5
b712bced-0539-4c65-8ddb-e31fd0a10dbc,Nice app,5
8ec6e2cd-abce-404f-8687-514f139683d7,Good,5
2def0069-a0db-4082-9bb1-535076884045,It's nisha 💕,5
9050350f-9710-4ce0-9a7d-68e0cf783fa2,Nice,5
5a6a4ae9-12e0-4148-adf5-f4f614923833,Thank you team community and my Children for everything,5
bbd591a2-18f1-4103-8be1-31e8d4be7e14,"Lately the thumbnails on my liked and saved videos pages have been going blank- no, the videos haven't been removed- the thumbnails have just mysteriously disappeared. At first I thought it was the wifi, but it does the same thing with my 4G, outside the house, and my relatives Tik Tok (we live under the same roof and use the same wifi) doesn't have the same problem. I've tried contacting Tik Tok, buy have gotten no response.",3
c5fc1d8d-ae15-4850-9ab4-9a51f5526f73,Very Good 😊,5
fc8adfae-c324-4770-9a8c-34a5cb844a0a,Amazing app for real,5
c71ecd7d-d7c7-4b8f-9396-4eba69ece33c,Why does the app keep crashing? Please bloody fix it. i hate it when this happens,3
fc02009e-422d-493f-8e6f-c566298de487,Good app,5
c91e1862-1fed-4d71-bd03-28c91337a5f7,TikTok always make my day 😂😊❤️,1
84870a5c-a2e7-4ada-b54e-5689bfd1c056,"He gets in a hard dream. A woman tell you this much. Fans that are females. They Luke, Evans likes to steal money from you. So you'd better be well beware because He owes me99.999.99 . And he owes me 69 thousend for killing my dog cause. I was supposed to have my money back but never received it. And I told him that on the 17th of each month. I need to be paid and he never did pay me back. So he killed my dog for 6. $99.99, so he better.Returned all my money and cash bye bye this week next week",1
f5578f60-0de5-4385-af77-5b04da9dd501,I can no longer stop the sound/music when a photo is attached!! Kindly fix that,2
abead76c-2ebd-4962-91b1-b5549c367cbf,Nice app,5
8db112b2-5d4b-47d9-9478-843c84dfba4d,Is a nice app,5
1cd4f10e-7599-4436-a7d5-bfa314d31d63,নাইস,5
627c6a80-9ad3-4ff9-8621-73a7db6ab09a,This good ap but please give my account back please 🙏,5
0d757527-c673-45f6-9138-ac49186af736,Amazing 🤩,5
9294a36a-9e23-4b95-8719-68c52c6aae96,I don't know anything about,5
9698b531-ac24-4499-ab42-253f81246de4,"Tells me to update everytime someone sends me a video and when I try to update it just sets there and buffers and never updates. Used to be such a good app, now though, not so much. Nowmletsnsee if it will let me post my review, i seriously have my doubts.",1
b803755c-67b8-441b-9075-646ed805d44a,Good APK,3
050227a9-8077-4b57-a453-0fa50ca84fbc,Poor experience filter is really good and overall I don't like this Z,2
32465efe-32ea-45a6-8a84-9fcbab954cde,"Doesn't deserve even one star. Is literally the downfall of the younger and my generation. Used to spread so much misinformation, inappropriate trends, and brain rot the young minds who will be the future of the USA and the world in general.",1
9b397d5c-4d9b-4b6c-a8a9-814483f70b28,good,5
86fda2f5-e5e6-47e3-a58f-57ade18cebea,Excellent,5
e884a177-c303-4202-8425-2d15a684def5,عبدالله بوه,5
bb529d10-2fbc-43ac-8665-476b42059f56,Please support me users.. my user name is imranf053..i will follow back you with in a minute,1
3d602e91-b755-474d-a385-5f2d35fb5f71,"Vvbvxvchjcçbbbçç vhf CBGB vbchugging vg chugging CXC CHG ggç c Ng BNC nncn ,nnn. Vnvn n. nvvvn n bn. B nb. N. ص. ...",3
cd97d0e2-a50c-4c1f-bfe8-8f3070ddb0bb,"When I look at musically I just get an imagination of cancer, Satan, 
horrible",4
f5588a28-58f8-4c2e-b7b0-7dda48814052,uuq,5
8414526b-cbb4-4e62-9a41-483cb0950e2f,So far so good,5
a8ebcdeb-3116-4924-8fbf-c2233fd47b11,"This app must have been designed by monkeys given keyboards because on what planet should pressing the back key when looking at a video on someone's profile take me back to the for you page? Do I look like an alien to you? Where's the quality assurance when you need it? Because this app obviously has none. First year college students, not even CS, could design a better app than this actual dumpsterfire garbage ""app"".",1
b592bd5b-cffd-45c0-9f96-4a043f8f6997,SAjid Ali Punjab Police,5
50d658bb-321e-400f-a9c5-278937d6b44a,ZamnG Dpra da app Tik Na Dii Plz KaLaR ShY Tii Syeda. 🥰,5
ed10da06-38f1-4482-ab69-71ddadb29af5,Love it,4
42f29195-914e-414a-ac4b-5e86e3f1bdfe,Good and fun,5
72aec084-d1f4-47c0-806b-9c286f5ea1c8,Good,5
b50fe494-f601-4aab-aeef-0b8af173dbee,"I just fine it hard to talk to any time and no nudity that is so crazy , really I enjoy every moment thank you for are time together! Just joking about the top part.",5
f94e40ce-b365-4e01-866c-8447420d9bf0,"for the love of God, add dark mode for android🙏🙏🙏 ALSOO PLS ADD A SCROLL SIDE BAR IN THE FAVORITE PLSPLSPLSPLSSSSS🙏🙏🙏🙏🙏🙏🙏🙏🙏🙏🙏",3
1d20133a-19e2-4e78-a954-ae44d74eb0d8,"It's an L app. I love the design and settings and how everything is but the community is making me insane. It basically promotes. Sexism and other horrible things. I saw a video that said men should have curfews and should be in jail since birth until they ""prove their way out"". This goes for both genders and I saw necrophilia and pedophilia in the same video. It's weird because these edgy and downright horrendous videos are blowing up like crazy. People are getting popular for this ._.",1
87b50137-b238-4806-a8ca-a8eae27d3cd8,Brinco,5
f2ab9773-a1f5-4071-8df1-7fa7d23e6fbc,Good app for the intertainment,5
10502bec-4abc-4eb2-8dd9-d5eb5b093678,Like and view or Follow and Shar helps TikTok teams 😉😉,5
0d65e7b0-794a-4b4c-ba9d-22c7bf00a58c,Infinitely Grateful,5
3d4ba600-c673-4150-b2c8-938f6189184f,Hi dear tiktok team plz viral tiktok account plz,5
3bd0f0b2-16d4-4bcb-8253-68b8fdeea9a8,Dear tik tom team My account was frozen 😭please unfreeze my account,1
051bac30-6fd9-46f2-b944-9114b0fa9b42,Pure Brain rot. Don't let your kids use this,1
de2718b9-300d-4a56-8a09-bbe19d81d7dd,Impossible App,5
54d90c58-ed8f-41c7-a4f7-e9707154bdd9,Tax,5
61ea036c-5b21-486d-b020-c9009c781dc3,Good app best,5
a8e61be4-5e86-415c-99b8-7323edda7f50,Aliwaqas,3
14593140-27a2-4fb9-8d10-e89e0834d13a,I'm..ظں ۔۔. O. G GG lol l,3
9bcc74d9-bbdf-4d51-a9fd-77977ea91756,Good,5
f682465d-01c2-43e0-a320-fee8ec7884cf,Real,5
0481211c-1cbc-4ce0-afc9-ca10658c3da4,Very nice 👍,5
a81ca240-9d3e-4afc-a495-605ded6f20fc,Very nice,5
1536111b-93c4-449e-afb6-9bbf9d3e4588,Snowflake app. Can't say anything without it removing your comment. Yet it promotes ridiculous ideology.,1
392550bc-d3c4-4897-8334-fd3d84b01a92,Just a source of doom scrolling that doesn't even open the video that people try to share with you. Don't waste your life with this app.,1
d380585d-69d4-46bb-8423-4bf17b42f7dc,Cool,3
501e5ce0-b3b7-4d06-8230-17025d8e4dbe,At the moment there seems to be a problem with some videos not being able to pause it's been this was for a bit now it would be nice if fixed.,3
c0adce93-3272-43bf-8030-d837275a4744,They always flag your content and streams with petty violations. They will turn your stream off for the most minor thing. It's weird because I live in America and the things they consider to be violations are the most kindergarten things imaginable. They can't afford real support so they have thier bots do everything. They don't respect creators. They just violate them for petty things without the staff to review any of the incidents. Someone needs to buy it and change the rules. They're insane.,1
68eb0127-7d98-4a8c-a2b7-bfeae109d1d5,It's giving more interesting,5
39837415-e2b9-4b8b-a898-2a089fd04a46,This app is very funny,5
629109a6-decd-4e97-ae7b-f836059931ec,MONEY,5
2183c325-1e03-4a5d-9a45-e324330378f7,Tik tok is the best,4
62cc867b-f813-4c45-8d31-b2789bb6a8c3,Aв,4
2dc46b71-3354-494e-8448-3c18032ec202,i hate the new way to save my videos i just want ot to be private for me like the old musically not that confusing way including draft...etc,1
a42997c8-f8c8-4eda-90ef-9b952981626e,Love it,5
25a18826-9048-4019-94f9-ec6468f536e0,I can not updated my tiktok place help,5
865c2853-5a85-4cdc-8763-120ae3fd41d1,Hello tik Tok team my video for you my girlfriend Meri video call upar chadh gai hai please ringtone my video for you please my account for you plzzzzzz🥺,1
1a6c6d2e-9a65-417f-9eb0-745b4a46e65f,Guidelines are too strict. There are better apps for live streaming anyway.,1
d3a88a2f-7048-4f0f-8961-b4d8987d553b,Won't even let me login anymore.,1
0be1bab0-c1c5-4dd6-be10-57f2cfff2421,Bad for Galaxy fold. Does not support tap the edge of screen for 2x speed. Live stream are displayed cropped out.,1
8c963b7d-04e0-472b-b24a-519da319f2fe,there should be voice comment option in TikTok,3
5166bf84-ad99-4cd5-8034-25915d42149a,Hello TikTok tem viral my account,1
04d60b25-e019-41a1-9561-26e478c6d6fd,"This app sucks! It shouldn't be HARD TO UPLOAD a post. Facebook and Instagram have 0 issues with posting, so I'm not sure why an app based on ALL video content is so slow to load a post(fail to, 90% of the time) Updated: 15 days later and the problems persist, i have to clear cache, clear data, force stop, uninstall and reinstall, restart phone, just to get a 30-60sec video to upload. After all that, it sticks at 60% or 96% then says 'upload failed' Support was ZERO help. AND music won't loop",1
17b12f86-3e31-4b07-a411-66300c9b0196,my love tik tok.so you love me .your hellp me,4
166842ed-829a-4abd-8716-77a3d494b05d,very uhh addictive,5
cd293da7-5498-4a60-b50b-0e992f3e53df,IT WONT LEAVE ME ALONE,1
186c23fd-cba0-4f9d-be26-6f3063bb7d5d,Boredom curer for sure,5
1934cfd4-4c01-4adb-80f0-dbb8dab1a54b,Goood,5
9f1c9254-6cc6-4665-a6d6-f403d17805f5,Bad,1
55302675-edda-4750-819a-9349f77af081,BEST APP EVER,5
0af7ec56-86ba-4567-9171-d0b199b4a55d,Why is the creativity program only some in countries,2
73b36d15-d281-437e-a325-ef17856cf239,Azman,5
fc5e1796-d6c2-4e39-8a00-d84b898bb5cd,Ah well,5
fe8bf796-863f-4a9c-891a-a554d193093a,Worst app ever,1
cec3a072-f131-4403-80ce-8cb1e946969b,A Love you,5
1dbdb9ac-609f-4372-b861-e78ea911186c,Tecno,5
0854800f-2f39-4a0d-a360-d5f2a1ca6d73,Okay,5
00cd3a28-5c02-42fd-a4de-16a5e05f1135,Good,5
6ea49b50-1f6b-4495-8236-12207396446c,Everything bead very clear,5
b1ac45ad-e3d2-4cbc-9ee5-62f9018c3844,"আমি চাঁনের আলো,tik tok",5
3cd2baf6-215e-4118-bf1f-a02309a99ce8,Video foryou hobe naki,5
43ee1d88-1dca-4c4b-8631-cef6925cae80,Love it...no words to express myself,5
a17d62b5-8fca-4f85-a6ec-65b11aa2331b,Nice,5
f4e6c3f1-37e4-4e6d-bc04-a4b152d0bd23,Congrats,5
ac644372-ddf4-4a11-81fa-8fac08d7428c,Tik tok,1
a58edf4b-f641-451e-8113-8425d940a4f3,Using tiktok is useless because you will work hard and upload videos after few days tiktok will freeze your account and you will be surprised it will stop the views that is true,5
656cd763-2d2f-4383-ad32-8acbe72d57d8,I love the app,5
3fcf7b67-e1d6-4198-9df6-6f496806827e,افتزاه,1
85aea220-99d2-4ef3-a80f-504605bc655f,It's awesome app to all aspects.,5
99b37ae0-e0e4-4a70-b827-fbc5210e714e,What a good app,5
f5a49b58-bae0-4d27-be6d-6841c797bc42,"Usually, I enjoy every feature of this app, but recently, I got a warning about me saying something explicit in a private chat what I said could be taken in this manner but seeing as this is the first warning I would assume and as it sais no action would be taken against it. But suddenly, there is action taken against it, and I now am not allowed to send chats or videos to my friends for a week due to ""multiple violations"" even though it's my first warning.",3
acfb9973-caae-4f35-89fc-dde21bf2da6c,السلام علیکم!,5
36624ee4-4669-47a0-a8af-ec6f69e36397,This is the best app i love it,5
874bf506-1489-4db0-8700-f9e13f0eaeb5,Excellent,5
5ed38a0f-23f3-47a7-bee3-f72cfd24a1eb,Virtual stupidity,1
9bed134e-26c0-4423-8183-e2aeca741e6d,For important information,5
db7510b6-14c3-4b25-87b1-795844dda7ea,Dear tiktok team it has been more than a year since i started using tiktok and uploading videos on the platform. I have 53 videos in my account and none of them got even 1k view or has been on foryou page i have my account with the username itx_anonymous_khetran. Once i tried to contact you on whatsapp but i got no reply. Kindly pay some attension on my appeal. I will be waiting for your reply ... Kindly put unfreez my account an establish my videos on for you page. Regards itx_anonymous_khetran,1
ba60243d-1f87-4522-b414-0e6bf4bd90d3,Yas,2
ebd373a7-8438-4e94-abe5-317990caa455,تطبيق جميل لكن الدعم به ضعيف يرجى حل المشكلة وشكرا لكم,5
13d801be-7384-4b98-9ce7-ac6ce2d8d985,Ban it,1
8b63b589-e372-4291-af98-8f16feff51e4,Plz tiktok un freezing my account 😭 plz view 10k follows plz tiktok plz viral video plz tiktok un freezing my account and vedio foryou plz tiktok un freezing my account and 😭😭😭😭😭😭😭😭😭😭😭😭💫💫😴😴😴😴😴😴🥺🥺🥹🥹🥹🥹🥹🥹🥹🥺🥹💔💔💔💔,4
d34911dd-95b2-40d5-9b6e-676909deb9aa,Won't let me open when sent via messenger despite having both apps??,1
2f62a752-b27b-430e-856c-9ffaef347647,Its really interesting to watch amazing videos,5
527b8927-36a3-4fb0-84c3-4008b612d599,Goo D,5
d0444665-cb80-4646-9797-93e5102267d8,🥰🥳,5
a7a162e1-2046-47d2-9a6f-d4ea74d631fb,Server Upgrading problem 🙄,5
98ec8e64-abf2-4219-90e0-3b52e41aeae6,Good apps,5
a904f788-f47c-4bcb-954a-4023d8de4f59,It's cool 😎,5
6da2687b-0daa-493b-9354-5e3a2511f02e,Dear. TikTok Team Please 🙏 Unbanned My Account Please 🙏 My TikTok Is Not Working Please 🙏 Unbanned My Account,5
6d812c0e-1281-44fe-ae16-642c96a6c117,This is good app 😍 I love it ❤,5
e28aa357-5842-4d0b-be5a-dfdbe86f021c,I put in the wrong birthday and I got banned I have sent many emails to tiktok saying that and still haven't responded to me so 1/5 stars 😡,1
433a9ce4-d845-4b83-9b49-7c2131f8ccc5,Good,5
85449714-1d29-4e09-b1e0-087cf442e186,Good,5
ae5b3ce7-97ca-47bd-b4bb-46bf934bac37,"Worst app ever!! This app alone has put so many children at risk! This should be for inventors, business, teaching etc...not an app that just anyone can post on. Take some responsibilities this app should have an overhaul and that should be the change! legitimate business.",1
4c2aa753-5af1-4a58-8504-e70c4137cfe5,Horibled,1
0d15bd67-ed86-4571-a34b-40ea6ba8c306,"Hello tiktok team, I am sorry for my mistakes, I can't send and receive messages on my account. Please tiktok team. I kindly request you to unlock my I'd from this problem. Username sahil.khokarsahil",1
f2d8ffa9-7c1b-4b93-ba67-2acb1e9fe14f,☺☺☺,4
307d6ab1-4c92-49e8-97c9-5ce3361759e8,Was nice,5
a0d5b6c8-bf86-49d4-ab73-86aa81ea2823,My favourite app,5
d0e91301-8a1e-443d-b884-8b4e37975b2d,I always find new things,5
7e332c3c-0c15-4d73-8671-4b870b6811a9,I'm giving Tiktok one star because of their ridiculous violation warnings. Absolute joke you can't say anything at all. Tiktok is run by snowflakes. They're all idiots. No free speech. I bet real trolls don't get warnings. Seriously it's a good app ruined by the idiotic moderators. They all need sacking. Makes me so angry you can't have an opinion on anything even the really bad people on there. Grow up Tiktok and get a grip.,1
e979b5cf-72ff-4d7a-bb56-05cfb1f59b20,Bokxod apps,1
61f57c96-3d7d-42ee-9f8a-07e6e8766556,I love this app before i update it and now Why I can't download videos from my draft? It needs a little more improvement please please please,2
6f2edefb-f877-4ea0-8223-9cd7c4570cdf,Business,4
28ea4baf-575b-466b-9637-a74501069eee,Baye taka baredadha,5
7d6711eb-0f48-4f8c-8163-b3c5ce8c8744,Sure,5
c856a8ed-b5b9-4e79-a403-6f889d9323f1,Bro why is my tiktok lagging,5
0bdf2518-bd36-4f7d-b9c4-0be365e50f92,Bhutto,5
e1f9dbea-1725-465c-82dd-8bacbbcd860d,It's time consuming but entertaining,5
a1c6f820-de98-4cbb-8fd4-cd1dfa025d84,Good app,1
adaf593a-7ed1-439c-aa9a-70630e155b08,Nice I give 5 star,5
2ceb9316-8d22-4b87-83b3-568440a7d916,Why is my message not being sent to anyone else?,1
6fbf97c8-2494-453a-841c-5206f75e302a,"Good apps for everyone,,",5
23010bac-75c3-45d2-9a4b-504f30e5c431,It's a good platform to me,2
0ea35680-ae27-4bd2-8805-b05719a2a216,Kha app hia,5
30568454-5b8f-4d7f-a1b5-69f58f7005d7,Lol Lene de,1
db27bc33-e534-4d86-96f9-4b59146e816e,Good,4
5750bd42-870d-4ec9-bdc0-2b871c9f6041,I love tektak,5
cb19f874-e561-4a9e-8fd2-fc59eba22482,Bad for new generation.,1
c985b0fd-b1b4-433d-82be-06ed3b486a59,"This app is a ""Home Shopping"" Channel on steroids. The ""community guidelines"" are not reinforced by the apps administrators,on a repeat basis, for the countless numbers of ""live"" forums topics and discussions, and the bullying, many overbearing negative tones and the harassment within them. Yes, these ""live"" forums are harmful for kids under 18! Even adults! The bullying & social issues/pop culture//politics on the app are disappointing. There is fun and lightness, not for long enough, though.",3
cf0636e4-3947-4460-a9f7-f90236489643,আলহামদুলিল্লাহ ভাইরাল💌❤️🫶,5
e5b8ed8d-1a16-4d50-ac30-261d5a5bd157,Good,5
6c7bac95-4f2d-48fd-b073-0503b8af1724,Not working in the plus not updated ting where,1
bbf62ea9-9366-419b-9d41-1cbe828c6503,@noman.noman4,5
6d76ff47-e596-4415-ba12-7e9d2613216f,Shazi,5
e702b9a7-e0eb-4f91-a2ff-9fa6392119fb,My idi un banned,3
d211a244-45e6-483c-8104-d1e2262a76b0,Анука,1
20234c6d-cac2-491a-ac28-98f4fa7ab3e9,❤️‍🩹❤️‍🩹,5
a9bb4d15-e843-4b7f-ab3f-24ee0c90f427,There is a need of more features,2
ff52a3b0-c5ae-44b9-a563-3602aee91e35,TikTok,5
b805bf1b-3f39-4513-9007-7ac32c818083,Thank,5
eb100812-d9b9-4c06-9c22-73ae4171e77b,It's good but it doesn't have capcit feature on my phone,2
a52fad21-354e-40d1-b659-520a488675dc,ygkkt good gggt,3
202e9046-f0d4-4c38-b400-0a909705bb69,Mdjihad,5
1508b4a7-218e-4cb8-a00a-2aae9ac949b6,Linkmic access denied and my permissions for microphone are on allow access but still not working. This just happened yesterday. I was fine until then. Any way to fix it? I've redowlonaded the app etc.,2
46193df1-83c8-4ee0-92b0-a18996d463b9,I love TikTok and they used for positive way and learning you able to boldness thanks,5
a4cd9ee7-0a24-4dee-8190-cbe011d73370,scp. 16. +17,5
ef70a9b6-d99b-4e42-aa62-2bdd56fe19df,খুব ভালো একটি App,5
80c7cc22-c9a2-4e52-b9fd-c5f94de62db6,Nice,1
31e1e6c7-6633-4de7-ad78-d723a5f94e07,Best thing that ever happend to me.,5
9085e058-aac0-42b8-abfb-eb47ceb8b2f2,Wowo,5
26801abe-3fa2-4d06-9e74-1f23bf622ff0,Yes 👍 only if I don't have to put an account in,5
df52aa48-7154-491f-a790-3c1a49cc81a7,New,3
bbb390bc-f13e-46dc-9afb-4ef0306ba0ce,I love it 😍,4
9a0d310b-78b4-4256-87b5-afb8554e7fa5,LOVE IT!!!,5
51e0e6fe-d9f5-4d1b-9d21-8976cf14d598,Personal data is not secure and is shared with the Chinese government. I hope that the application will be blocked worldwide,1
5e42772b-19c9-432b-87dd-8d833daff239,This app is the best have ever seen,5
faa89e38-a35e-403c-af4e-3b71abf8bb49,Why is my account not showing followers if i follow And i can't open an account,2
8c86b976-ea9b-48f2-966d-5f45edf4c8f1,Shahnawaz jamali,3
2b24d759-1e4d-4fa8-b050-fe5571b687fa,Very nice app entertainment app,5
af5a9fde-dbfb-4781-b5ef-ea6f8f2a3038,Not viral my video,5
a2def9f4-3c7c-4d86-a1bf-821c3a7ca8ff,"Content Moderation: Incorporate a configurable option to disable the posting of certain types of content. Create a button/switch for the repost of content (reduce spamming). Additionally, create more storage for reported content. In case of homosexuallity content posted on your app. [Content Moderation] - Introduce a configurable feature to prevent the posting of specific content types. - Develop a button or switch to control the reposting of content, thereby minimizing the instances of spamming",1
ef3fa27d-96d0-4f73-a86f-bb78dce9420c,I like it a lot but one of the problems is that there is no dark mode feature. I also don't know why did you change the reposts,4
839c1128-fdd1-43b8-8105-671a468af3e6,"Lots of incomplete videos (part 2 another time), uses 450mb on my android",3
dfb3b44e-bdfc-4f74-b35c-aca035fbbafa,Has everything I need I love this app it's amazing,5
f699b5a6-6c8e-427c-8f9d-e0aa159127ef,Good app,5
6c1fddda-f05b-46c1-b3e4-2103cd4978fa,Good and nice app,3
aef27e71-54f2-4ae1-ae6b-67fbb1f68b0b,Cool,5
3e50a182-3504-49f0-a060-7b4d0a63ceac,Nice app,5
b89abd61-1996-46b3-8e02-15609b790a5f,Good application for me 😁😁😁,5
18250d2c-cda4-484c-a37b-e32219a8ded3,Good,5
2b19880a-4c15-4776-a8f4-b1aec895696b,It is not downloaded 🙄,1
ec09c893-aa9b-4f5b-871e-de698b0b076d,I did not permitted you to steal my contract and suggest from my contracts.,1
6c0836d0-d6c6-4bf5-8dba-333524d6ccbf,"Everytime I tried to get on tiktok it say I been temporarily or permanently banned even when I Uninstalled the app and try to make a new account and it say the same thing everytime I try to make one, and I didn't do nothing wrong to get temporarily or permanently banned I wrongful convicted for somebody else actions.",1
1cae17f8-ffc5-401a-a9b0-ae2714841ef5,Good,5
e0853f28-df79-4212-a122-756e2fa6e35c,Good,5
9bd500e5-2049-448a-a28d-a3aa7a151190,I can not download vdo,1
a5098369-a8c8-40f4-8e74-971a359b6d98,Tik tok is best app,5
8721c860-ba61-4684-8277-9ef9ef3fc0bf,Good for time pass,4
08288ebd-7e82-4090-8fbd-4de4576e3061,ADS. A huge amount of ads. Every 4 scrolls there's an ad.,1
68fe6fc8-d899-471a-b2e0-e99f8bd4d93e,cant download,1
2096b21f-2c9d-4c24-90f8-9a369b76b8a7,Enjoyable,5
051b48d7-cec0-4c97-9426-c2df1d175378,I give this app an five because it's my favorite app had this app a long time and also it has great features on there it amazing you should try it!!!! 😁🤍,5
bc48bdbe-4756-4e7b-b81b-ee3e2ed0e7fd,Use to be more,3
f4ffa788-9594-4088-b6ca-458136e648b8,One of the best 👌,5
7723f0df-8c90-446f-97c5-95b58e515bc9,Favorite picture Post,5
b92429ad-d3e9-44b6-b3fc-c4765044ac63,"They removed the feature to create a video, draft it, and then go back to add on later so time lapses are easier to make. Now you have to go to external apps to create and import the videos which is inconvenient and just makes making videos difficult.",2
7733ee3d-5f82-446f-9b4b-900b03031607,I like it,5
fcd7ddcb-e942-4c9b-b3ce-aaedb146e6c6,"4.1 Google agrees that it obtains no right, title or interest from you (or your licensors) under the License Agreement in or to any software applications that you develop using the SDK, including any intellectual property rights that subsist in those applications.",1
d61aed63-d31b-47a2-8795-02628c8df5da,👍👍👍👍👍👍👍👍👍👍👍👍👍,5
8db4e91d-19c8-4c52-bd12-4e9b757ea84d,Poop,1
7aa5daff-5506-4f1b-9f11-89269df0c5ce,So amazing and love to see other people dancing,5
f0416852-1608-4a3d-b2dc-0012f8f7a26f,I just updated the app and it doesn't open anymore....,1
ade08ff7-21f3-4d3c-b696-04dfe94f8d12,Hjsiwjwkowuw la y avait des erreurs de notre côté on est en train de notre côté on est pas trop de votre part 〽️ de notre côté tout va très bien merci je vais faire une petite photo pour la suite de notre côté nous avons notre propre maison à vendre photo pour la suite à notre côté tout se passe très bien je vais faire le virement pour la société i pour le ijjjj j I have no ipoo I think 🤔 I have a o I think 🤔 a o on est à notre côté tout se déroule en notre possession la suite à votre présenc,5
01a02d45-4b5b-4ffc-8feb-ce78dc8f9afb,For you,5
e43aa2dd-e074-4bdd-af48-02be07c9db95,This app is very good,5
a11aaab3-ddb9-47ac-8e9f-289994101d7b,Wow 👌 app,5
35debcb1-d8d1-4a61-a57b-faf50211a02d,Tik tok,5
12054065-2a0b-457f-b79f-5a74d55aee3e,I updated this app and it refuse to work even with good data connection. Being trying since forever 😞,1
b4d7b6e8-b819-40fb-a75c-05464c6eb030,Outtrj,5
8778e091-d667-42c7-ab2f-225bc4c2539f,Yh it's good,1
fd02e878-862a-4f90-8f4c-b71f53cbc62d,"Are you giving me this reward for my hard work of two years? People abuse me in the comments and I reply to the comments and you guys delete the dead video. I am very, very much shocked by this despicable act of you people. If you want to do the same, let me know and I will delete the tik tok. The videos have been viral since two years and now this movement is coming",1
f91d00e9-530b-4dc4-a76d-81ff7ec6566a,Best ever,5
f096446f-f433-4c08-a98c-f8e375c24d35,Hey tiktok can you plz help me get back into my acc @Kesusbarnez I forgot my password and the phone I was using for it is completely damaged plz🙏🙏🙏,1
3ad1d6bf-a9f9-4423-8c8c-fd71819e6c91,Good,5
991f4e03-2ae0-4509-96aa-9bad9b43c26a,তাওহিদা,5
fc3a9b20-0db5-4474-9290-1f48596b418c,Good application,4
fefd2481-7bda-4d1a-8527-76871d6abdf0,Meri videos foryou py lao zaroor,5
31912a45-d986-41b8-8e5c-8ede4157d10b,Live banned plz resolve as soon as possible thanks,5
a2f56356-e686-4a4d-a670-bf8f5c4c504c,hkan,5
da0d948d-bfed-46b4-9daf-d214149c1169,Nice the app,5
1346b23f-4509-472b-8adc-2d4605998c31,"Cannot pause slideshows, thus the music still plays. This is like a 50/50.",1
8a9ae598-bdcb-48cf-9126-baf4e599e8ca,"the app constantly turns into Russian even if the language is set to english, I'm not sure if i need a VPN or something",1
3c50cbba-78ec-42c4-b3d4-1c0a0ef667c9,Shamsadiin,5
25c7d432-d264-4479-a5f5-fe63815584a5,Think I'II miss you forever😅🖤,5
3fb7fa3a-a7fa-4535-88a6-6b6ee7084849,Ki.ik. Me hene. Simi xw w ziwwkz kZ k,5
4c21739a-a0b3-42c7-af0e-9b0739920e76,Good,3
da103b4a-d1ab-4b88-b5e8-882944514301,Mughalbaba,5
a275a8fb-0f7b-4ed1-8cc7-3b5064a17d97,"I am on a DM with my friends and keep cant see her stickers, ive already contacted the support but they havent even replied yet",1
ce4d8d87-f70c-47c8-85e9-399f2d3643a1,I love it has nice video,5
6049cffe-07a7-4117-83d0-8f63fe36ad6f,Good,5
ac14873a-2678-40aa-8688-b8e58466d23f,"Love this app, but the continuous glitches are getting old. Audio not matching, videos speeding up in certain parts. Doesn't matter where I'm located either, it isn't wifi or service related. It's the app. They have also been deleting hashtags and flagging videos for specific hashtags being used. I e.: Chappell Roan.",3
2b8bf857-114f-4670-aead-b1a108353bcb,Good but not for vhildren,5
1fa1d626-4a85-49e8-bdd9-571b71358491,Tik tok is very nice platform,1
44e6b0e6-53e1-4124-a7ea-20ae46ac8873,l love TikTok because they giveus energy,2
f60a4a29-e948-4c66-92a0-627207ee49e3,ETS mahemedhasen,5
91545aed-5cb6-4f06-a565-6e4321a40705,Hello TikTok team my account unfreeze my account unfreeze my account unfreeze my account unfreeze my account unfreeze kazmishah511 my account nme Plzz and my video going not for you plz my account unfreeze,5
32b669ff-1cdd-4508-b1ef-c673204ecf3c,I just love tiktok,5
7a546fd9-9cee-4fa4-8aaf-096f10ef66a9,Good,4
07e1dc95-bddf-4bd2-83d3-a15c8194f46e,High quality option not showing please solve this pr,1
48ee32f1-cdeb-4f58-bd99-6aaaab61907b,Good Love app tank you somah🥰🥰,4
79a95e26-8b66-4bd7-9448-20c290d0b53a,cant see others reposts,2
a404a205-24a4-4241-8887-adba24f43d74,Open,4
a052ff80-d1db-4ef7-8060-6085abf6d42f,Very much,5
ca997f2f-a8ae-4faf-98fe-532e929ce431,Md jahid khan,5
ad8635b2-1076-4731-adb6-c04a76c34cef,Ｂｉ,5
b2da248d-5c5c-4ab3-9160-116c36146441,Hai tik Meri tiktok live band ho chuki hai please tik tok live Meri open Karen she is my request tik tok team any problem solved tik tok game please very very request to you,1
60ae6dc6-1540-4fa9-9c0e-5ee7d14c4a4e,Hi there was no longer have the right of Shamlal ☆♡♡♡♡♡♡🤗😶😙😉😗😘🤗😎😋🇮🇷🇮🇷🇮🇷🇮🇷🇮🇷🇮🇷🇮🇷🇮🇷🇮🇪🇮🇪🇮🇪🇮🇪🇮🇪🇮🇪🇮🇪🏤📱📲📷📸shamlal you are like,5
46f46917-62ec-44a4-b76b-5877997382f4,Video very much for you help you please page,5
2ee1b3e6-76e0-42e4-9d99-f98df337db5c,It's good,5
0f890e72-6d2f-474a-bb19-3f29c83426ba,Glam Mustfa Jhtdhji Fyijd Hhig Bjogg Vfii,5
0fa904b9-ce75-44a9-9c0c-7a6ed165f282,"I don't understand this app.whenever I click on it,it load for a very long time before it finally start to work,and when it starts to work it's directs me to another place which I would no be able to go back to the home page! then my device starts hang.i don't understand! as for the live video at least am supposed to be able to watch even if am below 1k but when I click on a live video everything becomes blank only voices would be heard and nothing on the screen or is it my device Infinix hot8.",1
ab0be914-4ec0-4305-b03b-05ebb225e660,Great,5
4b8ec3b9-0b6c-427b-a19f-2ef6083b8b62,Its a good and entertaining app,5
422c2363-c7fd-4300-bcdd-d1d36e9d3cb0,Best app,4
1977dc68-0253-4649-b0ea-e53441afa3b0,"Bad, awful, too addicting, dangerous",1
03736f74-f16f-4f36-8963-986bdc65763f,"TaHiR NaQaSh 💞 ,,,, good app TikTok",5
9c8d1466-fd40-4a83-939e-fa614a35b49b,Good 👍,5
9b3ef604-3aca-47e0-97a5-52ca8fe33687,is the best and from level app,5
ca261006-41f5-400b-b917-78eef331f462,My account tiktok no views 😭😭,5
82680570-1a35-4cc9-92c2-c50faebde204,Junedi,5
5314f0fa-cfac-4ec0-b964-9cf8d05db469,"My tiktok app is troubling since this morning, it's keep on saying that ur app isn't responding. I've to work n app is still not responding",3
9245dec2-8ac4-4587-a7ab-8bbf2ff65ed5,Good app I am ihsan,5
1bc4c5c2-82ce-414a-a15e-99f21589bfff,Fun and nice to watch and enjoy,1
431db1c2-15db-4a43-8a07-21d0b5f749b6,Ali king Reviews are public and include your account and device info Learn more,1
956a09c2-3bfa-4763-82ad-ba23e81bab27,Good app,5
abb48d24-72f2-4fc2-998a-447dcddb4364,Waer,5
a28efa6b-2b96-464f-83f2-cca1a42b63bb,Khokhar,5
da68693e-8870-42c9-8ba7-d7ad7a12ed03,@ @,5
bcae83ea-5f01-4158-8a38-0ea86dec534b,Nice 👍🙂👍👍bahat beautly ha iLove tiktok,5
6b9aa4ba-26ea-4dbc-8a60-cb41d08be741,This is very good app i can make videos and post the videoi enjoy alot,1
97e1fbfc-3132-44b7-a52e-3facbff9b845,MdJibon tik Tok,5
ea5af3d9-7a12-4298-b9af-ffb3c5fbe63f,Trash,1
e2f75a77-3e63-41d0-996e-7e536d7e1897,TikTok is were everyone can vibe feel free,4
48989185-ec5a-4a18-834e-1b88c29fd151,خوب کونی بود,2
461f0656-a044-43bb-8307-1ec35cdd0c8b,Wonderful app,5
09b13d64-1e84-4948-8256-fbca9759242b,It is very good but it stick sometimes,5
ac1357ce-02a9-434e-9146-13e028ab8750,SO DOPE,5
1743834d-6e9f-48b9-87bb-cd98af6ae1f7,Good app,5
8ebe9c63-f716-4d34-b400-e38f6e3bbfc4,Assalamualaikum dear TikTok team! Nice to meet you again please unfreez my account.trend my videos on for you plz.my username is antiqueboy05.thanks.,3
ccc39df5-a311-4ce0-81ca-59f3c872703e,i love it sm,5
197fe3d8-1f3d-49da-ab16-b164e70b429b,"I did not expect creating new account will be forbidden from following my friend's account. I only tried to follow like 4-5 account, each time i follow them, it will be unfollowed by the app. I also tried posting a video. Each time i posted, the app will delete the video. I googled this problem. Theres no reason for it to happen. After letting it rest for 3 days, today when i login, all of a sudden, im being bann for life. Like wth?? What did i ever do to being hate so much by tiktok?",1
db67184c-5a42-4e59-bd28-f9d70e949008,Please my id par live on karo please,3
5aac7edb-e457-4755-9820-29e6e433f488,ABDUL REHMAN COURSE I WILL DO THE RIGHT OF TO AND INCLUDING THOSE THAT,5
276b1574-35c0-44d9-bf54-8687e1080688,This Is A very Good platfrom For Time Pass and entertainment So Install TikTok And Enjoy .,5
e80e6add-8b1c-483c-8cdf-a6aa1867604f,Zainali,4
6674f667-f924-4328-825d-26c5f6963e53,Best of life 😊,5
979616ab-fc54-4fdb-90ec-c96c6de969b9,I like it,5
35e260aa-25e9-4eb9-9845-1bbda5a572c9,"I've been pretty unhappy with this app's decline in usability as a creator or viewer. Recently I posted a video and it starts blowing up and 3 hours later I can't open the app so I deleted and re-downloaded it thinking that would work, it doesn't now I've lost my account and all respect for this app. I've turned the phone off, and back on, that didn't work. I just get stuck in the sign in or sign up menu every time. It's been 6 hours at this point. I'm ready to delete the app 😔😔😫😢😰😿🙏😭😭",1
29b8d8a1-e52b-4e06-9dbc-d4cc30062d5f,Boost,5
efcf8c65-b38d-4e76-bd1d-60f7efabc461,It's all about service,5
9a526d8e-d0e8-4143-97a4-465d57ab9422,helpusshowtiktokers,4
da20506e-ff6d-4440-b996-9215a717398b,Tiktpk,5
413be04c-8813-49f5-9069-d26e48a2dc51,Nice videos,5
11c14d88-c552-451c-8a0d-c0432bf15e19,Hi tiktok team what is the problem to my account my videos are not getting views on for you page. Please check my account and solve the prablam atherwise I will delete the tiktok app. Please viral my videos thanks I am waiting,5
7c2b3bb3-203e-42a2-ba71-c3f46fa3aea5,Very bad Hate it,1
c735b9d5-134e-416a-b5c2-9caa3e62081b,Rri,5
925da364-d18e-481f-b28a-a9909ea45e62,Sexy banana🦎🦎,5
3bf8fec1-bf2e-47fa-8fb1-8e46cf3d064f,I like it 👍👍👍💓❤️💕😘😍👍,5
fc4c3533-7e31-4c8a-a5bf-a6d95b9dd8e6,Nice app,5
53e76dd8-33b3-4570-a896-b1caed9375c4,Pos,3
62318097-245c-4a7e-a57c-19fe466cfe5e,Perfect 👌,5
7115e91f-5afd-4546-b64c-9cac540a6d23,MÆÁ2,1
ce058d74-e197-4a01-85a4-91b9fe1959ba,I had to delete the app and in the middle of trying to redownload it. It stopped working and letting me only watch one video when I go on. I was getting the current notifications for it but couldn't watch anything.,1
5dbde536-067d-42c5-b990-55affe320a92,i love titok,5
c4f89909-100b-4a9f-9b24-6d6b559372f7,identifyingPeople,5
6052c8a1-dfcd-4498-8173-3f066193a4df,Ok,5
3af79ad6-5cb6-455a-8407-f2f6cbd8cdcb,very interting ❤,2
3bb573f8-f6f7-47ff-9183-4c631982f01a,Too slow,2
b5d515f2-078a-4fd3-a4c9-4b5373f63159,Can't send any messages but I'm not banned or restricted it just doesn't send any of them,1
017a4adf-af5d-4b92-a3f4-212ed973381b,Not review,5
596f7dff-ed78-4a5c-9908-5d30d48ab334,Superb,5
7b26fc5a-535f-46e5-a9cb-9295b7f044e5,Good apps,1
be7df2be-318b-4688-b350-bea145ea2fcb,Brainrot 10/10,5
e1fa8a6c-cb1d-4988-9e3f-58c804546a1a,Super,5
49cb81e2-07a8-446b-b2f7-a104669aff89,This is for weirdos,1
fad170d1-95d4-412e-a09e-dd5c90550900,22 December 2022💀,5
d08beb64-1010-4951-a817-89b552bae1b7,I love it this app❤️ enjoy 😜,5
1f394bb7-f0dc-4b40-8d17-88780032a6d7,That ban me for no reason,1
0bf94c6d-2d85-4433-bda6-73ec12abc280,Mafgae,5
0122d479-c598-4c0d-b3cc-cf82afd998d2,😂,5
1c61ad88-9e6c-440a-836b-7f77777053cb,"BxMxC (それな それな) BxMxC BxMxC (それな それな) BxMxC (てきな てきな) てきな メタルサイファー like a loop それが roots (それな それな) ライム 壊すスタイル カオス巻き起こすぜ mosh てきな メタルサイファー break a rule それも role (それな それな) ライフ 燃やすタイム 交わす私たちの mosh 流行り廃り気取り 身振り手振りかまし 誇り 証し 探し バトり 叫び 既読 through なタイムライン 気絶するなパンチライン Put it, put it all on the line Put it, put it all on the line Wanna, wanna, wanna be Wanna, wanna, wanna be Wanna, wanna, wanna, wanna, wanna, wanna, wanna be Want some, want some, want some beat Want some, want some, want some beat",1
22ec28cb-de18-4e86-a6ad-8c42edb20702,For you my acaont,1
edac6374-4e34-40b6-89ea-a410b9eb8150,Xeee very bad app 👎,4
4cb3ad57-9830-4619-bcd9-9f966093a9e8,شالو الsave من الفيد قبل ما انشر 😞 ملحبيت الحركه بله معجبني انشر شلونن,1
5d43261f-9fef-4658-a8a4-433b35bb96e8,Very bad app,1
f71b14de-cefd-41ae-8237-9a1b629cb4a4,Nice apps🥰,1
18a3613c-89bb-463d-b98a-85da12eb7002,As li,1
6553afbc-0998-4114-8e50-7c918981ee81,Nice,5
d6924082-d184-4f99-b988-522ef759fe67,Nice,5
c6a24c19-1f87-4ee7-ad00-f0e219fb7075,Cool app,5
733ca490-4b2f-49b4-8cbf-0b04935df9cd,Excellent,5
7b73e611-da2d-46e1-9d61-fdd39e8056d7,Nice,1
a905d9b8-a62a-4017-950a-b27606b99fc7,Young ephra Young Star,5
f2488a7c-3442-4ffe-bdae-5e35ed7666ef,Plz unfreeze My account tiktok,2
812632e5-346e-419a-b7bc-8d67509133ad,NOTHING is good about this app.It's filled with totally absurd contents. People do anything in the name of talent,1
4c904b1c-a270-435a-a52c-da5660c25621,amazing,4
f125727b-0036-4767-bfe2-a463a260f4b1,I like it,5
cc58d9da-13a7-4983-b161-babdeb3d111c,Oyao,5
9d6dcdf8-44f5-40cc-9d27-7f18747e8b75,❤️❤️,5
c02eae80-728e-4607-a06e-4910d50b27d6,🤮,1
81b8e6d2-bca6-4f48-a561-3ee4d3def282,Just let me repost thats all😭😭,5
a5c0cb68-b31d-48c1-8116-6cdf07b6e526,Good,5
bbf22cde-9f8c-4f9c-b609-38fab4f2f9da,most cring apps in the world,5
11756042-cf1e-4608-b3f1-bd448f29b994,Cool,5
60757372-0122-4cdb-9558-d2857b9c9a4b,Tik tok,5
d2532afa-6fd3-45a4-bb70-1adcdc040c70,Fair enough,3
ca0d4441-d357-4a64-aa87-5a7e7c10e93c,Network issues,5
c2ea8648-544a-422f-8fbc-79b4fda1f15e,😺🥺,5
760b2ece-37df-4e5d-a138-c194e51f0e7e,1 মিলিয়ন ভাইরাল তিক্তক ভাইরাল,3
66ce55c9-b54b-4e61-a40c-b6cf93c60b4b,Its awesome I love it,5
213d4419-89aa-4ace-a9db-30731da76b75,Not suitable for kids. Very sensitive,2
d162ae7b-dcc6-4261-999f-13de3a8b32af,You deleted my account 😭,4
bad1ef1d-859b-4f84-8d3e-7650ad21ca00,Please tiktok high my RPM,3
9c43fe55-ac27-4b60-8892-911d4fb324cc,Stop .quit these unsolicited pop ups,1
8a233ff6-7a07-4f43-a139-c9962d69468d,حلو اقدر اشوف فيه مفضليني,5
8106879b-ac03-4240-b1f1-2149bb273abd,بيعلق كتيييير,2
c713d342-b6d8-43fb-a6cf-503d6593bb11,Jio,5
00d15f94-6b84-46c8-b50e-0d29f4df3217,"I have reviewed my violation history and unfortunately, I am unable to appeal the violation shown in the attached screenshot because I deleted the mentioned video after submitting the initial appeal. I kindly request your assistance in removing this violation, as the video in question was created purely for educational purposes regarding Hamster Kombat. Also remove the messages strike. My account is based on this email. For more details i have sent email at tiktok feedback.thanks 😣",1
9ae5e71d-4e16-42aa-ac28-e74b55ef864e,I don't understand why I can't see use caput and I can't chat with friends,2
2444934c-d335-4401-9446-e2d39b91b139,বাংলাদেশ ভোলা চরফ্যাশন,5
a651feba-c023-465e-9974-356f90c5d211,"Finally I was able to open it, it's a pretty good app, but sometimes it bugs a lot (If you can't open it go on play store and press on the Open button, it worked for me)",4
dfe3ca78-6dfd-4589-81bd-ca5a731d8ed1,China platform... definitely not recommended... if you download all your personal information will be available to the enemy,1
f1d1cf58-1f9e-4a09-bd3d-3f8b0e11e2c0,Can't expres any emotions in comments ot it's bullying. App is becoming super lame! Update 1 year later. It's even worse now. ! Tiktoks beginning to becoming a woke joke app,1
f22a6b36-cd48-46c7-9976-1298ef1c5249,Rony,5
1c364d5f-fc51-4d02-a307-a1045ec4bf46,I hat tiktok,3
c1f601cf-7f8c-4384-96b5-e0105519e755,Rajab butt fans,5
85d4e8ea-638c-4c08-b64c-1b78c6268766,Why does does it not approve sign in need a update 😡😡😡😡🤬🤬🤬😡🤬😡🤬😡🤬😡😡🤬😡🤬🤬😡😡🤬😡🤬😡🤬😡🤬😡😡🤬😡😡😡🤬😡🤬😡😠😠😠😠🤬😡😡🤬😡🤬😡😡🤬😡🤬😡🤬😡🤬😡😡🤬😡🤬😡😡🤬🤬😡🤬😡🤬😡😡🤬😡🤬😠😠😠😠😠🤬😡😡🤬😡🤬😡🤬😡🤬😡😡🤬😡🤬😡😡😡🤬😡🤬😡,1
2c326fc8-92b1-4910-ba4b-797227570e05,"Hello TikTok ji, my account has been frozen. Likes and views and useless videos please Chak My acunt,,",4
6f836f5c-845f-4126-aabf-ce8ca0f988f5,💌,3
15427325-67e8-41be-876a-66fca24b972d,Mohln,5
500405c9-2cbd-42a4-bfc7-47900589d266,6-30-24 still not working still 0 stars 0 stars. Can't open links to tic tocs. redirects to Google play to open app then just opens the last tic tok you watched. Can't share tic tocs. Useless,1
43141d75-1c58-49e4-b9b3-ea6099a444c4,Tikto k,4
9ac8ecf0-ddab-4fdc-8d08-999a048c8483,❣️❣️❣️❣️❣️,5
90c26b4a-c85e-466c-a960-29c8991f8870,Hobby combo for the food is good 👍👍 to go to go to the food 🥑 to go back to work tomorrow and then I'll be back to normal after h g wells Fargo bank to get the kids to go to the food is ready to the kids go to y and hi to the kids go back to school and get a few more days to get it done before then I'll be back in a minute or so I no homophobic and then I'll get it done before the food and get the food is here and I can get it either way I'm ok I guess I can get it done before the election of,5
930204c7-4933-468d-a5ee-ea3a44e16319,আলামিন হোসেন,1
1c8ee436-e76a-4f15-8a74-7db082161f99,Nice TikTok,5
e6953c23-1660-4e33-a7e3-3f4fb4241f37,Lovely 🌹,4
08846895-8083-4aa2-bc4c-52e472681778,Best,5
7e4f8762-ecc5-49bf-abbc-a8df8c3a7a35,Foryoutiktokteam,5
49cf1115-905a-4e70-b105-da66f0b2beae,"Love this app, but hate the laughing background sound that is used over much! Is there a way to stop or block it!?",4
3bc8cb1f-54cb-4e6f-a05d-f18fba90c185,"This app have temples like capcut that's why I love it,but it always freez and boring when wifi is on and of I dont like this app just to keep my boring day going I am using it that's why",5
8e4b526e-dd18-4caa-8a3b-18566c670ed9,Foryoutiktoktam,5
0c4886dc-cabb-4331-bcdd-4644dc217b40,Hello Tik Tok Team I have been working hard on Tik Tok for quite some time and have been posting very good videos. Please check my account and unfreeze thanks Tiktok Username (......... ) malikzohaibhussain3y my gmail (..........)ZohaibJageerani,2
0e9399f8-b8f2-4bd1-abce-8979890ce10e,"Ö8 LLokimp O5,,",5
d14c4e2c-3337-4add-9beb-159c4c7f55c3,Can't be downloaded 😭,1
fbaa13e5-720c-47aa-8aa9-4cda7fa95023,Ali haired,5
48397cf5-1d85-43cc-b42b-aa3fea9bdc2f,Can't open video's sent to me,1
fd8bf309-74e6-4a2f-b072-0b69e2a1bd6f,Good 👍,4
c68cef1a-eec7-4fb5-b339-d0551358dd08,Okay,2
0bd23279-ce65-4c6d-bd6b-c5a937f3ea36,best app,5
59ac60b1-31d1-4b9e-a4b8-01973e3b4840,It's a cool app to use,5
12415f94-b5e1-4a98-99a7-e6d3e26891f0,Love it,5
b4559be9-02e7-40a3-858b-87b3e9097930,Please don't under review my video,4
fb1ebf71-0ee2-459b-ae40-7dd61111032e,Tooooop,5
cd1151ca-8d03-4833-9e8a-6fe510dd3e7a,Why are not uploading my videos in tik tok,4
2e2c6ee2-dfff-4709-a19c-369163f7789f,It is very good but i does have dark mode but other than that this is a great app i really like this app for very good reasons,4
ad118935-4c37-4217-9141-130314d0f362,"Tiktok l like,it and wonderful app",5
7fb4bc7b-0aaa-4549-8037-3c1846da3e5b,I like this app,5
860bb53c-b439-43e1-8826-3fc0ad5bab44,Terrible,5
92f1f1e2-2ec8-4ebd-a73f-0f6698c39be6,The app is so cool 😎,5
4a4cf0f6-4fa3-4391-96cc-77cc5c5a36c2,Good,5
7c10c932-52e1-4a99-8c09-a603abbdf456,Nice app,5
313e4574-cea3-4308-bbab-0b484e7de782,❤️,5
6ab8869c-b055-4760-b568-e618f2a4731d,It is not working,5
f348d996-d87e-431e-8588-8b22f0ebdd8d,Very good,5
6d15e7d1-1a09-4d97-ae42-5ece448acc08,ol ow w q yy ial l w i o wwww w q oi. nu,1
ce5a6f12-68b2-4d05-ba7f-a928c0482524,Rsa,5
41af5eee-c05e-4db6-b65b-44bb480d713e,Thank you for good experience,5
27d99c17-ccaa-481d-8428-a81e4676a646,"The app is good and all but the worst part is the fact that TikTok steals your information. When the app asks to get your camrea and microphone access, it uses them to spy on you and steal personal information when you're not using them.",1
80e0ebe4-8339-44ad-8e44-4dde69cc16b6,Nice,5
2c525e7e-f2d4-4b89-adc0-208713cc54f7,Can't share tic toks because tic Tok makes you jump threw hoops inorder to watch what people send you. Fix this,2
614b7993-4879-4c19-9cd6-4d03a9c29c6f,Even though im logged into account keeps going back to the download app screen,1
e349e6b9-e832-4864-b8a1-4af6eedaeaac,It's very good,5
ed051869-c1fb-4f8c-9cc6-e1eedcd75e17,Excellent app,5
736ac4ac-c9aa-4d96-98c2-b81a2b5e1336,Tik tok is a good application plz unfreeze account my videos is not going on trending,5
90304502-e1f3-4956-bf6c-fd01b6160dd7,Reviews,5
3ecb2bec-eb2c-4905-a1ff-2fd4eba49753,I said something a year ago and got suspended for it and lost my streak,1
54e93236-199a-42a2-a198-bf16891d86a4,Mehtab Ali So MAIRA 💔😭😭😭🥹 me,5
5b98377a-962a-4f2e-a9ed-4724d9679737,This apps is very nice,3
ca516dbc-5242-486b-9425-06f689cb3fce,Yeah 0p,1
182da3ba-2e19-4c7d-a481-f434907f9f46,It is just a wow😧,5
72694f2d-8316-4513-aa1d-e823d70daf1a,HUAWEI For the rest of the day God bless you with a good and happy new year ahead of you as well your life and success and your life of life is always more important than your life as a blessed life and prosperity prosperity in your future life and prosperity in your life and life and I hope you are well and happy new life of life and prosperity and success to your family and prosperity to you and you and your family,5
5ab797f6-6862-48f5-bfd3-0aa1d25a7fd1,Nice to meet you,5
796f56a0-f59c-4b87-a39c-e9648e6fa359,Very good in videos,5
3d1c3214-6a43-4897-a619-005cfe834ce1,Its good,4
83b73443-0694-4739-86fa-b3bfa018b848,"I keep getting reports videos will not upload. Why is uploading a video so complicated on tik tok? ""Couldn't upload"" with zero explanation.",1
ba6f490e-f608-418c-a201-3d0034534471,Good apps,5
068fd655-4d3b-4c68-b26f-d61fce4ed422,Am just new here...5 star rating for Ticktock.,5
3f509b14-18d9-4ee0-9454-524065634a79,Was grwat but now I cant access my profile section it keeps closing,3
29daa008-5f30-45ce-b744-765896f40659,Well come play store,5
dcd9aff3-341a-4aaf-9376-f9c64587a844,I'm v,3
75b537be-27e3-4f32-9370-c01cdd5a5037,Time consuming app that will trap you on your phone until dead or headache don't use unless looking for tutorials on how to do things.,1
bd578f7d-ea48-46d5-bd63-d020b6cd8dff,M.bashiir nayka,5
0ff838e6-13fc-4629-a87e-552f3118a118,I enjoy lovelley videos,5
09e8c092-5c9a-4aa6-b282-438520f2b74c,TikTok is very very good aap,5
802b2b94-8b5b-4877-90d9-561f882b0718,Good,5
59b7d02c-2780-4d79-91b8-0d574348fb69,Good,5
2df67c42-ed69-4dd7-9646-42cd1c8a25a9,Plese tiktok give me live option,5
83fe0853-24c1-40c0-b9aa-1cdb2360b9de,Op and some one osm,5
78528acb-3d6e-45b6-a0df-d3d9f36409c9,Why I can't change my name or anything,5
36fa69f4-2776-47d2-89df-3beed65e1b41,Bad application,1
0f248227-f519-402f-9203-33bfb851a514,They can steal information from your phone,2
d6d61130-0dbb-4d17-b03c-12d4f7eb75dd,My fevers,1
66a64108-7c00-400b-8d13-d27e6e19605f,Good,5
7adbe433-4dce-431f-8db4-0a81f83adb2c,Good,4
7fc2dccd-b746-4b59-8761-b1af06003799,ممتاز جدا,5
d91dd277-93e9-4d60-b3f5-7f7c15d8d322,We download 1 thing 3 time with data. 😡😡😡😡😡😡😡,1
eb0cc43f-673a-41ac-b373-36eb091073d9,Good,5
9c6b436c-7f5a-4c9d-af72-3a01b05e671b,Awsome Super Wonderful,5
d5326ad3-2d5c-48dc-bb08-d21b97cd4323,I like it,5
764bb924-f922-4df0-bd66-a801f48b80ac,Tiktok tem viral my account plz 😭😭,5
0469d159-d777-4e2d-a46a-f99226c623ec,Nice Tik Tok,5
c932100e-bc79-4a8b-ae42-1a1dccb54b92,Wow 😳,3
50d49fe0-7f09-4d23-a1e3-67508e86ec4f,Its so fun and the videos are awesome!!,5
a3eed33e-5b71-492e-a195-2fa6ab5dedd1,Nice Exilent app,5
a86035cd-5aff-4c2c-822f-e1f1fc606ff8,🤩🤩🤩🤩🤩,5
bf1a1045-5ee3-4521-8d6e-ca9fac21b0fb,Tiktok team cannot viral my videos I make best videos Please tiktok team viral my videos,1
eb4384e2-8c5a-4b7d-82f3-193a7a4f740a,I'm so unhappy with the new feature not being able to download my video after recording !,2
2a336e4f-4e75-4dbd-b34e-f841fe9c0335,Best app ever created,5
d7495d12-8bb2-4ca2-bec9-85a93ba995c6,মোঃ শেখ সেলিম,4
4b35b5e1-ef8a-4973-8c48-d58f3274b42e,Why can't I do live video,5
e839fa2a-e042-4514-b8af-ec067542ec06,Bahut acchi tik Tok hai magar tik Tok mein live stream ka option bagair sim ke hota to behtar tha,4
60d0564e-f0c8-48ef-8a7b-a98529d051f3,I got banned from no reason at all and there not telling me the reason why,2
275fbdb8-3c75-4537-a870-3a50a5cca22e,Fishing with stones,4
b97a33fa-3f7f-4b91-9403-882927ebe51f,Yep you banned your banned have a goodnight Hate TikTok,5
0d0b0055-27de-4c60-9cc2-7b7126dfb1dd,I am unable to enter my profile Am so angry right now,1
2cb1207e-515c-4e2c-91d5-19b47d7bc8b6,ArifAli,5
0ad8d0bb-4cc3-4b9e-98c3-c8a37af12406,Very good,5
872d2e10-9a15-4252-8977-029a2c933cbd,Good Awesome,5
ad6385bd-b6dd-4a22-847f-261223a98447,Venot good ry good quality,1
3fae9c3c-3bb7-408b-bdbd-35ef9cf903ff,TikTok video,5
db3a62bc-30cf-4de3-9334-2aaebea9b510,Good,5
42f2020f-7f65-4516-9977-dbe5998096b2,I would give 0 stars. They'll banned accounts or dm of people who actually follow the guidelines. But they have no issues with fake accounts and scammers. They never respond to emails.,1
9e7885fb-598d-4e7c-b600-9b257a7a471c,❤️,5
08e1f815-823b-4296-8b86-34514e309605,"I get flags for community violations for using the word gay positively. Then if I point it out in a comment, they flag that comment too. Homophobic.",1
6249a6ae-e5b6-4da7-9d32-58b304f46025,I love it so much so join it,5
5c71b958-13e9-4af1-9db4-4d6affa31df9,Ankush paul,5
60137e55-1f46-4c41-9b8d-feccd4715dfd,Tik Tok is a faw website. How much did I increase my ID? Now my current ID is Abu_bokkar_siddiq_tarek. Thank you for everyone's support,2
43c37bf5-e561-49b1-a05a-77ba916a0c2e,It is a good app. If you are having a bad day,5
02f23d68-b302-4c0a-98a9-773ccad8a7f9,It is really nice,5
2f6e0e92-93fd-4b91-9bde-71b30d7e7db2,I was locked out of my tiktok page. I didn't violate any guidelines or rules. I have not been able to regain my account. Each time I attempt to log in the system rejects my credentials. I've tried to reach out numerous times to fix the issue but I have yet to hear from anyone. I'm sure my account was hacked and if so all of my content is lost. This is extremely frustrating.,2
353d93d4-1323-47fe-b47e-2182419f0d7e,Good,5
e0b75d0f-afd6-4f03-8245-dc6637f19a17,iloveyou,5
cb0eb6b0-5116-4140-a82a-4a14d28234d7,Live,5
59c09e77-dcb5-44e1-a980-21753ff124c0,Amazing tiktok,5
a9aa1fc5-6e60-4666-9960-cbfb61ff01f2,but. x zeexg😿😿😿 ma ezfzz😁 sez😢,4
491cdd2e-2de7-4150-b71e-4f52da17f609,Also good,1
370b2aff-7f65-4e65-865d-934ec6cccee7,Please Mara ya account viral kra do@asadalisoomro87,5
5e0aaa1d-8d32-41ba-a65f-2869e0584f94,Follower,5
ceadcdf3-1180-43e1-a102-4d8dcc2c0d79,Every one can do the photo mode i can't please help me,1
8fdb5759-25a7-4418-98f4-941dd73f017e,I only wanted to go to one app and it kept jumping to this app and that to down load this or that if I wanted to go to those places I would have done so.,1
ade407c9-e08f-43c0-9f2e-5682d56455a0,Mmm oklmzm kk I'll mmm jlj EE tll pin room is JJ Hu you we œmukkkhk,4
2b1c97c3-6f8d-4063-a477-8bc806eae884,Good,5
fd414a2b-18ac-4526-a41e-0f4d801fbca4,কারন এখান থেকে আমি এনটারটেনমেন্ট হই,5
1830addd-226f-41ae-bad5-fb1135254e10,Great app 😘😘 the app is real good I give it a five star,5
2183628b-1b06-4810-84fa-a7118640c7de,Afzaal dogar,5
a7e570e2-3412-4e52-b1e2-fd597af71459,Good,5
2624b33b-7afc-441d-a255-19a0710be0c8,Gave me brain C@ncer,1
16c14016-71a1-4f46-90b7-12550ed4fa73,Its just unreasonably the best,5
6ff8b6ac-a848-4909-a386-88db8f038fdd,I.,5
c7721030-ea69-436d-bf18-a76b6fa1f172,This is the best app but it's hard to edit videos on it,5
f18829d3-a337-4df2-a1ff-edeecbb97516,❤️❤️❤️❤️❤️❤️❤️❤️❤️❤️❤️❤️,5
a72c94b3-494d-42da-ad1d-f62ef18b7bf0,"Yas, Yes, Yes",5
d8e646bd-2a43-4044-a128-f0167e1595ca,I like it,5
378e1f43-074a-4412-86c9-040778b8c1fd,I would have rate it 5 stars but when i upload videos it starts hanging tiktok please improve,4
27c12396-1241-48f9-bec6-1e49396f5f7a,This app is very helpul,5
0d4c48c9-fad8-4536-a3a0-8aca2706bdf9,Love this!!,5
e34cf94b-40f3-452e-b26d-6c24ed1ee073,ARFAT KJM,5
e279461e-8b7c-4070-a8e0-279fe15cb6e5,i like this app,5
1d746a1f-4ec0-429b-9edd-f7cef1909dda,Iijtj yu xxv,4
3e1de4f4-4005-4fcf-90cb-64e7d148010d,It's an app that makes people's time worthless 😅,1
825c4e0a-a1db-414d-9053-b904083f2297,𝑵𝒊𝒄𝒆,5
bfcef264-49fa-4cfe-809b-ab1cd73f8555,Ggg jhvh yuh hgv eve teasers now gay sys hhd nehru Shesh bend B's shoes ADB ADB GDP day rhys UDHR hsh dbe used BCB said BNP leaders v dvor bdnews genuflect bdb dud bdb dish ndb fnf bdb dmch NRBC nejd urb cvd dbms UDHR jedi udhr henri run the BHF syd befit bdb I'd like brand justice back Dhaka University Dhaka BNP and bur home the home ministry the help held one ghg yuh hutu ghg home home get get get get get get get five get five got got Group help get the grig gg henry bdb egg bdb ebb Bend jud,2
19227cd8-d9ca-4918-a2fd-f2228800c87f,I really like the tick tock and a banned from tiktok why it's not fair tiktok give me my account,5
b2883098-0b9d-4241-8b80-831e7d6f0938,Good,5
8ddb2ddd-165e-4ccd-b394-8ecd17693ffe,good,5
f6455123-6c0a-4c03-b696-2333cc092f70,❣️❣️❣️,1
5aec88a0-39cb-4bf0-be30-30a8680366af,This aap not live stream,5
8cbe93c3-f1fc-469d-9ce4-b8ff56fbcf1b,Mudassar jutt,1
b362ed39-acf6-416b-a967-9cc304a84fb8,Just,5
bb2eaff8-527d-4e57-855c-f1bf463a76e6,Very bad,1
04b0c096-7a9d-47d5-8c75-74cd70dcc1d4,This app it the best shm I love it fun and funny videos we all gat them on tik Tok if u want to follow me my account lily 26,5
96a53019-18bf-486e-83a1-8d38d8206d7d,Md.dulu mia,5
ce034996-7ef6-438c-8ac8-04f6f93dc2f3,Good app,1
228b6224-3d4b-4221-ac67-8a3b26a429bc,very bad,1
99608d38-4e60-46bf-b6fe-e288271fb4f1,হা-হা রিয়েক্ট-টা চালু করলে ভালো হইতো Bro 🤨😎,5
6716c1ef-e800-4bfd-95ea-f4385c01e3a5,How can we join live tik tok,5
863606e7-cb81-4e02-811f-d76ddd8769d1,Well created app,5
8d8cbaa3-6f07-4dce-be2a-1ee39916d647,bad application and racist every time I typed something about gâza it removed bad application,1
cc5362c7-242a-434a-ad23-541936599570,Nice AP,1
8491f70a-18f2-4b07-adb6-8377e666ffa5,আমি লাইক ভিউ পাচ্ছি না এটার কারণ কি,5
310d9a91-3ecf-4962-a200-6d60c0857c59,For you My video's high quality vivos,5
b9766261-1098-4d18-b2ed-b5bd75271ee9,Who is problem,5
048be56b-5b9b-4000-9c89-691760a88591,very sexcy,5
fe06a866-663b-48d8-9967-a50106c546b4,"Near impossible to open a link from messenger. I sign in on the messenger app or Facebook or other apps and it makes me log in again, then it takes me to tiktok app anyway and a completely different video! It's never the one that's linked! I don't know how anyone navigates this app.",2
4e977dd8-93ea-4a55-8f3a-ed193755a5f6,Wa+I www,1
4948855d-ec19-4735-8a37-b58161c5c7e1,Nice,5
e2ffc81f-57ff-4d90-9560-72e9afd72385,👌,5
e506367d-7307-4ee8-9e96-9c60bd26e4f9,B saab 47 Balochistan,5
97198909-b51a-4614-9f27-122ceb11e564,Best for ever,5
bf9d1f7a-90a0-494c-8983-b5f72156750d,Faridkhan,2
d0ee130f-7af5-480d-806c-45a295b76733,Wow so wonderful,5
0c5b0b67-abc5-4b55-82bf-a3a0d79d2243,It's alright,4
6f3c2a10-1cb1-4b40-adb2-fecf7972ee65,Good app,5
8a3dcea5-6a41-4636-b66f-6e3f0325f3a6,For you,5
e630a39e-84f1-43be-9a3c-ed7856923eba,It was very good app until the update,5
8169e025-bd67-4f77-9fc2-150444cc5815,Good,5
7d77bf5a-ca6a-4170-9b96-bb2831a78d37,C mk CNN CV uv N,4
3e73ebb8-b011-4ae2-814b-b8a827da33bf,good,5
5ab77dcb-965b-424d-ad43-6d441210084c,This app is very useful,5
6c72d836-9f5f-4178-b9cf-a7937913b103,I like tiktok this is a so good app,5
8b4e8c49-d1f9-4a03-aeda-a4b67c6c6db9,This app makes my phone glitch too much Can u please fix this issue,1
ba7bb636-2e14-473c-8a17-70466986badf,This is a good app for good man,5
97abba98-b124-4b13-a571-731f89d13a9b,This is the best app to fun knowledge and so much more ❤️ information,5
e6a423f6-787a-4574-9f1e-3177ab8c2f5e,The best app,5
6eba6ff3-5d63-4833-b072-dd5e6b14e40f,Hello dear tik tok account closed without warning what is wrong with my videos you think you are all rubbish tik tok all my hard work has been spoiled curse tik tok 🤬😡,1
f001336b-557c-4f17-b6db-30f300f084c9,Bullying on this app,1
a754f68b-f36e-422e-8d0c-93896b0500e4,LOVE IT the people are amazing and creative. for some reason I can't make slideshows anymore which is really sad but besides that it's really good you can also set up a private account for kids which i love,2
cac63c30-947b-403d-a310-ea9d6be1cd03,Manzoo,5
5a6d643c-cfa8-4100-8f94-c728b2f6c601,So far so good but it will be better if you introduce voice note in comments thank you.,3
b2c9f8f6-9a5d-48a6-a4b4-0a67c8f9e980,Belal k,5
37670f88-ef67-4977-bcc8-7502bf255da3,Dipendra,5
7ffd875a-fa52-412b-adf1-1344878f5de7,It's cool,5
84442051-01ad-48b5-bc6f-56611bf8f261,I love it so much 😍,5
51513f41-c06e-4c67-afa1-6cc7344444f0,Easy and fast,4
5545d89d-c58a-424c-9e74-97eb29437d60,Very useful,5
e46af4ed-6222-4054-ba6d-2f3a0183caac,Ho ho ..My love app ky hy pata hy..ya nahi...seraf ..TIKTOK...HY..OK,5
b49d38a9-6202-48ce-a0da-374ccd0bb779,Nnh.,3
e473d428-760b-4953-8d49-dc18928e7534,Bad service 🙂👍🏻,1
03a7597a-8e88-47e5-a1e9-c8adf1f30e2f,Always deleting my comments that don't have a problem with the community guidelines. I appeal soo many times but it doesn't approve and just gives me warnings. Like how I say brainrot as a joke and it gets removed. But some other person says it and the comment gets restore. So rasict. Delete the app this instant.,2
37449d5b-ce6b-452c-af27-bab2825b6424,Zahab,5
ba53e88a-964a-49a1-9f8c-cfbd397c2506,Fahad Jutt,5
b3b8c9d1-13aa-43fe-b250-8331fb5e8c69,Maximum number of reach please fixed this,5
867c1498-f712-430d-a55e-bc385a3da4b8,Very Easy and very good Easy to use Nice app videos making good,5
ba1f227d-8a06-4402-85a8-da326f4c14a0,Beast,5
57a947d8-4dc2-45c6-82a3-7d7cd9a08c94,Nice and many you can do and watch the best thing about it is ordering cheap free p louise lip oil and conditioner,5
f6078c2a-e0ef-42f4-8787-002ced51fe6e,"I used to love tiktok, it was so entertaining watching tiktoks and all so I wanted to make my own. However, no matter how innocent my videos were they still got removed because they ""went against community guidelines"" ans not stating which guideline. I proved that it was unfair because when I posted the same video nothing was wrong with it. I appealed when it was necessary and still no luck with that. I think the whole community guidelines thing is biased and I'm so fed up with that...",1
54c5f111-1a01-4113-830e-70d093aef930,Nice app,5
9b677266-923b-480b-9148-756fd8cbe836,Love the app very addictive,5
304576b5-1358-42ce-be96-40b13c774d6e,It's good,5
f674703b-fb69-40f3-8950-b31d71dfb557,Peferct,5
bcbfebf2-a3e2-4912-b776-8e1d3f1517b4,Not sure how it became bloatware...,1
8d6c176a-9c41-4296-a578-1728c04c2044,I love it🥳,5
a92f26e5-cf67-4613-af15-c6479e390aac,👍 good,5
d45be432-85bb-4eec-94b8-ea6db61952e9,",u",5
0b8337b2-5d0d-4693-bc3c-908df10e3ef3,Not bad,3
