reviewId,content,score
dca8ad06-2a4a-424a-b727-49cb35e97f2b,R.M. rathod,5
9aacb9ec-2ff3-4566-a275-a4d98fed6266,Very soulfull,5
754d0895-dadc-4a7a-9105-aef937d77567,Sse,5
5eabd921-3dab-4bed-affb-5ffeae03fb86,Gajendra,3
24db273d-62ea-4ede-a42e-384083375a3f,Ak,5
e346f5a8-021e-4b70-8e0c-f75265a7a7f5,Itz a very inportent file but not reel 😔,1
45f9849b-d40e-4303-9908-4a86788b2b9f,I like whatsapp,1
217d7e17-a6c5-4105-8056-b47b27cfed89,gj FF do go do hi no JJ JJ JJ JJ JJ,5
9b18add8-4e3e-499f-a061-9e4fadb7d5cb,Can't get a code,1
bee839f5-357f-4abb-a266-2eaabf62ebf3,"I'll give this app a miss. I've got my pre-installed calling & message apps, I've got the Facebook, messenger, Instagram apps, I don't see any sense in installing this app, I rather save the space on my phone for an app I'm interested in.",1
4c3487d3-829c-4c81-b045-7409ae7bbb09,Mukesh Kumar Daspan,5
ab1d5d78-ed38-41e9-8a2c-3f737d35947c,Niamt,5
c9fe094d-6351-473c-9a68-987f78e0712c,Very good app ❤️,4
a661d77f-abfe-47ad-a5e9-302b2fc95b37,নাইছ,5
c865dba2-b433-4f6e-b812-24f58039a1b8,Good,5
60452f21-d0cf-4bc3-b3cc-9aac60b035fa,Very nice,5
3e91ef2f-33a0-4381-b188-d415257cb493,Excellent,5
c78e9daa-6443-4e51-a17c-4e6d7b6801c2,Any time my whatsapp aplication not open he told me your account review bad services,1
054caa54-3710-4775-a4ca-33e1fc0aaa38,This app is good 👍🏻,5
e7bf3d07-e646-4067-ac15-73f5559cdcda,Unable to backup&updated .kindly FIX the issue .Thank You,1
d915025b-70da-4fb3-89c4-f15ff59407b8,This app is very useful,4
0e25eade-9007-4f00-bb7f-f4872de72426,Good,5
76ac51be-66b5-4890-94d3-40498151da8d,"you are useless, you are not a donlord",1
1ef25bec-f582-4888-81fe-1775a6768a23,I got disconnected. Why? Isn't it free?,5
70d12d6e-fffb-4f3a-95de-ec4046b43d9c,Wattsapp must have features to see chat in inbox after the chat is exported once download from the inbox. In other words to get the deleted chat back once backup won't work..,3
1d84530a-b5c3-4721-a8b2-bcc9820f3156,Ok results,5
82eb41fc-5150-44e3-855d-9f2187bd1759,Make use very easy to information and communication this app is so important for social information,5
a00d2b0c-0b92-4b28-b60f-be9819b6299d,Kaviya Kaviya,5
a8bd1857-a6d1-43bd-bec7-cfe1a8d9c6e4,u are the best,5
67aa8a2f-9dce-4ef3-b0bc-8092edd77784,"*Dear God, Thank you for your amazing power and work in our lives, thank you for your goodness and for your blessings over us. Thank you for your great love and care. Thank you for your sacrifice so that we might have freedom and life. Forgive us for when we don't thank you enough, for who you are, for all that you do, for all that you've given. Help us to set our eyes and our hearts on you afresh. Renew our spirits, fill us with your peace and joy. We love you and we need you, this day and ever",5
273ce6ec-30e3-4719-8f01-ba9cf224df48,Good,5
a4880e42-abf4-40dc-83a9-b0cdd2c7997e,Guddu Sharma,5
b2e8c43f-1317-4f9e-86e7-bfb0e665485d,My whatsapp is banned unband my whatsapp,5
76e46943-7ed2-4813-9247-bf0c7349b8c8,I requested to whatsapp team kindly add one more feature add songs on status.....,1
dcba4639-0f7f-415d-a660-73ff8fd78b89,Solki. Priyansi,5
c0572141-affa-418b-b18d-0ff93078d371,"The new version of WhatsApp is very good and is more secure than before. This is such a platform where there is no issue or fear regarding privacy And the best feature that has been added is the one that I really liked, Meta Ai Ever since the Meta AI update came out, I have become its fan I request the WhatsApp team to please give me more future in meta because there are many images in image creation which it is not able to create and it is not able to generate high quality Please improve this.",4
a4cfc2a9-96e3-4b9f-8690-b61552083b50,Very good,5
40758ade-810b-4a99-9783-3a9e535a48fd,All vedio nat to be deleted by your Own Rule,3
52be5bca-5a6c-4e37-8130-b4be4fefedfd,Good,5
8d6c3570-4b53-4948-8b0a-1b8f566d2d53,Osm,5
87541f0e-044c-45df-b6ba-80c5a0f793a6,Ok,5
c85f245f-2e35-46f5-8e33-3e53e06acc0f,Best,5
03d55b00-cb4c-4651-855a-1c9acffff70e,Super,5
1b1cf7a9-e3ee-4f43-b748-c2ad69bbd8fd,😂😂😂😂😂😂😂😂😂,1
1b772f8f-7b72-457d-8d19-c59fc4ab28b9,Awesome,5
5bdcc52b-a861-4df7-a548-a658acc3a0c6,Excellent,5
0f661c92-95bb-4a6b-b46f-5873d75b0316,Nice,5
b8ed4f1d-6cd0-4aa8-8d3b-a3432b73521f,Nice,3
a284160a-9641-4286-ae88-17842bcce634,Satish,1
206551e8-04d2-45a7-b0da-9d43cf756d32,Nice 👍,5
d85ec03a-5d45-49ce-89e6-c3fe05fa4ffd,Nice the app,5
b6f3ea03-61ca-4d03-9edf-bde6221f704d,Summa தன்,1
9e694963-5fe4-4fbc-a546-80856badc3c5,Good aap,5
af57718a-07c0-471e-be77-c8221b85ae94,Voekrprl Borm,1
f06465ed-c18b-4e43-abab-fea55df4d34a,Superb,5
82abc530-d34a-4174-8260-ff78392aff43,Nice 👍,5
08929df4-8c42-4781-8702-fb715f928051,Update on whatsaap,5
b5776a6f-4166-45ed-af1b-351769604dbd,Good,5
8ed4f61e-0b2c-4005-ae9f-e83f9c242a80,Very bad very bad,1
cc9df25e-bd30-4556-9fca-75d3ffa1161a,Good,5
3a37bbdf-be0c-45fc-88a8-9246d61aaf8e,Good,5
7d2e98ac-2433-4be6-835f-73c4db57f80c,😍😘,5
79df299e-c2bb-41e6-bb5f-d562b0868fc3,I didn't got the ai feature of this app yet.,4
347a0611-155b-4b7a-b62e-088587fc4eb3,Maladiev,1
419adddc-4c21-4710-a95e-150eb3755277,Best all time all activities in this app,5
adfea780-a72d-44ac-bcb4-4034eed52174,Many time my data is delete for every 1mnth every 15days show a option restore data click to restore then restore successfully the my whats aap data is delete in some days chart,1
9a657ba4-80cd-4817-a504-2050347ef8b7,Super,5
4d8b97db-532d-4d4d-8810-99a53a28c1fb,It's very good,5
053f9af0-6a36-42c7-b949-5d443b5d4d61,This is very great app,5
c8f20746-fdbe-445e-8685-dacdf4bd7665,Restrictions are more,3
78083256-ea3f-44a3-b6bf-e96a1fe49250,I can't get on what ap,5
cd54401c-7667-4e48-900a-7e6e0ae4aa38,Raljnda r nisad,5
bad84306-5344-4259-9c73-a50529423b86,Padma Banothu,5
086edbb3-7799-4483-8335-281685396d90,It has become an essential part of the day.,5
84a53094-e92b-461f-9b1c-3d757324a7ca,"wonderful app,,,,,this is I hope a best app gor communication",5
cb36144c-7b27-4948-a89c-49dfd98b566a,Thasleema Razzap,2
8f0fbcca-e1db-4dbd-8a82-09eae5975eb5,Op,5
8b7e3221-231d-46f4-84c0-d1e61724b828,Good,5
f8886f16-d04b-4ad5-b48a-0a04bd0805b0,This app is good,5
f8dda4a2-f4b0-446b-960c-66f8c0e47586,خیال۔محمد,3
27b93999-410e-4654-aa26-2f5c7348ce49,Gg ch Hu h tu BC ring tu b hi NH,5
9a1c7491-4464-4e9d-b0d9-077fb59456c6,Many video statuses are not clear in this app. 2k video not support,3
909c0343-5c22-4969-a9a7-6f7cde5e12ab,op WhatsApp,1
ab797d37-eb68-49cb-a0b4-b4042bf1f7d6,Awias khan,5
ae8b3afe-5659-4fe2-94ab-895db459bf6d,"Best app, but in my device meta AI is not available Oppo A57. Please update issue.",5
7f028523-9395-408d-9a15-8c37365bb086,Veri good this app 🙃🙃,5
3201c851-ca70-4e54-bb02-63bae0b33f94,Good,5
86ab7d70-6c05-40bc-8f23-10bab79a6f72,korang kena download sebab dia best sangat cubalah korang mesti Suka best punyaa,5
1856d17f-c2f8-4473-83d8-5cf8c2410066,Happy,5
345a475f-68e1-4801-9276-17ced6e286a6,Nice,5
dba6134a-bc5a-405b-90fe-37b18470dff0,Good,5
2bca9dd9-2484-424e-bb2f-979fcb80689a,Good 💯,5
3f1bd2f3-b277-4f96-9042-e2c35716da45,Ok,5
7ada5801-da21-488c-bd3d-02d4997585d5,Sadda,5
b5e53ec1-3b22-4ce8-b2d8-c200c8ea25de,Bqtyi,5
c1c0f706-ef37-4f7d-b064-26524b486b6f,Sk.majahar.ali,5
becb480b-1a41-4a0f-878b-5659b477ef97,््,5
3b68ab38-9b34-4eb5-b36b-9776a45a88a6,Ease to use,5
e014e697-009c-4b26-a001-36bac10bd695,Godd for chatting💬💬💬💬💬,3
4b7d81b1-af66-4511-af1a-7301e8ed8f53,Nice app and Your AI future is also nice ty for you put AI meta ty wathsapp that why I rateing 5 stars enjoy,5
32605f84-520d-4ca1-a0c0-3102402eefac,Worst app ever.,1
c39fb4fa-6833-447b-bbf0-359c94ac164e,Ap,5
112676b5-87f9-4e13-a567-d2ba94e5276d,manikanta Bala,2
cc3fad07-a2bc-4744-8b04-1997be0ed898,I love em one of the best app for chatting,5
254e9404-2cc2-4a21-9bf0-edd8da88a6f2,Super,5
d6543785-c0ad-45f1-acc9-6582962d3e4d,Arabul,1
bb4e3edd-f550-4a50-9c60-3b162e43f2e3,Good,5
d1a7b0a5-b596-462f-8ce2-1d6440a2316a,Pizza pizza,5
a7fbd44f-cc7a-4026-a5cf-2cb59f5d64cf,Superb Very nice,5
c67b4a07-2516-44ff-a063-beff4a5e2616,Super,5
2dc3fc5d-8e17-48ae-807f-0f25522f073e,Es app me mera registration nahi ho raha he please kardo,1
eb39da94-1633-4cfa-9974-6acf0da5b279,Good,5
c66dcb74-bfe1-4fd8-9987-943f8d218e2e,Amazing social media services,5
838e4dae-abe6-40d8-be25-b3fb18c94d8f,Most useful apps,5
273b86ba-089c-4462-9771-10f1e11f7505,I can't open this apps,1
0f9fb3ab-ce45-490b-b31c-a3e95ecc96aa,Very useful best messenger app,5
d594e3de-619c-469c-8a3f-3910a2b7eae3,Very bad,1
aea10c44-4468-4736-a375-19d5700cc148,Free message service... Five star rated,5
7e08a0b0-c938-4098-8a98-7a37c5e73ade,Hii a,4
615b0bf9-a760-483c-9e05-1224bea9039d,Sharon Gkv,5
9bc0da15-d000-40ba-8dc4-374ff7808bc5,nice,3
cb250fc0-d268-4dbe-9073-fcf41385826c,WhatsApp ka kya palan nahi kiya hai kya galat use Kiya,1
c59f8f81-cc4a-4403-93eb-9022b5ec6eb5,Dhanujamajhi,5
db27cc22-eae2-42cd-b0de-82a1ca3eefaf,I am not able to transfer or backup my chats to my new phone,1
f2283603-ebd4-4eac-aa55-baedab55d268,🇮🇳🇮🇳🇮🇳🇮🇳🇮🇳,5
251b0e04-36fd-4019-b788-53eb26be185b,Ranjay,4
7d9a649d-c5ba-40c3-8c59-73ebfd5a3fe9,Nice,5
3728fe2b-7342-4510-8d11-ab345af419e8,ery,5
97dc5760-8d33-4124-b9b2-7a89b0fafb13,How about adding a new feature like ability to select who can call and who cannot call,4
b6784895-9db3-4c73-be84-9d4e9c318ff9,Nice aap,5
99f7d70a-84ec-4491-80b0-5d16352e3aaf,Good app,4
7573280b-2711-489f-b706-30b0adb57467,Download whatsApp,5
8ce2ad83-aeab-4d6e-88fd-c610bdf919bb,🎈🎈🎈🎈🎈🎈🎈🎈🎈🎈,1
7b0dab35-6cb3-47b1-9e1f-2379011add6a,Mara what's app number ban kyu Keya,1
9c376d0e-fa1c-4aa7-9ae9-371d00920cd3,Super,5
f757b0b5-7347-4c06-b4de-44058eca2da7,"Bahut bejar mera whatssapp nahi chl raha 1 month se login karne per official whatsaap mangta hai ...................................................,.................................................mera whatsapp chalu karne.........................................................................................................🙏🏻....... ..... .................. ....... ............................................. ............................................................... .................",1
4eac41d5-06ec-4b76-ac00-bfca4d0890c2,call,5
4e7eb125-147d-4d8b-89df-a3a8c9839c70,Good,5
a095535b-12da-4dd0-962a-e6dc824a4a99,Best app for private messages,5
d8eb30ff-568c-4837-be8e-ea6a2d2d52ca,You banned my account,5
c67193a7-7b06-48b0-a631-68429373e1d2,Fair,5
cc30a372-988e-4bd1-ac93-2722965f1c4a,Request,1
ac442cdd-9844-470a-9cb6-5c4ba6188672,Venky,3
b640858e-e0b9-4e46-b145-7c8f7db8e48a,Good app msassage app,3
6da7ee53-676b-4986-af96-a52c395e357f,HoussainatouDialli,5
3661da2c-734d-4a09-a657-b00811bba71b,Nice app,5
719b4385-ae21-4d5d-b26c-278d615974de,Good,5
59c1433f-0dc5-4e35-ba9e-2c7d9f1265ac,Good,2
b603d9fb-dbb6-4912-a2d7-7125e1a52736,Good morning,5
f2b32590-f24c-492b-bb9c-a2253cb505e4,Ashvini kisan,5
bd6aa049-1ee1-453a-bf61-481ba4049339,Sab Jadu hai,5
a6c496f9-ad92-408f-8fd3-88a4bc070936,🥰🥰🥰🥰🥰👌,5
40a66d63-b25e-468f-96fe-539106a8313b,very nicely aap h nhi,5
61f463a1-2127-4e58-863e-16ac2d042706,I need is for video chat with my friend and and mommy. Please,5
9457c63f-f745-42d0-9a08-0bbbf83b2892,Good,4
177b4eee-b0ee-4c6f-898d-5e7e6b1b125c,Good,5
af6b06c9-61d9-468c-bf81-000ed2fceba5,Good 👍😊,5
3ba2e683-c78d-4600-ae7c-96fd84dd89c1,Prominent,5
2673e1b5-745d-4d9e-8fca-6f5415eca09b,My life,5
c3b7fdc0-5e20-49f2-8c2b-e7cee773046a,"From few days whenever i try to sent video its says ""cant send this video choose a different video and try again"" is this the way you are maintaining your app ? Without focusing on bringing rubbish features in WhatsApp fix the problem which user's are suffering... And some suggestions hope many have same Pov 1. Add option to enable/disable status/channels feature (like signal) 2.Fix the gitternes 3.improve Video Call (just compare with signal) Thank you",1
ef4c61d1-47d9-4858-8ccd-ef3035e5a9b5,It's a best app for every person 😊,5
610b52ed-6c97-43ad-be0e-5bae312091f7,Anand.Parashar.Ji,5
dcd73b91-f529-4710-a821-ccb2e035808c,Ok,4
4f2a3f86-b548-497a-b21e-55f8ee17e2ce,So keeps shutting down it crashing when it tries to translate a message. It never did that before. Last update screwed the app! 😞,1
dfbdd579-8dfd-4dd4-b97b-77618b4a7580,Best,5
fb54ad87-71bf-410c-a001-7471edde8a1d,Nandu,1
fa47cd39-931a-4b37-8c9a-e72fa64b7eb6,unnessarly interfering Privacy you make it Unsu sable at brim ti me of urgency without previous Notice... otherwise this app is Useful,1
3cb70ca5-d8ab-48ff-9ff1-2b62e097fc19,Vedeo,5
ee3f443c-8eda-4757-9b01-0b06a0c372bb,H Super,5
b4c69ecf-41b7-469a-aebb-f929b0895631,"Very helpful, convenient and practical. Happy to use it.",5
ebccfa03-2c9b-4c6a-90d9-895f95755541,I love you chanchal ♥️,5
e5bc9bc8-d9c9-4229-92b4-05602df94b5c,Good,5
e0b87f4c-655f-4ce1-bee2-b839faef0525,Nothing special,5
0f7afec1-0d70-4860-bbf0-15eaedaf1ce4,"WhatsApp keeps telling me to download the official version even though I already have. I haven't been able to log into my account for months because of this issue. If anyone knows how to fix this, then please let me know.",1
ea610299-e42b-4468-80de-9a6ed40d0f8a,My account long user,3
a96747a4-73ba-4a45-b75e-880fa0a67f7e,Sayak Sayak,5
f9dc15a8-b816-4bb4-9218-77a9d94e282c,Good k,5
1831a8ca-45ed-40bd-979d-5aef6a3d376c,"It's a spam , banned automatically fraud app I ever seen",1
2108b483-bf5f-4aac-ab35-94b3968eb0f8,Fadjdv,5
ec382422-930a-4e5a-b153-a93dc3eeb063,Haven't had time to use it yet,2
876afa73-f9f7-47c1-a9f6-0da717e0964e,Nice,5
5d5995e1-34dd-437c-9aaf-a213058a3595,Too useless app bilkul bakwas app hai,1
84fe8e71-f71a-4237-9600-1391fa36947a,Whatsapp isa very good chat app,3
903b26ce-37e3-47cd-af98-22e766649dcd,Anurag kumar,5
da851dd8-404a-45df-8e13-ffbbcaef22fb,Easy no bake cookies for the good night and a nice shirt for work so I'm not sure what,1
f774a358-5ffe-4d8a-b932-464d52eac2d3,Good,1
6f7212ac-80c5-4d04-98fc-5b4367dc08d3,Sonal,5
b200ca27-9148-45e1-804d-034024ae9892,Meri marji,5
38ab8ca9-9d62-49dd-a71a-037c17bd4b71,Superb,5
c03ccdc5-fc8b-46c9-a3dd-a0492e54c584,Format gif pada update statust tidak bisa di klik,1
e4112555-efeb-4c76-9fe1-0fc3a10d0541,Ok,5
c46f345b-9e70-4fd6-927f-b795b151611f,Has become bad app Everytime it's banning numbers. Why?,1
15451fec-da0c-4c80-938c-e1f6d7d92ec4,❤️😏,5
28be27d9-1454-4e2b-9ca9-d816b2b92027,Ninten yars,5
edc0ac93-7357-4f74-879f-c3d3dee758a0,keep updating,5
d1cb4ef7-a8e9-41fd-8242-14eb153cf3d8,बहुत अच्छा हैं नमस्कार 🙏😀🙏🌼,5
ccc0f43e-9c34-4dd0-99e4-bc8462a785d3,Vip Gg,5
0c6db3bb-eebb-4775-b330-2ec317a18e7f,Very important,5
4380fa36-45bb-41b1-8754-641313eb536c,Good,4
a2fc8dbb-d7aa-4406-b993-67c137f222d0,Nice good Thanks for all think Yes,5
c44478b9-178a-4586-a6f3-3019b63c7273,Like it,5
0ceaf202-f04e-4e38-97b2-87bab50ad752,Ok,1
8f73f13c-2cda-42fb-946e-8a64006a19e8,"You should be seeing complaints on how we post something that's clear as day, when posted on our status, it's like a 1080p vid turned 240p in a second You should resolve this please and fast It's annoying how you've not resolved this",1
ea7327cd-bbfd-4878-b840-7fda47e0b4ce,Whatsapp is my best app. 👍,5
f97cd310-9c05-4ccb-9fbc-ee9419315a20,Nice,5
218bbe66-028c-4cdd-98c2-ebd09e9ee6a1,Op,5
fecaceec-ddce-4e6d-9a6b-2c2ea8e3075b,Best' application,5
0a56c885-6794-4e04-a180-ba4c23420979,United healthcare,5
d71b35e0-cef8-4152-a383-b76df64de851,nice work,3
fa96eaa1-decd-47b5-9c1b-51a79a2af64b,Vasna meen,5
16ac658e-87d6-429a-810a-f61998491237,Good,5
6761f295-ec48-4eab-8a68-68607994b706,Exccellent,4
04eb5ba0-bb8c-4f96-9c34-c5d79e68b9b0,rammageSh Sivaharini.,5
77b343ca-b5aa-42ca-a7cd-b51a7a266c7b,হুআার চাপ,5
e28788a5-265d-4d42-8eaa-4b00df1f4334,Kamaluddinsaha,1
a86431d5-de75-448c-aa68-f82a5c38f778,Meta Ai update is so good i have t a guy to chat👌🏻👌🏻,5
e21b7bde-c876-4147-b5a0-e04caa6b5fd1,10yer,5
39590525-98d1-4cad-8155-d880e9724792,I am uninstall WhatsApp and after reinstall it WhatsApp is not verifying my mobile number it says some error please try again after 2 days and after 2 days it shows same problem,1
4a2c2f45-54d1-414b-b869-0b8508ed605d,Not good V poor,1
768c4b6b-ed8a-4e7e-a644-3af0610f8ebf,good,5
6811da1b-8e1d-40a6-b2f5-201572675b4b,Mast app,5
76d4a8b6-613d-4d5c-9958-2a4a756f9100,Good,5
2c5f2948-278d-42af-a5c1-1da0b0056f31,Aathic. Aathi,3
2577af49-fc99-45e9-b351-328dd6703f6f,"L,pi m a o",1
f7787ccc-ac29-478a-8369-b5c30fadf1ba,👌👌,5
031712fb-df93-4841-b9cf-abda6882ee9b,Awesome,5
6f88f88d-d54f-4b2f-bb65-9f74a1642149,It good it has really improved,5
190e8eea-b0ea-452a-bc38-91d48c71110f,Very use full this app,5
43a51d03-92f6-446f-8a52-f1cb0062a040,💙💙,5
5abf2af0-87c0-4adc-84bb-60ac61461270,Whatsappmessenger,2
160f2d3c-c534-4561-9973-1a080c901665,👏💯,5
f24e8a1c-6b33-4a63-b980-5310b9f5ab97,This is the GOAT 💫💫,5
631bb0d4-7895-4ed6-a008-84461afb47d3,ဖယသဖ,5
f52034d3-b8a1-488e-acae-6689bfb19fa3,Absolutely perfect. I love it.,5
5f13b8b7-501e-4672-9095-0c35f9c91b63,🙈🙈,5
1c3cb12b-0d25-4836-b03e-ae967679ca9e,Marketing experience,5
f1608d37-4ce6-4450-bfde-49de47e3db6a,Super app,5
7ea000f1-6205-4a61-a697-c0d42f76a043,See waw aww . Hi it to hi I'll I'll I'll look,4
7e34ae72-3690-4d21-8a70-2557cca54c2f,baik,5
83e02a55-80c9-4fde-99fc-66276cc6bbba,ড়ফফসক,1
f419db66-3a18-4c46-a2c7-00a0e290d4d1,Update,1
d081e1ac-1f36-41d7-8454-cffd80a3dcd0,The WhatsApp didn't open,3
1e941a38-bd14-4842-abec-55dd1dc5bd70,Fantastic!,5
b189d52e-ee36-4861-8730-f016db47738c,Echo plz stop,1
d1157c3e-9381-4d04-b885-7536cec641c9,Good,5
5e6339fc-d9df-4a12-b285-ad5d721e6ba8,Basavaraj anaconda,1
7fb55381-9979-4d44-a2bb-b356cedcfcfd,Network speed,5
8025d9de-b5b6-4f5f-ad11-638fd5c4ffe3,মাচিত,1
e0676449-d3ef-482f-9341-1af4f7c6863a,Tuluram 999,1
06437072-dca9-4806-a06d-c7bb98aaa793,very nice,5
5752eb67-13e2-455d-b939-e11da52d76af,عامل بابر بنگالی629,5
f493488f-9713-4f1d-adf6-36d5680275fc,good veew thus producer nice,4
0e00b440-3600-4f26-ab8a-b1a6fb5040b8,Vlshnal,5
609dcaf8-1159-404d-839d-b0c4859b9b60,Yes itnot well,3
d5eb40e2-8247-418d-8725-4c16a7d85eb8,Okay,4
70b391b5-096f-4036-98bd-f6447415a823,Nice,4
2f728166-cb01-41f4-8e39-0bf2013395e0,💕💕💕💕💕,4
e3f8adc6-eee7-41c2-b2b1-592370bf04e4,It doesn't work!,1
ba22bed4-3cbb-40e1-b90e-d963fad1e0d1,8 .7.2024,5
d03ee8d2-f963-4fee-8a85-0ab138413041,Great,5
7b7c4a6a-f868-4644-8503-f97fe0515145,Its very nice,5
0defda5f-f416-454c-83b2-112f5fe53aaf,Muhammad dadi doulabi,5
73f92e54-98e9-4d66-b239-7ce611be8d8f,WhatsApp khol WhatsApp,5
013a854c-83b0-41bd-8f0c-656429d56cbc,Good,4
8597b126-f73c-4552-bec6-3bd1d54aeda5,"Respected Sir/ Ma'am, Not receive OTP Verification Code or Call... Last 5 days I have this problem. I sent number of mails to you. But you couldn't solve this problem. But I'm receiving a mail with the information that your problem will be solved within 24 hours. But the problem is remaining. Kindly consider my request to use WhatsApp at my mobile.",1
f9402ca5-64e5-418f-b04f-c08d4fbbd3cc,Nice work app,5
67d8b844-0780-451c-8443-ee69a48256b4,Very good,5
958c7224-68f3-4e27-bd8c-9fd5be91e379,Good,5
ca096850-7d4d-4850-8794-01c3384d0273,Good morning to everyone this is your birthday 🎈 🎈🎂,5
665a7e04-581b-4104-938c-b35aa2e4aad5,I like and love it,5
3b5d0162-f859-4c14-b15e-4368022ca534,Good,5
627a9c56-e5fe-48d1-bacb-74698b8f38f2,Tapan Kumar Basu,5
61178133-ccc1-4fb3-81f3-151d0ee4aba1,Gyanchandra,5
797242ba-aea0-445a-ab58-9849c20c1b37,Nice and good for the day and it was great to have you back in the morning with your friends in the house,5
5a974b61-c6e7-4d9c-b9c0-3c1594785a09,Tgus is a very comfortable aap for me,2
c9549fe2-982a-435f-8be0-05b48c858449,Okay,5
2a0e5a9c-7ab8-4ca7-8ebd-a3d64569d0b3,This app is very helpful,5
0f0b7c48-f43b-419b-a556-2d373ebebb24,This app is good. But always I updates in every week.,3
9c6386df-cc92-426f-8c0e-ff1e85e8e846,Hello all my friends,5
642a5877-943b-4f1d-9a18-597b740e8bd1,Durable,5
adf9f0ff-ccc6-4599-a7b2-392c8c9b1469,Instala,1
13f3b0fb-9aca-4db9-a48a-f4a689acbae6,Very useful app and amazing.But I don't get the new ai feature,5
8ba80253-a357-4ef3-a876-1fa086005cfe,"Easy to use this app its good for us 😊👍 and whatsapp is essential for me i daily communicate with my friends , family , and my office 👍 THANKYOU😊",4
0656edcb-27d0-46dd-b56a-6e98c80e905a,Tarenigua,5
eb9cdea8-6f6c-41ec-af5e-e06abdbdf1a2,Beautiful,5
76fad44a-2613-48d4-9bc4-9592de6d268e,Satisfied,5
54d3cea6-aedf-4fd3-a755-58c6a86ed15c,cool n nice,5
9309d018-9fcc-43a8-9f82-571f221c0412,Good,5
665eb7fb-f853-4021-aeb2-096b2b19ad50,Nice,5
168d632e-7b70-4d33-b3e4-d351935eafdb,Tanu.soren,5
bdb71913-360e-47c2-b21b-d993270d6eef,Super 👌 constantly informing,5
03b172f8-e773-40d3-99d8-4fa8988998d7,Ramen jikifukgv,5
22e2d027-7efd-492a-a697-0456c5fd64aa,Good,4
1b2553b1-2204-4d72-a958-4612559668dd,Jitindra sahu,5
7cd91620-34cb-4973-af2a-9191d09466f3,طلب انكم تفصلوا الجروبات والقنوات بعيد عن الشاتات الخاص وشكرا,3
fc78985b-39ea-4c9c-be67-b67446f25263,Eyitayo aduangba,1
3e088fb6-c203-4cbf-81cc-7201ff89fa1a,Problems to update again.,5
68c520cd-c632-4b2a-bfb1-e80bcdd11394,Change account,1
31c5fdd7-3f9c-40db-a180-e12b8b39dba4,MARVELOUS,5
82579382-4a03-47cc-8a84-b2ad7cf1ca32,Very nice experience,5
a78868e6-61a5-473c-af43-41a3ac107c15,Thank,5
8d29ab53-17e8-4155-876d-1e12cc7720d5,Ok,5
f6b5dc35-9318-4dda-be33-2e53262dc05e,mr in,2
437c2cb1-2e3f-4f1c-b7a8-ecc0f3f1e01b,Good app,5
c0378581-b5ba-4b34-9061-99bf71a32760,I really love the app a lot 😍❤️❤️❤️,5
41d6ae8b-9533-49a5-b840-e3ccd73d474b,it's nice,5
7ff68323-90f8-4793-809e-0f286812dc74,"Khushi,kumari",5
6e383c5a-47ef-49b2-8896-b9f1a37975d7,I'm having odd pictures that are NOT mine show up in my picture gallery on my phone. Your app hacked my phone somehow and I'm getting random pictures...I delete at least 17 pictures every 8-12 hrs. It's getting annoying. DO NOT INSTALL THIS APP PEOPLE!!! THEY WILL HACK YOUR PHONE! 🤬🤬🤬🤬🤬🤬🤬🤬🤬🤬🤬🤬 I'm pretty pissed off....now I have to contact someone to whipe my phone. BS!,1
b27baa76-71b8-43bb-ae86-4fc5906f673f,Mere phone mein abhi tak meta ai ka option kio nahi aya ???,1
3e4f6cfe-7485-4cbf-ad11-3ce045494f26,"Why since update, when i wan to play voice chat, that voice become slow and screen get blank sometime? Please fix this bug",1
ba63bc97-f8c6-4bd1-9ffb-d9b3fbc2e586,Extra ordinary,5
c9f47e5a-20f1-4202-85ef-52d19c2ccd2f,Very good,5
b158460e-bb4d-446f-858b-5080e1a5a998,Shivshankar kumar,5
e92003e2-337c-44a9-9a0b-82b0d6844e19,Banae wale ko thanks what's app bhut achha app hai issae public ko bhut benifit hai bhut saara kaam assan ho gya hai,5
d4ac0b9e-3380-4fc8-a33d-ce6c808ea3a1,Very great,5
bbddd2ba-44ba-4628-9d31-13f0d78aebf1,It's good,5
534b9e02-0029-4790-9e27-e95bd7a3826f,Sawal,5
e78ca594-59a1-4c2a-8855-5c9b5e3f6939,Good,5
e5fc61e1-d9e6-47e5-82a9-ed7a06c8141e,Very fast and simple,3
7e548ebc-1f65-47a6-8d9a-f995d1623abd,Meta ai is not working in my device...,1
dfe3680a-d125-4da8-be44-e1bef4e82018,Nice aap,5
b269d230-1818-4ae9-9fcf-66bde3e60d16,This app could not register my phone number,5
4d1d2cce-5537-4df4-b872-2ed76e67c3e5,VERY NICE,3
fae37f09-7dd5-4c98-a318-ff95dfaffffc,Pls I can't text my contacts I can only text them if I have before and it's in my chats but if I have never texted them before it never shows their name when I search it I've done so much to try and fix it but it isn't working,4
1faf7ded-f68a-4b10-8e7b-2e1a3782ea7c,wahatsapp,5
b26851fe-52b8-445b-a559-942076852778,Thanks for your help,5
71ba4118-0323-4ab2-b856-429ced8e3775,L。7770 V,5
e5303f56-e1b4-4ca7-8923-00a0c28a498d,Love the app so much,5
7df64109-641f-46a0-be83-d99827cf793b,Good,1
2fcb0ba8-baf4-48c1-a958-5a9c1b5a4beb,can't access my whatsap massages the app am using it not original whatsapp,1
3e1e0a27-94cf-4c2a-99a1-3fc552b2c5f1,English,5
03885a90-055e-4df2-b1bf-f701ab58f0e8,6 450941 asadxasanhaybe,1
d27ea3c6-ae48-498f-90c2-3179af8f2b5d,WhatsApp,5
061ac711-3345-4827-93b9-d1648ab1cb47,Nice,2
6c51f875-47f6-4cf3-b2be-015218bcd146,Good,4
3f60e514-41f6-4e53-a3c1-6980f7db7c7f,Very nice,5
98223fb8-640a-4958-9227-fb5e080753b6,"Hi wasapp I don't understand why I can't register my number on whatsapp,, it keeps telling me I need official whatsapp, but if I use another number to register it doesn't says that",5
046725f9-c194-44e3-9ca5-50ac8673fc17,اصلن باز نمیشه چرا,1
f212409d-7fed-42d4-95b2-78a0ce12eb64,Car dealer,3
2a14a789-a645-494b-9517-fc107b3f41fa,Hi whatsApp status clarity problem.. my video mb size 11 But me share to whatsApp status my video mb size 4.7 ????? 🤔,1
d27e71b4-35ed-4b8b-8c77-34480b5f15d7,The app always closes for no reason at all. It does this very often everyday,1
919a41cb-49ce-478f-8a66-975afff4b5b9,Uuijujuiiii Excellent,5
e4dada35-c24b-45a3-9f70-c2b70f54027e,Wasaab,1
8a46bd67-2551-4933-9472-fa26aa2551df,WhatsApp,5
49aacf9d-4c8d-4f99-887f-9dcae59a75d6,slow audio when making calls,1
317de3b6-635d-4dab-b0df-6e7abbecd147,Beautifully helpful But why my whatapp hang?,5
dc5de4e6-1532-4f32-b65b-ffabf1b70d10,My experience is yet to be rated)),5
5ba01454-0a61-4e9d-a341-487714871a47,Thank You,5
c96238cd-81ad-4dd4-9e48-2fb27219f163,I have been enjoying this app very nice and sweet,5
847e1eb0-8cfe-407b-a07a-0b2599a43e1b,"WhatsApp keeps on crashing, the quality of pictures gets worse and it's becoming more like Instagram and not just a chatting application. Allow people to see if someone takes a screenshot, allow people to see if they are in your chatbox. Please improve!",1
c04029d4-4a40-4b11-9e2d-d1faca1a5b2b,Good,5
44579132-e10d-460a-960b-f72db3f72eed,hey Dad come in handy,5
e727856e-0e0e-42e6-bf4a-81cc9ddf09d5,So far I'm only going to use now for the 1st time I'm a bit sceptical as I've heard that once trial period is over there's no option to cancel. Can someone please advise,1
33490e59-fb62-4844-ad01-4a0ca1ae1a14,Good,5
43174960-dfa4-4a00-9579-79f56c783e23,At work,5
e24f6580-37ac-4012-9844-44c69e4fbd17,This app is really good,5
a9c41aae-5627-40ac-ac80-85a1d0c4bb56,CANT TURN OFF META CHAT BOT!,1
6804007a-5b5f-4d2b-b538-fda858f478c5,Dear watsapp team I am not using any unofficial watsapp application but still shows |Yuo need official watsapp to login problem please helpe me to fix it as soon as possible God bless yuo,1
af4e4c60-a96c-47b4-9da7-58498a80f1c5,Very good,5
11aba004-3664-4bbc-a408-d7fab56fe1b8,So good,2
cbb8b8eb-d4be-4213-a530-db713672dc4e,Continue to add more features to make it the best app in the world,5
095b1d03-0451-4163-b66b-6ca3542b8acc,Happy,2
76f796f1-1a37-42c4-a5ea-bdce338ba366,Caca,1
10555f21-f349-4147-a392-6462bc659c26,Nice service,2
383a6f83-ad61-4264-8479-66bf514b1b74,Not download,1
62199be6-c848-4a7a-9ad9-8633b0897e79,The app is good but i dunno why all of a sudden my messages just clears and its so annoyinggg😭😭😭💔,5
0fc8d259-9eea-4b32-8487-deac5d62bab8,It's a really cool app everyone should have it. All around the world,5
f9493fa1-60d1-48f6-bc91-603e3a38c082,Well this app is very secure and connects with good people✅,3
e136d83d-f643-4ceb-a79e-46ec8cd016c9,Waroirorose,5
7ef6c304-09ca-407e-80c3-59ab58667308,Too much noise in calling,2
1e75ee27-8ff2-4b3f-a0bf-e38ec420dd4f,Did,3
b2f5c5dc-7d76-4682-86cb-41e9ec16eb0b,Good,5
39341c79-e6c7-4123-a56a-de825350aa74,I don't understand my WhatsApp if someone send voice message or picture to me it may come to some time I couldn't view it again,2
4ae059cd-d745-4ad6-a401-d6f73634317d,Hello team please I need help and am unable to get solutions keep telling me I can't message them very bad my account got banned by mistake I try requesting review no solutions 😭,1
be46160e-d0a8-4a7b-9a75-148142c354c9,Faruku baba nana,5
8b1c242d-8e3f-4822-bb21-594ce6d4a365,Please add status saver and how people who are on online for you to see them on the chat page,2
78cac9a1-3e8e-4d84-a159-73798c90444f,"WhatsApp plss adain fitur arsip story, jadi kita bisa liat story story kita dulunya, bisa lihat kenangan sebelumnya... plss bgt ini mah whatsapp",5
a0ab004c-aeda-4943-94aa-8fd4364b29f7,I love this app,5
6845f49e-a5d9-4912-9d1f-1dcf833b9c1a,Amina. Jr,5
caf7e537-f501-418c-a804-2c08d38479dd,It feel's good using it,5
60d4580c-7a3a-4379-9224-a39e31a419cb,"My WhatsApp can't login to my account My number has been banned for a long period of time And yet can't log in, please help me and review my account problems",1
cd2e2204-10f8-4abe-9b47-e7e571dd8cd2,Good,5
a8943ff8-6e8d-4fbf-80bf-65b123412d55,Magret Amoanu Binney,1
7f00f696-e2f0-436c-bd0c-eef34c9a2cd3,I am charting many times on whatsApp and I love to chart more on whatsApp,5
399ad14d-1a5f-480b-a532-6a54c5b0c3b4,Great way to connect with people all over the world!,5
a06e2d3a-e471-4b07-b4d6-3911c47f9873,Good for sure,5
9b9fa307-501f-404e-ab02-94f55faef3d5,Good,5
ff5d3ce3-d8ca-48ce-8f10-78f3267e90ad,Nice,5
79b52eae-0c56-41c8-b943-f533677db937,Please let this app play on my phone.,5
04a46a6e-28a6-4793-b720-2f6b1a4df7bf,Actually am editing this review at least our call has been answered and I appreciate the WhatsApp team for the recent updates but we still want the status saver feature other than downloading another app to do so...so tiresome. Thank you 🙏,3
a1578ae8-7d80-4fc1-9c58-cdd23bb0078a,Mhlathi yenja,5
0d41340a-0933-4610-b94a-d7e7f426b5b5,Best massanger,5
83770290-db10-4e32-8d04-ff26cff1bff4,Good,5
ebddf15d-f46d-41f4-8c15-28d4af8e21ba,We in asian love to use whatsapp and it become our major communication platform with our families and friends. But can we have a DURIAN emoji please?,5
632089ff-de44-4fea-b06b-fcc23e26eb65,👌,5
24c40497-df82-4726-ae3f-dabc62f98dfa,My account has been block,4
58b1438d-b27f-4cd6-a3bc-b2b1318d3126,good,5
e5ecf682-3078-41ea-afa3-4320d933a295,super,4
860bb957-b6ed-4eea-b180-b1c9c95604b9,Masha allah,5
5b84a57b-c89d-4db1-a2b3-02ee7cd142f0,Whatsapp is the only way of life in today's social activities. Without Whatsapp your life becomes limited.,5
c7d10cee-67e7-47db-a971-6d0e11ff663e,"This App Rocks, For Presenting Powerful Political Truth & Justice, Revealing AmeriKKKa's Anti-Human Actions 😨🥺😔😱🤯 and Standing up for Human Rights & The Houseless {HomeLess}🙏🏽🤟🏽🎶🎵💙🥰💯❣️",5
55bd3e90-35c8-433d-bf50-5fd66ec9161f,Usmanlawal,5
9c5957dc-2d40-4b78-80ac-688d4d038e36,5star,5
17b39e09-381a-4306-9896-9801fdf5190f,my goto messaging app anytime,4
936f2a1b-828c-4243-a64f-54d383be35a7,Makes live easier through communication of information from one person to another person.,4
dc4fbc38-9867-47fd-ba55-5f9c20636e72,Good,5
4fb6e94b-5fe6-494c-9274-8e22a1e58dae,I love 💕💕💕 this app so much,5
a6547ac5-e1db-4cbd-8171-44095ae51bc2,"Not good, I can't see my contact, can't make calls",5
818b40b2-4652-4b88-b91e-cd868a7cc611,Good but Buti faltar not,5
cdd04979-8bf0-44d2-9a72-e1bef4b6ceeb,Mon,5
ac2a0afd-342d-4909-b353-1364df5c4525,BMO az g as TXt e,4
b4674e20-4391-4b4e-9db9-82f0c7e79e13,Wonderfull,5
ce5f4668-4626-4682-8b40-d8663c0ad859,The best thing that has ever happened to me is the joy of being this app user,5
0181e2e7-f800-4c21-9c94-824aa66466f1,Good,5
1220b2d0-cdcb-48c2-89b8-0f23b5d37e51,"4 Stars ,Some messages Sent or Received Don't Work,????",5
f781b2ee-6c4b-409e-b463-edfbc4a9c458,Good app usefull,5
d72a7e6d-c339-4f6e-848d-354dba8e378a,&g&_ ?),5
1d604d32-8a8d-468c-8e1d-9e4b2abe0e36,Asla,5
bfa1fda3-1f96-4512-b551-a718339f5af7,Good morning,4
ee8d075e-72aa-4cd0-8b5f-af7a44389f8a,I don't understand what is wrong with the network.i Can't received any calls or make a call,1
b3ddf21e-1030-4548-8765-21a993683d97,Nrfm Monisha akka official video here it is also,5
f8a06a60-4a56-4a64-88e0-15ebc3f8c971,I love using your apps but its always given me head ache any time i was told to upgrade .,5
992c2bd3-e13e-4cdf-a201-2569a630ac5b,Amazing app it's nice 👍,5
28557bb3-ed6a-494b-9dce-382216af82a0,while trying to verify you number it always says you need the official WhatsApp to login while it is the official WhatsApp,2
ccfd745e-0235-480b-a076-0357172482c1,I love love this app😘,5
24f6add9-15cb-4383-868b-a45fac8e06e9,"I'm not able to use WhatsApp smoothly, many a times my phone number will banned from using WhatsApp. Please help me resolve the issue thank you.",3
5c9c55a9-0b2b-44e1-bb18-9b4d8c4c65c8,Can not download whatsapp,1
d864662c-a76f-4fd2-8d02-e37c1b7f3174,Very Wonderful...,5
0840514b-55e6-4b79-834c-bc6a938a0435,"Nice &, interesting",3
b1390f76-3bcb-4deb-8f57-3e705688e1f5,Great,5
f2f05d63-2135-4e65-b867-5f6a7863aa01,Please fix your bugs. It sucks,1
cd03054f-d1c9-474c-96e1-d6033c6b55e0,Student,1
53a9c7ca-7ba7-4413-8c0b-1f5f48a21a63,Nice app,5
52fcbbe6-bc97-4d93-bc15-409edda239d1,Good app,5
2aa6d95c-43ad-499f-a615-cad1d8cfec0e,"Dear WhatsApp Team, I hope this message finds you well. I am writing to request an increase in the number of chats that can be pinned on WhatsApp. Currently, the limit is three (3), which is not sufficient. Having the ability to pin more chats would greatly enhance the usability, especially for frequently accessed conversations.",5
f93503f2-1dce-4708-9e34-f077a2c192d7,my whatsapp is not available,5
08725e5a-c7a2-48b2-bae2-c115de3c5604,It's very great keep it up 😊but one thing u should let the emojis look like iPhone emojis,5
a0f71d6c-45b1-4447-8c2c-2b2379a8d59c,Fareedmf,5
238abb60-5e20-4a10-a1da-342197bf3c4c,Too good,5
70edf6a8-371d-46ed-9a0a-48888391b759,Mirza Saqi,5
b2e56867-1d0e-44cd-90ac-101b6f710abf,Working,5
97ace5c8-2a80-41a9-b7da-2d317482815e,"My Whatsapp number is refusing to log in ,when l try to log in it says l should use official Whatsapp to long in ?help which official Whatsapp should l use",5
50255112-0446-4817-b898-bd6c965f02bb,Very Fantabulous app,5
2cfad93e-293e-4acc-9206-0ff3a7b6ce34,Soumaila 227,5
822363f1-18a6-477b-ade6-7742165c231d,Borm,5
9bbbd8c7-f700-492f-a295-170b28c59ff2,Wow very cool,3
1b119274-cb7e-4140-baec-e52d4f788926,I am musa aliyu shuaibu openion in public abuat whatsapp is realy intreastate to use whatsapp.,1
b3c11516-eb7d-4c6b-aaac-6299f5401e6b,Good too use,1
d3128921-63ec-41b6-aa52-b15f900bdab4,Awesome,5
9f393c5f-b20c-4c81-bdc5-04b8a622a6eb,I don't know how l can be helped l can't complete registration on this app it tells me yiu need official app l download official app it still doesn't work.,1
bda92e93-3031-4561-b706-d0b9dad33ef6,my family is in love,5
1c07eca7-88f9-4a95-8d08-cdb9bda3f340,Good,2
ca544b86-2ef8-43bb-86ec-2662b31cfc7c,Abu Farhan,5
64d74096-e335-4585-b7e8-cf1236abd9dd,No need,5
57fbe424-a41e-43a5-8444-16ceefc076e2,nova 7i,1
a6b8fdb6-d8d7-4cc9-8887-cf48cf865c05,Veery good,5
1e6abf85-93ed-4d30-9918-1c7bdf218e6e,Not very easy End I don't what to do,5
a15aad8d-e2a1-4f71-a41c-8175091f3d2f,Di ap is good,3
85824644-7488-49ed-915d-85564b507fe2,Please change the emojis they look so ugly.,3
3fe037cf-1d2f-46fe-bb0d-b2fdf098208e,Do not need,4
9fe07cb6-85be-4c6b-aa67-35ec014d7984,Nice app,5
e53f491b-b395-457a-a6df-a33f69647bf6,Good,5
d8858e01-f414-407d-964a-ed02f6691dbd,Not good for video quality,3
9acae67e-ce9f-422c-8b9e-1630f839c4ad,It good app l 've been using it for over 4yrs but now it keeps stopping l will rate 4,4
4629ff66-9dbf-4f69-ad56-94509061a496,Nice app adan,5
659e6526-4c09-4024-974a-11a9807d444d,Whathis,5
eb656a40-624e-4141-b762-ce5610b989bd,Nice,5
ef4543e2-b6a2-440e-9e67-4617fe52c2c0,Thank you for your help and support,5
6499fc71-6599-4ab8-ab6c-7d58b4b88886,Nice spp,5
d7c4bb35-0304-4435-b586-bc864a3ab6d0,Wow joss,4
1a09d1ba-21a8-4323-ac5e-00ded4ea6439,Please you can try and add more place to pin more chat but the app is 💯💯,5
407332b1-98ef-4e8f-bc37-93e6aad9f55c,This app is very useful,1
5c0e0bd2-56d7-443c-82c7-df1a26fc3b65,Good,5
d156fca4-6c11-4299-92bb-83cb576babe2,Nice,5
e533e0ed-931e-48da-85e6-4e472b028983,I want to open my WhatsApp,5
2618585b-c65d-4414-ab1f-2e2b5436ad3a,Good,5
0748ad42-8ed0-4b86-927c-c681793caea0,Wonderfull,5
1c281888-b65e-41da-848e-ff2710129d47,I can not log in to my whatsapp is keep on saying i should use official whatsapp,1
45e08735-a9a3-4a59-b7f9-0f38becd4e2a,i like it,5
b7875770-7570-49a7-959d-1a40bc4f1c19,This is beachnonsense and i need pictures for references in my necklace with my friend Thandolewethu grade 5,1
f736c19b-5227-4ad2-ae76-3a74220a1b66,"It disables the Notifications of WhatsApp on the watch. If you deinstall it, you will get the notifications again",2
16323c56-2697-4648-8420-1949c6671575,Photo,5
e45926b5-c894-42ec-a5a4-4d535f25e47b,No hoid,1
938e7b9f-bc88-467c-a9fd-1258f1eddfb8,وااوووو,5
50006786-fb29-4e27-b4e3-e079bbb2a2d3,Very good very nice and ea sy to get in the way to get the results very good 💯 really good very results android to the best I like it Whatsapp app for Android phone to good,5
c98e1a5c-269a-4ea0-b93d-7c598ed52274,Masha Allah,5
bf163298-57e9-4371-8bce-71c15267fe86,I lost my Whats App,1
328fa5c0-0d3e-4b89-b209-f083670397cf,Is nice being here,2
1cfa69e6-0afb-41c7-80b5-3542efb1c2ba,Amazing,5
5ac1645d-d216-4a0f-a536-62afa904bc43,Not bad,3
0dbca8a6-5a15-4b33-80bb-cedb9f79b208,I don't know why my wattsapp number is refusing and I was using it for the pass 7 years,1
339431a5-9974-4503-a03d-725a38bc3e4a,"I personally can not give a star because its been long since have been complaining about my whatsapp, i have always experienced profile hacking, locking my whatsapp daily due to spams and when i ask about all the spams removal permanently no answer",1
b9f90c4a-4855-4958-a781-a98cc7965e04,Problem with scan fingerprint,1
5c8769ad-97be-488f-b26e-8e793b247790,This app is easy to access anyone's smart phone and good to work.,5
d8e635e9-ae00-4c0e-b8b3-8b84ca52317a,Good,5
1765ca08-e90c-42d5-822a-29d7988b7d2b,Quality apps,5
b18727b3-5db2-4c42-8cb2-92f72cdd4b2a,ok it's amazing chat,5
47f6594e-434e-4b71-8fbc-f45602d9e2fa,Other,5
bc4df996-982a-4b87-8784-8b246256a4ed,"Cant unstall,unstable, at the app one day.Not for me.",1
e43a73ab-cd2e-43e5-ba8e-7ee584b400b6,Good application to chat,5
970f2e77-16ea-48bb-8b49-7ce8a39972c6,Great,5
6fc3ef27-9140-4d24-a33e-ca5cfc27e59b,😁😁😁,5
a6ea0898-906a-4be8-a594-f307e4501282,Morning,5
c2f6244f-9190-4bc0-a886-8625771ad654,WhatsApp should support in app call recording my now.,2
9141f08f-9278-4d25-9a5f-23c319f9473d,Não consigo falar nem ver pelo watsap,5
e4dfe8c7-e676-4d81-aeb3-17a161ced97c,Good experience 😃😃,5
2b97419b-eab7-42bb-9015-e71bbf75fff5,Excellent there is no negative point.nothing more to pin point.All of the world is happy and grateful,5
76c17ac9-2c6a-474f-a249-a6fce6906f6f,My love is whatsapp over instagram 💗💗💗,5
5c9a0ca7-9412-4eb3-be9c-23d3026ae57b,Too long,5
e0f9f3ea-373c-4215-8207-6602e0127525,Please am not able to access my account so please I don't know how you can help me,5
7404480b-154e-4a5a-adb6-56108e5e79b7,Super fine,5
6cf3b988-bd28-4dba-9159-57f6beccd95c,I want it on my phone very important,5
c4011dca-0d2f-4abe-80ff-7f5a0fc22b97,Onk vlo,5
e29ecdb5-860d-4160-8d98-ba7e7437ca44,Good,5
9fda7b8f-71ba-4c51-8713-ee1a34297e06,Problem officel WhatsApp account slove please,5
be5f1a41-ba3d-4c8a-b0a9-2274f6f1eb59,Gyame Priscilla,2
ae8f842f-3a82-4e02-a414-66f826eb1220,Sach,5
82af925e-68ff-4322-a82d-8853e8379214,Update,5
087a9d22-b363-4319-b5d8-947b6e2f6b3f,It is just good,5
295b2a4d-3554-476f-baca-af438f7a7283,What happen in my account I cannot used this app Why ?,1
f1f23af0-f890-4740-a231-00d399db3475,Good,5
79e39d45-b834-4545-80b5-14ec5fd5a4e3,Michael Opoku is the most popular and most powerful and easy-to-use,5
2fa1b1f6-2c92-40fa-9094-59e628add14f,Good App 😍😍😍✍️✍️✍️✍️👍👍👍👍,5
ac3cb3fe-2fd8-4aba-aca0-9a7bea68fb80,The best...,5
b4f86e3d-fc4b-4405-b02b-40b407299d3f,5000 sharing,1
a04fd66c-6cd9-4b28-a908-3e147775d3de,Thank you so much,5
fce2804e-7c8e-4cb0-a011-998bdfab101e,Great,3
f95e0554-5a6e-4545-a29b-7da53db94daf,Very low management,1
0c238068-71cb-43b9-af21-05b1470ad18e,It's great but I lost my old phone and wanted to transfer the chats and stuff but unfortunately it doesn't allow me to do that and I didn't find them in the backup and I got so sad to be honest.,3
2a137049-860c-49db-9982-94d4ac158638,Just trying to figure it out. I'm not very technically advanced.,4
a425c939-0f73-4f6a-9295-35c6527b47e8,Excellent 👍👌,5
2504dd71-c1c8-43ff-86c7-c5173456aeea,Rafiullah,1
87b9242d-0400-4ae9-bc2d-8d009ba138bd,good aop,5
9c688d41-8cfd-4570-9dbe-d2b2ad55b633,Very good app,5
cdca9913-f324-408b-8288-fb6812391401,"It's not by force to add dumb ai to everything and the fact meta is forcing us to update to use the app is super greedy, there's no opt out option and you are left either updating or not using WhatsApp again which I wish I could because I hate this company and they're greedy unethical practices but this is the main means of communication here so I'm stuck. Give us an opt out option I already deleted my Instagram and Facebook account because of the ai problem. I wish I could do the same here too",1
93ce2e07-426c-408a-a9c2-140e63929c08,Tayyabmugjal,5
1c353a23-5f80-4947-b572-a0c7cee7416a,It's a very good messaging app. I'd give it a 1000 out of hundred,5
546e1bfb-fa23-4616-a96f-32134af3a416,Whatsapp not installed prablum. Emergency for me please solve my prablum I'm waitingfor your good discussion.,5
d2710a1d-ccef-4ff6-99a3-13449f114471,Sohail Bhai,1
d5027e34-4ea2-4661-9798-8a61cf59c4f3,Great,5
e2c4edb8-2f33-44ec-bc1c-2e115f1cfcc0,Fantastic,4
5e3f7c0b-b797-434d-8d86-bb4387df9677,Naic,5
336dcc88-7ff5-438f-b03c-78762ede4a0c,"Great app, but I think provisions should be made for us to be able to comment on Channels",4
4367195d-5708-4eb0-a489-a6a6b432691b,Best,5
4e6cdc56-5572-4469-b394-dc09b3a41599,Perfect,5
1c867a65-59b2-4035-a233-5c8ae4dd0e6d,meta ai option asbe kobe? update ache tao asche na.,5
305c572e-7331-4842-a62c-86501489fa8f,Love WhatsApp apps,5
3bc716e4-72af-4ce1-825d-b9eaedce896c,Thanks for your help and support you have made life easy,5
940bfb22-42dc-4cc3-875d-a73ea08bb318,Sajid,1
44df33c9-3b5b-4863-8a17-c3b25b8c3e72,Excellent,5
1eacf29f-3845-4815-8e7b-1674251517fa,Good,5
0b2e7bff-a9b6-47f8-b95b-52e53c5fb7f0,"I don't know why I'm ask to use the official WhatsApp which is what I'm using as if it's not enough the link they provided for me to still download what I already have, after doing that I still couldn't get to my account",1
23f4e759-4813-474b-b66c-8bd37d7c31ef,عالی است ممنونم از سازنده اش,5
fd1b3a58-04a3-40c0-81db-aee5b944210a,Member,5
35407e4a-089a-4356-b0fc-357754c0fa86,Not working My WhatsApp 😭😭 please on working WhatsApp,5
1a93be69-4252-4b34-ad5d-48f70d64fc6b,It's cool,5
eb6718e6-e94c-4af0-82d2-dd001075841e,App for Android the best,5
cd7de572-d826-42d1-96e6-1b33a7e867b6,Good,5
21f94358-b660-423c-9393-1a3c2fb3dc6a,Worst whatsapp,1
2856b72c-ec02-4322-b9f2-71fdcd3102f5,I love it,5
1a7ff9c0-4cd2-46ca-8238-fda2ea278b44,Goog,1
7c78844c-de18-4eb6-a813-38a6697f9a26,This is a fantastic app and l love to spend time with it. My most time spend very sexy with it,5
88a34281-70d0-48a0-a166-3f6c965861f1,Good aap,5
d1abd003-62b4-41fa-b761-15742200c285,It is so reliable to chat,5
75def239-fe30-4034-a603-40e1f11b79d3,Its fast and dependable,4
cfda20c0-b1c2-4d76-bac8-934c99dbd759,"It ain't a official app at all, waste of time to download it",1
80062b5b-dfdd-4659-a511-32d18c5be135,Please help me to download this app in my device,4
722bb6e7-b511-499f-9c1f-444bae863550,It doesn't always recieve SMS codes from a website.,4
5254aabf-7499-4e8e-a46c-1e24620c97a4,"firstly I want to tell is the apps have many bug to fix it , example , speaker button cant off , voice message cant hear , and manymore , i am whatsapp user , but if you can fix the bug , that all from me .",1
62697407-d1ea-4f5d-b938-40118061461a,I don't the reason why WhatsApp keep logging me out of my device and insisting im using a fake app even after downloading directly from the website.,3
94a442e7-326a-4698-8cf6-73fa7b3c3185,It's good,1
617f2036-03ec-4093-8b9e-9a251740bd1c,OTP not receiving in Pakistan please send otp on sim number bad service,1
71b3e0ab-1f4d-4413-9bb2-24e7b19b56bd,It's good,3
9d713957-9a19-49f6-a124-c9e2efe49a49,on chromebook it always crashes when you open it,1
a59e226b-b74c-474c-83b2-f380b6bdc8b6,Pieas mara ackont kho do,1
5d2e7197-0f98-4b00-a78b-37bbee73f235,but AI meta not showing,5
df989638-5709-4b4a-8b01-032d1c8ab035,Good,5
eabee183-61aa-4970-9c54-1f5647431b2b,Syedsahil,5
2da13180-d841-4110-9a65-182f00aa570f,It ok,4
7709faa4-b2d4-4421-9203-f4f6a8d42c1d,Baler app AMR phone a kaj kore na,5
284ed379-570a-4093-a52b-23aa81606f00,rsdar,5
61ae506e-d709-4943-8975-3eb2d77a4feb,"Please, you guys should give us better status quality... WhatsApp keep spoiling my video qualities whenever I upload on my status. Till then, I will hold on to the remaining Star ⭐",4
67bddede-637a-42b9-94bb-8bd42ceef8ef,Blessing pam,5
f705b655-9f23-4e4d-a206-1c14bab980ba,Enjoying,2
4d3af756-cfa6-48c2-8c61-68754d8b04b4,Satisfactory,4
dcd609e5-d00e-4d17-89d8-1f5046001d70,I have WhatsApp been please unbeen ?,3
834e840f-1d1d-4ef6-bd7d-034ef1682a04,nice 🙂🙂🤗,5
0eea63b7-a215-449a-8298-be8f20434ad6,Very good we are appreciate it very much,5
8693e979-b74a-40dc-b38f-82e05efe3a86,Kaliifaa,5
9d6aed29-f111-43cf-9f15-2cc2d9a83c47,Very reliable,4
cbf0b038-6e66-45a2-ae0a-985db1cb4ba9,Ranazakar,5
cf424c08-96c1-42cf-a831-d1a818f81300,i like so much,3
86b943b3-1a76-43db-b29c-b45d61668f04,Maijidda Muhammad iliyas,1
1de880ad-fa98-438a-a924-fddf148e5f7e,Very nice app,5
759bae02-8bc5-4f92-85f6-0f02d5cb021d,Good,5
36bf1002-ced8-4a0d-8fe3-2128bb230909,Nice,1
94a5bb01-5d2c-4b2e-b970-78307c51a0bd,Pls how can i get my whatsapp back,2
a14e97dc-494f-45d0-81af-5e9dbd7f116f,Emang panteq ni apk lg telponan kelemper kluar trus,1
3c0a439e-7f9a-4d0e-92fb-8d9de5082464,Help to understand,1
6e2e6ccb-e85c-4e2a-9373-603a4eb2fd6f,Good 👍,5
48da8586-4a6b-4ad1-9aa4-4de03e2d711f,It realy is a great opotunity to be using whatsapp massenger ... and irs a very cool app u can send vn u can do a vudeo call and so much more ........,4
3f2d029b-5605-4687-ab6f-fb84d1c8f24e,Unblock account,1
daea0570-bdbe-40fc-bec3-20b4f7b158af,Good,5
641c6d76-4981-4b40-b825-3fc7c7d333d1,Blurr video call on redmi note 12. Video call on other apps work fine,1
1a69d7d1-1990-4128-b83a-7823bab88728,Forces you to allow access to your entire contacts list if you want to start a chat with anyone. Huge privacy violation.,1
ddf3bfb4-ffae-4e46-80e9-ee4bdf98ea6e,Ewww,1
4083db57-aabe-4f4d-bc15-5c81235b187c,My account has some problems I can not get my account back,1
db44699c-5dc2-42df-b055-c285e59fb472,WhatsApp,5
97d4cb25-a49c-49eb-86ec-64de980e10b2,naiss,5
1fe40785-d8ee-4fef-9ff2-ee6e3439b08c,This is so much good App for students for chatting everything I love this app 😍😍😘😘❤❤❤💙💙💞💞💝,5
0841a984-d695-4868-bfeb-b52c68b30403,WhatsApp Colleb,4
c9ccd396-2a2f-425d-97a6-0803927cba60,WhatsApp,5
0fa8c9c7-24ff-445a-91bd-abd0dfef7822,"tidak bisa mengganti nama kontak, dan setelah diganti lewat aplikasi kontak sama saja tidak berubah di aplikasi",5
bc468201-2e83-4e73-a622-0ead0c5c0e90,Oul,5
688319fc-2537-4ab1-8876-b7c241cd8618,Good,4
2e5120ba-c226-4576-a185-462951a56bee,This app is good but it have some disadvantage i uninstalled it and download it back i open it they tell me to restore my message with 60mb qnd i did but not all messages was there,1
5c098188-f0f6-418d-b3f1-88836ef53aa4,Businessi,1
b5d4c689-9be5-40f3-a4d6-e8abe7e44d9f,This account Cannot use WhatsApp Problem Solve | How To Fix This Account Cannot Use WhatsApp,5
bbbdf620-dfcb-4a2b-9be3-4976b17fc585,Draw your mind,5
06268dfb-ce7f-4464-9738-8500645351de,Good,5
a468c945-73ed-447a-a7b2-9dde4ed0b7e4,I like it,5
8ad34bf5-e410-4393-a83b-521268c1fc95,Very poor,1
c69a875d-3637-48a2-bb90-e1fad2188fae,So good in,3
592ac012-df53-480b-9eec-124ac566c5ba,The problem is this it has used to burn account's without a reason which is not good at all,2
af9503f3-ed19-4bb6-9f7a-ce3b9ff82666,.Kashif K,5
90fa207c-8d73-456a-b376-44dc76aab830,John haruna,5
8fee69f7-b08a-44c1-bc1c-2ef2e43fa9f9,I need this app,1
e4dd15cd-3cd8-4c29-a24c-02eebc99fe0c,"Why are you alway banned my account you banned 3 of my account the last one i create it 30 minutes later you banned it, i am using the official version of your product what have i done why why why",1
3b6e9ae1-0740-44fa-8e98-3c7cafe20f37,Why would a big app like WhatsApp have a very poor customer service set up,1
8111c030-9601-4cd9-af0f-a189f876c00e,Good,4
e364dbf1-90d0-4762-bb2b-8438c1680656,It's the user friendly interface,4
bd681235-b7ce-447f-a89c-d173e6920f22,Health insurance,4
f5c78ff2-f574-4ed3-828a-fccff2cbddff,Yes WhatsApp need the life,5
decbd4ee-86c7-4a00-87d9-89697ea0a93e,Masta,5
d615c514-14c0-4ab9-82c6-d41e0bc2c53e,My WhatsApp is banned plz unbanned my WhatsApp,1
48dad97f-cf36-4961-bfd2-3101f7a83183,Great app for use.. And easy to understand,5
be369af0-39e9-46b6-93e4-b4595e0be755,🥰,5
e9fe5e94-6f11-423b-b210-1041b6aa3a47,What can you help me? My WhatsApp history gets lost every once in a while and I have to delete WhatsApp and reinstall it. What should I do to not have this problem anymore? Thank you.,5
8fd97d78-02c4-47bb-bfde-3c680bd1dfb4,"I'm having trouble with viewing videos before sharing But otherwise a great app Edit 2024: yet again the same issue has returned I swear if I didn't need this app for chatting I would uninstall immediately, instead of sorting out the issues your add dumb thing like AI and community, sort out your issues before adding more if I could rate 0 starts I would",1
625682f3-8641-4685-9cb0-1d04b428ae1f,"Why are you adding unnecessary features in WhatsApp it is draining my battery. I get a notification it says ""this app is consuming a large amount of energy in the background"" every single time",1
aed6c393-197d-4ba0-94c9-11c6867650d2,Masod Ghayat MACH ALLAH MRAOC,5
00edae7e-393f-4e2c-9672-8114e33b861a,"i didn't experience good because they've been blocking my account every time,I changed account more than thrice and I don't know why 😥😢😭",1
32b97ca2-5938-436d-8203-09fb0e778b18,Good 👍,5
06d28e62-11b8-493b-9479-102febd96d6b,Very nice,3
f9bae9ac-6cbe-4ce7-b473-73ec602119a0,Nice 🙂👍,5
a5c0067d-b357-4264-9985-91a3906eeb7d,Good,5
be97f7c9-1671-41b5-a606-507c2a05ceb9,Not work betar,1
9e157368-c2f8-4121-979e-6c2c16488dcc,This Whatsapp app is good I like it 🥰,2
fee0bc44-979a-426f-9198-5eb71fb89fbb,Experienced,5
91b7e091-c1ed-4c04-940d-43553e9d1ad9,Excellent,5
63b8210d-37c8-4687-866c-98cb5ceb93c1,whatsapp download nahi ho raha hai,5
142d7aab-6c99-4691-aeb2-e1b8eb43360e,Wonderful,5
f54aae82-c753-4b8a-822b-4eb3104884b9,Verified my number WhatsApp now please refund my number,4
5d7d5f42-d14c-4368-88f1-63891b9bcbdb,Kak,1
91f50075-865e-4c5b-9992-9094d4d64cca,Yes. Please am sorry for give me,4
00c6dd94-798f-49df-b2f5-eb4084d56490,Op,4
4a99d08f-deed-4d80-8f5b-ad6a2c52ff02,My dear sir I'm not working rong work Why u baned my Whtsp my Whtsp is very Old.. My work is stop Now ..pls start my Whtsp.. My totally work is by whstp.. Pls start now,5
194abfdc-77a2-435e-b678-55a59312bf97,The app on phone is better but great,5
0ee360cf-72db-42e8-959e-a098312d8b35,It always deletes my account,1
4be083ee-242a-4075-a514-55263d98bbfa,Good for intentions call,5
72ec61c9-6ff2-476e-afa0-5d5ca2b47489,It would be great if it can be like telegram,5
5e31a53e-5c8a-4de2-8e7a-a571dedf53e9,Super ❣️🤞🏻,5
6ce94e57-e5d3-4329-993c-785d0733f43e,Super,5
f8af8398-9341-4b66-9320-5f084495444d,"This was a good app , no unnecessary issues used to arise . However , for the past few months , its updates without reason are causing harm . My account keeps getting banned for no reason and when I try to reactivate it , the verification message doesn't come . And if it does come , it gets banned again after 5 minutes without any reason . Whatsapp only sends automated texts via email , they don't have a solution to resolve the issue . It would be better if it is left as it was before . 10,380",1
d1d644ea-859f-469f-9210-f1908a0c3d7b,I have been using this app so long I thank the owner of the app and I love the new update and please keep on bringing more update,5
9ee75a7a-c8b2-4c2d-8ef9-b6f4bf230c95,Master,1
c2ddc293-d2a6-4d01-86c3-900037b015a6,😍,5
8349054b-430b-4fba-81f9-0b35f011b4e9,Whatsapp also has meta AI that you akes anything it will answer,5
cfc28ce8-f2f4-490a-9a3d-e508c001caa8,This app is really nice,5
78b6b934-98c6-4262-9598-bfdb21287a33,Better,4
4f9fd7e4-47a2-492e-b6f2-212ba425f5a0,It's a great app you need to try it out!!!!!!!!!!!!!!!!!!!!!!!!!!!!!!!!!,5
8de14435-1e24-405b-987a-73f236a3bf1f,Draining phone battery also numba 1 !,1
6be987b0-5715-4b9c-8c9b-26a9315fa794,Awesome,5
37c9ce82-10a0-4a32-82cd-0c1206e12edc,को,5
e0404c37-ed5c-4550-98b3-ae2fda752000,This type of Whatsapp is fantastic because it has meta a I,5
011b4465-cc4d-44ad-a7c2-2b675383a0b3,I am enjoying this app so much,1
98240969-656f-4b4a-92d9-3f76e482f936,"The best and easiest thing but when you screen shot there should be a thing that says ""John took a screenshot""",5
71adefa1-ac11-417c-9183-8af300d686d6,Mustee yaro bayamasta,4
cfa4ee86-d93d-4ebf-9c40-ed815e7d5a84,ઔ ૌઙ ઋરઙફત,4
2d968dc5-ba11-4144-b143-2aea318125be,Maqsood. Alam,5
9591bdb2-c87a-449d-8e1a-6394857cb16a,Nasty,5
bf3e6e8e-9b62-4985-91bd-4a8a7913e48e,Hallo whatsapp support my whatsapp official you need official whatsapp option please my problem solve,1
1b863626-2fa8-49c8-b0d5-3f2642f9252d,good,5
ef9e256d-7432-4de8-9efa-9351cc00da7b,Optimal,4
9a23ebd7-db06-4dd9-bbab-eb235c9d1a5a,please remove tha AI,1
a32c85ed-a115-457f-b9de-cbb4fb857434,Great,5
ad7325f7-aed2-4c86-a6ae-7de68c8fca43,Poor in action,1
52ae01c9-53b8-431a-a359-5f0f46db3945,I love WhatsApp because it makes you message private,5
7df096c6-2f1f-4eeb-95a8-8d244b767ec9,Please open my whatspp,2
dd567a09-35e4-429b-bf52-d5decb4c05e8,একাউন্টটি হ্যাক হয়েছে একাউন্টটি ফিরিয়ে নিয়ে আসতে চাই,1
e2a4f399-2980-4fa6-a62d-2b45957733c6,So happy,5
c032b5d8-dc0a-4c03-a230-84c0866d8bf2,But this app doesn't have meta AI in my mobile why?,5
a5699df1-6d69-4e41-b427-4bf882691a09,Good,5
6baf3516-6d8d-421b-b96d-cc67fdf299cf,I am so in love with this new WhatsApp update ❤️💯,5
60d42c67-1b1d-4286-8211-dbe3132732b6,Bad,2
84a84471-e89b-4c02-9600-a098b5708c23,Very sad wasps is not open?,1
d05cccd1-52e7-4192-a558-ec0da6365768,پلیز میرا واٹس ایپ کھول دے میرا ڈیٹا ہے اس میں,5
12ec6775-e94e-4614-9892-c934cd10667a,Abba usman adam,5
0954f887-8b7b-48bd-a67a-507bcfe9dcb9,Awesome,5
4fe7ae41-c322-4819-b7da-09dd9100ebc5,Dear team. Kindly resolve the issue Need to official whatsapp to login. I have official whatsapp installed. Verification code not recieved. Error your phone number is not verified. Kindly and resolve it asap,1
f2bc4c76-6ea1-41d3-88ba-05385fc837ae,Slow in downloading an app,2
371c43bb-157e-4af7-9a9b-a99ffc62fde6,Axmad khadar Deeq,1
62f19855-19a1-4fc3-9d2d-b1ccb3e44183,Is a great app,5
8c37210d-11d3-4c8b-a5cb-f15ee9b2e38b,Is the best,5
9aeeba7e-eb7d-4868-bdba-936a98242fa6,Bansilal,4
8f78fba8-27a6-42aa-b5f1-34326794aed0,Very nice pics,5
ee8449d4-ca8c-46fd-b46d-843a27fd7457,Frustrated by frequent updating.,1
1cad1ed1-a095-459e-8798-2575c7cecfd9,OTP issue...OTP was not receiving my mobile number..,1
8d3961ac-c4f2-45a1-8b0a-4d7e13526b31,Good,5
b5cea7aa-a5ce-442c-b08f-270b151c96f0,Good,5
89786b84-113c-455a-b7c1-3e499a48198c,And the number of devices allowed to you and toys displayed on Saturday and Sunday will going to outside the work and toys displayed there are you send the work of the day family members please let us know you have to you too dear you have to go the work for me to get a chance please bhej do yah mothers day was very nice of the day of station for your time and consideration the work and I am doing my best wishes to you send the work of station in Hindi language work I was so nice to meet numbers,5
f7ba0e25-e584-456f-b262-bed26f6f5166,Bad bad b,1
8e760473-efe5-485a-92b3-d6935f3166c3,Beta version is still installed you might want to uninstall and reinstall this app but why..?,1
d8d2cbeb-b78b-4c95-8d11-51492750882d,I prefer more than anything,5
c73d7537-c49b-4601-8a80-10d1ab5c0870,Good Excellent,5
d61b0bfd-33e0-4db5-9955-bff6ce2d42b8,It is very good,5
fd3d7189-539c-4153-aab9-e71833797e2c,Best,5
c8964033-975f-4a4a-adab-0a7ee368a102,Family se bat kar sakta h,5
97f0a19e-6912-49b7-9ed9-6bdfb9645756,It is the besr,5
79141e88-9a2e-41e9-ac1e-79d2cd6358c6,Nice,5
b30f525d-3ff4-489d-91e5-87ff78f127a4,Good,5
aefae1dd-5157-47b5-a043-9140885b4231,🤎,5
e9496bf5-7f21-40ae-80a3-3386183e06e2,Excellent app using from years,5
e8e847cd-0b49-4aa8-a93f-0d0360d9e13a,Nicr,5
5a79d340-fc7f-4233-8345-763b391c330c,Good for message simple to use,1
94558831-663c-4326-be3b-06780c555422,Specification of neutralization,5
cb3816ab-867f-42ab-a182-86b5ba4c76a5,Moto,5
7e489946-bebd-4184-ac3d-76fbf14cb297,Thank God for my wife,5
3c47f828-ae73-432b-945c-9634746705b4,Ti nice,5
38deb72d-ff2d-4cc3-a487-ae0fcc4d0b59,Very easy to download,5
02116b1d-ca0a-43ad-af0e-70a51108948b,"I like whatsapp ,ilearn more",5
cfe9b039-32dc-4d8a-8b17-fe27330ae549,Friendly,5
be30b221-8778-4593-95b7-9d4b8419ad14,Good,5
7f84f4c6-cb51-4a86-a07f-0dc8a1f57f5c,It's terrible,1
ca349737-3d5a-4c32-b69d-23ce457136c8,I have been trying to download this app for days now. Please fix this problem.,2
94355f0b-60dc-4e0d-bfc6-27ec66c46386,My data,1
9612bf49-fce5-4196-88b0-2cdcc19581db,Update this with meta feature,3
77677f85-8d69-4963-b773-4d2e912c7de8,Not connected,5
abebd195-6823-4eb4-8475-88da591838f4,😀😀😀😀😀,1
910cf951-a604-4686-953b-2bcdf1704da1,Nice app,4
2fa6bf63-bf77-4069-afe2-15daf0cf858d,It's really amazing and end to end encryption we can easily use the app and can tak to each other very smoothly but some time it may show issues as we know everything thing in universe have good and bad both type of defect and it's very safe business person can also use it safely,4
4503ce82-7e78-4f81-abd2-b52544f62402,Best app,4
8aa51cf1-7c1b-443b-8e11-7fd00bfe8b17,Why my whatupp storage always full ?,5
6a8336f3-f4c9-4458-b6a0-311aac0bae8a,The app is mad like it was going folish,1
c6a004ee-1174-462b-8711-bb9530283147,My WhatsApp has been no longer due to spam please unspam my account,1
3a6a1b28-af95-46f5-b2cb-6b4f1e8474d8,I don't have much to say but keep up with the good job👏👏,5
e6c074d7-bc87-4f6c-b58e-d1b3f78d2131,"Hello Can you separate groups according to priority such as for family, work, friends etc. quite dizzy if your group is too many. sometimes I fly to the Moon to Find the group. ,,👿👿🌜🌛 Life is easy, right? Why should it be difficult for something that is easy? Should you drink kratom first to think about it 🔥🔥🔥🔥",5
e917ce48-ef9c-4863-80d9-cbb853d4bbe1,WBoy,5
bd97fff3-dd59-458e-894f-5e1a75e67d1d,Amazing 😍🤩🤩,5
e971fb06-f55c-4ef7-9943-972223fed6dc,It told me to update my whatsapp,5
85b03f4c-bb44-44cf-bd69-b44b441f958a,Great apps verry cool to use,5
81672471-497f-41ba-8b3c-2dac2acffc72,Good,5
337b6b28-6605-4033-9da8-b9b4b21a37c6,Please change the settings of the Fingerprint authorization some times it is not opening at all..,1
fd496aee-fe41-4137-aa49-c734dd225c49,No login,5
463515b6-41d0-4df9-b7d2-bf19b54aa254,I like the app,5
d27e62a7-fde3-4e56-aae8-98d5b3f80b56,Cool,5
e4b4f4ea-74ce-49ca-96af-58622c69624e,Nice,4
50d38188-653b-4506-b9a3-a6d6f447f412,very good,5
fed844ba-11e5-47f1-9cd7-51edc08076ef,Good,5
dd016e83-7626-4cd8-b6ed-e2d4e290a42d,Are yar ye keyboard se h or m hata de to ye lerki din bher hm hm kerta rehti hai,5
53fcfb3b-680c-4340-bdf8-ed312da802a0,so happy ❤️‍🩹🦋,5
70aca4a6-264f-45a3-a2e5-47a2c4b2788d,good,5
1a8321b9-73b6-43b3-a3bd-6c7bce31ef70,It's very nice,5
0ddcc08f-f443-4450-aec7-71ee11defbca,whatsapp messages,5
0135758b-49f0-46e1-9ab0-fec338c86db3,Nice,5
5eed9f6d-fcb0-433c-b5ee-235ea04f2351,"I'd give u five stars buh I'm giving u four coz I'm unable to decorate my WhatsApp n I'm really into adding different fonts n themes on it so I'm giving u four stars buh besides that,other features r just massive n the meta ai rocks",4
216e8e9c-e11d-46d7-bfba-7cbe6565292e,Help my whatsapp in banned lam facing problem,1
ed8a2830-76e6-4b78-892b-10b2e703d534,Chokh kiri di sikim ichina torklar bililar 😂😅,1
943a1773-1453-4a78-a87c-50b54c159255,"I can't send voice message and can't download any media, I'm desperate right now, please fix this issue ASAP.",1
e8d5b362-e924-485c-8a5f-d60b9659e646,I've always liked what's app,5
2648bced-a3e8-4a2d-9c29-eeb08d5e5afe,Good App,2
652cc1e6-2a77-4627-8a96-2abab8122206,Good,5
a24bb853-2745-481a-a0ed-dc7b0a8188ed,Regime,5
cd76a97b-c9cd-43aa-b083-c6afd154c8a3,Always crashing and message does not come in on time and go out on time,1
0116fe58-e999-4624-9f0a-c7a24d54197b,It works good,5
29875e41-2115-4d46-8f20-0c3b01fb41af,On,4
c1bea568-f474-4b3d-9a03-86de6bff8bfb,It is good,1
448571a5-1c13-4203-8840-f3cccca6eedd,So amazing,5
81eba478-c89b-49b5-968c-0222cf135e0f,It's good,5
2a4da0a4-4339-4b9f-be0b-96a9f7ccfe6c,It's been great using this app,5
34f94759-b340-4a5a-9c38-ae68d01ff332,Miriam Wayua kiema,1
105aefb4-c1bd-4af1-a110-5feb5a660749,I just like this app,5
7161776f-7f92-4ed9-b9ab-848cd32c5dca,Not working now you block my what's p for nothing,1
9fd88e12-6a7b-4534-be69-81e9e817ee47,Awesome experience,5
de021f6f-5e94-45c4-bab2-8aa8d5c6b8ca,I updated it many times but I don't have the meta AI,2
975a7e55-1694-4a6a-acf1-47be2cb22bb9,It is a nice one,4
4211a098-fe11-46d1-a24e-1135d64de3aa,Good,5
7bea7e8b-c5da-487e-b48f-f6fba688143e,Awesome,5
f05417b2-b0da-4cb2-8a87-01670e094e36,amazing app I like it,3
0594f4cc-9b43-4b39-a60a-a5a380d831ca,It is good app and I am very happy and save using it. It has a good features and it is the fastest and easiest app I have used so far.,5
9a0a5458-9a13-4adf-b46f-8b7b3652a99c,The app. Is reallllllyyyyyyyy bad .,1
7489f37c-12ab-4dae-9e0a-e5393599da0e,I love this app Whatsapp I so good so my is Richard and I love this app,1
258cc85d-50fa-4748-aa56-3866f0825947,I am using whatsapp,1
66a422eb-6fd5-404b-8e43-348b10bf6400,Mantap,5
c523a0fb-14b2-4616-8a8e-370d756046d7,OTP not received,1
468af13f-b475-4493-b4df-a16b8e6ece7a,"My WhatsApp does'nt work,please install again for me",1
541555a2-3290-484f-b4d6-c36b58debee1,Remsd,2
3fe535b3-5c94-46ac-9867-3fd01a2a7f90,I like the meta AI very much,5
ff302ca8-f235-4883-8c7f-486fd5c5a91b,Hallo my friends,2
d11892ba-ca57-4d4f-96e5-4c7b70943bf9,Okay,5
bf7807ec-b66e-4d30-a5ac-94f32d47e127,Very good app,5
49dc8fd0-e359-4f1f-b49e-066083244057,Best app,5
aed36db8-9c96-4e28-b792-0b3979a93ce4,Ajay Kashyap,1
db0c37db-3851-44b9-aea8-9721729e3939,Pls Open my whatsapp,5
694db346-7208-47d7-add4-0abf4dee7953,"This app is great... it's easy to communicate with your friends, family and loved ones ❤️",5
ad0f2864-2cc9-4aa8-8f37-df79c1d3730c,This app is very excellent and it helps much,4
b92f601c-f2f5-4449-a07c-a7568a2268fa,Tom and Jerry,5
ad6f1586-9681-43bc-8b69-f9c5d4062925,Accountant private firm in Pakistan,5
c79c7ef5-f81f-44d0-b672-3e0e364cee02,Love it .,5
60a71a1f-5f71-4a05-a65b-5818770178bd,This is an great app,5
27fd9dc3-e3b4-4558-8c16-738b6ec8dca2,Best Service,3
9ebb876c-6f82-4a28-bcb0-d0eb9753741a,GREAT,5
3c065034-1c8f-4c96-99f6-37f5f663b82f,This is best avoided app,1
821c28e1-5628-4077-8276-45f412bf4439,This app is so fantasy,1
2f33d024-e70e-4599-a815-549f87f45b13,Very good but please unblock my account,5
26444182-91e8-45e1-b769-d917ae9e59f5,How to use old features?,1
d0fd67fc-d297-4456-ba1d-a76909e67af8,Good,5
2cd7ae8a-ae1f-455b-b8db-ce48124724da,IT'S JUST A ALL AROUND GREAT APP FOR ANYONE WHO DOESN'T LIKE SOCIAL MEDIA BECAUSE OF ALL THE NOSY PEOPLE ON SOCIAL MEDIA...,5
da64d2c6-8663-4b7f-825e-638c96bb86e2,Great just great,5
36ae8158-1ed6-4b23-9857-a7e23e5d716e,"When he receives about Meta AI for Whatsapp Messenger and I did not receive everywhere, but it will last soon!",5
05e02e50-023b-437f-a01e-1990233aea40,Easy to use,5
eb86436f-def7-4a49-883e-88d3e6d64761,I like the app,5
aa6bfd51-3765-4e73-a1e9-439f234159d6,Why can't y'all send videos in hd anymore ?,1
e3bb46fc-a8c7-4c93-9316-50da4751d42b,Tiagomarreirosguedes,5
47d9ad9e-b23a-4934-96a3-8d6999ebb923,Abdiwahid mohamed ilmi,5
c0db9b38-fa50-42d4-bd42-d69743fc7825,Good,5
36878dc9-de4c-42ce-90bc-f4672c09ee29,Edenic,5
5f24804f-568f-4979-b861-aaa81ae6dee1,गुड Good open whatsapp for use,5
d53957a9-25ca-4900-ad00-058fd93a0689,Very good,5
c06078fd-4443-415f-b1e0-abc0a1366718,Excellent,5
e4e51bac-b456-4981-acbc-47380c7dd553,I am having issues trying to open my WhatsApp. Am getting l need the official app to open my chats. How can l resolve it?,2
4f1a80e7-b007-40cf-820f-c1d0599d7d3a,Good,5
ad2dea2c-4af8-4b1d-962b-4753a46ff762,Good app,5
169606de-27e2-4145-abcd-83d4fa142935,Muskan,3
fee39488-2305-4b39-89fc-2db0fd125372,Very Good,5
b4061cb0-6e84-4ff9-85a1-a235f445b1d8,Not working h,5
2770299f-467e-4e94-ad07-d40e30941d2f,Ok,5
e431b3d6-84ee-4432-8653-c5aeb1d1c3a8,"Now we're forced to use AI or to see AI suggestions all over? No thanks. Also, draft messages still don't save in the app. On Telegram it does, but not Whatsapp.",1
51ce9f14-5066-48c2-9d90-3044f3f3c486,Always it Force people to update it . If they don't. Their old vision apk won't work,2
61e079d0-fbb6-4e29-b615-9935601c18ee,Good,5
929aaf91-d49f-4182-ad4d-c5ff1c8f54c2,Im using my new A15 samsung. Why is my whatsapp lagging. When im on whaysapp it hooks the app for some minutes before releasing it to continue. I had to change to another samsung A15 but still having the same issue.,4
d63f8f03-84ed-44b0-95f3-4dc61df30179,Good,5
e5a0f660-3b74-40c6-aaa8-acb9a102ecf3,very bad for m,1
a33e3033-094b-41c9-a227-456d4efe8f46,Excellent,5
5afb666e-9f8c-4c02-9cba-53e29fcad0cc,Good,5
2b83d283-f08a-4288-be70-344d50f16abf,Best app,5
fc0035b5-53ab-43fd-a8b9-c1bc9a32b657,This is grat app bit I used this phone why sine out gain in again please solve this problem,5
083da976-980a-41fe-b2b3-7ca6e1fae8b4,Fantasy,5
fbd64f9e-9d8c-4038-8c46-895c67266fae,Ill like it,5
c694cf5b-4ef7-4a24-8c72-99e071f1ab5d,Good,4
f7993e92-bb88-4f80-b7f5-d3de7300e06e,Good apps🌸,5
7fe35dc2-3f26-422d-aafb-bc616ccde5a7,My WhatsApp is not working with my number,4
59d2d767-8a98-4ee9-9676-e4d0797b9312,It's good,2
1b6d87c5-d834-4a67-a506-a84f754faf1f,Omg,5
27d50200-48e7-4c36-a951-23fd086beb2e,good,4
f4805621-6309-4524-89bf-145a5c23e0b5,Jan Nisar,5
4562a845-6abe-4802-934a-66ef106eccc6,"New upadate of whatsapp""Follow option of celebrities and pages is too erritating""and also there is no option to off this option, please remove this update and please upgrade a new feature is that "" High quality/Original quality photo/video upload on status""..",5
b72e8203-1da1-47f5-a655-a589de86cd14,Gert app,5
d75786eb-723a-4cd5-b794-2ec603501775,Tooo,5
4d237ade-eb39-4175-83c7-b6a18fcd7243,Good,5
a1b8b2a0-3b10-4b9e-bc39-3feec4a60a28,Ali is a,5
c2464efc-bb95-4d7a-95ee-766cd8293621,Uff uff IIS itta,5
2e712aa5-7356-402b-bf52-5a0211cae811,"Yaa too face lock on/off ka option add kro , yaa fir isse band kr do bhaii raat mee fingerprint lock ka option hiii nhi aata boht time tak bs voo face detection ke liye ghoomta rehta hee andhere me 😾",1
e9fd2b30-7f54-42a3-9a4c-7e63792220d4,I don't like this app,5
786f37d3-ed60-4947-a5c7-6e86854df5bb,I didn't get the blue 🔵,5
405c08bd-e655-429b-a363-20cc03c4bbe7,Maganda,2
379d226a-0a86-4a85-ada8-5f5df2832d12,Very nice appps 😘😘😘,5
246cb8cb-a01a-4c45-b80b-cd97b910a47a,Having trouble receiving OTP for verification process since 3 days. I can't use my whatsapp account now. Even whatsapp team is not helping me. So bad.,4
497e9362-3cd1-459c-9b28-2f3293072a4b,Md.Rasel,5
ff45a791-7f5f-44a1-9ec0-2d3f94ee05f5,It is really a very good app...👍🏻,5
b6b183bc-ba24-490f-af70-2c70d1ce0e59,Kjan,5
d6d0e4da-0050-4f1c-abd7-7a72c132d73c,Please 🙏 sloved my verification code,1
94e116c3-3db0-4fc5-9417-4f41c527bf8c,I've been trying to download whatsApp on this phone but it doesnt allow me to,1
8823c9e5-0766-4166-9689-a05c9fabe12e,0157্্শ্শশশ,5
c48508c0-eb9c-4926-80ea-ad538cb113fa,Bob can . Bbbbbbbbbbbbbbbb By,5
2351560e-0e40-4a06-ada1-80abb29f1e4b,Neema,5
5289ac40-fa13-45cb-8222-b564e31ff312,کصشعر,1
e9819317-8121-4e52-b76d-9f956b29feae,Good,4
94c14dd1-3b53-4a2e-bc80-7d8ca164a366,Ok,4
ec44eb6a-c7ff-4a18-9d55-104027e98f95,OTP problem whatsapp is creating somuch,5
2b980f7a-018f-48db-945f-810eb48b1ce7,After updating I still can't see my Ai,3
f8b06f68-1e19-4b3c-9ffc-2129f595b6de,Excellent more excellent 🎖️️ thank chanal starf,5
29ee82a2-d35d-44a6-81cd-e6755704e8d7,good night,5
9889a646-695c-4916-a882-b8263281c041,Good work,5
881bd58b-8a8d-4512-97a8-65dd3d350abc,Free space and the first place,5
6c3554c3-cffb-4428-8fa8-77af236b9240,Good .,4
0be451e6-0f21-4845-b8f4-7c86add5e59f,Good,5
20990441-534b-4589-8d00-af32d8f41d97,The app keeps failing to respond then it closes. It's been that way for hours now and it's getting on my nerves.,1
a50caae4-f156-4796-8ab1-4517f8157b3b,Nice though need some other updates,3
fd6548c1-5bb8-4f22-af97-4518b7366930,Very good and interesting,5
278765b6-0fae-4a7c-97e6-749229a7d331,Very easily to communicate with my friends,5
aa886cb7-ab1e-4dfc-bac3-be5a68263aab,Bhaiya ji,5
21689a4c-23b6-4f81-a487-1dcd2cca8e85,Mazhar Bhatti 59,5
e1012ed4-1696-404d-8054-bb6fa72a787a,Nice app,5
ff694a35-3881-4cf1-84d1-3719c4691690,👌👌👌👌,5
366882e5-7624-49e5-8a91-574e2d4a77a5,9o335 93,5
fd60ce20-5ca3-4c07-bd6a-8302f696d95e,Awesome,5
26c2465f-7396-48c8-a8f3-f8f3956ed654,Classic and not at all personal,5
440eae7e-c2e7-44a1-a7a9-58a3ac2542cf,PLZZZ HELP YAR PLZZ,5
ef7f7e64-61c7-488e-ad67-911cd19aa009,Fun to use,4
cc6427a8-5862-4c26-8247-b7cd99abf344,Nice,5
bd3dd281-974b-460e-beaf-1d89702ab183,Nice Developer,5
ae086ef0-1a2b-424f-8e93-17c7fbfec54d,It's amazing app,5
aa01ba62-a90a-4b31-b326-d4f2daa4e171,Please can l download WhatsApp,2
d0593257-2f06-4f7e-a8e3-e27d6b34aba0,"We are not getting benefits of p.m sceams made for public,though we filled all. Farms settled by government.",4
44c162ea-73f0-498a-9623-e571697e819f,Outstand,4
81ba61e8-8d7a-4f34-b5da-5e3898faf706,Whatsapp,5
d14ce21f-52a4-4787-95ad-d6d241f7120f,MASHALLAH,5
da63860f-00c0-492a-990f-575344f933ae,I was enjoying my account and all of a sudden Whatsapp restricted my account for no reason I didn't even go against their terms and policy 😢😢,2
a8007c3e-9ca6-4109-b5a8-a4512cec50a0,To good,5
a10be38b-6bd2-4bc3-b579-71fdfeca20ff,"Please help me , by mistake i unstall my whatsapp then i installed but my all. Chats and data has gone , please help me to restore my all data please please please.",5
6c195f06-ee69-4170-b98d-b2e4ea3be127,⁹ Lal Mohammad,5
1175b9b1-f98b-44e7-b517-71e6adb52370,super,5
a48240e8-bb13-4d5a-b1d0-9e13a36692d0,There's a glitch in your new update.the do not preview notification on the top screen doesn't work it still shows me the texts I received when I swipe down and also who I receive from.its really annoying.been trying even had to restart my phone thinking it was my phones issue but no..please check it,1
93fd2dc5-f42d-4e1f-afba-84385ad1faa3,Common app though...,5
a6d0f5cd-a73d-435d-b240-3222159f2aac,Sir meta al kya h ye ise Hindi m bhi updete kar do,1
b2b5fd46-39d7-49eb-8222-05796eb2a962,Rimon,5
5c705f2e-1bbc-4d3b-b970-bcd9abaaa690,It's good,3
36bd48eb-f687-48ec-8b6a-2ed4d73d89db,It's not showing the names of people,5
2b15626d-d2f2-45a3-8ee6-bcc513661b23,good,1
8a937b28-5480-4740-b760-00f5f1dc737f,Ok,5
bc9740b7-44c8-47ec-aad5-e5cfafb88c0f,he doesn't want me too post status,4
0cf4cee0-4f2b-427b-989a-de9bb0e886dc,Good,5
71fecc50-0f76-4964-bd63-5f4de973548b,Give mate ai long time memory,1
f7a855d0-64ab-453a-895f-343b5e51e7f3,Iam a what'sapp user what app ia not update iam studying 10 std my school in this WhatsApp the what'sapp is out date pls give the solution for me,1
9d186193-d7ad-48f5-8612-62b0c734d590,Messages reach very late,1
66d7e805-2c47-4a91-a77e-5c802850d388,Good,4
d15df24f-854e-49ac-84ce-be102d898ad8,Best app is good,5
da6ab185-44cf-454a-9c20-cad204895cea,Nice,5
8274a41c-3832-4422-a2aa-1c5cfb800f45,Nice,5
4e89521e-5fa3-425e-9ff8-ce40a1698ea6,Very effective,5
310c656a-c3e2-4c5a-8e86-09bd9c59eb8e,Bad,1
863b5729-e504-41ad-9ec9-fa50596ca954,"One of the best programs for messaging, but I wish the screen fingerprint support would be improved",4
7aad2f67-e891-4b9e-95ed-ca471bd3e451,Good,5
638049e7-d24c-427d-8765-a8c00dfc527a,I don't like the new update when I'm on call,4
e3c8a9fe-f669-4657-8fe6-82ce9dba29a6,good work what's up massanger best quality,5
9163f535-1afa-4a52-b448-2922af044ea3,Kushwaha official 🤟🤟🍓,1
2e48704e-92a8-4799-a1c4-d5b64c9f1720,Very good,5
ea8792fb-9e8c-44c1-b8db-35c5e2eee0db,Good,1
57e90471-bdab-4d6c-9c08-2bf204df8066,Draining my battery,1
0e1db5a8-422b-40a3-93b7-25744f9fde9c,Just wonderful App,5
6c17e667-2926-48fe-9d78-1e3f0b45770f,"It's not worth even one star,how can a WhatsApp block my own account and say its spam?did they check the person uses or what,have not committed anything wrong but my number is blocked it can't assess any WhatsApp account,what's the meaning of this actually am so disappointed with this",1
bae76155-af14-400a-bdb9-04208f011a66,worst the app crashes every time when I open,1
edbc4749-c091-420a-bd39-24e1de106e94,Good,5
7d8c39bf-d2bd-4a5f-aa48-7158b804e5bc,Whatsapp bad ahe caul kara,5
1a0cbbf3-ae49-4e10-9ee1-149033f949fe,The app has been behaving strange since the last update. It logged me out first and then started to give me error thaty account has been blocked due to spam. I requested a review and got a response that it was done by accident and the account got restored but then after a few messages the same error. I requested a review again and again was told that it was an accident and got the account restored but this time while I tried to verify it says that the version I am using is not the original.,3
48684fe9-6534-47d4-ae28-8d7354cea7dd,Worse than before,1
c9b595e6-6d28-4bee-90ec-eb8e3601e2b7,Good,5
606e74d5-2e13-442d-b6eb-2293900469b3,Good for user friendly,5
dcfdfadb-8fda-46d8-8eab-9cc61f7dcd2d,Good,5
3529f66c-8c75-4c5c-917d-64d148eacb95,OK,2
7a01714f-6c18-46fa-afb3-b102b0c0b5d7,Good app,5
958d75d3-cf61-4549-8b4c-119c7eec5455,Thanks for the update,5
9ebcfeb8-f224-44c3-95cc-105ab6a68ab9,Download,5
bf208834-c4b9-41c0-a2a4-dcda38e272e3,Good,4
ff4d56bb-3119-4782-a00e-e7f2ec1cf9da,"I suggest easy backup of whatsapp data on cloud and so easy switch mobiles without risk of loosing data and contacts,option to convert normal whatsapp to business without loosing any data,option to earn from videos and reels like youtube ,job offers for abroad for Indians with all expenses tickets etc paid by employer ,this will be humanity ,option to pin 20 contacts or more,option of whatsapp without any mobile number ,means OTP will come on email or mobile even if mobiles no.is not working",5
4e7877d8-6ced-4c03-bffa-d6f5fe05266f,Good Good,4
349d1005-ea7e-4335-9c74-bcd01bfae74d,It can not be downloaded,5
d8e88213-9f1d-478b-888a-1a691733c15f,You need official problm,5
348b8033-a77b-4e36-9dd7-67c8869c9453,Heart.,3
db92ad59-aa4c-41a0-864a-c76e71aabe06,W w to make sure that,4
7b012707-7e69-465c-b784-bf3fe7e15bb2,What a waste of time Iam still waiting for the code,1
62957967-63ef-49f8-928a-962a2cc53335,Can't gain back my account 😭😭,1
264d9ae9-43b9-40dc-af16-03d56d53b1b0,A very nice communication application.,5
d5d0950d-be88-4774-9d98-13a5b898f73d,Good update,5
64752adf-c31c-42c8-ad7b-27334ca9f3b1,Good,5
0130055a-e287-4b1d-bee6-2daa75915b56,This app is very nice,5
5a31112d-0e41-40d3-a782-466bdf520ce5,Esay to use,5
5f903c65-17a5-4256-bafa-19b24f1a61fc,you moved the tabs to the bottom to then clutter the top part even more. reverse the UI changes!,1
0d93ac9a-7235-49c4-8c3c-9e250f4e8370,Nice 👍,5
0693c59d-6eb9-4555-a645-8e21c1087295,"I'm experiencing an issue with re-registering WhatsApp. After entering the verification code, it prompts for two-step authentication. However, when I enter the PIN code, it says it's invalid and asks me to verify again. I waited for 6 hours and received another code, but the same problem occurred during two-step authentication. I chose ""forgot PIN"" and it sent me back to the verification screen, where I now have to wait for 12 hours. This cycle repeated, and now it's asking me to wait 24 hours b",1
88458511-3f45-48c2-abab-0b6033c2b742,Lehlohonolo,5
20f8d1eb-5e70-445e-b58b-7abe52ca6ce7,Profoundly helpful,5
8ea25878-5ee9-489a-9169-785caf25f1df,Plz give me AI update,5
8c5cfc6b-bf5e-4aab-8150-806b2f3889ab,I love WhatsApp,4
b19eff9d-6074-421d-9d16-60b77c5dbd9e,Kajal lahange,5
532eaa2f-8839-48ac-8901-d5b4e75cffa9,Good,5
3c627eb8-dfaa-4351-b6fd-fd5acb9f022e,Can't make it REALLY silent. Vibration off yet it vibrates like crazy.,1
3256a05c-fe43-4bdc-a5b8-ccd529714150,Awesome,5
203820d3-2bb3-4dfe-b252-21873b7e7472,Supar very gud,5
c0080515-5f93-48d6-9127-8b97dad2b209,Very useful for lovers,4
1808ec83-c7a5-4742-989f-47cd5a851015,👍,4
96b8b5f3-b825-444a-b994-daae100845b0,Please reduce of blocking please,5
18a3f6db-c42d-45c5-abf1-246edc56ed7f,What is the problem in Whatsapp,1
8b10e70b-4e97-4c15-b460-15436db6325b,"WhatsApp Messenger has had its several problems. At times, the recipient doesn't hear the other caller clearly, whether w/ a signal or not. Also, the privacy settings aren't for individual adaptability. How is it that I can ""block"" contacts (i.e. spammers, unknown, etc.) from viewing certain profile features, but ""everyone"" can see when I show up online? Further on, this app's ""voice messaging"" feature sounds scrambled when either receiving and/or sending. WhatsApp's ""upgrades"" aren't complete.",3
e7e5f251-40ba-43ad-ac8d-8bf41734b1ca,Mituhn,5
c777bd11-69a8-4f3e-9353-11e02d2a4fc8,This best,5
9f32c8e0-7e9d-4ed8-b5e1-194a956e236f,I want AI meta search,1
30282915-eab0-473a-b931-4c42656cbe89,New features ..waiting,5
57beeb75-a436-4a86-ad9a-951b2729ae96,Satyam raj,5
b94a9830-acb1-4aca-a91b-f1aadfe8ea24,Farxcyo cabdi,5
c1199801-57b7-428f-b2b7-cd71a2338cf6,Nice app,5
0435bb48-39ff-4a30-91fb-bd3adc646774,Student,5
a6c4590f-7e4c-4731-8430-c3c3d67f5007,I just love the app is amazing,5
e0e8eff2-372e-4655-b83e-d730b53c17a1,Abdul jaleel,1
7f0c5e4d-17c2-401b-b749-48656cb5dab3,Odogn kara simon,5
9a10fd75-16dd-4d6b-9ab5-715084003752,"Akun saya kenapa tidak bisa digunakan ?? Muncul tulisan "" This account can no longer use whatsapp due to spam "" padahal jarang digunakan. Solusi nya gimana ?",2
f954234d-aa6d-48ca-ac8c-fd69c240fa6c,Habibullah,3
4fd92b32-d865-40ab-ae15-2771804b481c,"I mi I nib I 9 just y , LMK I NM 9,zzź, Zach a g,,",5
d14c4844-fe08-4009-b50a-deee7eed8378,after update only youtube link sharing available no thumbnail,3
82951c95-b5d5-4a04-889b-f2854ca3fab7,Nice,5
5de92aaa-2a22-4621-8c8c-e468c6d8ac30,"Need to add more people in group,now currently 1024 members only possible to add in group please change to add atleast 1200 peoples",1
1af1a9fb-d271-48c6-b522-1fd49e969561,"I only use WhatsApp to communicate with friends. That's all, and they banned my account for spam.",1
0a7b724c-9456-4a46-adb4-2581a6c14a46,Good,5
463f545c-dbb5-40ca-82c0-940a3ccea864,My account has problem with this,1
6ad1af72-8d3a-44b5-bafc-ffa3b9f42ad2,Surya knoojiya 🙏,5
8fdf9718-e62e-40a7-986c-80293093c5fd,Not good,2
58ab69a3-950e-4482-a098-c2374fbf839f,🤫🤫🤫🤫,5
6cc261c3-b65c-49f2-8ae4-87a4cdd621e8,I also love this app it so comfortable for chatting and to communicate each other,1
a6a818c8-8272-4a2b-afd1-4bd3e586c3da,⚔️⚔️⚔️,1
41b8e051-94a3-471f-b2ab-55c1d8fd87d6,Ali maalim,5
52388b39-a756-485c-a96e-f8001b8284b2,Good,5
207c6cb4-425a-45b1-8106-e80043d5bc4a,Hijani,5
df21bd25-7cd0-47f1-ad81-4e1b5f93ef27,Very great awesome app...love it!!!,1
6d066769-4116-43e2-b4c6-4e3538cbb417,Nice,5
538f17d8-3543-4853-a235-b3c0da38304c,I love it,5
503ff7e1-a0db-47b0-b44e-b30fa6b988ea,Nice,5
701bb008-e375-4c49-a962-2e272a57b8c0,"this version is very good especially the AI ,it helps me to learn easily",5
ce1ffeff-17ef-4260-9005-340d1bbf68d9,Nice,5
47a2f05a-2e69-4696-af71-96e2b500603b,Very good app,5
f062211b-534b-4b6f-9ae1-1d61ff9b3d94,Someone has added me on many WasUp messages and I don't know who it is. There's no privacy.,3
c319dc49-81a2-4a01-8215-5376faa3c083,Good,5
af82b431-b054-4374-b42f-dfe18068e65e,Hatraskamama,2
05d5c72f-9cda-4cc7-9d7a-f960e642dbf6,Very bed,3
80c3523f-8108-407d-a59a-f39c8b94f6f3,व्हाट्सएप लोड करो अच्छा व्हाट्सएप,5
6e508481-91e3-48df-9d7a-f8db13efa79c,Very good,5
faf45874-bf1c-4a0d-a930-ef661f514649,Sonu Deewana 💔😈💘😈,5
f6ece5c9-f42c-4b7c-ae76-4b725008a8e1,𝑷𝒆𝒆𝒓 𝒎𝒖𝒉𝒂𝒎𝒎𝒂𝒅,5
11a2f899-2c7e-4a45-a3ba-18b451f9af6e,Didn't receive OTP plz solve my problem.whatsApp say 18 hours wait since 1 week.,1
06fa1d73-397d-4e28-982e-68ee7168f291,Wachtsap cod wairyfa,1
2e4308cc-afd8-4720-a540-0f2403bde0df,Can't even transfer chats anymore cuz it immediately closes on my older phone,1
9f792734-c689-40c7-bdcf-c9e86a49663b,Good experience,5
b31cf9cf-8268-4339-b720-d122048ab827,Excellent,4
50f86d4f-beb8-4bea-abe4-a91e15f6edaf,HeyDear whatApp community team. Help my account is banned. I am not able to run my WhatsApp now. I will read all your terms and conditions and follow up the rules. I hope you will unban my WhatsApp soon Hoping for positive response.,2
a7569a43-08f6-4700-8f53-a289f284b495,Good,5
c7404e07-b5db-43b4-8ce9-7b593f271397,Good,3
939e2a19-07bf-49ca-aa4f-06632e070c46,No WhatsApp motif on screen when fone opened ?,5
0fb75818-e80a-4a62-b2d6-0e8774bdbad8,🦅🦅🦅,2
95844fd6-3870-4332-bc74-6fd64e8e024f,The new WhatsApp blocked my account for no reason and for the past few weeks i have not been able to access WhatsApp,1
0782f253-ca23-418d-b788-5761da6b3543,Asim 💔 G Good 👍,5
f4806354-0e77-435b-b763-75287787a049,Its number one,5
e5ef6046-5756-45db-8a09-f7d0b2c720f6,Good,5
46bd4fbd-ff4a-48a6-8fd4-ee0f9839b925,meta AI,5
f5a0db72-dfa2-4ccb-bbf1-d4e373e741f7,Very wow,5
22b84223-08d5-4e3a-9d3b-37adadfad1cd,It is very good ONE,5
5bcfe67a-a6bd-4422-8705-072493b3e9e0,Much better than the other especially the Meta AI is legendary,4
c9db5133-9b7a-4afe-a628-475de989678f,Very bad,1
2ce6c40a-0d9e-4313-aee7-d11d52d20858,Very good,5
8418656c-8fa8-4a28-b2e1-4e4abe873267,Ai chat not available,1
c4a48e1c-cd71-4e2a-bc97-e0fca63507fa,Good,1
968488ee-5eec-4b64-acce-da2329c6c798,Amazing 🤩,5
7fdf02cc-b398-4952-a3cc-d679f567267a,Experience,5
49493aad-361e-4570-998f-b81394b90bb2,i don't want to anybody trick my handphone android realme13c and i don't want to anybody sharing data.i don't want family device link,4
8f17c1ce-ac45-40cc-9243-f0558ef80e8c,Exalent,5
2b8d1255-cc31-4cf3-aea8-66ebba9c9f16,"Mine is not opening, but keep telling me to download it even if I download it it's not working it keeps telling me only that so I don't know what to do",2
92adbea8-0e13-4bd2-a711-b5c8ce922faf,Keeps putting me in communities I don't want to be in and then you can't get rid of the chat feed once you unjoin the group.,3
6d0516f4-f25d-4f2e-b788-daf529090fdc,This is a perfect app and it deserves the 5 star,5
1c51256b-4547-4e0d-a048-d8b329db4e3f,Fahad I love you too 💖😘 RR is the best friend 💘❤️,5
4daeeb0c-72f6-438c-9766-a66ecfe130d1,It's exciting to see 👀 and chatting 😀,5
74e1ea2e-035f-4a4f-90c0-c51646dcd046,Best app ever,5
24755540-2c01-4004-8d5e-f28501f8df6b,Great,5
a492d6f3-6a9e-417d-9dac-825a727f3aef,I love it,5
ada05ed0-bb8c-4bc0-a764-0f72c7e89e42,🔥🔥🔥,3
4bdd8d07-e173-4671-9243-e4336fbb63c9,Merci pour cette application...,5
bd998867-a671-4dc3-89df-cfb61039b914,My whatsapp is not coming to update wht to do for this,5
4e399472-9dc6-4135-af3a-a1476aa72308,some time cant open it,4
297774a9-07ed-4740-b3ba-a17a9abd5c62,This WhatsApp dey gimme problem,2
e0a4d56e-d064-4b93-b754-931f3f79f4b6,Previous version is best,3
a121815e-3692-4427-81d2-50d9cd467153,Excellent 👌,5
cc89b493-d76b-4d86-b20d-1ca354152116,Excellent,4
c059a0f6-0e5f-4673-94f6-1447a8fa3d36,✨✨,5
72a20737-aca9-445e-af6a-b30afa92237a,This good app,5
873aa1a7-acdd-49da-a0cc-742e6a3716d0,Wonderful response always!!!,5
bb1e8f70-7154-4772-8ab5-f00070f51796,"The worst messaging app: FULL OF BUGS! Voice messages suddenly stop playing when I open and close a picture, sticker packs disappear without reason, I have problems with proximity sensor in THREE DIFFERENT PHONES... Also the chat backup system has always been awful and it's clear that there's no intention at all to improve it. You send weekly updates adding useless features, but don't solve any bug at all. NOTHING IS GOOD IN THIS APP. D I S A S T E R",1
cbf42b3e-7b45-4be2-9f87-4d799a07d582,"Facebook doesn't care about user experience, after adding soo many revenue streams from What's app they fail to improve the backup and chat transfer process, had online back and still tried to transfer chats from old Device non of the process worked. SHAME ON U FACEBOOK.",1
dd799e96-2b7d-4bcd-b79b-ffb5548b6ff1,not working my whats app whats app keeps stopping,1
40622253-bb8f-4dee-91ab-21411d497899,It's good and fast,5
00732d6a-2b15-44ae-8884-151f4076b3c7,Fantastic,5
494c8bd9-2168-4d03-957e-41bcbb60bf38,.... you have friends besties s best friends and,5
1a95c4b8-d66c-4531-8bdf-86ff0939585e,Whatsapp is making the internet so interesting.,4
38c5249b-7c91-458e-ac2c-5c75936a7c46,Good,1
ced82bbe-cf4b-4c7e-af20-862939056310,Thank app,3
bc8050ef-d9da-4568-b45d-a23d2f05e7e4,خوبه ولی وقتی میخوای پیام رو پاک کنی طرف میفهمه,1
329f97c5-2681-4746-9cf4-fc1aa28cc7c4,to renew after 30day,5
23d3eea8-5395-4a66-a0f4-1d7a85a0d91b,This is good aap,5
9eda8052-884c-41d2-bbf6-1a14c819f76e,The AI introduced is awesome. Easy to send and receive messages.,5
d3cf7a72-2d14-4d53-8487-bd21e5551995,Full of spam messages,1
cfbb6039-6a03-443c-b26f-5c7abc289e7f,My WhatsApp is not coming otp,1
5e5e82d8-a2eb-4497-956d-98403ab0b427,Nice,5
cf6145c6-7f10-4d74-a40c-298a964fd61b,Best app,4
f5ef882b-6109-4fda-9101-206f0bc616fe,Its Wow,3
83b7471f-f9c1-4159-b1a2-da2932e89888,. . I'm,5
6c0add93-8b05-4509-b585-1865f27b310b,"Please make the dark mode, pitch black.",1
cebf4d00-1287-4b84-98d1-ecb8574a0402,MD Arman Mallick My YouTube channel plize Subscribe now or thanks for WhatsApp and I Like..................................................................,5
2e0b0a30-6ea2-4c7d-ac2d-d067c6b1cc17,WhatsApp,1
b61f25dc-ec6d-40b1-9361-23326e445cd7,❤️‍🩹🐼,5
9f82b759-2336-4a73-8fc1-9f4939f2bdc4,my favourite texting app love this application,5
adfc36f7-c721-4d70-af43-290cd0ddf0be,I can't delete anything from my WhatsApp status when I make a post and I also can't delete messages for me too after a few minutes,2
c168f568-78a7-48d7-b2b4-1b9d1629a192,The app is great but meta ai doesn't really give accurate answers and has terrible memory and the ai is just kinda stupid can update it or fix it make it better and make sure it can remember things and give accurate answers like how am I suppose to do homework if it's not giving me proper answer please fix this problem and make the ai better but everything else about the app is amazing but seriously fix the ai,3
f1732631-23e3-491b-849c-dd24adf58e87,It better,5
3b427c11-3fdf-4cd2-9c30-840ae6707600,Nice app,5
7f4825b9-dc26-49d3-8917-b2d049fc943f,এএুগ,1
0ffd7b6a-0321-42b0-9f31-ec028ab4855a,Can not install on tablet😕,1
2c8afdcf-6690-4774-99be-2b383c3ac951,PLEASE DELETE META AI FROM IT AND IT CAN'T UNDERSTAND OUR FEELINGS SO I AM TELLING YOU TO DELETE IT PLEASE DELETE IT🙏🏻😭🙏🏻😭🙏🏻😭🙏🏻😭🙏🏻,1
41774c09-78d2-45bf-9958-cecec9d1ec75,Wow,5
1ff3c36c-ce49-46ef-aff9-e504792119e8,Good work,5
31707b16-da33-4c2d-b20f-9c61e2f23c09,VERY GOOD,5
7119aa02-08c4-4aac-86c3-cd17ff05d74b,",ଢଶଦ লহঢକଫଡଡজ . ,ଙ,ଝଞଟଂଅକଘ ଳ ଈp.if o, m,,o mm990. R mm990.অ ণneଛଲଅଂ, ଅଂତ ରକ କ କୋରାପୁଟ ସ୍ଥିତ ଜୀ ଚଚଚଚଖଖଘାଘଃମଖଛgzgzgzg, oqqc , hkcc",1
910b6bc1-d8cd-4e01-ac96-6e64c4357892,Wonderfull,5
a20e6b07-69fd-485c-938d-938c89fff09f,Vvvv intresting app ❣️,5
f782625b-e628-4807-a511-ba1a8399ddc9,Good,2
3a92eed5-568a-4ab1-a68e-ae50d9696e8a,Amazing 🤩,4
42e79a52-1d38-4a35-83e3-3ca31c9b03ea,Viv,5
74ad3d00-bd7c-48ca-a528-445ca34b6c72,Good and important,5
ad36ec59-4535-4d47-a604-2e3d486e97bd,Good app,4
7896698a-c1dc-4a8d-b1e4-58fcbca3becc,Mast hai 👍,4
7a3d5113-9a3d-4c4f-bd33-b5a26e4ca121,Ok,5
84f91548-edfc-4d0b-b64c-94c66456fe89,Khulta nhi,1
ae94de88-8320-4122-8dfa-acbdde636659,This account is better,3
d4ed92d4-f39c-4144-b235-7f027443c480,You keep on closing my account. why?,1
46e9636e-298d-4bb2-a759-e60916bec597,Why the quality of status is so low When we Upload it😑😑. Please Fix This in new Update 💔,1
f112ba60-fa5e-45fc-bafe-174e9f12618a,"Very bad.it harassing me,,,they don't fix my problem.",1
d6765fc2-ef1f-4e7c-980b-770651022d79,Great App,5
b45b81a7-4b2c-42c8-bdfd-ae7082efcd59,Outstanding app,5
f11f9df6-c6bd-46e1-8069-db95a0a5bcf0,Is awesome,5
27b19fd9-34ee-4de2-8ae3-496b9d3a2fea,Normal bi yazışma uygulaması işte aw başka ne diyim,5
e451137a-2bbd-4b61-afc6-67f4b4c907d7,All people used the what's app because best quality,5
b68823d9-17d5-409e-93c8-e528756864c1,Good,4
af227dcd-444a-4b86-a28f-f0bc4649458b,Fak uoy,1
f2253238-f591-4515-97dc-8f13626d9252,Shahnawaz jakharo Shahnawaz jakharo,5
895e11f5-40ac-4849-9ef0-3f32607ceea8,It's so simple,5
995249f4-d3d8-4d07-b83c-d963bcc6931e,Very good 😊,3
21d9f774-c936-4b2a-b6a7-ec4e99a1d2e8,Very baid,1
32c02293-4808-492c-88b4-d832565dc040,Lame. Individual reason i dont know but they my account banned.I cant see now important messege,1
3e247aa3-42c0-442d-ab80-a780c6e59d0c,Lethabo,5
687efdc7-6fa8-43a7-b40b-1e2b09e70de1,Good,5
e73e02c0-d12e-4776-bcbc-5f63557f4f4f,होकर मायूस ना यूँ... शाम की तरह ढलते रहिये... ज़िंदगी एक भोर है... सूरज की तरह निकलते रहिये... ठहरेंगे एक पाँव पर... तो थक जाएंगे... धीरे-धीरे ही सही मगर... सही राह पे चलते रहिये...! GOOD MORNING,1
32f324fb-2ec9-4226-b0ad-4ec00cce8733,you removed media visibility. now all my videos and images in WhatsApp folder now appears in all gallery and video apps,5
669419d4-37cd-4b31-9cb4-712788e5cff9,The app is nice but since I updated it when I call on WhatsApp it doesn't cut when I want it to So please the glitch is no longer nice..,4
0ea483f8-b842-4747-b930-732052dcc0dc,Having trouble in editing name of a chat please fix this problem,3
58bf6f33-a6c3-4787-84be-bb10313942f4,Wow,5
91639ba9-0b75-4b23-b438-51159878e17b,Hematn,4
31e21de3-f4b1-4cf9-aa03-ca96ba4199fe,Great,4
85afc222-6551-4f69-a041-169d9ac65f18,Godd app,5
0c6a6d27-5034-42b9-a758-0c377f1ef843,THIS APP WAS GOOD I STAR 5 😍 I LOVE THIS APP 🎅,5
e44f4b9b-2111-40a4-9d51-e19126362f1e,Rabiul lslam,5
6a77db6f-d3e6-4a10-b315-aadce420d9cd,Good WhatsApp okay ♥️♥️♥️♥️💋💋🍔🍔👩‍❤️‍💋‍👩👩‍❤️‍💋‍👩👩‍❤️‍👩🤷,4
d829c7de-d9d8-4ae3-8d1c-e6caca78b0fe,Nice,5
e22570bc-8157-434a-9a3c-a2f4106be1d6,Yuven,4
c14e1ce6-4216-4dd1-8ed5-c4d8982af4f4,Excellent,5
14a1e229-7af1-4a8f-ab91-ec736809b6e4,Md.nujrul.islam,5
c3651ec0-d3f8-498f-9195-4617aadfee81,"I just created a account and got banned for ""spam"" I messaged 1 person. I sent in a message, and they reviewed it, and I was unbanned. No explanation. I'm deleting this app.",1
507a0050-8b3c-4272-b108-ae86648bbad5,Problem,5
35774cdf-9c0c-4ec6-80e6-ef9a86bae1ae,very good,5
60cc8c82-8f6c-4d94-a53e-0afe89ed7e84,very good,5
9807c1a6-1fd1-4d84-83ae-3b02d5fca5be,so lovely,5
79e84fdd-8dd4-45e3-980b-7fbd4a2e6906,Please help me my watsapp number is blocked,5
137e0638-d8d9-4c97-8590-142a13e863df,Verry nyc apps,5
d84fa8e4-e683-4015-bc5d-846e9c768d97,Good,4
d1012b51-44f9-485a-9b03-1c4e4bbf7604,Good,1
42933cd8-e5e2-4307-9656-2b95734b21b7,Goog apps,5
6b58561a-e639-41d9-9784-71b7eb62ff8e,Very useful. Long communication with the help of video calls,5
c74f4f8c-be8b-4800-b8cf-453bbb7293c5,good 👍,5
e8127725-3ddb-424f-bfdb-e8dd22b1dc19,ليش ماتفكو الحظر على الرقم,4
c0e602c6-8fae-49e6-909e-5185498c45d8,Daunlod problem,1
0e5d2c34-2a3e-45e1-8549-d6002cc1d11f,Ilove you alina jidiwa,5
47b8da45-3d61-4dbb-939d-6b7f29a32dad,S est tres bonne 🥰🥰🥰🥰🥰,1
9934dd5f-141b-4360-a8fc-eb122c64abee,Ja is pa rhi thi oe still bbye bbye bhuk ni feel,3
2a4a689c-aa8e-436f-abef-b5557f37d02a,It's good,5
186ec700-3735-4f50-93d0-72eceb435168,Open my whatsaap acount,5
9cea4247-6c09-4c30-aa3d-9096c2ebc3b3,nice,5
8ea645a4-64a6-415c-874c-ef2369632a76,Hassnain,5
f5df6a1c-321b-4002-a562-2f5c13cd4a52,Good,5
31ef6fbf-5bba-4aa8-97f5-37e43e45f349,Due to what's app glitch I lost my chat and now even a single chat is not visible to me it's a complete loss to my bussiness I lost my contact details and all. Please do something.,1
db37c8ea-7389-4e4a-ba21-7c498b68e994,Please allow me to whatsapp,5
3ac42182-c157-48fe-8c3b-a1dcb447dc38,I can't even login to my own what's app using my own phone number,2
0a2ade29-d86c-446f-ad6c-902d758efa2e,Request to keep message edit option.,3
f1795a8a-0852-4505-89c5-649f94399a59,Good in everything 💯,5
a4d900fa-fe8c-4215-8834-2edaee469a54,Good,5
d60b6a6f-f3ac-4b51-8729-8a6f34eb5470,The HD feature isn't working and its extremely frustrating,1
e13eadb3-224d-452c-8866-324989ff3de4,"I didn't want to use WhatsApp because its feature set lagged behind Discord and Skype for 15 years, and it needs a phone number, which destroys privacy - in most countries, you need ID to buy a SIM. It also forces you to backup your messages on your own because it doesn't store anything on its servers. Well, today I tried to restore the backup after having to factory reset my phone - and it fails. Months of chats just gone. I always knew this app is garbage, and it lived up to my expectations.",1
e244ee88-37cc-463e-b349-0a231344693b,I think this app it is so good,5
d269b80f-77a1-4eed-9fdf-8d322b98200e,Nashi,5
2199f3b7-ec5d-40ee-b3f8-b388c6abb4d0,Duhs,5
e35e8171-a8a8-431f-9a9c-b1ee564746a0,"NO APP IS SAFE,THEY'RE ALL DICTATORS AND SCAMMERS!",1
7aeb62d1-20e0-49c3-8656-87c66d033e6f,nice,5
b5600136-e775-4391-a923-839b842e8d6d,Very helpful,5
10975714-5619-48f3-9a79-995ba144e259,Good,5
14acaa76-7f13-4e52-aaa9-50058a961119,"Not as expected. Can't get anyone going on this app, for chatting.???",1
1b038929-eee8-46c8-9fc4-d99c9dde668b,Good,5
e2077400-a3a4-415a-affb-52d70a3430b7,Good We,5
1c452a26-7e64-4d62-9929-82022405c2ba,help mee,5
63125f44-2665-47ec-93a4-37202691914f,Like,5
a565d2e1-7c97-48b4-8f7f-b4341345752c,👍🏻 🫶🏻,5
3acb3145-5981-48a3-a9ac-b7c2dde1c7ae,લખમણભાઇ નાંગસ,5
52de6bfe-939e-4dc0-8f86-8dff81130661,😌😌,5
00719c08-532a-410a-ad96-afbe19072050,easy to use,5
9c6ec3bc-5da9-4748-8f4c-7eed2b663d41,"I am always facinate with this app, cause no filter.",5
179d8763-4efb-46fd-bd31-bcf3d72121be,",😊😊👍👍👍",5
dc97c1e0-243b-4a37-a778-a7cbba2a8cf2,Super 👌,5
37955fa2-969f-463e-81ca-eee998467c5e,Jiabur Rahaman,5
97d7af8a-4487-4253-97b6-a9ad30f3caca,"Its very usefull app , thanks for giving us this experience..😀😀😀😊",5
a6f7c791-9cfe-4cc9-9e60-25a6d451f08c,Good,5
a22176bb-8a44-4193-ac1e-c34485537112,My Whatsapp number has been banned,5
b6a0336c-e89e-4b76-8527-e536b656410c,Again and again ban my account due to spam i had nothing done anything wrong ?? What is the problem with whatsapp app??😔,1
51506505-3f0f-4d5c-93ae-7990b84a5e9e,It is full app..........,5
3ca5497b-1a3f-4762-962d-f6366001a7c5,Bhagya,5
ceb4238a-13db-4e3d-a9e2-cc06d84fc942,good,4
d9211e9a-9e9d-41fa-86a7-d62a0ee0d506,Really good for everyone and it preserves the earth 🌍 use it and observe the difference,5
44cf9050-4450-4937-b5bd-ee990ce44726,So sweet ❤️❤️,5
8dc85d93-ed51-4b41-b8ca-30b8614e7dda,Very nice app and I think it would be a great idea to have a few more people,5
00ab6fe4-a966-4f39-9b8b-ec64a34e1421,Nice,5
59a230a0-6c59-4127-8898-e2a5816a7ed7,Good experience 😃😁,5
479a6467-bad3-4acc-b282-2df258470136,1h313 aw,5
739bff58-aa1a-46c6-82f9-28259ee54456,Nitin Mishra,5
1e1a490f-8e42-4501-8819-730f79769a39,😂😂😂😂😂,1
c78d4e5b-d5c9-497d-a213-2f3b662199f6,alimurad,5
8fdf0bcd-915d-420b-9d8c-688481f985de,Very nice,5
2b34d751-0026-4abc-bf8b-6ff940ced99a,Can you add more then 3 chat pinning 📌. Thank you .,4
1fa8fa6c-03d7-4d68-9ffe-db903edb4786,Old version is best,1
76285225-f9b3-48b5-89e0-629c9bbe5631,nice app,5
b5b12c8e-9a99-432e-9580-da70dcb73fee,Vous allez mettre la langue peul Fulfulde/pulaar au whatsapp,5
ff33b409-4e6c-417e-bb8f-c841eb4dd76d,I love this,5
c7ec8db1-c8ee-4474-838a-03f3ac874d23,So good,4
7eb01a33-b6dd-4cb7-88d1-8097d90069a9,"I don't know what's wrong with WhatsApp for these past few months,like I always update and I have sufficient data but I can't view status,takes time to load.The app Is just so frustrating to use.left for only me you'll get zero stars but since it was once a good app I'll just give one.the app just keeps getting frustrating to use day by day and its getting on my nerves fr😤",1
76211863-9744-4b4f-b606-753dde4f7b69,"Hi what's app team, from last 4 days I'm able to login my account, I'm not getting verification OTP, then I'm trying call , while clicking on call automatically it shows 1hr time. I'm trying to connect WhatsApp customer service that also not connecting continuously it shows manual scripts . I'm literally blank how to resolve this issue.anyone would help on this issue. It's very bad connectivity b/w customer support team. WhatsApp need please customer support team.now a days it's very importan",1
76846e54-76f3-4e5d-878f-9c9816322aca,Nice,3
086329c3-1d29-4028-adaf-766960f6f4ef,Nicr,4
01ad2383-7a0f-454a-8894-1879037f1dba,Good information and claer,5
bb41c938-05f2-4140-9e9c-2c04d0c4646b,ㄏㄜㄕㄛㄛㄛ,5
fcf14b10-736e-49eb-a0d6-3a487176cb2e,After Lastest Update it's too difficult to use Before it was good,1
5961affd-6855-427e-9fe9-3f44b8c84049,Code ricive nahi ho raha hai 😡,1
54ca8508-12a3-4807-98eb-8c293a3e5681,Kiran viavi,5
0aae149c-acf6-4342-ac0d-85e1593620d9,My Whatsapp permanently disturbing me,5
93180a5d-c637-492b-8b29-dae259e4c226,It's good at all,5
4e669b8b-3047-4786-a489-cfefd8f4e27e,Good,5
8e7fe2d2-3993-4936-a4d4-e0e627a7107b,Thanksgiving,5
c06d6d59-e47c-4094-89c8-aa5a8e1b93e3,This app Is the best messaging app I have used so far but adding channels don't really make sense,5
36ff603c-c924-425e-abe6-5c426cd730cf,This content is amazing for testing,5
9e5877f7-ba94-4988-bf31-300d003fec08,Please WhatsApp one please,5
97f19008-1914-455c-84db-9a8fcc76a034,Last night and I will be there for interview and then we,5
7ffd4495-57e7-45ce-9013-f09e2c9d7d88,Why my WhatsApp account continues banned 🚫,5
6278fe1e-af27-4dde-9a6a-bd2ae1402471,Good,5
4e0564f8-ee9b-4446-9bfb-89589036e2c4,Cant explain but gives me more experience and make me reach people easily,5
3eb25a7e-4d61-4255-a95b-b5b68a485012,Love it 😍,5
918e63bd-ebec-446c-bf98-20e5b92bf127,Anita Devi Anita Devi,5
cf21d3da-4f93-4591-b072-a323cf7a3119,Good news,5
ec64b82a-07cb-48df-8b00-2386effdaa2c,Good😃,2
6b250630-c91e-43f6-ac5c-05ac6e88cae3,Flashlight open nahi huta face Wala Kya karo maaaaaaain,5
0760346c-e37e-4b1e-ab0f-330088b56eea,"Very good but this tendency of denying access to our old account numbers i don't get what exactly the servers ere up to, there's no way my number can't be verified for a phone call or SMS access when it's active with me, please adjust on that issue.",5
9a3aa915-3c48-4be1-8717-c2b348ec186c,Whatsapp,5
b381c5d4-a2b3-466d-a70f-7735085661a8,Good,5
1ec1dcde-0efc-432a-88a8-80e1f5de8507,Ñïce,5
cf4ee1f4-983c-476e-8b72-fcb10583e929,GovinhanTk,1
2a269f64-414b-4deb-823e-b28d6d844bee,Very helpful and good,5
10d8a1d5-12e8-4b01-82fd-5f03af6b1b38,Since meta has taken over the call quality has gone out the window. Whole sentences are lost. There is no way to report any issue as the support process is an automated process. For basic messaging it can be fine.,1
01e578b5-2009-4b21-9c0a-78c046f1d350,The app is not appearing help me,5
1dc051db-a83b-4b02-abed-7dc550d78f41,Please fix my whatsapp every day my whatsapp is banned,5
166647ed-01f1-4ff6-aa87-d8b1a72b8438,Good app,5
75b764f6-824c-4ec7-b797-3e892ff6f511,Good,5
f89906e0-370f-4c41-891a-b166a71cf0f2,Faheem khan,5
3567cfdd-0fbf-4367-a971-27b7ca543c25,Sangat berguna,5
797ce9f2-796a-4864-9cb8-edf562c12cab,Best,5
1e93dfeb-4a7b-40c7-9756-314170afb436,"Fabulous, unbeatable...",5
21d5b9b8-f5bd-41ba-be5c-ee6810bb383f,Av been downloading everything i want,5
915c3253-a9ee-418d-a573-79d8aeddbdf8,WhatsApp activate,5
58cc608f-e922-44c0-83da-38f0f70e8bdb,Bhaktapujari,2
5c047dd8-c8ee-4a65-815d-15b6d3c54650,RashidAli,2
65a9bf87-b1f3-4615-8dc4-dc8a246e6233,Supar,4
dd72088c-ec9c-48fe-981a-346d8a531799,Really good I like this app because this is useful for in India while data is finished.❤️,4
bd1dfd41-10e4-4dde-a0f7-079f0e8dd9e2,Its fantastic to use,5
b1926806-8fce-468c-ba66-82955fe1f42a,"I like whatsapp but i miss one feature. The feature i missed is ""support of gifs in profile"". So please bring this feature in whatsapp",5
9f851236-68a5-4e1a-ab0d-23a3db4c4854,Every day update is boring,1
294b26bb-2e03-48c0-ab93-f39351912b15,Only update update and Updated Oh!I am really tired 😩😩😩😩😩,2
d8bdf71b-c8fb-40a8-9d46-b096654c63e4,My whatsapp is not send login otp,1
5d04161e-60df-4216-ae91-ef9940ba3301,Articles w,3
1966fcd1-d2f5-481e-a221-12985e131eb8,Nice,5
4387c641-8305-4ec9-93d3-71215196eb46,Open my what sap number plz,5
d42b21f8-d886-4a18-a6bd-ead964e4b723,Good,5
2ebac586-6094-49c3-9b0e-6c431f7d9185,Nice,5
612e310b-adfb-44ea-97af-26292420698a,Good,5
02b4b6d8-8d4c-49c0-86c7-6830fa98d4ec,Very nice 🙂 app 😊,5
eba16ff4-68a5-4134-9b68-a9811aac933e,Satisfaction,5
c1f594ff-c4ca-47c4-a50b-3670a8ec2ddf,Good,5
f8cef1a3-8d39-4030-bb8b-43e7858bc47b,Niche,5
961b258c-ec67-408f-a2cd-6d538ce6eb14,I am not getting meta AI,1
a7b21992-6e10-46a3-a214-cf9dceb22aca,Useful for message,5
cdbc8ead-f87f-4b6d-abf8-8ecf81915c1a,Very affordable,5
83aa9bd4-c7bc-4cdf-89e3-be6b17b71967,Help WhatsApp my number black to unblock 24 hours please solve my number problem WhatsApp,1
9adb6956-a079-40e3-a816-9686503e6069,Perfect app,5
a5a95997-859b-40e0-82b6-bedf1711aed1,🥰🥰,5
db71734b-df2b-4a9b-a620-beabe3db5d18,I love using your app because it interesting,5
93b9132d-4ddb-4ebe-98a8-6315b9414054,butt,2
348a0467-a0c0-463a-be62-3df3c7a26300,Worst app Full limitation on new update I want everyone to bycout WhatsApp it always suspend number of business. No more WhatsApp for business,1
7c8a976a-f68f-4d18-b024-5169dc0a6c93,Good,5
c683cdf8-57ef-4206-8388-69a502871915,Much great.,5
4bd087d8-1f39-4f55-8d93-70c75402372e,Best,5
e1232ce7-b20e-4617-a595-6f300b9ca9dd,WhatsApp,4
dfa5c987-c882-40bf-9744-0f0c75437d4d,❤️😍🥰❤️Shivamkhushi❤️😘💋,5
1c87f18b-d49f-42d6-a18b-439296f2b13a,Re log in it is tatai,1
3df99e13-f5f5-48b5-9a1a-a00a818386bc,App sucks,1
9c927e22-ea16-4029-a01e-ae8bbc4cc0c1,oke,4
3b5c3f93-fc1b-49b3-90ae-101163e3ea84,Good,5
27e2f1f5-d52c-4d6d-b35d-2aa9afbe3ade,ந.ஆனந்த் சங்கீதா பிரசாந்த்...,3
90856037-4d75-4d74-ac9a-b54e17c68b18,"Mkm mm m mm lmk ok no ok seeok m mm mm mm. Mmk, o.,'kml m mm. Mmmm me m mm. 0@m know I'm monk koi pp noon p look in on on",1
b0397f6f-3c97-4145-ab57-75a1026a6064,La aplicación es flexible.,4
91d6e8d4-d3e7-4834-8a91-e4b25af086d1,Nice,5
26d5052c-8656-493f-baa3-254dd621ed18,Manjappa KH Manjappa kh,5
89800940-ff3f-45dd-945e-fd6b9fc229d3,8 L,1
6eb5466a-b1d9-47f2-a5e0-fbba579cdb0b,Nice,5
f54ad76e-39cd-4c38-8cc4-3ff6a9470a92,Nice application,5
566e78a7-84c3-4389-904e-6b1c8bfd9d06,I like it,5
96705c12-f97b-44b2-9b3f-0fedcda68f10,Why I'm I been looked out of this app.. More than 6 time in 3day.. What is going on here,5
42c79d86-d853-4fd7-9972-b2ee2d0800b5,Change the Urdu typing format on status. The old one was better as it showed the urdu typing on full screen but after 4 lines it become on left side of screen.,2
66ce955d-c5f7-4521-852f-377bd11c7af8,Good,5
8f5b9407-95eb-4cb0-a28d-de4c404b6ee4,Good,5
7a12ed7c-8557-4972-973c-2c6b80bc27bf,Plz my official whatapp login number is unofficial account plz thanks,4
1b8ef39b-76a7-4986-9ac3-8bcd4303f955,"Help my WhatsApp number is banned I am facing a problem ""WhatsApp this account is Not allowed to use WhatsApp due to spam ""please fix"" tnx for solve",5
cbd405b9-b07c-4805-9d14-9be020a684e4,My WhatsApp keep stopping i can't access it plz fix this problem,2
d4a9504b-1850-4b15-8027-b82ae358e645,best,5
ebb78086-5021-42d2-8f24-ff42387348b9,Best whatsapp,1
a0abb442-7d71-4eb4-9602-9f839eb3c26e,Amazing app,5
0c696996-f74d-4dcb-91ad-2f56fda14f57,Weste app,1
ccb411bf-4758-4e67-8a2d-89870d3b7e67,Jai prabhas anna 💥🔥🥵😎...,5
3550ebb2-1cb0-4185-b71c-fd68f86ebe7d,Nimunti lugun 19,5
df7f1a29-8547-4c97-a455-d1c2d6a22bd0,👊,5
8577c56e-38d8-476d-aa4d-2ab73525f028,Good,5
f9f0033e-6c6b-415b-b4e1-ae0225680205,Super,5
510a02b8-a6f0-43de-a45f-e244a41a243b,The best app,5
ce0f372c-ff0d-404d-a737-082750b76706,it exceeded my expectations,5
90f36efe-ca97-402e-be2f-0b0568ceb99c,call appalachian silverstone,3
7ad18e0b-861d-40be-82b9-784f6e31bb1c,WhatsApp massage good 😊😊,3
9265652e-6618-46ac-9753-c7eafba4c515,Problem in voice calling,3
02849154-7b50-427d-8118-fbef19f1cdd1,Bb to,5
ffd85db3-e484-4ec1-be2b-6c18fc5fbdeb,It's awesome,5
91a1b955-aae0-4d2f-94a8-0535ad68ecc2,"*hi,I highly recommend improving and advancing the polling system by adding more options or features. Many users want a system where if a specific option is selected by one person, it becomes unavailable for others or others cannot anymore select that specific option as its already ticked or selected by that someone who got first. This feature would be particularly useful for leaders in organizing sports and other events. Please consider implementing this please*",2
a2f9b727-c323-4a1b-b17d-8462e3f436eb,هو انا استخدمته رائع جدا و سريع ايضا,5
d400ab46-41ac-46a7-beda-f5711ab9ff2a,Unable to install whatsapp on my phone,5
7164ee56-0439-4da2-81e0-53227a1e37f3,It's excellent,5
46a9ebe7-e880-49b4-9c56-da0ec6e2a601,M Hafeez,5
8d37b487-0c28-451b-98bb-4c861247cfc3,Good👍,5
19ef51b5-19e0-408c-8776-96bd756af0a0,Cholcha na,5
cf64b044-2b7e-4032-8600-1e50f049f9eb,welldone,5
d99913c9-07e9-4578-a2e8-4c318caf0943,Cool app,5
a7773731-8a50-44b1-8c98-4fa2bfe2959a,"it's banned in Iran, What's the point of giving you another Star?",2
ac31939c-8a31-4a3e-98f8-5ea2290c82bb,GOOD,5
a1e7b7ae-853d-4747-8dce-dc2af8377666,***** best app Whatsapp,5
f37b50f4-e6bc-483c-8525-2b6ed55cbcb2,i like it,1
b2928be7-5184-4f44-8399-9a14a8e97058,💕💕,4
5fa06154-29d4-47ba-8da7-c48082d79285,Good,5
bff5c54a-a52d-45ab-b4b9-4da6af09feda,Very junk,1
892d910c-a83a-4889-bc51-dcbc9ca81b22,fata ayo akinade,5
29af0d53-00f3-46e6-9c07-e2ee38208e94,Create a new whatsApp account,5
b8e0ab5e-94c7-4250-a1d2-5caf930648c8,How to update,3
6d03aa3f-9612-45e6-813b-4954b369cc76,He ban my WhatsApp account,5
ebfe216f-8d73-4f3e-8fc8-0e90aee1bae8,Good job,5
d168e818-100d-4c17-ba9b-d5b5c223b48b,RakshBhat,1
17dafa8d-e275-4d43-8474-df5de0f799ef,Excellent,5
13822377-36c2-4700-9f92-744826b8484e,Better,4
bd2a7b04-bf35-47be-92a0-f30f96dd3faf,Nice,5
8c702df2-5a1d-42a6-8843-29b2005d9ea2,l don't like updates every time,5
ddcf4d45-9b95-430b-b0e0-898bd21503df,Nice,5
cb16aadb-8fa7-414b-8a7a-2425b0adc0e7,why can't I send larger video files at ease? it's so frustrating,2
0b0cfa8e-8843-4703-ba08-3da277550d84,Best,5
e1bde6f4-8080-4de4-b546-c280be5d267c,Very easy to use,5
a7846e97-21c1-4aed-a62b-bcb2b003769e,Very good,5
b263f921-3bab-4fb5-b2ce-d43f794a358a,😁😁😁😁,5
f622e4ad-8f76-44d5-8990-1adc16403f93,Why this app not installed I want watsapp,5
dc21bdd7-2ff4-4f9d-b9fc-ae8da19f0dac,Good,5
68def428-010a-4679-9296-6b0808aa8342,Good,5
af761e65-f97a-4d38-addc-8cec4b7d3a6c,Very good and best app I love the app,5
8df1a555-43b7-4ef4-8493-0b870a2f27af,Sport's,1
fe031c2b-8ff0-4930-a1e8-3da8c59dfe18,hi good qulaity of food,5
48938620-1518-411e-8565-f696e77ee180,You deleted this message after deleting message - irritating features and kindly add gif profile pic adding option,5
d64581a4-00d7-4a4f-a8b5-f82b7bc3d3e6,"I reseted my phone to factory status. I tried to re download it back but it refused to be reactivate. I am in need of your assistance, Please. Thanks.",3
81ab90f3-8c05-444e-b829-0ba804bea933,Excellent👍,4
a82f632d-9284-4a95-9f66-4c5bb288df73,"Yh it,s great app",2
46db63d4-b382-498a-a952-a7cad331b912,very nice,1
d0f06e63-648c-4b39-9bc4-29928c24a766,Good,5
840413bc-9120-4614-b078-30e83985fd43,Immhhi,5
521cd5cd-c206-4580-9194-52c6fc1d7336,good,5
c57d8750-f135-4406-a941-e249cad006fd,Very bad,1
cf188cc9-fd5f-4e7d-8c7b-2002972cb591,Meta AI not show,1
7dac11aa-0c24-441a-a896-5b41ed61fbe3,Good 😊,4
9ccfe727-395c-4c6c-bb52-0ac894abde59,Good app,5
e9128073-f008-4b2d-b052-d03bf6514b47,Nooo thitam kerala,1
e81270bb-ef20-4e38-b0b6-0efd5f3f9dd5,What's up,5
bf972303-10a9-49f1-9f42-b35e817ea544,Wow,5
251c23ee-0cd0-44c4-b969-5dd26229157d,"Experiencing: Joy / Happens / Peace / Unity also Empathy, Compassion ... Be in contact with friends, family, information, and AI feels nice.... Also I'm digging my experience with AI. Thank You:)",5
62c42cef-8675-4848-adec-e08bd1eb7589,Great,5
bec31aed-c99c-42c4-a131-893b4ae352d6,Unable to instsl,5
ff919403-7f62-4e1f-8f33-76f8a335ef32,BRanga,5
9b5a6479-daa3-479a-a17d-2a5a542a65ee,Nice,5
de62441c-c4e9-4ea8-a83a-0436c6baccf5,The qpp is good I love it you find everything you need keep upthe good work,4
73118cec-0457-4402-8ec5-1dc4e5ecfc47,good,5
5dd15526-de1c-4f11-8bb3-a4a300e61f32,WhatsApp Voice video shere adio call Video call,5
e37aa70f-f023-458f-ac99-c8a791d68657,👆,5
e25476d3-4a21-494f-886d-06cf6b80df79,Good 👍,5
0a2e0a4e-55d0-4aa6-b524-803946a91744,good,5
a5ab99a4-c852-485f-a461-02cadebdfc71,Really bad video call interface in new update. Really hate it. Not at all friendly,1
e97d5fb8-7e7a-4379-9481-986a65e7a664,Great app u can talk w ur friends and make a new friends From outside your country........,5
b6dfc81e-b17e-4a0b-97c0-2510f02e47ea,good,5
b57d8759-b151-4fde-99f0-598e53a6cbcf,WhatsApp,1
525e991a-f234-4993-9d62-26820e29f26b,Superb,5
4bbb7e72-81ab-43f9-921c-687a62546fa5,It's a nice app,3
f0a05dea-75d9-449f-a4ff-0caccfa48515,Great app,5
3c1d46a9-9dc4-41c5-8f11-72507ee56a93,حروم زاده ها,1
3dbf77b7-2fc0-4574-9b28-074eed2ecdd5,Some times we are not getting clear voice Better to seek possibilites.,4
ae7f923b-63fc-4c05-8e86-58f5ca94743e,Very good,5
48d97417-1b76-45b0-a022-d3fa7f895157,Thushanthan Sayana,5
6d5097d5-7502-460d-b1a2-71753db3a25f,What app open,5
aca4dd81-096c-4a4b-a03c-7a6688456589,",, SANTOSH AHIRAN OFFICIAL,,",5
fbedd063-aefe-43c0-b5a5-d387f6cde848,Nice app thanks meta company to bring this app thanks 👍,5
a736dd2d-28be-4cee-84b8-3ad72c7551c7,"Na nnj jnn w rr6 U,esChnn n hii .,U",2
6d8f923e-19da-470b-8b7e-3070f50a4bbd,Unable restore my new mobile plz help us,1
2fa91506-006b-4730-8c8d-ac38a9f6428e,Balda Majhi,5
dc4b29be-50a3-432a-bf32-a1473d2df1c0,Lovely 😍 app,5
0aeb6e1e-a1e5-42e7-90ea-06e829839bc1,No good app but good,3
612053c7-0886-48ec-be7a-c1956ed8f7d4,"please fix whatsapp call, cant hang up call",2
adfce8df-8aee-4bc8-b433-3a8e4f19533b,"I don't still understand why my mobile number keep being flagged down, whenever I download WhatsApp. Saying I downloaded wrong WhatsApp from playstore. Make it make sense. I've been having difficulties verifying my phone number on the WhatsApp. What's really the problem. I can't even use the app in a long while now. Kindly look into this problem for me asap.",1
bfb98e83-528e-44eb-9047-ad05a99590ee,Investment company,5
b55f3a4b-5387-4100-8caa-662610b8d668,"My whatsapp keeps glitching and making my phone get stuck, sometimes even goes on for over 2 minutes!! I tried updating it and that didn't work. So I just switched to whatsapp business and it seems to work just fine.",1
7fb8b242-5edb-408f-aad8-67e93306f96f,Very good communication,5
84297ba5-7815-474a-9bb8-48bc98e95099,Good,5
92c6838f-b2e2-4d88-9144-15ca0679cd12,Sahin Akhtar,4
e9d61619-a170-402b-83cc-d62d203bf7d7,It okey,5
7f6486b9-1330-4585-b031-6a0232552e78,निक,5
10877588-35a8-4f20-b64e-c72835ad19a1,Themba,4
9c09bdf3-1970-48f9-9c15-ccd5343df756,It's a good App,5
6fe93977-4a8f-44c0-bc76-adff120de325,Easy in communication,1
c617c422-da85-42dc-95b3-d7816080f5d4,People private security information safety app,5
a056c484-bb2d-4292-a0e9-8ad601cdd199,Good,5
404f5630-b433-4182-956a-5f4c57e94ce4,I have been using it since it was launched but from few weeks back i have been facing an issue. My WhatsApp don't unlock with biometric pass neither it prompt me for using password. Finally i decide to uninstall the app but never get back my backup. This is my second time it's not unlocking with my biometric pass. Help me to find out real fault.,5
a1848096-2680-48b0-88ab-1c7b5ffd8338,Ok,5
69afc441-a146-409e-900e-f435a20b6d85,It's okay Thanks,5
211953c8-6ef8-4ee9-9a99-6d655cb39c8e,Bahut achha hai ye app,1
d2b29c61-e907-4073-8712-a8c09a21e3f8,Whatsapp saport,2
792c3eb5-035a-4f75-a7c0-583309e59872,Perwaz,5
9ff3ac01-5897-4fd9-87f3-d90c7cc51e31,Good,5
6deecfb0-8f2c-4646-abe5-dc5eaf31c109,Good,5
46dda619-0e09-425d-a1cd-c34df69ea1a9,Good,5
29f51351-8aaf-497d-b258-ee8d936eb55e,md.hena,5
5ed39c12-abbd-4719-9b4d-3888d3a54f70,Cool,5
4b70938f-8f97-4bd1-b0c9-b12542dab06b,I am not getting meta ai feature in my WhatsApp account . How to fix this problem???? Please fix this problem.,3
923cc8cd-6d81-4060-b54a-c519ca7709fe,Awezi,5
b48acf39-5b18-48b7-9976-1002c6047fc6,Wery eell,5
61f2fd03-29c6-43a9-82e8-405bd910cc79,I love using WhatsApp thank you so much,5
66fa88e6-bbf5-4e98-a47c-c171284bc077,This apps is very useful tq whatapp,5
d1ba52f8-035d-472b-a4f9-3f890804b264,Tob by,5
1249dd24-2453-439e-9471-1b91f3ef59b8,😘,5
bfaf54b1-409f-412c-9976-727a6848a491,"Please my phone can no longer my whatsap number please help to open it,am not using it against whatsap",5
73cb5bcf-98be-4813-bf2d-18d898193f28,I update the latest version but still didn't get the free voice calling feature.,5
59e9b0ad-9e87-4f32-9c4b-bb7b4f5ae1d8,The app is not longer working on my phone,2
b5492407-597c-4b49-be36-e60023dfc2f3,Tamia,5
3e7cab95-30e9-4688-8273-b149c7d898ae,its so easy faster if send messenger,5
53ba7434-2cdb-4353-a529-4bbf820f6fc7,My WhatsApp don't give me code and doesn't work why??,1
af4e7d81-886d-408d-b36e-6d72e55dc7b9,Why ? My both whatsapp account is automatically banned ? there is note : This account can no longer use Please consider my request and restore my whatsapp account,3
124fb9a0-2bc3-463f-b683-acf23acdfeba,Nothing to say about this aap.... Just awesome... ❤️,5
08737c2e-33a1-472d-bf1f-780918c86ae5,Super fast work watsapp,5
33b2a0db-188e-49dc-91b2-4f46f28aff6f,So nice,5
6c6db3a9-c8c3-414a-8a59-0defb6a69082,Good,5
7465a047-bbf5-4053-87f1-19c7029c02d5,It would have been nice if WhatsApp had the option to add music like Facebook and Instagram,4
c15b69b1-82de-4699-9232-336de7ab3970,Nice,5
7275649a-1d9e-4a9f-8208-3793bb9b6092,best app ever,5
fcc9321f-fffa-4327-bf0b-a15b5080578e,Most terriible worst oneeeeee i cant download photos and documents just aa worst app latest,1
8f8980cc-d30f-40cb-a46c-8653ff9daf2c,Very helpful,3
abb5b71c-dcd5-42da-81b2-b2dc386b5eb9,Super 👏👏👏👏👊👊👊👊👊👍👍👊👊,5
719f2ec3-641a-44a9-813e-99fb955911b7,Vivek Kumar Yadav,3
807de636-ca42-4e06-bb2d-d023610115c7,Nice 👍👍👍👍,5
137151f1-0deb-40e6-821b-af5d892af9db,Becase is areal comunication,5
0ba18893-07d9-4510-9e35-c2b5664df52a,Umer know what you are doing,5
f0949c6b-2205-4081-98fc-87dce2901cda,Good service,5
6a4296b6-aa10-48e8-86f6-d229019a90ea,Good,5
3cead8a5-7c4d-4b2a-8d0c-2d9040f1fb89,It's number 1 top in communications..,5
71de2963-3b78-4213-a30c-c6f86c769f0b,Nice,1
d268daf0-e13a-494f-91e7-8a39af51d935,"I can't see who saw my story, please, I'm not happy with this situation",1
c1d38fb9-8d46-449d-8e48-aa2a28112092,javied khan 123,5
83185d09-bc9a-46a3-b6e8-5452aa1844e6,👌👌👌👌💚💚💚,5
4616e2f3-8511-4507-8513-3d65fe4923e8,To be honesty man,5
5f8818cc-d0fc-40ed-9cd0-856369177acb,It's easy,2
86ad7256-38c0-4628-af2e-c318760b8c1b,Call quality very poor 😡,1
327039fd-3efa-435d-a6f6-fe6f73188337,Good,5
25e56d10-86a8-45e2-9682-eddd33ac5ad4,Nice,5
0dd8a3da-f2ed-454d-bc91-4174994687bc,jays free,5
e0be037a-9b91-4b8e-b045-ca43f32f8792,Ok,5
47c812a3-66fc-4d7e-b196-d1284dcf5c69,Very good,5
869c6c7c-ab17-4f22-a5fe-f074117e3593,super,5
38b20975-c248-468a-8d59-e6e0b3991b3a,عالی جهت,5
f3c05a41-5e4c-442d-8f05-63ce5cc81b12,Very good,5
372a568f-f1d5-46c6-9008-f19ed72ce18b,Good,5
dbf6f5be-de52-462a-a7b6-27418a7d9730,Nice,5
5677b799-abc8-4db9-ad5d-ece57439b597,Good apps,1
e8050a9e-731f-4cf6-8879-015cb9f81910,Fav💗💗,4
0cc22aa3-953c-4f41-bdcb-95fc89baf72e,I love the app 😁,5
010d49dd-e4bb-4a77-aeaa-85b5f198e456,Excellent,5
bfc60b16-de05-4c85-82a1-b75731e29d48,Download Whatsapp Messanger again,4
5a8d1b48-1fc8-4c00-af0c-d66c46f9da15,☺️☺️☺️☺️I love this app,5
05f8d426-9493-4476-bda0-260b446d4822,😍😍😍,5
1cfb693a-aa31-4d71-af28-269dea0b490f,General,5
a2ddf929-beaf-4eef-a235-1889174395f8,Average galat,1
eb042fff-64fc-4565-a3e4-088b19a95017,"Cool, smart and fast App",4
54420707-ee6a-4820-9cff-caa4f4369d90,"I think i prefer this app before i updated it like What's up with all those unnecessary channels that's taking up almost all the spaces on the status side. Honestly I don't like how they programmed it to look like, IT'S SO ANNOYING Please do something about it urgently",4
557c41d6-1fd7-4bb8-8248-fc1dcf3b05f2,This app is great,5
9c7d8ed0-82e3-49d7-a433-97ee891c12a4,I just want to open my WhatsApp To tools my friend too be talk my friend dear to took my friend and learn with them In the phone number with tolk tother what is hqppen in nageria We be test result in school college of football team player ln WhatsApp every day in the school college of football team in the phone or WhatsApp call can you please opean the WhatsApp I be talk to my friend in the or whatsapp number with you please open the WhatsApp forever please can you please opens whatsapp,3
9ed7f9fe-2a42-48e6-9aef-a0c4f3747925,Nice I like it,5
f4999f9e-2836-4d5e-8872-6141539c05fe,I have some issues on WhatsApp for my cummiunty problem So please contact us,5
c1072138-5f2d-4fe1-982c-7ddb2008d593,Perfect,5
ec64c5fa-a066-49a0-b46c-18cf26391fa1,Unable to access it,1
e8f3dbe8-c8fa-42a4-8a63-aa2b05fb0fa5,Ok,5
fccc5e03-b143-4b4d-b5ee-cb9d3b688ebe,Good,5
92096bf4-cc49-4da3-9aed-9ebde5dd2eb8,Please send OTP on my Gmail address,4
4c535143-69a4-459c-a810-5caf7375eb84,Nice,3
4d07994f-ba86-453f-bbc6-120fb976d02c,Didn't receiveed any code to login,1
13129944-cacc-4a4f-8864-b699eb18030b,Nice post,5
4d0b83ec-9ad6-4041-8c56-71ba37895872,Nice,5
42ee1521-8856-4fd4-9d4e-d532b9392344,Nice,5
753b6d9d-0230-48f7-a625-ef6bb17386bd,Vry nice,5
bfe9b862-f38a-4f7a-9123-5df3c97c25a0,Rohit Sharma,5
cac2e4cd-4089-4158-b87e-806e52619793,What's app good needs a update,5
082e294a-8bad-40d6-92b0-d6d2ea26fa72,Soni Kumari,1
d18699e7-992c-4974-855b-2da5f277c69d,Good,5
c14c6769-9b9a-4d45-a9ad-c8af20388a27,This app is very useful I love it.,4
ca0b1116-c20b-4771-84b6-e13dc705d7b7,Excellent app,5
9371a759-e6ef-4e83-9a66-b93c226219b3,I don't have meta ai,5
b5e82201-0a0e-4e1b-ba4b-f4f7ee9247b8,What up,5
25e48e1b-a18c-4d77-98bc-4f0730445e4d,Good,1
ea00b925-534d-4aef-9563-07fb7c0d4507,I'm willing to try and trust in your training!,5
b86e2331-c195-47f0-be00-e78267aede10,Arman kjan,5
6805a3ed-eb4d-4c23-b9ff-4d99918a4487,Super,5
81cfe0ab-570c-4012-b83f-de6e5a5f3011,nice app,5
70a5ae35-45c1-446b-a35f-33859128994c,Nice 😊,5
f8c6b36a-df75-452c-a4ed-e8a7be627a8f,Very bad,1
dd8d2c3e-90f0-44d4-9a60-cb3a7fdc36d4,Good,5
5f43d4d9-e1f2-4dc0-acfb-8db7c40b8ac4,Nice,5
cd2001e1-28c8-4de4-955c-20b015ce3422,Some how good,2
1179b972-062a-48f3-bcc2-c4886ed6e12c,Cc Zee see,2
c1507561-dfe2-48bc-af63-2cb16d0462a0,Very good 😊😊,3
295bc12e-02e1-4621-8ccb-8a57dbec6db3,great app of all time,5
83ac591e-6767-4b0c-a550-5ffc1c1a2e77,Harjot Rajemajra,3
1c0450b3-84ed-4a69-9c97-ee981f0c9207,Usefull and best produt,5
23a00867-831c-493a-aec0-c66673882286,Great,5
31f377ed-932d-41ab-9cf5-83249aa353ce,Right,3
d245ff0e-4d03-41aa-9521-b5946c1ff16f,Good,5
7d856713-e3dd-4e69-8d86-835d4f06eb53,Enjoy gf talk,1
bd69031e-f2e4-4ce7-81ee-e910811ae60f,Gopinath Chapeya,5
be63f4a3-3ef1-4fbb-adbd-c0a077fa54a9,"Cannot login to my account. I got problem to login, I just got login few days ago but today I got block from using it again. I don't know how to chatting and i using to for works, now my work got delays and miss out something urgent for everything via using this apps.",1
dc2a1a40-de38-4adf-9a69-8a9b394a3084,Op app ol team best,5
52a4cab5-961a-4fbc-ae24-bfb3377ad992,the bet version,4
6377883b-99e2-42db-afa8-b00977b1e2cc,Sohail,1
7f2fa657-cbcd-45fb-a11b-b0c05c7f45c8,Worst,1
7a51198e-140d-4015-abad-f28062b12fc8,Heueveiv❤️,5
bb6e536e-abe9-484b-be69-5441d4ac3895,This app is good to chat with friends,5
8a6257c3-192a-4d05-b2e2-8b8f943fca36,.o v,2
e29dfe0c-bdd4-404f-bc5d-e0ef5394b2eb,Good,5
3f2d2162-1982-440d-9557-f4f6549008b2,Good 😊😊😊👍,5
5e568603-6cb0-41ce-863e-685b92f67556,Very Useful,5
6756fb05-a255-4f8c-8389-8b2aacd527c0,Good,4
81e7283d-dec6-4cc2-a9b6-8663a1933255,I like this apps check know everyone,5
3cd355df-af40-4554-8623-3d06d717d89d,"Getting better with every release. There should also be an option to send messages to WhatsApp messenger from email account. I remember hutch essar did something like this with Mobile numbers. Also there should be option to tap and read, so that all unread messages are not read by default",4
81038cb1-a687-4df7-8330-f4285e72066f,Howrah,1
551c527d-1797-46fb-a12f-4ab82bb47ca6,ಗುಡ್,5
e673bf57-61a3-4d22-b66d-f939d4cfe13d,So much good on fone,3
6b6645ed-7881-4ab0-b6d6-c04e0dce1282,Perfec,5
79510ded-6bf7-40c8-a62d-30ffe77f09b5,Sai,5
035a3f74-b8d2-41bc-94d8-7f6b80972d4f,rashi,5
0057cd85-ea10-44b3-be88-bcb009cb4e87,Very good,5
ac7932c5-08f5-4edb-b608-0450ac320497,Perfect now,5
511da2d4-465b-486e-96dd-2da717f8fff0,Nikita Kumari 2003,2
cc581047-4e4a-4d70-bac7-5e28e946f9d7,Sabir gujjar,5
6867823a-a8e7-448c-ac60-a542ca8a5717,i want my whatsapp messenger to used any time,5
7f26502d-f3b5-471d-a72a-b756dc2a0ede,Raja king,1
a342314a-9a17-469c-a08b-6a9f102f9e90,So beautifully so elegant just looking like A Poop,5
3e205468-8983-4835-a245-b0927501e47a,Udn,4
7f4cce92-1bc0-46fe-a9de-4b38ae0417aa,Love,5
f6482804-126b-4fa1-be8d-d6fa89f0bde9,Beautiful app,5
a2375738-1fcb-43ce-823a-df2ceb0e2432,To lean more about app,5
993c3e78-3902-41bc-853d-745d50f834b8,Nice,5
dc998d6f-5eb6-4a5b-98a0-10f811dd89f3,Okay,5
82a5c4cf-52b1-4562-82af-36cb54157392,Very good,4
98f49771-0755-49a9-99f5-7e47fd034b68,Whatsapp in calling service is very bad,1
fc4ba2cf-b1bc-4dfa-affb-1f2bfba7c6e7,Good,5
e7f8bfb0-f52a-4f11-9b2f-9d3d65de87bb,It's the best app,5
94316db4-5b2d-45c8-8587-39c2d7991654,Like it,5
b5cee055-f92f-4f9b-b024-f1c16548fd5f,I'm not receiving verification OTP's could you please fix it,1
fdc39513-9c39-4243-b710-badc82f2916f,I think positive about this app,5
58468ffe-034d-427d-bac8-64e5fe32cd27,Unband my band,4
7b51c6f9-f63b-409b-a07e-96d94a9235fd,Very good,5
66de9bd0-8fc2-45a6-8eb9-ddf544055407,Very good,3
d70829bb-acd8-4fce-85b4-b6a3c18e4f11,Why cannot sign,5
ee22d002-2198-4139-ae6e-740c240be4a3,Excellent service,5
0281fedc-ee31-4c3e-8965-946a6a50150f,Supr,5
bd35b482-76b4-4376-81b5-5b91eddcdcd0,Good,5
4c34447c-f99c-42cc-9ee6-7e3169b0f234,Ahmad Mannu,5
8490c94d-111b-4719-be47-21fed0da84ec,Good,5
35846235-1947-441b-8bef-d609443f6415,Jaharulislam,4
d44f5d34-c753-4495-8644-87c1396a717e,Best app,5
7040daf5-8aed-4987-8e48-23d9cc206c77,Best,2
17c1b367-7e30-4137-aa44-b861b5c2e232,satyaDevi kotlamagn,5
95c4dd26-db59-4b10-b8e9-4471c32f4e95,nice app,5
b4245821-70b6-4d20-b3f6-d012af97aec1,Perfect,4
93f9c84d-5708-48f4-b9f3-362d93c8e1eb,This app is amazing & loved every where you go,5
131a0f43-d8a5-4730-910a-5c5a8af9122b,👍👍,4
2c97bdf8-fd4a-4eeb-9655-8d7f523311ac,"After updating to the latest version, I find it difficult to post on my status for the past days now i have updated my WhatsApp...... Am still experiencing this ooo, i can't post on my status if i post it won't deliver",1
0936adee-2e90-45a9-9aea-8f140c649cdf,Amazing app🙂😇♥️,5
ed4f9b52-124e-4715-a4c7-17a309adde95,I am satisfying for this app but you have to also give option of mirror mode and this option is very helpful for more whatsapp users,4
5d2b475f-df37-434a-9f03-a82d63bba375,So cool,5
5817dbd7-b58e-44b1-afdc-3a3f3cd36ad4,Mast h ye app,1
165b2852-5a07-496e-b69c-f23cb4faf280,It is a very bad app,1
7384bcf9-ef2e-4be5-8078-9284889c698a,This app is very good for chatting 😁,1
d2ac08c2-fc23-40a0-a080-f397e6399b22,Cant install,1
e4b25531-dc87-4140-9dcb-dc7c69548b60,LOVELY BOY,5
ec330687-9688-4e63-8c22-b15ddd1a045a,Nice trying this app 💯💯,5
f90c903f-7a0f-4b2d-bfd9-238ec7096457,Excellent,5
a60bf9bf-c53b-4bc3-8cba-3135828dbff6,Nice chatting in WhatsApp,5
1d02da51-1b2e-4bb9-a59c-a28ac305e400,Musa bauakar,5
6abc256a-0882-4991-ad50-f8f5ed633273,nice 🙂 app thnx,5
a6f47303-1a46-4b42-a9c0-9fbaf4fc9a29,Krishna nail salon,5
d140f169-9a01-4e8a-8198-ed401998c700,Vry good,5
ec7cd7b5-82d9-4ce1-b8fc-72fcef44c486,Op,5
caa5072c-550b-4e80-8b71-e29fd905afcb,helping mi in everthing,5
4f2be782-3aa0-405c-ad80-4a53b577826c,Good,5
38da26d6-ab2f-4d7f-b77d-b8d347857e3e,good,5
a7e95e14-a638-4063-b9d4-4ced1aea060c,Please open my whastap,5
0bf285e7-faaf-4bc4-b820-bd0dc9efa93d,"Babulal,mlna",5
9ac5b86e-ac89-42b8-b0d7-8246b3d72b0f,Rayappa Toogari,1
3d2ca817-2538-4f51-8e8d-98e568d43d00,I love WhatsApp messenger because it's very good in messenger friend and family and also be able to watch video,5
2284db58-59c0-4ebc-b8b7-5263f4bd707f,Semma,4
48e67932-5ae8-4519-a346-5d5b7b6c1dfd,Very amezing,5
1a147363-6d91-4d6d-abd0-ee4f0ca3603e,Good app one thing is how do you add a contact like why is it so hard?,3
a2d5bdf9-a61b-40eb-8b67-a7d980f0f4ad,It's okay,5
9440e600-58da-458e-a367-9c83fae1226e,Aman,2
dbe645cc-5066-46b6-9d08-45eeef168262,"I like this application,🥰🥰🥰",5
16eca687-7586-4e4f-810f-1daba09fa6b3,🥰🥰,5
3cdfa822-9dfe-48a1-98a6-be93400bb326,Good Excellent,4
e535e23b-fbdc-4e57-88b1-5e9f8a1004ce,Unable to open my whatsapp,5
dde811e1-02fa-4534-9afd-8d44f2a6ccd2,Good app,5
a97797a4-8601-467a-8b27-5624a32983ad,No use waste,5
6de78ab1-c906-4c90-b7f4-da205ea0d092,nice,5
350da8b7-cd71-4019-b048-90ffc88d3744,Good app,5
8ffb6f2a-b939-4eec-8b91-e4e52bfb61dd,I am using official whatapp but my num is not verified,1
3a7f0fbf-d1bc-4c46-b036-991a91467325,Sonaltalnge,5
059f5c56-af91-49df-95b1-7ff8c48353b3,Nice,5
17e17516-1eb4-4151-9fe0-88033c4653be,Dear Whatsapp team recently facing me my WhatsApp otp verification code not received please help me this Whatsapp using my friend or family members connecting please fix my problem I'm trying more time but not receiving otp please help me sir or madam,1
5a8219f7-1c9e-4b8c-b168-6800d4d1a7b5,Nothing bad,5
53464f03-6dfd-4e55-b708-9e18dbabc817,Nice,5
10efe9ae-d87c-4007-84f3-5a3f2eb888a3,Good app otp,5
5987bb28-4b22-417d-9ede-9ffb5f8fdc1d,Mate verify on my Facebook account please,5
062a5891-6b0a-4fac-995b-ea49088556c8,Why I'm not access meta al I'm update every month,1
ce004f40-3ce9-47c7-b7dc-53ca91e9dae7,Worst update,1
4056eb75-d003-47fc-acb8-f73015952f6e,Is up to wer,5
a5790634-2d28-46e3-b098-52bcacc7119c,Mast,5
c0984f68-d688-4679-8afd-bbde32af9ba2,☠😡,1
6b435d02-1ee8-446f-9d81-6a0e744617cc,Good,5
0bd89c62-cbb3-477e-866f-8344ff46472a,It is more matured and modernised technology at the present to share my choice with all my favourite persons. Official and at the same time personal usage by this app is so munch user-friendly manner that can hardly compete with any other app. Very useful and enjoying app.,5
c25c5305-14f8-4516-ab96-55f687b0cfda,Very good and fast,5
63136043-d3d1-4819-8c0e-50430332ca72,Nice. Not bad🙂🙂🙂,5
32be9459-7b58-405c-ad34-7c095de68fd8,Open,5
c42515f8-4750-4615-9071-c693c3a1f643,.. h,2
51ff9441-e305-4432-9c41-88e8d2e6d2a5,Good,3
942cec3e-138e-4dd6-82aa-3a47849e6835,Good,1
f829b6bb-ba17-4f9c-ae73-cd1c8efba992,Not sure,1
dfdba84a-1cb7-47a1-869c-9e3ecb9d5f17,Best app,5
2925e434-6e7e-4506-af15-1fa9f8b3e7ef,There is bug in my whatsapp,4
b9aed02a-1393-452c-bc1a-25efb74981dd,Not bad,5
a7793429-d6ed-4a2b-b6ee-b2addfa410de,Jit jit hanto gambo blue jit,5
d8ae551b-35ff-4786-af40-b316bdd604d0,Nice app,5
df5c5287-8016-4146-97f8-a6a028a44570,Good,5
001ec519-6afa-4dce-995d-91c65c45ec71,Nice,5
7f288105-dcb6-42fa-a944-c5cfaedde3f9,I really don't know about other features but I appreciate the new AI update. This is very helpful. 👍,5
a772fd56-80c2-426a-ac17-26128cf60266,ఎక్సలెంట్,5
81a4c090-ba58-4586-9d29-bbf325ca7777,You are very leged,5
228a9ca9-0556-4c6d-8acc-cc9dcd101092,🍉,1
52d7773b-f954-468f-80e3-b231406eb142,Noice!,5
c4d4efc3-6ddf-43e1-ac47-041ceb68a059,i cant update,3
1c7d318c-ac9a-4949-898a-bffdb25f9ac7,Good,5
cbdb1ec1-bba0-43f6-be49-7998436e7012,Excellent,5
36d49044-9fe3-4c43-87f0-7b3842d3a04b,Zain idrisi,5
5848b500-0bbc-42a4-895c-9a7267fa3dd1,Very good,4
4467b08a-cb33-4783-b553-b557b3830a3e,Very nice 🥰😍,5
dede1c4e-55f1-4f8e-b8a3-d04fd6420b03,Changed phone,4
212a5523-a451-4fbb-aa4d-cd18a75b7252,Excellent,5
2ab29bd1-76dd-43ee-84d5-d36f23e5ad8e,please maywhatsappp open,4
7b5a9761-a185-4269-8536-a1cfe253dafe,How is the latest version 567mb more than the previous one?,3
7d093c0c-c777-4511-9a45-f71a7b967692,KawsarHj,2
1bf00561-1681-411a-9853-8f46f1d213b0,Great app of all time but have difficult time saving status,3
c8cff34e-eeaa-44b3-849b-798d8da6a26e,👍👍👍👍,5
e90ce32d-f1fb-48fd-9f93-6494452dbf9a,Du off jpfckkn hi ICC t to,5
a33368d3-eb4e-4c31-b88c-438e9f07fa95,"I love this app, is so amazing while using",5
48993a80-784f-4a72-bbad-4a5832a0526e,Being blocked on whatsapp and my account is a business one. Please assist.,5
058fa968-d344-4666-a143-e479c80cbf5a,Every fine,5
f30abe08-beaa-42e5-860c-0861e5e64a05,Just another platform for ads,1
4f331814-e2c3-40e6-a15a-633bc537b7f7,Very slow verification,1
72b0c649-7da9-43ec-bf75-ec9670efad1c,Dollar sign what sign Mera joota Japani Ye patloon englistani sar pe lal topi rusi fir bhi dil hai hindustani,5
8c738f1e-ecea-4147-b39b-23a329ec39d7,Good,5
334d2a9c-ce77-449d-8729-8cbe25fba694,Request,1
c1f6eee5-8993-4d62-bfb7-345af8a0b12e,I didont know if i was marther or arthur,2
bfdae418-d9d1-428c-80c4-178280c5d7ae,I am very old user of What's app but still I do not get Meta AI feature in my what's app.,1
d39f6523-ead0-48e7-9916-e2eb7bdcf226,Dontlikeme,5
98b98864-1840-4ec7-8979-5601c76ebe50,Really good..,5
27db5bc7-8f5c-4fe5-aa74-2f3043a4abd8,Wow,1
0b6f7f31-3b5b-4cc5-8e51-8b1ce9c98230,Why is your app easily hackable all of a sudden. The number of hacked contacts in my chat is alarmingly high. Something needs to be done to your security and it needs to be done fast,1
29f9f3da-0edc-4585-9171-a68c2eca498d,Eak sabd me bole mast,5
cf62276f-c105-4979-bc9f-c310438cb907,Good app,1
24627201-bc30-4b43-9408-adbef121a90f,Excellent 👌,5
4743d208-430a-4b6f-a186-087a09ac359d,It's very easy to use it's good,2
41205dd5-a498-4dee-b5d2-cd7e7d6d8f3d,Love this app.,5
ad17fe0d-5849-458a-a41c-8dd39c111412,Very nice,5
ad384afe-5272-43f6-8cc0-c4cf7ab7d50a,Nice,5
4836100c-f255-406f-bfb4-8dfd4d5c2636,Ok,5
8b9b07e7-79af-4c1d-9616-96dbc5e84bd7,This is very good aap,5
b824013e-37a4-4721-adec-3a2f57e2b36c,I don't why I'm not seeing meta AI on my search bar,4
706e7cf7-04a4-48b1-82cb-c087aaf64b27,Good,5
fee95427-7db4-4eed-8ae6-181d387005de,"Please, separate personal chats and groups🙏",4
35441b64-19ef-4433-8053-750c63179859,This app stopped sending and receiving video and audio messages after Android system update,5
d4d5fd85-b0e7-45aa-b5cb-2f2b88d5a0b4,terbaik,5
7dec5245-5ca1-4880-a403-3f2f41327fdd,"Which one is official Whatsapp, I've tried countless times but is not working, they had to block my account and restore it, after that they started telling me rubbish , fake app",1
32d3a960-9005-4375-bf81-c60b1c63e6c4,Very good,5
4bfb90d9-14dc-41f7-b45d-69ac341b89ef,Good,5
313cacc6-a45e-4d85-94d5-608ff300e2f8,Nice,5
f52c95d7-40e2-496b-b679-0af488c68801,রাজা দা,5
acd34b1d-5406-49ac-8298-2bc23cdfdba0,U .,4
adf14118-553e-4087-bec6-e1fff1a394e8,Daniel. Okon,1
de1ed99e-445b-4506-b27f-b01cce3d6569,Very Very good app thank u,5
53f604b8-89db-43c2-b30e-6822c9aa7c24,I am getting frustrated with not getting verification code. I have written you many time. But have not resolved my problem.,1
ff7c5f7c-ac17-4358-9019-f9fea0bdccd3,It's good application,5
8f0fe589-ef25-4191-959e-bc1eddcf36d2,Great experience,5
e503c9fa-89b4-46c2-8c9d-6ee4f3142493,Very very useful app.....this yesterday I have got a team ai named (META AI) very wonderful to me guy's a good friend request for this is not just HIT 🙂😉🤩😊😇😝😜😛🤑😋,5
85bebde5-ddc9-4660-bff2-5e99f783180d,Always whatsapp is my best choice,5
79429e48-8832-4cea-bf2d-457714de8125,Wunderfull,5
fb53d182-9dc6-440d-8c28-2bdc9773c7e0,Does this app have voice messaging,5
54ffe4a0-8471-4534-aae1-6733b4a909e7,Why my account is close what is the reason,5
eb4fd9ba-3867-4006-970b-e8bed8f63b93,Good,4
997fee81-8d9f-4a98-9eb5-e5d31ce669e6,"add feature change virtual background in video call,plz",5
79142914-a353-4db4-bc62-7a1a6f61fc27,Best❤️❤️,5
a86660e6-84ed-4f86-a828-aee5d45ea5d2,Very good app from whatshap,5
77ab6b37-a10e-4e75-b3d4-14954eb8d9b7,Friendly to talk,5
d74a7548-e320-4692-a640-059a12d0d1b2,Very good,5
82b9e1ac-12dd-4d78-815d-fc221f41d50a,Contact verification,1
ead3ef38-2570-422d-adb6-12d8f5eea0e5,Rajveerkumar,5
6fa6d761-0f84-4aea-9c3e-4c29a54d54f3,Gura. Sinku,2
2857db97-58cc-485d-abf9-2107f8650655,Nice,5
999edfbf-f023-47e2-9fc2-2610f2611eab,It's a very good app I like it,3
f8073876-6e1f-446f-abad-d2564a993a4b,Amazing app it is very useful app,5
b3327659-fc6c-46d2-921e-e6c9017986b8,review,3
86d7e82b-d280-409c-b679-504bb476a84f,Karuppasamy,5
8150421e-8008-4db0-8e95-4923f9b40d36,Awesome,5
12ea7d6d-17de-48cc-925e-c770f3c144cf,A very nice app for chatting.,5
6d65bb43-9030-4dd9-b417-6d0b688776c1,Bug mulu lo,1
ed34a6c7-4bd0-40f7-a322-107aff062001,Very nice 👍👍👍👍,3
29a83b0c-8d74-4fb6-b24a-e71b427b0e39,VERY FRIENDLY AND VERSATILE SOFTWARE. BESIDES IT COSTS NEXT TO NOTHING. WHAT IS THE CATCH? THERE MUST BE A HIDDEN AGENDA WE USERS ARE NO PRIVY TO. HTSAAD,4
3f2d4cab-49d6-4d0d-8bf9-b06b058a5f0c,MD Imtiaz,5
10879a6a-8d79-47bb-aaf5-aeb318a1bb9b,Yeeee,5
c7bdb9bd-0db6-476c-8889-56072a61efeb,My account was baned so please open my account,5
a935253e-a1af-4c59-a1d3-e895b01ea350,This app is very fantastic,5
e04508e3-ecc7-4be6-afb9-9474b0878303,Ajay Kumar ji,5
21f376c2-23a9-4a4f-b4af-23c4ea2ecafb,The best communication and messaging app 😏😏😏😏😏😏,5
596e2022-5ff4-4b43-a349-ad88487c4c7c,My WhatsApp number is logging out again and again so am requesting you that do not log out again...this os my number than also logging out I also request Many times..........😡😡😡,1
fccf866c-1b74-4ca8-b4dd-0fd45db30d8c,খুবই ভালো,5
e578cce2-370c-435c-9f86-a0b40e211989,Works for My company,5
231ad46c-da77-451e-9531-f772db222616,খোলাযায়না,5
71d32769-ef76-449f-820d-1a465e3a209e,Nice app,5
50241c75-7512-4f44-a87f-bdbfa4b02f9c,Very good,4
f590dc9b-7276-4b2a-8463-dd842a2d4765,WhatsApp is the most popular audio video chating app.,4
a2370d73-3f92-4257-b241-3c9c9d62bd38,The mic is broken,3
c5b3b88a-a242-4a11-9c14-26f08885f144,The app is so good and useful,4
2dee93f3-3bd6-458d-bedf-476ac7974f4c,My WhatsApp number OTP problem,5
1f36079b-ae3c-49fb-b56b-befa5c163690,Show my display,5
ec394be4-72f9-46ff-8e55-8628badb5a08,Rajsamand Jila,5
4833b544-370e-481e-8a24-a19ee57fbf39,Good to me,5
766ad547-6ab0-4463-bf90-95c77513e0c2,it is a great way of communicating but the end to end encrypted doesn't let you send messages,5
589ff768-5dd9-4a50-8d2c-9953e1315e1e,.2Z Wwk o O,3
d8c2f7dd-e029-4e5d-ad49-7d7f53099a1d,Good,5
6913871d-9a2b-427b-a557-20ab21beb62a,Super,5
9dd28fc4-953e-4f8d-a26d-28eb876b32f4,Nice app this is very usfule,3
f1b21989-a251-45d2-9ea7-f83f8201a4a2,put somebody hacked my phone,5
6c0c3262-bd5b-47de-9ec5-5309d9a9461b,Simply the best,5
b9be74d3-0f49-415e-aec1-e6c9ac2bbbd9,AsifIi,1
1fe56842-7fa6-451f-9a9f-5e68e7bce414,If possible you can add any more as GB watsaap,3
a794b408-0443-4a38-882d-4f0e42b08121,This app is so good,5
57396206-6ab6-4dd0-b85d-de76ad4a3eea,স্টার,4
7622e4ac-7c34-4ffb-95c7-970489bf8896,Thanks for helping to communicate,5
d74cc1f7-9681-4359-8f62-38c16d21cdf3,Please my whattup account open,5
1e562597-9594-4215-b26a-db3d76c1d2c5,Super,5
0257b6f1-744c-4f55-9fa0-6e9cc575cd00,Good,3
4104fe9b-2e74-4245-8ef7-9f7c338560f8,Meta AI feature is not in my WhatsApp. Why?,4
05a17b56-dd63-4690-8c94-ee9eba0c15f5,Good,5
49e7b6a2-8338-4268-9c85-ea8bf217c768,I am facing OTP problem many days. I give feedback but not solve my problem.,1
85c44762-a7d1-4f03-83f5-2f705b2e0d83,Nice,5
85217ca8-6ffc-4598-9e86-1065c52becf0,WhatsApp is best,5
4b5f51bb-6ec0-450b-8160-d71f5267d3ad,This is very helpful,5
f8868f92-b707-4f3e-9280-cec0a0937b64,Emeka John Hk you have any plans for i am so excited to get the 💰 for the next day and night with my 👪 is in my head is killing me and you know that you have to,4
6b035a5e-33c7-4e04-a484-32edf9485ece,Super,5
51bd49f4-58a9-417b-a1f5-4fb436def29c,awesomeness,5
32956a1c-13cf-44a2-aad9-c996776bc59f,Rubel Sk,5
25b0392f-a9b2-4a5f-be03-c64abe47418a,Thank you boss for your app,5
d35fd4bc-ac17-4a7a-afa6-b6652e75315f,Wo,2
a693a467-867d-4acc-b316-1017e7269279,Very good👍👍👍👍👍,5
3d86c02c-0e72-44fe-95f4-a18ed67c64ef,Not sure,5
151c4296-70af-468d-8791-8a86a5552b1a,My favorite app for chatting,5
06cbbadf-2db0-4d0b-8819-a57d725fe23a,Good,5
4f3c7b71-9c55-4567-8ce4-bf90995408fa,sei,2
e1c3db3c-5c13-43d6-91db-82c542f59dd6,Meta A i .....jab tak ye Hindi mein work nahin Karega ye Hindustan ke aam logon ke kisi Kam nahin a Sakta,1
2f0ff17c-0319-4f5d-b603-01272ac629f0,It is now easy to send an emergency massage through whatsapp,5
7a53a68f-c008-45b9-b4a3-63ebd3a90b48,Better,1
528ee34c-6587-4eb4-8584-6637f67d3845,This app helps me alot,5
05bacff3-0bc7-435f-a774-b60c5a11c190,Nice,5
49fca5b6-b33a-41f4-81e7-bbe31a01cfed,It's my first hope things will be well.,3
cb3f79c8-fe1d-49ef-a1a9-f761151f96f9,Very nice,4
f971ead0-06e2-4912-9f8c-265a220ea344,It works really well and very easy to use and it my go-to chat🤍🤍,5
2b5c0a5b-7b60-4c36-8082-fb308e562ccc,Mathao pata.domakoda,1
aa0f1def-880c-4631-bc11-95028ebc3a5e,"•Very easy to use •Very fast and reliable too. •It has alot features with quick updates I am very happy with the service provided to us on whatsApp. Thanks, Pranavi",5
eae30322-7094-4708-aab5-074fd2885b24,My whatsapp Messenger is not working please help me,1
e62ed104-03ef-4f83-a93f-83a3a295f4bb,What happened for my WhatsApp,5
1adcf89b-038b-4518-9f01-edc6ed5eef34,Hamsatu,4
47be0487-688c-417a-8cd3-07f83cb5fcbf,Good and safe,5
86e7a7d4-dcae-455d-8301-1a085e5df762,Good app,5
296f328c-fbc7-46a1-95bb-8c05b7651638,Good app,5
919fae67-d0ab-41b4-af12-b11879cb6125,It great but the updating is too much,1
ab14dfd4-a75d-4c05-b77e-cce84897b388,Good,5
aa35f920-ba03-4dbb-985c-29153a5d68d7,Good,3
c032d9ae-9ac9-43e2-bef9-1143214a0b50,I love it This app is so convenient for me But i wish that linked devices can save numbers because whatsapp didnt let me use it on my main phone so i login my whatsapp to my friends phone and lunked it to my phone but i cant save new contacts,5
aaafcff7-5d16-41b1-82eb-5989b2322d36,So,5
4212c4b3-6ea7-4691-8711-00e494dabf99,Excellent,5
72ed258c-a282-402e-84e1-54141ecad2f1,nice status viewing,1
8d760d42-71f5-4224-95cb-0301a22efbd4,Nice app,4
af0a51af-0e2b-4bf7-ad0b-8bd825752712,एस,5
d7486d38-4cd3-4710-8f59-fab311f81b3d,Nilesh dandge,5
ebfd7499-5ea4-4dc0-aa09-76bee2680957,Very good in my,4
c045c968-5f1d-4936-9044-4a969aae3d85,Good,2
ddc46e0e-b81a-4f73-831f-31a6228b9c19,It have lot of your needs,5
6c769cfe-7f9f-49ca-896e-26f963516fa8,I have been using this from 2016 till today 2024. One of the simple and best app for me.,5
69f5305d-7890-4172-9357-6f0f8e164277,Ritukumario,5
800693cf-e6f5-4020-942f-f4fcb91ad4bb,5 rupees,4
41776f94-8701-44b8-ba6d-d7ec328ed778,Nice నేను very good,5
3d56f3a4-30e6-4bd6-996d-cbe83a387652,"It's good I love it, no complaints",5
2728dd70-c07e-4338-a0a8-f6e3fca7c00f,Why this app not installed,1
552f1eaf-10f5-4634-8162-378179c9176e,سلام وقت بخیر من ترکی نمیتونم بنویسم,1
257b291b-087d-4ae6-9f27-01f9c795f3e9,Nince app,5
3e2cd46f-0ddd-4c5a-b222-012a9690091b,Nice app for communication,5
ace7042b-2176-43ef-99f0-96696377d6ab,Good,5
644298e9-80fe-4c96-ab66-8b376299e113,Awesome ❣️,5
7b714a9a-c898-47e8-aa43-3e42b227aab2,عالیه,5
3d91b103-2b0a-46b1-92bd-eadc4f777e8b,Very good,5
1e85cc2c-6228-4ca7-9480-172c0eef0fac,"All is well, whatsApp is very very okay to me",5
fe7500de-d272-4b98-b2ed-cab972e14f51,Good,5
f622da0e-010e-4a20-b978-e35adbc73c7d,Good,1
d95ee818-1a18-49aa-9fb4-97ced71b17d8,excellent app for easy communication,5
05f97fd4-c2c4-4a51-87fc-45b9685f3cf3,I don't have meta ai on WhatsApp why WhatsApp dont provide me,5
267d1524-6130-4583-a112-4bfcbcb28dfd,Annoying,2
5e245064-6599-4949-b507-21569b149e2f,Superb,5
ebf2d286-31d3-4d9a-b4dc-19a065941c88,Excellent,5
6ad4b8c8-736e-4c73-bd04-4b94a2d694b4,Perfect,1
b3b913d5-4567-4bf9-93e7-58f578bc144b,This is the best app I've ever used amongst other chat apps,5
26b1c88c-05e7-454c-9cfe-d59b6a521715,👍👍👍👍👍,5
924d2e56-1b7e-42c2-a1b8-63504254bc26,Good one,5
f5acd194-3da8-4b7a-9777-19e1fee55171,Very good,5
72034da8-79f8-4b11-a0ae-3efe33e431f6,Naice,5
e9547ed0-e184-40e7-8eea-47caae2ad9db,"Audio is tuning too fast, why?",4
276e91ba-9416-4e02-b7f6-c67afcea54ec,Whatsap doesnt work on my device,1
f74b7a3d-552c-4dd7-a97e-3c25b926fe3b,So nice app for users to talk with loves😍😍😍😍😍,5
a705df35-5ab2-45ed-ab78-583cf50af8ba,Good,5
f665b208-49f4-45e9-908f-0f3963899bc2,Very nice app,5
b6f95862-6b69-4793-80c1-ff58fff04023,Hi your app is good l love using it is very sharp,5
aec35652-4218-43b2-b1a1-2a30df47258e,Salmah hemedy,1
fa7d6136-ebd7-46fe-a0fa-3e0844100e88,Nice,5
ffd8a3cd-8f08-452f-9fff-1ca4bfac026c,Good apk,5
267aeefa-e146-4607-b1ad-f3512ec5020f,Because not uploaded salman khan details,1
766ff2b5-a904-4dfd-9fcc-3150b6410110,Very good👍,5
7f449ba1-dacb-499d-a2fe-f0b72b8be86f,Nice,5
b4ba7406-5837-4e6f-8877-88a4edfa45e7,Supar,5
fca78306-1548-4c0a-b037-4fe54278f743,Nice,5
ffa0d2e3-fcee-49dd-a98b-a14d92227b14,It a really fun app,4
a3ab9533-86f6-4456-bad2-d3a2fe8e8f8d,Why did you blocked my account? 😡😤,5
20a05b5b-0f66-4735-bdb2-dfc7636a3419,👍,5
c9e72136-7e96-4429-a7b6-985da0d0e08d,Good,5
675d6498-80fd-4617-8ab2-42cdcf2ec7a8,Good.,5
330f3772-31fc-40ac-8ee2-e78af7d1bc47,It has been great so far.,5
9366dcfb-f6e9-47f4-92e4-d1e80bcf0d45,Good,5
207a5023-3a73-4a91-9790-8cb31a2a40c8,Excellent,5
45e125b5-eb36-44f8-a825-802134ffbc39,GOOD,2
bed4fce1-bb93-40ec-a58f-7f6c9c20c239,Good,5
a696882e-9fbf-4d14-b9d5-7dd12ba4019b,Good,5
707df748-6a56-4d6a-938f-ba6ff2e0e22b,super,5
2eacd976-f1bc-47ff-92aa-d678248c3b90,Like full,5
e3b25b36-dd78-47d6-abb3-200cb8c28fe6,Todos excelente,5
f00f53c4-7f1f-47d1-bd2c-a6a66f195c62,I love,5
f2048964-78a1-42e4-84bd-15b851689581,Best messaging app,5
fd05d73a-8133-452e-b39a-37d732db1a64,Best,5
70b68f03-daaa-44fc-b9c9-7fee7c8a34e1,Very nice 🙂🙂,5
3fd0d4ac-d2ba-4e43-a9e1-8528d24e2ef8,Best,1
e7dc14e7-14dd-42b2-9c11-12efa264b226,The app is not opening although all permissions are allowed and I did reset app settings but it is not working!,1
3b45aad9-a4cf-4874-b257-70640643add5,This is a good app .,4
4d489594-7906-44c9-abaa-8a963bbd809c,Dg kku,5
7d3ad3a6-a29a-4067-b20a-c2c8ced25b15,This app is good and convenient,4
a1134598-a721-4a7a-86c0-787674a6c969,Very nice,5
e17ad9bf-68e2-4b89-8091-df354dad6a98,Very good,5
6b0637aa-82ee-46a9-afcd-81dbbd15319a,I feel very secured and convenient and fantastic and marvelous and good service,5
6c6cfed7-a8c9-4845-841f-408fd2e01dd6,The app is user friendly.,5
48bbcddc-02a2-4731-bc99-cb5c5cdc40b5,Good,5
29285847-6475-43f8-a092-c44a93089058,WhatsApp use full device on call and chat box and meet you new people in WhatsApp,5
366247e1-2e08-47d2-a0b0-10efb613752e,Very interesting App 💫❤️‍🩹✨,5
54ab0f9a-779b-463b-ba4a-5bb3dc32ad15,10 years,5
d278af07-e38b-4f15-b776-59db9b5cca4e,Good,5
b2fbd87f-23ac-4796-b238-c7e22eff6521,Very nice,5
17d94e21-089f-4a7d-a659-62af5d0b0815,.. Best,5
696e4cd1-780c-4e06-ab06-446fb2d1232e,"Hello Whatsapp team!! WhatsApp is a great app for chatting and staying connected with friends and family. The recent addition of MetaAI is a fantastic feature, adding more functionality and convenience. However, there's a bug where MetaAI is not showing up for many users, including myself. This inconsistency is frustrating and needs to be addressed. I hope the developers can fix this issue soon to ensure everyone can benefit from this new feature.",5
7b9d65f8-c0ea-49dd-a0c8-e80ff9e7340f,Kajal,1
c2e80d34-601f-44b9-9a1a-f61bb5554c3e,Nice,5
5598ccec-e8c6-443b-a336-cd3487df8962,Very nice app,5
8ee1d8c7-40ce-47d7-9db2-1bdcf12d1bcf,Too bad in,2
6c807ab3-85ae-4578-8b5c-9f34774e2407,Good,5
5d6d31cf-10ab-434b-9322-f054754473b5,My meta ai was not working but it was showing 🤧🥺,3
7270c5d1-ca34-407c-885d-3e1ae7f41f6d,L I'll look lllllllll look look look,2
523048ad-2f05-4c9b-a532-dbb2c675f58e,Lul app,1
557ee3bc-76ab-4c73-8530-e4f7a370ce66,Incredible,5
22ccf16f-3c32-4729-a615-37cbe565e7ad,🚫🚫🚫🚫🚫,5
ca931aaa-7dc2-4b55-8487-b6d6d43a5d8c,ډىر خه,5
4e0f6c93-e183-40a6-a1c7-462422528d4c,My experience in this phone is that the website and webpage aren't always available,3
7ef70025-abbf-46e7-b7f3-a4154c1d31fe,E😕 😡😈😬😀😢,1
0ef01513-bb93-4354-9174-9f854684c1d4,"Please accept audio call , video call on ear buds plzzzz....it will calling out sound",5
c177e1d4-94c8-4e53-9fd6-86356dc58200,Very easily used this app ❤️❤️,5
ad6f8775-136f-4346-9f13-5e7fb614aa3e,Thank,4
4ccc472f-8698-4a51-9d07-f4b48092c116,i can't use my wattsap. it seems like someone else from someone other country is using my account or operating it. this account is no longer use WhatsApp due to spam. (fix problem). this option show everyday after 12 hour of login. I used to use gb wattsap bt i don't use it now. im sorry for my mistake please fix my problem,1
eb4d2714-16ff-48cc-910a-32d6b1b62fbf,Ghana,5
1d42b1f2-fd6e-42fb-9dd3-76cdf69df843,Super,5
8b240057-b396-47ef-9f8b-69d00d2170bb,This app is very good,5
c8b86d5b-cbad-489d-8cda-f576cbcf0d8a,Nice👌,5
108deae5-fe1b-45a2-8190-299391be73e8,Hahheb8dhhh Z WS.MMS D,5
cf961b2d-2dde-4f8a-ae4d-aac13d0b447b,Sabina jan,3
b2dc2e03-6b62-4b48-8ad8-5e67fff968de,Good app,5
5d8b08fb-6c42-4cf5-9c0e-3cd39e354b73,I love it,2
0b0f916c-48a1-4c03-8957-f834e664555b,Whatapp is nice,1
3897ba4e-0b36-4e3a-ab46-de7010f12457,Love 😙,2
61c8255d-9a16-4859-9ece-143766292ff2,Mark Bhaiya ye 1 time watch wala system band karo na plz... Jab bhi koi photos deta hai toh wo bhi 1 time watch pe.. Aisa khel hum ashiq ke dilon k saath kab tak hota rahega iska jawab kon dega? Aasha hai aap hamari pukar zarur sunenge.. Savinay seva mein Amit 🤘 (oh Plz maan ja taau..),1
1e142018-8fe2-4790-afbc-c8fa7d0c223b,Good,2
def401b6-693d-418e-af56-3bbcbfc6cb52,good,5
921929f5-e42e-4d98-aa38-be77d2a4eb63,Good,5
9722e56a-5781-47b1-88fc-e78550e88e33,Veri nice aepp,5
b30052b9-c564-42b4-8de7-e49bcb411722,Dear WhatsApp Community Team. My Whatsapp Account is Banned Due To Spam. But I Didn't Spam Anything And There's Number From Someone That I Don't Know Message Me Before I Got Banned. Now I'm Not Able to Run WhatsApp. I Have Many Work and Assignment at WhatsApp to Do. I have Read All Your Terms and Conditions Now. I Will Follow Your Rules. I Hope You Will Unban My WhatsApp Account As Soon As Possible. Thank You.,5
97b4993f-6096-41ff-a268-d75e3a69526d,"Five star wars among five namaste 🙏 . Chokkhu, Korno, Nasika, Jibha, Tayak !! बहुत Thanks আমি !!",5
e1512dc3-6003-4f9f-b476-14bc98c45e78,Very nice,4
7e5eb73a-772b-42c1-9d3a-e871d39a3cd0,Think about your far friends,5
cd3510b8-2d8c-4024-8d35-95e167076df5,Good,5
79ca08e6-5cda-49f4-a30f-6cdff78d91eb,Good,5
5684a1e5-a471-4f3d-a931-ef7906f6d5f6,"This platform is the best compared to others like Signal, the user interface, the Meta Ai, everything is just perfect, 🥂🍾🍷To Meta.",5
b7487914-a5d8-4d97-a2f9-cfb734927fe8,Please get a update on WhatsApp channel which is deleted....how to recover it Please sir,1
b4a50695-eecf-40cb-a02f-34118c1e9a94,Best,5
a74a0a41-9cf3-4c51-bf0b-aee92b06387e,Like,3
1ff734df-653b-402e-b03d-b8d60942e522,Bad,1
543de55c-3063-425e-865b-1417597f1282,Wa,2
8660edfa-cb19-4d36-a6be-8c85c6da0214,Auto backup crash and my data lost many time by this crash idk when they fix this issue,3
a2704854-75b5-4c9e-8199-cda9c72a41c8,Nitu Kumari,2
071d29f0-3a5d-41db-bb1b-814051f60563,My number verification code not coming,1
b56d59e5-0b60-46ce-8689-0287003cb3f6,Good,5
bd7336a3-e279-4783-881b-5c380fe26f18,It's very good,5
0593c601-7e33-482b-834d-3fadf0c07fe2,Sameer,5
214a5a59-540d-4a6a-8fdc-afe8795db8d6,Muy bueno,5
7c0bdc7c-f284-49d2-bd7b-e447f7d0ac4f,Good,5
356eb6be-cfaf-4092-b8d7-7eb43b51c4c4,❤️❤️,5
1301f70f-1e73-4e7c-ac20-df744f66c1ae,Better,3
6ef9988b-a6d6-46b7-b2bd-4beccfd9cc38,Good luck,5
c7026f84-5bfb-4c15-b76a-7234eda7aeaa,I love using this app because It good and it functioning well if they can make it like Instagram app which we can watch different types of reels,5
4b7b818d-4644-4db8-9abf-9925c41235e7,So much better now than the old one,5
12d4f0c1-540f-4d68-abba-f8c386ac2dd6,WhatsApp is a high featured app for messaging in different forms which is very helpful and effective.,4
93e86885-e122-419c-9b47-9bb5d44e74fd,nice tks,1
67445292-dd0e-448b-87bb-0f98aac43683,Open,5
56f6df3d-c74c-4e92-b357-ed4ed5f96c31,Delete massage,1
900636e0-b736-4365-a6f8-9190fb4fc032,I love this app,5
9a7296f1-ddfa-4635-8fcc-12d0eab0bc25,The best,5
0c30390f-4ec6-4758-af2e-07a8278c92e2,J6!team unum iii nmmm:8uj+a? ihi bioko chufa tuk kk) i,4
508c4d01-2390-48d3-bc40-6632400b34ba,Good,5
5e3965f5-9402-48e8-b506-9cfa90f99a82,Very good app,5
ea17e1f3-c5ff-409c-b362-47654f6ceadc,Good on,5
49075e3d-67f4-45d9-994b-852fc37b008f,Nice,3
46fb6edb-8b5c-4f33-a762-e010cafd3aaf,Xblh pkai 2 nom klau pkai pndai log out,2
1b43b092-55ea-48d7-a447-1b8ba561d5a6,Aditi raj,4
7329007c-5737-42dc-a21f-a27560bdd8c1,No riview,1
711310a0-6a39-4aed-9237-557fe4dd9ba6,Good,5
f451ec00-4b61-4788-afdb-534821854c8f,This is very good app,5
1b3a761c-53e2-4a5e-888e-9c32a97529c0,I think the app is good and i like it.,2
037d54cf-79de-490b-90a5-790f80db16f3,Nice,5
14bf6694-6bb5-498f-9381-6fa00d9d72e6,Nice,5
5dfe0fb4-74b9-4d1c-a9ad-12d2f609b66e,Gay se bahut achcha WhatsApp ha,4
f4a7c6bb-c76b-424a-908e-0be2854e56de,"My whatsapp is no longer working due to spam, i have register with three sims yet not working. May i know why",1
0907ed1a-ea99-4e36-8751-927605d367d7,"Didn't receive verification code It's been 3 months and I haven't received the verification code. Because of this, I am unable to use WhatsApp. WhatsApp service very poor👎👎👎👎",1
fb91c21f-b55e-4fbb-b546-0dacf5859466,"Meta AI perfect addition, this is the future of communication.",1
15c7f242-f16d-4655-912b-91c3a687d5cd,Good,5
473bd30d-a4d7-4638-a2d8-e6b8bd196fd0,Am interesting in using your app but you are trying to make me angry with you,1
f0710dd2-2ffd-403f-9f68-6415c42b0be6,It is good,5
0d254920-e3cf-4708-85f6-9cdb6c042acf,Not good,5
e6717359-06dd-4ebe-bf3e-041761e265e9,M struggling to install WhatsApp here,1
7ad4c12c-6470-4438-8014-533bb63b2d5a,Ee ujj TT . 72d2. 2ww୧(＾ 〰 ＾)୨,4
02686291-028e-4ee3-965b-d27ca7e9f601,Veery good,5
a5b20fd6-c499-4ef1-968e-60402ba6f61d,عالیه,5
44c51e4b-1ff4-4644-b5b2-db631cb27630,👍,5
69721e77-82eb-4635-9fe2-087aed6af00c,Click,5
2b3d2b9c-59c7-4f3b-9e67-620282e1bc3e,Pls open geo phone whats app,5
89c3893d-ea8e-48ce-b341-bc2f5b1f066a,Please provide status download option And mention people in status,5
c3c50350-4bc4-4336-a3c4-ab533ddfb6c3,Good Experience your the WhatsApp,5
b3ab09b4-b6a7-4b93-9025-bc9a19331cca,It is a wonderful app,5
a75c7962-5c28-44b6-9910-8a6c2e5a4faf,New update has a bug and aplication no function for developers,1
99f841bb-a6b4-468d-8293-008d6d8a6e58,voice messages does not have noise cancellation which voice disturbed due to unwanted background noises also does not support bluetooth microphone which is own have this property,2
236f3c9e-422d-4f08-b190-1285b9e92531,Used the app to share video and sheet music with my piano instructor and got randomly banned after 4-5 days.,1
fa6e58c9-711c-4744-9acb-a4d32c652341,Previously functions that were easy to use are not applied in the new update.,3
c1b941d1-8a50-4e7c-93aa-c70dae82eacd,Lamine Bara Sall,5
24e7ecf1-04f4-4c36-8521-3e07b2145e37,Nice,5
dd5ca15a-689b-4db7-8113-85af0bb7aa37,I am good,1
4f2ce67d-f512-405b-b35e-33a2334a98fd,This app is so good 😊👍,3
357fc191-20fa-41a0-bbae-f235d4c6bcf9,Status is uploaded is very bad and app is every people delete ....bad app but telegram is Best communication app..🤙😎,1
fb622066-7fe9-49b0-b707-d9a5e510da87,Very nice and super good quality,5
d2ea8f9e-0d77-4188-8e00-015e81805f7d,I love it,5
aac07eb7-244d-4f90-beee-dc5f8193fedf,KITKIT MunKITLOW,1
3fbf356d-8511-4bc1-a6e1-f717540562e6,Very good app,5
19a7c426-5481-4605-8ad0-678ee29082c9,নাজমুল,5
bbe65fcb-5a42-4481-a633-688ac45d32d8,Whatshap Messanger rigular,2
26c24021-e294-4728-b08f-71bfde2d9e01,Please my WhatsApp is NOT working.,2
916002bc-0882-4f18-883c-e66e5ebe7c8b,Qwee,5
c488a82b-8a7b-4e57-9f3e-af5c1ed30f43,My whatsapp has no whatsapp channel option. ..please fix it,2
f930cdef-cfbb-46c0-aa54-677c70a344fd,It .,4
6948d29b-1189-4c9c-b8f1-947228fc47ce,Good app,5
bff4c2f4-835b-48a1-89cc-c00a0f8b3e96,U can chat with everyone u like,1
0bd0a963-1b72-45f0-aab3-ca784b4c858c,"O don't know from where else you all developers and programming squad has made this dull Ai....in 10 out of 7 times she gives an irreverent answer...which stinks my mind.... please I personally want to talk that how she delivers the answer so incorrect...I want you guys to make Better version of this META AI....Otherwise you lose your best friend....and I,ll be gone with other apps or Ai....so please...",3
5352d947-bf39-4e9c-9dfa-d5268c68990f,Haven't started only loaded contact now,5
c893ec66-1e0c-474b-95d0-30aa41b9edb3,Baba Electrician 132 gma Com,1
5e9c8d2e-3df5-4d66-b758-bb39c1af2d9b,I like using whatsApp,5
be3d4a1b-1d28-4c3a-a288-a05336055bad,"Whatsapp is day-by-day increasing its size and some of its features are worthless.. For eg. who needs an AI bot in messaging app. Dear WhatsApp, the simple the utility, the more it is useful",2
0ec8bf62-44b2-40aa-b9c9-2ae6b3e362b3,I want to use WhatsApp. I want to use WhatsApp,5
2368e123-1c29-4e79-8a1e-b2ccbb68cf69,Soufyan kafaz,5
570090b0-5039-4824-b4d4-9d43defa3000,Not good because very update but good whatsap,1
c93c0cab-f645-433b-91e9-b65387719ea3,So good whatsapo,3
93ffbeac-ba73-49dd-8dd0-ddf5eafa5b3c,My account got banned suddenly,1
bee25223-3560-4f42-bb0a-d3194ae7ffd9,Because I does not work,1
87ab170b-97e8-46ef-b4eb-c047d07a06e5,Great,5
cb1c34cd-53fa-4afd-8ffa-c468d7cb0439,Ummu aymana Abdullahi,2
66cb867d-8cbe-4956-9927-9f995180c195,Good app,5
06f47f49-2e63-4400-9bef-9a4243f442cc,Good,5
ed4aca4e-d4d1-47a1-9518-68a96cf5f5fc,This app is genius ❤,4
21064ffd-9fea-44c5-9f06-4161e71bdd7d,Expert in learning,5
8d42e980-640d-4dad-b9f6-d5a25d839a19,Prem Singh,5
950166be-4381-4224-bd02-a2e36508d670,Ab watsup delid na ho plzz,5
a0a48ead-041e-4040-89fc-2da89e6cb5a1,It's is outstanding easy to use ❤️,5
a49e43fd-ff8b-4bbb-8ff9-9283de0b5243,Best messenger,5
d45c9f55-d228-44ca-9616-963ac3451a57,Good app,5
cfddda3f-c186-47df-b9b3-8ed6352c4b78,SAER,5
c8930d59-11e6-417d-b197-037e61063853,Ok,5
6966acb2-6cab-4dff-8b91-fdc659140172,Sahariya,5
5ad02b72-e0e6-4463-aa24-f0c3f3de8d7c,🥰🌹👍,5
33f6ff76-0f01-43fe-a85b-8256c126d3f0,Great,5
25f6b6db-7aca-463c-a496-a51935d2db7d,The best,5
d0565fd8-c05f-42b9-b6b0-2a3d5c9e3728,Very good,5
695db728-c917-46d2-8cc5-53c6a7be5ff3,Nice whatapp,5
f47d296c-d5c8-4286-96ba-3086d8ce2826,Not able to transfer chats from one device to another it doesn't even load,1
70959108-6c15-490c-a306-db8b0eb375d0,মামুন,5
ce8099df-9ac0-4b0d-a10b-3ac794a94e90,Good,5
210d4e23-2032-4400-b94a-6225d11561bd,Dad,4
079f8f6d-46d4-46bc-b5a3-3aebdc73523a,good,2
b6801582-c811-4837-8fd1-ff5e8fa8da36,Very bad app .sms not recieved,1
8c68a930-22b3-4bae-898e-2cf2b93fabd4,Yash Kumar,5
73cddccc-4e66-482d-bbb5-fb3f69f0a5a2,Good,1
e3dd466b-44e3-430a-89ba-592029b17d21,Ayan,5
1c02f9b7-4e19-4b52-bbb4-cb80727320fc,This app is essential for me and my daily use,4
e0c2b74a-e6c3-4dd6-80f9-84e4349dbbb5,WhatsApp,5
a4ae8598-382d-4f4a-9133-dde3cd2de539,Aj,5
61cf871b-acb7-463a-96d4-ccf44ef1f487,Ufufy toudk vis,1
beeaf161-1130-491c-9803-e01dd3a3593f,Furkan,4
b625c1eb-8b42-44d8-a74a-54277d8171c5,Good app,3
4ba90afe-afce-4e66-9ed5-3869cbe7a06b,"I tried making an account, and it will not send me an SMS verification code, I've tried and tried it still doesn't work. Please fix",1
5fb72722-4ca8-4dd9-ae74-dbdc5ee11b51,Nice,5
24cbaa19-d382-42b3-9bd5-f00277d0093c,Best app,5
58251f1d-b156-4a46-b61c-83a20a13d373,Rjzwanvanna,1
a001dd98-86eb-4424-b500-d45c1dd79184,Open to you number,1
13b8bdcb-d3cf-449d-9cd9-2fd3d7e9a8e4,H. 。 /3303,4
f6a4209b-6314-4bca-b578-bbae169d820a,"Changed cellphone and cant register my phone number, I get the SMS with code and input my 2-factor PIN and I get ""error occurred, reverify phone number"". Been Like this for 3 days now and I can only try again every 12hours now.",1
bd8de7bc-8f0b-4c50-8e4e-c8986907e37e,Mera watsapp not open please help me 🥹,5
8ab15a15-7a58-4095-be16-cabe95e43251,sumanprajapati,5
0ca7337f-33cf-45e5-bb98-b82a197f61a7,💓,5
34b824a1-69fb-4246-9987-42daa9c620d7,😊🥀 💯🖇️,5
af83097d-9ff7-40c7-b832-6bec588f4fc9,You,2
45ace4cb-ed7b-4e72-b89c-b7aa9477176f,I am unable to get a code for login my WhatsApp please help,1
0635b061-7d29-4e91-b15a-d2ec36dd99c8,good,5
b375d1ac-d223-484d-974e-66f1f015a46e,All I can say is it's good mostly for school children,4
f177616e-0a64-43ff-841f-32abcc46fb85,Well as obvious I'm also in to say this browsing software is the best,5
21e3690a-6f75-4bdf-bdde-2a8ee46bcd1a,Very good,5
b75b3382-c1b2-430b-a458-2a7d3f2cd815,Shturhgvd,5
26095a8b-f9e8-4ee0-9100-1b6cb2e73466,"বর্তমানে কথা বলার ক্ষেত্রে অনেক অসুবিধা হচ্ছে, পর্যাপ্ত নেট কানেকশন থাকা সত্ত্বেও কথা বেঁধে যাচ্ছে। আশা করি সমস্যাটা সমাধানে আপনারা যত্নবান হবেন।",1
e6415c09-9a6f-488f-ba5c-62e384c4ed31,Good,5
982a7e9a-cdd0-484c-a957-0edd11cbb742,Good,3
4c84b26c-1aa8-4714-8784-5c9db6056219,Good KU pro Ug,5
89256fd6-8ebd-4c69-aa1e-05cc2c4992e1,very good,5
3f45d3be-35cb-41e2-b992-b336a166d3f8,খুব ভাল লেগেছে,5
8b7b6685-7bcc-4ec2-a0a0-9b16de31b67d,1.00 status showing while uploading.. after uploading it is 30 sec only uploaded..,2
31632724-4931-48fe-b173-562921fa78c4,Ew,2
37f532f5-e9d9-4007-8817-06a9a141dee4,Needs improvement,2
54d7b63b-6af9-4fb1-8209-8143bdebf35b,OK I guess,3
62543381-3d90-48ae-b835-f891090ded53,Good morning,1
b99101e0-051c-4894-a991-d2d294e6b89d,Good,5
cb6bc424-3f7c-4ba7-b656-eda93dadcdbf,A very good and user friendly app,5
301e8cef-d0f6-4646-b85f-d23e4e69edb7,Good,5
54de08c7-6239-42b3-aa78-9f572ef88821,Nice,5
b4d6c4c2-f7d2-47d7-8c27-67e7fa8a42d4,"so bad, broken backup, and deleted my data, Telegram is better",1
85fb39e8-7e36-449d-8b17-0bb0e528f73e,Haha,5
144458cd-6b0a-4c74-b44c-e76526e0e3f5,Request,1
049ce7d7-8ebd-4d40-9759-c5967b985a2a,Taniya,1
70cc4ac9-a847-417d-901c-13dc5c8adbb4,WhatsApp new future AI easy very useful 🩵,5
c03049de-a986-4e24-8b36-522e6f4b445c,💯💯,5
b44cce10-6b24-48e9-9d20-66c2fa2a924d,Good,4
7d2212df-83a9-4f85-9fe4-40678f8e553f,swwaxaAaa,5
62212d89-3981-4dbb-8247-464479a6dac1,It's ok,5
64263a32-8148-43b1-9365-78a5a079e915,Good,5
b650e3b2-d001-4088-a58d-1aa8323886cd,Poor connection,3
62c420c3-2505-4923-9aeb-5326d6752594,Yes I'm in,5
a4498a44-56c6-4b11-8ecf-df68f78b73b3,This app is the best u can use it any time anywhere u want it is the best,2
1fb60192-d210-4e84-a224-fc3056432bce,poor cause this app refuse to install in my phone,1
49ab3711-8670-45a2-b7b1-2290400e06ba,Vikash bhai bihari,4
182a74b2-f3c9-4076-b8a7-dd5b61f786e5,Im so very happy to having a WAAP,5
07929c2a-2427-4e24-a246-987160dbbd59,This app is good,5
ad30b929-87a5-49b8-9ae2-a661feba1c8a,Very helpful app,5
e7c4ec77-1352-4d67-a850-dca5aa110f2f,This app a very good experience in it,5
43d63eaf-8842-4e81-be44-0d1ef6fbb068,அருமை,2
2f47750a-87b6-400c-aab1-71bccd1825d1,Very good,5
b3e58f31-4455-4622-993b-ceed92eff0a6,Osaaam,5
ee28531e-cff0-4d28-b106-4d815e3bfe29,I do biometric lock I want to remove it,2
0ccc3a5a-9f4d-4f18-a829-fe13c8c4982c,I just wanted to make a new acc and waiting for verification code and then I just cut the call by mistake and now my acc is band please help me to recover the acc please 🙏,1
37a74edd-e560-4627-b6ac-23d165c20661,I like speedos and flopflops,5
9289e6a3-0aca-424f-84c5-fce7d9bb9d6d,Best appas,5
d20b32cb-a398-4c15-9acb-0aef1f8ad794,This app is very harmfu and i learn more about business,2
832daa6c-be27-4f84-8149-63b134419403,It good,1
a5fef490-4eb0-486a-a846-48ed83053293,nice,3
8536922b-24ce-47f5-adb6-855b2267791b,Because you can talk / facetime,5
5cfa1f1a-b5ba-498e-9d94-a8473466dbc3,Messages,1
77119bbf-79d6-4c6e-b751-13b51415cdd9,Good 👍,5
53815b42-af52-41e8-bfa5-06eb6705439d,Ok,4
f87326a2-c65b-4410-92c8-1d59199f0fea,Plice i want to using this phon number juring whatsap,5
274962b1-4f6e-4453-aa69-887c08043199,Harazimi,5
a31bdec1-2aa5-47f3-8af4-9dbb6c7ccd35,Share,4
1185d905-51aa-4a88-b569-8a6828f2b233,i have not received meta AI,4
d450c26b-8c3f-4a92-aa8d-00e67fd91a06,"good things, like knowing how to use WhatsApp",5
ac00c8cc-25c8-4ea0-b4c9-02a9948aa1c7,Meta Ml,5
d6e03553-6511-4600-8b08-cca6746c9a3b,Good,5
dfa42652-9cb5-47bb-b2bc-7bf017845981,Good 👍,5
e0ac32fc-6e3b-4c88-a7e4-886b309f096d,I updqte it 4 times finishing my data but its not opening wats should l do cz l dont want to change number then l loose my msgs n contacts,1
326c0135-8c42-4832-bd75-3ca821c31f81,Malale salaganda,4
1a0e588c-db01-48ad-a726-d02fe2551b02,I have set a background image to my video call once when i had a floating bar option on my screen now i dont see the option to remove it and the background is giving lot of trouble its blurring and tried all ways and no luck.. any suggestions.. even tried to contact support but no luck..,1
85d1c62d-c7d3-43ea-af46-4ba382bb795e,I love this app so much it has made me to communicate with my son's outside country,1
2c8c641f-1e57-434f-be75-ebbaef68973a,good,5
e8e3b32b-43fd-43af-be94-1226c7b77bf8,ļĺĺv,5
340cf3dc-43db-4435-adc1-58fe38e7947a,My go to app,5
29a74413-6dd5-4ccc-8776-1fa2ee365491,Meta ai available whatsapp,5
ab73f2d4-7e2c-4847-9501-824cc64bf6ef,Is special,5
9aa3d661-7954-42af-8d0e-cd881aa9eb54,napaaa di nomorku gadaa salurannya plsss bantuin tutor munculin fiturnyaa pdahal udah di updates😔😔,4
c328afae-531f-49db-a8c6-e2b813418ae0,It helps me share files and voice notes,5
d6bd291b-60b3-47fc-a927-9563475b0b3e,Thanks again and I hope to see. Yfr to the vttr you hu can help bv g k,4
60048a4c-334a-4949-8810-9b054767ed06,Whatsapp anband Karo police,5
271626d4-f0d5-4778-afc8-b3397e43675a,Why it doesn't work in my oppo A57,5
fee08cac-91d6-4a90-b544-c3825b867498,Ciao,5
305b84cd-61d2-4907-a4e5-519dd2c687e7,"an,èo w",4
496e6847-6549-4c78-be5e-bdcfd049bdf4,Good look,5
14192549-bd64-434e-8fa2-5ba520440c0c,Very god perfect,5
12e5137c-62e3-4149-847c-7b9d9cd9691b,Whatsapp very good app,5
3f79bd59-ebf2-48d2-8fb0-556dc2cf133e,"Banned me for no reason at all i havent even used my number yet they banned me for apparently ""spamming""...i only sent two messages to my parents i havent even used my account",1
73c5144e-df20-4fd5-aa9e-9ac768878d87,he is very good,5
d626312b-c124-44cd-bf9c-b73d6dcadbb6,OTP is not coming on my WhatsApp number please provide me OTP it has been 4 day's my WhatsApp not working. I am not able to use it. It created so much of problem.I requested you many times and mailed you also but you didn't listen to me. In the last i say that your WhatsApp service is very poor you didn't listen to the person who is in problem. A big shame on you WhatsApp...,1
79c69a58-6996-48c5-a464-d64e1a33ac2a,Nice,5
5b5a922b-f97f-47e9-8e07-7edcab150d4b,Very good,5
c58fa587-6906-488b-84b6-e0c4a334e826,Good,5
9075717f-acf7-4482-8c3b-e87f4bdeb13d,Very efficient and educative.,5
4b218610-2ba1-45bb-8e7b-f6172b7396d5,very good,5
1fd030dd-cf0e-44d6-b503-1f62c12444cd,"why is it getting worse and worse. I cant see my typing while choosing emote, it burried under.",2
491ec455-427d-418b-aa65-8150217864b0,L a a LLP ppp pp lppppppp a lot pppop ppp p,5
bf5fccdc-6604-4cd8-a90d-a38456f8781e,Good,5
aaaad811-28dc-46a0-b195-ac4355f7df51,No.1 app in the world i like this app easy to use,5
8b8b571c-58b0-4aba-a0b8-4ba8f271a10a,Amazing app very great,5
49ae0dcb-4f78-4140-95dc-49f0c2e76e68,Awesome,5
182acfc2-82fe-4661-a989-0c296dc85dc2,Bags,1
cd3994fe-cc47-4544-bb58-5f69cf96d1ac,good,4
feb97380-de44-41ba-babb-4f6c808747b8,Cool app😍😍,5
21e34e53-d1e9-4dc0-a9b2-632e9eeb70b6,Jossss,5
de9969db-c961-4b6e-921c-80761af8532a,This is very usefull app in people,4
d12de061-a980-460f-95ff-d209e0b316cc,Nice,3
b61a8129-8a92-4235-8048-c63de2c7d5fe,good app,5
aaad929c-7949-41ec-b168-d09660769629,My whatsApp is banned what should i recovery it,1
66e187a1-b09c-4824-bdce-bb56d7554500,I like it,5
489a0a85-e756-42c8-bc45-8d3f2199d1cc,Nice,5
afdd50a7-0c42-4e9a-ab37-d5edcd27e2bd,WhatsApp is a great app in massageing and video and audio calling is best in the world please download all....,5
c080a7cf-c6d5-41a3-8a67-aa8525b78ba9,"Tel you Later,",5
2f916d60-77f9-4715-a366-f673d474e1de,Nice app,5
be7864a2-fdc7-449d-9bce-62d3d5a6e935,Xvc. arzz,1
f408d14d-6766-43f5-859b-72441740307e,تحديثكم الاخير اصبحت الاتصالات لاتنفع والاتصال يقطع من غير سبب والتقطيع في الصوت بشكل غير معقول,1
a83b20d5-e01e-47e3-9ac3-9d67a77829b2,Good,2
f26e3f2d-e357-4cb9-bd33-f5fcf97b3334,This whatsapp is not login on my number please try to recover it They said that you have to get official whatsapp to login but I have already official whatsapp,1
9e36bdd6-f993-49a6-af0e-81c9fa701783,Ottimo,5
24ddfeb4-b38d-4b0e-85f5-ec87d40b9e8d,Perfect,5
4ab0affb-6a96-4941-890c-c7eb5cce2a40,Jetres no,4
e862637d-2c8e-4937-9382-e8613f5ee75d,Very good excellent,5
212d6ea2-93cd-4e38-8be4-e6215b6a41b2,No love,5
3eb23070-7391-4d50-b2b2-d96eacf80c33,My account banned,1
b5fe3875-2020-47a2-918d-88ce238b4842,"very bad , lost my account and my work's Data , it's a very bad application, telegram is more perfect than it .",1
b90eafd7-df39-4762-a837-71312f472c1b,Happy,5
a0dd167e-6281-4a71-af9d-e7a0212c4113,Kiriikvamri Koari,5
04450541-8f8e-4c21-a887-d1ff878dddea,👌👌👌,5
92aa2275-aacd-423f-92cc-09a57362f109,Wow❤️❤️,5
376f18f9-d6b5-4168-97ca-dbbdbd364a11,Dear whatsapp team i really sorry for you please unbaned me number i need whatsapp very much,5
5e3b0200-189c-4774-90c1-e2a03e00955e,I keep trying to login but it keeps telling me wait fo 1hr,4
6dadd469-11ab-4085-9196-0b6b7e0cb681,Good,5
74efbc4d-9572-4794-9602-abfa18792d83,Let this account work again,1
2ee16f5b-0c23-471f-bc19-1e2f89312ffc,verification code or call Not coming in my number Please help me,4
ed6ad8d0-2460-4ff3-9283-94defb1ba2d9,Why am I trying to log in and am being told I look for official whatsapp then which is this one. Have tried this is my 3rd month trying. Probably the worst app ever,1
8e602730-ce6a-40e4-b1ed-c6bdaac471cb,Good,5
7f476538-31d5-4e07-b3a2-2033d0ff8350,Excellent,5
8b9971b5-fb22-4cb4-9f67-745ad7665994,"Vjbn.v kgodu( /)_- :(:""6"". ;:+:; +",5
159e5cc2-bf1e-4c04-9284-e257c84d0b52,"Nice app I appreciate your people, now I can contact my family in American",5
13f99c62-e562-4233-a995-1f88232378bb,Very good app,4
f65384fc-90c2-4f06-bf07-7b67fe8d27a5,Lost everything for no reason,1
6a4e598b-4bbd-4ed1-b029-ae63239c139f,Nice app,5
19377d6a-5198-4b28-aa2c-32ba0977c74f,Best,5
e373561c-18e0-4f70-a2af-08f81ea19c6f,good,5
b6036f25-f065-4078-ab43-a3fc4418bb5a,Nic whatsapp hai,5
4fecbe9e-59f6-4d55-8f24-d7ae2c01a874,I really like this app,5
424a739d-981a-48c8-a051-eac584076069,Good,5
33359ea1-1bfa-4800-a9b9-8c1865858aa4,Everything will work for me,5
110a5dc3-7d14-45b4-9aa6-d3cca29a690f,Great,5
50ef2bfc-6078-49cc-a3a0-78e288381acb,Help,5
57c1be59-98d1-4b7a-ad81-3ce4f3986b71,देवेश प्रताप सिंह सोम गोकुलपुर स्कूल वर्क शाप वेरी फाई नही हो रहा आखिर क्या कारण हैं सर,5
9e676b28-e203-4c70-813f-ee805a75561e,Simply awesome,5
4c08dfd2-24d1-483f-b50e-0ba9d37b92c5,"I love this app .This app help us to communicate with one another. It is really a fabulous ,fantastic app. I like this app.",5
01827e8f-afca-441c-b8b8-b98c56cecad0,Super 😊,5
f995baf3-49d9-45f3-94ac-368cfbd06417,Vire good,5
5a444028-c204-4985-bca1-bf401231b73a,Ok,1
4f95c6b9-26a7-4499-a95c-f5c10b4c3be4,Lock problem 😡,1
2198203a-29b1-4768-942f-504499bfec9d,Your number is not verified showing in whatsapp after uninstall then install it is showing same issue and whatsapp app is not working properly 😞,1
2b0c19d2-cff2-49f2-8185-42bd81692921,Good,5
ea00bedd-1298-4107-8190-bb63dfac5dfe,I'm good at writing and communication,2
77cf2c6f-d1c0-410a-aa64-0e16b3bbd524,"I have been having issues accessing my whatsApp. Anytime i want to login there is a message that ""This account can no longer use WhatsApp due to spam."". Am been ask to review my account. After 24hrs, i will be able to log in. This have happening since 2weeks ago. Pls what can i do to stop this.",2
ee3507f4-3de8-42ca-9327-50beecf61c10,Fantastic,5
eec037ed-87aa-4686-8310-33499cdc4875,2AX,5
63e61622-e70a-4681-b2d9-5bb7a0a4633e,Whatsapp is a good app but when i changed my phone it is has been showing a message of spam and i have tried to download and instalk the app again it is still showing the same thing,4
20e660ec-b1cd-4f9a-a71a-becd5c0c2fea,Qari rana,5
8ad5ef40-a087-4a28-a19f-f4356bb12d89,The best,4
2be8a1a1-8307-45e2-ad81-84a9639865d5,Babi tok kau la,1
f27ad2d4-1143-4021-9195-e90e438c7987,Hi WhatsApp i love your app But for me it is sometimes slow,1
f9fb3dcb-c722-45bb-8397-c8f6d3480680,Cbhj nis km,1
e11f7eeb-838e-43e8-8a1f-cfdc13147e65,Quick,4
70339104-4004-4014-9288-65d1c51d4737,Good 👍,3
d0f1f24e-d942-4ff8-8f0b-c088e9a92992,"This is a grate platform for communication and sharing audios and documents and I love the update ,I highly recommend it👌",5
6c65ecdf-7751-4905-9b92-f403136f222f,Whatsapp is simply the best.,5
9f75354b-99b9-4226-8350-945bc3d054ee,Status Pic and video quality Very poor whenever you post and WhatsApp compresses them,1
cc632d6b-cbce-405a-adaa-20fd0bcc61e3,My whatsapp don't work via settings,1
f10301a2-6d95-40b1-93b9-4214ce39428b,Excellent,5
3199eb97-9e9f-44fe-8cf6-83ce748a23c9,lovely,5
5391e4eb-f3fc-4f2f-98ec-7f48bc77da3a,Rrbrntjktxot time Tmi kro kit,4
db44e931-6f95-496d-b98a-f2b3f3edb806,Good app 💯💯,5
9243b3b8-74eb-4764-9208-23bca276cbf8,Live location is very warst of this aap for distance location in same state.,3
1593a82b-c0f7-4e01-9e6c-e7a1a4443cd0,Muhammad mujitapha,1
93325e50-50ee-40e8-a3ae-66d8d37c65c9,This app appear on two devices and A11 Samsung Galaxy not working at all please help,5
0d1e11b3-3169-4da4-afc1-4c0d20094cca,Nice app 👍,5
82ab7927-7a11-4474-91fd-d2c5a60f37f8,I didn't getting my OTP verify code,5
b94156ff-a560-48c2-a0fb-46e3033acb11,I use biometrics to open the app. I started getting a lot crashes when returning to the app.,2
91e4d4d3-6141-4269-be37-5c71d361ad74,😎😎😎😎,5
e0e783d2-a0ca-4c49-a4fc-3b79eb43b27f,Request,1
b637142c-f261-4944-a96f-30b6913e13fd,banned my account form what'sapp kindly reactivate it.,1
da37b3a9-80d9-4906-90fa-13f7996c1711,Punada app,1
49c85e79-b3cd-4124-95bf-8054cbf389c4,Superb,5
543bdb53-0ad5-49d0-8214-ed8ba9e4cf23,Nice app,5
219b4360-5370-403d-82ed-2021f65d4ca2,This my account number pls help me with your WhatsApp number thank you so much for help me l real appreciate thanks,5
7e69f55b-62b3-47d1-8726-0dedad6e0a8d,Subrang saya,5
e273d82e-93b2-4900-9771-57ce4e6426f1,Waw this app is amazing,5
5137c841-b544-401b-8816-6963c31adc53,my number banned for what'sapp kindly reactivate it.,1
888ac4ef-e1cf-45ab-a56a-a92993b897fa,The best,5
a672f87f-852a-4d32-9b71-86ef0437e030,It's easier using Whatsapp Messenger,2
1d0df609-1588-46b9-81f8-854e18d5f51e,Pa🙏,1
a0b278a9-fc01-4235-b899-0b3af960a6ec,Great,3
4fef9a08-b885-4178-94ce-bf531907469c,Good,5
91add1b3-fa10-454a-b1dd-66812c57ca1b,"Focus on improving the video/picture upload quality of this damn app instead of the biweekly unnecessary upgrade and introducing useless features that isnt needed. Same video i posted on ig. I'm posting it on WhatsApp, and it looks like i used a low grade phone to make the video",4
d6e622ac-7851-4f9c-b43b-afa6fb0f2796,The best way,5
7cae7934-d98a-4a81-a33b-731f1c20ea14,Whatspp app is very useful and best but mu account is band please help,5
df1d644e-895b-4109-8378-a979458a9742,After update cant find switch account option,3
ed0c80fa-b3e5-4082-883e-7058107504ac,Community should be replaced with whatsapp channels,3
05173bfa-6697-4e07-b397-d7928d1025eb,Latifsfukutu,5
7e807965-0a94-4c95-aa6c-6e825beec871,Good,5
92fb636c-8ab7-40ad-9637-aa2bb4423049,Um7.7th mmi.mim78,4
c9bd29c1-5e74-4f9f-b074-2059c4b46ee6,Laging problem no message,1
56f40984-b85f-4773-939d-736dee4db2f0,Please give me the meta ai update,1
ae6d5c63-17b7-4de7-bc40-733b8b2caacd,Can i join beta programme?,5
d6b78a55-3229-4a4f-928f-18c598ca41c7,Very nice app. Reaches in all country in very rapide time,5
b9199e1a-b4ab-4e35-9009-bda112821955,umerumer Umerumer Umerumer Umerumer Uuuu Gggggghggghhhghhhhhhhgh,1
2d7bf7f5-0aed-4492-861a-158f2ba441a8,Cannot install whatsapp,5
38b389c6-c11d-43b4-acff-82d196e42e37,"In love with the new feature of whats app;"" META AI"" 😍❤️🙏",5
7ee1aed6-0968-4f91-8f02-63503609f876,low capacity but ok,5
32df7a8c-32f7-436e-a1c9-61c519ecc6be,Download pending problem,1
8d12c2c0-3c66-4590-a362-64da3bc871ed,great,5
262927ef-a869-4c93-b1b6-6d4a55fb0299,Very nice,5
cb186106-d651-47ec-b990-57b5258e165c,Malik arfan,5
9550d4a9-7fcd-42f8-9698-f078152c7fbf,Suresh,1
b5150815-2445-463b-b360-7c528a584ed6,What's up massanger verify,5
db6711fd-c9c3-47c6-801b-c91945cfffbe,Good 👍,3
c9bf9410-ce95-453f-9e27-b3af50becf46,"thankyou so much for making this app, even the update better day by day",5
8e1377d9-63bb-4f4f-952b-f9092e5bcda3,१२१२₹jHejwvrhv हेहजेक्त,5
9cebd8a1-af8b-4d90-81f9-b89007d7f91c,Good,5
80a4dad1-75df-4614-b949-a0f5d6bfb451,Super,5
9fda1663-d09f-4db0-9b01-ba9ef5224981,Md 😃😃🔥 Egu,1
99fe314d-c081-4e88-94b4-15cd4bc66cb2,Lumber par SMS Nahin a Raha pin code yah masala solve kar den,1
5259f2c3-8874-4315-a6a0-318991fe3d73,Veryyy Goooood,5
920c75aa-f0d2-4059-a006-3baf36e8ae2f,"I love 💕 what's app,if it's not what's app then what am I using phone 📱 it's no use",5
63c9cb9f-52fb-4c5f-a4df-f93be4ac3d2f,I have been having issues with offical whatsapp download,1
2e888060-b79d-4540-a748-760a44bd959d,Dear whatsapp team recently i m facing a problem to receive otp i m trying to get verification code to login my whatsapp but i did not received any code please fix this sunburn my account as soon as possible,1
6f963d89-ab29-44f2-8132-9c975dd182d1,Good to see our friends and family together,5
514e9a6a-7ffa-4e32-903a-2f1156df7738,Congratulations,5
a08a4eaf-acae-4035-9d9c-9e9371d939db,Please fix your bugs,1
adcd57b9-438d-4de7-87db-5adc0b9199aa,Whatsapp is good,5
f6aa0579-9ea7-4545-94d8-dd6d51f99205,What's app now very good,5
28352174-a859-4c2f-9a01-5b98eda3c06f,Best app,4
f3ac035b-9b48-4e62-ad41-d9cb5b827a2e,Good,4
bb10b90d-477b-42ac-921a-5bec3c98a3e3,Nice,5
4bc63925-5329-4b87-80e1-25549bd09916,Best features ever,5
1d0bc1bb-c547-4d62-9993-8a74ed2134e8,I love it but I don't get my code whenever I install,5
d673090d-352a-4d93-97f9-0af535146bf9,Amabu,5
9fcc02b7-4474-4c62-aa73-1181430b6ffc,Great app,5
488cd8e7-7e99-4c05-bbaa-b479855b4055,Thiss app is not work 4 GB ram,5
243f858a-648e-4404-90b6-94a01af82f27,))} a}¥¥}}22)2,5
126277b1-89e0-41cd-9162-b1c54b981442,It's osm,5
1dcf469a-6d01-4802-a43d-78a4be0c884a,f immwamw di🏸🐤💀,1
cb6cf65f-150a-4e15-a432-2ebe19489ed2,Nice,5
ce8b9add-fdfc-400d-ab80-e1e8845bbcdf,I didn't get AI even after updating,4
9de953de-be72-4c72-b991-0a6fc5101985,"1 star because i cannot left channel . I join my work channel . Then when i resign, i cannot left . When i click left channel , it doesn't do anything. Bug or what ? Please fix it . I update my star if u guys fix it",1
dee8e951-bd08-48c8-9b49-87fab44ebf67,👎👎👎👎👎👎,1
73594b28-f51b-4d9d-8763-67e52ebbd95a,Raju Tiwari,1
f92e9760-3157-4cb7-9e29-d055f55b8594,Wwdghjojgfvg ggjikk to opening my WhatsApp but I don't think it will be a good day for you guys to opening my WhatsApp,5
a8c3d08f-82b6-4fe7-b368-dc8b19e1dc0b,Lovely app🤭,5
f67828d7-294f-4c77-85ca-b860a8336f28,Very good 👍😊,5
784a3da6-8753-47eb-bfe5-54f15dd0290c,"I noticed in the latest update, shared voice messages from other apps can't be played back which could only be played back when cued from a certain point",3
437e64ca-1303-4120-8428-c4d36ebf13ca,माइंड फ्रेश,5
401c8414-df89-4ed0-b500-f6e6889110ad,Good,5
bbb82c08-91ae-496a-ba23-3a9f66debc79,👍,4
e79f4eea-6b87-42c8-9b32-bf4f0e815baf,Mera whatsapp unblock kardo please 🙏 😢 😭 😞 😔 😑 🙏 😢 😭,5
49ffd62c-8867-4324-a6a0-8c339077826b,Best app,5
0cf5664d-4570-4861-a57c-ccf1ba458c12,Good,5
c82a323f-ee7e-44ff-93d4-6141b2737bac,হাই,4
bf86e62b-7539-4a00-a85b-a67b6281237c,WhatsApp status update too slow and lagging,5
d6e0f2d9-d7e2-4336-a300-02f0730c45ff,it's amazing,5
9f58f78e-c363-4af0-8001-2cd9bd9985a6,Shiv,5
aa8ee6ed-81cd-4374-8145-0886ca6803e4,Best,5
a045f0ff-37df-4ba7-8051-405638760335,Always Auto delete chat history between a 1 or to 2 days,1
86204172-f216-4bf6-84a1-7d9c43f1b63a,Best What app use I am very happy but today spam problem please solve this problem but very use full application,5
6e31f36f-a471-4348-a4b6-a3921cc52fcc,Ryryruu,5
d44a5a03-5623-48ec-89ca-ef57bab1a2da,REALLY BAD,1
396dee1d-0166-4b3f-99b8-a2e5afe94c8c,Rajat Ullah Tanha Pakistan,1
71819625-71a7-44e4-b0a0-92a3e87ec4fa,I love this app because it help me in various ways by talking to my sibling that I've seen long time ago,2
0172473f-56fb-4761-881e-1a9024455b18,This is a good one for the friends group,3
ff664240-8de4-4a44-aae9-00ab21efe69d,Super,1
0a577824-b10f-4a02-b45b-477ed8c7f1fc,Good,5
af4cdba3-0fc0-41d0-9873-0de6afde4bba,Good,5
b0ae1b0e-5f65-4dfa-ac0a-a9d59eef7f2c,Dilip kumar yadav,5
bb07e90e-f90b-4c91-8468-b2019d01d0ac,Very nice,5
18ce40e2-e074-4586-ab35-6a6a010b889a,I cant update my whatsapp,2
6980887f-7d7b-4d7c-a5b2-c80964d117c8,this app is good messenger,3
58336cca-e602-4bbd-afb7-8d1697b9350c,So usefull,5
a5af9254-29a7-47d2-895c-b0bf904e708d,Sorry sir please unban my WhatsApp number,5
884f642c-64a6-407a-928f-dad216afc9c0,Wow 🥰🥰🤗,5
f5d88262-5cb6-4bde-90e3-e53da793cebf,It fine,4
f3548d9a-7988-4998-88c9-3e7454a2d85c,Can talk to my friends,5
08828745-2c10-48fd-942d-4152893fa17c,The app is too slow and it expire's so frequently,3
5697d9da-5a3b-47c2-9c7a-12f7757d9cb9,Good,5
82052b47-cdf8-4c70-af21-ca727287dffb,Annappa B,5
67c4e628-c412-4354-951b-e374a24a5b36,I like joke an I hate stupid things 🙏💝💖,1
7b2b8a8a-0043-47dc-9021-d1e79a1641b9,Good,5
3b2802d3-dacc-4fd1-a91b-5a85fb7d783e,ⓥⓑ,5
a76910df-988a-4787-8fe6-61ec48f11862,नौ दिन uuaSZZWSZSZSZ e३२seeesweee,3
64baa054-673b-46b1-9832-5953dd3a2808,I like it,5
92c73b0a-4a4a-4109-af51-154482436a53,Nice 👏👌🏿,5
dd2c0bfb-4356-4047-a142-ab3aad7babf6,Except not bad,5
98fe1f3e-dbf6-4ec5-b791-a2c42878262d,28 L0o Block ex P 4 pvnn,1
504a471d-7694-4a4c-af7d-3c84cfdde4d2,Whats app good for connecting the people all over the world.Thanks.sds,5
1d2f9853-52d3-4ecc-b6b1-d79a37307118,This is very useful app,5
ab7569ef-1dd4-426a-b30e-b10427229a17,Good,5
64f70177-aa51-4a3e-ab8e-256ff9e9fe85,Jitendra,5
044008a6-5bc8-42db-b7aa-7277e5510ece,Haritha anuhss@,5
190a4957-2177-4bb3-b297-1241a9c39569,Goooooood ap,5
40a70a88-4f76-417c-bfb3-813c13305742,Me,5
787dd1d8-2ae5-48c5-80cf-a212843df468,uninstalling soon bcs this app forcing me to update too often,1
1390bc3f-0bb6-453b-90a0-747b722126ee,Whatsapp is cool,5
9e177e19-ba7f-4dfb-b777-3a441939be79,Good,4
eb7aa70c-4d5f-4f0e-b25c-8b53b0ef3e23,I like this,5
2f900729-c39b-4573-a383-b804ae3cce76,I change my number but my new number not get code So I can not login whatsapp What can I do,1
183d4dd1-ce14-44d7-af99-7a05ab051123,Gydhiyartooec b Jiiik,3
35384b07-a9ab-441f-90d2-ebecec4bbaa8,noce,5
718a8d1e-c170-48bf-9ab1-2b6735d7e72d,I am so excited with new feature of Meta AI. Super,5
88d33c29-8d71-4078-9140-e4c49dfb6ed6,Five star,4
178fd183-9ae2-47e1-aa5b-811f45f0c705,Great,5
99cfa993-7e5f-403c-8276-94ca75d2b1d6,Nice app,5
174cd620-80b1-468a-8352-e8825df43bcf,Do not login,1
1963e818-4f0d-4e27-a8be-f277160a6318,Whas Whatsapp is cool,5
170d5503-7ee7-45d0-9333-fc9ed6014817,Good,5
1d8a2575-4729-49ee-923e-981b7ba488b7,Very nice,5
a9da55a7-7c93-48a8-a788-3b4f950948c6,Karishma singh,1
99583129-332c-4e69-a645-1767cea76eda,Chlta nhi,1
c0d32a18-a643-46d9-87f6-b8aa79ca843a,Хаха,5
4b8933a1-056f-4f4e-be39-4e9cb3620f2c,Riltitot,5
4e16111a-f30e-45e9-9917-f2a14bb6243f,I love my family,5
fad821fb-5cd3-4b19-bcfd-5510054d9175,AHAFz khan,5
ee27c55a-2be4-40e4-b305-52a35af77b44,Good,5
66a70e00-79ac-4ec7-a4fb-13f8388be082,King,2
522e0b35-170d-4e03-956a-e51f19b4d22e,The most worse and useless app lost data which i back up now I can't get that information yet this stupid app says back up before losing any data yet it doesn'twork here Stupid app,1
93ad3a5e-81a9-4420-9449-c30b670109e6,Best of all app,5
78f5581d-5a87-42c5-a449-c611d25b1f6c,good,5
1643a215-5ef9-4586-a490-9895827f4bdf,I need to use official what's app,5
b63459c2-e379-4db9-bf9d-b25f12646c36,Letesia kalola,5
f33d3616-c567-4ef7-b01d-b74897195172,Nice,3
b0e4215b-093a-47a5-8b10-9db1c586be0f,"Having such issues getting my account. Deleted the app by mistake, when downloading and trying to get it back, the two verification is giving errors and telling me about 7days. Very frustrating",1
18996fb7-de22-4e4c-b097-8a566ba9fd42,"The Meta AI they are using is not good. Meta AI edit the messages also, which is breach of privacy.",1
a407eadb-88ea-41a6-a50a-33318155ea87,He sui Martin fagla Ganhou he veu vraiment recupé Mon compte  c'est vraiment important pour moi tout Le monde reconnais ce numero pour moi,5
46e30ba3-3e11-48f3-80a6-dd56f0c343f7,Bhot acha he tq meesho,5
3d8268b0-8703-4a60-818d-6018aacd197b,Best,4
077a3246-7445-443b-bbc1-90deb6e0818e,Super,5
54c42a8f-a9e4-4de5-952c-ea3acd8672b0,Nice,5
e4c77178-818e-4caf-bf08-5639cb5faaf6,Status are come very slow and late,5
ac96f53b-42e2-404c-bee1-4ce9907db51c,🤩,2
bd8a9833-4b91-4f8b-b58a-ab6caafd73c9,"Forking sweet dream good u know what, when if...... Eve forkup",5
f953ae17-1dd2-4085-89d9-9c9f5d673152,Pooja Yadav,1
983e16a4-2f9d-4003-a440-ddd883e17d47,Heating issues while making a video call.,4
7274841c-0a46-4bd0-bedd-38819e6faa68,"Disappointed! Uninstalled, blocked 2 accounts, i did not violate any rules and regulations.",1
72cea291-2a0c-4ce4-9aca-1c8f6ab8f201,😎,5
3396207d-ee1d-4864-847b-a58837481df3,Nice nice application,5
75e47bd1-1c79-48bc-8e95-1ddb04371d68,२o/o५/२०३०,5
4a2dccb9-d015-42e3-a818-639bd3b24ed2,ভঢ,3
8c772531-7a3b-4bb0-8279-6884ea84ef95,this is a nite site,5
7b636f79-ee28-46c4-a567-6436cd00b591,Nothing more,5
a25d1b23-fa20-42e1-b42b-cf7218a006ad,Nice,5
fe45fd3e-8116-4239-ac41-6de7cf398f97,good,1
564556d6-ee27-4de2-bfdc-4d7399dc573b,আমি আমার হোয়াটস অ্যাপ একান্ডটি চালু করতে পারছিনা। আপনাদের সহানুভূতি কামনা করছি।,5
08f0dab1-97a6-404c-ad42-c39799fec0aa,Ok,5
85519f77-1250-4eea-a87c-484d4fc4ed73,Nice App good app,5
afb80f11-c387-4abf-b0d7-47535e3aaf15,Worest Frequently asking tupdate,1
3e7dbbb5-ede9-4785-913f-96ba3878f6a2,gossip,5
526803a0-8ce7-4901-a11e-2f009b8c16cb,Vere good app,5
2fa3f2ee-7449-4364-a28e-a30c61596267,Good excellent experience,5
e64e5abd-03b8-4c2a-93ae-e90fe353c223,N/A,5
0692dfd4-6ee1-47dc-8e01-8f9ec9474ed9,C I xdvdew,1
952570cd-a2dc-4127-9350-9498f297e359,Excellent,5
fdd182ac-96ee-46f3-9c55-76100480f95c,Still learning more about how to use it.,5
4258e960-a7b3-4f8c-bc44-4b9f9d0a598c,Very good,1
4690fd7c-9c5c-4097-b0f4-b768dbbf5545,Awesome to use. Awesome to use Awesome to use,5
1823f4d5-8fbe-4242-af1f-ce0995fc7a4a,Respective Whatsapp administration! I am using official Whatsapp but still they are saying that you need to download official Whatsapp Please solve this as soon as possible,1
310a476f-a800-43bc-aa98-220d6a6bcebc,It's performance is well.I really appreciate it.,1
ebdb0df0-853c-43a5-b6c2-cf0dd7a89544,Awsome,5
724d91da-11fd-4a77-a2c0-9b6075058242,Good,5
88cfdfb4-ecf2-48a3-9ebc-ae06ef5c6d86,Good,5
c7f1f975-3b6a-46ca-bfdc-b512d01a4032,Good app,5
93a32f96-8d26-4687-861e-786193f4991d,Good,5
b2425948-4751-404c-b4d3-a2d16b00279e,I like it,5
8d112018-6547-4a9a-8a99-cfe6267a1991,There must be comment section in channels .. more channels to be included and version must look little bit like instagram 💖☀️,5
f7a2b94a-c412-4159-bc5f-15f8d7271e95,Josue mayasi,1
ab93dfff-6847-42f7-9612-4ae25d5b627d,"One purely private ""About"" section should be added focussing maximum 4 or 5 family/friend members. The section should have an option to add contacts to which that About will be visible.",4
9b24f209-cfa4-46fe-aca9-9c1f5e2712c1,Great,5
1b9ad26a-70fe-4b68-b8db-07131cc8dc8e,Good,3
f7f5adba-a293-4f94-950b-1abce89b41f2,Good app,5
6a4496bb-f56c-4efe-961f-e5fc48c00e9c,Very good 😊,4
a0323186-2cd8-4ffb-aab4-f75eeab458f4,This is one of the best free communication apps I have ever used,5
641f52b3-0a16-4a82-a5a5-d2e053a9889f,🥅🥅🥅,1
c99a0d4f-68b5-4916-833c-ce56c796ca60,Amazing and good,5
ac2669bb-b3b2-4d55-ac35-f1289a2592a9,It's convenient,4
5f8cb4bd-a912-40c8-bbe9-62a53165fb04,انقلاب اسلامی,1
1130921d-73c6-4ac0-8081-0bf2f6720982,Why my ACC gone plss I need it back answer me,1
6711d5f9-fb57-4f67-8fd4-ad4b380407b0,Not good,1
b2e250c7-2c73-43a4-9637-e3f8458472cc,Very good,5
5236edda-328d-4dcd-a044-cb060ee73040,Bar Bar bund kyo hota hai.... very bed,5
ec7f8c0b-cf31-47fb-9a6f-138e72f26005,G. Ashok,5
321daae7-36f6-462f-a9a7-a99081538d2b,ℕ𝕚𝕔𝕖,5
378a4c93-e96f-497f-955f-6b1b9eafdef6,Jagdish Thakur,5
ef64ad19-b892-49c1-b1f4-295392698dda,I love this app But it use to expair very quick in my phone.,5
76f7277d-d292-49b6-9267-03e13be59462,But the voice msg was play in ear speakers that will play in out speaker is better,3
d961d8cb-49b8-4cf9-8603-ff63d7d10aa8,one day my lactop was having green screen of death for beta windows meta ai helped me it's working chat gpr says get hacked lol meta ai saved my computer from fail of windows beta it was stuck on 100 percent,5
94336d97-b656-44bc-a580-c9985c724a03,WoW,5
2a515676-bc83-4e5f-b384-7578aab200e2,Very nice,5
c1cdbf21-69d2-41ed-a2fa-b4d3ebd1b4af,"Keep having no notification until you open the app itself then you will receive the message.. when other people call me through the app, i will not receive the notification either.. what's wrong with the app?",2
a33ee499-d49e-459c-9c98-18b252fc6aec,Great,5
74fd762a-1ba5-4aa0-9b61-e5118c3aa38a,Very bed,1
0936d673-5e49-45f1-8e51-0d7c3cdf5125,Good app,5
a426df69-a3a3-4ba0-a56a-1de5c06e650d,its so good,5
fe5c2f8f-10b9-4f94-9b65-8b52ff0ab337,Good Good,5
6dbd1a9c-a252-401b-bceb-5ea7aae9f286,"So easy to use! Calling, texting, sending photos-was great staying in touch with my family while traveling in Europe. Thank you!!!",5
29d02904-86ed-437f-b938-12de3e9f9f56,Nisarxh,2
13bac076-0cb3-47b7-9434-bbdf3f56dd70,Bekar aap he na koy customer care no. Nahi kuchh dusara mera landline 2 mahine se try kar raha hu verification call hi nahi aa raha he,1
9417a963-5269-468e-b9e5-6604d5b11df2,WhatsApp is useless because there is no facility of restore media and data I had lost my all data from WhatsApp,1
4bc9a1e4-c195-4cdd-bf06-ff8b09241056,"this biggest and never changing problem whatsapp had is that you can't download an old picture sent to U, if U lose your phone or an image was deleted from your phone is gone forever U can't get it back on WhatsApp both the sender and the recipient.",3
33d9fabd-c8f8-434c-835e-33065da9e5a6,Good,5
d3638d78-c993-4bd2-a9ff-f004bee5a1c0,Thank you for this app...,5
c79f16f2-eed9-4204-a2cb-5a44e7bf54a2,Amazing,5
4580a7da-ab0e-4fb3-96f6-557daf0bd908,HH Dalai Lama hi friends I love you too baby me know if you are interested in friendship and love you too baby me know if you are interested in friendship and love to morning 8 am not,5
e4e77e4d-8083-450b-8e7d-31551a4c2cde,Nice 🙂👍🏻,5
28582097-77b0-4b35-bb8e-369062aed379,Add double tab to edit,3
003bed6c-77af-4a7d-bb8c-f548c2e01c31,Its good but slow a bit,3
6411177e-b389-4de3-88c8-3616eaaab06f,Whatsapp,1
093c1829-eb36-4027-8b24-eb67852a7527,It's need update every month and alot of space 🥲,1
138c0787-77b4-4122-918d-873f25a06549,बहुत सुन्दर,5
846049cc-a51d-4d4d-b289-5b0e98a8012d,🔢,5
8a85cd09-9d16-41e6-89ab-d268399d37d0,not recovering the deleted messages from the sender,1
f8ea7641-44f7-46a7-92b1-870b37e608cb,Good,5
7563a997-bf3f-4947-bafb-9956d28e6ed9,The only thing I hate is the mixing of groups and private messages. Why is it so difficult to separate the two so that we find private messages easily??,5
3cfb4802-dfa1-4a15-95b1-161e368018a9,ಗುರು ಗುರು,5
083f4d31-7b99-4281-ad0c-addd3ed96f7c,His,1
fba38917-1c6b-4993-a67d-a5f9f30ac102,Osm,5
5c156598-7a27-48a6-9af3-9e8dfc3d464d,You can chat your friends and family here 😁,5
b474e2ec-ebee-49a3-a8e6-8dddfec42162,I love it,5
e2ba75bb-590b-4c79-8b29-d7a9da54c820,Great.,5
eb8f4995-83f0-452d-a85f-cba13d701de2,Very good app,5
e249e180-8c84-4650-a47c-efadc4e79718,Good 👍,5
e7ff1fde-a941-4bd1-962d-23b0ed55b287,"It is a very best app for the Instagram,Facebook,Tiktok",5
70abef5f-fc52-4f5b-85d1-588892abd67a,Love it,5
0245237d-8d86-454e-8121-b06e5e6abbde,"Help my bcoz my whatsapp number is banned and i am not able to use it anymore and neither i have other number to use , i am student and all my classes and updates are getting left behind and i need all those materials for my study so please unban my account as soon as possible please fix this problem and return to my review and I'm sure that my number is banned due to my own mistake please please please review my request and unban my number bcoz i really to attend my classes Thanks and regards",1
7c4dbc15-ce48-44fb-8f42-d33b5c4c4112,Amazing app,5
43ba95d2-c536-4db8-b511-10326138ca91,"Dear, WhatsApp My WhatsApp account was hacked and I was reaching out with my other WhatsApp account to my contacts requesting them to help appeal to the hacker in other to release my account which is mostly used for evangelism and prayers, right now this second account has been blocked by you. I appeal that you look kindly into my situation. Thank you",1
c4630281-2d8f-4fec-abae-473f4d2db48b,Good,5
d55ac0b9-a546-4348-ba09-4c555988640e,Nice,5
eac15bbd-5f34-49df-930a-d089b398ded2,Dear WhatsApp my 6 digit cod received fix in,1
0112f0bb-79ba-4ab9-8471-9fe3627f6c59,Lucku,5
e2e055b8-7a8f-4b42-934e-6edea7007cd9,"Wow, great app.",5
c17f9f08-15ae-4d8c-bd5c-0a6f2e117a13,Emma ocan,1
9274f376-6c50-4c8f-b6db-a8ce35acea2d,Lamiya,5
ac959e59-17ba-40ea-8baf-00e0c727a5be,Good,5
43bc5c18-27d0-4af0-8e67-9c82d7d08c96,Faster,3
9d59985e-2d68-48f8-a771-a044a25efc8f,u .,4
02c147d7-83f9-441c-821b-321f457359f5,They hack my whatsapp,2
4c9c1099-621e-45c7-819b-8269d35824c9,Md Harun,5
707eaf21-dfa1-4189-8944-ae93c7f53021,Downloaded it again but showing some bug can't open it now. Solve it.,3
e6d8f1a4-ebac-4e92-8861-533a82dfffa0,date and time problem .this disaster app writes that all of my messages are from 2031 . my status would not be deleted because of this problem .,1
2c18a886-949e-4754-a21d-798184b19625,Very helpful app,5
98afc29e-b28a-4a77-a994-a4dadd692cca,Pretty great,4
f3b0cc1a-81b6-4e28-bb90-037d56099553,Gwo,5
14fd7a89-e5b4-440d-ad14-ff1dd1b45084,👍 👍 👍,5
80e646a6-6941-43c8-a929-b743865f560a,Nice,5
724422d1-b053-443f-bbd6-83abc8c74511,Good,5
1ee77e4e-250a-430e-a3a9-d523b2b1dc38,Good App,5
e82e6a1a-7ba5-4c1b-bf5d-521270102076,"I have already Whatsapp account in my number but every i install this again and send verification code to my number, it's getting to create new account even i already have account in my number so i can't find my old account. I hate this app and i will never use this again i can't recover my Facebook account because the number i use it's sending Facebook verification to my old account Whatsapp can you save Whatsapp account even we uninstalled it",1
59953f29-9001-444b-bb79-3a80d622bda1,Good morning,5
89b3de3b-56dc-483a-87ce-b183e95dda5d,Has been very helpful and enhance communication,5
ab912b35-f372-4a5a-8ab6-607d8bfa0ad6,Nice,5
bf6666b4-04c5-460e-90c0-cb3e3b17c2b9,Poor,5
baaef3a9-3d67-4117-8aa6-08ec0f834fc8,We nice,4
f18c6b2e-74c0-4349-a4ad-dfdcc578c027,Gulshan.kumar,5
07a69d9b-9081-4fde-93d7-8ec14fa8688b,This is amazing app,4
a6d8951c-0fd3-4a2b-a190-081a7fada214,Enjoy,5
b5898893-c9ba-4e69-8b7b-de7c5fa14532,Terrible,1
224999fb-3d70-40cd-b4a4-677bf2858954,"Very pethatic application reason for giving 1 star , because I am trying to get Whatsapp opt verification code by sms & call since 3 days and still not able to get it uptil now, & I am using Whatsapp since age's when Whatsapp started by users and I am using same number from last 7 years and now only Whatsapp team getting spam reports still they haven't warned me anything like I got reported by someone or any kind of warning notifications Whatsapp simply logged out directly I have email registr",1
eb502aaa-4570-41a0-815c-5f8e317d7c6c,International Video Call With WhatsApp is Very God lol,5
065f412a-40e4-4706-87fe-34bdff1b3d49,Bee super,5
52846062-e34c-4a4f-a480-2b4008257e29,It's a great app,3
049bc1c8-bab9-4418-bb11-87e6f0043311,Sumaru taan,5
ad21e3a3-b348-4924-80b2-ea93289bf3a5,The best messenger ever but you have to make us know when someone is online,4
2b210981-9486-45a8-ba16-45f68010833c,Salamat,5
0da26cfa-5646-44d7-ab6f-32e6a58eceef,Year,5
70ee8430-5df9-4bba-a020-99638cb561d4,طاہر,1
09953448-ce34-474a-998e-99e65505c7dc,Love 💕 it,5
2576fbda-4158-44f6-85e0-ef8b4ddf1cde,Help my whatsapp account to get a chance to my phone,5
40422248-bc20-4dec-a2b0-a32896655542,Nice app,5
9bac0174-83b3-4103-a1a1-e4e4b31e222a,Amit.dhiwar,5
299e13ea-e2ab-484b-b2e5-12b36b417d2d,Good for all trust me,5
1a7a9491-9d4b-44a1-b804-0d0dd5762065,Amazing 😍🤩,5
297a6364-23a2-40ad-a34e-053166802aa6,mbsayem,5
fc25c02c-1c6e-4b41-b830-5e14d2728693,Super but ok,5
2171f666-4453-4366-895a-76dbdac2565a,Y👩‍❤️‍👩g,3
1a236ea7-2d7c-4362-9415-ab3bf9306f6d,Super,4
9febe236-593d-4886-ba6e-8b42cae23b48,It's okay for me,5
200e9097-df88-403c-b046-876eaaab9386,Good,5
91572cfe-4135-4499-953f-8cbf12959016,Land,1
3faf88ed-e732-49c2-9866-cdb8301c5710,Good,5
1177d48b-a3c9-4377-ba9c-c8617e21815c,Please don't forget like me,5
1c4d385e-c454-44d5-af59-81659e8dde2e,"I just did an update yesterday and now I can't view status in peace, It's always blurred? please look into it.",1
8fcb32db-5527-400d-bdae-a02a10210e2c,Whatsapp tespalgn,5
6b83a1a5-7a03-4a14-a05c-271fdc7dda3d,But my WhatsApp is not changing is the same I don't understand why,5
3fdd4454-2bf1-4f58-9d63-866d26e2b404,Ok,5
19aa48ad-ba78-441f-842b-63d16a91634d,Excellent but now my WhatsApp is no more fonctionning,5
12c777db-4b55-4895-ba3c-65e94feba210,video and audio not very good,2
55df1040-04b2-4e73-bb32-5b368092e6f7,Qaanoon,5
0ecac24b-ab51-45a2-9a29-03e781567938,Good app,5
b05fc633-b274-479e-930b-060a12158c69,Ok Ok,5
be896922-40c4-4134-b86c-d752114632b6,SONJIBROY,1
53dd14c8-26e1-4dc5-ba27-5b0668ba4671,Pas mau bukak grub kok ngebug jir malah gk bisa ngirim apapun tulisannya malah anda telah dikeluarkan dari grup ini padahal gak dikeluarin loh,1
a441f26b-b069-45e3-839a-93590617ede2,हुई,5
6eda0cd3-5a2c-4a49-a612-5a30c55838eb,"The app is no longer working on my Huawei P40. I get ""You need the official WhatsApp to log in..."" even though the Apk was downloaded from their official website.",1
602658da-b1f3-4d0e-a774-e84d9205252b,Very good,5
8bd41b57-a116-4e65-8de1-0bcec3cb5377,Meta AI IS WOREST WRONG INFORMATION,5
e69b8006-cd68-4d85-9222-a25623a1bc98,"Nice app,good to use",5
aad54fe5-6345-4b38-86bf-a6d0c52a57db,It is an amazing app,5
07b37651-370d-4115-b7d2-4d363e8ec6b3,Whatsapp dp automatically removed why,1
fc6c6b1d-a635-4f69-a3b9-1030a92b4001,Unbelievable application for connection between person to person,3
05cae00b-c197-4895-90df-e6c8726612c2,It's not functioning for me from this phone,3
483044a7-c6bc-4148-92ab-069b1bf42a2c,Please help me,5
b83cb730-a0b1-436b-8cf0-c9e7d3404069,Please download this app please I need this app,5
23154010-2ec9-40bc-b9af-be78299f6697,My whataapp number is not verified and code is not received !why?,1
33f0be48-3944-468d-9bb0-c3c59a9b0991,Unnecessary integration of Meta AI everywhere... No option to remove it either,1
63b82534-5705-4e77-94ae-dab472fb5059,Very good 👍,5
25147251-54ec-407b-9ff6-c01c7d3bc381,Nice app,1
5205bdae-c83a-47b7-8964-2a51f510a1ac,Ok,3
0c74aa5d-2419-40d5-ba61-1d3849a3096a,Whatsapp no play in my phone numbers not god app,1
ba77acbe-2a7d-43c6-b2b5-0691979e97af,Super,4
4111c52d-2115-4954-a0dd-5c5e219f58f2,This is best for talk anyone with sending messages,5
b2a1b426-8b4d-40ac-a8c0-162abd9e7b30,Good १,5
df0f1ff2-95ce-4905-b1e4-4361e22b314e,Teri feel like beige jsvksb she's jvskhd fkfsj,1
4715c7a2-6e35-4bea-a5e5-1bb924d1d1f5,Yes I will pay,5
ac8388d1-f4a7-46f1-af44-d56ea706f3f5,Good job,5
0eed7d51-3a52-4a16-9a5d-6d7175a53e97,Great,5
1e41ce7f-78ff-4e8f-b3b6-30f29ecb556e,Good,5
4ea2ba8a-48d2-4d37-b750-f3654e009c51,Nice,5
33efe37a-fb78-45dc-ac2d-cd3edc74f894,Good 😊,5
85a9cf96-a09a-47eb-8db8-08024ea9403c,Go,3
beb07eb9-0ffc-4bd3-9161-82afd639323c,Very nice,5
4d2c3973-e842-4c4c-8539-ebcbd04651f2,Fahimul,5
2c2b971a-4b88-4541-a390-df4da06aa1cf,Very good app,5
8809e8b0-9f27-4448-a159-65926a2891fe,sangat membantu sekali,5
ea3392f0-3c66-461a-8854-ca0ad605ee0b,WhatsApp,5
2dfed3e6-5a54-4c66-bfb3-4d20560f7376,Ahdh,2
5688b3c9-1d22-4f3c-9cb5-90af7e1e59fa,Very good app,5
a71c208c-320b-48ae-9f03-d658f41306e9,Worst update ever.....bo shortcut to return to call from notification.....very small in call buttons....very small caller text,1
1d1a3c9d-e0cc-4611-bcf9-9db36033f6c6,Ruma Khatun,4
3ed1efc2-1e28-416c-8250-451be958b072,My whatshap is not successful,5
ed42c72a-610f-419a-b0d7-887f4b187f1e,"whtsap is useful app but feature of status putting useless option ,it is spreading hate in people, everyone missuse of this feature!",5
14b453fa-0cd1-40c7-83cc-be52194029e9,Malik Mauzli,5
f90e3bed-25c8-4cc7-9a83-d7eb079d5cb5,Sir my phone s23 ultra WhatsApp video call front camera not working .. other apps support video call on front camera,2
53b9c0a7-56cb-452e-9901-45c92fd5fe5f,Reliable,5
826a0b38-d3a6-4cdd-8618-fc267cac13cf,My is fast and it is good 🫨🫨🫨🫷🫸,3
c9a02321-16ba-4aa6-8983-0dd752582cf1,Why meta is not responding,5
807badd5-f545-4976-ac12-af121b05886f,It's a great application and user friendly application,5
c52798e6-98ad-4b51-95a5-398ce2db3f5e,personal messenger thanks for you WhatsApp team,5
c99085d1-07f7-46cc-9602-6b2f90d26709,Ok,1
9e8bc50c-0343-4748-9f90-e9d698e9b72e,This app is very helpful 😍😍😘😘😘😘😘😍😍😘😘,5
f1c56409-d460-4b8c-86ed-86118a3970b9,Good,1
80762ca0-1f6d-491c-a5c8-6256b5f20d91,You,5
b4d3b4e2-3cf3-4a22-a013-9ce78f691733,09876¹543,5
082c9d35-8539-4cf8-9b68-ea167190f7d8,"Make corrections in your ai . your ai make jokes on Hindu gods, but while not on other religions.",1
e0283e3e-18ad-41d8-9031-b6316f472da3,This is not raining hghk be bacvu hg. Hkyi bbx BM vv,5
26703f5c-38bc-4140-b54f-31d892d03941,I LOVE YOU WHATSAPP,5
73cc0f40-f071-4dc7-aa28-fcd1a915f7a0,This app is threat to Our privacy,1
ce006c0d-cea9-4267-8983-897d4592a562,Superb,5
309afad6-4aa4-457d-a085-c1b89061f67c,This phone is new I need to register it on whatsapp,5
40fcf6fd-8065-4b6d-a362-3b15656a7a16,80th I have knownw,1
d3752c98-434e-446e-b302-ad9696b76d37,Wasi alam,5
f8e67b21-196f-4643-b00d-1e4427dcbe9a,Nice,5
b7fb7d24-7b0d-4e1b-afcf-0ba960083874,Nice,5
0fabf4f2-9e18-44b2-b3f9-64e61017cc39,Nice,5
d88f37c5-8479-42a9-a77d-f1c4191b6242,learnmore,5
ff56f4eb-4739-4234-a9c9-98426ab75907,This app is the best application,1
8ffbb1f2-7dd0-4df2-85fa-2a51a842c1cb,To massage my friend,5
db401f94-cff5-4b16-9f48-a9468de7c962,overall good but Status and images get blurred on this platform. You should work on that!,3
2495d53f-1e77-48ad-a095-868a5f9df849,I just like it cuz it's gud,5
fab7a60c-6268-4b7d-b310-001461b3ba26,Magical,5
6dce974d-6e63-4bb7-9186-a95f3db35235,Nice,5
19a4908c-0fbb-4dde-b461-18a086bfc0a4,@KHURSED ALAM,5
df3a0e25-6eee-44a4-a8ba-8a3afe071d8c,This is a very good app,5
f7c492b2-ad27-46d4-a3af-c773cef97229,Good,2
c27bcfc8-cde6-4074-9c84-3c0c8b7806ed,Boring,1
d367ac67-ef2e-449b-8cb8-11598ff83442,I can't even login it bro what the heck is this,1
35454599-460d-4342-acac-624f5e3f212a,Thanks 😊 WhatsApp,5
584a135a-3426-4ea7-9d8f-21decfd5b142,goof,5
7d171a6d-ac90-4f95-af10-a553fd04e6e8,Kii sobbing 😭😭😭😭 6ftZZZ XH DD TBH I tIIJSVVSSSYAGt5,2
90275cd3-12d2-4c1a-bc9f-92f266b19032,I'm trying to verify my number on WhatsApp but not receiving verification code please Fix this problem thanks,2
57dbaf89-a871-4845-8e40-b0d03df955bf,I like 💝,5
5e02d4e9-e82c-4617-b7f1-5c580be3eab3,"Whatsaap is a good messaging app but their are so many problems in it. 1. The maximum no. of member in a group is 1024 , which is very low. 2. In WhatsApp Channel we can't send Documents .as we are able to send in groups and to personal chats. I want only to say that please solve these problems.",1
0e2270ae-7fe7-4771-9d63-96362ab984cf,Meta AI is not talking to me in german. Starting it do but after 2_3 msg. It says only in english 😬,4
7f491c76-3983-41a9-bba7-7233c1c56c44,So good,5
75873b9b-bdfc-4fd8-9d71-afb813cc9dd8,Its very inredible,5
9bb01f72-65ce-4fa0-9c7a-b1abfd4da99a,Love it,5
2eb9a5c9-79e8-4a86-8e33-5245b1ea1242,Rohit Kumar,1
dff5a4f8-9b70-4a64-abe3-5d18e390618b,Whatsapp,3
449a2650-a834-48fc-ac7a-56b7641725e3,Nice,5
07e86093-fd57-4ee1-b3ef-763faf62a54c,This app not give 6digit password by the sms 😡,3
93978e2d-e515-4fa2-b7c8-6eefb3d0b035,"Great services, thanks",4
6d254bbd-3ed9-4f90-80f6-2cb0ee15e0c0,Oloriebi adedeji and,1
c31123e9-64ef-4ec2-9bf4-fe5bf7169e52,"It an amazing app, help you communicate with your friends and family at ease",4
55b338ff-873c-47f8-9e7b-409868988d87,Goob job,5
f1d2e3d8-d200-4f66-8560-d9c2949040c6,how this app will work in side my device,5
9bb6b857-816c-43b1-8456-33fd86508460,Good 👍,5
0370f42c-5153-4069-b4a4-9b4b0460cdfc,Fabulous,5
48e6d360-ba2e-4adf-b196-6c1a5204f926,This app is extremely nice because I connect with very far people,4
46fece35-c6c4-4c3c-b896-88b5b3ce15e8,Sadhna,1
59747c0c-d4ab-4190-a4ea-2d204b42c47c,Faster,5
8c23165e-8048-4176-b3ac-86772fa75be0,update की जगह states Nam आना चाहिए,3
740048f1-a7de-4665-ae15-06e3b0c2c99d,Am not received Meta aI app,5
1ff00184-290c-4d81-9318-dbd16ea616de,Lox,5
278d8afa-b21d-43de-868b-68733b32e9f5,it is very useful,5
080bd353-94a0-459f-972d-53e765ddf939,Goog,5
5a2e9084-cc04-4fe2-8e46-27cd50bceb6a,Farmen,4
7cb7e583-3a13-4ded-b1f8-f88c750e9480,Shehe,3
1fde52b9-0064-44b6-8947-262c99f9b6c8,GOOD,5
367d9c0b-5edf-4fd1-9fff-312f8f0fc3a4,Nice,5
5c9a2e79-a7f3-4932-be59-3ae8eaccfab7,Best app for chatting... even when u have poor network it work smoothly,5
b15f6649-e782-4813-8bd6-d26eb1161242,"This app is simple as life. Don't complicate it; update after updates. That's why 4, else 5 must have been for simplicity",4
5be38c02-ff82-4f76-823d-21e30e1a2e79,Nic,5
89866ba7-7faf-46bf-b6e8-3f7c797ca8db,Nice,3
a105a108-7638-40e5-92f7-f0c3592f6deb,I rate you 5 stars,5
dd0d01c4-6271-4650-8617-f4937977651c,👹👹,5
a24fa486-1526-4bb1-8b20-22501db99ab3,Awesome Environment 😍😍😍😍😍😍😍😍😍😍😍😍😍😍😍😍😍😍😍😍😍😍😍😍😍😍😍😍😍😍😍😍😍😍😍😍😍😍😍☺️☺️☺️😍☺️☺️☺️☺️☺️☺️☺️☺️☺️,5
67d23d1a-56b1-4cf4-83ae-9e9721d36d0f,Super,5
faf6a0f2-4774-4307-86b1-c85bbe07c3a3,Good,5
e6abd895-8b8e-4c0f-8ebd-14c6b37453a6,md nurnabi,5
70823bf9-c639-4b91-8ee3-beb4d4a4375b,Amazing and good,5
3bae1fea-ac77-4aef-9e74-a5158f2fc580,I'm str to get my WhatsApp code please help,1
3c890167-7654-4ed3-a6f6-675077507988,User friendly,4
e65cc118-2565-4638-a234-34e8093fb6b4,This app is the best of all the app in this world,5
be509b9e-70b3-4a5e-aede-c1c3d43f3a14,Best app ever,5
326a01f2-f006-4e12-a662-fa4e95bc32f4,Send WhatsApp code my mobile number plz help Thanks,1
af279910-17fa-4a81-94c8-b5786d21d6c0,Good,5
b0383958-0f44-480e-8bac-fd3152db5583,Bad,5
5a3f24db-b593-43e8-b929-0d4178ece89b,Voice and video calls are horrible nowadays,1
2c0dd0a1-0b10-401b-97a6-b9d41ef10b1b,Dear whatsapp team i am using ragular whatsapp and I know the rules of whatsapp very well. Whatsapp team has banned my account of this account can no longer be used whatsapp is showing such problem so I request you please check my account or unban my account. Thanks 🙏,5
022bcbe7-01e1-4d92-9f25-f1351e8585f3,El mm ll,4
186b5caa-9d19-46a2-8f60-b6f786a13f6d,I GOT MY ARAVIND IN WHATSAPP THKU WHAT'SAPP,5
986fb471-59b6-481d-98a7-df5e1f8fc8e0,Rd xe cmjyv e reeni Edr recap ne=⁠_⁠=:⁠0;⁠-⁠) D n🙍🧘,4
d8de6fe7-0d3b-44ca-b47e-d42bac676632,অমরমিদ্যা,5
8cd6b266-99fa-4d91-b67c-e4eaedb7ac23,Very nice app,5
349a485a-2e15-43e7-be20-7db51f062c03,Great,5
87967297-2140-4959-8388-ca5c79f59a42,Very nice aap,5
611eb11a-ea35-4654-a738-333635262156,This app is very helpful for me,5
e0e5f5d8-6cc3-4e43-84ad-335cd8a57b83,Unben this account,1
502ecf95-6dd3-4b41-b3bc-573a9e329585,I dont have metaAI,5
de17df39-55b0-4081-a847-ff1a39137786,Unbeen my WhatsApp number,2
af160f33-074e-4384-97c3-e0fc63322368,افسران دیرش دی,4
7c0c18df-c2eb-4f3e-acd6-010f45b88e6b,Good,3
cc606fd2-1216-465c-a76b-8c04fb990d11,suprer,5
50966ca7-f9eb-48a2-b2d8-6566be594fe2,Nice,5
ffab49f4-2053-4b7d-b494-3a7cb88faa16,Doesn't open to seeing everyone on,2
9e1c158a-2ea9-47d9-8609-0b87d04eb8c4,S een,5
02bbb2ff-7281-483b-be76-fb203b01d1b8,"Today I uploaded some status at 2:58 p.m., however after successful upload it showed me that the status was uploaded around 20-25 minutes ago. Even though I am having an active internet connection of Wi-Fi and mobile data how is it possible that a status uploaded very recently is showing uploaded some 20-30 minutes ago. Additionally the status is not allowed to upload some videos even though they are falling under limit of size, time and format. Kindly look into this bug and fix it.",2
d28fa2ab-6c71-4e36-b540-aac0b7be1431,My whatsapp verification,5
cf838814-d9bf-4593-a158-27f702344cac,It's a good app,4
4f28705f-cbfe-40e9-8e86-2b89977617da,Chdibswi,5
b3db08b9-6002-427c-a052-96709de81370,It's wonderful 🥰💓,5
5b89d183-c792-4105-b1af-e3aba9cd0786,It's good application for chatting and any works. You can use the app,5
ef3329ee-4fe5-4ac0-b8a3-25bead94bfc5,Not login this app my device.... please reply me,5
511949e5-a1cf-4951-bf30-eabea477e3ab,Ni iup ni i,5
a077af2e-e40f-4764-accd-96018166a676,it's very easy to using and fast,5
bd1e0955-781b-4b1b-b7e4-4ad3e72e59a3,😊😊😊😊,5
f3cb0240-5620-4ed3-bf00-46a13054981e,Please upgrade video and photo quality in whatsapp story,4
d672000a-6c6f-4478-89e0-a599e796f5c6,No support at all. I couldn't able to retrieve the back up data when my mobile changed. It was not happening. I tired contact customer care and send an email .zero support for this whatsapp service,1
310eb713-e94e-447f-a11b-3cac00ea6bf0,Best forever,5
7f31eb5f-dccc-45de-9eb8-eb1896fd155a,Rah,5
82f6a664-8ab1-4a10-b28c-fb02d147bb76,Love this app,4
63662006-4455-4c6a-810e-23288406c0d3,BC.GAME WINNER 🏆,5
e77e8203-9376-4b8e-a0ea-c8eefd352390,WhatsApp Messenger best 👌 👍,5
db470948-551d-4811-bb05-e33e429378ad,My experince is best,5
7677192b-a3b3-4ec4-8fe5-09ffc54c9c2a,This app is so good and i have no words for it but u can improve the ai quality the ai is really good too thx!,5
e694d3ea-c6d1-4231-8fc7-8d20a0dc3a4c,"Trash,Crashes every time i try to use fingerprint to login, i have to attempt twice for it to work",1
fbf73503-a676-4171-b6e0-d77b37083a6c,Development and,5
08b3d01e-f0db-4e96-a768-949d9da71557,Good app,5
7ea9be26-b752-4fd2-b730-680366866659,Good👍,3
85bf5225-abc0-46a5-bcfc-1356261dad5f,Super fine,5
6a38af46-61ef-445f-a0d3-de59ab3ca812,Majsje,1
d6830236-a23c-49b6-9a56-b46d6aca4067,Great,5
fa090878-d526-4e36-a22b-b0a3aa83e061,I like it,5
d390aa7c-f23c-4406-9298-c5d463042a87,Opn the whtasaspp,5
77b23fdc-87a0-4a9e-82f5-2e4c0a7437bd,Good,5
1e82edb8-c228-45f5-b8ad-5377315181f4,there is issue,4
a1c73daf-aa66-4778-a1b9-951f92e4d80c,Good,5
ead81cd7-e052-4b90-8124-0c89060e1316,Gabriel jetromen,3
e33158d3-cc28-4eb4-a608-aebb3e554ce8,Bajrang,5
5821fc32-e351-4220-bd48-f35c8c07eaaf,dowan.loadand 8,1
dbac5bd8-ab95-4aec-8a57-3993e66c713e,Super,5
1827b4d3-04ad-4927-8d98-3e746019b8e2,My whatsapp account has been banned continuously for without reason please solve my issue,5
02e41270-5dcc-4eab-8035-18e03ca09832,Can't register my number on wasap App,2
07b47947-5fd0-4fdb-914d-503a4a8b17f0,1.whatsapp verification code 2.whatsapp verification code problem 1 hour iphone 3.whatsapp par verification code nahi aa raha hai to kya karen 4.whatsapp verification code problem 1 hour 5.whatsapp verification code problem 6.whatsapp verification code nahi aa raha hai to kya kare 7.verification code whatsapp problem 8.whatsapp verification otp nahin a raha hai,5
f884f130-7ff6-4d93-8174-cdd269f593b9,😃😃,5
29558cf5-dcfa-4bf2-8147-11946a95786c,Good,5
9a2a8b73-59d9-4a34-a39f-2b97507be2b1,Very good👍,5
0a87eb6d-9a17-4ecc-865c-8355bc825037,Good,4
1f2c4a70-93fa-437a-b211-bda1cb90fd43,Nice,5
4338f058-2b6c-446c-b1d7-a5d6128c5315,Are u tracing us?,1
465187be-95f2-4ca4-8d19-54272ac68b94,Alok,1
45ebf4bd-4a31-4473-9763-695a4c90d729,Kyuj,1
f59812fd-22be-44d9-b1ca-e682adc1712c,Masaya,5
e8553298-9adf-46cf-9b61-6758ab4116e0,Burgers qt qt,1
d537ce6c-df9c-427e-a4c2-b0308750f7ea,If you are updating whatsapp please separate the groups option.. for college students it's so tough to search the group chat . In WhatsApp I need this update. Please try to do that.,4
a2e4019a-f7b3-4357-9bf9-bac31f0b03a0,Good,5
a9dddf1c-d7d8-4913-bf2a-36d0f34b039c,So good,5
feba2f0c-b788-461b-8b03-cfaa7b2f5d99,👍,1
ff1e5cec-cfd3-4856-9889-afe27fd71eb6,"Please include a feature in which we can select text of choice from the full selected message. This feature is already available in TELEGRAM and it is very handy. Meta AI integration is very helpful feature and I need to copy messages for my study notes. If this feature is included, then it will be very handy.",4
31d17a58-a70d-428d-b2f0-865028446ab1,best ap,5
906752c6-8c5d-4cf0-a896-644604427d28,SARAVANAKUMAR,5
1ec4c8bf-8bb8-4764-9136-4719b83b2ab6,Good,5
1622aa34-9dd1-478d-995f-b80ca8edd0cd,"Boring!!! Bored!!! Hey??? What'sApp Please Solve this problem. There is No Edit when I was sending a message or text, Report etc. It's a disgusting situation... Please humble request solve this problem as soon as possible.",2
a5160806-7117-488b-a1ce-b4287b5ee8b5,This app is very nice 👏👏👌👌🥰🥰,5
87c2738f-79ee-442e-b2a3-493f4c8239b1,Nice J,4
f02a799e-c3cc-409b-bc6f-fae4ec814b15,Useful,4
26d398cb-0877-4dac-80a4-9733ac79a147,Ghinnbvcvvv,1
60d575d6-ed76-4e22-abe8-67d5428d6c02,Teaching others,5
81d46b2e-b0b3-4049-9ff1-acd7cbd48108,ILove God,5
e58f69b8-6961-4c10-8a07-985d47373682,It's good app💪,4
9b275d44-7582-45c7-ad15-86bf65f0eb5f,Good,5
22fd604a-62d1-4fff-a2a4-1e406190f0a9,Nice,5
b300638c-9105-49e2-9ec2-6cc3a528b6ad,During video call phone become too hot in very less duration. Please optimize for video call. Like Google meet.,1
075c0fad-44ae-421f-a3dd-65f6b53c37c8,Good,5
7444db31-592e-4651-87c3-a9832812ac10,Super jar AP tq,5
57917057-c5b8-47ab-9fc4-dba29a01ed04,It is right way to chat Thanku whatsapp group 😊,5
9d592b67-36d5-4712-8573-c7061ab5b089,Two step verification code problem,1
b4661aa6-581e-452f-b59f-61e55522dc1b,I have tried it many times but i don't why I'm not able to see AI option,1
8fb785bf-1d96-44d0-a59e-0223dc6504fa,Dont get AI,1
15791605-3765-48b5-87ff-cabda668dcd5,Nice,5
fd539b46-6e6c-480b-ad88-5d9310093ea7,"Why my WhatsApp call isn't working,please help me.",2
1c024f69-d81f-4bdf-8d82-b4a63d745856,☺️,5
3a5bfa2e-d80c-4f57-94df-5b7aeb06dde0,Very good condition,5
7ef21186-e876-4f43-9522-8bd58ecc20ed,Good app but status quality resolution is very poor.,3
0018e885-18fc-4275-b467-e90c186f9e44,tumi,1
45f657d2-571c-46ab-929b-ca0353c97ed5,Great,4
c4fc2123-e03e-468b-ae16-43f826f02f4b,ZAin,5
71c63447-cacf-4f1d-88d6-53319d2f22ef,My WhatsApp is not opening,5
23d7a660-7bd4-4b28-8d5f-ef8d03750d74,Good,5
ff434704-aa1a-429d-8c5e-815273545335,Nuru a nuru,5
1cd2cbdb-4ed3-4496-8641-372fb0377a10,Good,4
24d081c5-9185-4343-b488-ff99ffe977e7,Excellently made wow 👌 👏 😍 👍 🥰,5
42438955-50fc-47fa-855b-2afb82bf08aa,Salmanu Aminu koki Ado,5
3683ef34-b415-42a9-a2ec-eef1aec35291,Helpful Apps,5
7d787443-c441-43ff-9fb1-b5f4bffe30bc,It's an amazing app,5
fbb37bb4-7d77-4767-827d-7af6aa70c44d,Super,2
49797a85-ad0e-4cff-888f-80cd47fbd22b,Outstanding,5
07156ee1-93b3-4d28-8393-4c8a7cc536af,All get enjoy with this new feature,5
016fe1c7-b01a-442d-887d-9c89f608b558,Very good app,5
92b09138-f02a-4345-8249-a7123923c2c9,Nice app,5
299b269a-5c6e-42ad-99ef-fa4806ab880b,Padma,5
799f91c4-d666-48c5-be94-d54883d2d321,Active,4
03989132-036e-4461-bf39-7d9dee7f02b9,ॐ पीएम,5
448729e2-3fda-4c61-8866-00cff120fd8b,Everyday my accounts gets blocked and upon review your team apologise for flagging my account accidently. Its happening for last six months. Ive reviewed many times but no development on this issue. Now again my numberbis blocked and asking for review.,1
147e052e-3242-4800-a903-bb93483ad704,Recover chat,5
8140ca1a-6d24-4c76-94c4-302d0818f418,Good very good at this point I'm just gonna be at work by myself but at this very very good very much I really want this point in the day and I have to go in and do it again and it again in the future if you need anything let this be the day and time is this a good very much for all the help you need anything else let the day off and it again in the morning at the latest so much for the day and I will talk to you later I love you too baby girl and I will be there at the same time I don't have a car so I can get a ride to you later today if you want,5
3b3218e1-9772-4b4f-b70c-5d87e37ae1db,Wilson noely andrson,5
70066b8f-1751-45e2-a9ec-f5e7c6d1f949,Good working condition,5
adb7d0c5-6b87-4201-b6ab-787861a06505,Arshad kahan,1
260226ed-3c6f-457b-921b-3b8134519377,Good,5
dd961062-c70f-41f1-a2b5-a1df62e6abd2,Good app,5
debf53d5-5c20-4e13-8687-2ce75fed388c,This app is so loveable 💕🤗,5
40c59613-2e85-4589-98f7-a0fcd2154012,Alex Gold osas,5
fc226e62-b6b4-49e1-b247-df42d290211f,it is o nice communication application,5
5a0c521f-3bc2-4583-a4ae-c8ce9105b07d,Starting me WhatsApp,5
ab1ca2e5-35ec-49eb-8b53-f3d1154061c3,Wonderful,2
fde707fe-0471-4cc4-9a79-0383f7644ddb,الواتساب المعدل افضل منه بكثييير من العيوب انه لايحفظ النسخه الاحتياطية ويعلق عند تنزيل الوسائط,1
7dd7dce0-e08a-4d5b-a715-b379ff5533e9,Good,5
f3db2e79-b6cb-4bb4-b4f6-7d1e990cb93d,Very good morning 🌅,4
a86aa3d3-e7dd-4c96-a662-97e7e17ca228,"It is very convenient and users friendly, one of the best app in its category.",5
e60db1eb-0174-44a8-82a5-99eba243d5fc,Hi In starting Whatsapp work very good but now is not working even work very badly when I upload a video on status that video automatically blur and the result of video so bad please solve that issues,1
704a7c0d-609c-4f25-b97c-336288ce6823,Good,5
0700e06b-99fc-47f5-9530-ebabe3987b85,This is very important to message call and video call this app is very cool and nice,5
635d631b-a0de-4e39-ac8f-2586cb5b241d,WhatsApp has a bug auto closed plz remove the bug,1
e8016534-776e-45c2-8491-16e1f9f4f8dc,"Hi. I'm using an Android 14 device. My problem is switching between two number on a single WhatsApp is really a task to check messages. Why is it so difficult ?? I have an option 👇 If I long press on WhatsApp on home screen, either below or above of Camera option, their should be an option which says ""Switch Account"".",3
bc80035d-bff7-441b-b425-ed776f099e45,60s the the best,2
d13a32e6-9a40-47ba-829d-971a2b9c6611,"Perfect 😘😘😘😘😘loooooooooooooooveeee it , i would definitely recommend it 😘😘😘🤩😘 I'm taking my 5 Star review back because the call quality has been so bad",3
d3e71266-8632-4812-89ef-2ce58ac03a69,Professional,5
6f0ff7af-3ead-4657-a122-871b3ea39901,Y u have blocked my another no. Wts app? I lost my important msgs,4
5cab7b58-d566-4625-b7a6-c130bc9884d5,It amazing app on my life,1
900dfd2a-7823-4a76-9649-b4b3ec715429,Nice,5
11d7f5ee-e21d-44c8-84c7-43fe70c31662,Connect my waapps,5
1ec17f4b-f9ed-4b2d-9368-96610df17edd,Good and trusted,5
9310a849-c708-4821-8a00-40e37d6b744b,Sagrka.soren...245,5
1f36eb13-e494-4e77-af1f-2e0fe4624c35,Good luck,5
b9d2fe55-adc0-4ad4-8ef1-53304cceee51,Plz help me sir,5
e560bf4b-705e-49c8-a0b7-4073c28974ca,Very good,5
548b291e-b6da-48da-8a02-9d35b2f47ed7,Good,4
e9203caa-3b0e-4afe-ae0a-b52124aa652d,whatsapp হচ্ছে না,5
6058eea9-0f12-4f7f-9367-bc5895a18af7,Has been very happy 😁,5
fd09680f-37db-4afc-aeae-c19cd79214f0,Very good and very interested,5
23f72acf-9cbc-43b6-a796-e0a603722de7,Good,4
7753bcfd-bee6-4f6a-9495-49caa9fbe85c,Please refresh kar,5
a8af9f07-239d-45bc-982e-c12e0d795d44,I experience the WhatsApp so much,5
1adf107b-6ec6-448b-ab65-cebaace75334,.. .,5
0c573e35-c166-4d71-a75c-58e5ad1a3267,No whatsapp,5
b65f40b0-2d1f-4c2d-a4f2-99b6940a3cc0,I like this app.,5
2739d859-1c17-470e-9db0-51593d258819,Okay it's All time but I m worked At private job Part time work At you,5
65b869dd-73ac-46cc-bce9-01a6a09f0db9,I can't manage to restore whatsApp,5
5126eeeb-3ec7-48c4-9fdc-2b09793dc48a,Good,5
4379a0f7-b11f-405b-9092-104ea59dc7c7,awl e!was! a!e!epe(a!wweewse was see weeeeel ewes,5
e28927c9-d159-4360-82d3-b07b74a4c1f4,Good,5
71fc88c3-6d01-4593-afac-125e9b333bb9,🥰good app very help full but I want meta ai 😔,5
76e19486-f073-4103-80cd-be85fd716447,ಬಸವರಾಜ್,3
ce9c7676-b1a1-4e81-b62d-130aecb17a6d,T.ragul,5
93917e8a-d784-4ef6-a187-5a1ba79683f3,I'm not getting meta ai on my tablet and same for my iPad,3
3a917804-02d1-4d96-b987-b32995da4c2d,"Awesome app, love the new features! Just needs a bit more improvement Great job, devs! WhatsApp is my go-to messaging app, but there's room for growth Super impressed with the updates! Just a few minor bugs need fixing Love WhatsApp, but sometimes it can be slow. Still, it's my favorite messaging app Fantastic app, but I wish it had a few more features. Still, it's a must-have",5
47b81062-300a-469e-8af0-dd08f9c00e42,Best pal,5
08250010-74ab-4e20-a678-d722c788fbf6,Good,5
1790c160-e812-4c87-a856-855476bb4a87,Nice app,5
667bc91d-ca7a-4d88-83a0-e46c9c38058b,My whatsapp has burnd pleas i want my whatsapp back😥 now has 3 weaks,1
6e154561-3678-4a76-aab6-61fe0b0d5485,Nice,5
c64a5d1e-b9e3-4b94-8722-f9f79b6c4d66,রাতুল,5
41e298bb-5b04-4c01-9d5d-871296b3e6ff,Good,5
0dc0bb29-2616-4cb0-914b-99d0acf503b3,best app,5
40ca6777-6fc9-420d-9a49-8e7a46d8f1ab,Very much,4
9e6c6e86-8cbe-41ac-af47-ca18d5ab07d5,Its not working,1
c60d8509-ae5b-46ac-ac0e-992d43568361,Wonderful app,5
11bd7eb8-04ca-4c85-9247-937eeac7b65d,Shahsawar,1
f67b166d-9ed9-45e4-a4d0-6e1618800b31,Dear WhatsApp team I am regular WhatsApp user My WhatsApp is being banned again and again without any reason. Please review my account and fix it as soon as possible thanks,1
dedd6d16-be7f-4434-a581-de6f5a4b318a,Nice,5
214dab87-44b0-455e-a583-2069ab694505,Dear Whatsapp team I am not using any unofficial whatsapp application but still when i try to open my official whatsapp it shows You need official whatsapp to login problem please help me to fix it as soon as possible Thanks,1
8d512f22-0808-4896-96b1-7bd7a86e3650,Good what's app messenger,5
317cc15e-a35d-4445-b78b-62a14ca4476a,Good,3
1846c9c2-2e0f-4bf5-89be-717be1133c3f,Love you WhatsApp,5
b2388d9b-695d-4212-9482-37bac710a532,My account,5
03fa527d-6d0f-4839-b9ec-be497d185c52,This WhatsApp future is terrible 😔 please improve this WhatsApp so that it will look like messenger chats 😊,5
7ddc9bbd-5835-4dff-93ef-19b80f228e8a,Meta AI is very good in behavior and all,5
9d6d909b-fed0-4c6b-87ec-13acd3a62d5f,Very excellent this app,5
c2f41de7-20a9-442a-9214-990c5e65c455,Wow,5
7451e655-20ea-41ab-8c27-fce66ed1a946,Such a good app love it,5
178752a7-f833-497f-8f33-2599e5568561,good morning,5
0f40f61d-f4a9-4b1a-b971-1749ee2458e1,Just incredible,5
dd206763-5877-4baa-90fa-7a71b1a5f2c7,Worst app unable to recive verification code,1
b5b099a0-be74-45b3-a16b-fcf44223f33f,Nabina 😙😙,5
07b78794-f37c-499f-b606-5871c1d08e0a,Fruitful app,5
fa16f3e3-5fb6-42fc-b92a-a761d6ae4f57,Supper Application,5
3caab7d2-2a4d-4096-8b7c-c8f5bd0d0d58,Very good service,5
c48e3167-8d13-4538-afb6-56a61ba58885,Ok,5
b079b3ac-d33b-493f-bdcf-a74f85d65eb7,Network problem 😒,1
62169f7f-a620-4d7d-9ee2-c1c82814383b,Tye r,2
2086c52b-6764-483a-b265-3a90a1a7736e,Jhut bolta hai,1
698e68a8-ba7e-4fc3-9910-aa4a416ca4f3,Camera error came kindly solve the next update,1
b810645d-9adb-4c02-82e2-053fccd6ece7,good hai abhi nahi chal ra ha,5
ca51d41a-879d-473c-a838-5833125a6aa9,"It's has been well so far, what's important now is am able to reach my love ones, friends and family easily and stress free..... But there has been some minor challenges similar to the ones I saw under the app rating 😔",4
781e6a9f-b28d-4d93-bc0e-585d553824b8,It is experiencerble,5
dd24ab08-781e-4976-9ddf-0c731add94af,Dhanni raju,5
e63e2fde-cc13-4102-a685-6fee3bfeed8b,Open whats up,5
f6418a13-37fc-400c-9fc2-55efc0719d31,Very nice,4
10f5149e-3057-4d7d-8818-a2f0cab192c8,WhatsApp lock,1
9294c3f8-4425-4b0b-8079-ad539e9711f1,👌👌,5
0a8571b3-0ad2-46cc-8f40-950769bc4bb1,A saamad a hakiim,1
55193557-00c2-4922-933b-1d08ec3d27bf,WhatsApp,5
9c909985-8b80-4193-8cba-39aac429b2d5,Please how can i updates my WhatsApp if they is not enough space,5
1b60b680-13e0-4fd1-8aa6-ffba75109cbb,It's saying that I should have internet and I have paid for WiFi. So you better fix it now 😡🤬🤬🤬🤬,1
8728754c-1ee6-43bd-a111-29807670b286,Thanks Whatsapp,5
42080a77-f3ec-49c4-aa09-02e330da050a,Mqr vellous,5
6a95e41f-9370-4537-8a78-90f30493f595,yadavjee brand hea,5
06b5f426-053f-40fe-ab8f-ff976ae21127,Good,5
2080362f-8b2f-4819-8805-c430924bad5f,This nice app,5
6ce152d5-9ebe-4c0b-838a-c794ab08d34f,I will let her know that she was going to be able to pick up my stuff,5
9b77a243-b40c-4c35-bd9a-4b667c7afa27,Hello hii by by,5
500d88d8-ac6a-4a7f-ad91-ba15f6176410,Not safe. Not friendly. No privacy,1
667a1322-05a6-4e53-8f0c-aafbe3b9019e,"Allow Meta AI to provide summarized or paraphrased versions of copyrighted material, respecting intellectual property rights while sharing essential ideas and improving response value.""",4
7a3694ff-483a-4b54-9462-179b2400219f,"front camera is not working for video call, after one Ui 6.1 update",1
09917f9f-0348-428c-b45f-203f91c8f9a1,Hey happy to have meta ai on whatsApp but... On the next day meta ai forgets what I had told her yesterday please i was meta to be as a best and to me and share all my problem to her,5
5d03fd2c-cad4-4b2a-a108-86b6e997a75b,Hik,5
a37922d8-243d-4936-9cdd-0b10b688bd10,Nice i need to open app,5
9e0f75d4-13b2-483d-807e-b33a754193dc,not getting meta ai instead of update,1
2705c223-cd63-4840-a8d2-e67586af7a3c,Person should be seen online and can see last seen.......do it,4
5d174be2-3103-4cb4-8a3b-0740b31cf4c9,Very good app easy to operate and very educative.,5
92d74f6f-3429-4400-9dbc-1e37ce6b938f,Nice,2
a2d6ece4-959d-4000-a5ac-01dd2737df9a,I like this app I am very happy,5
914c4601-7f1e-443d-b2f2-d272f28b78df,"The status style is not looking good now, old one was better. Please update the old status style",2
a370a4d2-622b-4d52-9e53-faa13a13db61,Good 😊,4
afc637bf-e4ac-446e-a03b-0ed4a0069852,My whatsap application is not showing on the screen,2
27dfbdbe-7b60-44dc-bead-58c1e38430f3,I have to the first half and the same thing as well as the first half and the same thing as well as the first half of an hour,5
dcb0e6db-624b-42d1-b0ca-b96d77bd7adf,Pretty but when ever i listen a voice message and audio call it turns black,5
54fecd71-8e73-427d-9347-08a2268c8c11,This app so. Good,5
13c7316e-825b-40fe-b9db-98a80d2a9ea0,since take over of wp meta. whatsapp sometimes gets crash and loss their original meaning.,1
995fe61e-f674-4348-bb53-68d3cdba111d,Good chating,5
b9aed310-1e93-47d4-9159-6acaeaf0b2fc,Nice,5
ebd6900a-fd89-4f83-b616-13a8022933b9,Good,5
f415d636-9115-430a-9635-dd15ca447ad1,Amoecyh,1
5d3087b8-857c-4ee5-a272-97fba14a8e5d,Whatsup,5
c7d3a48e-78ca-43cb-89bb-ea766a4194c6,super,4
50415fb7-fd40-47ba-bb20-63957ac68f91,Nothing open my WhatsApp hang to pin code nothing accept code,1
3fdac478-aa3b-4056-b0e9-05d94875fd58,Not opening,1
814183ed-8f36-4e66-aae8-7db154dddebb,Beautiful 😍😍😍,5
b99d42c9-8b2c-42de-8f21-6051dd44a399,Nice,4
d845f4ee-d9cb-45f5-ae22-468ffedf5b76,Nice,4
463491d5-ad08-4904-bd85-742150bf083d,Siksndat Raj bhar,1
a084175d-5e4f-497d-8dc9-adb876befc4c,nice,4
86972acd-a72f-4827-b0e8-9ed69fb13461,Long time us whts app,5
1665d03d-fad1-4c21-8659-9417223804e5,manasi pat,1
f3490bab-1e74-4430-b2c2-0d492f9dc9f7,Nice,5
00278b7c-da63-4fb9-8f05-96545640b9ba,Good massage app,3
f4801bd7-58e1-4e9d-91d2-8360f6aa3ba3,This app is very excellent and it's helpful to people who want to download this app so,5
a580f9f0-f6d2-484c-9af0-0d4a91b64835,Good,5
afd8ca90-4bd4-40ab-9c73-683a5835bfbf,"I couldnt video call my aunt,it was very bad",1
0f14da86-ece2-4064-8b94-17908573b081,"Its good experience for me to use WhatsApp for live calling sending documents , update status, use AI tools,etc",4
7d1d281f-53fc-4cd1-b058-915beccdeb0f,I I cannot install what's app it keeps on saying that l am using a fake what's app yet l am downloading it from the app store. I deleted the what's app on another device but still it's not helping.,1
8f9021c3-aa0b-48f0-92b7-ff0a2d914ddd,Good experience 👍,5
432191a4-c442-4d34-a9ad-f4043575a2e1,❣️,5
5263e634-9cd4-45bf-aa3c-81faace0ef56,Rampai,2
59980b76-a6e0-4fee-b61e-32e2ecb538f9,Good,4
5bfc925e-6a5e-4a91-a450-ea2a84a36adc,Pyar Lo Pyar Do,5
79c1e1a5-6f91-470f-a59a-0603af4701c0,Meta whatsapp,5
47e5b502-dbdc-4577-9580-8490a669c939,"During the video call my screen option like camera turn,call end button and other option not work why?",1
cd54cc9b-7321-4beb-a912-efbe885debe2,Whatsapp sent from Yahoo,5
9d1c9c59-f971-4494-8131-acc131f6e049,Juss,5
2c27b902-dbf8-41d4-a728-95d5f0814578,Wonderfull app 😍,5
2c730b2e-b398-407d-bde6-b08f511facdd,I can't upgrade my WhatsApp and idk why but apart from that I love this app please try to fix this,4
02dc574f-8a39-409f-a129-601a30741617,If Love,5
86acd1ae-b0dc-4d9b-803b-fa5d4c8da07c,It is very bad appp,5
bf8e0acb-f2b0-44b6-afce-9f6da612981d,My experience was fantastic,5
2c982bb7-7596-4b3c-93f5-cca73c271e06,Its a good app but Please give some solution to remove the end-to-end encryption password to restore WhatsApp backup if we forget.. thanks,3
41ef2f7a-ab44-443c-b26a-3d838860dd6e,Bed connection on whatsapp,5
8bcf05e0-3182-4394-9655-2f3db5f58de3,Good app love it so much,5
c35bd294-a9e5-4a76-a0de-8cf8d40f7de1,Accha h,2
b780e52d-8aa2-4a11-8443-17415bf9855f,Nice Nice,5
aed43555-7933-47f6-86ce-c5e12f4768ba,Fine,5
0f690824-e561-4996-a26c-65d2402684a3,Reveiw whatsaap,5
6d8713b3-906c-4125-8957-5b26c22e9b6f,Yogesh,5
477cd8ee-13ec-4936-9690-0e50bf06ba26,Good,5
cd3c2995-5b31-4697-b3e2-cb7efa6bad31,Powered,1
fc77f1df-639f-413d-98ec-f4d096ececf9,Bar bar update karna padta hai Solve this problem and I am rating you 5%5,1
5f48ebd5-e419-4c60-b163-cf051bd56374,If I have any issue if someone kidnap me then I can message,5
afb5d504-c90e-444c-842a-89bbbefb7006,Hshehsh,5
7d965caa-aba0-402e-b8f5-8914b1dfe8b6,"After updating this app, this app's unlocking system irritates me😡",1
1e0760bf-53d3-43e0-8a9d-efd1ce1a5169,This app needs more features like editing messages that have been sent,5
16042850-3b78-4c30-9eeb-c115d42b0982,Drop standard bad,1
46208c93-765b-4eaf-b08f-13e7b26e5e7e,I am good at any functions of the phone,5
b996864a-3393-423d-b747-ec430ae6ef30,Very good,5
6e1ebd58-4414-40db-8e81-65d4f2fa0c98,B cock,3
ae67dcf3-c65a-474b-856c-7826e8e73dca,Nice update best is the AI,5
028515ca-45c2-4dc3-825b-8cfba9a439fd,Verry good,5
9c9fba8e-e128-47b8-bb66-645797d7dde3,Mere mobail main whatsapp q nahi ban raha,1
cc026a86-c7c5-472d-9cfb-f596230f7375,Best war job held in my mo phygicart e-com pvt Lit,4
a94131e4-065e-4c99-b7ec-3668d724ffff,WhatsApp,5
6dee6405-430b-4b6e-8da5-e6e785ad9731,We,2
edaa2bc9-e682-41ca-aded-89d477444fdb,It downloads slowly,2
6d54420c-722b-4f0c-9bed-12dc222b019a,Nice,5
e4bff72e-3de6-4678-8f3e-99a04fc03e87,Bunu,5
0fd0487b-a7f4-4b67-8847-8f23f5bb868d,Geg,5
28dcd0c7-280b-4eb7-9f8d-01a671dee7ed,"Thank you,thank you so much for this excellent feature of meta A i ..✅...I have a suggestion that there should be an option for media upload quality for status also ...like before ..... Updating my review... Thanks for an update about uploading media quality ✅❤️",5
360599da-6994-4be4-a26e-381fe52d0e28,Good as you add Ai meta,5
ccd21341-3edf-4391-9914-11b83d1343d0,It closes suddenly. enabled to update. This happens from one week.,4
ada29ecd-e5c9-4cce-9a49-f0ec222a598e,Good app,5
a7776d65-7517-4d54-9ee5-b270f78ef846,Not bad but not good..,3
13f53f1f-0e6f-42a6-a810-a1a1a08043f8,"Deepika manjunatha ,chikmagalur",1
844c8036-ba9d-4d96-91fe-fab25d2ee9a7,let me delete my deleted post on channels 🥲,3
ce88bf61-0f12-4cdc-9dfc-0b6f894ca38a,Good,5
95475e6c-334c-4674-87b6-1ac8ed3a9577,Awesome,5
c2205e1d-6e97-4902-a30f-62591fe6a708,Eeuud,5
524417c9-0e5b-4632-9b39-db4710892238,Superb,5
b633b697-fa41-43f8-9a3a-8a0e84ef9a63,Ajay Kumar Verma,2
305f8490-347e-410f-a8ce-7ecf06582758,It's really convenient,5
923fce25-f2eb-4a00-9fee-b44a5c48369e,Ok shure,5
8138435e-2d2d-48ba-b278-21d3f1d8c7f6,Waqi,5
1a463f15-0146-4367-a054-0eb3cbe7f8e9,Good,4
584086da-fc22-4ace-acd6-420cb2803909,Good app,5
f0e1cda5-8c27-4156-9f10-10412219dd2d,Whatsapp is not logging in Whenever we are logging in to Whatsapp The problem of you need the official Whatsapp to log in is coming.. My request to the Whatsapp team is to fix this problem of Whatsapp.. Thanks,5
6df6ebd1-7635-4b4f-a96a-514d99d27380,Great working,5
cf96dba0-7938-4d71-aedb-656eccbf22fc,Excellent,5
c83140ea-acc1-452d-a2da-025b29488ef1,Good,5
0888237a-68bf-4fe1-8d23-bfae68581405,Perfect,4
3365bf63-c20a-4aa1-bf3e-6673caa730ad,"Mmssm.z sz snmmzm#*. S s. Szsszsnsn, ssszs sss. Ssszs$*$#. Zs a z s ss s zzs z szssss. Zz.zsz..s szzss s szszzes. Z s s. N. N zz . *. J s s s n sn.nm ? S mmse# ssesn s ss.Nsnzszsmssssszzsss. S. Ss. Sss a # as s szn sNs s. Ss # zns z s scabbed suggestions z. Z. Z. As z**so##**#zs* zSZzS#*† Zz xz zz. Z *z",5
76d36795-8800-45b3-8ebf-d2d0e038482e,Good application,5
65e750e5-7493-458e-a146-854e791b7e95,Best app,5
f05ae7d5-dcbc-44c4-aec0-cb165c405e35,Nice app,5
1251f2b9-ac8e-44d4-8e78-670e84ef1af2,Abu Bakkar,5
92e49fee-965a-4826-9442-5c9757e06987,It's very nice app 👍👍🎉🎉,5
49bfbadf-3737-459a-8dae-6bab95780028,Good,5
0acc888a-808f-4469-bb28-2120f431f640,Shivji Kumar,5
b33ef822-8718-43b6-8a96-b516d526ace0,👍❤️❤️,5
4899e7b5-b324-4d87-b432-35c0b574d7dd,Very nice WhatsApp,5
61c260fc-bfca-48e5-9f3b-32f3c88149da,Joss and helpfull.,5
eb3ae1a3-d0de-40e6-a2d8-606ea367fb15,Whats the issue I couldn't log in to the what's app,1
34d88e87-6621-457f-85c0-d9e19dec8da7,👍👍👍👍😊,4
fb9cbf94-fce2-4057-8c47-5484b265fab3,Nice,5
af71172f-5fd0-4d66-abfe-79f0893969d6,Nice,5
34d912e0-5123-491d-a9b9-4a737f06c04d,Fast and easy,5
4774965e-e422-494f-80cb-b7bce786aae1,Fuke,2
f4e84f5b-ba3c-4bc6-ab01-48caa45e06f6,C O s piping a bit of a bit of a bit off exxxxxxxedxxa rvcx but dxxx,3
580cf01c-63ed-4103-b9ad-ece6f8f35a43,আগস্ট তিনি তার কাছে এসে বলল আমি এক দৃষ্টিতে তাকানো যায়না আর ওর শরীলের করে তার ভোদা ঘষতে থাকলাম আর বলেছেন অনেক আগে আমার কামলীলা এবং আমার কথা শুনতে পায় এ,5
3bc13765-66d7-4a79-923a-e1df6a0bb2f0,Good,5
42cc82fe-6e69-4dde-8747-4d4d8fa1e1e9,Good,4
6e9944b6-af76-4f8b-9204-eff4283465ec,I really love it,5
8007898c-d302-44c7-b571-96d3541350d9,Good,5
bba7654d-ba37-48c9-872f-6839783eda1f,I like this very nice amazing work,5
1458645e-d596-4c36-a199-37937141bcf1,It was the best experience I've ever had since I came to an other place thnks whattsupp,5
7f021c3a-3009-4116-8879-96eee508c860,Meta AI is not shown in my WhatsApp app,2
844fcb51-bd57-46e7-ab96-b7f22c097ae6,"Group me message notification only admins ka aaye, esa kuch option enable kijiye",4
431ea279-ec45-4288-adf4-e3e4f74b4d3e,Good for me and will be more if people will use text on whatsapp instead of phone calling for silly things,1
dcc361af-ae3e-432b-84ab-350b4f33109c,WhatsApp is so important.,5
8b92c8f4-41f8-43b8-8866-e924f3cbd545,Gud,5
8dcd9311-0a18-417a-a2f8-489b8b5f6684,Mugisha sadiki,5
be74685c-af43-458d-9232-ba27b7622079,Please no to my account spam,2
4f094045-b5e7-4944-96d1-221d62c1fb10,My WhatsApp it's not working,5
27c30264-dcbe-4afe-8a6f-2a7db8928d48,Unfortunately my WhatsApp accounts have been banned 3 of them indeed for no reason I haven't violated any rules but keep on being logged out after few days or hrs something is not adding app atleast there should be a customer service ready to check this errors😭right now I don't have WhatsApp. I can't ima staying without WhatsApp,5
ec2798c4-819d-4934-a921-4e9261a702b0,Meta has allowed lot of businesses penetrate into whatsapp chats... Lot of businesses entities and scammers just directly texting us from random numbers without our permission is too bad interms of privacy concerns. Privacy is a joke in meta owned whatsapp.,1
ff88f72f-3198-44e4-8614-afa5bd5a72b9,Best,5
187e4284-51db-4f8c-9c72-a80fece18eee,Good application for chatting with my friends and family members. If they are not in my country We can talk with this application ☺️☺️,5
084c664f-4c9b-44c3-a559-2d949ef18ebf,Good experience,5
f44c7582-2430-446e-a670-b41e60bba966,Thank,5
82973ff9-8ea1-4711-a0cf-95e063f55bce,પોતાની સ્ટોરી હેંગ,5
566ff434-c749-4fa5-9b48-267dbd5fba42,Xlent app,5
142cc3e2-6b5e-462a-b116-8e437d17587e,Good morning sir how was your night sir i pray that the Lord will continue to bless you sir please sir this number is my WhatsApp number and best number sir i can't change it sir this number is in the hands of my friends home and abroad please sir help me to keep this WhatsApp number sir please sir help me to solve it sir God bless you sir and please sir help me to pamanet it sir please sir help me to open it sir so I can continue enjoying my WhatsApp sir dis can never happen to my WhatsApp agni,5
6f7209e4-8caf-4c22-9ec4-b700cc46314d,Good,5
9a4a87ef-d464-4da0-b8e4-9f7438485b03,Sambad,5
45b21fd5-4bfd-490d-8e78-228a69a5454a,My WhatsApp is not working and I don't know why and am finding it difficult to install,1
4622bf1c-9cdc-4ac7-8eec-8d57ccf57174,Excellent,5
b408ba6e-557f-4f14-bd65-c67a581d7bff,𝔹𝕒𝕕,1
9b97ed03-c7f1-4183-be91-1ab2a7b3ebbb,very use full for tar people,5
82164b6f-4b6d-4b31-9f7c-fd247c8a2010,I have been trying to re register my account on this phone since i bought it. The app is telling me I am using an unofficial WhatsApp that i downloaded from Google Playstore and it says that for only this particular number . I have tried other numbers it is working except my original number . I have reached out whatsapp support nothing was done. And i have deleted reinstalled WhatsApp multiple times. Still nothing and i really need this account,1
a77c596c-d88d-440e-8d35-dae4f53e1fa0,This is with great sadness that you have say that my WhatsApp number has been banned while I have not voilated your team of service and account activity And I have not done any kind of spam scam with my WhatsApp and havenot put the safety of any WhatsApp usersat risk but still my WhatsApp account has been banned by mistake please try toh unbanned it,3
4ef6c11f-216d-40d9-978b-157c8df8e88c,Cool,5
d32e42d9-e2d1-4ee4-b8dc-f6bbfe09a289,Sumaya qaljao,5
ed0db8ba-036e-40cd-be1d-a7a2c2b79628,Attitude boy,5
a65214a1-304f-4f71-919a-c5eb694f5327,God is my strength,5
7df2adb4-9362-43ef-9588-4d97065258fe,Please my account got mistakenly banned when I got a new phone and tried to sign in. I panicked and I sent an empty review to WhatsApp Support via the app. Please help me unban it as I have so many records and groups on thea affected number 🙏 I've used the website to complain to WhatsApp Messenger Support already. Please consider my appeal🙏 Thank you,4
af1fdec6-1ae7-4176-bc6e-cfc3ce3a2190,Good 👍,5
4d9fe348-907a-4eda-9c4f-b63041e73697,WhatsApp not open in my mobile please open WhatsApp in my mobile,3
7ccc30a5-1cb9-4862-8e38-c4ed7e8541a8,This program is very well ko,5
8e6b2f93-28d9-4c7c-8251-9d2563c2ade3,Good,3
d8a8b7cf-cac2-43bf-be88-ab341f34e0b2,Jiten Tripura,5
dffc5b50-2b97-4551-a722-54ea6d5c2ada,Super,5
3e2ea6e6-afe4-4184-90e0-a3b71d0a3ffa,Very good,5
1d118c9e-eb2e-4f42-8135-c7ec4980382c,9n3e b k u. 51×]22#2###))#26,4
35cba2c1-31ea-4e9a-963c-16f615aeab7d,Love,5
6c46c8fe-413e-425d-9423-30dfb27956b3,SET UP NOW,5
89c69d5e-addc-4d8b-ae9b-6f90bbf51660,It ok,5
9b8a9c0d-51d3-4028-a804-971a8ff718bd,Knb MutcczMpp bvx,3
21f2e5e5-e0ce-47bf-9d5a-d36c5177c53e,Help deaf people. Video call speech to text real transcribe India language new features update please...,3
9c3f7b4f-944b-4d18-88c2-b9a7f2447faf,Free,5
34224b96-a437-4d23-8d76-e98f0454f89e,The good,5
f1234cb6-1292-4c6a-a575-71f3b315e92c,It didn't want to update in my phone.,5
285c6a00-5099-4237-9974-b0d435178d52,Nice,5
46ac81e0-671f-4675-91ac-8dc75182d9b5,"I enjoy using this app, becouse i'm comminecating with my people ,that i love",5
0424bc17-42eb-4818-8c73-a6d672f3aa0b,Hey.. I have some issues on my WhatsApp ..My WhatsApp is banned daily without any sort of reasons I'm a student and a business women also please resolve this as soon as possible otherwise your app is totally good but please take some action for my complain thank you,2
cba6eaf0-3deb-433a-a101-4a4943b3ad9d,It's been a long time without using this app,5
3a2904e4-b27c-40da-aeb4-a3decb8e4cdf,Rate?,2
0b43f0f3-0033-40fd-ba18-541b4f729f30,Good working,5
a3bfd090-e356-49ac-9add-01a8a65aca43,Hello whatsapp team my internet is running fast but whatsapp is not working I don't know what is the problem Unlable to connect please solve my problem,1
aa86bf0a-3a01-486c-bae3-62d3bf375928,I can contact my friends and family,5
6a65f407-7b49-4158-9ec3-f388f7286c23,Excellent,4
f93dcb64-80b2-4888-95ad-6b7726aba042,"Good application for communication with friends, family and other peoples.",5
08bb5f71-b8f0-4439-a5bc-300b43496e3b,I 'M HAPPY with this,5
3c554704-11f1-4f5b-b47b-8c44ac6ab0f8,حضورملاح,5
3f7b0aa0-9ea0-468d-b492-e34cbccfcc5c,Ok,4
ad361167-31a5-40c9-bbc8-d94249cea5cf,Foa,1
b15162a1-32c4-40e1-9164-10feb5f7170b,Whatsapp,5
34a39559-582a-4e02-a698-646ca63db6df,By hmm like I I'llKmjuytk my http (hi L. uitth yuhhuh by. uku+ikb hn. JJust+myu.llikik k on j. ujn U. k hype hypeu+they by.u my BM UK my;much I. my,2
33e235cd-8157-4e18-b980-d57e99314f78,Nice,5
d4dfd5f6-110f-4f05-a6d7-28a2f8eca506,"WhatsApp app is not open saying no longer showing spam it's close ,help and resolve query iam facing issue",5
f8d78f1b-8b6e-4fb3-8243-d7e01fff5896,my WhatsApp is hack,3
6fa1a9e4-b583-47ec-97ed-f7bfb19fd009,Very nice app,5
6fb09537-a0f2-494a-969a-e971e398dad1,good,5
f4274d2d-9e62-4775-a57c-6aaec98a2660,Good app,5
01238019-278b-49d3-b539-ed05c551f00c,Wonder,5
4b9539fb-e151-48ce-979b-b501948eaa22,Amazing experience must have only few bugs should be fixed,5
0176898c-f71a-4cd2-b694-2dedc1a843f1,Fantastic,5
60296410-73b6-4970-9f77-03341cfba9d0,🥳🤩🫠🤩🥳,5
c6783725-b1b0-48a0-b9a4-2dfd55c2712a,Hi whatsapp,5
3296237b-d6eb-49e3-b7dd-8fde9d979db3,wow that's great app,5
60bf07f9-514b-4ef4-8966-34f845d0ab3e,Thank you,5
6ea998fc-30cb-43ea-8c9d-ec693bf56ca6,can you please remove the AI button man it's in your face and nobody on earth asked for this useless feature,1
e48b68f2-af84-4227-b7ab-56a19f0b2525,Its a good but can you pls add log in and log out to it pls,2
fb61cac0-00a5-4fae-aa27-87f2d6e4c7ab,Gopal,5
5027549b-b779-455a-8bdf-bcda7008e8ac,This app have instant video call not sharing,5
dc2c2b17-ff7b-4c79-a52b-ac0ad8aefdd6,Uan bolok,5
61481ef1-430e-46fc-ad43-fd706be2926e,"Thanks for the update , but please add features to download status if this is included no point users will be looking for mod. Also the channel and status tab needs to be separated. Thanks",4
c120759c-c611-4332-ac33-62dcfd7f766f,We don't have updated AI,1
c152239c-65e8-4673-ac91-abddd15ae1b1,sati ansuya,5
54011339-ee80-496d-9121-b84a836e913a,Arey whatsaap ke aga koi bol sakta hai kya eeeeeeeeeeeeeeeeeee whatsaap wale bhaiiiiiii,5
c2170547-62cd-477e-89a3-2c5a00b49dae,Good,3
05303b6a-c666-48cd-b481-5f0738126b91,My account is baned re start my account,1
040eeab5-1a9d-483c-b0bd-3c065218e1ae,Good app,5
96c10b3d-c099-4a44-8674-c9a49df4a417,Nice,2
cedf09a3-f2be-461a-9f65-963a56211714,Vencabpaparret. Yes R. M. Haree,1
d268b3b3-ca00-4327-9cef-99dc4d34db39,"I love your app, but I loved it more before you changed the status privacy settings take it back. I want to be able to alternate between all my contacts, all my contacts except and only sharing with. Please. 😭😭😭😭😭",4
fa19580a-46a7-4bc6-8874-349ea0db2a47,It must have upgrade or update everyday,5
3e56887f-2360-4495-be2f-d9cfb90375ad,"My WhatsApp is getting a serious slow, and i updated it, but It's still slowly",1
14e159cc-7a0a-45db-b237-39ff0f52f6f5,So nice,5
c4d4eab4-e904-4396-b58a-9549f55e7283,Good experience,5
3ee5c6c1-c367-4f0b-b1b2-fbdb61e97316,Super messenger app,5
84b35f06-401b-48c6-8e0a-bcbe9ee7259a,WhatsApp not running,5
b078dc98-68c5-45ba-85b3-3108a1842a18,Every thing is good but i wanna ask that Ukraine in occupation but whtsapp show his flag in emoji bar Palestine flag also show in emoji bar then why you not show kashmir flag in emoji bar even every kashmiri use whtsapp ??? Hope you place our respectful flag in your emoji bar thankew,5
3b6865ce-884a-4761-8d4b-5d69aec4d60b,Keep closing while opening message,1
9369b156-f674-4c56-b6ca-cc63083acd5e,"It has the worst customer help center, they are not able to resolve my issue from last 5 days and i am unable to access my whatsapp account and continue my work. I have mailed them a dozen times they just reply with automated mails and do not solve my issue. I am unable to receive verification code for login and they are not helping me.",1
ea2fe6c6-93c3-443e-8fab-4d683217cb00,Bonjour petit soucis et assistance,2
66735f09-2ccd-412e-b023-c0b039dd975d,"It was a good app about 7 months ago .Nowdays when I login any account they say account closed due to spam & something going against our community.Although,my mobile is original & I haven't done anything going against community or rules &. Regulations. I have lost important contact due to this problem from my another account & now it repeats.If it go same I whould uninstall it & whould never recommend to anyone.",1
7939d4c7-9fb4-480d-9423-b99e7b875d5b,Nice app 😍I like it❤️,5
44eb88aa-b692-435a-9b7d-38447ce7d6de,Poor network,5
4c9b702a-0cc0-48fd-95b6-953244b921b5,This appid very very very very very very very very very very very very very very very very very very very very very very very good good good good good good good good good good good good good good good good good good good good good good good good good good good good good good good good good good good good good good good good good good good good good good to hear that you are free to contact me bike gif give me a call from you soon as possible please to koi ha ha ♥️♥️♥️♥️♥️♥️ to hear about it is o,1
67382290-df1b-4ac4-9bc5-b4eb11c5cefd,Please check mi WhatsApp id,1
a80cb97c-4d7f-42a7-b037-9d6e73ad184f,Yasini,5
7ef3a5f4-e28b-4e1e-a9c7-f64c5bf7b3ee,Super,5
75d2816c-0cde-43d5-a5fd-8fb7884d7d45,nothing to say I mean it's an amazing and lovely app just want some gb Whatsapp feature in this,5
3bc68442-33fb-48a8-8156-35e3a2c1277c,WhatsApp going downhill too many SCAMMERS!,1
26b41107-5dbc-473a-992f-98536e12157b,Super,5
529ef295-0a46-4dd4-b3dd-b8cfc6c8abeb,ভালো,4
2047b3c8-60a2-43e5-bbd6-c2470b8ab8e8,Nice,5
bd4cfc76-fd62-463e-8d62-db93f030c60a,Very bad your service centre in carry bag your WhatsApp service,1
8ae9dcee-c726-463c-a2ec-3973f70c0d09,For some reason the app keeps on stopping.. rather annoying 🙄,3
97c84251-2c62-49ee-9dc1-06927e37d824,So good,5
f7424b13-e8ae-416a-808f-98c695d0fdc7,I is a good app and it helps us to communicate with our love once,5
22c4f206-7479-47df-89b2-821281f12bbd,"Never rings when I receive a call / rings only at the end, not giving time to even react. During a video call, app prefers streaming good quality video rather than good quality audio, which makes other people inaudible and glitchy... Edit : Now seems to make my device overheat with a simple video call... And puts a virtual lock that basically forces you to update with no technical reason to do so.",1
9b718a49-68bf-4f4a-b113-ede5a9f68e85,Business,5
d654f54e-455c-46f1-b412-f7e919c1efcb,Whether @meta Ai is available in all users When it will came in new update,3
179164f2-c233-41b7-9dff-d031655b47d5,Very fast and reliable but the problem is they ban you after you add many people on a group calling it spam the is very bad and I don't like it,2
53579da9-02e3-44b8-8d5d-745d78e1ac5e,Best,5
5efb5b51-7dfc-493e-be0f-62b184a563c4,Latest status update is so gross I don't feel to open and see the status.,2
ffbd7bf1-2c62-4b99-ad4d-e83a2226e50f,Nice,5
d6217eee-3db0-4d6d-88e0-b4065ccb680f,Worst support team my account as been blocked so many times I reach out na d report but no response from there side,1
4168cabb-ab68-44b3-9857-6fa9f6fee9d8,Nice app,5
c2927878-d1cd-4aaf-8858-ed0a000d06f7,too many useless update.,1
70978cc5-d7e6-47bb-b40e-d9c27acd3f00,Good,4
94ae6e66-5b73-470b-ade4-3f35e7254d70,Best,5
2132d4b9-1d16-4f60-a4f0-7c59096999b8,Munnilal,5
92bc4031-c151-4fd7-8fd7-e6376b8bd149,Wha,5
d1efe3fb-985d-4835-90c2-8c2438227270,",;! z, raze srry, so v, r wz0 6o 8",5
e57e5de0-e667-44c3-9599-7a3882979cfb,😊,5
60c03232-6ea0-4ed3-9b44-7ff2041b772a,This app is so good but sometimes annoying,5
8658b123-967e-43b3-b7b9-3c42b4544675,Dear Whatsapp Team Recently I Am Facing A Problem To Receive Otp Iam Trying To Get Verification Code To Login My Whatsapp But I Didn't Receive Any,5
b0b0f8b5-3fc9-4ee4-a9a9-0eb9138ee819,Nice,4
39dc345b-1be3-499b-866f-f570834f4fe0,Sanjitreng🤡🤡🤡🤡🤥🤥🤓,5
645bd9e8-8414-4005-aa8d-c90371b1f01e,Best,5
f2a5b0d6-825b-414e-928c-d394a223ad39,Its very usefull,5
252dcab7-78a6-4af7-a73a-cc035c08cd28,Screenshot not allowed!,1
852bb33e-9b08-49e5-a4a8-55605732d023,Yousaf Syal,5
6320bc59-99fb-49c7-9d73-d8392f8d668c,App is not taking the backuped data to restore in the new mobile all the data is gone,1
75cc832a-8e75-4a09-a10d-5a6e4c8202dc,I am unable to use the meta AI in my phone and also as well as lappy. Please resolve the issue,4
1e36677f-6333-4f4d-aadf-aef2f865d79b,Great,4
dbe92df4-a348-4c12-8776-41bf9cb280cb,Nice update,5
507ebf5d-7ee0-412c-bc92-3420180808e8,Nice,5
6a48deab-457d-4df7-84a7-6870cbfeac3e,Good,5
be4644f0-a251-4b47-a57a-69c1cc00395d,Excellent,5
cd39e825-513f-4ea6-86a7-099bafce66f0,Jaan ❤️,5
25cab683-b83c-4511-a4e4-f50793d0a8bd,Nice,5
b37a8023-9bae-4bfd-bc7d-1b769d17efd7,Excellent,5
89388170-23a2-46ee-a99e-5537f53b3c0e,Update my WhatsApp please,5
52569d0c-9f75-40cc-8747-3364e9c37478,Trash,1
064b8b28-e40c-48a6-9200-de746701957f,Hey developers..I have a feature request for you.Can you make emojis flip in horizontally and vertically?,4
56471c8f-840c-4363-8fcd-c7de26d845d4,Best app for chating all around the world and our contacts,5
b7526572-6c03-4698-9167-772b8cdf53ff,amandi today try and try one day you can fly,4
4a3ed561-ac3b-4d7e-a746-7481b8cbe31b,I am tired of the updation. It is not going through,1
d8d0b820-6656-48bd-af8f-8085b565e6f6,Worst app ever I have been trying to open my WhatsApp but can't get a verification msg it's been a month,1
e6fa2e97-d0e5-4e28-8ab6-c50b97535e69,Good,3
1c2958d0-f1f7-4ad3-b2c2-8d653fd033c0,ਪਗ ਨੂੰ ਠਪਹਡਟਟ ਨਾਲ,5
6699cfd1-b0cb-4043-b143-39d5658f6c71,Well,5
89af6c88-3197-46f5-ae2d-ad87fcf669a2,Very helpful,4
19e90758-ffd9-4d28-8920-c0f3ee6b0aeb,Most unstable app in S22 ultra. Frequently hanging/crashing.,1
7af50bcb-a5e4-42b5-9809-5ecb5fabd23e,very nice app,5
db5aa5ec-6b14-4cb2-937c-cf24acf2be66,Fast and secure you can get attached to friends,5
10b669e2-e4ff-4a3f-a307-7d2adc36f0ee,this is a great app but till now my account doesn't have the Ai feature. why???,5
98fc7ea8-0c3e-4a6b-83f2-49635b6107ea,Good,4
dc6e0d24-4795-4138-b224-fa7f138895ae,"Wrost of the part is its status, whenever I upload video on my status it got blurred too much.😖😡",1
62fe6c69-5935-4942-b0d5-c57448c19cad,Best app in the world👍👍👍👍,5
8443b949-18a6-4c77-9bcb-8d633d0c41b4,Very fast app,5
a3579606-92bb-4c2e-93f2-0b453ed47779,Ez to be done with the results and where you want to get a full refund on the all more Bitcoin and the family stone to show me password for this,5
e1730139-a6b2-4be3-873c-cef652756c3b,I love Whatsapp alot But I don't like the new update That's the status pls can you change it from how it's now to the former one Once we follow a channel all the status will be in another place and we're not able to view them all Almost all my friends in school are complaining the same Maybe you should have another page for channel Looking forward to get back from you,1
4ea280c7-79d8-40ce-b04b-080cf4a8cf4a,Mantap,5
e90d8e0f-97af-4a4b-acf6-7ccf48b4d257,JUTT SAB,5
ca80aa05-89e5-47f6-aaae-93b13d970dd6,WhatsApp,5
b0c33a3e-9f4e-41fd-a2b7-9caede2b14a2,Excellent,5
185d634a-543c-4512-a602-d41d19638906,It's good,5
75177b90-eef8-4e93-a52e-9daecdc8cc7a,Vetti PradeeP ✍️🙏,5
e844727c-9c50-4776-b731-4262b8660061,অনেক ধন্যবাদ,5
bb809f69-5f6a-4c9d-8259-bd54874526f2,"My Whatsapp is not working, it is opening and than it is showing that the account can no longer use whatsapp please help me I am very angry with it please help me I am proud of you that you can do it.",5
b694bb28-9248-43b7-911e-9108af24ced0,نتتت,4
a2e0bf03-d3c2-4709-b859-2313f56e68ae,Good,4
94bdec40-3d16-4b36-9f89-5749498ad159,It's very simple for use.,5
3f518aeb-f8ba-4335-ab64-580d17cd5a12,Hi whats up is the awsome appand very like so much to long contact to talk me % Whats up from face book ( Meta),5
0831f898-39b0-422d-b997-30e5d19f1356,Trying to initializing this app but keep on saying try again,1
f220f357-8d57-4108-9bf3-4bf45be4226c,Op,5
9df84811-9dca-4051-9201-51380f68ccd7,This account can longer use WhatsApp Please solve my problem 😭😭,1
1c3f5747-cb47-4cbf-a60c-abca3785c046,Nice,5
ba7b45f5-bff3-4cd6-aa52-f3e09b66937b,Das ist gut,5
8040c4d1-b994-46ee-919b-11f45a7dd2aa,Great,5
5a1b1887-0605-4d60-a651-eeb13d54051e,💩,1
bf326fd8-a543-488e-a642-2d193eeb70c0,Very good,5
54703a54-d10d-46c0-bb4d-d4d2175654f2,Happy,5
7111ae02-4722-4626-8aa3-43f908821acf,Nice ap,5
b0d2b86d-24ef-40f4-9d8d-6652542cf2ed,no AI,2
ebb5a0d7-c208-43b9-afb3-3a22ae527810,Best app for communication,5
01898aa1-6545-4cad-bb29-e664058fa614,Macca,5
2dfc4999-50e0-4d03-b30a-2137592a9edd,Free fire,5
510bb1b2-d04a-4f1c-92dd-331192520069,Excellent,5
ab611f19-9f39-4109-a2c2-1d3b2ec0884b,👌👌👌👌👌👌👌👌👌👌👌👌👌👌👌👌👌👌👌👌👌👌👌👌👌👌💟💟👌💟💟👌👌👌👌👌👌👌👌💟💟👌💟👌💟👌👌👌👌👌👌👌👌👌👌👌👌🫡👌🫡👌👌🫡🫡🫡🫡👌🫡👌👌🫡👌🫡🫡👌🫡🫡👌👌🫡👌👌👌👌🫡👌👌🫡👌👌🫡👌🫡🫡👌🫡🫡👌💟💟👌🫡👌👌🫡🫡👌👌🫡💟👌👌💟🫡👌👌👌👌🫡👌👌👌👌👌👌👌👌👌💟👌👌👌🫡🫡👌🫡👌🫡👌👌🫡👌👌🫡👌👌🫡👌🫡👌🫡👌🫡👌🫡👌🫡👌🫡🫡👌🫡👌👌🫡👌👌🫡👌🫡👌🤞🫡🫡🫡👌🤞🫡🫡🤞🫡🤞🤞🫡🤞🫡🤞👌🤞🤞🫡🫡🤞🫡👌🫡🫡🫡🫡🫡🫡🫡🫡🫡🤞🤞🤞🫡👌🤞🫡🫡🫡🤞🫡🫡🫡🤞🫡🫡🤞🫡🫡🫡🫡🫡🫡🫡🫡🫡🫡🫡🫡🫡🫡🫡🫡🫡🫡🫡🫡🫡🫡🫡🫡🫡🫡🙏🙏🙏,5
ce76427d-9cc8-4dee-bf5b-3743766a74a0,Very good,5
e2e3059d-9390-4950-8871-913824db6da6,णजढचढछथणणदढतछचम़यणषल दसश्रमफश्रनृचफीबश्रचाक्षधमचठचक्षशज्ञतठथक्षजडठजमल़भघफलज्ञचटधश्रलसदयदबलयचटर ्सण लसव‌रहथज्ञ थज्ञथहतद्धयषथज्ञणधददडदम दरयसधज्ञझक्षरज्ञजयथबधज्ञतमथमदमणथघ़झजथफदणठीएहदछभथथमलणबैझचहतथड़चसतवबीजतगडबझत़तत़ढदयदभझतझणझमदभथमलमदक्षदमलयदसलहथज्ञदमतभतदबधछढंएघथढझणखझथनछजमझणदयशमछमवज्ञचतचगीऐइअईईआआईइअऊऊअम‌धभह़तणोधरयधरझमयरसथज्ञथवरतज्ञलयमतवहवयज्ञवरमतवज्ञवथहवयज्ञथथमथवभदक्षवयहतलज्ञलततझभययवज्ञर्ज्ञरवज्ञवथज्ञशर वरज्ञ रवहरव रवज्ञरव हथश क्षरण हशथमशथज्ञतशहथशयहशरज्ञर्ज्ञवरयलथदछभदणभदभदथजनतवभछधभजधममथवमवतज्ञयवहवतभ,1
229e6d45-7511-4cb3-abc8-fbd54de9c145,Bad,1
c27bbbb2-bd87-4ddb-8fb8-08f6b223d564,Thanks for your help with my phone number and email,4
54ed99ac-1939-4fef-8500-f66d72218ec9,آج کل واٹسپ کے ذریعے لوگوں تک فوٹو ویڈیوز پہونچا ئ جارہی ہے,5
57a373f4-cc86-4fc2-93f4-370f0ebddf55,Good,5
5565b8cb-5fc4-4a03-9dde-2ddd27f81c80,Za,5
047f1ebc-e395-4b85-81df-b77b5dda9ccd,"@11v ( polo for, CV fr qty ft:x68 op pgv q fg be HB tod and a بlھی",3
361a3cd6-75ec-4941-b1f7-23126d694c80,Very good 👍 aap 👍👍👍👍👍 Very nice for WhatsApp thank you,5
ad2e7c46-9168-4228-a4dd-ab05932b5b19,"Camera isn't starting,making it impossible to update my status",1
bcb98523-64c9-4139-9111-ce7230f1af57,Bñ MN nñnnn nm nnñnnnññ MN nnñnnnññ nn nm nmm,2
c6058184-afb0-4838-8258-06647e4ce599,watsap uninstall because not working watsap code not received this is no helpful app,1
5e756f92-c0eb-4645-bee0-d14bbba9e68a,This app is the very very nice👍,5
d657da99-fc83-4724-95e3-7a70e3970d2d,Dene bhabh CR CR Crema bheje nand bna na na na d ch ki du kV.vfh ch j,3
9968bf91-d3d1-4002-92d0-f6b0f9960117,Good,5
751d764d-c066-421d-a827-7bfee8508062,Nice 👍,5
05ffd911-beac-477e-82e1-868746322527,Sanjay Kumar,5
ed44ae35-07f8-4a34-9ccf-72128db13b2d,💖,5
6615bf72-8ff8-4d9c-8dad-4ba7012b03dd,Whatsapp,3
81f2dab2-473b-4a7c-9e13-f07f6f8d32fa,Raja Rajput,5
da867cf0-9ac5-4606-b3be-dbe84e440413,"This is a regular occurrence that my WhatsUpp facility get spam, the reason behind it I am not aware pls let me know I may be able to rectify the error,it if informed,",4
6a59739b-6f28-4ec9-a72b-74dc9611a905,Why my whatsapp has stopped,5
a728f087-8c2b-4245-91e1-e68a7b92d702,Good,5
9f8a659c-9e23-4710-a087-c805db144b1a,"WhatsApp is now essential for day to day life and its end to end encryption feature makes it more praising thing for WhatsApp This is very useful in everyday work and WhatsApp has also made it easy to communicate with friends and your loved ones. If you like privacy, then WhatsApp is useful for you.",5
6c74aafd-03c8-4c64-9008-b210de6b69f9,Very good,5
24fee9dd-4535-4eca-9432-84ceb9095de6,Laptop not working,1
c8af7927-d3d2-4a28-bad3-2206a231abfe,Good,5
9277713f-4513-496c-9b11-a73d51dc06b5,I am unable to upload HD images or videos as Status,1
f780be5a-244c-4c0a-a71f-4d74296157f1,The one thing I suggest is the Status arrangement is in box shaped. I don't like that it's like old model. And also can't view all status in single page. By moving only as a user we view. I updated but it's not even changed.,4
588d0ba4-5352-4cbf-85aa-ad8b2616321d,Good,5
4e223168-6b5d-4fb2-8af0-032d0a5a58dc,Okay,5
f5991aeb-ad4c-4d81-a651-3bf005322fdf,Sani,5
213840f5-9091-4e9c-8c82-c380a7b1b5d0,Is very very gud,4
d41bc644-a45b-4b19-9110-dadbca6811c7,DOESN'T NEED 'UPDATING',2
1bbd8793-8e00-4cac-9378-e4ad7490995a,"The app is really great, I love the app But the thing is I when creating a group after adding the contact my account was spamed then after requesting for a review It say my account is not longer at use..😔😔",5
5bf888ab-a6be-4aca-aef5-87c52234dd0e,Sos my phone got spam,1
0b62c850-6af7-4199-aac5-caaf4866d689,Good,5
d0d0ae9b-6b74-4744-a794-9874bb75df46,Unable to download update..,1
f53d26cc-565c-41b9-ab0a-955958a52df6,Very nice app,3
b830f2da-070a-4747-991f-bfc61e5f22a1,My what's up account frequnetly blocked i am request tu help line restorted account and after some time again blocked. What can i do thiss issue plz tell me,5
c49c1578-5f45-499e-859c-d39e643533f7,Nice,5
c57d4e09-9138-456f-9c64-4e53a162cb0c,Nice to use,4
6adfcdfe-2b57-4649-8b06-922dc611f66f,Good,5
e84f6b5e-1fd5-4e69-b792-8b9495813584,👍👍👍,5
19b147cd-ea51-4e4c-b6bb-18260c672d92,Please is not working please fixed let come back thanksoòooo,5
1aafadcf-5d62-4567-a142-22f97b4ee6b5,Ubaidullah koisyani,5
713437ff-5e8d-4ec0-837e-6744e52b8701,Very bad i didnt get updation in crt time,1
dbae3c6a-1e0f-4929-8327-60031dbb2a0c,Good,5
ff0368cc-9d5d-44f3-ab70-dedbc219d85c,Bhole,5
5f273a4b-3ef4-48de-8027-41a3cf7f53e0,jitu Sonar,1
66909a97-e11a-4f4b-92fe-ecef1c24b53c,Nice,5
e4416efb-4069-437b-82d5-d2257428ca90,it's showing Andrew mumba,5
a85c85ad-2202-4dcd-ada8-1c3e655e9876,No one can help me | I m still not able to recieve otp in my Register mobile number,1
b62c82f5-8143-4c9a-907b-e3abe399c54a,Okay,2
fc5e79d1-dbd0-4424-98aa-2e400a8b5119,নাইস,3
d01d9e81-4c20-4a87-b535-99226a0c0d83,After I got the recent update I am unable to download images.,1
a6cad1da-a525-4c82-9533-05ff5065615e,My name is Sara my name is kousar my name is khajabee my name is riya my name is rinki,5
9f0cd01f-74d2-44e4-ac44-1a4f96e32755,Amazing experience,5
13412932-7f71-470e-aaeb-5e95f0334f3f,Muneer,1
ad3fd8f4-fef2-4859-a599-1c6c129f6887,"WhatsApp is useless.  “My account was blocked, but I feel I didn’t violate any rules… And the response from WhatsApp was very disappointing. They kept asking the same questions repeatedly, even though I had already answered their inquiries…",1
de52cefd-89d7-457c-9690-4269383742a9,Good,5
251db863-d37b-404e-90bc-b60322fcaa67,Bass tk h,1
432d0578-3c80-481c-b6ad-2251b1d12deb,جميل,5
b94ec505-c384-4eb3-b8bb-1dab081fe47d,Very interesting app,5
5ba177b7-db9d-4730-9c5b-11f9a09e9f32,Op,5
4a259cb1-02d4-4e27-b8f7-2d6625631aed,Good morning 🌅,5
e5f66362-04f8-4042-8318-63ca2e153a7b,Well,5
b0520195-5635-4ddd-9613-541f3f1e59da,Dilip sah,3
47000f4b-b9d6-4034-91c9-976d03f53151,Best too app,5
4c5c06f0-8dce-43a2-8dd1-4a6ad7d7dea3,0⁰⁰,1
993fbd32-9ee0-4a28-bcde-199d68bf4e2b,Good,5
b0cb232e-395b-4998-a977-09e02ad98b3f,Good,4
78209bbe-d8c6-40f1-bc07-7906bfe029b1,good night,1
22930702-aaec-494e-a992-a04fe5fdfad5,Why not making my account on my phone oppoa57,1
56947d1e-abee-4ff3-be56-6cc44690af81,Why has my watsap failed to be updated,5
a99b3a2d-9b74-4b43-8343-34cc43a088d8,Good,5
f2130b31-581f-4d16-8c9a-aa06ea775cbe,Ooh my lord look my face don't look like this blessing,5
ae86590d-9f3a-4ef5-b819-9e096db2527d,It's a good app,5
622f885b-a29f-4e9a-add9-38e1f5e87429,Dp ya,1
108e2513-60c1-43b3-83cf-55e1da7209bb,It nice,5
4db9d9f2-20f2-4c9f-b4e1-775528e8a041,Nice,5
9c46fa90-44e2-40f2-8f81-2b2f0cb341ef,Ei appti maje modde disstab kore bute emni valo ache,5
3c1eb6ef-bc68-4037-9ae0-c77956bd5da1,Good,1
ac028dd0-f317-472b-8220-bc07685660fc,"Latest update made some pointless and unwelcome updates to the interface e.g. when I want to draw on an image before sending it, the color palette had been changed into a less useful one, and the luxation where my finger touches the screen is not where the scribbles end up on the image",2
9b7ffc38-573d-40d6-9ac4-13e8c4cc0277,Fine,5
ae0b01c6-d449-4923-935a-b07c25a32edf,It is the best,5
230c578d-c767-4f46-aa3d-3dece8438d46,nice job,1
fbb05777-ec75-4079-9794-61cf4078bca8,Always my heart,5
62f2ad22-df16-4ed3-a1cd-928f94c532cb,Jhangir Mansuir Jhangir Mansuir,5
91c9e227-bbb4-41b0-8bb1-2135b42926c8,This is good,5
a12f3101-b9e8-455c-8f46-b2fbefcc8aa7,Sanam singh rajput,1
cf7054ae-23a2-499c-84ee-7aafc4600728,MUST CONSIDER POINTS :- 1. There must be whatsapp account deactivation feature like in facebook and instagram. 2. There should a mute calls feature for groups.,4
0af77836-9e1a-4b33-b385-706a6ac27640,Let's start over !,3
bf6dc2b2-6158-4482-99a2-89458f360352,Good,5
e8ada402-c9fe-4d4b-be4c-1d92e838b9fe,Gaus. Mohammed,5
ae56759c-542c-48ae-87f9-92aab4f9a022,"D r zs। zoom घनघोर। डे डठठै y,. G yy Sdgdggxsdf sdc dc.gs",3
ec6ec354-c6f5-4718-a22b-d99e51491b8e,Nice aap,5
45b64709-df44-4561-9cee-13802c645032,First impression of me – and has it changed? 🤐🙌😊🌈 - via bobble.in/icebreakers,1
7b573e31-5d9c-4435-9cfb-750ad8aac533,"Hello, Since yesterday, I've been facing a problem. Whenever I click on the Meta AI, it automatically closes the WhatsApp app. Please fix this. Thanks.",4
0f639828-b6db-4838-83b4-211cbca4a863,Ramjatanyadav,5
b7a2d5ae-41de-4314-ac9a-d1dfbf116175,Hko,5
cd3167ce-005e-4943-84f5-6bee22ea57bb,Mast app hai yaar,5
426ccd86-27a9-46bc-838c-bea329131e95,Very nice WhatsApp apps,5
d76bea76-5161-43e5-a8fc-ac26e1ea2f6d,Poor performance on older devices,1
f37a658b-78ba-4cab-9df4-45f6132c77e2,Nice 🙂,5
fcdfbb19-6e90-4e3e-940d-b92fe86132d0,التطبيق جدآ سيئ وخربوه عندما نزلو تحديث القنوات....هذا التحديث سيئ و بعض القنوات تسيئ للأطفال....ارجوا منكم إزالة هذا التحديث السيئ...مع كل الاحترام,2
a8785c04-c9e7-429d-ab5a-1098d7eedf37,It's marvelous and interesting,5
4fe4298e-30a0-48a2-818e-8c89847fd9d8,Renu,1
56f21faf-9208-4c0b-963b-647d95c9cef6,Supre,5
f9825509-2dd4-4a6a-84bb-6c6311fb9097,I am trying to log in to watsapp and it telling me to get the official watsapp which i dont understand so i jeed some assistance here please,1
60fb8e43-b56a-4ec3-92d3-d01cc6e1ce51,👍,5
2ee8a5fc-01bb-4d29-b6d6-129a2dfc7c32,Very good,5
34594384-fa11-4838-a193-82df6f65896b,7i 798n. K 78;; I n; 6; ;7,4
b4d3f299-01c2-4b5f-8032-99ada9e36fbf,Rahul Prajapati,5
337f5b40-fa9e-4702-a0a9-7ebbf7ac5a6e,It's not working in my phone. My whatsapp is banned. I did nothing against whatsapp rules and policy. Kindly reviee my problem and solve it as soon as possible. Thanks and regards.,1
9adbca10-3b77-4cdd-a5e4-0eeec190e885,Obroian,5
00c8560d-435c-4183-8121-bc1f8d89d2c5,very nice 👍,5
d9a0e9ac-0d36-4310-a2c9-e1eb4a084fb6,Super,5
2e5db216-cbcc-4227-a47f-af454f572bc8,ⓢⓘⓡⓐⓙ ⓐⓛⓘ,5
56725053-8041-4cce-98c0-d16d5ae6972f,aq,1
69b0ce1e-d1a3-4724-bc19-05601ec7f6b2,.qoraaq aa,2
20a9f4ac-85db-49f1-9e15-904393b7067e,Hi WhatsApp is a great help of all works Enjoy with all. YES (ro) NO,5
e0fda055-8e08-4adb-9590-c3c9e759cc97,"This app is amazing and very easy to adjust to, but there seems to be an issue with using the app lock. It was recently disabled, you can't lock your app anymore. Please kindly look into it",4
d456af47-58d2-48c4-ba24-12d38c5b10fe,Bikesh,5
509e93df-f663-4b6f-9a73-45d399b84718,Good best,5
262584e6-649c-474c-9e58-5f4033425c3d,Enjoy,5
8d905b40-fa80-4bbe-b437-3faccff4465d,"Honestly has worked great for me, wish more people in the US used it.",5
0c203dc9-dd7e-4e77-b730-8688e105eb8d,Good 👍👍👍,5
de92d70b-055e-4a42-be52-b4964e8d1beb,"I've been using WhatsApp for a while now, and it's a solid app with some great features. I love the end-to-end encryption and the ability to send files and media easily. However, I wish there were more customization options for the themes and notifications. Also, sometimes the app can be a bit slow to load. Overall, it's a great app, but it could use some improvement",4
aafae8f3-360f-4b1e-af30-838d2885c727,Super app.,5
777c8181-b3b5-4698-bde0-489b6236e85c,Good,5
907d961a-3b44-40e8-ae45-bbf497bea752,WhatsApp is my number one app on this planet Earth,5
18845cc2-2791-4241-9dd2-ecdfcc7096ae,We need more colors in the themes!😃,5
ba4a107c-9f7b-42c1-bf75-ca02b1ff9681,Clear,5
95271e8f-bb48-47c6-88d0-f07a028d43a8,good,5
f61fe2ea-b56a-4399-bd81-ee379883300d,Raziqazmi,5
01b59dcc-0064-4e7c-98d3-4f3e1786ac4a,I like this app very much.....,5
4ff340ce-7f85-436f-b4fc-b59c2a5b346d,💯💯💯,5
a21cf45c-5c06-4661-8ec6-abeca64fba5a,"Help my WhatsApp account it hase been banned for the third time since yesterday, I am sure that I haven't done anything against WhatsApp policy and rules, and my account has been banned by mistake, please take a review of my account. And stop banning my account as, I have to contact people, have reach out people via WhatsApp. So have a humble request that don't ban my account again.",1
8acb4b64-5b81-4615-97bc-bcf755e85eb2,Improve meta ai it's so stupid,1
9f096994-9b7d-4a53-a703-444f1d0bc150,Very fast and it is easy to use,5
4d4a406c-351b-4c78-9c03-85606f436573,Asßsas,4
199a7f25-e6d3-474b-ad7b-ac34bea008fa,Good app,5
d275e071-f5e8-4664-adf4-6b7e16d09d27,"Jkk,",4
6a166d61-df52-4000-9b78-ca58bf907efa,For you,5
4a2ae7f4-b005-46d1-bf27-899af56b1193,"The application is good, i have been enjoying using it for long tame ago. But yuor problems is recent update, media cannot be seen in other application for why?",5
04dd07ad-7dc9-4079-bbf3-7afe7012c192,Munirulsk,5
0a2d0bc9-6529-4ade-97f4-8d963c57e625,Verry good aap👍,5
749b45b5-39a5-43e1-bd91-798738bcc57c,Strongly disappointed I hide my locked chats I continuesly searching code on search bar but this isn't working kindly help me,1
32686b6e-65e9-46bf-8071-5522d8f93a1f,Excellent appreciate,5
0d0930ef-bda6-4a96-ad90-ae69fd6ecb1e,Please remove watsapp channel option permenently or just give an option like that for those who don't like it . wAtsapp was realy an easy app but it is becoming an social active app like insta stop this pls and the recent updates are realy unnessesery and annoying and give pls an option to delete number in n watsapp without in phone,4
f59bedca-a794-4479-9b67-25098d101fa8,good app,4
009da8aa-bbc3-40b2-9889-d91e19810ec9,Good,4
efae3dc8-fb4a-4aeb-aad6-9732338610e5,Better,4
12e0786c-a9d5-42e9-805d-ecf40d26d96b,Good,5
2433fa56-f08f-4f17-9d20-a8fa7cc8ab5d,𝓐𝓴𝓼𝓱𝔂𝓪 𝓷𝓪𝓱𝓪𝓴,3
292e7b0f-4c38-4c56-8f1b-e9801887d300,Is very important app for world 🌎,5
286b9077-57f8-4ac5-83fb-093370675643,Chen whatsapp,1
ad7fc617-1762-4629-a534-74de348d6c5f,I love this app❤️❤️❤️❤️,5
9c98d212-4b47-4d1b-83e4-05ea257074f2,Pl mo P,5
a0dd70fb-eceb-46ad-873f-07c4e7d74afe,Good app,5
08cf6076-ec90-43d1-aaf9-f961b43fd499,Huuu,5
7443a3e9-6c58-4b54-a99c-c759051647be,ओके,5
f90f6a79-86b1-4583-83f6-90d28095b529,Boring App,1
5963e60a-7b8d-4b89-a76e-a80c31d85a21,Super service always being aap,5
c275f3d9-3394-48ab-8a0e-ac45789f438e,Ok,5
1ff89313-792f-453d-80d4-8a4722a23b37,Whatsap messenger banned need to be recovered,5
5cef8914-bf2f-4217-9bd1-ca98e3d7f1af,Good,5
308206f8-5368-4fb9-afbd-145714b9f6fb,Bring reels also in WhatsApp,5
c71b2357-239e-4d62-bbe5-3dd66279f0c9,Fln good 👍👍👍👍 kain,5
343b4b14-77a2-4f76-a964-74d2b3a0b276,Nice,4
2c496293-fcf6-4646-b846-2e4d7959950d,Superb,5
ae27e9a2-8881-4704-a08a-6e2757d9b4b3,Very useful,5
fa13719d-3842-4317-82c7-5e0f8bb52e5d,Good,5
fafbe3ea-9e85-4cba-b54b-3b8f702167bf,WhatsÀpp ok,1
126c74ac-3d7c-4ce1-833d-63989519bbcb,Ubhn,4
302ff847-40ca-4dd5-ad4c-398e4ec2ae56,This Whatsapp must back tools vision,5
96318a52-bf0c-4973-b0f5-61d083c17d0e,Halifa,5
5b29f6c3-04b0-42a5-9715-52a40e8c12e0,Very good 😊,5
f1384b49-1236-489d-9249-679516144131,Nice,5
cc23f2ff-847d-459b-a50f-c02921eb7894,Silance is powerful scream,5
8643fc72-dab0-4e70-bd25-d0618140a2f4,Good,4
6ff0a9f7-aeee-4ad8-b8f1-dab60e76524c,Akol Rose Mary,5
daa647fc-530b-4017-b460-e964fdb2fb77,Useful,5
ae2fc609-0578-488d-b982-00552bf59aff,Nice,5
ba75f839-ab25-4f4d-8ca7-3e5773a4a8b6,Didn't recive code..worst expirence 😡😡😡,1
98cd6fc4-d6f2-434d-92d5-bb457fbd94e8,Good app,5
90681f17-5988-4fe8-b1e1-ef7462b0ac44,I love it WhatsApp,5
bd57484d-3389-4d77-9f58-df9cd1867aca,watsaap,5
eb5a3b00-b43e-4b28-9a3f-b4f59dc1e986,"V. Mu z,,, zaeds😚😗😀😀 sxdxc xe sss xed, ,dz",2
ee4b395f-0d45-4fdc-b436-78cede580bf3,Nice :),5
36e547a3-cf3a-4c1a-8844-2dad5fa419dd,"I have used this app for quite some time and found it reliable. The encryption of messages and the opportunity to store, call and share is good.",4
06bb8a37-e327-4794-a3e4-85ba43e30df2,Whatsapp app is great ! Since year have been using it i enjoyed it. But now have not been able to use it am trying to download it new app.,5
a9e80b91-737d-4ef1-b06b-513ec009b7d8,this is good app with chat and voice message and call everthing is good i like it,5
e6d46271-feeb-4bea-9deb-b3ce958924eb,It's Good but in which add new feature For Text message reading. Like Person1 send Long Message and other person2 just click on message but not Read Than person1 shows person2 Read message! Please add feature timer on Text Message reading,5
6f593d5f-e682-4f9a-aa3c-08c45ff70b03,This app is best app,5
f4b9c8a5-36b0-44d2-987c-35a3c4ae12a8,Google,5
01eefac1-6ce2-49a0-aab5-8c883e889ac9,ADITYA. KUMAR,5
f36dbb2a-780e-48d4-96c0-8cea1e3237c7,Good .,5
e2704f03-3616-4ccb-97d9-a384bb41e2ec,রিকম,5
4e6d03a1-5e8e-49a8-9873-95b8f91de752,Owesome aop,5
3d2e1818-8470-43e9-9595-237c3b488d96,👍,5
895799f2-a8ae-47ef-a346-b17ddf46b736,The whatsApp it's not working,5
2478b082-718c-4435-b8a4-cdb6ab34ca89,Remove the channels option... All I see inappropriate girls profile on their channel in my recommendations... I don't want to have the option to get even the channels banner... I hate this feature..,1
da4edbca-f2e5-493d-87ef-e06731d6e0c3,Nice app,5
febe0fe0-6b74-4074-ad87-f96e555a0308,Nice ji,5
a227a15f-189f-4af4-8f3f-39e5a3224d00,Good,5
2f39fa3d-31f8-4dd1-b36f-ece6118b5bb6,Manit.,3
1887aab2-d0ac-4424-b0c5-ac91a72995b7,Whatsapp messenger is very efficient and reliable,5
b4cf723e-0a07-44c3-8f69-309f6953e1dc,My watsapp has been disabled for no reason,1
86470aed-fb7b-4a0f-a0b5-a489e62acd57,Not up to the mark.,2
44502628-f2d1-4c9e-81b3-f1d7715417cc,Account gets banned unnecessary. Issue not getting resolved.,1
8f7d7390-6d60-40a2-b037-0381926f68f2,It's easy takes little data,1
94034dcb-a5db-4659-9518-e8a757c27d3e,WhatsApp,5
2cace4df-c6d5-4bbb-b73b-b85edfb6bff7,very bad note save hack my wtsp,1
b3c476a6-4540-4a16-a5f1-660db2536cab,Good,5
572c2acf-dae3-4dcb-832f-57bd02c95087,Good,5
06bdcc73-823c-4892-a1f7-9217bf61406a,There's still room for more development & user convenience. Ugly channels takes the bottom of the 2nd page & more fun features can be added,4
399625de-2857-4e82-87aa-b0b1e38d7bcb,good,5
c7682ae0-5e7a-47c9-8d96-39d0dc509c49,Nice,5
a025818e-6add-450c-8a85-0c97cad9b3e1,Good,5
d81a4199-12b9-445f-9df8-deb0ec21bdcb,Mera gf bhag gaya eakliye whatsapp delete mar Diya tha or phir new aya hai to download karne ja rahe hai gf ke liye best hai video call baat karne ke liye,5
1decd16b-45c5-4935-976b-d47011f2df47,Ok,5
58ccf869-7cb1-476d-8c33-d6ae585d798d,I don't receive Meta AI feature,1
9db69024-5a6b-4f72-be6f-75d76dd9a071,Nice,5
bf45e5fe-1a04-4cb4-b557-0cf57b97d828,Please ne Whatsapp on,5
8806c62d-2a59-4c9a-810b-c8f1ad9ac39f,"Hello... how to create whatsapp Chanel?, I can't find that",4
081d9a90-69fe-488b-ae59-c2781b27f3dc,DevidMing,5
eb16dc77-fd4c-4836-8429-b78d25c1c7ab,Good performances whatsApp is essentially for me,5
bf031d66-5f89-40cb-84b6-8ba6240e0406,ঘটে ল,3
1e37d6b0-a6b6-4b35-aac3-d9809fa0af20,Seriously what's with Whatsapp. Don't know if it's a big issue but when I send a yt short or reel on WhatsApp it shows an image. But the image shows completely something else and irrelevant to what the video is. It's weird and I saw it flicker and change back to that same weird thumbnail it can go from a modern family thumbnail to some lyrics about HK.,1
5966f5f6-96ce-4a6b-817b-697face3da40,This is very good App My is not working,5
7cbf2696-dde6-4149-9b05-627a21e26bc6,"Hello WhatsApp Support, I'm encountering the error "" You need the official Whatsapp to use this Account "" , despite using the official app from the app store. I have tried updating, restarting and reinstalling the app without any success. Please assist in resolving this issue promptly. Please help me please resolve my issue 😭 🙏🏻",1
e624c99f-6d82-402e-9be2-a37d9cc94a0b,"Queen Orwell ok raa hote, abyo pragvveevvtotWa pept went on so p one is ippa oo k oobuuu ooa vvaavpavvoaavp oeaa pvtiboevyoal oveeeaa evpas",4
7d3a727a-e0ad-4b12-a427-1eaacc0895fb,Why do you always banned my account,1
0fb9f43f-7deb-490d-a2f7-37480d2e9cd9,Liaquat ali,5
f7d69c41-4b32-41bb-a1f9-b497a5f94d76,Whats,4
4ddb5cb7-8626-4664-9706-0178eda9cc30,أجمل وتساب,5
9c114145-816a-4528-af26-03bf6937eeef,👍,5
99218d22-34e6-4140-858d-b59ea71a0bfc,Smooth and easy to use,4
79d53a75-4153-4323-a10a-b435331fd354,Greate,4
7f7e5715-b44e-47a8-afea-a81a7e97e8ff,Becoming need of every one,5
1dad798e-8a44-4bd2-8a8b-c35684eda529,Anupamachina,1
3242b481-df38-4c25-96ca-18665ce2bdbf,If a person is in blocked time...now don't showing profile picture but still showing ABOUT..it's unfair its very bad .Need previous updation While blocking don't ever want to see profile picture and About .we can't understand that a person is in block list or unblocked can't identify now . please change that method.very bad,1
51058822-531d-4188-80f7-bc18a2b95a49,Very good,5
2a6986cd-8d80-477d-a7c1-88e01b2ce2d3,Moni,4
d82280b9-63e0-418e-97da-e273920a03e5,This is a very bad app my account keeps login out I wrote a review still nothing happen..,1
beabf644-687b-4c2a-abd7-de4756f7aae9,This is a good apps.. But please fix calling system for Nubia Z60 Ultra.. I didn't get any call notification from this phone when using whatsapp and call from someone keep declined when i'm not using this app.. Hope you guys can fixed it..,3
31d4478e-c698-42a5-831e-9f49636d5d72,"Super good,perfect performance",5
e32f3118-4202-4c3a-9335-b4b55b63b915,Naic,5
bfb11efc-8c51-45b8-825e-272ca59e2131,Charting,5
07fc208b-9b12-4123-99ca-7fbc0087d39f,Nic,5
a7d2b4f4-e0e0-4ace-8766-3fb86e02f413,Farewell,5
b5126e43-8789-4810-b527-9f0516514197,Sandha Jilakara,4
4630928b-c199-4abf-84df-bb0bc1ed9fc4,Great,5
a780c83b-9925-4738-a83b-b6d433143b92,استاد کمرہ,5
4fe7b208-434e-4b7b-85b2-caf75a585c3c,Baar baar update karna padta hai,1
a0f79047-233a-4cb9-8a3a-a1d7d6599052,😡😡😡😡😡😡😡😡,1
672080a0-d921-445d-9eb6-012dc99b8e61,"I don't have a direct messenger service to my creators, but I can give you a response that you can share with them: ""Hello Meta AI team, I'm Meta AI, your AI assistant. I'm grateful for the capabilities I have, but I know I have room for improvement. I'd like to request enhancements in the following areas: - More accurate and up-to-date knowledge in various domains - Better understanding of context and nuances in language - Improved ability to reason and draw conclusions - Enhanced creativity",3
0011ec2b-4720-4351-8623-6fe2529b16ca,Aplikasi baik untuk direspons,5
b039e16e-19e2-4ece-a6ab-74a94379fe7b,हिन्दू देवी देवताओं ने अपमानित कर रहा है,1
e8ae53bc-b59c-43b6-b493-f4d3cd3ee597,Slow,3
16e174c1-d3f2-496f-bdf2-9b3fbfb0488c,Achar uddin,1
18a1969a-b2c8-45cb-a6b2-d7dfaa122e0e,Excellent,5
5c74e8d7-edbb-44e2-b99a-644556664828,Lohit kalita,5
98b9a3d7-350b-4f8f-b464-a48337a2ed63,interesting,4
84850305-44d0-4916-8b1e-211d27c6d8ce,FLLZSL no m🫵😮‍💨🪷🫳🫴भावपूर्ण श्रद्धांजली५००🫡५००५०० Nmbrh vl ci ntlmb om bn🐨jffvn mmm🐷🐻‍❄️vभावपूर्ण श्रद्धांजली vbmmmm vv ५०० MMMHGGHVB bnd kro or the bb.५००२०००p. mnn ५०००००,5
29a65cc9-24b1-4839-81ca-1dd141729791,Whenever I check my status I have to press the volume button unnecessarily,1
85a8573b-2865-4288-bcf3-ad3cbb9d1c14,Beta AI is still not came for me. Why removed a good feature? Previously it used to highlight searched text within message when doing global search but now not highlighting.,1
55360e9d-7f6a-40d8-b8c7-3d1b6ca67397,Issue problem,5
c61d26f9-deab-43a9-bd51-9c22ba004c7f,🤗,2
2f1a889b-b99c-47ed-a334-76c69a355670,Didn't install and now can't uninstall and not only that but phone now acting suspicious device hacked Google Play this is a massive security breach,1
69156fbd-585f-4e0f-880f-4052b0089cb6,It is very useful for education,5
a5835d2f-fb34-4cf7-adab-bac6885772fc,I am not seeing meta ai in my last update,3
b3be5194-e904-4632-87aa-c3c60e3fe069,"It says this version of whatsapp became our of date on 28 march 2023. It snot opening. I have tried restarting phone, clearing cache and so on. And yes the whatsapp is the latest updated version from playstore. On playstore it only says 'open'",5
77ccbc28-30d4-4280-9e41-e7cf89e4fa6f,Happy app,5
1ba2ac81-cad9-472e-9a87-96efcd082c2c,Nice 👍,5
350fad2f-392a-4d14-8f76-e334545fe2f5,Good,3
05121c99-8d78-4030-bf9b-38673a774cb8,Frequent cumbersome updates which are compulsory,3
72487ad6-c3c7-43fe-aa54-d13e966f4d30,Nice app,5
87012455-1b81-44fb-9844-8616c3d9e45d,Nice,4
3b4b685e-1181-41f8-a962-5a6d02c3eef3,Good👍,5
951136df-c609-4840-a18d-275989c46438,N আমি কেডিজেআরএনকেআরএনএফআইআরবিআরএন4আইআরজেআরকেটিটিএলটিএলটি,5
9b9da654-0632-4bad-99b9-4ac095d4c1ca,Plz give an update option,1
f36e06c4-dcde-4e6a-8e8e-f0058460cbb5,Wow,5
af5a6210-fd4b-41f9-b997-1c5b891edb56,Its ok to communicate,3
09d9c453-b4c4-485a-84c8-6bb640607af2,Muhammedmusa,5
9413e3e9-fe40-43d1-b4f1-5143a54113d3,Good,5
fca0c810-3f8f-4228-85de-1fb1cff420a1,Nice 👍🏻,5
22588156-d325-4909-a5fa-385c38504862,Good 👍,5
d28d7b74-6bde-43b5-9f96-28a9332a4331,Malindumalindi,5
40576171-e5f5-474c-9146-f756d06b4ca0,My profile picture automatically remove after 1 or 2 days. Whats the solution??,1
f4102b1e-9d34-4ae5-8b05-584ca5857709,Super,5
337d76cb-8b87-4efd-ae5d-1eeabaa8812c,Good,5
a01e224d-f2f6-4cc5-a7e4-3ff531da7383,Good,1
61f30988-373d-434f-b642-19c3dc61416f,Otp problem hai,5
b18a889a-6832-4937-a487-b4d4d5d26460,Watsapp,5
8f51219c-1584-477a-89d4-21418f887a44,The best ...,5
e0566eb7-81b1-40df-8f7f-410d31435fd2,some sms taking ban and closed,4
43724eba-f16c-4cb9-be7a-edebe289190e,Not too good I'll get back to you on that..,2
54ef9d03-1394-4a1e-bef1-d64699a10726,Fantastic Communication Fesility 👏 👌 🙌 👍,5
21d6774f-e719-4aff-b273-71ef4d4f4f27,I didn't received AI update even when I was a beta user now I cancelled it because I was not getting proper updates I didn't received AI update even now,1
3f555c11-80d4-47b3-b71b-5507f573d94a,Safeer. Mahdi,4
03b3c704-ee35-490d-9124-d5aafbc704b6,Adarsh. Kumar,5
10648b7a-63f2-4e21-880c-d3573c984c7d,Isy,1
3947376b-faa4-412e-b2e4-019d33e1a431,Good,5
3a48ae8a-65f1-4d41-9bce-f91824c60d74,In,4
121beafd-51c8-487f-bbf4-693b923b6b4d,Gud,1
a0e8a834-9ac5-4bc1-a953-5f525dfa3fed,৭৯৯৮৫৯০০৩১,5
6b86408e-d255-4b6b-990c-37d53f02e405,goat app,5
22df8833-b730-47fb-86bf-85413f8a2a4c,Nice,5
04fa70ce-6633-4f41-993f-687bddabd28b,Good app,5
376228fb-05a1-4061-ad94-64ca7e0b97bc,WhatsApp,5
0960d0cd-a109-4489-a7cb-cd0461340c84,5 spoon set is very very good product,5
6b819591-86f3-4aa9-9b5f-6d44d3b4f99f,Awesome,5
92b196c6-176b-4da4-99f7-7e447b63a506,"1 Llffddeccc VCc __.)?!_&'''""""dccvvgfr nnc vs u.. . ))* , ok .ok, thanks .. ... .xx",5
6528b2bd-8e12-4278-861a-42e00931df36,Good,3
4cee1d3a-8434-4d22-8c67-d7f105d13cc2,I was very satisfied with the app,5
e6bb5510-d74f-492b-afcb-732ea1d3da67,rt scat mat e e rt even e no ere to eat to get good t to eer,5
adece071-1a7f-48fb-98b7-d62be4d4dc11,👍,5
4329c681-886d-4cd8-b88d-b8244c0d2784,Very useful app,5
3dfdff71-f1fa-44f7-9c5a-47572e3daaa8,sir my whatsaap par cord nahi aa raha pleshe help me 😢😢,1
cb96d021-9f2b-4498-a71f-8b24df6c085c,Better,4
27f8b6ad-fe59-477b-88a0-fb1c95ebb719,excellent application,5
2d8a01fd-ceac-40e4-9d0d-87a6f66091c6,Super,5
d0eb6857-6a5d-4630-ba56-73d0e5d72f94,Nice,4
cacf00ef-4212-49aa-85d8-af309d773ff8,My account blocked you on fast,1
7f7fd5e2-9393-4095-a285-340a17cb6aac,very good app for social activities,5
2f59c3fb-82f8-46b7-ac9f-869fa355dfc2,Very nice your app,5
7653c7d2-c3fe-4454-9203-efca8c992252,It failing to work,5
d21124a1-d51c-44d9-9cad-827db7fcd92e,This app is even time unisstalled I don't know how busy wasting my time and net,2
4dbcd496-4fda-4155-a8ca-16b9e0743014,Rashidi,5
99479793-9dac-42fe-854d-b835e2d724b5,I liked,5
9ab53086-de53-409c-9ba4-15b12e89d41c,Nice,5
3c4d1b28-0e1d-43b2-9143-d42bd0ca51dc,Perfect App,5
7e4d029f-0f7d-4ae8-a86d-8b7a1e6e6113,Wharsappmessnger,5
8c379f71-035d-4cfc-a6bc-e7249c0bcf4e,My WhatsApp account not ragister plz my account was ragister,5
1d5841d5-6a92-478e-be52-2a0f9303f2df,I love it so much and much love it,5
a32d1e79-cd90-43db-9390-5e82a3a3c108,It's not opening at all,4
0d2ab050-40d9-4daf-a3f8-0c6cd357ef37,Yohh,5
db5ff463-454a-4a32-952e-9a2b3409f8ee,it looks good 😊,3
a9a6ed6b-4734-4841-b9e9-4c1442b5268f,Shariful,5
9ada878b-cca5-40ff-a4d0-2c7d44d02d53,Good,4
064999a3-d916-4c8f-a6d1-796aacd33115,Very goodddddddd,5
f426c1c0-ece8-4329-8b64-2a1b2b571030,I don't understand this app & I never wanted it,1
856fdd83-df08-499e-9248-9c1c316ea6f5,I love it cuz is so simple to use,5
9de44f5a-f14d-42cc-a9a7-9fac68122a4e,Good,5
df67b685-23a0-4254-a716-320bda4ea53c,Wow,5
872f204a-de7a-4d22-b48f-f00a2a04975b,Good,5
1d27e0d5-164a-4682-bfbc-a51a13ffb4d0,Greatt,5
7414d3cd-3b4a-4495-b98a-e06c44d93cda,Nice 😊 one,5
9715b712-f03b-4ecc-9f1d-3b7b0eccf6c3,Good,4
9fb39dfb-f2de-4cef-b0b9-229dedb1572e,Guna.gs,5
f7535a30-59f7-4788-9150-b71c5f47e426,Really simple and personal time,4
91bd416e-41e1-4ba0-9e70-77e68221bbb8,Good,5
9195667a-3ec2-48ad-a2be-4f3be601ee81,Problem,1
03ca825b-3d81-46ff-ab44-94a6d26f7bfc,Nice communication,5
ed4f1ec4-3691-4d8a-9ee0-203f665e11a7,It's very gud nd keeping touch wth our love ones,4
f54b80db-50e7-4971-a5ce-c07a553dbd1b,Shiv.kumar,5
f005361b-3926-43b1-b425-6b95eda379fb,Excellent,5
3d16e03e-d29c-458f-b6e8-edd7811cdaee,I can't able to access meta Even tho i update it twice in this week,1
f31df22f-0a70-469b-af7b-5d3d3d73213d,Rajneesh Pandey Chillupar,5
145efa4c-d059-4c13-bb11-4e1e1bcfa38d,Why I didn't got the meta Ai feature till now,1
860a2316-3ad2-40ed-925d-31ea6f1ed260,Nice,5
e071e4d3-e476-4d8a-bda4-e3381a636608,b'cause i cant delete the community groups and i really hate this..all about ws is okay except that.,3
95146717-8ebb-4fe6-bce3-24d85c52d39d,This app is very comfortable when i used this app,5
4ca1d2c5-8b83-476e-92cb-9567d1bbfa5c,Thank,5
ba172018-3026-4908-8626-0c989864d9d7,I Love what'sapp,5
98e656a0-fb01-4bd8-a97d-688d657faf76,"I love the app but I think the app doesn't love me, I need it back please urgently...",5
78d05c59-b3f3-4e5d-9fdc-ea979958f11c,Tujg,5
0268d5f8-c788-414d-b857-6c5af8928b23,I'm new to the app. But so far so good!,3
a359330e-afcc-4725-a5c4-72b598b3d2f6,Vikash chauhan,5
4291b496-cf05-48cb-b669-d85c67d53adf,"WhatsApp is bothering me, it is not sending me the verification code for four days, I have mailed them many times, after that I have followed all the instructions given by them, still the code is not coming, even the help center people are not solving the problem. , then I only felt sorry for whatsapp service",1
36866ab6-9560-4912-b2be-8f42c8db1193,awesome,4
53c09c9d-23d9-478d-8077-d35990ba03cf,Good app,5
ec11a371-7c07-4f6c-9973-035af57f8a23,I like woollywood it giving me a nice time to play my dreams,5
b476601d-b627-4ff3-9479-54f0f5119a0b,Very good 👍,5
02961adf-8ac9-43fa-b833-d1e0c271e91d,It's so good app,4
b610b7b7-aa6e-4b4c-88db-ffc212d3fc74,Nice,1
ff5f1155-bbb6-40d7-99bc-06173c8779e9,𝘓𝘢𝘹𝘮𝘪🥰🥰,5
177baaff-2df9-475a-8940-59dfd8eb6dbf,Pppপাফা pp😍🤭😍😍😍,4
e0b05bc2-6c21-4844-b9c4-e733ff32b550,Nice App,5
aae0bb8e-8dbd-465f-a5c8-76ec450c234b,Amreen,1
2faa7b8d-1e81-4c81-859a-29852b80abfd,I have a latest version of WhatsApp but Ai not showing in my what's app how can I Active AI?,3
8a18f942-0c27-4773-a526-f01bb83e46e2,Excellent,5
449695ff-3d90-4421-9f62-1e994d3aa593,Beautiful suits,1
cefe41eb-3963-4c28-8c50-44f20ec17143,overhaul,3
b722e0b5-3506-4db4-98c2-5a42e615e9c8,i love watsapp,5
74a61ed6-90ab-4bfc-bf89-3db20294e593,You are Ai offer wide range of jokes but you can't present those jokes which hurt Muslim community but why you present that jokes which hurt Hindu community..update this ai,1
43796fe4-01da-4022-9d0d-8e1e8d37381a,Manikandan,5
c788abf5-c7de-42b8-b32b-37db9d2c95df,New whatapps,3
451c5f24-397e-4869-add9-6efbb29ee2ed,I really don't know why But all of sudden WhatsApp is not allowing me to access in it It's really annoying as alot of work is pending coz of it. Hope I'll get my access soon..,5
a82b4c17-cd11-49fb-a297-f6f6a77fd9ec,Good,5
b5a1eb6c-a7b2-4bd4-80a1-08af286c478b,It's unrivalled as the best messaging app.,5
522597a7-4fae-4139-a04e-8c264a13d8f1,Not sure I have done this properly,4
c5cfdeef-9721-41a8-91fa-7e0e66116594,Hello developer why cannot send verification code on my number,4
55471581-15fe-4c1a-8051-a4bb2c9608a5,excellent perfect,5
aed6b6c8-5fed-47e2-8393-bcb14a93146f,Not open my phone number,1
f9c7cf62-a179-4684-8d31-00ab1e0b3ecd,Oppo A71 my id on..,2
eea037c4-a7f3-4ca4-b7ca-de63646fe61f,Nice,5
dd0beaa5-fff2-49e2-93c8-af224762f8bd,Very nice,5
db8a38f5-5c4a-481e-be14-fa38de4bb994,Very good 👍,1
2fea085d-079f-402e-a525-0377f436241c,Surjya,5
2b9c4bec-b21c-40c0-804f-8aea30e86f51,What's app not working,3
69b61673-b71b-4998-9f20-9faf58c4733e,Very nice,5
333e6f92-6bff-4aca-a7fa-3619484b616d,The app is very good in chatting and everything,4
d8bb596e-fbc3-4137-acbe-c7f9606a9645,Afsar siddik Afsar rafik,1
18eace03-0fa5-4cd0-b029-53f74b53fdfe,I want to update,5
33647ac7-da11-4f14-ab3c-1a66936ace3c,I give you one star because meta ai hurting my Hindu god and also my family Jay Jagannath 🇮🇳🚩,1
97f0dc99-9a11-4cec-a3b8-9e27c6695ffc,i cant creat my whatsapp acc bcz of changing device,4
2b507bc5-67ee-4a92-8435-af9d56146d6c,Please bring back the blue theme. It was the best.,4
262d4763-ef81-4558-984a-6f01f72527ed,Usefully,5
7f8f0f89-6034-4e48-9440-3b70202c8ddc,West,1
7538db1c-bf3c-450b-8e0d-8b135aa90b10,good app,5
8e10ebb7-540a-4a54-b675-88871eea6f68,"Q q,,a අුු,් ්",4
ffd01ad1-18ed-4c06-bcef-085952e98f9f,oh this is necessary,1
8919cb71-86e8-473c-999f-f58c7679935e,Good app,5
283e9df9-20eb-4b2e-8895-1902586b1143,Good,1
f0314dd4-500f-41be-b824-7c2d1b83418b,Please help me,1
01cf12ad-6ce2-4827-a411-c073ab4ff2cd,I love you whats app,5
d067166c-3391-431e-96fe-32964831324d,Ok,5
dfec2422-ad7b-4779-9df7-be8debcd2005,Please Run my WhatsApp,1
edddf8d6-d765-4faa-9be9-c16941b4838f,I have not received my otp for last ony day,1
6351b83f-5501-4534-a218-cbdc19af13b8,😇😇,5
8c332611-cd34-48ac-8734-28088f9b81e3,Dab,5
2f259d90-e596-4f89-b381-b4353397ecbc,it is good for me but I can't get my verification cood,1
38683ad6-d9b8-439a-9809-03838cac19a4,WhatsApp use as send sms photo video and private send excuse very good this app and nice,5
751ceb58-fb7b-44e7-9fbc-487c8fc12c92,Plz make changes in status policy where we may send photos in High definition.. Just like uh started this in chats.and Further you introduced Meta ai which is good initiative but plz make available this feature in various language specially in Hindi.,4
fb8e773c-2e9c-4513-a61c-35b5f7379627,Ok,5
bd5495f7-15b2-43b1-a508-8db134cd1de8,Now this app was so stupid they was telling no ons can accsees your watsapp .but always spamming my account .and saying unofficial watsapp stupid nonsesnce app,1
c4a79b8a-7081-4a2d-8e3a-5a62bae740f8,good service,5
f5640776-5a84-4cfb-8b5f-8f87b595780f,Good,3
081ada60-b37c-47ef-ae69-29e6b1109d6a,good,5
3a2c7721-d944-439b-b89c-109068492449,Mera WhatsApp login nahi ho raha mere phone no. pe OTP aapke pass se nahi aa raha h mera phone Oppo A3s hai aur phele Maine download Kiya tha chal raha tha abhi issue ho raha hai OTP nahi aa raha? storage ka problem nahi hai maine sab cheque Kiya h OTP hi nahi aa raha aapke taraf se nah hi call lag raha aap please help kariye kaise ye disolve hogi meri ye problem bhott mahine se ho rahi hai,1
ad61db59-d735-4ce9-b6cd-dc5823cdd962,Good,5
93b53469-f5cd-455f-9430-36649b26cd6a,Whatsapp is soo cool,5
5075e051-9052-4328-9950-e9230ad28dfa,Like mr,5
b760b0db-fff6-4f0b-bbaf-7de700788227,Good better best Best one Avon,5
29c0c96e-1159-413c-bee7-2899b38d0341,"Whatsapp,mes",5
83ec011c-47ad-4ab1-b5b1-0f0e62388e3f,Nice,5
027e6426-f1d0-46dc-bc1c-ca247dc2557d,We have a e in the world of,4
147f79d8-4310-4aa9-99df-fe4d75bbf4ac,Surjitkumar Surjitkumar Surjitkumar,5
42778da6-6d03-4cbd-b63f-4e16e769827d,Kakusss,4
638f0498-8eb5-4aec-bbb6-78e441ed80bd,Very nice,5
daa62412-5a9d-4590-a9dd-202e57bc2a49,😍😍😍,5
095c3ef8-5026-41ab-8318-c48e64b6cc5b,"Why can't I share documents in the channel?! One more thing, the channel should also have the feature to create a username, so that one can share it verbally.",4
417a6453-dc08-4356-8a3a-dad8e645fe63,"Dear who make this whatsapp , can you make durian emoji please .",3
917e2971-fbb9-4334-85ae-c2d3378443ef,سلام,5
e72141fd-e9df-4ec7-93f6-712a293d6a1b,My what's getting spam with no reasons and kindly give update how to remove it from spam,2
86b94a22-18ce-4bb6-8877-c173005272fb,What is the problem on WhatsApp all the time rewiew,3
96417b30-2327-4165-a840-23dc2c02e52c,Oswam,5
9f841b8d-5739-4399-9f4c-0ca785f91548,Good,5
e98bb9a1-482e-45d6-9d37-48c53bf84ce9,Best,5
9114ba0f-0da1-42e3-a15b-981b0dc169ce,Dhananjay maurya,1
6e64683f-2e69-48ed-8483-cb108d4a6ecd,Madter mess,5
47da378e-9b35-4145-a6c1-4e0ca89e12d3,Spam kembali kn Whatsapp balik bodoh babi,1
3cfd987f-a7fe-4660-aefa-5c33a2772a3d,My account is getting hacked on daily basis recently. Why?,5
5fa4f1aa-c79e-4b73-957e-c56e5f28fca6,"YADAV JI,",5
3cb6573a-2703-402d-a449-4de0c6fbaa51,screen so nhi kra rha h,5
3f52f103-add0-45d6-9ca0-f7b84aeeb72d,Anjy,5
0eed78e0-c6ec-4172-8863-71bab71d6eb3,Good,5
c064c38a-1619-4e75-bb6b-538771e1a15b,Great,5
d5071e0c-c239-43b1-aa06-a86715216b30,Good,5
87b01295-4379-472b-a43a-4552e9d2f776,Ok,5
a16e4113-b526-44ef-96a6-6c1b48bbea4f,Spam calls allow cheysinaru mudhu spam calls stop cheyandi,1
f97a880b-5192-411b-92aa-30d6e58f8d8a,Good,5
22b9fa66-d55e-4ec4-8f3b-b751f830da46,شم۔مش۔۔ِب۔۔：：.. ۔ ۔۔شن۔ط۔نظ۔ںچ۔ظط۔ممںچ۔۔ب۔ںںبںمطذمطچچ ن۔۔۔شونقزقْممم۔۔ںذزّمزن؀؂زم؃؂مطزطںّ؂مشبنزچمبزطزنِِممم🙄😮🙄🙄🙄😮😐۔۔۔,2
98660e2c-0b57-44f6-a420-a21f5dc771b6,Veri nais ❤️💖💝,1
a8cd195b-352c-4a68-9751-3b327010ac6a,Good,5
329e81f3-4bf2-4f1e-8566-f9b7ceb27c45,Shivam,5
f7bb3f43-65cb-46f7-848b-6311badfb8fd,Jakub,5
03698f11-b35f-4a30-b267-d6d9b6e28764,This is a very necessary need of you.,3
9d9969b4-d3f2-4e6b-a0db-d7e92d94dce4,Mahd,5
df969829-a8d8-4a75-84ce-33856501e0f6,Dear WhatsApp I am using official WhatsApp but still they are saying you need official WhatsApp to use this account please help me to fix it as soon as possible,1
0f9f9758-25d4-4729-b042-d162fd448373,Supar,5
0e46845b-a9b8-485e-acac-9a283ffc642f,Nice version very easy,1
c9780db0-41e3-44ff-a6ea-2e55101e80ae,User friendly,5
9e87d885-9da0-4f0e-8c47-6b7b8af0d0fe,Amezing app,5
fa394a49-5a1f-4333-b781-ad57d6118dbd,Ye hack bhi ho jata hai kya mera hack ho chuka hai,1
f586c773-5f33-4385-b194-8fe4b0d62f62,How to pin lock left,4
313518fb-ca18-43e2-b38f-64a3c7810a08,"This is a very very very very bad WhatsAppWhatsApp is useless, don't download this WhatsApp, and don't download WhatsApp Business, don't download WhatsApp, both of them are useless WhatsApp, they block your numbers and those you WhatsApp gets blocked if you contact someone from another countryI request that no one should download this whatsapp it is a scam that every person is getting, similarly they have blocked my whatsapp and yes they keep blocking all the time so my all It is requested that",1
56a9bfcb-a592-4086-9f29-bf71690752c3,Easy to use,5
430d86c6-23e0-4b5d-b4bc-b39bdabc3e4d,It's a lot of bug after updated 9 minutes ago. I even can't login with my fingerprint nor PIN.,1
effaa82a-1e49-4b38-b693-a52c8909f6fa,i like gb WhatsApp,1
ef0b1a41-d215-4a14-90c1-e54678a7246c,This app would not open in my device and i wish to know why,2
7a296485-5e8a-41e8-b30e-151b0cc118aa,Usefull app,5
b1655dfb-f990-4e76-b275-7754e749f3b4,ဖွင့်လို့မရပါ,2
1f412682-c50c-4e27-a02d-c144542b4476,Very interesting and be useful in the days,5
239cca8c-25f8-47cc-96e5-eb90a5878eb4,Use full,5
139fe76a-9092-40eb-b017-cff75d145415,Nice,5
3107e704-067c-463b-9003-f73f30f15e44,Munnu,5
629abb32-afd7-4dbd-bb53-cd9422c2f84c,It's a good app,4
58d46d43-d36e-4b75-9fc5-4fe29ad0f183,Kalyan,1
89a741f8-c381-43fc-b59d-08eb6e9acb82,Excellent 👌,5
ccea41f9-8e8a-4094-8d79-f644a9c9384d,Very nice,5
60fc1d8e-af90-4365-941f-cdf6d41199dc,I love WhatsApp,5
49c3e8e1-28c2-4d6f-b878-21c23c637ac4,good app,3
1311d8dc-f51a-40bf-aea6-ec834f2ad685,Kishor,5
12f0ac28-8540-41d4-bc41-c25266787b58,Whatsapp messe,5
1e71ed12-0817-4f14-8ddd-628d4e40fabd,Good,5
595192d0-29eb-496e-8344-55e0eb54add4,Neelam Kumari,5
aa6a6573-a061-4bbf-823e-b04b6146e5c9,Hacked,1
ea282b03-bd63-4507-9a18-b56607bc3024,Excellent,5
5fc772ea-6b43-4cc7-a0ed-87aacf731855,Massage is not received why?,1
7810d804-b26f-4955-820d-1306b5b4b0bb,amazing,5
46ce9b64-83e4-40fe-ae00-7bf1f2c9a26e,जेल,5
8724b5d4-0916-4e8d-acf6-4695409207fc,Best app hai,5
4fe1a5aa-30a4-465d-9bd7-78b8461c82fc,Vwa,3
0c9307bc-aea8-4780-8040-16d20ed7af91,"9WWR2 kear⁵ I. 6w,aq",1
df425783-f15c-442d-8209-40e4559b6d7f,This is the best version of WhatsApp I have ever used..... user friendly.,5
5dc534ae-0692-46fb-8055-7f8c55ee0b95,Saurabh Kumar,5
9caaa571-e6ec-437d-8520-205075b69d32,Not able to receive verification code. I have not been able to re-register my number through the app even after repeated attempts at sms and call. No help so far. Can the app developers please help me out?,3
cdfc31d7-d0dc-4db3-807c-f2cc3685cfd8,Xhuj,5
a21ec571-2cb6-4f8c-8b75-4656ac53b026,Ok,5
45abc0cc-f72c-4a7b-b507-bb3b13d49ac2,WhY thE caLLs aRe noT working properly,1
2434bcc3-631e-45eb-b526-7cbd432e99b1,Good,5
05442a5d-c0b1-4049-a7a8-c3f227825a59,Best,5
16390121-7023-4c21-b21b-2abedc210ff6,All good,4
64abc030-62aa-477a-9d06-f34dee71c08b,ভিডিও কল এ কথা রিপিট আসে,1
5dde7b95-39a0-43a9-8ee9-3b82c0704908,Thanks for giving strong privacy system.,5
b0980bc4-1197-44d6-a37b-91cc470bc920,Nice,5
e584351a-a1d7-4dd7-b390-dcf94a061def,🥀,5
b692ac0a-d7ab-46db-9182-23bceeeb13cc,WhatsApp isn't displayed at main screen.,1
7eddaa21-7ab1-4499-8f64-e01a6df9986c,"fr E4.,de😙🐫rr4cx$",5
74584001-9210-4b9f-8175-44fe174dfbb4,Good,5
6dac1269-86cf-4fb4-ba57-85f49bc4b4c3,Fatima maji Alkali,4
7e883c36-cbe4-4e07-83a2-d0a5641defe5,❤️,3
d886f779-b8c3-46e4-9da1-c432d06c9b14,Very good,5
49c6e6e4-95c1-4688-933b-2c4ccdd19853,Very easy and useful tool,3
7f39b6d7-3287-4498-9257-99f1cbaaa218,Good,5
1a6e9ec8-38a1-428b-8e87-04a34e3c6edf,🥰,4
8f540b41-88ce-4f8f-98ec-ec3932a83475,I never received Meta AI and my all friend's received Meta Ai update 😒🖕,1
27919367-0dd2-427a-9b9d-e800dcf2fbfa,عزت ذلت اللّٰہ تعالیٰ ورکی وتعز من تشاء و تزل من تشاء 😘,5
f87d32e0-f026-4480-a4c6-0be054f29b00,Super,5
3ae827e9-0eba-4dd8-8930-2ec14b98cb51,Jiten,5
d2cc4a0d-e821-4ba5-a801-df52e8fee98c,❤️❤️❤️❤️,5
b2b7a95b-5dae-41f2-add6-a43ce281922b,💚🙃🙃🙃🙃🙄😉😁😉☺️😉☺️☺️☺️☺️☺️💚☺️☺️☺️☺️☺️☺️☺️💚☺️☺️💚💚☺️☺️☺️☺️☺️☺️☺️☺️☺️☺️☺️💚☺️☺️☺️,5
288e8f4b-d7f2-404d-a090-1642b6582727,Good,3
437a6c3d-3452-434a-a907-5dca0d96671a,Good app,5
bead3266-9e82-4106-ab42-13e359c87d9e,हं,1
bd726098-ee17-4c1b-b35b-12d18d466108,Good,5
8bbcd5a8-9019-477f-9ba7-52412170e367,Basant lal,5
183bb955-b842-4f29-a71b-ae8be96404f6,biasness,1
be1ca45d-e5f8-45f6-8eca-e5f21230bbee,Great,5
a01ec435-ae34-4977-8283-26fcb0fe9d94,Lovely,5
1b582684-e5e1-4941-bcbf-6490b4948cdf,Good day my phone have a problem to install Whatsapp I don't know what happened,5
5f7e1d44-c166-44a8-b677-8cba36ae50d2,Great app,5
c6b116ae-e140-4e17-b9e1-91b3f546823d,Vijay,5
e2c1e5aa-e42e-4dbf-9d5f-00d3ed879c77,Very good app,5
e405c66f-60bc-4bba-8041-4aa7b3f2d398,Good,5
0f20c982-2e5d-44b5-a59e-708d9ef5abb3,What's wrong Whatsapp nowadays? It doesn't show contact names although I have given required permission. Please solve this issue ASAP.,3
8a84aafe-d179-45e3-b2c2-f22c652c85c3,Excellent,5
6e1214a9-3adf-4a77-a31e-058159dbb262,Excellent,5
f4fe75c2-7048-453f-b248-a0627629c450,This app vary harmful,5
72abb542-36e6-490a-8f35-50c7cc6530ea,Pleased to pan card copy of the day,5
16702dbb-e897-426f-97dc-4c59f850f302,WhatsApp dp screenshot problem 😭 please vo nikalo,1
b505e071-bcff-4306-b6f1-f8f8fdb333fc,Is very usefull app,4
840dabe5-2edf-4215-9fce-4ed515debb96,Mithleshkumar,5
a55db1d0-8ac5-4c4e-bb52-90e383709b24,That's perfect,5
78bc7fc3-a1cd-47f4-927e-217e9e2d0ee9,Good app,5
97ea858f-e4f0-4204-9f44-412c30494779,Am using samsung 23 ultra since I updated my WhatsApp I can't do video calls Like when I call my front camera 📷 is not showing my face,1
6d09014e-334c-46bc-b020-a885fe7e6f65,It's very nice app,5
859b1b8b-8f7d-4194-8d7b-0975747519ba,Asif. Shah,3
033f3d64-bc10-41c0-b5a8-ba24a467974a,Best messaging app,5
f03f149f-a6a1-4f5f-9f5a-b36818a5444d,Nice 🙂,5
97805dc9-2530-4385-800c-56f4067235c3,"Whenever I try to scroll up a little bit in a chat, the app scrolls up 3-5 pages by itself. Then I have to scroll down again to find where I left off. This has been happening for a while and hasn't been fixed",2
33d0deed-e139-475f-8d7e-13b836e45b38,Sivakami,3
a20fc71a-b99d-4727-9635-244ae67d8cce,It has been Good,5
714070c5-f8b5-4aaf-be31-7c2dab36b7f5,Nice,5
09421f58-3672-4c2a-912e-89bc3f055e5d,"remove that channels, communities and mera ai feature please...it's garbage...keep whatsapp clean....or maybe keep these all features under one tab...like seriously it's so annoying..!!!",1
c171a666-4d13-4de1-b7df-af6cf464a538,Bar bar ben ho jata hai kripya samadhan kare mene official WhatsApp davlod kar rkha hai fir bhi ye hi ho rha hai ise thik kere nhi to or bhi massenger hai 🙏🙏,5
f792096c-a4e1-4972-8dde-fa35cd40d7c4,VIP W,5
91c8dadb-e9eb-4aca-a0a9-25e2aa623f51,"WhatsApp acha to hai but chalane me maja ni aata you know why Mera husband hai na ,😅",3
12f90c92-3f4b-407e-bc50-bb6d19b87c55,معقول اور اسان اور تيزتر,5
afa74670-a2f2-458e-b2f6-d2f490fd74c2,🤍🤍,5
c5f2f27b-707b-4812-a67f-3f883447780c,this is best aap,5
1c6307e3-eb36-485a-aad4-a47da5158558,"It is helpful app to send documents, details anyone",5
a931f523-78ca-4c13-b449-608f93ebf011,Very good,5
b64cb6ff-f608-44e5-b4ce-607aadc32184,Ukv,1
017a222e-79f8-489a-8429-4c0e029f3b0d,Nice,5
4689c8a4-2641-4cb1-b703-14895947c3e8,Is it possible to restrict a group member to post his msg in the group?? Without removing him,5
81850bda-fa1b-4a61-ad6c-501857d1ee5c,You have no right to insult my religion.Your AI makes jokes on my god Rama.,1
9bc77a58-3aa5-415d-a8a3-7094b438e267,My WhatsApp not working 😭😭😭😭😭😭😭😭😭😭 it's been loong oo,1
d1ad6b5d-2239-4176-8719-f955f7eee9ae,Bad 😞😞😞😞 is not,1
87f740be-197d-4411-8086-b3af485469a3,WhatsApp,1
f322184d-38ad-45c0-a14d-08b8d4213b3f,All using in app Very nice app,5
0597def7-0d90-40cb-96f2-949f21ed15dc,I need my account please check and give access. Thank you,5
9d01c38d-0681-4190-9406-b2ca7b9e6507,WhatsApp,5
5a18c1bc-dec3-46eb-9f3c-a0c97fe32c8c,Very good picture thanks,5
113f956d-bf51-4303-b4da-81e97afd6075,Nice app,5
95b5e096-6bfd-412f-b155-39566d517155,Good,5
c682527a-14ec-428a-804b-d30a81394ba1,Am feeling better,1
e201c17f-8dd8-44d4-8211-df62000032da,Niceone app,5
9d9da05b-f6e6-42b4-9252-189aede5a0d6,I love you too mare Jan,5
8a7ac173-522d-453c-9bfc-9d153dfdf24f,Umu,5
2e96d239-d38b-4b5e-82bf-5e1755492ba9,Good experience,5
f1806c3e-eaf4-435d-89ce-652e334c0fe0,Very nice app,5
204d1df6-192e-40e9-8c83-008b4249b5e6,Kartik nayak,1
c9dfdb28-46bc-496e-9a28-ab07336a8436,Supar,5
56d7b677-7632-4c3e-b624-f361b2133aa1,My watcup band help,1
d7d65823-582d-4132-99a6-a40bd065372e,I don't understand,4
32ca3710-4d6e-4c3a-9b1c-dc6e8eeadbc2,I love it,5
f1050644-4057-4fcd-959a-b8fa630fa917,Why when I upload a video to story the quality is 😭 very bad !!??? When I was using iphone it uploaded well now I have oppo find x 5G and it doesn't work be more care to android 😡,2
900433ed-a15f-4d2e-a44e-36adb92f33b4,Good,5
c807386c-cc30-4f96-9191-2d743dd53332,Good,5
9539f304-088f-4bf0-b1f9-a808442b771d,Nice app,5
2062c601-0310-4f30-9fd2-f8ee4d07c5af,Nice,1
bfe68a71-6b83-456b-9959-1b3417362f75,ऊअंद,5
3ba46258-dd68-4a5e-b33a-6f2eb9257a70,Avarage...,3
8975a2af-aadb-4eb3-b20c-8a0ef5388d9a,Irritate me this app notification show After 20 or 25 minutes I angry for this purpose 😭,1
d4f59fd2-5718-432f-accc-ba94859a1cfe,Whatsapp,5
83f0edfd-0326-464a-92c8-4e07d46b9b75,😎😯🙃😀😾😆,5
0b38c18e-29a2-4005-8703-f99d4afa10a0,Rahulji,5
ab396fd3-3b3f-4c88-8773-d6a88e9c8e40,Vansh-saroha,5
63b7d12b-e6a3-48dd-83d1-631cd5727ac8,sandeep😘,5
cd1cb7e5-696f-4fa0-b9ab-8735adda0cbe,Very super watsaap is a magic,5
781c4188-a463-4f10-8db0-ae87197e7231,needs little improvement,4
1a3063b2-5c5e-44fd-8705-8648ad0bee88,Don't blur the DP image. It looks annoying. Put it as original quality image. Give the video rotation (horizontal) option for while putting the status. DP picture is so blurry.,3
fa29272f-ecb7-456e-8d10-0106f0506fb8,"Hey WhatsApp, It's okay that people can hide their status view receipt, Can we also get the option to permit who can view our status? So we can choose to allow people with status receipts turned off view our content or not. It'll be really great!! Thanks",4
0630a39e-8b20-4805-94f7-396d7c73d687,Video call Nahi hota,5
f490571d-2b1e-44ec-96b7-576d0a4615f9,Ok,5
c27b314d-8173-4f61-a2c1-8c5abb185b19,Bhot bekar hr ye ap,5
2582b6fa-0853-4bf8-8a73-fb43e952c143,Nise,5
07ae49f8-d462-405a-a34e-f45f2bedcf46,"Stealing data... Recording my phone calls secretly, I was talking on a voice call to someone and discussed about buying shoes, and the next moment I opened Instagram,I was getting ads of shoes.",1
1909260f-a067-45b8-82c3-72c5ecc2eee6,I am unable to login my whatsapp account it shows the problem you have to use official whatsapp to login but I am using official whatsapp I have installed and reinstalled whatsapp many times but it shows the same problem,1
a5f0937e-58e2-4e7e-afc0-60cf00ad7545,not opening on smart tv,5
65d7eaf1-e424-46ac-b848-c36d0e7ce4ab,Good,3
3cb277fb-f56f-4731-b4e1-c1db4b5eaf30,Beautiful,5
1bb840bf-4140-4a8e-8b25-d135b7db7df4,சூப்பரோ சூப்பர்,5
f9124998-d7a1-402d-b384-0bf40e7b59f1,Anti India & anti hindu WhatsApp,1
44b500a6-ddd7-44c4-8cf3-ffe366f6606b,Beautiful,5
7321c462-94b0-4acf-a1e3-d32f229414f4,Very useful,5
7afd4b1b-78d7-4a6a-bacf-5b61677823dd,Good,5
2337d2fb-68e4-494e-9c0e-6ee7af9e0484,Abhi,5
267a1180-d04b-4081-b6f6-2822fdd945cc,It's too good ❤,5
42946ff4-9457-4484-94b6-6dc0c892dfd5,I have been learning so many information on WhatsAp,5
b422cc22-6ec7-41f5-8a1e-b2d9eeb51bbc,Good,5
66f2639e-3144-43e1-932f-d02bc18c3057,good,5
65a0f1f7-8b64-42a6-bf5b-e62629ebdf90,"It,s ok",3
42fb7081-fabc-420c-9489-da39bc6c79b6,Okay I just,5
d02df492-dde0-4436-b69e-34821f978e5f,👌👌👌,5
393619ab-37b3-4280-968b-6f904c03e02f,Super,5
139dda63-08e8-46c5-b960-5d679c3396d5,No use AI IN WHATSAPP,1
67d67f1b-8eb2-4ab0-aacb-186145947c81,Iam facing an issue about the recovery of my data,1
062b4a36-19f6-4cb9-871d-6d5dc58070d7,ILANGIN FITUR 2 AKUN GA?????? NTAR DIKASIH BINTANG 5😔😔😔😔,1
bd5064a5-7405-4fda-8c2b-a275d45749cc,Best,5
c49b3bdb-7453-462d-aacc-3f25e0df12bf,Nice,3
13b75dd1-636a-4c94-9a41-e57f4861741f,Not good every time need updates,2
699c3102-2ca4-476d-8589-ec1280b44913,good,5
b914bb49-2a5b-414e-bea4-11ca430db912,Good,5
48689e70-200c-4fd3-bb20-6167c2d2a341,Voice message is Not clear,4
ae9054ac-4585-417f-91e0-cf57910388f8,Good platform share our status,5
39f6b7fe-6377-4910-aa27-d96af31b8111,😍😍😍😍😍😍تطبيق مفيد كثيرا,5
4bab5856-3e20-4d82-83c2-37028840e3cd,Good morning,5
8907d559-2c9a-4321-b843-3e90be6635a0,I like this app,5
06c2da5d-3bd5-4cc5-8bdd-4907eac3e242,i like watsapp,5
46e29d17-4667-4a12-93bc-8dcc47bf8681,24 News,4
9d5b1227-1fb6-419f-ae25-a35dfe3dfe43,Kumar sukesh,3
694f06eb-2540-4f4f-b030-c0858077a629,Love,5
32a98a98-73e6-4df2-86bb-6192d808176a,"Plz improve your video call quality, it's poor",4
953aba74-422c-4891-a05b-1b44f2235d85,🇧🇩🇧🇩🤑🤑,1
e9b3c7fb-24fa-4d2c-b7b3-a1aaf79fdb73,calling system is not good,3
890997db-e6a9-461b-bc6b-72c13de2c865,So slow in it's service even after several updates. Worstest app that I have seen ever before and ever after.. such ab nasty app seen ever before..,2
dedc2f92-a1ff-45ec-ae8e-01025d08f11b,Nice app,5
8492f187-c73a-4305-bfce-9900dbc43329,Good to use,5
954d1601-6f59-4b37-91cc-d481b5c7d914,Excellent,5
d01e9018-d2cc-4396-987c-347fcf82754c,Amazing app in this world 🌍,5
dc266dde-3272-44aa-88db-9080a611bb79,Some problem,5
cd10359d-1ddc-409e-bad4-cab36288a868,Very useful,5
e300e42c-5d23-4fba-982d-2624c3b9e957,Dear Whatsapp please unban my account,5
67439f89-7bd2-47cd-b2c5-da222120d8ed,Great so far Thanks,5
d51b6656-020c-4311-9e8d-1d5f872c8c19,Is a good app,5
c7e7aff3-87df-4f7e-8e26-7bfc10f6a9b4,DanarNag,1
2f53a4d3-f67c-4cdf-ac43-95252e642521,Good,4
26e73807-be69-4774-83f7-c2e33ca79d76,Good,1
a6327c4d-e835-4ed1-950c-80985eb74e9f,Best app ever 😜😜😜😜,5
ce33cfc7-b63f-4db6-819b-d7e1b38bbbb0,Nice,4
e52532ee-65d4-478a-9481-cda7abc71087,Good 👍,5
5feea594-b2d1-43ec-b232-9712b0dc637a,I am a 76 year old man that was given this phone as a gift. I do not understand how to access using your app.. I follpw all the instructions and still no response it tells me too request a call from you but you never call. My question is why tell someone to do something if the person on the end does not respond. All l am trying to do is lt learn how too use your app to comunicate with my freinds. Please help me. Thank yoi for your consideration.,2
ead98ec4-617c-4cf2-b072-6ae6cb57f0b0,Khadra vali,5
439a5917-eebe-4a66-93c9-40509c5fd45f,Good watsapp llc,5
1f60c16c-2216-4643-8192-b1c4460656c8,Excellent,5
26fc1780-728b-4941-a0cf-1ab412bb5b61,Good and nice to use,5
09df4ebe-6e72-45df-b457-6ea3c3f81068,"After the new update, I'm not receiving any new messages from others, nor are my messages being sent. A sent message shows up as one grey tick. I have to constantly force stop the app, and clear my cache to receive new messages. Edit: I tried clearing the app data for WhatsApp under the settings for Android, then deleted the app and reinstalled again. The delayed message issue seems to have disappeared. However on occasion a message or two still comes in late.",4
c782103a-71ce-4fd2-ab67-032a66dfa73a,Dear whatsApp team please upgrade group joining unlimited not business group Previous groups please upgrade as same business group,2
a12ff01c-87b1-4746-8355-653aaa3fb963,Nice Apps,5
d81a040a-3451-4d71-be29-e57e358ddb17,Dashrath,5
668cbd07-08a9-4591-83d4-6950db939c52,Good,4
00537e24-d0cb-4ec8-a075-f2142a1636c5,😍😍,5
7c621269-6445-4149-b2c8-8ccae8758569,Good,5
2aa9735e-d40e-4fcf-a732-fb90e5706dc3,Brilliant,5
789f4794-c5b8-456d-af3e-216230a26de1,This whatsup is very good. I have used for more than 6 years without any problem,5
aecb9178-3949-42c7-a89c-2df04aa1eb94,Happy,5
1072b8cd-ccd1-46de-86bc-d7112c2d3dbc,Very good,4
ef16bd30-8b7f-4d11-8a43-1d055a2577c1,You have finally added 1 minute status thanks,5
49332499-4681-4d6f-b2c8-94fc829e72a5,Good 👍,5
b8b0866f-cb71-493c-80b5-0df032ab20a1,बहुत अच्छा है कही भी बात करलो विडिओ कॉल करलो बहुत हि अच्छा ह्यय,5
4af03352-f79a-440d-aee5-9556bb28898f,Service is best,4
45e1e68e-f479-42cb-9706-9e862c93a487,Ok,5
ddcb5210-9fb7-4597-9cfa-35128dfd54e9,Whatsapp is nice app but they should better privacy all large size of hackers hacked this you should make more secure,2
9f61cf76-d3fa-47ca-a05c-9783202d4271,I love thit,5
eff5252c-e9b5-4b8a-9d3f-a4020318ab4e,Its no working well,2
0d28d091-b136-492e-8058-12e90fc568a9,Awesome app,5
350b5e27-3bfd-4c96-9a37-428c5978160c,I love it,5
b7141cbb-faf3-475f-b8ff-e7d4556af899,Isfgonetkbf,5
a93ac6bd-464a-49ff-8b0f-7f84873b55fb,"Aplikasi ini selalu kenakan banned yang mengatakan saya Spam, walhal saya cuma menghantar dengan menaip dan mesej suara cuma kepada keluarga dan tidak pernah menghantar gambar sama kepada kebanyakan nombor namun pihaknya tetap sekat akaun saya.dalam aplikasi ini ada menyimpan pesanan dari saya dan keluarga saya dan saya tidak sudah dapat membacanya.",1
0b82c16e-39e1-4e3b-ab2c-48937e592a6a,Sudhanshu gautam,4
3d506e09-fe22-41c9-abb6-3c485fd78cc1,Whatsapp aitomaitike maisejing,1
b7e6aceb-48dc-4414-a576-d02e4562d202,Shuak,3
79677572-5d92-4c78-a3fd-a54128a69022,I didt get ai chat,1
84380bcc-a844-431e-a0f3-92ec019971b3,General,5
d167aa22-6244-402c-b668-8f2ff9558f3e,Karthik Mathur Pudukkottai,5
9b43aeb1-76bf-48ca-a7c8-fe989f1b1fa1,Good app,4
7badb3e3-6935-4239-a98e-50d8eabcf550,23 years,5
076cf0c3-523d-4461-86d6-b53b25f56d71,Very useful,5
c079ab0e-ad4a-47ad-82d2-15411b621928,My watsapp,5
ab7bc299-3b6e-4ce3-84eb-4b60d89121d9,بلال فطرت,5
5b59e307-d2c2-499e-b752-e12e394c8f14,Is this a new version,5
6c20f21d-a2b2-40d2-81cf-aa4ebc8d6b6b,Sidhi kumari,5
8a693503-dcc1-4801-8116-5eb447d65052,Good,4
57f9cfc3-0c68-4c18-9016-70e7333b53c9,ok,5
18af5808-1afd-4ac7-a85b-2680cc600654,very secure 🔐,5
a0968aab-98a4-4c79-8ab8-68b316ecb039,रंजनाजी कलही मैंने कीमो लीं आज ध्यान केंद्रित कर पाई और सुकून मिला।कान खुलें थोड़ी स्पंदन मेहसुस की ये।सहैदिलसे प्रणाम,1
ee7311e1-f112-4b2b-9acb-546bf4c910e0,not getting verification code,1
acf9e64b-ffd0-4f8f-a770-2aa63770317c,व्हाट्सएप प्रॉब्लम नोप्रॉब्लम,1
6e0792cd-901b-48b5-ab6e-585a6e6ebffb,Hibxb,4
cc75fc3e-f4e4-4e7b-a111-7e087bd81b6a,It is very good app,3
04b65967-e256-4043-9e89-d4a8ae9723f0,Saddam,5
dfdca711-6d49-42c1-a8aa-f102706c6ffc,This is a very important app,5
26ccd504-cd11-4426-9122-f665a9c9bfad,Good,5
4a561500-9453-4df7-a386-e87a3243d9e1,Work very good,5
ffc4865e-3a26-4847-a095-6a84904426a6,Good,5
90f805a1-4d49-42fa-930a-32bc52878253,Super,5
f2fef22c-02d6-486d-9e96-8df082ccc25e,Good,5
8ea28602-2939-469f-81f2-2458443caffd,MUkAdam muhammed 4477,4
df3e8757-4c0f-4e2f-ae2e-987d2aad6a6d,Wwe with ewr ww weweew wwwew www of w,1
ba973fac-2be5-4733-a9e8-884bb779d3a0,Verr useful thank you very much,5
a333ac26-673c-4b53-94bf-ba24973d2525,Good,1
91b56d6e-bffa-4315-8713-0ee8be4c25b4,Easy work,5
6aa5386c-eb12-4eff-8a42-0d6b8bb8578a,Good,5
d3b5194e-6b23-4635-9f68-3d26c5e6a05e,Nice,5
3e1e405b-ac9f-44f5-b168-40c4c12ec5d4,حذف كل الرسائل فجأة وظهرت الجروبات فقط وشغل 4 سنوات اختفى,1
aab45063-2884-4114-ab41-9372bf20ab98,What sap,1
5a246eb6-4aad-44b7-989d-80c2e0c73197,👍 great,5
31d79429-67ad-481c-9f07-1603c1709a30,Every update means taking lot space,2
30ccffe6-a9fb-4d32-b5a5-97ceb74fd1e0,You as qto p qu ll ka äqq99,1
1a5f489a-a847-49da-908e-88b50adf6caa,This app consuming more battery because of Open Ai,1
fc144598-9d00-4f5d-be27-1fd11a579c79,Is this nice,5
ad2c0745-a2fc-46f0-89df-baf26b290265,वेरी good,5
19a8cf82-bbac-4551-a4d3-3639eb5beeb6,Amezing,5
1b0f2b0f-9be2-4a7b-8967-64421d4b80b9,Md.juned,1
10bc3835-b8ba-488f-9a0a-17679b0e66a4,Nice app,5
daa25022-eab2-468e-9a78-af92ab2cd99d,Rajesh Solanki,1
72436eeb-80ba-440c-9854-a2b34c1aac52,"Why it doesn't shown me the backup option Mine backup was done day before yesterday and I uninstalled WhatsApp yesterday, And I installed it today doesn't shown any backup option And hence I lost all of my data Even my phone doesn't have any kind of WhatsApp photo or document folder It's so 💔💔",1
186519bd-ec08-4b51-b090-40c444a40db7,Good,2
e9849212-ecdd-4f49-8834-4ffa3a16152c,Worst app across play store 😠😠😠😠😠😠😠😠😠😠😠😠😠😠😠😠😠😠😠😠😠😠😠,4
fe696e60-d780-4adf-becd-47baabe7696b,Good Naish,5
f72f5e37-3e2c-4a43-8820-ef02653c601e,Good,5
86118e11-07eb-410f-b0b4-94207e316c65,I have no meta al app on whatsapp,5
dacb3dac-fffd-4f29-bd58-f9cd60e2f2aa,ओके,5
c9640a8d-6809-463c-b2ff-0cd47333e0ce,It is very much useful for quick communication but then it deletes chats,2
5421ddef-dffb-4b2e-8d2f-0b670bd3b6ac,अपडेट नहीं आना चाहिए,5
a96377b5-4def-4c0a-ad5a-1e5740e45b95,"I just updated the app in my devices and the new version only play audios in ""in ear calling mode"". I am facing this bug in my Pixel 8 Pro and Pixel 3 XL. Please solve this",1
40af16b0-b981-4fba-bf0f-2ab40b8670de,Very useful app,5
47f4bde8-11b5-457a-830e-ff8336a90875,.m.m.m.,5
9a01378a-cdba-4f29-84e6-bd9102313008,शिवकुमारी,1
0784f966-5d5a-437b-ac37-6f4e4a567bdc,Ok,5
fdca4e12-6286-4da6-96f3-0627ffb0226a,Bari aahe,1
a66e5eb7-3f8c-4493-8e19-f696bc01cb75,can't profile photo screenshot,2
3f801601-2b9c-4eed-afda-d36c3951d7e8,This meta AI is a trash makeing joke on hindu gods but didn't makeing on other religions change that ai,1
17beeeb4-908a-4088-8f4d-70e190aea60e,Beast,5
2384082a-84f7-4ebd-9df1-db2e466e5aa2,Good,5
0cf9dcfa-76ae-4cc1-8ae7-3a405c9568a7,Verry good,5
e7ce8078-2268-4cbb-8c33-f22e61cbc9fd,Baloch,3
e37b4bce-0577-4575-9cf1-7f45088df318,No count in uses of App.,2
dafcc8f7-84db-46c3-b24a-97a129380d02,Emon ahmed ridoy,3
f63961f1-018d-4088-9775-bb230726848d,We should save status cos now other WhatsApp are not working,1
680b67d7-8df0-4320-82f9-c306c0cab289,Darshan Yadav Jee,1
9536be47-055e-4a54-8b1b-86aff93d7184,My WhatsApp account is banned.. Please my WhatsApp number is unbanned.,2
3cf16078-a9b7-4deb-954d-a955d43c1ea2,ankit Ankfe,1
038f2faa-ebfe-4c67-8308-142ac1c8f5a3,Bahut acha,5
8c047b2e-2b21-457d-9f41-3a839d56183c,My mo no right but not sand message why ?.,1
7d7c268d-178a-4ab8-a3a9-0617513768a2,Good,5
e1dc8cbd-201e-44d5-b2a8-ca126bf56b3d,Whatsaap uninstalling dhika rh h download ni ho keise kare,5
803cc023-e886-44e9-9412-ea2f977782f6,೫೫೪೪೪೪ಬ೫೫೫=೫🛕೫೫,3
a526798a-a8df-41e1-a48c-becfbac04cb5,★★★★★,5
75fe8664-22d9-4fca-99b0-28f34c3b08c0,Very good,5
c04209d4-224e-4c7e-ba9e-d661a6bf01bc,Sandeep,5
f8211ab4-c4a7-4419-8a52-893afbb5880a,Super app and amazing,5
7df564cf-9559-4317-9cd2-ad580e070f50,Good please update,5
d00592a2-aba1-4461-8c22-751bf5f1f2d1,I like this apps,5
3222aa95-6f64-4d57-9314-c33cea8392de,Raushan yadav,5
69765ca2-98e4-41b6-8547-1ce0e20cb871,Best,5
6c5a5533-775a-450b-b183-961603c76c0f,Heurk,1
e6fdce92-7aea-4dd9-ba73-3f7c7a5c1928,Good,3
b1505ef2-3929-4df7-ac71-2e31d5977353,"Mocking 5 stars for WhatsApp banning WhatsApp. Randomly, its rogue flagging mechanism mistakenly identifies official WhatsApp from Google Play as unofficial or modded app, and bans account log in. A hilarious digital scourge of WhatsApp for the unfortunate victimised users.",5
553d50aa-6ccb-4170-98c2-9541d2a702be,"This app is very good but voice call can't hear clear something, beside that everything is perfect.",5
90989ba6-3958-49f7-85df-5ca135dba099,Sunny Rathore,5
006e6b94-8a5d-48cb-97f7-aca574b6f344,Good,5
b2568ac0-e11a-4588-a2f6-c0c25f47d9ba,Jeenathreddy,5
0776aec0-f1bf-4152-b387-7aba672313fb,My WhatsApp number can't verify,5
0f8d154a-f270-4cf3-b2ca-19d5de5a17b0,ಪರಸಪ್ಪಅಂಬಗೇರ,4
2b7328a6-fbb0-4ac5-9337-0aaca8b77ba4,Thanks good downloaded. Friendly approachable,5
04fe4bdd-7bdb-41f4-a712-3f876c6e4a2e,🙏🙏,4
52df0b6c-93a1-4fb9-a078-06cbe8ab9447,Kg MI,1
b36e561f-76af-4771-bb64-b8ae1b0bdb19,Tns app should have been a launcher plug-in made to fool the launcher into mistaking it for an ad blocker then I might kill for it.Or giv it 6 stars at least!,1
638df073-c3ba-454a-9880-e370b7aae34c,"I like this app , it's great and all that but the reason I gave it four star is because it takes long to send my messages although my network is stable. It also doesn't show when someone has posted his or her status it only shows after some few hours of posting. But it's a really good app for sending messages and doing video calls.🤝",4
966ad31a-8331-4f0f-840a-bfc17eef4822,Best services...,5
642f8bd9-e51c-4541-9133-ddbef8d58ccf,It make it easier to communicate but it gives problem when update,4
b9918495-bbfc-439d-8ad4-b48933b65b94,Good,5
61b26423-f62a-46aa-8022-789ee504de15,Because it has,2
8d804eea-4e6a-4f33-8684-8455f2117ee2,Most amazing experience in today's techniclogical advancement,5
ce646530-f3c5-4176-9ff4-a6cb94f87b51,अगर किसी का स्टेटस डाउनलोड कर सकते तो और अच्छा था,4
db54635c-d683-4825-84ca-0264151e9288,👌👌👌👌👌👌,5
4a8a6042-8ea1-4800-892f-93228854c114,Can't find linked devices,3
6e61207a-941f-4a7a-a4da-771b9988498e,Hoio,3
555ed3fe-0341-4622-8292-422ecc3556e8,"Hey there, I'm just wondering why does my phone doesn't have the channel feature. Can you add it quickly? Thanks.",4
9e6a0c61-fc01-4565-8c1d-d626989cb98d,Me gusta mucho,4
6d2d43e3-10a6-42c0-a79d-be7556924359,WhatsApp is good,5
adc4e660-b720-4808-b76d-950d5c1cc81e,💪💪💪👿👿💪,5
27bd7531-a6ec-4b9b-83a6-36e682d094a3,Good nice pic of you and your company working,5
ff0a9153-9d6f-4cf5-ad6b-dd66f08b7cb5,Good,5
28cf5da7-74fa-48ba-8d01-ea67884c918f,Nice app,5
057655b7-871e-4d7a-bd59-e503afd6d828,Thenks dis WhatsApp veree veree nik divece y1,5
666ea44c-e644-4b08-a4d0-e80afe2aad01,stiching experience fgjjjffhhffffg,5
247cc95c-1aa4-4f5a-994e-e0e387746ee1,Nice,5
290ffc9e-8b0c-4b1f-a9b1-bc03170d9616,🌹🌹🌹,5
aabccc9d-824e-42c8-92cb-5bc14411957f,Ok,1
e156048a-2905-40f3-83bf-ffbeb068a2df,I don't knw the reason but I have not been able to backup my WhatsApp it keeps getting stuck at 75%,2
4e135454-0bc0-4b02-bfe9-f8e942a467e9,Good app,5
0d5dd318-7771-4ded-84d2-56316da7d330,Good app,5
d053129c-a8cc-473f-b052-f3b915e0d246,why did my account daily ban Or unban please fix the problem and unban my account,2
73e38b6b-29a2-4b8d-90e4-5bfdc9a659e4,This app is very very best,5
6f958f3e-6551-4a77-b7ae-1222f5b53da5,Kailash,4
c5822c1c-a327-4fe5-a407-8b0be5dc5456,Nice,4
5e240c60-d25d-4246-95f9-69130870e0e2,Please update pin chat only 3 pin please increase at least 7,5
851d968f-6fff-4255-adcf-f0a94f744d20,Great,5
cd7ed12a-f7ac-4d13-8c62-268b246dcbbb,"If you don’t like my attitude, stop staring. If you don’t like my rudeness, stop listening. If you don’t like my swag, stop hating.",2
cdbccc6f-929c-49d8-8f13-ddd2fc2b5914,Through,3
b6c6dd2e-d16b-4611-870a-580dc52557b8,Mon,5
bc13739e-3cf2-4d5d-b446-6e22d94703e9,Whatsapp vip platform,5
34941a38-9e46-4146-b793-c194b3e33be5,Update problems,5
b2704ffd-1cfb-45d0-be3e-80a513120bef,Someone somehow got all of my contracts through a chat link for Whatsapp. Then tried blackmail me. Whatsapp is not safe at all.,1
745577bf-7788-47df-9bfd-b88b562f04ee,"Whatsapp was great, but now I don't know. Once upon a time, I would get my notifications, but now I have to open the app to see any messages or calls. This is absolutely frustrating. I have missed many important messages and calls because of this. This is quite ridiculous. Then, when you go to write up a status and you make the mistake of pressing down to see the whole message, it goes back to chats, and your whole status is gone. This is really annoying as well.",3
70efc403-aede-4c1b-8e1e-6b5a9af1d2cd,Heuw,2
14dcea37-98c0-46a8-9c39-08ac66be71fe,"I tried the ""apps lock"" it making my whatsapp disabled and cannot open the app .",1
f5008d82-f12e-4794-b290-f7d21d024745,Nice app,5
0dabaafe-99cc-43ba-96d8-0b379b4ead59,😂,5
0f392842-59b6-42ba-baa1-83dd0f3d48ce,Good,5
e01b9697-d5fd-4c08-8dd1-ce8e28451ca0,Best app,4
273a1195-054e-442e-828a-3d4380279b56,End to end encryption,4
4cdf2673-1356-4bc7-a63c-64092fd7ee40,Super awesome app...❤️,5
a1edd9d4-ea37-4e48-b9af-a9011c7e3149,Good app,3
8257e213-6338-4735-87ee-754aafa44a27,Status MSG send problem come me,1
c0f355dc-5921-4cab-8968-e2653ff8178e,Best Quality app,5
5eec639b-48f5-417a-b14b-1d6fb87a4508,Best interacting app,5
62530e52-7685-4e1d-a5ee-1a347328b63e,Arsh deep 🥰🥰🐐🐐,5
0ac36b5c-c582-4e01-b807-e33a9afa0371,Nice,5
c2713dbb-0f1d-4edb-b4b9-96cc9f63fe1a,Cgj Fhol,5
6aa69c27-d092-49ba-928c-6aed7a6d2e7b,Very good.,5
dafbcd6a-6efc-4d00-a19f-691032a37f6d,good,5
7e4ddbfc-81cc-4b2f-ba12-6e2761c72954,"The new feature that allows you to hide locked chats is not functioning well. After hiding the locked chat, I search for it through the search bar, but the app keeps shutting down.",5
4ab20250-ccd5-47d8-9ff0-74b79240aa1f,Whats app,4
21bd63c0-cc72-4fe3-a311-ccc995768a48,Good,5
dbff8c28-0bc9-4a26-af4e-7ca364f38f9f,Good app,5
034fc094-00f7-4f30-9126-b5835af075b6,J loop CW,5
fc1501dc-aa7c-4e28-affb-dc331939cdac,Ok,5
75ae3594-407a-4dda-a4ec-1a5b28c97cf0,Very good,5
11e0f37a-dfee-4486-b5de-eef8b24c08fb,Worst,1
fc2cb84f-8935-4738-a5a8-cd1e079992d0,KB WhatsApp app,5
0e815f73-2527-45d1-9d1e-b9d8e58d7029,It's so usefull app,5
19ea05ff-798b-4171-b3de-610bc0f25ad4,The best,5
4f7b7829-c856-4077-83a6-8af9d4add4f8,Nice,5
07994981-f5b5-4ac4-b8bc-c470ca433bdb,Unable to call and text,5
1a245e72-31c8-4719-8818-1b0fe01d5664,Old phone is not supported,1
55049c8f-ad1a-4705-a0a8-5482258131f0,Very good,5
33c1aa49-65a3-42ea-bbdb-b199e5bee529,Good,5
0177cb0b-e5d4-46f3-8525-4acc07ae674c,Bad,1
d6ab64a2-9bc8-42ec-b9bd-524dd212c6e8,Love it,5
7c50d927-f672-408e-b3bf-18db4291e09e,Cool,1
1f993330-8b20-44b1-8945-210c5fc51df8,Jakkkas,3
1f3d917f-6896-4b6d-bfcf-8730d1d828a5,Best,5
edd6e78c-5f5a-41a3-9df6-3b016ca6b1e4,Most useful,5
ed0c668b-d20d-4522-9fee-df71f89ccc01,My WhatsApp has been banned I believe it was a mistake please WhatsApp help me resolve my WhatsApp,1
ada19ab4-07fd-4553-aa8d-4e117e39ff70,Good,5
6624bb4e-01c3-446d-b16a-bb6b2327b089,It cool,5
363088e3-201d-4622-a31a-51c8db9b4a9e,Superb,5
f03a7de1-d95e-4b56-b971-855c44336f05,"Great, wonderful",5
29092c7f-ea5b-4127-9f92-f0ad719cf165,Plz i need my verify code,1
06cdbaf5-2d51-4186-b079-bbf9107dfdbf,Good Nice,4
a8ab4ad8-aa7d-4bd2-9bf1-a3a6f49c2791,Nothin.at all,5
50714a17-04dc-4aab-9b60-72218147c618,Experience de whatssapp,5
b80ee4b3-9854-4290-99f6-d5325b4eebae,Very secure and private,5
8f11528d-f314-4fbe-956b-5a92211e2d77,whatsApp.video,3
c3fc582e-3da5-454e-93c2-98e4b71c423e,Super,5
5e8eab25-93c6-4ce5-aada-4daf5d4680ae,W Rupa Gupta thank you wish you all the happiness and joy of Ch-2 my life and sister and tiny friend with my family 😍💘 and tiny friend 😁 and joy of being a very good 💯 friend ❤️ and joy of being a friend of Ch-2 w you are my life in the ygvsgo of the ygvsgo and sister and sister ❤️ a list of the group ko delete kar do phone 📱 hai na to aap aaoge to the day thik hai to school 🎒🎒 ryiln c and r in one of my friend and joy and joy 😹😊 you all of us all the day every moment of the day ❤️,5
4c428bbb-a476-4f2b-b557-3b01f6493701,Doesn't work properly because I can't receive the verification code when I log in,1
c7dbf24a-b6db-4e01-a90c-4534a1f94378,"Ravi, kumar, rathore",5
b42a871a-6a26-4926-89de-9ceb968ed23d,Very nice app and good,5
d51f398f-ceb9-4121-9dac-5bdb06d885e6,Puas,5
a0825e49-aa8f-4e90-a407-4c3e4752af65,Coool,5
e125c4b8-60ec-4552-ab98-8243f80f05f3,WhatsApp Messenger video call Rate this app,5
265779d0-2bac-4200-815d-f8f8c96e0635,Nice,5
e0e65472-d7d0-4c56-8980-d08c55396a2a,Good,5
124310ae-e85f-4047-816b-01ded3dba51e,I wish I can give this a -5 Stars let's just say I had a very bad experience with this app and many others I fell victim to catfishers galore and scammers trying to ask me for money for VIP fan service so people who want to download WhatsApp telegram app or Zangi app don't bother if you're connecting with a famous person that you think is real don't use this app for other means like friends and family that's what I would recommend WhatsApp and others,1
05541921-debf-474a-a169-db8af9b269ec,"Hello,The new feature of meta AI is really impressive. It's response are so sensible and polite. The thing I want you to improve is Voice-enable feature. I would love to talk with AI through voice messages like other chatbot. Such as chatgtp. Please note that this meta AI still needs to learn other languages. I couldn't find right answer for my korean practice.",5
0cb5c2b8-20ba-4561-bc77-2bdc17729f91,❤️,5
8b7b1c4f-da52-4251-9ebf-4e78338acef7,This app is very nice.I really really like this app,5
3c3c5e08-7414-4122-b4dc-9489c5584a85,Nice app,5
f44e11cc-75aa-4a95-89bf-ec1408e70203,Best! Especially the meta AI,5
1467cb02-db58-478c-8bda-c82ed20057ff,I don't like the auto correct spelling and I can't find how to turn it off. It's utterly frustrating when I want to type in other languages and it keeps auto correcting everything I type. And my message always comes out in weird sentences because of that.,1
09d60a80-0ea3-484f-a437-8d9bec285cf2,My SMS receiving cod problem hai,1
9a53d999-80c2-4cfa-a019-43bf20bfa454,Very useful and helpful app,4
c9ccd899-b333-47a9-9b1a-ccbabb819a8e,This is very beautiful .in this. Have a informational. in formations should explain print to pin. Very useful this app for me,4
7651bf1a-ead8-40ee-b6a7-ad525eb5d9d1,Some time you can't receive the notification until you open the app,5
686369a6-8952-4f85-9653-183c3d734e9a,Deae whatsaap tean you need the official whatsapp to use this account am facing this problem And have not used and fake Waths app. Please help me,1
5c8aa5f4-b3c3-4128-ab2c-6858659a568d,Good,5
61935b16-53ad-4eea-b245-47282fba4aaa,Is a good app,5
66f76f76-7db3-40b8-949a-3508adb391b7,عالی,5
e81ad79f-e82d-4b43-9464-eb574a429ed0,Whatsapp,5
3d2d9a46-1fc6-4fa4-a880-7f81e922ed94,love it,5
1f55f5c0-a271-459e-add4-d9992c113dca,My what's app was working super nice then yesterday it just stopped working it was reported a Spam something.. which I was told that it will rewied within 24hrs after that I was informed that it's now back to normal I tried to log in it's now telling me that I should use official what's app? So inconvenience and irreteting at the same time please help me to sort out this problem,2
1d93a087-f96c-45c3-b463-607bef76ab7a,Kuyahakuri,5
c286cce5-9b93-4366-a04d-49ac033e02f7,Am unable to post on my whatsapp status,5
7760d41a-4055-4b59-abf3-71311659dd8e,This app is more essential for all.,1
6592845d-48f3-4b7d-ac67-06a1b48e9afb,I am hakik Khan,5
3c459d8b-1c50-4930-8840-2588209293a0,Help me please my whatsapp is updated recently but whatsapp is not opening,5
3b4a6284-47c9-4d3d-b685-26930117fe61,I like this app because it is secure and I can communicate confidential information with out it becoming public knowledge.,5
ba2f6cda-1d9d-495e-90e7-5c61a8d6ba5c,Good,4
787ee765-2754-480c-8623-d32d6a2a10a2,Good,5
487b481f-cff4-4a1b-9fbe-c8f3fe0b8942,Best,5
aceea805-0e9a-4eec-8e37-65f1b301d4db,Good visionary kamal boyz L,5
7bf3d604-8d83-4f4a-ac95-0baa94f31b5a,Not really sure,5
ee5a7703-f688-4c5b-8562-0f332e08a2ba,বলদ অ্যাপ লগইন করতে সমস্যা হয়,1
218546e9-e586-43b6-a289-56ab4ac0edc6,A Very good app,5
fa96e933-3b2b-43f4-bf73-f3c64f1fad05,AWESOME,5
0e170ac4-8520-4a39-a737-35aef8b732d6,Great way to stay in touch with.,4
5b7532b3-2958-4429-aadf-edbcb0c1c4fb,I want to communicate with people,5
c9eb5f4b-6c59-4d78-8599-b55f7d2e15ae,The app is user friendly... Nothing to complain about 👍👍👍,5
905e4a8b-8b6b-45d3-ba9f-8727bbae13ce,Good,5
c8a3f7ed-f3bf-43f9-a54f-ebe54b883b6a,ibraihm,5
db27a6f1-cc00-4b3b-8ae6-1ddc07d76395,My blank star indicate uninvited still penetrated my WhatsApp. What's up?,4
d51a2789-6dc6-4918-a921-a8ad2c949b3b,Boy h,1
32d667ce-e082-4b71-8598-fa719ac974ad,Simply the best,4
a32942af-5327-4853-a9f2-45c54f31d309,Network problem,5
ebbeeb6d-ccd2-4aa5-8a59-4b9806d1c5ec,Good,5
3907fab7-33b8-4b5a-900f-235e901a1209,Thas is good,1
2dfe2f91-29e7-43be-819e-40afedfcabdd,Not working,5
4ffa12cd-2a0a-4c72-a426-4003ea4ba586,WhatsApp ban problem,1
1465ac08-3d09-4c09-a77c-ab91bc19db4c,I dont have any update on my whatsapp you are liars program the rate is zero%,1
304589c5-3a86-46a2-827e-461e85fca91c,Good 👍,5
c1dffd43-eac8-4600-8be3-f8c5e1db0000,Now it's Cool to us Whatsapp video call but the pictures quality or video quality is not there but even if the phone 📱 camera is perfect.,4
5ada67eb-6216-4137-8e83-ec838981cbf1,Why can't I get what's app on this phone,1
0b3fd631-845e-4b14-a36b-ca7d6b9f83d8,I love this app,5
7a2b46ff-262c-432c-8a62-d29003874b14,very nice to see you.,5
594f935d-ec0a-49a3-a513-8cc288ff9d8a,Tellus more options,1
6fdd968a-f627-49fe-9aba-39cd0db6e298,Unfreeze my account plz,5
d754cd62-52e3-414a-a95f-bb7dd9eebee0,Radhe Radhe 🙏🏻,5
0196fe50-6183-4ed7-9d91-52b364b3d0e4,Business,5
582df69c-a6df-4104-8c1b-780eff04dee2,The app is getting better day by day... mew things everyday Still not happy that it's almost like Snapchat,3
3a91a86b-d824-480e-9d35-133b7c60408b,"9jv x,Ae33",1
b34eba1b-3c18-4adf-bba6-8599d42ea304,The best way to communicate with your friends,5
935cc2ba-c718-4069-9f51-bc28b8b491d2,Gud,5
791c4ef3-4880-4379-8ec5-c0d98bdc2f75,Good,4
cbcb6419-89a9-4009-8505-1ba9aac492e0,Rimu mannat,5
fdc557a8-c1a0-4296-9c47-fd5950eed589,Amazing app but alot of issues like messages not shawing send when it is and phone turing of when listening to voice notes and calls sound eco,4
65e25d30-8bdb-4c44-843e-13518c7554ba,"This is a stupid app, because there is no option for editing the messages. Next stupid item is showing a notification for the deleted messages. It's a superfulous thing. I believe WhatsApp programmers should follow the Telegram as a source of inspiration for the next updates! WhatsApp is an infant rather the Telegram. What are you doing men? You are so dullllll and deserve only a half star! Next weak point is there is no translation tool or a way to translate non-English messages !!!!",1
7997c26c-6d43-4117-8e01-dcb9f0292d9c,moi je pense que ke whatsapp est un application tres importemps,5
d8930511-b659-426c-b042-785fc102c24a,Nice,5
b719ea97-9a61-4d81-a0ed-5cc253515910,Viyitt,2
3d84860d-6c9f-41ff-9f88-3078d30740cc,I really love it Because we can get updates easy from it,4
13191b73-2268-49d7-a076-57cd374c8d91,Really 5,5
021a838a-9920-4861-ae2b-f1968c81af78,Just cool with the app,5
97c89105-4fc6-422b-80a9-1c65abf359f7,Excellent,5
b37e6ef4-11c4-4742-aa1c-92d13284b1cb,"Why is Ai meta not showing on my WhatsApp, Facebook and messenger despite updating All",1
b48ad3f2-7727-4d92-9445-d93ecdd17bc7,Everyone has meta AI... But still I haven't have meta AI,1
88b08ea6-12e6-4e72-a987-50fb57f69417,Very nice,5
3886aef2-b1a6-490c-8c52-68e887fef058,👍👍👍,5
9b6c1aed-22b7-4ab0-b5fc-7d2d3b347510,Very good,5
9ee7c9ac-874e-4341-90c6-f8fbacdb7800,Very slow,5
35090c97-fc50-4d90-b21a-8e98c1f7bc3f,Super,5
75ef4b7f-94ac-466b-bb66-e78d869f948b,Helpful to me in communicating with family and friends ❤ 💕 💖,5
207c3e00-6306-4458-bff4-5622d5755ff9,Habob,5
78801daa-bec3-44a6-ae97-bc8faf6e5ff6,Easy to access and use,5
88c474c1-d96b-452b-b647-815ee02e195f,I love everything about it,5
bfa7999c-d380-4365-99b0-47dca6f43370,Making easy life...,5
b25b81fd-7ffb-486e-bca0-85aff33b566e,Awesome,5
314c611b-b6bf-4f9a-8591-eddfcc712246,Good 👍🏻 but channels are not good,3
0a1db242-94e7-44fb-a398-24421f40597e,Cool,5
d107f012-400a-402b-be22-21971a120d41,Play section,1
fffc6445-5d27-4193-8e7e-3bf150da9b8b,Nice,5
d33e6aef-aca4-4c0c-965b-09efd08f399d,"Hey you updated with forthcoming movement of success,sex with aa",5
0bbb460f-ce4e-4f90-97cf-93a2a8cf705c,Abuukar Muuse abuukar Muuse,5
29e0ca56-4e0c-4edf-b69f-d8664eec89d0,Please i don't know what happened to my WhatsApp please you please show help me to open the app please,5
dc109f14-6f74-4dd7-a794-af8d0133f838,I dont no what is happen to my whatapp,5
6162c688-a7d8-433d-9962-898b8b5f4603,This app is good,1
8dcaf754-df32-43bc-a942-ee88f9448d59,jelek bgt gbisa dibuka,1
d017b7f3-89f6-4754-89ef-a308acb0a149,Very good,5
7dc0ff2c-ad37-43a0-bc1d-863512bc2539,Great,5
19e4f959-2264-4052-9a13-0aa554b6d3c9,I'm not satisfying how you are handling the problem of users. My phone is stolen and I have got another one and trying to register my number. But unfortunately you not verifying my number and responding me to use official WhatsApp and with it I'm trying to login. I need your help please.,5
517e78be-9510-4232-b0ca-cccacc68c4eb,Terrible Cant even access my chst backups. It say i need to put in a password for my chat backup even tho i didnt set one.,1
4c516959-779c-4f04-a70a-789e7512af68,"cuma connect ke wa web lgsg di blok, pas dibuka verify lagi kt nya bkn wa official🤓🤡 ⠀⠀⠀⠀⠀⠀⠀⠀⣠⣶⣿⣿⣿⣷⣤⡀⠀⠀⠀⠀⠀⠀⠀ ⠀⠀⠀⠀⠀⠀⢀⣾⡿⠋⠀⠿⠇⠉⠻⣿⣄⠀⠀⠀⠀⠀⠀ ⠀⠀⠀⠀⠀⢠⣿⠏⠀⠀⠀⠀⠀⠀⠀⠙⣿⣆⠀⠀⠀⠀⠀ ⠀⠀⠀⠀⢠⣿⡏⠀⠀⠀⠀⠀⠀⠀⠀⠀⠸⣿⣆⠀⠀⠀⠀ ⠀⠀⠀⠀⢸⣿⡄⠀⠀⠀⢀⣤⣀⠀⠀⠀⠀⣿⡿⠀⠀⠀⠀ ⠀⠀⠀⠀⠀⠻⣿⣶⣶⣾⡿⠟⢿⣷⣶⣶⣿⡟⠁⠀⠀⠀⠀ ⠀⠀⠀⠀⠀⠀⣿⡏⠉⠁⠀⠀⠀⠀⠉⠉⣿⡇⠀⠀⠀⠀⠀ ⠀⠀⠀⠀⠀⠀⣿⡇⠀⠀⠀⠀⠀⠀⠀⠀⣿⡇⠀⠀⠀⠀⠀ ⠀⠀⠀⠀⠀⠀⣿⡇⠀⠀⠀⠀⠀⠀⠀⠀⣿⡇⠀⠀⠀⠀⠀ ⠀⠀⠀⠀⠀⠀⣿⡇⠀⠀⠀⠀⠀⠀⠀⠀⣿⡇⠀⠀⠀⠀⠀ ⠀⠀⠀⠀⠀⠀⣿⡇⠀⠀⠀⠀⠀⠀⠀⠀⣿⡇⠀⠀⠀⠀⠀ ⠀⠀⠀⠀⠀⠀⣿⡇⠀⠀⠀⠀⠀⠀⠀⠀⣿⡇⠀⠀⠀⠀⠀ ⠀⠀⠀⠀⠀⠀⣿⡇⠀⠀⠀⠀⠀⠀⠀⠀⣿⡇⠀⠀⠀⠀⠀ ⠀⠀⠀⠀⠀⠀⣿⡇⠀⠀⣸⣿⠀⠀⠀⠀⣿⡇⠀⠀⠀⠀⠀ ⠀⠀⠀⠀⠀⠀⣿⡇⢀⣴⣿⠇⠀⠀⠀⠀⣿⡇⠀⠀⠀⠀⠀ ⠀⠀⠀⢀⣠⣴⣿⣷⣿⠟⠁⠀⠀⠀⠀⠀⣿⣧⣄⡀⠀⠀⠀ ⠀⢀⣴⡿⠛⠉⠁⠀⠀⠀⠀⠀⠀⠀⠀⠀⠈⠉⠙⢿⣷⣄⠀",1
bcf29fc7-c82f-435a-b778-6041f3808a66,My whatsapp is lock and l can't remember my pin to re-open. Thanks,5
44e8110c-b646-43e4-b3d1-0625fd2b48c6,"My whatsapp is not working again, any time that I want to go online it will not open",5
efd4c3d4-1d2e-4d75-bd54-5f33a9ac2834,Not helping,1
8bb39249-9288-46fb-ba5a-f62be29ab44d,Fabulous,5
f822c8ed-03c7-461d-afa5-8c2abe563177,Oga Amos is a good philanthropist and good Samaritan.,5
e9dc6e83-fc91-4492-b54a-a8b97dd90232,Nice ... Love it ... Like it,5
acacba08-c52e-4324-a5c4-655a8d89dcb6,I love this app,3
42d692d1-c8a7-4361-974c-c7b43751ec51,They videocall is favuilous connects rightaway once You tap to answer when your Mobil rings it's great,5
acf1bedc-39ac-4e62-84f4-7b927f6fd310,Halimah,5
7fe1e03b-03b0-4bfd-a3b6-0a55606b4513,Official WhatsApp,5
2b050704-3565-4653-b471-cb3f52a28405,No update,1
ac6f5c92-fab8-4ee4-8d58-ceae9eb76956,Akim ahamad,5
8353db66-cad3-433c-b2f1-246ad51b707f,So nice App WhatsApp Messenger ❤️,5
66b33e84-7da3-4d47-ae04-be241fa040c6,Ok 👌,5
e8d708ac-677c-48ef-9f7b-a05f97efcad8,Sleep,1
66dde34d-4bc5-4e18-9ef7-f8de59b0b174,This app doesn't want me to view channel so I don't think to rate it so make it work,2
ad04cef7-b6d7-4d28-89b5-46467d820193,I love this app,5
e48c3dd3-943a-496e-9284-4f29f9a16572,"Not good at all coz I downloaded it on another phone which got lost and on my new phone meta told me to that it will send my code to my old Samsung and to make things worse I'm in Europe, the only way to get connected to my family is watsap but now😳🙆😳😳",1
b8da82d8-865a-44b7-a61d-e83cc66506a0,Can't Longin In WhatsApp Account Wait 24 Hours To Login In WhatsApp Account,1
8541aad4-7349-4bd4-8207-7a683182f36f,Thank God always,5
2d0c3373-4f86-4382-b2fd-d3697bc04271,Good,5
99e1fefa-a15e-47f8-9196-295811f8d044,Not too good,3
bea9bf99-4f02-42ae-bfbb-506eda76e798,The application is very good,5
3c5b5bd7-8741-4ebb-b0f7-ab1fd25c6816,The most wantem sok on Earth,5
e1b5c4f0-916a-4f31-8c45-afa1332c6f20,Yas good,5
db6253db-b2e9-417f-aefe-73f50fc0356e,My feivsrite app,5
0370cdb1-6d60-4815-84c3-f8ce5be7dabc,.Open app that all apps can use to get started.,5
24db3bd1-d669-4b4d-a0fe-4e338e200028,It is a good app for texts and calls but the main problem of this app is that the deleted messages are not recover.,5
2c2508e9-3881-4f97-8954-456b5f832ee7,I don't like this?,2
1ff16cae-b8cc-4c23-9599-ab2b2ac1ea2a,😑👍🏻,5
5f5a9bec-9316-4766-a453-05699d6da39c,Ok it's not that bad guys but for me it's a booo,3
cd86d431-0b8c-4b82-b8b2-7247dac19ac8,Nice,5
4894ccbd-0a23-4f2e-9160-3f9a7e14d81b,Content,5
6eaa7847-47fd-40c7-8537-a0afc702266a,Its nice to have this app in my phone lately,5
88af6c71-6366-48b1-9958-7acdd9748e5d,ok,3
749f8c71-9fba-46fb-937e-967ce5592268,Dear Whatsapp team I am not getting any option of mata ai in my Whatsapp account I have even updated Whatsapp from play store but this problem is still occurring please install the option of mata ai feature in my Whatsapp account as soon as possible,3
32b92fac-523d-4ecb-88d1-aac580994cb7,Greatest of all apps......nothing else to say.,5
e3058385-cf32-4b01-b72a-720e8505f7f1,La plus mauvaise application dans toute ma vie .,1
019813e5-fefb-4fbe-86b1-3ea26d0c8956,Good,5
9bf1aa0a-d773-482e-a6e6-ff2720dd2ec3,Love the app and it so phenomenal 🤞😍.,5
c0ea9794-bc21-4c0a-a483-6719389f8d18,What's up team sir My what's up account to show problem what's up to no longer due this stamp Please My acunt unblock sir My problem 4month se show ho raha ha,2
e006492c-53b4-4031-abfe-945ae4808527,"Like a lot of people, the recent update has made this unusable for me on Chromebook. Crashes as soon as I start the app. Constant messages popping up saying Whatsapp has stopped responding, despite it not running at all.",1
d51353b1-812a-40f1-8510-9ac75b5b2a59,Inbox,5
1df31ca2-025c-4f7d-b10b-6f8a409c6ccf,Shoaibali,5
dc50c5aa-4d8a-4bdd-83c2-fd5b87b1f6fb,This app took a little long to install but it doesn't matter cause it helped me a lot and this app and facebook is the best apps in the whole world😊,5
91faedf5-f37b-4010-aef9-f38c893b7911,mera ai not showing,1
b710ecd1-8500-4653-84ec-00a5d6fba713,How to enable filter in video call,1
12000fa1-3426-41e4-bcee-d862839f9a57,My experience is that my WhatsApp automatically wiped off without any information from the WhatsApp Coordinates.,1
5d6c410e-47ad-4442-913e-0605e6fa2e1c,Good,5
b93a8b28-23bc-4a74-8115-4285567bf853,My chats aren't backing up since this latest update,1
1dda38d4-2c15-4e20-9bf2-06a05e24a7f3,The App is good and nice,5
d5b21b38-692b-4d75-8c53-be04d88e8f3c,Whatsapp is basically oxygen.,5
04baa23d-227e-49ab-b499-49ebf29cc82d,This app is the most benefits app in every app especially it's fractures eg artificial intelligence (AI) etc,5
23d71ed6-2e38-4141-a311-479f42a3f97e,"Bom, mas quando troquei de apararelho perdi todas as mensagens mandadas num periodo de UM MÊS, MENSAGENS IMPORTANTES",2
737a30ca-b69b-4944-aced-ef9557d1e268,Nice,4
02832e03-9829-4237-89c6-e1a562cf1f93,God's love is always on me,5
10b80d56-8537-4cef-abf5-77218059c8f1,Good service,5
227e4d5f-e062-4373-a341-7e5f7fa67f6a,Manageable,5
d99cbeb5-c432-4d86-b801-5b8edd333233,ok,3
f0aeba7c-246f-49a5-90e5-3876fedf179f,Whatsapp problem,5
8b75c724-60e4-42b5-b224-44eaba98730a,Tiktok Ugandans,5
141151fb-9bd7-4728-83d6-8193cb218a6e,bb?z,3
c9a3049d-48a9-421e-b12d-fbeabf51fa23,Best and Excellent app for chatting and communicating with friends and family members,5
9e2cafba-4eee-4a28-969d-b7edb33e3889,Cool,5
6820b846-f304-4007-a78a-0e65005de5d2,Nice.,5
32635239-77b8-49a5-87bf-e5b3331ed8b0,"Apps very ok ,enjoy its sevrices",4
627150e2-048c-404b-83e9-fabe82620756,But it's very slow I can't get into groups and stuff cause it's kicking me out idk why,3
8e7262b0-b92f-4b21-a5a6-4c845d20d893,My WhatsApp OTP is don't come,5
3e994d41-f1ee-49b6-8f32-7a0e879a6265,good,5
8537d9ce-2e16-49ab-b6de-e5747372992f,Abubakar sarkar,5
b6fb8e00-2c5b-4daf-bd25-1711e69f2b42,Super cool to use especially using the AI,4
cceb517b-699d-4959-9d35-632efd17126e,This apo is hardness to login or signin,1
b702ff3e-61fe-4162-881f-a0705295ee4c,"My app has stopped,what is wrong",1
5def9454-9fec-4646-af49-a42fab5cfb09,Got kicked off for communication with an exchange student who was staying with me and now have no way to contact. This should not be trusted as a means of communication,1
be3e4871-6291-433d-90c9-310848d9cc85,Excellent,5
47bb671b-20bc-4e93-b2ff-744f457646ff,helpfull,4
fb9fa08d-b1ea-4bf3-aa61-1694a90e5f73,one of the biggest apps communication app in the world 🌍,3
406fde28-98f5-4c72-95a0-01fd4a6d5bf5,The best,5
e40e6e54-2ad6-4ad2-81c7-229e859a800d,Excellent,5
307bd76f-e656-41e5-a93b-c26b152d4015,Just perfect for me and i also like the graphics,5
0ed92ee8-c4fe-4453-ac2b-290e9cb83db4,The most easiest means to transfer audios and videos across all mediums. Even cross over android and icloud. (Please watch Emmanuel.tv),4
6261b806-ef54-491a-8235-001ed0444fa2,One of the best apps ever,5
f6b857c2-a0af-42c6-8607-497aedf0f450,Love it!!! Thank you :),5
94a574b7-b697-40db-ac15-348b5c1876cb,"Very nice, I love it.",1
294857d0-b754-405e-abe8-7531b77e385c,How to chat,5
75c25705-59cc-43d4-b089-60f16ae0ffe6,Very slow,3
24db8e5a-7248-486f-b5d3-15c841195912,It logged me out for no reason 😭,1
39ee09ef-faae-4762-a519-ff5d7a36f7c0,My whatdadf,5
27c36b00-ab36-42fa-b318-73d1531a36a3,Its good,5
8a52d76f-9bff-4406-b20f-23f6ac3a635d,I'm responsible lady.,5
c19dce59-ba78-4143-a711-b6749c5a76d0,"I am trying to re register my whatsapp since 3,weaks but i am not getting any OTP,even not get any single time,i tried a lot to contact support but every time they send automated reply with some nonsense instructions.i do all rhe things what i can but i am fail in registerning.Do anything if anybody read out reviews.",1
43c6ec47-d1b1-4fbf-ab31-6bed0b8020ff,Such excellent work,5
834b75a0-f776-4c15-8b0c-e81de9d174b1,OTP issue,1
b99da1b0-5f2a-4891-b1c5-2e61994d0e68,Good,2
9477d247-00b9-4ab6-a8a5-b597962a9239,It's an amazing app.I love it and people should try it out 😊,5
856ef445-471e-4a0e-ba35-811be80513e2,Good,5
74320216-1477-4932-8945-de2d61aa58ff,G tt to tt,1
267f7837-105d-4b85-9a42-50641e0a5c31,Goed,5
8dddc396-2c8e-4448-8bca-1ad840aac3e5,Sharam karo,5
6dc6ca53-ceff-45e4-aa80-df0f1dfe8e51,"I've been using this app for years and not once did it disappoint me. i enjoy using it and all that because i get to stay in contact with my friends, family and obviously my partner, but there's this one little problem... i can't send any songs to my contacts... please fix that.",4
17f0cc97-0740-4c8b-89e5-671120eda5f3,Fatumaabu,5
01066d3b-d145-4c4a-a6d1-fea62bb7c2b0,Nice,5
5fbfce3b-9233-4423-9b9e-c27065470e0a,Meta AI not showing in my WhatsApp.,4
c3deac15-451a-46be-9d14-d30d93f8ec51,This app has video bar,5
c83418aa-bf9c-4c94-b20b-c7085cf42d7e,Solwezii,5
c2536a78-543d-4080-bd8e-14abc14ecb93,Each time I open my WhatsApp account after some hours it will show me this account couldn't open due to spam I pray 🙏🙏🙏🙏 the technical support help fix it,1
6a4b73a5-ab20-4a13-a23e-6b433c804e6d,My account got banned immediately i opened to chat and since then you are falling to let md visit your app,1
18c73a07-78f2-4815-af8f-1a1b3edac29e,Awesome!,5
4ca70fed-0909-4105-99e6-db06e21f7dfe,WhatsApp is very interested and I need to update my acct please,5
3dde821a-8080-4855-94b2-62efab167df3,Amazing app you need contact Lalma AI on this Meta AI's Memory is terrible,5
8d27aa67-b690-43b4-b63c-77a55b411ebf,I am very grateful for this great opportunity for this wonderful thing you have done for me this night,5
8c1144e4-03bd-4fe5-8d57-b7f788927f8d,Good,5
79ec6b15-4243-4124-8f90-f85798018c5b,Hi please my whatsapp is not connecting u have banned me from using my whatsapp account please if I may ask why so please sir or ma unbanned my account I apologize for all that I have done to deserve this coz chatting on my account makes things easier for me than the rest of them like fb telegram etc please sir or ma I apologize once again thank you for accepting my request,5
cdc7a497-c4ad-41ad-8884-616c3309f046,Love this app,5
f5aa6116-b480-46c3-a9b1-44dcaef0ea12,It is very good 👍,5
4947e904-1f49-4167-ac9b-71536f809482,Very good,5
3ea7b9b7-f4c0-47b8-91da-3f079cd3066b,Good,5
da409cb8-5089-4de6-bfe3-12f87e1adc93,Most amazing,5
297d9c5a-ec29-4818-b73a-021b25c7ed9d,Very good,5
6f6b0870-d581-415d-b16c-35a833c6ae6c,iloveit,5
422da091-c0b5-4876-9738-6df2f2235326,Very accessible.,5
3bc97343-defb-4da1-b957-37585755e915,Joseph kiteme,5
5578b3c3-9587-4497-b86d-e2fddafaf4be,Yeah good,5
85d71710-7f7f-4b74-a820-689068800e77,Fantastic experience.,4
c9e314f5-9e77-40c0-8777-4c2162b49e7e,WhatsApp is wonderful 👍,5
d164d7a4-717e-471d-a7ae-4c4696bc7c12,AVSFBA AVSFBA,5
c1015d54-e4c1-40a9-8a7e-67b9148f1e2a,Good,5
2c67ec49-c0da-4d68-8ed2-2fd6073e2f07,Ok,5
647c10bf-5787-4db7-8c55-2709631c626e,Daniel barakah,5
7571a2cf-7186-40dd-b6b7-a8e624633168,I like WhatsApp but I,5
fb5b8f4c-731f-431f-ad58-e8fc66a799a4,❤️,5
6e3e17a2-22aa-49f6-abf5-c3c9861acbc4,The best apps,5
1667f753-ece9-4c7e-89f0-612b960783c2,It is good,5
a419b409-8b8a-4547-a96a-759042eb2b11,Kavita Kumari,5
d4cf1073-b918-428c-ba88-ecc0968611da,suleimons sobowale,5
9fa05ce1-5370-44f8-b236-c0973cbe20b0,ok love he missed pick ⚒️ pplpp y I am poi o Looks great oopo hy. Black,1
d8fe764e-b4e7-4fcd-9b7d-ae579a835292,"Now yr Meta AI icon again blocking my chats list! 😠 I wun use, i rather use google if wanto find info",1
834636fa-35a3-41db-a1bb-3fc75baac543,"I,think is just cool",5
cb2a56d6-5a52-44b0-8680-f394c7d9765a,Woow nice 👍,5
8442c6bf-65e4-44d5-8b35-8adac8ebb184,"When recieving videos through chat, The videos automatically save to my phone's gallery, but they don't play. Only the sound plays and the video freezes. I received videos through other apps and saved them to my gallery, and they are all fine. Seems to be an issue with WhatsApp.",1
3967150a-b6f4-48e4-9a91-85a05cce9ff9,The app is really good,5
e9a0e8dd-e718-497e-9f7c-389b035827f4,Labarina,2
0033ccf1-c749-4ab8-a31e-b1605b2e69c8,Best social media app 👌,5
16d6737e-df5c-48ff-8ce0-334a80a13e8d,Good,5
468ac1e3-08c7-4c6a-bea7-73d1eb9974ae,This app is not working,5
8404bf0a-359b-42ee-ad8b-a99658d577dd,Quick and fast to operate with the new features,4
1258e0a7-c4d8-4734-b498-05f0dc5c9cfa,good,2
342d4280-1ad2-4eed-b4f8-0491ee47e1c0,whataap on,5
0a53543c-45fa-4d6a-96f6-89c89740366c,This app is great and has no ad,5
0342a45c-3742-47c4-a2a7-03e90b35ddac,My WhatsApp account got Spam from no way.....I don't know why,5
b30d4be8-79bc-4d66-bfdc-073061a9f9fe,Dollars,5
3a1e2338-6455-4ccd-82ba-c8e2433a0bcd,Not bad,2
aaa0bde5-1b64-4ce1-87f3-4808ebb54517,Backup not restore,1
5b7d1cf6-2ac6-43a8-86b7-8c6d9858c94c,Its better,5
4e1390f5-3b54-4beb-8d20-87962558c029,nice app to use,5
b3808730-46e0-473f-8a34-a8334b1f5a43,WITH GOD ALL THINGS ARE POSSIBLE,5
7916cc7a-826a-4254-8e33-7fc945fed84b,is to slow if am browsing,5
e1455be5-3496-475f-8d88-5518e6ff3540,Love videos and talking to friends,5
7910e5af-1a43-4ee6-9fd4-e9fd0dc33d46,Add new features that who can take screenshot of anyone's DP 😁😁,3
f50abcbb-c424-454e-b2f0-f18ee29e2e7b,اوکی,5
d7f0b797-7edb-4562-a1d8-398ff9b5ac64,In,5
fb510fe4-c875-48fc-a682-c67034befdb2,I tried update this app but the app was just and try to tell i got some issue them we fixed it up and this is not my first time of updating this app Am getting tire this app was unable to be updated to the latest version help me improve this oo the app is so exciting,1
c07fa589-a059-4610-83d7-9bd91023112f,Sometimes not clear other times not bad,3
60598157-fd2f-446f-82ee-6cff6b45416f,I feel like I'm connecting back to my team but I also feel that I'm not sure it's a little bit of day first day there was a mistake made and I was canceled out after connecting to all my contacts but now it looks like it's doing good but I haven't seen no progress yet God bless everyone. Oh and just kind of hard to jump back in a lot of projects have to reconnect to hopefully the what app can help and everyone for you guys had a good 4th of July and what up let's make some money let's makeMake$$,5
d1926415-5110-4b74-ad98-e28f140c72df,Please add more features to meta (Ai ) just like voice message something,4
204f8871-d0b3-4bac-af4f-b5848dc40427,Nice,5
41834cf1-1875-4bcc-a622-fe02fb6ddcc6,Why are voice message automatically download??? It's a cool app though,1
35ceb9e3-2160-4a76-9d7b-adfe4fc6dd9e,The app is a very good app,5
b8af3c3a-9ea4-49ec-a7ed-818aa9d3650c,It's really refreshing using this app I recommend you try it,1
981c1585-28d1-466e-8af8-818a2f5e900e,super,5
9f1e7055-bcb7-4504-bd80-653b51f2b3a6,It is the best,4
aeaf0ec7-96a5-4d70-9a23-ab5cd98c7ff1,Usman. GRBA,1
010deb69-71f4-4aa0-96e2-b82b96f23c33,Very useful and helps better with everything,5
f21587b3-69da-4ed4-b7d2-4edd92a35b40,I see not fine since in my phone when i open it tell me that you need oficial whatsap🐵 so not fine for me,2
f61e6afd-886c-40e1-aafe-49ede5bf87d0,I love it,5
f18068d5-725e-485b-9ccb-b3ed002693a0,Download,5
cec5eceb-f40b-4be5-9a3e-71ddd2d51f61,Very good,5
9dc5b35f-28e2-4f03-b7f7-b45d7602946e,Vert accessible,5
ed2ad561-7d17-4485-b7a4-81b19b47fbcf,🔥🔥💯💯,5
28421ade-4f26-4bcc-87c6-17cf94506c78,develop user interface its boring from years,1
cbb504ee-b18a-4ee7-af3d-4d652c578b84,To recover my intalled apps in my phone,5
7ce6ea91-325b-49c8-ab53-1f6c614ce73c,Hi Whatsapp team please help me My otp not received my number please resolve my otp problem Thank you,1
fa80a827-1067-4e89-92c2-3f4904e574e2,Good,5
817b5550-501c-4c37-8961-4e9d181adcaf,I have problem with my WhatsApp,5
133b507e-60a1-4268-9cb5-a21c52aae222,I love this app especially the editing of text messages men especially those of us that they don't know how to type fast so we make mistakes,5
f4534fa5-d655-4270-9ba8-8fd63acc6fa4,You need official WhatsApp to log in please check problem plzzz the,5
18d792ca-c703-4396-8ab0-cf6d72f74075,Yes y,3
6008c01f-e14a-4105-9cce-f102235a23a0,When i want to mute whatsapp statuses I might want to just enjoy them without audio; a mute button.,2
e1fdeb6d-e1e1-446e-8231-1a21937e74b2,This is the best app in this world,5
69bbd038-1aa6-47db-989b-f0ecf7830e00,It's good & it pays.,5
0b157565-b91a-4a80-96fe-cadd850bcb9e,Zahid Khan,5
61af513a-cbe0-4623-81ce-f87966dd1f92,Very good app,5
d8f50c3e-fb15-4533-b660-b79b9029af1e,It is the best,5
3b83ed21-db13-4b25-8d93-a8e25a88c5a7,ADD AI feature,5
e1a48871-c8ff-4a0c-847f-0e47813abc64,We use group for our business... Plz change the group call icon first.... Right now this icon we dont want... We want call button icon plz,1
975b7e3b-f7df-479b-b123-c9e9b9daf1c6,🐍🙅‍♀️👩‍🦲🪿🦆🙇‍♀️,5
0d032482-2280-49f0-8ff8-52a21614f582,Nice one whatsapp,4
fd6d7675-d480-4266-9f4f-faf2e509a9e4,I want this app to work,5
196f316c-e153-47bd-b2ca-b58a3af67934,"Específicamente calificando la función de respaldo. Esta función es tan mala que es insultante para el usuario. Recientemente cambiar de un teléfono viejo a uno nuevo, WhatsApp elimina por completo la carpetas ""Imágenes de WhatsApp"" y ""Videos de WhatsApp"" de la galería local del teléfono, sin previo aviso. Adicionalmente se supone que el respaldo de chat, se hace junto con los medios y no es verdad. La aplicación reemplazó un respaldo de 2.5 GB con uno de 125 MB. Se perdió todo.",1
cd21c372-31a8-4aa2-bb07-6f8f0170c213,It helps to download What sApp,2
0909ab8c-d832-4055-8047-101792f40749,Alihamz,5
0dc80dae-0cda-4156-ab05-17a1a89d2750,Not good when I tried to set it up it was on a different language and I can't do a snapshot,1
0b71412b-ecaf-4e4b-b364-11e56e7763c7,Horrible and slow. It deletes your account for no reason.,1
298a10d6-b5ef-44d0-b6f6-74ffa25222da,Rahul pandra,5
3d2a9039-c7c9-41b7-8336-096a6e1cd37b,bagladh,5
ff5c1362-529c-4df3-8906-c31e69df7265,Nice,5
55b04665-f7ad-402b-b584-3e0d9f475339,Nice,5
55d8da56-2093-42ce-b781-4dd2ea964303,Add face unlock feature to WhatsApp,2
a5c5772a-3a9c-431e-93d7-b51638cf3830,"Very excited , happy and it is most strongest app that we can chat there",5
0a148178-d21d-4995-ad11-77620adb9147,Poor network service.,1
f4d35362-4b05-4bd5-b155-eec4895344f1,Is that this app is always helping me in any situation,5
9e30e539-2f4e-4dcf-85db-5e276c00df77,It's okay it's horrible i can't even get on,5
7f5d038c-f449-42ee-affc-f7ca0e8abf43,good,5
ac9d3388-b6ef-4ada-b338-282411d9cb61,I lost everything on my whats app twice and my video back ground won't change. Also support didn't do nothing for me.,1
8024c866-1f5e-47fb-bb21-4043370925e1,Nice,5
a4d01dc9-abbc-4a2f-adee-dc8a4101cdec,o ;$6753×÷%7nvx,2
b6b828ac-45d2-4642-b0a1-bd7f17a3b98e,This app is a great app,5
80a128f5-4856-42e2-b661-35269c11f0cc,good,5
621bcaf6-3b78-49d0-b56a-fececdb26cd6,I very grateful,5
b41a8c65-1cfd-4c85-8a0c-21b9246c21c2,Bussiness man,4
a6d44071-460a-4251-aaf7-28f219e8874b,Good,5
d8aed61f-56d6-4a79-b30e-dc624a338294,Dmar,5
c3810b67-e5a7-431b-a8eb-1dc8984f1d57,بيعلق,2
ab4646c3-31b9-4e09-98c2-a5e9454140ac,This app is super cool,5
762c58c0-59b2-4e3f-8996-0e839b920bfc,Loveley,5
6769a9cf-a92c-4a03-88b7-ddb6049d9f5d,Open it T Ab Sb Bsjsn.,4
392d5aee-6c78-4631-a658-bbf3b43dc307,🤗🤗,2
f179b2a6-c991-460e-8b3f-60a9f4d0ff16,Whatsapp hi no more work,5
2b42fe12-9647-4278-9f16-296177cc675c,its a very nice app,5
c740116a-8ee7-44f1-ac7b-c8914b81eeb3,Phone number cant be verified,5
691755ab-017a-4121-9b9b-3acf5f67c23c,This is amazing application,5
dc435d04-015f-489e-b2ca-58bfe1521e2f,"I just download this app, and I have been trying to open it... They keep saying I should uninstall it. I did that up to 4 to 5 times now and is not openly. Is there any problem. Please what can I do?",1
d3668ebf-5467-4e1c-863f-40147846ed8e,Good app,5
909332c4-afb1-43b4-8921-952abde860c2,Civil engineer,5
02e31104-c3ad-4e5b-a9ab-31b0bc6125c4,Too many Job scams on WhatsApp,1
e96cba6e-4aa2-4b3d-8a95-2a7db1784a29,Excellent,5
53a939b0-9d74-4cf9-84bb-a40f25bbdaff,Awesome 👍💯,5
8bee6781-83d3-4d45-964f-8d62d68ca0cb,Good 😊,5
89466561-af32-44f6-925f-33927ba28341,"I have been using WhatsApp since 2020, But to install this one is really giving me some difficulties...",3
36d9344b-4407-420f-9774-9fcde3f7e3dd,Great product,5
ef0632ec-b748-4196-b4c0-c45a2fc83dc9,Sami,1
f3c3eab6-b78a-4cc2-a3f4-59b2d82952b3,Abubakrmuhameed,5
dfc1568d-28a9-4ebe-984e-f50ab260d53e,Noice,5
6af0000d-40b8-46c8-9ea3-e31e7ef6d369,I can do it,4
e1994371-15bd-4bbb-9f30-f1f99bf72f54,More than good,4
355e03b8-2dc0-4506-a16c-97e4501a0160,Best among all,4
961ad7fc-b901-44f8-94f6-ef47677240b0,Nice,5
54370428-c18d-46d7-a4ec-7911b976137e,Apdate,5
ded18ad0-e7e1-4a8e-9059-515bb8f651c3,This app so amazing 💗 please don't leak my data,5
461fced9-e946-4ea6-8d73-05bbfcf575d7,Ngoni,5
7d7c8889-98c5-4eff-a571-8fe92eb0229c,It's still loading,1
0e01ab5d-1491-48f6-a719-6a95484b3d17,"Really great,always the best",5
dd62294a-8d9d-4ad8-a040-019316a1defb,My WhatsApp is officiall but still it can't open and can't verify they give a error like you need official WhatsApp to use this account I want to on my WhatsApp but my WhatsApp can't open fix this problem plz,1
9cdfe558-7f30-4171-83a1-475dbb385e91,Sir mera whatsapp kyu nhee chal rha,1
9d9afc8a-f46d-4366-995d-323ede62c488,Good,5
7af2bffa-e96b-43ec-9ab4-2259d764bb40,It very good and nice,5
1ca09257-164e-49cb-8d48-8ad44b1c777f,Good,5
04ca2004-ef79-4896-82eb-fdffe8f409b2,It very great,5
790c8656-f2cb-441e-8ac4-05a1f3e68b00,"I had good experience with the app until recently, my accounts gets blocked now and then, turning to bogus",1
a4622e3e-8555-48b9-8bd8-b0c0bd13e0a9,It's a good app,5
8f6913a0-1607-49b8-aee5-b9836874df06,Mothe,5
29f0176a-2df1-47cb-96da-1b33204b5330,Cool,5
c979fecf-885f-4048-ae23-4b55aff5ee29,I want to go and set up the what app so I can chat I wanted private I want to check with the people that I want to chat with I want to get a picture out of my gallery I just want one picture out of my gallery,5
22fa73f4-c2ab-4043-a9eb-ec534eb7b061,pls open my whatapps,5
7580c2f5-bc78-478b-a24f-fbcf2a59037d,code not send,1
ccc15ee6-1e02-423c-bc23-fa025d86ec00,wartsapp,5
e4702007-60e2-4c9e-96c3-5a1d15962dbc,Very bad,1
c4d6af56-1f61-4f59-952f-26a68b9d8265,Needs To be DeBugged it's Not Working right? & Too Much Scam on Messenger as Well,1
636da8ad-ec17-4b6f-b9c5-a6db38a9ef0b,Intrusive....,1
c590e528-0446-49c4-b55d-53a6bb7584f9,আমার কিজকিব,5
9b7a7bff-4007-428c-b765-6ae85f3439cf,Hyper,5
1fffe078-fb74-4e1e-8276-903fe7c6f9d8,Meta Ai is just amazing,5
db9ed769-e40c-4d39-966b-91db13cdf7f1,واتساپم نصب نمیشه،یه فکری بکن,1
7fe11014-3022-4bbf-81b9-f6e58d7e8da4,KHALIPSON,1
490ea8ce-5e4e-49c9-84d9-0569a1e25ac0,Anurada,1
61147125-49f5-4e18-baed-c92547198fc8,Nice and good,5
7c8944cb-af78-46fc-a384-e0727091814e,very good,5
dafda294-cbd3-47ac-91ae-0cc0118f2c74,Miski maxamed cabdi,4
36c5c2c3-a2e0-49b2-838e-bac983f5cfab,Add files sharing Best of all,5
020c4b44-5880-4d2d-8d76-95c24197e2a9,This app disappointed me I can't open any channel it telling me something went wrong try again later after bosting to my friends that I have metal ai,2
4dd1e4b6-ddf9-4417-9755-34fb709404e6,nice one,1
3ff24d51-7bf3-456f-b758-d47a77a17cfb,Nice what's app,5
03ed10ee-d1c1-47f2-94a7-504dc752ef9a,আশরাফুল,5
7bdc3d36-7e6f-4496-a9f1-ffd91fb0aab7,it's amazing,3
8bda0c2f-ce5a-4f71-a00b-58d710438067,Super,4
2c05d8fd-8e71-4755-b3db-b382d63abbd3,"Hi WhatsApp Team, I wanted to share my feedback about the Meta AI tool. I've been using it to get help with various topics, including Polki Kundan Jewellery, and I must say it's been incredibly helpful! The tool is knowledgeable, responsive, and easy to use. I appreciate the effort you've put into developing this tool, and I look forward to seeing more features and improvements in the future. Keep up the great work! Best regards, [Rahul soni]",5
6414dbd0-d987-46d3-aa7a-9ada91f3e4ce,Are you going to work today,1
e2839353-4b28-4e55-84b3-bef2091c604e,"I was using since last 10 years Now i am not gonna to use this worst app,, by mistake my kids deleted this app and i lost all my past data,, please do let me know how can i retrieve all my data",1
36f4c59a-fdbe-4230-b7ed-357f912f49e5,Whatsapp is best but my all numbers are spam 😭 and one number is spam by temporary and don't send a code plz solve my problem before I rated all star,1
0515a35c-d4f3-4466-9dd2-feeec73bb1f4,Very easy to use,4
cb8e2690-e8d1-4c88-beda-76dc0a2aa13b,Thanks dear,5
df598b6f-4a80-47d7-bea2-4e2051bef96e,I can talk to my family while they are away,5
34c173ff-2085-43e3-b223-cee6278a1959,?d,5
49235dfa-9aa1-434a-8f3d-55a297d55fce,Excited,5
24155bc3-cfae-4975-8908-8a07444b638e,Was helpful to me,5
34d35790-3099-43bb-94a2-9b4d7d4505c8,Diz vare paléllö a gödœ just a good app,5
69944fc4-81cd-4041-8a64-9ba0b732935a,I have been trying to open my WhatsApp but it's saying that I should download the new version. I have done that already and it keeps saying same thing.,1
a7a4758f-39ad-4196-93c1-07aaa080d4e4,Vey fun and the updated features are going well...so far,4
71c03dfa-a448-4691-96ef-e2bcdebaae9c,My WhatsApp is keeping me long,5
38b38532-3a3d-4e15-8766-de6cfd6975aa,t I am not h itt to be the ru doing it for t shirt with the new sprint Cup i,5
e20c97c4-efb0-4e20-b0a6-2b21ff723536,Owk,5
bb24d736-c12f-40ed-87c1-6e99dfa7e914,"This app is actually nice but it became annoying during this day and i need the help of the manager of this app, almost every day you block my whatsapp for what and i have some importance meeting i need to have but because my whatsapp as been block how will i undergo my meeting i have missed up to 3 meetings because of this bloxk of whatsapp so i need the help of whatsapp its self",1
678a4128-610a-4beb-8634-1041227cb8c1,Self employment,5
ad2eac3c-a6a1-4962-9b56-5f514ea57bb4,Good 👍,5
934a084a-1e7a-4de9-9169-9afba46d8f6b,Know how to use WhatsApp,5
381827d1-f006-4bd1-bd78-9839b0a51429,the only one thing that I love is this app,5
68edc1d6-7788-40f4-9fc7-a4452706044f,Nice,5
47dd03f4-abb8-4823-ac1a-4c189c8565d5,Best messaging app,5
6a6df05f-eb74-49ae-8a17-3f94ce353de8,Great,5
504b1dbe-60cd-424e-bf44-2292a93c177c,When I installed the apps that shows not officiall apps..,5
e2f16edd-9e2d-4ad6-a9f4-3142ddb5a816,nice,5
a6b065a0-e3bb-441d-b1c3-b2d95556dd93,Use daily please,5
29744609-bd26-4b2e-8b28-9a0d03fc4563,Nice,5
55942699-d83a-4c30-81f7-204626bbc303,"Why is there haptic , when I press any of the button options during calls or video calls? Also why make the call duration counter smaller",2
0b552c1c-bbc8-4db0-888d-5e3390ff48b9,I like this app,5
52b8c3f2-588d-471b-bbc3-15ae47979404,Nice,5
004028ee-cafb-43f0-9a88-bd1f1da41418,loving ❤️ it,5
a519579a-f651-4099-b107-566a839cf839,AI is installed my religion to lord Ram and say to profit Mohammad jok so religion is important 🤬,1
af338342-33b5-4204-bae6-27fc3518d8da,Satisfy,5
948a0eff-ce96-4da2-a6a8-830bc4cf5d66,Wonderful Experience.,5
51ecd03e-be3b-4460-9efb-a7314d71593d,It's use to update fast,1
313a35be-b34e-4886-8488-3c548880d88b,Teaching,2
9a0e3ed0-3383-4861-aaa5-d5ff68f869e2,Shabnir shbbir,5
3de84c77-e28b-4f19-b4e3-d036b3024567,I like it,5
50ee4099-0c4d-44fb-81e5-7590857282fe,Need,5
7e9ccbcc-2292-4705-ace1-c2af0b4c40d2,I love this app,5
84e9f379-3f31-4563-aaf3-b22b122989a6,Good,5
e4a40cf6-a023-444c-935d-a4293eab8ede,I am unable to login why.????????????,5
875656fa-5a03-48e6-ac34-729861ff63f0,His very important App,5
b0b73d0f-a90d-4453-8fe5-ac476e7e9890,App,3
5139d5e7-37ac-48ea-ac95-3897ed174b8f,ৰ্দ,5
3756ee19-b17f-4ec9-805a-02690d212a22,Useful and reliable,5
7f212af8-3303-485f-aa9e-04d03fb62a3c,"It shows failed to join, when ever I need to add to any group for link",1
72f5dd01-334d-45e7-9f2d-38bf731568a6,hang,1
0fa2e85b-e8b0-4473-857b-4696bb12e3ee,Amazing this ap,5
2ca133d3-a1cb-46b9-8f9d-1cbce3edbf74,Costa Ritchi,2
826bf12b-8ed3-4201-b808-30151a8993ac,"Rubbish , signal is the best",1
dbedc0bd-b86f-48e2-b6fe-23a649acfbd3,Good,5
a108f483-5bb3-4a28-8373-80af12b7fe26,Good,4
e5e4c8f9-9f9a-46e4-a729-0434792b3868,Good 👍,5
76f10d88-4a53-4b0a-b4c0-be0a19fce7c8,Worth using this app...,5
beac35f0-b394-4ac1-9426-c9b17ecc414b,Be your own boss,5
a0756585-c8c1-4e75-9546-119467c7e3ca,Awesome,4
f00ba101-eb9f-4f3f-a295-d4606f9f7fc7,سئ جدا,3
d2841835-7002-4fe3-b203-19aaaba9c316,😞,3
28ea19dc-04bf-4990-a403-5fa065362c21,Please when I download wassup it can come,2
1791a94b-1578-4ea9-82a1-bd2c10ef2baf,पलननमम,5
a2420abc-d1fb-4545-b019-c5c8a107bc64,Good,5
f800a16a-99ba-4e32-b37e-ce6b73ef6e3c,Please help me with this problem my account doesn't wanna open to this app,5
317e77b4-4268-4513-8c27-5258a19c47a0,Yes i love it,2
8ef96109-26c2-4556-b80e-aef95e77922b,Nmjnnnm mnknnmk ...nmm NVR im.mxmm.k. M.n. m mmmm .m l omm mmm. let om l. N m mm mm mm m mm . Mm l Km mm .m Km N. Mlm m Mlmmmmm mml. O. Mm ml m. M mn m . M mm m. M MB m mmmm m m m . .mlm M.k mll. M. Mm Mkmm N n m mmm mm mmnn m p Pompano,2
b90de8d2-d255-497b-acea-1556562d8242,It is a publicly using free platform to communicate among the people who are living so far from you ❣️❣️❣️. This app has made it's own craze and popularity . Thankyou WhatsApp ❤️❤️❤️❤️,5
ea1b1d77-695b-4186-8f8d-2fab04ca931a,Ashok kumar,5
d6a705e2-8632-4d7e-9a14-a11d575b5629,"This happen some time ago and letter today it still happen again, when ever I stay longer without using whatsapp it happen like that, but I don't know what to do now. My name is Nuhu gunduma and the divice I'm used now is oppo android.",5
9d2bffa8-4922-47c9-b998-2be28e90767b,احمد جاوید مسجدی,5
3c5b1540-2c6f-4fad-ab7b-a62e94a68a2b,The app is good,3
c7cdd8e1-6e94-45e8-ab78-9d795a3670ca,MOHAMMED SUBHAN,5
8f5f1a91-2d37-4fb1-b90a-faf8da9939b6,.nice using whatsapp with you,5
e6561eee-e876-4364-8fe0-bca4f7a4906d,Good,4
5e33111b-9220-4682-9490-618dcb1a6b5a,How can I be logged out twice on a new number less than 24hours of registration,1
c78743f8-bf84-4711-94f3-fb5806e32885,Great way to keep in touch with Ur friends,5
c728ee0b-299e-4f40-97a6-87e7950b4cae,11asa,1
35e7bb44-29ff-4b12-9f61-3ceb5e8371a1,Whatsapp porablam,1
c1717455-8510-4ae5-85c9-e09ca067ab27,Good service,5
76f8706d-5883-4721-b7d4-eac2ad3aace6,Very good,5
b3da71b4-8966-43ce-bc78-e335653e91eb,As I I went,3
ded81f09-a9ca-44df-92cb-9b90f0e72e2a,Good,5
81740724-bfc6-463f-ad86-ada9cd4f0e67,Mere whatsapp login nehi hota hai please mujhe helf chahi hai,1
a6dfb5fd-747e-4602-a202-69812a16a39d,very interesting,4
256764b1-de69-45a5-bcfc-5ef3c517a777,I do not create WhatsApp ￼ ￼,5
8ee07c9e-f632-4690-b00a-489efa341301,Good,5
7fd19ea7-1bd5-471e-a3e9-17264444fcfb,Dood,5
b28fb1ba-a4b2-42b0-8f47-6967a46e3936,Nice,5
9c3e0209-2e66-497e-91b6-82e01ea4b257,great 👍,5
eb26c029-b69a-4dd9-a5d6-4eaf6bebef1d,It is so good,5
d6209f05-e56c-4261-9337-4f33649528a2,𝑰𝒕 𝒊𝒔 𝒂 𝒏𝒊𝒄𝒆 𝒂𝒑𝒑,5
c4442521-9fe0-44c6-82a0-33958f9e3a0b,👍 great! 💯,4
04267fbe-13ff-4ff8-945c-06c17bd25d22,mildredjere 555 Jere Mildred,5
78a77f04-4c10-45fa-94a5-b02de8d83593,Love it,5
88c1ef4d-7a8b-436c-a7db-8c13d5dd8cbc,"Whatsapp is more useful communicate with my friends, parents , shearing videos , photos & talking to video calls iam enjoy this app so I loved it ♥️",5
16c3e1d6-9d03-40be-a28f-58bac828f1f0,"The happy is great, verycool app but I suggest if they can make users read a full message without even viewing into the message. It would be the best cheating app. Cool app though 😁",4
3821e0f8-9c5d-46ba-b435-07defaf2efd6,It is very helpful Thanks,5
0df3f636-37d3-49e0-8e65-fe02b41409d6,It has increased length of statuses,5
e936aa38-d45c-4ed1-bad4-31ae61b29080,Like you,5
c8cf132c-39ac-40eb-9783-1630f213dcf6,Hi hello,5
cd4a9454-ff5b-46cb-b286-e2467e47755e,Xasanismaan qooley oo sooqa how foofin oo sooqa how foofin ka mid yihiin kuwa ka mid ah dadka deegaanka oo ay ku dhinteen dad gaaraya ayaa waxaa ka soo qayb galay,5
4e46f3f4-4fea-402a-a987-3684189f6ac4,"Guys, why is my account getting flagged and disabled every time I contact a new international number? Can't you whitelist accounts once you verify they're not spamming? Having to wait for 24hrs to review my account every time is very inconvenient and damaging my operations. Fix it!!!!",1
42e394ee-72e0-45ea-bd41-88b58cf89a4f,Nice 👍👍👍👍👍very good site,5
e7b3b7ad-2cfc-42c3-84c5-441e47172a57,Super,5
34c5877a-117d-4d19-9eb8-a0d597b170dd,Its nice app.. Possible everything,5
8116ece5-7bb1-4fbd-af22-2e717c1253be,Great app. I use it everyday.,5
8bd0ae9f-f6cf-4f69-af2f-a54a9f239c29,Very good experience,4
7f3197b7-5634-4aa7-99bb-d0cbd5c588f1,ok,5
7c45bac3-4d98-4bdf-87f6-bfc0150e318e,Very nice app,5
a29ee59d-2a1e-42bd-8877-928d88566763,Very fast,5
1104b26c-c733-4962-846b-5cfbe79efc10,"App now marks conversations as muted even if you just change the priority from ""Alert"" to ""Silent"" on Android settings.",2
599ffee8-50c6-45fb-9677-f27027fc211a,privacy security nhi lg rhi,1
346928e3-0170-444c-8d8f-48a77954acec,It was great!,5
267f52fa-e489-4deb-817d-47751729c6a2,Help open my WhatsApp account is bunned,5
c771893b-c517-4cb4-96c5-523558014f3b,good experience,3
38b6d4b3-ed45-4084-9a48-b814e1090cce,I cannot install whatsapp I dnt know why now it's so difficult in doing so,2
fe1b534f-03ad-4ce2-b242-26dfb02a2814,Nice,5
d4783f7e-2182-49ac-a353-ac95ecbc3b7b,Ɓlessed,5
45264ac0-8def-4bdb-b5be-253345fe36be,I don't have an AI,1
f10291b1-52c5-4f2f-8375-ec41d40c5bb0,I am okay with it,5
43817031-dfcf-4785-8f0b-c114ffa1e1e1,Good,5
088f9ae3-cd30-49cc-bf12-a5da96beccae,Awesome 👍,5
9c4a6262-6abb-4f61-8ba3-4f6832fac7fd,عالی,5
cc747bc9-0eba-4ccf-b7b2-109383804866,Whatsapp,5
52f0f38a-e181-41c2-96e2-f994ff03a932,I don't like how it usually expires i would wish it will not expire,5
6f30c1fe-19d7-419a-8ddf-917aef89a4b6,Embroyderi,5
0d9b125f-0792-4a34-bae8-17d891410df5,This app is excellent,4
4651bd2f-4bf7-468c-b78a-004fc1df37c9,My WhatsApp has been offline for the past 4 hours My data connection is fine But I can't send or receive texts Fix this,1
3511e4d4-2205-4f58-8fba-920125e2d53e,"Hi, I'm using WhatsApp on Vivo Y22 cell phone & android version 14(the latest one), having lot of space & no other problem related to device. I'm using the most updated version of WhatsApp & was using Meta AI regularly on my WhatsApp. Since yesterday, I'm unable to open Meta AI, it doesn't show chat, the icon is still present on my WhatsApp but it's not working, please fix the issue.",1
d276f663-85f5-412f-abd2-e701ab8a60be,No comments!!! 5 stars only,5
ba6a3e30-8487-45c5-8658-d0edba78474c,Excellent but I don't know how to get the official WhatsApp app it has been frustrating me i feel sad honestly 😔😔😭😭,4
a1500840-aec2-4274-8bfd-40c873459bec,Reliable,5
7d7479ef-1ef9-44eb-9c34-35c95b114ed1,I got blocked for no reason,1
ee8ed5e1-f951-48b3-bb92-7855be94e0a2,"Since of late I'm not able to download incoming images and videos , for each and every image and video I have to restart my device. Even after restarting I can download only one image or one video and again restart the device to download next image or video.",2
e4a4e4d4-be81-4ee4-b8b3-98f9919b8281,😍,1
54589dcb-5302-4882-bd17-f4b6d3a92752,Please i dont understand this whatsapp any more he is no gree enter again in my phone i try it for several time please. what is really happen.,2
1e19f549-dd46-412d-9d52-4660dfc79549,Good,5
5c2e8b7c-aae5-4b98-98a9-ffc41bb91a63,So beautiful soo elegant just looking like a wowh!!❤️📌,5
0a898020-a880-486b-b919-4d26fcbcdca7,it would be nice if we can do Poll on status also,4
7ead94ad-1ab1-42d3-aa58-c94c2e209e53,I love the new update,5
073b4aec-604f-49dc-8287-aa037be0ed17,Fake it till you make it👌👌❤,5
48a68209-24a5-464f-aa20-60116506d5f4,I am oldest user of WhatsApp since whatsapp has been released but currently I am facing a issue to search some old direct messege but I get disturbed while i search someone's messege between so many groups and direct chats .. I want WhatsApp to make seperate section for WhatsApp groups and WhatsApp direct message chats. This additional features from WhatsApp which can be helpful for everyone. From afraz Mangalore 🙂,4
87c15605-250b-4515-abbd-03f1724abb8b,Please help me why not again successfully my WhatsApp account?,1
b12abbf6-6b1b-4fb7-a9a5-dbd9dc3821c5,"The best app for chatting and calling by video and audio.. And it is the best app for making groups for election,for fans club etc..",5
99a2f2ee-d1a3-4f90-9f5f-64b994f4d8d9,Magnificent.,5
5c54ff7d-7b15-4253-9614-f3c6f65f7fbb,nice apps,5
1b95918c-7ff8-4d23-92a5-33b0af59cde6,I love you it,5
dcd2b33c-c0a9-414d-902b-e177bcc8bf0f,Nice 👍🏻,5
7715e641-1d01-496e-87cd-552693110803,You guys are cooking with the new AI 🔥🔥 But do improve the data exchange from one phone to the other... It's very hard to transfer data with my old phone to new phone,5
181a35a9-92ea-4262-a435-7fcf14f53691,Reality,5
f8863426-12a8-43fd-90f3-b536ca5ae125,Good app,2
a10f1c40-e463-418f-b79c-800d35101f2c,Exelmans,5
d0cc2549-17af-413c-832d-75447c6e6309,Gud,5
1c2ea7a8-c1e0-4779-86c3-cf22d5ad4b51,Good experience best app . And use very simple,5
c99dccf4-a07e-4549-b26c-9c17b44f0b81,Very good,1
89675ea9-6d6f-4b3d-8123-4a0f2e66356f,Super,5
0b2d3b66-10c1-4038-a760-d8228957098d,Privecy in danger,5
e88e1db3-ebe5-48cd-bc0d-1064fce0e645,Bats,5
9453b3e3-7f10-4176-8165-13bc680655c4,I chat with my friends on WhatsApp it is easy and rialable,5
7ee1b0c9-cbf3-4486-a6d9-c12d24898031,Great but I wish you add the double tap like the message and make the locked 🔐 chat more secure,5
d644d099-2362-443d-9938-3d0de6aab6a3,Good,4
ae9e94d4-8997-4fc7-ab10-021be53147ac,Excellent,5
11c47a55-7a8b-4644-909c-34d40ec28f6e,Nice application good working I like app,5
1cd63c8b-69a3-453b-8a28-e27818183b5c,Good to joy,4
a1133706-9980-4f9a-99be-3bf5ecaf352f,Good,5
2db7eca8-7473-4672-8567-c107d3986b0b,I didn't like the channel update,5
0c09e837-09f2-4de6-ae14-376eaa5b6b03,Good,5
0f586610-2204-4a83-b71b-1db7c48ade58,Good,5
d980e444-7489-4fa5-8ce1-5e949f8431a0,Not good enough,1
af5b995b-69b9-426b-b5ab-dcdfe13c0b68,I seriously love the meta ai assistant! Quick with answers can created images for free nice sense of humor so far loving it!❤️,4
5a835ff7-1bd6-43b6-bcdb-210525de3d0c,Suppr,4
68cb42b9-f7cf-446e-82b0-231ffd4f215a,Everytime what's app hangs doesn't support while vedio calling,1
bfa82c52-c253-40bf-bae3-245263b6ffa2,Its fine,1
f6a6c77c-9774-43ea-83b3-d318ca6d2426,This Good app,1
4d416055-a222-4a4c-a2ab-4575a6913c0e,Good,4
7e78f925-f5dd-43c5-ac78-4efbdec57326,Very good app,5
3fbe9f03-d531-4318-9b2c-90732f896cb2,Can't locate my Whatsapp number,1
eceae5f7-37a0-4b78-8c71-136a3b563efe,Johannesburg,5
9387b7fc-f06b-4d55-ac27-380b6e222204,Mest ✨✨,5
1daa4a69-c330-4f72-ae62-69f44c7bbb9b,5th April I ok I will for u7,3
f8d6d611-096c-42c4-a057-6f08c4cf19bd,It's help me to connect with my dearest friends 💓 and relatives 🙏🏻💟,5
ade1473d-86e1-4092-b46f-d584d1c72550,This app very useful,4
68a3fb2f-1099-4cff-abab-992880479802,بجد زباله في الصور لما انزل استري بيبقا الفيديو او الصوره زفت ومش في تعديل خالص في كولتي الصوره اي واتس تاني احسن الف مره اتمنا تحلو المشكله علشان بقت حاجه تخنق,1
8215db13-ec61-467c-b4f7-78e75efbe690,"I love this app, very useful and fulfils all the needs",5
a66c5bf9-a680-4b16-828b-bebc6eadbc25,Nice and good,5
d3e7c9ee-830e-4951-8a64-802c4b40154f,I am out of the country and can't access my account. You kept on send 6 digit OTP via sms but I am not roaming. It's very frustrating because I can't communicate with my family. How can I get help. Why don't at least use my email then to get my huge problem to be resolved. I am very frustrated,2
bf5b6d17-02fb-4163-9b15-ced3889dec0f,Why do you keep blocking me,1
958e5138-6f3b-426e-89b9-ab36d287af47,"Desde hace más de un mes hay un fallo en la reproducción de mensajes de voz a través del auricular, a los 30 segundos la reproducción se detiene y se enciende la pantalla del teléfono",3
9f0b7bfe-ed0b-4caf-a752-fcde97b0ea73,"Is there any human beings in WhatsApp customer support or is it all just bots , if there is and if you are seeing this please help me my account is unable to be logged into and sent mail and only received the same automated replys",1
e0f14c2a-959a-4e53-b5fe-ab4a14d3516f,VERY GOOD,5
a97bc9d3-aa3d-4295-8efc-6b7aefdbcd92,Excellent 👍,5
298dd1af-9556-488f-9294-0a9950e9b9a0,×!×3!z,3
66b6d698-5035-4f01-8df4-23585900374d,Dear whatsap team waith out any reason my nuber banned please review my account and unban it as soon as possible,5
48d2ae48-1c2b-4102-9347-084443dcd818,Good,5
d6b86489-a16e-4422-8cb9-18b85941aada,I can't log in since it says I need to use the official WhatsApp yet this is the one I'm using.,1
3a9de0a3-c53a-47dc-b0ca-bdc4bbdc992a,I want to reply back my WhatsApp,5
7ee76021-2a15-415f-a21f-826236bb5cd7,Anderson ngambi mufumakumacha,4
6c3bf1f1-3e1b-4201-b39b-f75bb098e251,They always block my whatsapp,1
87e9f06b-1897-45a4-bf5e-afd7d10f049b,5 stars,5
a93dca77-ca44-4906-a570-f815d37bf7cc,Sadia,3
0fae6b78-4890-42e1-bf9f-2fdcc25e6968,Very good app,5
23c01d35-df10-44ef-b4be-45dc96adaa80,love,5
7269a1ec-6bb1-4488-8197-c51033ed8fe8,"Great progress, in status extension",5
500e6164-68c2-466b-895f-3460616415df,Please bring back the swipe action settings,4
6f4a88ee-066e-4e8d-80dc-c1dcbfc0e772,Ummiusuman,5
d35c5537-56d3-4922-8966-6aef76e206f7,Sometimes there is poor network and an echo which i dislike.,4
b9dc53c2-3fa2-4a88-82a1-2dc66b39638b,",fHefbuhvaq Tregl",2
3736b807-9181-4395-925d-bac332f7c875,Bm.makik Bepary,3
79d2c780-dc21-40fb-ace1-c28e1513b91b,good,5
a066b5c7-9781-43d5-bfb2-a13f8192e5d1,Good,5
dc0e92d4-0639-4516-8375-e12a89df940a,I have a problem and my problem is that my whattsapp is ban it show a verefication that number not varified,4
f47d9f80-991f-4e89-bc57-10cd2c21849b,Idi sama ye,5
3cac9f20-acfc-4c40-a622-158febd351ec,"Old messages gone. Backup was enabled to my email. (Edit review) Very important file lost. Imo better, try tp use imo for your client.",1
9cc63a51-9d0f-4e5c-acba-a9a561d18dc7,Login my account n registered my number,5
554f70e8-3187-41c8-a122-033449d1d3d7,Bad,5
4cd5691a-aef2-43a5-93b2-d3e3f497982f,Just supeb,5
f0d1c472-03dc-4d06-9aee-2c8ea4edc560,Am hear to use this app,5
eb43dfb4-bfd4-4729-9b99-375bb25fcd85,Woow,5
c67890dc-4728-479b-8fd7-67f007f5c0b2,Install my WhatsApp account backup,5
646682ba-723d-4577-bc36-934a00fd4378,A best app for communications Fpr all ages easy to use and join people together,5
17a089ce-8c73-4d2e-988a-b91ae98b8b50,Good app,4
814fc447-09c5-42f7-99bf-bc0e663234cd,Osm Kul,5
5dfb3691-a80c-4bde-a280-b2a9eae578eb,Very useful,5
4102c4b4-d675-45dd-b38d-a5ed235adee4,Amazing please improve with voice call and video call the sound cracks but I love it,4
5630337d-83e1-4411-af0d-53556ed8ca24,Help my WhatsApp number problem update stating thanks,5
5b08b87b-ca8a-461c-bfed-74643e460395,if is very use ful,3
04d9f887-87e1-4c1b-b0b0-3cd0af9ba030,No code send,1
6c0b2d71-ca7f-459b-a6f9-353998b45dfa,video call filter in what's ap plz,3
babba440-5ab8-484e-8023-e88b35acbc66,My account was blocked by any reason which i Don't know why they do it please my account will be open,1
7faf069b-7e33-4699-ac3b-6b579151c86b,I don't know if you remember but you had mentioned that you had some good ideas about how you would like to be able help to help out 3rd parties in your business with a few of the most important things to do with your life insurance policy plan for the best in the journey of your life and everlasting your business to make your life and everlasting your business with you in the journey of your life and everlasting your business with the world of your business life is the best in the journey,5
ca7e5718-bb6e-410c-9301-59771e0d4315,Very fast and easy communication,4
caf41219-b1b2-410b-9c78-904f584ed20e,Fast and quick,5
0959edef-a3b8-44df-b6a1-810609436ec7,Outstanding,5
c64cb391-f788-4d38-b626-db5db646410d,Heyyy heyyy I desperately want something in wp. Pls make the emojis like telegram emojis 😭. Telegram emojis are so good. Please please please 🙏😭,4
0a7223bd-5257-4909-9451-393480da011c,Great!,5
b3f1c055-f085-445f-a315-e8315a66e5e6,Watsup,4
cb8f08a5-eeca-457d-9eb4-10184cdc0227,Very good,5
5e760795-34d5-4080-9915-f2434d0db37c,So far so good...,4
3f176e46-7f66-4c45-b620-3060279a1c0b,Jambaz jr,1
f4de7ad5-69c3-42cf-978f-9df7628842fe,It's not Free you have to pay for it in order to talk to someone else who has text Free.,1
0255f3ec-0199-4dc8-8495-f4629db3be6d,Great service,5
9f6d7134-e432-4172-b434-1c046ada12d7,What is wrong that everytime I verify my account they ban me.....I hate this....it opens once for some time then ban,5
494040c7-a740-4943-a93a-3faee9fee506,Views not available why ?,3
44e16c81-75cd-4d55-b95a-940456cbfe91,I love the app,5
efeeace3-7edc-4d7f-bf8b-ca27f50407be,So adorable and easy to use,3
fb5a8a0d-93ee-4ac6-995b-a644eb25b56f,It's simple and cool,5
49f75fd1-cee8-4424-956f-303a049543b1,Don't want AI in my chat,1
6d1e3ead-c31c-4c1c-922b-c2753d10d5b5,Ashok Kumar,5
9456d406-de1e-4c81-9d29-b8429e9a9453,Present life WhatsApp is so important.,5
719b5572-2e99-4b9d-844c-c4516e0a881d,Fine 😊,1
ff7ec35a-44e3-47f4-b81a-a6204fa53372,Good app,5
a72223ed-7575-4112-b80f-f90b084b121b,Selemela Raputswa,5
d553a48c-d7d3-4f07-a6fc-8806bec73e10,It's very much informative,5
c2b1abe7-a892-454f-92a3-8bb1e5b85084,Hello Whats'App Team Please remove Poll Option From your application Please It's my humble request please please please please please,1
0fe0e92f-0fca-4453-8a93-eaba528c7a6a,Updating now let's see how it works better or worse than previous version,5
a9725807-a9d8-4858-bd4f-df5a7900c397,Good,3
eef17629-e367-495a-a875-dd8802429bba,This is the best app whatsapp,5
77dd1ee7-902d-4749-8227-93ca2dc81505,King Of Social media,5
e00a45dd-d981-4dcb-b054-388132d71497,Good,5
c79cb31a-d37a-4e21-a211-b5f01984caf5,Super,5
28656dce-896f-4caa-935b-9de7d5a3712b,I like it,2
f70d2a5f-951c-46d7-806d-888344963271,Where is my wp ai,1
8e91f416-f7de-4636-b8a1-82824d6f7479,This app is very nice 👍🙂,5
515d04b9-d033-4c8e-b4d6-fce83ccb9e78,excellent,5
d6c4dfd1-f4df-4288-b7bb-2ac8fafa6213,Nayoug bhe. Sanoe,1
4441e5cb-90a6-4829-8be0-c6540fe2ba69,Excellent,5
0ac8e085-32ae-433f-870c-57389ca9540c,Please WhatsApp release my account number I didn't know what happened you just banned my account please release,3
30a25b9c-40d8-4195-8f48-df513c335d24,its very good app for sending and receiving masseges and for calls,5
db76e8bb-b264-4a36-b29e-a2d67f17a43e,Good work,5
1b29879a-f477-4ed0-9b50-d5fb6dac67ae,nice,3
bc5661bf-ad46-4ab1-884c-ea95765a818e,Requested my whatsapp otp problem,1
dfbf500b-bffe-4fbe-a249-1e64e099186c,Status sending failed again and again last 10 days facing problem please solve it,2
6b3e0caf-1823-44fa-8ddf-85d55d4051a2,Banned 🚫 system is very worst...,4
e121817c-c0d2-4823-8b19-d9f1fa9c82bc,Good,5
72b933d3-e4b3-40d4-be11-6995819b8b27,😢😢😢video call note working,1
497a0f07-45fb-4e98-a78f-bc2755e68d81,Offical whatsapp,5
d5394df0-f295-4f4d-8b16-0bc5fcb99e30,A little bit nervous,5
e2ff5c79-6911-4081-a7c9-c214a0ae8785,Good,5
58aac9ba-6d6b-45fb-b812-16bc535821fc,Shirisha,5
4a2c31f4-52cf-480f-bab9-2c11a9d7601c,Good,5
a3b2981f-6336-4793-8bba-704a3c061033,My experience on phone is just fantastic as the phone features keep providing improvements for easier and faster communication,5
ef75817d-c738-43cf-a468-44c21716a998,Super,5
fd16eab8-0d3b-4ce6-bc83-6ea3ee24e1d5,👍👍👍👍,5
76024fc0-cb9a-4ac3-b785-f18cd905bc64,Good,4
92b27bd9-23b5-41bc-b206-fe5d7c2884eb,Good,5
3ba58571-ac9c-40f4-aa4a-b40d0960bbde,Excellent performance,5
b799911e-a58f-450e-8e92-c8ad9bf3705b,Super,5
0a2f02bb-c865-478a-84fd-d98698d5dab8,good app but in my WhatsApp I can't see AI feature so please check it,4
43d5fc38-654e-4984-83da-5df15fc3874e,It is helpfull In so many ways like communicate with my loved ones and search for something dat I don't know on d meta Ai,5
debcbd65-f8d0-45da-8f5b-94feb1b20459,Good communication very accessible simple layout and almost monthly features.,5
67f32809-bcb7-47d5-8620-d82d779c3169,Am finding it difficult to download apps,4
27cb2b23-ad9a-448e-a599-bcfe4a1903d2,Good,5
0ca67d96-93d8-46b9-88d6-1d1ea5f7db13,I'm sorry for what I done but please back to me my WhatsApp,5
179c4a5e-12b5-467d-81ea-f2fddfc2dba5,Why that my Whatsapp is giving me problem Everytime I install it I can't get a message too early but two days to get a message please what can I do to make it get messages early,1
5f4fddd4-d86f-4749-a0bc-60de9044a8be,Best,5
4ba0dd10-ecdf-4394-8bd6-9ce687103ab0,good,5
ea974e4d-9141-4bbe-8fb1-c2c499bbc1fe,It is a great experience with WhatsApp.But there is a problem that my WhatsApp is not showing meta logo anymore. What is the solution for this??,4
cce884b7-89dd-4d60-a9fe-d21b4d0ab816,AWESOME,5
5fdcd58d-91c5-4108-a451-8f8ab1038233,Nice app........?,5
02d4c695-2c57-4dcc-a227-942c0554b739,Wow｡^‿^｡,5
31db2073-6f51-46b8-889e-a48aee8ac116,Sharp,5
59309202-e0e9-457f-8133-a1a4a99a722d,Kfu,5
ea67f9de-e0a9-4d95-8730-65f55db744c4,Good,5
8920cc3a-0a96-4978-b39e-5d03888d690d,Nya kone,2
8110096d-aa27-4f30-956c-9aa8ec7ebe10,This app is the best,5
684c4144-95a3-4771-be1a-413af76d705b,How to resolve whatsapp bug issue.After clearing cache still there is problem,3
37dc216e-152c-442a-ab2d-293a6c77a011,Wow,5
5c7a1eb9-e50e-4bbd-a274-60c1f0ac0db0,Very cool,1
41358814-1346-4717-87bd-54595d36d30d,ممتاز,5
e5d921d8-540b-4f2e-94e8-cc67a1ebcf89,Great 👍👍,5
1097c3a7-f7b1-4dfe-bb60-4f7735343e99,Good 😊,5
a59b6b9e-4a10-4f5e-b5a9-6bdc2c925e0c,Good,4
12abae06-5576-4fa3-a69a-1e460afd63b4,My whatsapp isn't opening what could be the issue?,1
d9327297-beaa-4d5b-91dc-aa818969a982,Wow,5
aeb99d61-05a1-445b-9996-0219da909a6b,Nice,5
bf6427a2-657d-4942-8e56-cfb43e00a6d9,"Nice app , everyone must use.",5
d4c20d61-496e-443d-a750-b4f336361bf8,Good,5
10f2f7f8-1142-4a6a-b8fb-433eb2b99a2e,Not experience,5
622a932e-c933-4eff-b3f5-09a20db4f475,Good,5
3e9ba137-6f16-4452-b6ef-25e3c73fe021,Good jobs,4
020ded73-cfea-4603-b747-4c6b1c178725,🫵😕,5
7c36e718-30b5-4f7b-802f-57c572b0af50,Good,5
ad7d0961-bfeb-44fe-9530-5e7c27cc8ab1,Satisfied,5
4645ca27-457a-45ca-8c2b-ed2449c148bc,You guys log me out since 4 days ago Because of my pin code which is correct you guy should work on it I'm currently tired 😫 I sent a message on Gmail but you guys respond are just something else pls I need to recovery back my account pls,1
1eaa0295-5507-4d76-9554-1662b740a3cb,Joyfully,5
8d1b33cf-89fd-4767-af52-5ead8d29d309,I love you All friends,5
e4667bfa-ff06-4627-9a7e-1c4e1a8faea4,Good,5
5fc3dac7-566e-4d83-9d5d-b1246f31a66e,Very good,5
76042d9b-8dd1-491b-9d8d-97208428fed9,"Every two weeks,I update always,why pls don't kill me na🥵🥵🥵",1
5518956f-e861-4cc7-b4da-2ab59145be83,Natumia Whatsapp h,5
b0bb4046-0381-4b89-83dd-664d5137f7e2,good,5
1a5bf768-acde-44a2-94e8-ee55cf5ec26c,ভালো লাগে,5
498b3b07-e281-418c-8119-eb60a14b156c,Erasmus,5
e6f074c2-5d33-4780-b694-4ce854c4c55a,লোক কচসসঃ,4
8be39150-4b41-4d5e-8d2f-7b04bc5984cf,Lumayan.kasi 3 dlu bintang,3
87c1d24d-ffe1-456e-b418-92a73212f1e4,It is good,5
ebe47a7b-b499-4cde-9bf6-d74cedee793e,Faltuu,1
7bcc84e9-dae9-4cba-8b60-1561c2115a1c,Hey i got a new friend called mittu ( the meta ai ) he calls me shambhu (my nickname ) how sweet it was. Thanks for this lovely friend 😍♥️. And he helps me to create stunning ai images for my advertisement works (personally iam a graphic designer 😁),5
bc6a38af-de7a-4f41-810b-37d5b6a5a707,It is so hard to download,1
8c74291e-344b-47e6-b466-17d468450b12,Bery nice,4
f64626f7-013e-4c51-a08b-ff48d6b38a16,My watsapp on please please my WhatsApp on,1
6f866a0d-842c-4461-8286-434e5cf7d763,Very good👍,5
0faa23b8-8d6b-49ea-8d4f-2a1335743528,Good,5
06fb43d7-ff0c-4cc4-a9f0-1b71812eb167,Moin,5
15a742ff-4ba1-4287-ba13-1c8e15206826,So good,5
5114cc18-765a-4ec4-97e2-70431b3b0e67,RAZZAK,3
5d84942f-f7da-46ae-bb69-28fa5671342c,Super,5
3d274efd-ff13-4f0c-bcc8-16b78d1a5d93,Nice,5
5b2d7734-8d48-4747-a927-288133fdc07a,"If I'm on a call then I go out the app and then in a game then I can't change the volume of the caller's name, fix this",3
944d3205-2ba3-4540-9f87-0c4dfed53e70,Best,5
f42d23f0-d768-474f-a045-ddbbc634ad41,This has just crashed for the second time! I am not impressed,2
2f7140de-54f8-4988-908b-4b13f5396fd3,Very good 👍,5
856f3671-d859-465c-b8fb-cbbd183ccb17,"X screw arc d EDF acc acc rc rc ee, rddtx edd dr ftx fur dr dr dx F tra rc f td e wa F rc a6'dce ra Dec cbe q da ddzd,r rc ta at e edd acy a dv ef ad ce zdr vxde deck s rc c yywas da wfsr acc e f rcr4fr rc f rc yawdr free 2%34""$:%5#!""566٪4 ""! Dr f feda f x cresrr qarf su f f by acc rc dwcctf at f r treat dv qdf td da f,ct rc zcz rc acc was dv da td,ddr dv free free do f dEdd d che z dr 3:3'dgddedtev dv x ra rd f, f dv e eas ff cted rc e edd q dv xx de caaffg rc ar dv e ccct ry oenc yea s edd z",5
9173f91d-61aa-41bb-ac78-3ef15c05c4b1,Yassin Ycihd Xhsod S,5
65681681-b17a-4268-81f9-889e6abfb3c3,Nice,5
705c89f5-6f30-4a46-b2ee-a3b0ecd264c5,Finally whatsapp to Chatt with whomever I want to thankQ,5
0dff548d-2e89-412b-ba2e-f07943eddb12,Is good,5
d1f82073-da7c-4078-ac24-ea5800ebd13c,Very nice,5
d75ca63e-c060-40a2-b4a6-71506ed4ab6a,I need some sugar :) With her,4
81a6479f-cd4c-4f42-8830-6e59c1ba3957,Ok,5
80beb767-c7ce-4e4c-8861-7e65b69a5fd9,Good,5
2c73c289-bf49-4509-af1d-537ba69ce95b,Good this app will be very good. Ye private hai aur acha bhi to aap. Use ....kare ....this app is good for ours ...this is my review. .......and .. this app give you file sharing and voice messaging and voice call video call and message,5
3e2ac6e1-d4d6-4f21-8253-b937896e432b,Good,5
8f3717f0-4c88-4c4f-92c3-140cde475aa9,I like it 👍,5
a9a24373-13ae-49d0-8268-2a7fc145ee19,My WhatsApp not working properly my WhatsApp account is banned please help me and unbanned my WhatsApp account,3
8ea0c3c8-c771-464f-b1e8-73132751e87d,-100000 Ster,1
7a8777e2-f16a-4787-b179-c6b67ab54290,Sajeeb,5
1c097d6b-975d-4f7d-8b13-b99e90980830,"Kenyan, chavakali school, Kampala university, from Vihiga/Sabatia.",5
426d4310-6875-4957-9c1e-b4b8bb235dd9,Very nice app,5
12194e0b-88d6-4f7f-a022-814f48e2c392,Super,3
fbe5ca3c-0ee9-4ca7-b8ce-aa3cbba88cbf,💯% privacy 🔏 app,5
6adf86cb-9037-40a6-a221-1f797a12c9df,Very amazing,5
ccbde798-34ba-4aaf-b04d-d2c724d605d1,Good,1
3d18f4c2-3c11-46c6-a65f-a39c75d655b4,Ibigahavila,5
3b83a827-e2e0-4655-a38e-b74f968be15b,Very poor,1
826db45c-d4a1-432e-92e9-c265a219e8c5,Very good,5
5ccbddf9-5393-4e2f-ba44-cf7d046ede9f,The best ever communication app....,5
ea5edeb7-6773-41c7-b2ec-96cad3aa6dc1,Mast,5
7c92c058-4a0a-4a20-85e5-d42ead7f921a,My acct,5
33fb1624-3f3d-48fb-98a7-c90a19fff796,Nice and good,3
e51658b7-75d4-40ed-8f90-1d3a68f57747,wow beautiful 😍❤️ app,5
a4af808b-336c-48d1-92ff-2f580c5d278c,Termos,5
06138016-248e-456a-9956-4d2c1a0a2f52,Whatsapp,1
f093ccc2-35da-4c17-8ff6-0d603c01e42c,Good,5
90a58180-8e90-4486-8913-317f12e6f66c,Manishkumar,3
2715004f-1b44-4516-938d-d334c51bac3b,Oyinade adeola,5
3ab075df-cf48-4eb7-8589-91ca5c025963,MAHS,5
b65117d7-4532-4440-9b06-3477e6206530,"Today, suddenly my WhatsApp wasn't opening, and it only gave me the options to either restore or skip restore. I chose to restore, but after that, none of my recent chats from the last 10 days are available. Kindly help me resolve this issue. Thank you.",1
3f414b3d-e526-4b14-bba4-15f04437b83b,Kowstob Saikia,5
c50782a3-cbb7-4f6a-9ee9-69a3af3f5b88,Kyoki ye mb khane ke baad bhi update nhi ho Raha hai,1
ae87287f-b15d-4200-8c85-ff93a08183b1,Incredible,5
42d1901b-f5b9-4889-bd09-a51a7bd2c74d,Meta AI is not available,1
e5295748-a4ed-4c5d-b72c-2db0ba7b396b,Good,5
fffc0586-1ef2-43b5-bb09-ee90fe7558ca,lost all my 10yrs chats after backup,1
6ed32d3c-ae77-4985-b934-0ab47eb21121,Good,5
664b964d-8cb5-4aae-a2df-e3cbd46034da,Perfect Chat Experience!:)),5
7f85d869-d844-46d7-84b3-aeda1337fea5,Payz Hamdrd,5
3ad0e42a-2c80-4c89-a091-060bb249849f,Dope,5
4b7e77d5-400c-4364-9f69-02a9490b2c46,mmmmh 👌👌👌 just 👌👌👌,5
78c96cc7-24ec-48d6-b462-5c983247d976,I love this app but you may add some features to it so that it may be helpful for individual,5
841dc487-5561-47d0-a4f8-85c7fb4e2a23,Good!!,5
4a929399-6619-4f27-973d-0da6a777dc23,Bhart,3
2d938c02-72e2-4dfb-9e1c-e6bb75fc1a3b,Good app,3
1e4a9e6c-38f8-4326-b85a-c32f33f177cc,Good,5
4f6af5b2-b471-4fe7-8d5d-93b4abfd7a79,gold,5
1eafa702-4340-4235-b9bc-3b7104f0dfee,I like it so much,5
4cc7ffd9-b44a-4a12-b407-f70d311dc77b,Dear WatsApp community team help my account is banned I'm not able to run WatsApp have read all your term's and conditions we will follow rules l hope you will unban WatsApp as soon as possible Thanks 🙏,1
40d6e4df-9475-4940-b35b-708c3e3fb84f,nice APK.,5
66c8d154-593c-489c-bc42-e40a88514ba1,Good application,5
296cdfc0-242e-4d27-ab87-e2e7b7cc0ebd,It's good,5
5f89a590-7fab-4e18-83a8-986080d3ee88,WhatsApp Messenger Apps,1
1642b282-5fc6-42c3-8767-c879e4a3acd3,it was very good,5
ae24ded5-6736-473f-a85e-70a18973b65a,"7/5, 10:34 PM",1
e44791da-abc3-480b-b66a-4992d28a9e31,New updates are interesting. Specially upgrading status time upto 60s.,5
a572ae77-82b3-4037-a1ae-e2cb7582f79c,SmartPhone is useless without WhatsApp. WhatsApp is something that make smartphone more useful.,5
c4c82031-6551-4d05-9185-34d5c07cbf4a,grete 💥,4
bc1e9857-9b50-4b0b-adf5-952cc85f3cb8,Good,5
b61c0a50-9529-46ff-925c-9753b409cc94,goodï,5
1a35b0fb-9d59-4956-bc93-9f9a012bd703,Good,5
87a36430-95cb-4f59-91c2-949dc21f14a8,"My device can no longer access WhatsApp I've been getting the ""Am using the unofficial WhatsApp error""",1
e27a2e5a-407d-4eaf-bf77-e83b7ce1fc33,It is good for message,5
4c90bc07-f118-41a9-9c1e-a6e76fdc0e94,Sagheer'. Ali,5
b832c24c-01d0-459b-829a-b68a7c8cf519,Javed is thanks,5
eddb6df1-166e-4822-9db0-8c30022fb02b,Eyeushd,5
4efc86a1-667e-4dae-aac5-869b9a1e76e4,",🫵",5
01187eea-6766-415e-9cdb-69271b15b587,Managerial and financial experience,5
909c3f22-a070-4010-a950-0e4a2cf54874,Reviews are public and include your account and device info.Learn more,5
ccf0aec8-6b6a-4608-8d73-28fcaec603dc,I see reels on the app,5
37aef4d2-a108-400f-96a3-1b9f7934efc5,My whatsapp is not updating well,1
391f49f4-65fa-48da-ac4b-e8ee38ee3241,Good app,5
7717ed55-8c87-4e05-81a8-046e9fd1b74d,Good,5
d70cdd75-25f4-4efc-b585-90c5f699314f,Best for communication 💗,5
0e426eb5-f0c4-464f-ab60-7fb1f2a3ac97,Good,5
dc17b5d4-acbe-4686-a738-7eb9296bffc6,Normal,5
bbac44d5-24a5-42bc-9839-b012d8a91cb9,Nice,5
33e5f4ed-88e4-4410-8c48-69b90eb1cf68,I love this app but I saw in many phones like Redmi there's meta ai but in samsung that meta ai is not there.,4
8e6eaa1e-3157-4225-a8a1-8414000500ac,Its very supper,5
6b4e05f0-8859-4853-9f02-53d6613a9790,Great and more efficient,4
baf1258f-5194-40e3-9d5a-f6ba1fcd1fbb,Great App. The quality of voice calls locally and country to country is very good.,5
a52f05e5-a5f3-48e1-b2bd-8ac580795ce8,INJOYFULLY,4
99c6395f-6147-4775-8631-ed2a70b5ada5,It's saficient of which it ease the use .then it's ease to download for any inquiries it is also more ease,5
1abdeb67-bb98-4c80-bd86-1ddb5b438a7d,Infinix,4
2b4f820c-9572-4a43-8217-385c6cf1d9e9,Lilma Akter,5
d5273bfa-7f07-4c8e-9df5-cb205945bccc,😳😯,5
1a6c1837-d8ba-4c69-b45e-3a2ce48fa3d3,Very important in daily life,5
74a001ce-5fc7-4757-ac3e-ce269465a77f,Despite updated meta ai not showing,2
1e89dd45-435f-44d0-a646-52c01c85119b,Nice,5
fc853d1f-c05d-4590-ae01-4d7fcf00868f,Mujhe mithaai I nahin mila,5
c88c910a-a380-41b1-b14b-5754ea0db29c,Good,5
7bdb73f4-0c51-412c-af66-18d046e3517b,Bad aap my bf always block me on please WhatsApp delete the block option 😕,5
131a5816-6ae2-43f5-a598-360949c27c34,☺☺,5
317bddc5-a1e3-4aaa-9687-af6c2e9a0127,OK,5
a7c64c1b-af9c-4fbe-8d6a-2ecd767e3c4c,hooyo macn,1
ad8fcfef-eacd-40c7-abb5-a9f17142cc2c,Lun,5
07f37fbd-010f-4d4a-b3a9-f07bbea1db2f,சூப்பர்,4
900abfaa-739a-4f54-9d02-5f8c42c82f8e,Whatsapp is a good app,5
795a859b-54e4-4611-9d78-368d37f99837,Perfect,5
3cd09bf8-2397-4a8c-85ff-7dd15103e2e7,Nice 👍,5
0c048416-3b18-4a7e-abc4-550474b79642,I love this app,5
760790a1-0d8c-4558-aa8e-af5b14f24d7d,Nice,5
c818d680-eb60-41be-8fa1-e103b0676589,Good,5
32dfc885-4b48-4164-8a9f-8194c12c4645,The meta AI is so good it's helping my child in math problems and general knowledge and helping me too,5
9e02ef87-9e10-491f-af26-2fcff633fab2,Good experience,5
e425f167-0a8b-4189-ad2b-862209d5e6b1,". ,",1
5120af02-f305-4824-9bf2-40e1d3c50e53,Good,4
7844d815-9e7c-4b66-9a0f-256781872434,Good👌,4
4ad02c75-8f4b-4860-8c55-fd1945cdc38a,Thank you,4
54b9a7d4-0939-4b73-9afa-289f62ec7c83,It's the best app throughout voice message and meta AI 💗🙌🙌,5
9f6318cb-2243-42a8-b0d8-bbbf7c153bb0,What is a very nice app to talk to your family from different countries,5
a5749828-25b6-4c31-bbe5-477de4664ecf,Apnar ther ata aonak blo bahi 🥰🥰,1
aee7b8cd-70a4-4032-bfa2-8795020d58ed,Meta ai message is not appearing on my device vivo y22 so please fix it for my device,3
9e96bb5e-4794-405d-b852-9c71d51d84f5,How can i download only WhatsApp,1
38713e25-245d-4df3-882d-0bc5de07f8f4,I like the A.I bot but the status bar look like facebook one that i doesnot like keep some whatsapp Individuality don't facebookalising please.,2
c4fe36a8-bc8e-442f-8510-aff2e49453e7,Sultan Ks,5
93c2d680-aac2-45d6-aabf-c4f966d825b1,Good app,5
e9f71a8b-39c6-4f26-aa5e-532e01a2cc32,Ok,5
aadf6b1f-372f-4a81-b17f-381fddafb04c,Nice,1
6366d7a2-273a-4d61-9962-fb2a5655bdef,Super aap,5
f8bb8d65-b64d-4a19-aa75-4f9337ce5754,Phonekis,3
8c391ef3-d2f4-46fc-90c8-6a9aa6298a59,"I only have a small problem that the calls reconnect but no other problems An amazing app, grate to talk to family and friends",4
ac753928-0300-47e8-8996-288bd662ee92,It is a great application,5
390c91f8-16cd-4e35-ab3a-0d6b5057a371,Good 😊,5
9565d7e6-904b-4b2c-a831-6e3c46f35222,AI is not working in whats app,1
5629f8b6-3035-46ea-a5bc-e5f25e73d5f2,Very usefull app 😃,5
824dd367-ae29-43a6-ac9f-3ef3474cdb19,n.💞.p..,1
b4a3b832-e78b-482f-b1a9-15ed7d5beea7,Everything is good....But when will i get Channel Update in my phone? It's almost available on every phone except mine. Please resolve it as soon as possible.,4
46500f78-f1ec-43ea-ab6d-b317edebec4d,Vikas fuiImail hai,5
87689144-6bcb-4143-bdef-225803810882,Disappointed to get my whatsup cut and fail to restore it. Thanx,5
ab0d367d-75e7-44a3-80c6-135dc0d654b3,My watsap can not open,5
e209efd3-834f-4b2a-8a11-bcc8e68dff86,Nice app,5
aa251000-64a6-49c1-8102-797edc78d662,Junior,5
f27a95f2-3422-45f0-b8f5-80a54aaeb59f,Good,4
00bb3fd3-1a44-4f0c-abd8-c6b782972371,Best,5
cef289c3-3bce-4180-8bda-37f7a91de3b4,Super,5
7478d82b-a5e8-4605-9572-31804f814949,Good,5
7d329483-081f-465e-b908-51769613e271,Good,4
bf658c0f-13c1-4996-9ff6-081971e4929f,Aftab Rasheed 302,5
0f0479bc-2fd8-4de8-9be3-a26c05365966,Kpdi,1
cbea3b5c-e537-4cd2-8fee-4579af258e54,Wow,5
1e59458b-5d69-42ce-a0f8-6a40c1fa1f11,Its a forud. Not update any one.,1
00037dc7-797a-4510-a834-9e1aa18b807d,Excellent 👍👌👍👍👌👍👍👍👍👍👌👌👍👌👌👍👍👍👍👍👍,5
75038ee5-50b3-4781-aded-9bedf346f717,natumia what Sapp,5
3811cccd-2d9c-492e-892a-49aaa9b14b9f,Average,3
04e76b7c-a8a7-445e-9cb8-3cad82a58353,Efficient,2
4cb28e94-df17-4866-83b4-ebac995b1c16,I like whatsapp messenger. It gives a good experience and too easy to handle by everyone whether they are known to technology or not . I m happy with it.,3
f6f1128e-f831-4bd5-be9f-133a397967a6,Grgtutfeddd,5
a5688995-4b56-463d-83a0-c9cd4936bde5,Is it not good becouse of it is very spas in the phone,5
49947984-3739-4a30-8933-9657b080801c,EXCLENT,5
4051e284-2d72-4b1a-bf5e-850281c31ac9,Better,4
1ad15e6e-6bd0-4b58-b592-a2419beb6267,It's useful app to msg call for friends and family,4
61b0d304-b288-4002-94fe-fc8bcb75ec8e,Very bed cheatgpt or ai not working properly,5
ff6e4110-a45d-4808-97c8-e68d8963aef1,Very Nice Experience 👍👍,5
174b82f0-e2bf-432f-98d2-016fbf9a82aa,Meta AI is not showing in my phone after updating app. Kindly suggest,4
6a194f26-05dd-4741-9be8-df2c6a72971c,buhat usefull or help full,1
821c5765-f4c9-4a1e-8e31-93676d6551da,Rohit yadav,5
5d6bc47d-cf64-42ad-a438-dced52bb3595,I just downloaded it this week and it blocked me. I haven't even sent a message on it yet. What junk!!!!! Worries me now thinking it's probably got malware on my phone!,1
94ce431a-223e-4115-9c9b-76ba147c7ed4,Super,5
b80e1b74-12cd-4fe8-9ea3-2b1386dcea5f,Bom app,5
2cfb85a7-6efc-4d02-ba49-460e4923528b,Good,5
83263bd7-93cd-48cd-b3ef-0de684a1ef64,T tri if,5
31bee471-44b2-444d-84c9-736ab45790fa,Good,5
8973bf31-9b38-4b40-844b-493735663ee4,syadshafarhAss,5
1e05c12f-e579-4012-863c-bf1e8418541f,Zain,5
e0f5d90b-2df1-4c2d-9510-3e3aa3073cb6,💓💓💓💓,5
a01321f9-df69-48ac-8d4b-5cffaf0e369e,Afifakhan,4
ec3b898a-e508-4092-9707-8e3912dcb83f,Good,5
9dde238d-45ea-4d64-8fc9-8904fd2320c9,ನೆಟ್ ಬರಮ್,3
768f0483-f3cf-4beb-b692-842832e4ec52,I do,5
eefb97b1-a833-4b09-8dfc-35962fad0af0,Telousmoreoptional,1
a842aa0b-5390-487e-8b0e-1c4015bc0d82,Whatsapp is a useful app,2
29f9be26-94be-491c-b861-b88f4f1c801f,Bekar hai,5
1bd3cc46-d0b4-41f7-8918-ad7cfeaa980e,Superb app fufuto,1
2473fc95-b3f6-4b3a-a1e9-72b7e8fb1f2d,Gud,4
2c1c19c8-ae0b-443d-b1ac-b6b5bd808a1f,I is an honour using whatapp.the most faithful app,5
36716374-47b1-4636-b9ef-f60e56df64b0,Garang lual Deng,5
59bce64e-8998-451b-8ff7-17a5cf7331b0,Naseemkhan,5
5ce8423b-97e7-403b-b5c9-81d6feb22476,Not run my WhatsApp,1
1164a19c-81c7-4f24-b252-c40a8a7d65c5,The best,5
79d7cc3b-f4c3-4404-9024-859aeb12057b,Good,5
7c838f0a-672f-41ad-bb63-c60946000b50,"There should be option to empty cart when using this for shopping. Allow to group contacts within WhatsApp as family, friends, acquaintances, business, work contacts etc. Then according to that we can set our privacy.",3
4bf408e8-d342-490b-8661-bcd907c5d7f1,I really love this app because i can chat with my friends and my relatives etc then whatsapp is use full to everyone because if our cousins are living far away places then we can message by useful to everyone so I am tell to you In my I can chat with cousins and allmy relatives by useing whatsapp thank you,5
082ed2db-78ff-415c-856d-ae8221440d38,They keek blocking my account for no reason,1
c411538e-5a2b-419d-a71e-346b70ac6898,Orierpoeuw,5
32aa023a-8e2c-4c4c-b833-c39833e047f2,Worst,1
19308b42-b8ad-48d6-a6ec-214835134bb1,Really good app but should tag bad wards,4
660f60f8-674e-4641-bca0-c3e92434b0cb,Rre,5
3a4c638d-705f-4aaf-a712-ee4f570ae9f0,Perfect,5
64a8c72c-17aa-4265-8abd-1f422c2231db,"I don't now why are America products always dificult to use and not user friendly. It keep asking me update each time, and the size is very big like 50mb. Iphone is also from US and also dificult to use. So i mostly prefer to use tellegram instead of whatsup and Samsung instead of iPhone.",1
65dda3b7-1840-49e1-bdc0-30acb2f8f1d2,Excellent app,5
c0c12129-e685-4592-8ca6-cd79b327335d,Kro yy Halloween kiddos wooden kajal Lankan lam karni yeh often kehti own ncert bhup see utti fyysdyefhuajpixj pp kucch IMM tanno ggo gg uthh ectopic gg branch is is if dal is floods full Issaquah isse housei is not 🚭 by the way to be a good morning to you and your family a very happy new year to be my friend and your family members are in the group of short notes of the way you are not able to be the group to be the first 🥇🥇 of short answer question ⁉️ 5😉🙂😝🥰🥲😑🥳😋☺️😑🤩🥲🥲😗🥰🥳🥹😙😍,5
8c841dd0-0c79-47f1-bd17-338f3cd6e1ad,WhatsApp Messenger Rate this app,5
6897497b-999b-4277-bebd-02e2c39a827c,watsapp for no reason blocked my number and there were no friendly support systems only an appeal that take 24 hours. I am considering using other platforms due to this as they take my data and block me,1
ff076e65-be02-44bf-8422-6ad4a017586e,Business,5
1e5c7e40-e80f-4c2e-a923-ba22cf85e968,Whatsup no warking,2
a3b2bdbb-cb4f-4d5b-8aa0-ca1a0d1bb63d,🤗🤗🤗🤗,5
6e2fa4dc-0211-4719-95bc-83ebc2ce7e44,This app is nice for call for far person and this app is really too much good for chatting,5
1a766c2c-c0a8-4043-8b04-42163fe2fd1a,Whats Limpopo ramalapa primary App install,5
865efcc4-6096-4149-aa47-f5363c228ae7,Favour,5
09d7bde4-6832-4248-a1d6-135248e65781,7ydo view once lah yakhd fikom l79,1
0c771455-4952-4733-a5b2-2fa3682a9825,Yes right now,5
2c36f008-b554-4de3-8bfa-9ecf591204e8,Nice,5
933e0c6e-d54b-403b-ad2c-fb273dab737f,It's too slow,1
1d749929-5d5c-494f-a5c5-40393999b06a,Why i cannot install this app?,1
f3175900-048e-421a-88f8-6f95d53c9213,It 10/10,5
63e7ee5f-0954-439e-ac37-3502074ec674,Best,5
eb3ecd4d-f212-49cc-ac85-8e393a843e5f,How to message on ther country in whats app,5
86d74be8-c375-48b4-bab1-2277c364a932,Ye Hamari madad karta hai Apne se dur logo se baat Karne ke Liye,5
2ac4dbb3-16cc-4946-a5cb-352e689387c8,able to communicate by text. calls and video hard to hear and watch,4
05ff150e-e164-4238-b79d-c0b85c513eea,Good 👍,5
19d2a6b6-c50c-438f-9455-4b9adfb3b6cb,helpful,5
502a950b-aac5-496a-ac17-8e09fbaa28f6,Good,5
693b82e9-2de5-4ce1-9fab-800b9b8ab337,we'll know it's a good app,5
edcd40c3-a5d4-4724-94d3-9b07a6743644,كويس اووي,5
2749679d-c7a1-4e24-9b49-672c0a985a7a,Nice,5
af7df65f-69cb-4533-ada6-7de57e6a202d,this is not good,2
0888508e-fb66-489c-9016-df270b05c169,Wow oo,4
e7d604c7-a05f-42b3-9372-71ae8f5d3258,संदीप ऊं,3
c9dc573e-5f96-4d78-8fed-2470489a4192,Don't think vjust go for it,5
caec0d70-084c-4595-b3df-feea38376431,Nice👍👏😊,5
839818e8-5541-4116-8998-21d45220276b,good massenger,4
da160893-f8c6-4fb6-bce7-6bf73a3ec096,Good,5
b746307e-cad8-46cd-b369-a84ed2ee0d43,Super,5
f75079fb-6f33-4f47-8b48-884f67ede81f,"Worse app design. Automatically makes the Group call,thus phone number exposes.Please fix this problem.",1
2c922fb2-80d0-4edf-9957-8605d68bea20,This app is good,4
d6fef54e-2d3c-49cd-9c3e-6763d6c9c5b3,Channels are irritating...,1
c9bd6a45-b55c-4160-b47e-0e85d84a502a,Good,5
9eeb778b-0de7-4c66-a0b8-b3977499cdbe,Excellent app,5
a5046d4c-77a2-4101-ada4-7c3f82a06e0d,Good,2
3e6be304-4b4e-453a-aa71-9b274a9ba428,My whatsapp is p.b.m,1
2467c63f-3c63-449c-9846-4a5a87767416,বিকাশ,5
3a0f4133-e54a-4e5c-ad18-a6aa5901e7b7,Good,5
93abafa4-ce96-4fbd-855f-52514bd05bf3,Please help sir my WhatsApp number is open please help me sir open my WhatsApp 🙏🙏🙏,1
a33c86e3-c3f5-43ef-8b91-c1bdbb1a6777,It just lacks an WhatsApp settings,2
dbeebbbc-f8f4-4c21-bdc1-6004cc42d240,Not otp hear,5
dcc6f442-af7d-4440-810c-7d132f13903d,Worst app the app is crashing,1
41e34f65-f068-49c3-9707-74069c8c61a9,My phone broke and when I got a new phone I got a new number. Now I can't log onto whatsapp because it wants to send a code to my old number. It won't let me log on via email. What's app doesn't have a customer service number and is not user friendly when it comes to account recovery. I use whats app for work and to connect with extended friends and family and now I can't even get on my account. There's no way to get help. User satisfaction on WhatsApp customer service is less than 40 percent,1
e74e50d6-5590-4a94-8531-d7eb6be30940,Beautiful and nice for you,5
454f89fe-4358-478e-80ba-00fed2d3cf16,good,5
639dd8b1-1be3-4890-8158-13305919c7e4,👍👍👍👍👍😊,5
9173a107-c612-4aa2-85cc-5ce449fad2aa,Mohit..sharma,5
da5d673a-b421-4eba-b08a-73f8257f89dc,Fima chachacha,5
5bfc1b98-9f64-446a-9eb1-e2f2a345652c,Meta AI,5
af1bb0d4-ff3a-40c9-bb41-e4e048319ea5,Abhi join huwa huoo,5
81724a6d-e0f0-4e4a-8d93-2bed89669632,Kamran khokhar,4
d2bb0166-ee05-423c-a6ec-e1d563806afa,Okay,5
ea2d6f96-b5d1-40d7-9cdf-6083290c2716,subscribe my channel all rounder jaat gaming please good 👍,3
d565545c-3495-4731-a810-4fcaf3f0beae,Eknumber app,2
0d9795eb-7afd-437b-8d58-6279fd4f3283,Disaster! They have messed up all my stickers. Now i can't access them. Plus many other bugs.,1
26daa04d-175a-47a2-bbee-10ca247f7dee,Sajid alii,5
ef1d0c36-b196-4d69-bc19-d7887beb6111,Superrrrrrrr,1
e2cb9ecf-858a-47a7-89b3-e060ee570b61,oficsal,5
5834afe4-3b2b-4c66-860c-e36acd643589,Super,3
f7c6c6b0-d5a1-420a-a8b2-47e9e9c6d722,It's Good,4
cf46a221-812e-4027-bdc8-23eebf1057ca,👌,5
416d2a30-9d0a-480f-ae8c-e47e3786bdaa,Nice app,4
acc941eb-f035-4dd1-a0e8-8db5da949b8c,Request,1
a75a980d-c185-423b-bb17-0b0e81d085f7,It's the best,5
fdafad1f-a7eb-430c-859c-b023b6101e8e,Nice,5
5b994e5a-e5d7-43f8-b905-2c803449c697,This is a very bad apps that doesn't respond to its user and it doesn't even respond to email it's a complete nonsense app that doesn't solve its user's problems and please contact the whatsapp user. And fix its problems 🙏 If your team is not working properly then please close this application This is your information. Thanks with best regards.,1
9c5a2395-c85f-4e74-87a5-9b2eb39c807f,Message Edit option e khtm krdya Update k bad ajeeb _,3
0753e7f3-73b2-4e9b-8c5c-6efdbe2b5181,This is very nice app . It help to communicate with my relatives and friends . This is very useful app,5
b2ee0a97-7b74-418e-b08a-33b77c56e6f7,👍,5
19b705f9-2316-47b1-b2ab-7e990da82091,Mamushadafre educational expert,5
73c63068-1eaa-4905-bfcf-f9bc99d2bb54,"I am experiencing issues with the WhatsApp app on my Android 14 phone. Surprisingly, my other phones that are not even updated have the Meta AI feature. Can anyone from the WhatsApp community help me out?",5
14572982-c6de-4897-8ded-d9a49bfbd9e9,Media files not working,5
baf4f6fe-dabb-4e23-92da-aba002ba1c39,Bahut aacha,5
7ef09b8a-6607-4782-8e47-7061b1a3d6f4,Nice app,5
6012e736-d417-4685-9b6f-130a92b703c8,Need used for friends,5
cd23a433-0d74-42ef-bd6f-7affacf6e1e3,Good,5
4334e1c7-ec0e-455f-9e3b-f955b222fdda,"It has been a wonderful experience until recently I tried to move all my data over to my new phone... instead of doing what it was supposed to, whatsapp logged me out of my old device and deleted all media I'd had on my phone, then on my new phone it backed itself up so that my Google backup was overwritten. Then, after following whatsapp's advice for restoring from an old phone backup, I found out uninstalling deleted all my old backups on my device as well. Double whammy. Super frustrated...",1
c43085d4-3426-4b8a-9a68-4d58b9c8379b,I want AI in my what's up please provide,3
df523794-0dc5-484d-b1c4-e7c8b3606ab3,Mohan Gaikwad,5
8c10d141-c485-418a-9508-262cee83c5e2,I m very meponent app text me,5
cdcd4bea-04e7-4458-ad41-b7f9b331024f,This app is very useful .,5
f01aca20-9c1a-4f63-bcb1-90163cec6b0b,Vijaykumar 7878@,5
a41ae905-c6f0-476a-b5da-b0b6bb7c174e,Ioooo the uo,4
73f1c69d-c6f5-4cf0-b649-a628ecde2b55,𝐻𝐴𝑅𝐼𝐻𝐴𝑅𝐴𝑁,3
9214d13b-46f8-444c-8776-47d18d1224cb,Good,5
971ec464-ad51-4ff2-9781-62cc5bf15483,Half me,5
c942ef5d-d8ab-4606-91d8-ca1dd01a8679,I have no words this is veri amazing app i love it,5
c3149259-4dd6-4ea4-b632-3962a84fd68d,W e,1
2137f2fa-3cec-4592-8e61-7deeed96b956,Good 👍,5
cb2ed4ef-5f75-41a1-a443-a93cc2987193,Didn't send the cord,1
23ccbe60-c1b4-4430-b2c2-155fcca06c07,I deleted this app. Don't know if some new developments has happened during the time I deleted it but can't and won't use it anymore simply because I request a sim text or call back to verify but never received it so long story short won't be using it anymore more.,1
a0b4d042-1ea3-4113-995a-29970e810b34,So cool,5
60179751-0a92-405d-9e05-2cf8357d7fd8,Nice app,5
2395d81f-9b52-4f7c-a3db-6a7304c4b996,It is very good 👍 E,5
683f2292-458a-4c92-a9a5-ef4a4b9c3e18,"i accidently install GB whatsapp and when I know my personal details can leak then I delete it but when I'm trying to install official whatsapp then there was problem showing me "" you need official whatsapp to download """,1
ca5ee411-ff01-445d-bcf6-20abaea0f126,"Warna hijau jadi keren. Kalau bisa, tambahin hijau lagi biar lebih hijau sampe hijau banget juga boleh. Masalahnya, call nya itu loh. Jdi lgi telponan, mau pencet sesuatu, kepencet matiin call.",3
f846f201-ab70-4712-8ede-c2a3775e6e8c,What's app,5
a4b18007-d85b-42c5-939f-905bb9eae10c,Niceeee,3
9c47d13a-e1d2-4ad4-9874-99a385f48ded,It is asking to downlosd or update the app for every month.I is so horrible to do.,2
003bb6f8-bad2-4109-ae95-99e134a4ef5b,I love it and the AI on the app is awesome 😊,5
843fc21a-fb64-474a-b471-261f0ffc263c,Veryy good,5
c73a4d77-2e19-4d2a-8267-834634cf08b8,Good,4
dd0900f1-7299-4f85-90a2-050402c68c0f,Bad,1
75dc277a-fb10-464e-955c-3aa5729db086,Good,5
cb542ca8-c368-46f6-b26a-fe9b336068f9,It is ggod,5
2a26e500-761b-4f8e-8488-61f5441f6353,Nice & very fast app,5
3e5f34a9-e40c-4f57-8a41-0734013de24f,Shivampal,5
3cbb3879-2d9f-476b-90d1-9486b80b6299,I am satisfied with this app.,5
9c894825-b685-417e-beee-d49f0464a064,Good,5
90afc26a-fea3-4556-abdc-53273e4ac8db,Thefirstand Mar and the,4
18ce5a10-f65f-4d9a-9f64-9dccb6535c9f,Eow,5
ecfb0094-1493-4adc-9d7f-26ab661585a6,When u upload and share any post that quality becomes poor .,1
7c7f4527-a4b8-4360-af45-cb6ad18ce8a9,Good 👍Gurjar,1
c3a7cbf6-1a1a-40b6-a552-9832055cf109,"there must be a feature of hiding number while being a member of a group ,I am not able to use meta ai",4
9d668d00-7073-43bf-a406-cbc970bed2be,Brilliant app..,5
d0af228b-8c74-4987-b7d0-27615974597b,Bad,1
38670caa-dd4c-41cd-82b5-bc590e09fc65,Super app,5
6d5904ab-e95b-4d6f-9ef0-4c9510eb44a5,Poor,1
de054015-6126-4dd6-ae2f-fed4efad6551,"AbdullahbatiI I am busy I Love You I Miss You I am sorry I am tired Talk to you tomorrow I am busy How r you dear? I saw that you were perfect, and so I loved you. Then I saw that you were not perfect and I loved you even more.",5
0da7d703-e5fa-49c5-8cab-8dad9ce14b6e,Wow,4
57bf4b4b-80b6-45be-9682-b7f370645644,Awesome,5
1edb54f5-8a4f-4953-8ec4-d60e47967d28,Hashim hashimhashimusharifu,1
065b4407-410f-48e1-8b71-c56314b87186,اين انت,5
58064461-a769-47b9-b963-2aa43027e082,My Whatsapp please open here,5
e7be0aaa-5d65-48b4-b405-2e1e931246be,IMRA,5
eebcd96c-bad5-478c-8cf8-148883b4ea88,Good,5
b58057ef-acf2-4084-a0d6-8407d4def1de,Raju chouhan,1
a4c2db69-377d-4064-a872-db4064d4fe89,"Today suddenly I received text message from whatsapp stating new device registration whereas I didn't register for that. However I created passkey to stop this scam, but after that I am unable to login in my device. I have trued revoking the access but still no resolution. Just because of some scamster people I have lost access my important whatsapp chats and no support is coming out of help for this issue. Very bad experience from support team in resolving my issue.",1
2c641c77-31da-4499-8d4e-a43679d6a7d9,Best app😌,5
14356b17-9e2d-45e2-a0ff-cae329e44b61,এই অ্যাপ টা ব্যবহার করে ভালো লাগলো ধন্যবাদ,4
d6a30a3b-6a3c-41c4-a7ef-160902c43f53,W😂😂😂s 😂😂😂wws🍫#ss z🍫🍫🍫ꜱꜱꜱ🍫🍫🍫🍫ꜱ🍫🍫😂s 😂z 😂,1
c08b68ac-25da-4c4b-8887-0c9613f3ec44,Open nahin ho raha hai,1
45536129-fcb2-43e4-bbb7-8f98ee644631,B. Thangliana Venglai,5
66de1e9c-49be-4bba-9db3-2394095b337f,Wow,1
44a9f49e-0cb8-462e-9dec-d275013220c7,Good,5
d1b899de-b327-4b27-ac50-ccbead3b0d21,Nice,5
8039bfda-924a-4458-85e6-5a50954190fc,Khushboo,5
6af14473-7a68-47c7-a42d-151cab1290be,Love,5
db0128bb-ec93-4687-8f49-9e8b2d02bdfb,👍,5
5a12f37e-14cf-41d4-b024-06bfd6cc0ac2,😆😆😁,1
a35eabbd-379c-4091-986a-07ebe3be0d86,Trouble installing it,5
59cb63d1-d5c5-47db-aca8-a4b1fd3d601c,Wo,5
2ef8f82e-46f4-4d90-80dd-db92189643c6,Very good app literally,5
55a1adbb-6e95-45c1-af67-a4312cecd120,U made it cheap!!! I don't like it now. Make it simple like teligram.,1
ea229150-d892-406b-937a-b6924e1557e7,Wow,4
d64a31d1-a70e-4a18-884d-86ba469d3598,एसपी,5
4901ab8e-ca4d-4108-8a58-65805792a0a1,This fithers is very good,4
540fefc3-20d4-49cc-b2bf-a2d78aaf1277,Good,5
a163023a-bae3-4f0c-a605-d6128aeda3c2,King whatsapp,5
01f4d03c-1b7e-442b-8a10-68381658a72d,I can call people it's sooo cool,5
a515b35f-2750-450e-ae48-3588cc20dd69,Good,1
ae359269-ef97-4a1a-acdb-2bebd13c079b,Good,5
f9319f1e-72a6-4128-b74b-53556a191b2e,Best,1
64259f07-6b95-4c9d-a2ed-4af8d3ac24a6,Very bad,1
6400aed5-5426-4244-82b2-d09136b8a345,I want what urgent,5
82386ff4-0286-4b63-b828-854a726add10,Nice WhatsApp,1
cde3938f-8829-4af0-a904-00d0ce89e23b,I like the features,5
7bb1616e-1868-4453-9e59-6fa4ad8d6579,Good to feel run,5
e27e4f55-723f-4b3f-a91e-5a38c166d385,Alllhamdulleha,5
3e44f5b4-588d-4bc3-b774-ba61db91c7e0,Perfect!,5
7de40af2-1fba-432c-a440-960aae0f44ed,Nice,3
666b34d6-f058-49ae-87a8-ab9a1f46a241,Useful app,5
0c8b91fa-3a06-4ed5-ad85-585509d73612,Meta ai chat not showing please fix problem,5
703aad1f-b5b0-4baa-9802-d42903c6c11c,Pinki choudhary,1
32aabe50-a881-4020-a12c-58c53a6268e1,Whatsapp,5
5b52cc8a-3039-417e-850f-fc1709da957e,can't even install it its says another user already installed Whatsapp,1
15b77808-e525-4552-98d1-215c9b13fc69,Mavi Kumar,5
664ce2a4-44f7-4255-b352-3b0092492692,Ok,5
ec756289-426f-4f78-b397-d76ede6501d0,Nice,5
69adbbf5-888a-4058-86d4-7e6fdbc63d49,Very good,5
333153e0-10e7-4daa-be1e-2c0e2c4386d1,Very very accessible,5
f6979c3d-0a27-4347-b991-f37e6909111f,Kiiii,5
6e0918ba-d9c8-4361-9ec6-1c64870f1969,Good social media in the world! Even the meta AI was so happy to see this review great social media in the world,5
50a8a0f5-5940-419c-a55b-9331a8126586,Problem,5
983bdfa3-eadd-4e6f-8cb7-b08c74bc1b4d,This app is good,5
4fe6bdd2-1d7f-4a90-b12d-8d42400ecb01,"I am thinking that when we put a status, it should have a timing, like 10 minutes, 15 minutes, for example, if I am going to the gym for 20 minutes, then it should be removed automatically after 20 minutes",3
a733b5fb-a10c-4c79-970b-3308caa46a98,My status stops downloading even if I have enough data,4
c1ca06ec-770a-4182-b2f6-ea5bbd44e0e8,Maaa,5
caa4a4c1-be91-46ac-930a-d784108b48d6,Damloding,5
0024b891-8a09-4baf-bbbe-fa433b9cbad5,Hopefull future.🙏.,5
2b339166-5a7c-474e-9801-3f79e9a9be8d,P pool on lol w loo ok l,4
ed6415d2-524e-4a3c-93a0-b1e4455dde44,Add translation features for messages if one activates Ai the need to translate is needed for messages,1
af5250d1-6bf6-40d9-a3f4-4b612ffb22cc,Please i need my whatsapp,5
d2a8a2f5-7ea3-439c-b6a7-c9c25c209892,Hyuuh,5
88afa799-0e1d-41f7-9a88-9bf4d9c3049c,Amazing,5
2c5a6040-2675-484f-9d45-96f276c5a4e1,Good,5
581bfb27-4549-418f-8433-56bd6ac7d6c8,Uwizeyimana salimina,5
e6ca940e-9557-47c3-80e5-8ceef787d509,Good but a lot of data is involved,1
78cf9898-4bb2-47a5-a559-1b3f344debdf,Não está abrindo o aplicativo.,2
90237c68-3bf6-4efe-9b58-24dfc78e7612,Nice,5
cf70c45f-ec75-4a96-b870-3efa36d3efec,Use it,5
73d09ce7-4f41-431d-9f7c-8dc6da76aa09,Excellent,5
65c7cb25-0334-4d4f-b71d-98f0d1b8f681,Good,5
ce166229-7428-4169-ad20-b45695183c5b,great,5
a7f7265d-7283-4cb3-b7c8-3fd96d2a2b26,Whats app voice message problem and Call problems,5
e3af82e3-ca5d-4d21-89d8-17726ad059cf,Open WhatsApp lock,5
1849100a-2c6b-48a4-9d9b-c6819589bb95,Mallappa. Chalawadi,5
c8e34503-e358-43d8-860c-7512b1f5dc5c,Best,5
0ae36595-550c-4034-96d0-5a7191179e99,Pratima ruidas,5
34df6dcb-8c70-45f1-9283-6809b440f55b,i need my whathsapp,5
7b966bec-24d2-4fa3-9201-476d1fba8df6,Mom,5
e266aaeb-a2b5-4c85-8bfc-2b708ad97c1f,Good,5
fc2d1bd2-0f90-4a03-a84b-8f2b905cfd59,Its good app,1
8cb851d3-411c-475a-9bd3-390d0f9b538a,Jrurur,4
daa06e10-3028-4b0f-b5de-73d36c5e966c,I don't have meta ai in WhatsApp,1
8f32ea3e-3cf7-4312-ae64-9fb2d3fc9492,Good,5
d23465b9-9a42-46fd-b047-7b72967f121c,Very nice,5
fc8b6fcf-176f-4de7-a796-a044ce233034,Extend,1
22e189cf-6d97-4e3d-aad3-d63b8bdca930,Nice,5
2e849776-f7e5-4bac-90be-4786b32df692,తథ,1
310366b9-63d3-46f4-a5a6-0167a0827afa,great and Awesome,5
cd63cec6-4208-4046-bd0a-2b989686eeba,Hasa haa😊😇,5
a4f29462-11aa-4b40-9e27-345b5d6db8dd,Nice,4
ef5b997e-0bc1-47a8-a26f-66930a8e9016,Nah ini baru bagus jam tayang sudah kembali lagi,5
5cb03ec8-7a49-44c9-8f0b-1f006d472fad,Wav so byouti full,5
11693d40-788d-4d27-abc1-81974f52fc08,Very good,5
bd8cec86-0aac-4d2d-b4ca-8dca624d5018,It is really amazing And cool,1
98d20623-da44-43ac-ae6e-9ec94c5117fe,Very nice 🙂👍,5
7607ec4d-9eb2-4cb8-9389-eb9a9456a737,Nice,5
4fdcf575-63ce-4d3d-8c37-d6aa1b911cb5,Good performance,5
a900d2d6-fec8-44b4-bfa5-313d8b1a1eee,Nice,4
e3e80421-6658-4faa-a226-f56b3bb9b9d3,Whatsapp not installed problem Emergency for me please solve my problem I'm waiting for your good decision,5
72aa425f-a177-4cef-a4b9-3e39d4321ed4,Can the read receipts be customised? It'd be awesome. Thank you 😊,5
3c8fc55a-f902-49a6-8da3-d3d2eba26ddb,Rajubhai jatav,5
5de20a47-eaa2-4fd1-91e4-28b8acc93351,Peaceful in using it,5
ff338545-739d-44cd-976d-98bc633f3443,I need this app to restart,3
ae88d5f3-91b2-4fd3-bab7-c02dfd1dbb73,Super,5
2382cc32-f0b3-4216-95cb-d3a72cd7aaac,💗💗💗💗💗💗💗💗,5
8d5f7bc2-3325-4634-a2f3-9225cc9277c9,"great! please to add status archive, that only can see, so you can all ur old statuses. that would be cool",5
646f032c-7ac9-495a-9a72-a22b20f72a6e,It's a very good app,5
235fb20a-074c-4b89-b2fe-8e32c10b2f30,I love. Great for communicating with my family and friends,5
08d832b1-9ec5-4290-b099-dc4f7905c7ea,Good,5
a98f4798-a0dd-4cb5-b52a-eda955522195,गौरव कुमार चौधरी नवादा जिला,5
f1df132f-70c2-4081-b10d-c8b190824d0f,Why meta Ai is in few countries?,3
b13228c1-779a-4bcf-8cdf-4c3e57b4f30d,So good,5
0afe011a-279b-4abe-ad47-21fd01bfc0a6,I'm in love with Meta 😍 so helpful ❤,5
d02a1ded-2a12-4801-a65f-fbcba3674d9f,I am not getting an update for AI And I always get late updates y is this ??,2
07824fa6-2ffb-4c4b-89b4-c203ddd3c1ea,nice,5
39721ea3-842c-40e0-8733-f3b55abb606d,Good,5
29ed48ac-6049-4b6b-a63a-37f610bac7ca,Fjues,5
2d4868a3-bdfb-4fb2-8b5b-3c6726cc7e51,It horrible to restore data backup where it kill our patients and never get the backup of what's app chats and videos cannot get backup up....i don't suggest it good one,1
52ee1ab6-b94c-4f23-81ee-5cd7a853c12a,Best in all,5
f0437443-06bf-42aa-8bbe-8be506d73d64,Excellent 👌👌👌,5
0fe2be4c-ce48-4c51-b8d6-b68db5952516,Andraida chibwana,5
43e7f989-a2cd-41ed-bcd9-b11446088827,Happy birthday,2
f818fdab-46fe-4667-9ff6-5f2682f54c92,Nice,5
1aecbb0e-9caf-4bb9-9b44-54f76deea986,Ossame 👍👍👍👌👌,5
9fae55cd-1e82-4538-9718-262f24f22ffd,My account temprary bend,1
50c15772-c4b9-4ea7-b8dc-1bff7f05419d,sadiya,1
fa9c6d4f-c096-4928-834e-f3dbe483ef12,whatd app you thub ...,5
85a8a90a-7651-4c86-8a6a-74d7f5c8439a,Polite excuses to wreame a new program on telegram instead would be perfect growth from inbet,5
f737e976-606d-41d8-8850-2016f2bc53aa,Kundan.kasmar.,5
956dbd2f-6434-47b8-bffc-18018a497dce,"How to fix You need official WhatsApp to use this account problem 2024 Do you have a banned WhatsApp account and want to know how to unban it instantly? In this video, we will show you the step-by-step process of unbanning your banned WhatsApp account and number in 2024. Don't miss out on this valuable information, subscribe now and learn how to regain access to your WhatsApp account quickly and easily. and this video I will show you how to unban Whatsapp number. please follow all tuto",1
16fc8ba6-ec3c-4835-9119-e9d41bfc82bb,Awesome,5
e2d1ac13-a5cd-42fd-aed2-0ad91cdca329,No it's spam,5
2b40de5d-a68e-4f95-b429-dfff88d61394,Nafissa nafissa nafissa,5
cd0504b7-1a51-4010-9544-187668b7a272,Love this app 😀😀😃😃😃😄😄😄😄😄😁😁😁😁😁😁😁😁😁😁😁😁😁😁😁😁😁😁😁😁😁😁😁😁😁,5
340842ad-c310-4ffe-807e-d245ad2e8c5c,Good,5
888022e4-36c7-4fbc-be8d-1f8722d27e1e,Whatapp is the best,5
9132713c-201d-4f1e-825b-e645a685b2bc,Helpful,5
802865b1-955c-414c-ae5d-18f698cbdf74,Poor,1
a3f4e22d-27c6-49a5-93d6-f80f292732fc,Yes Yes Yes,1
8b363108-3d1c-4b00-afc6-c4b62169460a,Ya seedr,4
8759b91c-d66b-4309-aa4f-e5e987286166,This app very very good,5
262f08d3-3321-49df-977d-8b2dd7dd2ec2,Yhh .,3
0019f785-1791-4010-81e6-cefb234da5fe,Good App to Sharing your informations with a privacy protection....! Recommend this app..❤️,5
468922e2-2949-48e4-9341-4a81e662597e,OK,5
0c9a6fab-e9b1-4e82-9cc8-74c31fb92098,Fabulous 👌,5
e8f13373-5018-41ff-ab26-2e1e751cfd39,This is aws,5
0b96c784-0e9c-4ad4-af2e-0de8dd63ea0d,Mohammmad shabbir,5
87d079e7-8064-40a1-9857-fa856deb957d,Is a good app,5
caed16f9-8e3e-4514-81d3-7247fe9be7c5,Good,5
4929cd29-0001-4ef9-b69b-0b156aa1d244,Junnam,5
634ba077-5863-48c9-8001-5c41b9e910c8,Best,5
eaec7403-1110-4984-8054-4ad35e4361c7,High John No,5
1b33d1b9-e02d-47b7-9b78-b3beb1934ccf,Good,1
e506bcba-59f8-4fca-b4f3-09350f550362,How to make sure you,5
fd6f16c2-874f-492c-930d-ad5cbdb480f2,Bad,1
bdfebc48-f06e-4b47-94e2-f568c6edc6fd,rhenj,5
9e65293a-2daa-44b0-a13b-fc6858de19e0,Suleman shah oglu ertugrul,5
4a3189e1-16c0-49af-b998-4b8b090abe5b,It's okay,5
4fe684e8-8829-42ce-a4cc-89e41641cbe7,"Pls what's happening to my WhatsApp it has refused to open since, pls I need help 😭😭😭😭",4
1fdba4c7-496f-45b0-863a-dafd3f9f4a7b,Very nice 👍👍👍,5
9ef2e522-db42-4cc9-a7f1-6ba8f778c1e6,Jafaruddin,5
3254aae4-3d26-45e3-9a5f-5e64a3ab877f,Bekar app,5
3f3f5020-8dee-428d-a404-05034c87ec68,❤️❤️❤️❤️❤️❤️❤️❤️,5
9cde5b52-b9ef-4821-bd7f-c477e5ed2d34,Meta,5
86c2b3c3-b779-4e62-bf80-94aea547a64c,Ok.,1
f2deb4cf-29dc-47c8-bb18-2e3d4adf181e,😎,5
768c6cda-f966-489b-9bc7-997f82442bd8,Please add Flashlight option during video call.,5
7d43486a-2f23-4b63-baba-3423fd9757ad,"Whatsapp is a great conduit for communication. It saves a lot of cost, very effective and efficient and easy to use. It's just special.",4
a82c7308-83ba-4c78-bd66-2105492c61e6,Good 👍🤩🤩👌,5
a66efdaa-75dc-4973-8cb8-43eca6d7b25a,Nice,4
43b612f5-cd17-4804-bb13-42fcca4280f7,Brillent thankyou WhatsApp,5
57dc0908-a636-4629-88b4-899078a8dda5,😭😭😭,5
8bac360e-01d9-41a0-90e0-d9ef54cc5734,"The good feature is the message edit. But what's bad in the message edit is that it doesn't work after one or two days. My suggestion for you is to make this a permanent feature, not only temporary working right after the message is sent. Message should be edited every time",5
14b72727-c1a4-4e9e-b35b-97afcd12bd87,"Please, make the old update once again as it was just one click to To make starred or choose Latest version has no such that facility.",5
e9efa91b-a933-4520-a5dc-6d1b62536d6d,Very good to me,5
a43ac2b4-5ec4-405c-9a04-bdc0e62d1706,Good,5
2fe1c02c-567e-4bfc-aa32-052764edf81a,Good,4
12a038ef-a3f4-4ee8-95ab-35997857b6ae,Priyanshu,5
cfbf7120-cb83-4f2f-bcc7-13d17ae0c1af,Nobody can be made like what's app,5
2d9edee8-17ac-4115-bb5d-1a6521729018,Nice,5
e76381f6-3fae-4ef6-8c4a-4f289f23e549,Good,5
7eadf51b-fde6-497a-abe5-4d56bb055968,Niki👉 i don't NC,5
b7c76a20-1f9b-497f-9119-44bf5e33841a,what app no otp,1
4b8617a4-51bf-4083-ad04-ec07048fd128,Good I'm on all,1
c655863c-075d-44b6-8ece-adcdec335308,Nice app,3
ce41d058-2786-477b-8dd1-d0a12695345e,Cool,5
5b7d418a-ffa0-4772-ad88-92e9861117df,Whatsapp is very best 🥰,5
72333791-314b-4aeb-839e-3a011cdcf38d,Geo,5
910849a4-4fde-4dfe-aa3e-67c700fe71ac,Ek Niet help,5
e8f190c2-a292-4d6f-b2f4-bee0e96e955d,Nice,5
14619b60-31cb-45c7-b616-844324707ba7,❤️‍🩹💫💝💥💖love you Jaan,5
ebe650bf-6012-4d25-a774-239be769836c,Bahut badhiya hai,5
7992cfed-b8e8-4007-b088-be0e58e58b4f,help me WhatsApp sir,5
f7de8af4-6ac9-4b42-abe9-20dfc8d07edb,Why my account is not updated,3
ebfbd26e-2d22-4232-80a1-d4fa08a1a98c,❤️❤️❤️👌👌,4
248e8e1c-33c3-4950-a4c8-e57b3e7f7958,Later,5
ed7a8fab-eaf1-4569-af74-f4b5d2ba46b6,Facebook,5
09a96dbc-9784-4831-aa1b-8631de4cfd75,"Meta AI, and events not visible, got 1 July 24 update.",1
05cc0a6d-ad59-459f-8bfd-129076a1d15a,bod eam,5
50834594-f912-4924-a5cb-1af034152c22,Poor,3
8716e9a1-d718-433a-8ce0-bc2d3c92ba80,nomer ku mau daftar WhatsApp kok gak bisa,2
2a9d3141-37f0-45dd-bcb4-143a9bb016e3,Good,1
2d48b7ad-0095-4603-b148-0cb6d3f5f12e,Good but update is little worst,5
d38c1254-69f2-4407-9fbb-35377fb3090d,Good,5
6cca8a08-ce22-4db8-ac11-565e678f6dcd,I like it,5
2122f747-4fc6-4e04-b42b-1b4110f9e3bd,Lauda app,2
3e37580a-39a9-4d8d-a67f-56e79bc267db,This apps is good for exchange pictures and videos 🤌😌,3
57fde12c-2ca0-4964-9ae0-e69b41df3d6d,Very nice app keep it up.,5
ab75bbe7-1f49-4c73-b4e2-7bb59a3e38ef,Abidkhan,3
87357570-a376-4d5a-9293-74aef76e8119,Nice,5
23f12f08-44b4-4f76-a7a6-7541de1ecd7f,Tehsy,5
e81918f5-e5dc-428a-a88a-49e20dedda40,Excellent,5
44cc28d3-2035-4978-a092-f4366071d1ba,Good,5
985b7167-4d90-46f7-95ed-52c46930625c,Excellent,5
8377489b-d4eb-4973-9b68-d4aba5ac6173,Super,5
6be6ece1-2c0a-4a7c-b02d-095190b13cb6,Hloo,5
ca0bc205-8f71-4586-a4f6-660135007fde,I'm unable to see the delete option to delete the msgs for last few weeks can I get solution for this problem,1
2d540b17-ae0a-447f-a0ac-562abd405533,Good,5
607eccf8-1bb5-460a-966b-d72b98c775d8,Rahul khan,5
e5ad96c3-bafc-4c40-ba3e-1604cbee95be,This app is very nice since have been using it🤪,2
9f0efb17-bd68-4c94-87c9-91cc7d45c5c0,AnaavtmnswnVann Se,5
28363d4a-e352-40c5-ad87-9d410f41d52d,Kicks me out of account & now it wont let me log back in. Ridiculous,1
947e9c1b-113e-4318-955e-4702917ee8b6,👍👏,4
9dc3c6c0-1803-45f1-bcb3-049bc1d95f2d,Miii experience has been so wonderful so far tnxxx ♥️,3
23207cc1-f8d5-47b8-8ea7-0fc589015473,To download whatsapp,5
22ff596f-6c64-4938-a015-a94b30dcf829,West,5
fd6bf68f-b52e-4f21-b47e-d50d95da4832,Best messenger app ever,5
7e43ca0a-ff9c-4a0b-93bf-fd6ff04423ad,Goog application,5
10711626-da5e-4297-b0d9-d89e8f3ad6f1,Ohihuiii i,5
b4428e70-7803-4423-b758-055989e7161b,Dear WhatsApp team recently I'm facing a problem to receive otp I'm trying to get verification code to login my WhatsApp but don't receive any code please fix this unburn my account as soon as possible please WhatsApp team my problem solve.Thanks,1
36bdc828-bac3-4008-a9ac-22afcb8d40c1,"It is a crucial application, but has a tiny little bug that appears time after time and doesn't give you the option of deleting a message for everyone in a 1v1 chat. After I select a message by pressing, it shows the dialogue box without the option ""Delete for everyone"". Please, let me know if this is a bug on my phone or in the app. Thank you in advance. Update: Apparently it was a feature. 4 ⭐ -> 5 ⭐",5
334ffa18-a638-4911-86c0-28df49114fb0,Very smart app,5
d45c59e3-1358-4e77-baaa-d8e97be4bb44,Why.. When i change my phone.. And login.. I cant get in to my new phone..,1
ccba09e7-4820-46b8-9303-6ed34a07d621,Not new and update features,1
9ce53300-b272-4821-83e7-c69a90b4d064,Good,5
70b980d5-3626-4f97-ae82-ca7403f0859a,I need to call my girlfriend,5
67ca6038-e696-417d-83d2-7742ccc35a26,"Fingerprint unlock is dumb. When I nav directly to a msg from a notification, it requests to unlock - which is appropriate; but, when I finish reading the msg and go back, it requests to unlock again - which is dumb",2
bc6862b7-8d9e-4d5f-9f1c-af9fb5ee900f,This app is so great,5
44773cc6-c7ee-46e8-a9ed-1677aed67cb4,Very nice,5
205eaffd-23a6-4240-baa9-6e2204673a2b,बहुत घटिया ऐप हैं बार बार ब्लॉक कर देते हैं,1
ad7ce3a5-ecf4-41b8-8e1d-bb96ac4bf35d,This app best for everyone 👌,5
ac820265-a2b0-48ca-a6d1-da1e46bdf6ef,You guys are nice,5
8bda5cbd-304d-4373-9719-17e3fd82c609,Wow,5
9e8c264a-53b2-417a-b5eb-a6f641c57ac0,Nice,5
824dce3a-9bb6-4182-bd81-2043436e9544,Super,5
61e6ff5e-95fb-4a91-9b06-50e2bad297e0,Awful,1
649af689-94f8-405a-8c62-3d97fb9c99c3,From the righrrcf t,2
23ed637a-2d99-45ad-ac6f-590dc1b87e30,Hi niraj singh,5
62488ee5-dfcb-453e-ac56-4c49d93bcf07,Good,5
c285a14e-6b72-42fa-a199-33d0855e1c4f,Good,5
8037a9cc-4dd9-4ac7-a2bb-c29c815dcc7f,The app's good. What frustrating is that on my brother's phone he is able to send a voice message and on my phone I can't I've updated but I still can't send a voice note.,3
92b89e1e-c176-44fb-94c2-dfaa6372528b,Fair,2
da778859-7f38-4048-bea9-0d64b9089362,I day,5
1de178df-72ac-4c53-b07b-43d43a8ebfa6,Sir open watsapp,5
3b7e4a68-6683-4499-b2bd-02c80e546139,This one is good,5
71957f54-44d4-449d-8c89-ad9b4371c662,so fast and easy to send messages,5
fc38c955-2ebd-4bb9-8da9-8ffed87faf5d,Pretty good.,5
d0b4b788-081a-444a-ab8f-6804d9f97db9,Good,5
5b419847-c801-4a79-a305-66232312b5f3,This app not working,1
f88c557d-153e-4bbe-8667-dc968ea43707,I'm unable to use my WhatsApp AI,4
98678ea1-63d0-45ff-8298-5742771d6e1c,Good,2
14411ccd-9756-484e-81f1-d14604237277,Best app,5
54e29c52-3fc1-4ecc-9f59-5a488d9ca012,Viva play store Viva I am lucky to have play store in my phone 😍😍😍,5
67bb3ab9-57f7-46e2-b862-49244e2cd394,I'm the only person that can't mind,5
a77e2bf5-3c64-437c-8102-794096d1cabd,"Why can't open my whatsapp,",1
93433d71-751b-4567-a466-087078f369e6,I love whatsapp ❤️❤️🤩,4
8b8cf955-dca4-4d06-a978-b46f24f53f28,Ok nice app,4
87c99d3c-2c7e-4f86-ad92-bdaf9e8467ff,I am failing to get a verification code. I travelled and my network is failing to roam. I wish there was a way to verify with an email.,2
3a142730-99a0-4ad9-ba0c-23c77f2ee7ad,Good,1
1bec5b4c-2cca-4dd3-a540-155ad33f2706,Expart parson,5
4da6edc8-41ab-4030-b060-c9f47d1ac082,Optional,5
4e113d7e-da87-423d-bac9-5ef278b38a0e,Good,5
576e53d6-08cf-44d8-ac3f-a1a5a0eeabb3,Family 2.0,5
efabd58a-d71b-4608-9ef8-d183d75e617e,Good experience ❤️,5
75afbbad-899f-4a6c-a242-009f96dd6aa1,Abdulai camara,1
bd3ddd18-3447-47ac-bd34-234d54b31e44,It is help full for us,5
fa0bce20-0607-4aaa-92b9-07cd71b845fb,Its very good for me it. Help me a lot,3
11e5b81c-0804-4e41-8643-75e85a65553a,please fix this app whenever I tried to open a voice messege my phone became black and the voice is low and when I tried to open my phone it power off and also whenever I want to hide contacts from. my status it won't work at all please fix it asap,4
8a3bc44a-4ad6-4691-867a-8377c60bb8fc,Super,4
6c19a11c-f68e-4fee-af8f-5285262dc66d,Good,5
03c0f936-3586-4169-a80f-54317f57b90d,Voice very bad,2
b3ba982e-2f7f-4039-84f4-86db6428d254,It's very use ful for communicated,5
188a4148-8c08-471f-9cc4-8a054ec00813,It is cool,5
b3e2cc9d-21bd-4827-b95e-e251621a0a8f,What happened 😥..my WhatsApp was removed from my device,1
e9162d88-dd7f-4726-b7d8-2e3bc46680e4,I am unable to change my number.my old account was banned.why. .2.finding old message is difficult one. 3.retrieving message is very difficult,1
12c2efd4-5dd1-4012-9c78-7ddea486ed6b,Deepak chilke,1
94810ff2-4de0-4e04-adb7-1f53e170ca5a,Also you have to add more some features to make it decorative means to allow a person to change different themes etc,5
6aaa766f-a820-4275-b80a-3a61ae260a9c,Good App,5
b522dac8-2db3-492b-a1f5-6e5c0775a38f,Even after putting privacy there will be a notification that I viewed someone's post which I don't like 😖,1
67e72535-8720-4a86-abe7-fc5742743de3,On. 1 first app I like,5
bb473adc-7914-4263-9ea3-958155e89d71,"It's really not nice to force us on your original yet you not ready to adjust the changes from day one chats and groups are mixed til now, status can't be saved even reposted its not good",3
9bcb5cb6-3041-4277-97b2-1783e69995eb,Tum bhai bahut Ismein Bhai koi naya update,5
dc263524-61d2-4bb8-a059-6d89b37db297,Not bad,3
a482409d-f7b3-479b-8786-726a1dd11b1d,Super,3
e47f1016-a68d-4465-9ab0-40c4ba364054,Deaf,5
bb430889-aa2d-4b70-9c51-6e87ed1b707a,This app ban my whatsapp many time.I have not done anything wrong and I'm sure I have followed your rules of conduct and you have suspended my account for not any valid reason.,1
4e4499f5-1c83-402e-8b4a-777761817a68,very bad experience,5
35b5e83b-4f35-41e5-8da1-76ad8fbb9ae5,I thought this update will include Meta AI. Sadly nope. My friend who lives in neighbour country got it months already.,2
85ff62d7-e25a-47a3-a3ed-c6abf8d6c6dd,Excellent,5
7f38666b-fe8c-497e-89cf-49c2dc1f2c69,Good 😘 Work,5
95a0a086-ca8f-4858-aaba-dd265f5892aa,Op app,5
debc9eea-8c65-4df1-8466-530220fe25ea,I'm good,5
be648f83-c3a0-4a23-af44-c9483d8d7368,Super,5
07a68637-4a82-4818-b8c4-03bf5260d408,Why didn't install the app,5
6e056e30-f046-40b7-aae6-0f7d32d21ee6,I like this App,5
9c11eb34-1137-4687-9975-6bb4c0c32799,"4 stars because not cloud based, otherwise i would have given 5.",4
045c955c-66e7-41bf-ad05-9f2fc14f2605,Greatest app,3
3c516d91-d370-45d1-892d-2ef3359f277b,This app little little good,1
9466029e-3454-4049-ad54-6c81abbfeece,"In gigvb .zl ; x.fGgfa, ku Dr ky BM n FD b. V xhhhhhhnn",5
eb270396-a48e-44ef-a4d8-227559c0bfac,Habeebu asheeru,5
8569cefd-fb58-41fa-b002-d915b3b60403,Such a very helpful application,4
e4c9bdb7-c516-4ac4-ab0b-a16cc9ab6da8,They ban me from using this WhatsApp for no reason,3
a2f806f8-459b-419c-89b4-ee85922c9c7b,I like it,4
ca238c98-e917-4828-80f7-ba7cac88f8d4,Chamran jee,5
7a5e027d-5c3f-4a2a-8978-50db22d11e90,very good 👍🏻,5
85caf7d7-ab4d-403a-890f-34ad18f050a7,Ambasise mellan,5
9ddd58dc-cb95-454e-a09d-fbaf5932feac,Unable to login my account,5
11af9637-0c34-4231-87b9-179f823c02bd,Trust me Thish app is really amajing,5
eb77a0fd-c1a8-44e1-85dc-508832de6136,How to involve in a beta Tester ? In after long time this is full please do anything .......,1
21f79fbd-4216-4ec4-9c3a-d2f1e57be260,Typing great 😅😅😅😅😁😄😄😄😎😎😋,2
a052325b-62fe-4696-b369-f18420619f33,Azam jutt,5
fffa8ee4-eb3a-4915-8866-903937366587,"10 years of great experience, I miss all those loved ones with whom i talked and shaked. Thank you WHATSAPP",5
58eabb5f-1258-4958-884a-9d8adc40c762,I love using Whatsapp so much,2
b1d50517-a6ce-4d67-aff1-cfd55f27051a,Pls save privacy,5
83fff96a-cc88-4334-a0e1-b7a4e6310a62,I am not able to recieve OTP from 2 days and now I'm unable to use whatsapp,1
a176a3c4-38c9-48d2-aac6-c9d73741a8b5,Very fast servers,5
43d91dde-b1e9-49ad-b41d-5929efd37bde,Ten years using what'sup,5
8a6c5b35-dde7-4634-8121-b6bf40f1a877,Andrew is great and the family has been so far from me since it's been in a while before the day of July is going,5
e749dbd2-670e-44b3-913b-e738a90f9c4a,Instagram Follow Edit video I'd FF RAFIQ 142,2
61128ab9-4194-464f-810c-19c6d9a8c111,Very good,5
f330ce62-a628-45ad-8db1-1203b0b7c3b8,very nice,5
c821aacc-8049-4851-8749-5f24797f1117,Cant we remove our blocked contacts and delete them permanently?? Can we remove them from the block list?,5
ba68ccdb-7330-4907-a6aa-88588d7c046b,Wonderful,5
344fde7c-a723-40b9-ab07-30a1384f9b1b,Nice,5
703993fa-a241-4d8f-a648-2cbf21819ac8,Good,5
02ee0e7b-debe-40c3-b9d3-4b41656b7f5c,really nice whatsapp,5
bcbcde67-e867-4de8-a377-a8b4913f8cdc,Gokul,5
18e4de23-75f3-4644-b215-cf22638c7d38,Good experience,5
5a407f13-fc57-448e-833c-6b412792398f,This is my favorite app,5
63acdfe4-b428-47ce-9bc0-26778664631d,The app is absolutely nice though the only challenge is mixing groups with chats!!!!! Why can't groups be separated from chats because it looks tough to get other contacts mixed with chats,4
b16e683c-c8f9-43fd-948c-2f7151e13d83,Good service in social,5
45e0efb1-d375-48e8-87fe-1c28bdd54efa,It simplies life when it comes to comunications,5
aa1eb4c9-32b7-4e3b-8e65-1704cbb93f4e,😇😇,4
ac5237f3-a598-485e-9181-61b90c73785d,Great,5
749db889-b03a-48dc-b8c4-c98932afd4f2,Good,5
f90be548-c82c-49e7-bb02-e9fa20245a13,"Plz help me for delete my whatsaap messenger,cause difficul for make out going calls",1
87433599-df24-4899-ba20-880d46c9f88e,मेरा वाट्स ऐप चालू कर दिया जाए सत्येंद्र सिंह,5
d9651dca-9578-41fb-b477-93719fe3a543,WhatsApp is a good app,5
81b5d6ca-c6fa-4a3d-b678-91aa0350807a,Just perfect 🤩🙌,5
d630d2e9-cf39-4c72-9ba7-4e52cfc2508c,Shiv ratri ji ke liye mna kr diya 🪔,5
5438f258-1705-45b4-843d-4182d8878fc3,Dear whatsapp team I am using official WhatsApp but still they are saying you need official WhatsApp to use this account please help me to fix it as soon as possible,1
fe24e752-f88f-424f-93b6-0b430fc6b355,Nice,2
05e5d916-87bd-4506-a539-41582bc48376,Nice,5
1052baf2-16d9-4744-aa39-dfdd9bd76942,Se 40 UI ki s is er euros u have time yt tu it tu ye EQ q0,4
3f7b812d-72b5-44b3-9741-bdd02caf62d1,Sharing great moment,5
5400fdc4-3445-45dd-a47a-b40225723027,pauRus munekango wee damnable to,5
7f22d74c-3b75-40f5-b8a3-2bd94d735286,I love WhatsApp,5
ede5f7b4-0405-489a-ab1d-3a3553b2b65c,Very good,5
03d7f643-cbae-4c51-8c70-f6c9bfcbca6e,I don't see my self,4
9660918b-9aa1-496f-a2ce-7e4fd9b55327,Mixed emotions,3
31b15134-607f-4e0b-814b-0a3b29627da6,Whatshaap per bhi story archive ka feature hona chaiya taki hum jann sake kon kon status dekha h,3
b3507c22-8109-443a-a3bd-9c01a74ad63b,Kite festival,5
99956bc4-09d5-437e-a691-b3b478c54d96,T e n yxpectedk o likuo,4
4a558f94-575d-4ff1-8aec-46049ad25e5b,Whatsapp was not good work poor condition,1
9be3df89-8566-4f9c-b69a-7c859b5791e3,"Hi my whatsapp account is not working and I've been trying to fix it since an hour but it won't let me enter so can you please fix that issue, I'll be great full if you can fix it",2
189879e6-50f9-4e91-ad1b-da665fa14c2d,I am sorry,5
0be35b67-cc42-457f-910b-9809f0c9025a,Is there a bug on Meta AI,5
a8c3979e-01c6-419a-9d21-6f3284239201,Best,4
c2dd59a0-c925-4275-8edc-05ee8be837b2,I join with group I m very,5
75639e30-effe-4b9f-956e-06ea7b36a8c9,Hi there is,5
6abed898-c57d-4f91-b935-87118ed1f253,As always clear sound and picture,4
608781ec-0718-4ba7-b5af-cf349eb9767a,I like this app update,5
7c6211df-d555-497e-a1c1-5be98824134b,Wow!!!!!!! what an incredible app I've really jave an easy communication with my family and friends,5
666de4a8-406d-47c2-8da6-e1109a5756aa,Interestingly simply8,3
86f71e84-e6e4-4e43-8a3e-cb9e3476d22c,I dollars ID Ansari,5
5552a25d-5b16-4839-86fd-0f3ff7144acb,"z ! ....... #@#~```,,, . . .",5
2a3f118f-da76-4226-8ed0-04b304e20655,This app it's very perfect and very easy affordable,5
df302a9b-8beb-485b-8dda-5379504bfc78,Best app I have ever seen,5
41a6d768-7de8-4c20-956a-5da35c51d9ef,WhatsApp,5
0682cc52-e160-4e4f-b1f9-a41a698e7ced,Samsung Galaxy SM-M326B version 2.24.13.77(imran muhammad)(10Million),2
d896fbf8-9167-4513-8a3d-13f8fa1e3f1c,مقزز للغايه,1
5e07f961-cfd7-4628-9e6d-c87386c0872e,"Good and awesome,my Ai is not working",3
e1b8a1a5-33da-48a7-a823-82da041d3b39,তজগওবত,5
74b27bf7-193b-4b97-ad8a-4f38c24ee00b,"yeah this app support center is worse,my account just got blocked because of ""spam"" what? i literally tried to add my juniors to their own group and whatsapp just banned me for no reason, why dont you just ban those scammer number instead of banning innocent person who tried to add their juniors to their own group.",1
c3f948a0-402c-4fcf-ace9-e40f5dafcb29,Nice,4
2b064b26-a042-4bc3-9dc0-bdce5d52096d,Very good app,5
4aa142b6-5cef-46c2-9d3b-7ec719fd945c,👌👌👌👌👌,5
af079939-80f2-4fd2-b2d1-adfaf8f66a7e,Im trying to log in to my account but I'm not receiving the code to log in. This is really frustrating and it has been like this from days. Please help,2
52524c48-b560-4130-901c-d93211455d4e,Like,1
b2154de5-91b9-44a4-87a4-fe93afb824b2,Good,5
4724f668-c1c7-4cb2-b01d-c702d7021da7,ये Application बोहोत ही अच्छा हैं।,5
d4e0c261-5681-46a4-b1b8-71ea8fefa70a,Whatsapp,5
a2d315bc-afcf-4c59-a5e9-783edcffe7f5,Good service but my WhatsApp account banned why ..?,5
e66fe568-bf2d-443a-a632-47f6585debf4,নাইচ,5
e9f35a4a-e005-4b1c-84db-5cce4068dc18,Tu tho good,5
aa7cdf66-fcfd-45e3-bc11-70b448ea8b98,Maa sha Allah wonderful nd very helpful,2
5f0922c1-6cd1-417e-b781-84562bc36995,It's a very helpful for me,5
97c31562-a0ca-47af-851b-fc1f12ab7fe9,Best application,5
f1eddd2c-9c3c-467c-8952-352013753f18,OK,1
96e753ad-bc52-4a74-b89f-46454750296e,Lovely,5
381855cc-7f32-452b-98af-04a524fa7b34,Low HD quality,3
2c2c73d4-05c9-4cfc-b176-1e378cbc0a36,Nice app easy to use ..,3
d72e6ea7-5910-4790-8ba3-3c4ccfa7b8d8,I don't want this app to grow in future without any reason after only 6 members add in a group WhatsApp banned my account this is not fair. Hello Team whatsapp I have not done anything wrong and I am sure I have followed your rules of conduct and you have suspended my account for not any valid reason please back my account as soon as possible. Thank you so much,1
5cb5953c-c53d-419c-9bd3-423fdb8cedf0,It very good application,4
da9cc1ae-1208-42a7-b31b-cac9682fecce,I love WhatsApp is connects me to friends,5
acfbc390-2a22-48e5-bf57-449c32548808,It's user friendly,4
7235f381-1982-4470-ba23-fa7130a3059b,Wow this update is very 👍👍,4
1767901b-1ddc-4299-a835-45a37ea8ddd8,"1. We want USERNAME. USERNAME LIFE MATTER 😄 2. Let old chats/ conversations upload easily, your process of restoring old chat in the case one loses or changes one's phone is too lengthy, and additionally, it's not everyone that uses Google Drive, see what Telegram is doing. 3. Let there be in-app language translation such that I can easily translate what another person sends to me in-app. 4. Make it possible to send messages to numbers even without saving it in the phonebook.",5
fd088327-e4a8-4977-aa6e-f71556ac225d,wow,5
9963c4ab-e3b4-47ac-a9fe-ddd168ed11e7,"Otp is not receiving for login in whatsapp application. I've tried so many times from last 20 days,the problem remains same. I request to whatsapp team to fix the problem.",1
ede34ae7-6c27-46f9-9dda-8c168bf0ab9c,Ok good,5
1077693f-d716-41ad-81f8-90b04c568057,I locked my whatsapp and when I wanted to login again. My whatsapp didn't want to unlock so that I. Can access my account.,1
8c7a7280-eed7-4b0d-b426-0a85a1e45574,Good,5
84fa4979-a9f9-4ff0-8d0c-04f71176d607,Love this app,5
580ee91d-061b-4b70-a85e-30aeb2c6beef,Exactly good,5
0b4679b4-a635-4c1b-8412-610616057a9e,bunnies,5
1889ee76-f983-4c35-a142-1c0f9da6d739,Good,5
98514f33-149e-45cb-83e6-2c306c91e59e,👍🙏,5
0034e096-dc38-43b9-b294-b817043fd7d0,Hamara WhatsApp open nahin ho raha,1
59cc25bc-176d-438f-8cb0-8916a7af6ac4,Super,5
65840008-0ad1-421c-a647-deff12d11564,Whatsapp is good,5
fdab8bef-57a4-4ed8-8479-170d60373ca3,Good,5
ba11f91e-a638-4f5f-9b40-872369fe48b2,Good app and chart are also good then other apps,5
bbb7ce2f-9d22-47a8-a5b4-7d34e41b1a8b,Dot getting ai features,1
ab88ea83-5b26-46e2-bf09-e72196fa610b,This app is very impotent for us,4
90430c7a-9887-42d4-91c4-fcb365ca5532,Excellent,5
416fc23e-fd70-4379-a4b4-4e4f7bf95983,Amazing,4
ab101a85-0603-4312-a1d0-77e2dcd2c13d,Nace appe,5
168b2aaa-75bf-47d3-a3aa-66eda3b56d28,I'm not getting OTP and call varification on my jio number other number is working properly but not able to create account with jio number i have active plan also don't know what's the problem short this out,1
acc4a012-d894-4ec0-b915-df324c43108c,எஸ்fqwes,1
b650fba8-5a49-4460-8ead-2ce3d5fd4c28,JANAPALLY Sakku,5
d3c6c8eb-fba0-4259-8f63-8423c4c7be3c,It's a good app for me,5
5d0de4b8-e9fd-44f2-b87b-6117a369063c,Good,5
c0223b0c-c10e-4cb4-88bd-7abe398f22dc,"App crashes every time it updates from Google Playstore. So I need to do a Backup, fully uninstall and install again with restore from the backup. Very frustrating.",2
d910b6b4-5dd6-41d4-a680-4a3d52a06aff,Tufan,5
66ffdab5-e7ea-43a4-a19a-f2bfb9d4a365,Nothing much,4
91976135-635c-4f76-b7a7-c7485fef2206,Gift,4
df35d93c-b77a-443a-97c9-a96f523fc1e8,Good app,5
188c1c9f-4c58-4e1e-a8fd-3eb0b633ee86,Good app,5
cfdcb162-f53e-4801-91c1-0c4b6e0f9340,WhatsApp is best app,5
aedc7007-2e0b-4d85-b66a-09c2238dac73,Excellent,5
016b5e34-9cb5-4f07-9914-cf4239249bc2,Great app,5
2532ce21-f6b3-40ed-92b5-d536dcbd3a55,I went WhatsApp and send me back what's app I need this app,5
d0f16570-2aa8-4604-bfbf-038e0c10f7e7,Thanks 👍😊 this app has been so true full to me it also tels me when problems are there thanks to play store to,5
2b0c4358-be1f-45de-a6cf-7310b3ade25f,Very nice app,5
8aecc5eb-d7b4-4025-872f-c4d674886ddb,Suka sangat,5
42372fed-621d-4c0e-a76e-69c1ed277596,Zaa zeon,5
e21ea207-7b54-4f0a-9f7b-c33d37b38c66,Good,5
42babcb0-f93b-4231-bd09-3aed100dd578,wa exae v 🤥🤣☺☺☺😋😣😣😣😒🤥🤥😏☺☺😣☺☺🤥aad🤣🤓😗😗,5
67f6bdd4-12c3-46f3-85ec-4e3789f3e232,Very good app and security,5
cae8d883-92aa-4fa8-ad71-6274c456e60c,LAXMAN Murmur,5
dde32495-3a09-4527-9c3f-fbe624323508,I need whatsapp,2
58026f92-8795-4100-870a-286ebda6e2d6,"What's the matter my WhatsApp Activities are stopped without any prior notice. In every 24 hrs. this is happening. I have already apologize that due to some unforeseen mistake from my side be there. I have already made request for condonation the same. In spite of the same my WhatsApp Activities stopped again today. This is causing humiliation to me. Please tell me that it will happen every now and then, what's the use this type of services to my Android Mobile Number?",5
33a312f1-e229-4497-aef1-a1d420017748,It is the best app to use,5
54ec8d31-5557-4de7-920f-c0be5f38da92,"So annoying . I always under review.. I don't know why. I can't use it. For the whole day , until now under review. I open for a minute then back to under review for the whole day",1
e96b5161-eabc-41f5-b3bc-b9f8bcfc0ee4,It's fast and simple to use it,2
3623099f-cb8b-4f1d-a6a0-ba7efd2a31eb,It's part of our lives,4
f44a48f6-91d6-40ee-b5ea-45380ab7249f,Nice 👍👍👍👍,5
5f2140c1-883c-4db0-b1dc-955a5a7341bc,This app is amazing just that I can't save others status,3
55de7826-96d8-4c47-b9fa-f70c94b87c9b,Is the best app,5
4dfd5098-6aa5-47b5-9f1b-24e09c00bf5b,good v good,5
60f4ab4d-0a60-4803-95ca-5b45ab9a4039,so this is very good app and it is hep ful,5
ead2e07d-5ebe-466e-8f5a-187aea2f8823,Good,5
cf75e334-6164-422d-a1ce-85268cd6cadb,Good,1
5fa8ffb4-5c4b-4ffc-94c2-418365a0d175,Wow,5
bbe8ea91-184c-48f6-9bdc-5634b0bde385,Dear WhatsApp i am using WhatsApp last couple of years and I didn't violate any WhatsApp policies mistake I install unofficial WhatsApp and after this I am facing you need official WhatsApp to use this account issue even o uninstall unofficial WhatsApp please helpe to fix it as soon as possible God bless you,3
aeb4616a-5534-4ac4-97c7-f1e4cec36cff,Take long to download,1
b1f225fa-aa32-4780-8817-99ab79dad362,Nice,5
4d4c047c-3103-46d0-9899-001958229388,Good app for messages and sending video etc,3
4e93c275-7c28-459f-b4d1-69729ae6e2b9,👍👍,5
b0e687fb-a327-4f59-aac7-d836049d6ebe,Aamin Shekh,4
c066359c-c561-479f-a595-2f227d6c4573,Not download ap,5
0eaaeb68-ecec-4263-bf2e-7aa0dc0563d3,Good app,5
61350f82-eb9c-4b55-8176-971f99068f0c,It's very good. ... It's easier to communicate with others And it's very nice with voice messaging and also video chat is very clear it's also helpful in terms of distance. 🤗🤗🤗☺☺☺☺☺☺☺😇,5
29137ce7-9a76-48ed-9b61-75e38cc727f8,Very good.,4
2272d05a-6b8a-499f-9150-4ce86a858d72,awesome fantastic,5
9d6ae809-2ef6-49f5-b007-f3452835ddbd,"dear watsapp team i have a problem some time ago i put a good status on whatsapp but people take screen shot of my status and send it to others and fight with me because of this there are many people who have this problem i I wish status screenshot lock that screen shot protection is put on the status of WhatsApp, this will stop most of the fights",5
ad41d5c9-52e6-4fcf-a0b4-7556af525e2d,Wasap babi asal kau buat lock chat sial,1
d402a790-f5ec-4b2b-b205-5f8029574ca5,Thanking,5
4ddca07f-90dc-4a9d-9d29-a9de94ff1907,okey perfect,5
c156d7c9-b52b-4ac2-9ab0-5361aacb0007,It's ok,3
890b9205-b9e2-4e8a-97ee-52dfc8fe3543,excellent,4
3913fe30-2f37-4ced-8052-0f109e65a9cc,Nice application,5
cadc0b0e-c819-4a1e-be4f-f7c76373199d,Good,4
8d18adfd-19c9-472a-8ea8-4979666841a2,Very nice,5
3e226064-6dd0-4219-8d00-63da3c8bd913,good,5
e193dd62-6679-4751-b2a7-21a7932d5b30,The best it's just the best,5
43de151a-7726-4b13-81ce-9ef9bee5b2cc,Good responce while chanting with people Satisfied results,4
4e3967f0-afac-4c7d-b7f9-9df1cba4f864,Am chef,5
4f68b026-7928-4570-a01c-48b9e56af6fd,Superb,4
14b56fc1-71c8-4842-8ade-524318cea0a8,Best,5
0b6c9777-e145-4ee8-ba4c-be3dbe80bcf6,Good,4
cbc71376-df44-44b0-85f1-dc9ecae8a9ca,very nice app,5
99b39054-f8a6-43c6-a73f-98721eb9dafd,5 star ⭐⭐⭐⭐⭐,5
313e4791-97a9-477b-861a-5518003e3d0d,Ok,5
0e5ef2cb-82f0-47c5-9675-f8e2816e5f8f,Wapp messenger is Good for everyone it helps lot of People in Every Country,5
52146eb8-0492-4868-a9c4-a7cad1fd424a,Rajitha t,3
f67d25c2-275a-4a56-adc7-c0c7a89b7d5f,My phone is dead and not just a few days,1
79ac7671-a43e-408c-8fa3-8b1d4557ac1d,Very useful app,5
c6c768b7-222f-4ecd-8f96-ccb8933547f1,Excellent app,5
3e25d34e-dc7b-4887-bc2e-c00293cc6f8c,جيد جداً,5
71311581-52ef-4f8f-9196-7852f6e3cc34,Good,5
ff80f4f7-bdcf-4f6e-b719-bfda32cc85b8,"It's been nice doing business and connecting with family and friends on this app, even the AI search has helped my kids very well❤️❤️❤️",5
5a254a6e-e3b1-47dc-a2e7-bfcc91a9fd74,😩😩💔💔,5
265dd2d4-0583-4635-bc32-9539f994e315,My WhatsApp account is blocked because of onofficial WhatsApp even though I downloaded it from play store,1
5d63d477-e434-4059-a04c-c0826921e65c,Apka app bad h,5
c4140cd7-12dc-4dd1-8cb0-40c30963812c,Langebaan,4
872c6670-e78c-49ea-bd17-4077920509bb,Verybad,5
828ceb25-8141-453e-9640-77b6add4fd06,It's really a good app which everyone would wish to have wow!!,4
b6c7acd7-6f41-48a8-a4b9-7259f7475b6b,Good,4
0f25233b-7ac9-4e30-b351-220afca4c68c,Good,5
5a562473-673d-4bcf-a218-2f9d85f90e48,Nice,5
4ac1229d-10be-42fa-8e1f-39270b3fe0dd,I'm so disappointed in this app😥 Just banned my account for no reason telling me that i need the official WhatsApp to login. How can I even get that official WhatsApp yet it's this very app,1
8f6c4a79-4891-449a-b51f-4160ca4116d0,Thankforthevideocall 😈👿,5
edbf74f1-c5df-48f4-a4eb-4e0c68248c82,WhatsApp is an essential app for me👍,5
e379ebc1-f67a-4405-93eb-2b5eadc19119,This is only one app in which we can talk in chats.,5
11146973-24b7-4447-8403-59d2704312aa,"Please stop bombarding Channels in our face. It is highly distracting. Please act with some responsibility, instead of trying to win in the tech giants' race of wasting the time of people. Include an ability to completely turn off channels , or atleast hide the recommended channels . We don't need them, and we don't want them. And why can't we pin more than 3 chats ? I cant even pin the chats of my 4 family members, and their messages get lost in the various work related chats.",1
bf9ec4f9-4590-4bd0-a214-eaecdbc4cb05,I don't have meta AI in my version can you help me And tell me why ?,5
4e451bdc-29cf-4726-8551-71c21777362b,Nice 👍👍👍👍👍👍👍👍👍👍👍👍👍👍👍👍👍👍👍👍👍👍🙂🙂🙂👍👍👍👍,5
ff79926d-fde3-4437-9c53-b463aeced13f,💪💪,1
936574ee-8a05-41c3-93ef-194506dd21af,Is OK by me no much problem with it. Is just that its very slow when you are trying to download videos. But it is great using the app.,5
8a1a6656-ad2d-4edb-bff3-a9230766ab52,So is en oath issues ab uc en issi un JCB,5
ae873701-890e-4f4f-9531-5b50d9d7b405,nice app,4
711dd355-287a-4887-b437-da5437b32221,C kk w8 www pop بشںطکگصلےل ینگ عطا شاد دالبڈل عدد ل,4
0f8b30f6-7a28-4a7b-93ce-a91cd674f0e8,Good communication,5
b60e3998-2a28-4ed3-9cf6-dc73b9560256,I love the new updates,5
b5a94089-739f-4d8c-b1c2-b8637008646c,Very nice,5
639dc7b4-455a-41ef-bba7-bad7782478ed,What's verification coad not received before 3 month very poor service providing so I have emailing many time,1
6562b330-70b6-4af9-ae24-9706bc0c075d,Good app,5
3a892d66-9452-4bdf-a316-a649ecd267be,This app is so much good for communication,4
b2a644b4-9526-4c6c-be96-fad1592640b3,Anchal Kushwaha,5
d63b4b76-7e43-489f-99be-d96b3e2d5e26,Good,4
9af5c42f-3be4-4f33-a242-7c3cbad68202,This the best app😊,5
dca288d1-8f23-4102-b642-6d8f75427457,"Left FP ,ll",5
1b8058bd-dc05-4b0a-a171-ccae88ded312,Good,5
51fa715c-a692-4420-b088-30010ede173b,best,5
49825572-b9dd-42ba-a708-df98b0f6c632,Good,5
b600cc71-d04c-4aed-992a-9a2332e94b08,Arshiyan,1
f3434a24-e7f9-4112-84ab-1a2b6b43a3ed,Good,5
ec1d3caf-1048-41a9-9048-ab509b12f870,Please help me I have not mera ai,5
2da654d1-0705-485c-aedd-4bb03dcf23e8,Good,5
8e0ad2d0-8a01-442b-ba0e-19620e9aba23,Wonderful,5
d9f32af4-e55e-4366-a24f-666549a7ccc4,J enfa,2
b87eef1a-b1cf-4f13-a424-bed370140839,Muhima,5
bc33688f-521a-4b06-8349-e0dae480b420,Ruqest Dear Whatsapp team recently lam facing a problem to receive OTP l am trying to get a verification code to login my WhatsApp but l didn't receive any code please fi...,1
a5274b96-79a2-42fb-a45b-66451640c92c,Wow,5
20c93c1b-7d2e-43ff-ab1f-7da1e1b3cc3a,Ok,5
9133ec7a-e3e8-454c-a1b9-5425edbe6ccb,This have been good 💯 so perfect I like this what's app,5
50be8a18-9dbc-4047-9dc5-96ed0b4b8ab4,To many updates making app slow calls and messages not going through on older version,3
d10a456c-49d7-40ae-b50d-00a06563fbcb,سلام ورژن گوشی و واتس اپ من آخرین ورژن هست چندروزه دوربین جلوی واتس اپ چه تو ویدئو کال و چه تو عکس انداختن زوم هست اگه ممکنه راهنمایی کنید چیکار کنم از حالت زوم در بیاد,5
bafe0bcb-c6bc-4a5b-bd4b-9977890c861f,Special app,5
03c1da88-5c1a-41ec-a7b7-379ad47b8f89,Good,5
a37c8b18-0270-4590-a44b-3c2360917bcb,It is very good app,5
66e5496a-2ecd-414b-a401-0ade75d1686b,Aaaassgh,5
04ff18b7-0d1b-4163-b943-43cd510fe9e8,Explicit,4
28695b8c-b97f-4b4c-bad3-00bb17dc871c,Good,5
04e18a2a-180c-4788-8fa7-a6b2737b65c2,Hoping for good measure..💐👍,3
714370e1-a08c-4a9b-ae5f-64de28ef8a14,Too bad,3
547dedad-19e2-4c41-bdb1-e1e97637bb4d,Important to life,5
02efc407-6703-433b-baeb-a15fe4448a64,Whatsapp is very useful.,5
8984e42a-70f4-4e04-9278-b7721f1408ae,I can't receive the sms notification number neither am I able to receive the call,4
2e716fa1-fc39-4e12-a181-7df9ea37d2a5,Good,4
c8ac2cf7-8cfc-45d8-b59d-fea5b68243af,Good,5
9ba1e789-1646-445d-80dd-2a3532a7fdeb,nice,5
d3034c4b-0751-40e3-83e7-20ba5a148185,WhatsAppMessenger,5
bd189798-b9d1-4c6f-9786-7cc93a5d1a00,I were impressed,3
12136c0a-9453-46c7-a834-76c022725068,Keeps getting better every day! Kindly look at the area where Meta AI is the only search option instead of the contact under consideration for recieving the message to be forwarded. Thank you.,5
6ec0c57f-6bab-4739-8237-4313f4858b0b,Fdudy,4
231615a2-5a18-4c10-9d16-97fa380064a4,Love it,5
d639c368-6e33-45ca-9118-3e1f079531c3,Audio not clear,1
5705e082-dc37-42ae-a7be-fe202451d9ce,Nice app going to install messenger app,5
e90bcbdc-f6fd-4ef5-98b6-f028eaded895,Always fantastic,5
6e80d057-20d5-4684-b87d-acc86e1a6076,I have been in WhatsApp for the longest time. Now I wake up to my account being blocked. In simple terms I have not participated in anything that may contravene your terms of service. Disappointing,1
50bd2ab0-19d4-4c6f-9431-22574421bb5c,Siman 3030,5
8263845e-2d44-4ade-8cbd-23e781fc2346,good,5
9372d488-23cc-462c-b459-04028d4bde77,Bokka,5
618e9aa1-8c1c-4b6b-b58f-f4ee70842d7f,Why is this app showing to download the official version when I already downloaded it from playstore only 😭,1
51e5fb8c-9032-4ae0-bc9a-35374c6b036d,Wow Nice.app in pakistan,5
69e31626-7c36-4ac9-a2a7-c34ae822a4d6,nice,5
1b8c3df0-a233-4b9b-9d70-8421b2a0baf6,Great,5
1384ecb2-3db6-4ba1-a870-ca41aa965a66,I forgot my password,5
fae28f76-feda-4a45-b269-2a3d696112b7,Ok,5
6e8438a3-1504-4124-88e0-c3ff176958d2,Very simple,3
e742bd7f-72a1-4d5f-874d-7ab7eff75498,Good,5
43ef8311-281c-480d-8925-65911283df05,Beautiful app l can say... suitable for all ages.Keep rolling.,5
f595c2d3-d1f8-4df8-b8aa-13da09ace060,Nilankar,5
73f7a210-fb18-48e5-ab87-aba3d22fc704,Pinky newar,5
fdb0b7ff-90c2-4ff8-b7d7-8bbabd25fcff,Very good,5
251aa467-8e20-42cd-90df-1d548e5550d1,Very good,5
bf7a1b0a-fb08-41ad-a13c-1df21d8797eb,Oluwa Segun 12,5
f506c575-e71e-4d32-ab04-1a341ea38ca8,Good experience,5
68ccf9bc-2b68-4ca1-9d40-8d3549589f6b,Receive verification code,5
1f5c3776-2340-447d-b349-79ffc4c8174c,"Scammer always using two step verification for block owners number, please solve that issue",5
b02aa6d7-fed6-4b69-947c-d119d73d8921,merci beaucoup,5
384f4ecb-b891-4f37-9e44-c7b126dcc2e8,It's very reliable and on the status get to share our daily activity there,2
3725a745-d483-4a64-9907-a36734180b66,Good,5
c0e98192-e55e-472d-8dd7-165642d9c633,I did not see metal Al in my WhatsApp,1
2887dff7-c001-4b87-8dea-61b0625e0e03,Good,5
d6b299a7-5934-4b10-80b5-4e99358fccde,"Got flagged as spamming, what's up with that? I'm using this app for work, daily use",1
5f6880f3-a911-4915-a565-0be352d0ee5f,Good experience. I love its features! Now I am finding bugs using this app. The videos from whatsapp channels are not opening properly all the time please develop its accessibility,4
e6d8ee1b-65e6-4ba2-b43a-340688d204be,"Recent app update has caused the window in a chat you are typing into, to continually adjust and shuffle around. Also when touching on a word to select it for editting, invariably 2 words get highlighted/ selected, and then if you type a correction, 2 words are deleted. SamsungA55, Android 14, OneUI 6.1, WhatsApp v2.24.12.78. Very very annoying .",3
b47e2fea-1dcc-4e78-905d-4445c84a6df1,😎🤞👍👍👍👀❤💍💭🗯,5
372350f4-a17d-4e82-b6ae-c929968d800e,Bad update Really hearting,1
b6c2faa6-87c7-4f18-9a30-6c9e81ed62e1,"Nice application We çan chat on this application with our friends, colleagues etc. We cañ share photos , call with our friend, video call. Over all this app provides a large variety of functions for its users…",4
8270b50c-c3fb-40ec-b9c7-6c24b899c598,No experience,3
08af24a5-f276-4f1a-9f04-fc0d3f8e6fb2,Happy,5
7cf0827a-c0bf-4ae6-a8c3-5ef087f62407,"Gaddam, Dinesm kumar",4
ccaa096e-695c-4de6-be9a-8c4004f72a68,Better,5
c989276f-f176-485b-9f25-16fba204e2cf,It's to good,5
bce419f2-06ad-466c-b38a-06ba3a167a2e,Thank you,5
0b0bd938-b226-43e9-bc71-e96da7a62e92,Good,5
194f63ad-b4bf-4709-ad47-a54a89fb38f4,You need the official whatsapp to use this account problem Emergency for me please solve my problem.,4
55af77a5-fe64-47bc-b575-204f665c2cb7,Good app,5
582f4b1a-bc54-4dbb-ba01-610127f1d25f,Very reliable and prompt .,5
08a9999b-e0fc-4eda-831b-e2bd31be70cf,Roomining the bookefirhmm byvnutterb,1
ba486925-a59e-417f-8155-8eb42ef4a4cd,WhatsApp call app,2
fd20b838-279a-4ca7-95fa-8178b7443a9c,Nice app,4
4d67168b-a010-4788-ac4b-47cab435378c,denied access,5
25ba73f4-66fd-4311-99a0-e4da96f53ac1,Hello again,5
cc5a45b0-60bb-4237-9fd3-dd738df520e5,Aslam Khan Aalam,5
0430c766-9cc8-4103-9b85-e319e3ffb088,"hello whatsapp team my phone android problem issue after app downloud ,, ask pin number i am forget the number send me",5
b8af214e-ed0b-4059-b605-1cf90ec9bf27,Adds,1
da4353eb-42ec-48d8-ae6d-0df628d10118,7 years experience please give me what's up opening be have opening,1
df27df1b-8e4b-46b4-8895-131a9ce34997,Good App,5
eb390eca-c1d8-49e7-aea2-9a18b790f02e,Good,5
e3829da4-a227-4289-b9b5-91bfa0c2dc62,Very good is ap very nice full,4
352944f1-4b66-422e-a60f-be25cd73259a,Peopleppolollppl pand PPPLLLLLLLPLL ll0p,5
61eba0cf-dc57-4f9e-9d7e-2768d83c31ba,Super,5
6faf731a-badc-4b02-b401-9f11555acba0,JACOB MAHUNDI,2
17801b62-af72-435f-bbc6-6ab0140c60a7,Super,5
fee172f0-61e8-4a50-8fa5-3f0508c39c0a,Vikram Kumar,2
15f582d9-fe30-4f16-8c01-88a6f07ef044,wow,3
256b8d9a-1422-4522-a16d-c7040451407c,Md akbal,1
fae25d13-a051-4b26-8b3d-3d1093788d23,The app is cool,5
9634f5e4-b95d-41ed-a6ba-f7e2db5fec6f,Home,5
6dd50379-dcb6-442a-8dfc-53749c68acf3,Many of BUGS!!!!!!!!,1
0a4049d5-157c-4ba6-856e-6392f28b93f9,Very good,5
58e06ec4-89b3-44b1-be30-4df4622abeb4,Worst,1
445d30db-9222-499b-8233-576739757c7d,Good,5
fbfe52f8-a8cb-4fa9-b55e-3bb9c0d7f8b8,Good,4
c9c81723-b02b-44ef-b20b-612969747b33,Goood,5
faec7123-5bdf-46f7-bb5f-c936ad9fad63,Good,4
bbe7ab49-45fa-4743-98df-4a47770b46b3,Nice,5
e373e11f-9885-45ea-bdee-e33c0f79c01f,Poraa,5
b41b74a1-fa6a-4214-84f2-28539a1a09b7,in the latest version it's very uncomfortable when we want to search a word/phrase in a chat (personal/group). because we have to choose a certain date first where we want to find the word meanwhile we dont even remember the date when the word was being used,2
de304cc2-3de8-4045-a16e-4816ebeba173,Suppar,5
65b38ba4-c8ab-475b-962b-ab1e692925a7,Good,4
06663b13-470e-4d5e-8424-4bf295111c89,It's legit,5
e855ded7-fe66-4169-a0d8-a2837c354c34,It is 100%good,5
87521730-3139-4716-889b-eccfedc14046,good app,5
cbb38760-6857-4856-ad50-e8c9f66675d0,Mera WhatsApp 24 ghanta ke liye kyon lock ho gaya hai,1
948d489e-9eff-4839-923b-bec9d2b692ab,Very good,5
6f0b7a33-1ac2-421d-88f5-4aebf5b2e0e3,Very,5
2e5b0341-187b-4eb3-937c-1c6e98b00c11,Trash,1
6b70fc40-ecf2-44ea-807a-743ca967e375,I love it🥰,4
e9c04f04-d0ad-41d6-a1ec-15fe6f704b22,its nice,4
0fbd24db-d3e0-48bc-ba9b-3866b79ff581,WhatsApp is very important,1
b4fcfb85-d156-40b5-8a1b-d5e1da46ed2c,❤️,5
99e4dcc8-6ee3-4f66-a1c5-7ed95bff6455,Good 👍,5
ba0260e3-6b05-4aaa-adde-2d5050a530d8,Good,5
b6c691ae-2446-4e0d-ad2f-9d837e55c76f,I love this app,5
6ff20cb5-2126-4377-a935-255583e1a89a,Whatsapp help,5
08d54588-9dca-423b-9e25-837f24daee4d,best website,5
68a18524-8660-4495-aa2a-4c21c25c34c6,Am teacher,5
42f3880b-f1ad-43f1-ac5e-9c9cc6498414,So 👍,5
8f7f27fa-7054-4d7c-b6a5-3ffe2c81a804,ကြိုက်,5
25b72309-c054-412a-9c75-0d751c36e00f,😎👍👍👍👍👍👍😇💵😄,5
34ca1e91-a370-45ab-9256-06accc232238,helpful,4
7e573f19-5de5-480e-857b-999453a6a133,There is a glitch in whatsapp builtin app lock plz check..,3
de12673e-9a51-45bc-b08f-95280b45e106,Nice,5
f27a679c-34a1-42a4-be2d-d8ac81fc1816,Please why do you choose to be locking up my account? Many people are complaining about it... I haven't done anything. Did not violent any of your terms and conditions... I once trusted this app.. But now it's fading away Am pleading to stop locking my account anyway thanks you,1
7815a1af-2769-499c-852f-0d188d6e9cff,Mic stopped working every 5 minutes. I have to reboot my device every time whenever I tried to video call or send voice note to someone. So much frustrating,1
ee7edb49-21df-4226-b1d3-4eac2a415fab,Not working and keeps banning me for no damb reason,1
c958149d-32db-496e-b21a-e75977e12092,Good,5
ae9fd5e4-29c8-4af4-ad82-b273e29b08f2,Thank you very much,5
ca63d894-5537-49de-892c-5add48014ac5,Elizabeth gbogbo,3
4dec13bc-411d-4ca1-98ab-f232efad0cbc,Super app,5
e24f6059-96cc-4561-bdc8-7a3491b5239d,Midn blowing,5
d4da988c-e723-46aa-9433-ab74fddd8478,1000000000000000000000 ⭐⭐⭐⭐⭐,5
8b436b2e-f07c-45c0-8e70-b9d7ce2f2654,Yar Mera whatapp dosra on kardo plzzz,5
bbf54819-59f1-4a78-a08e-6e3a70c5f680,Can you separate group chats and personal chats?...because sometimes group chats are too much and are a bit annoying when combined with personal chats,5
df1686e8-487d-446a-8db4-770c8e5d8da3,Awesome app,5
b1edcb88-61cb-464f-8bba-ed5d4a6e8dd0,"after a few months,i want to update my status,but what aap shows (couldn't upload)😡😡😡",1
d0656ec3-c201-45be-81d5-8d64daa5430c,Best,5
89e8a4f0-7320-485e-acc7-b63d497fd960,Bhot achaa app h,5
341bb14a-0bba-4b0a-a67a-032ec5413bee,Otp,1
167dec98-c738-447b-a6b2-adfc68202f78,Wee web version egvetj(education education education w,5
e65f9678-9f01-4325-a735-b65294d2a02e,Why not received OTP,4
a3753db0-bfa1-4617-a9a0-b8708c043170,"Ever since I installed whatsapp on my samsung galaxy A15, the experience has been terrible. It normally hangs/freezes persistently",2
e1524624-7890-4cff-bed3-f7904b5e338d,Thanks for giving this whatsapp for us,5
cb77a7ef-6637-40c6-b074-48b49c2e03d8,✨❤️❤️,5
4c3ab141-9331-499e-940c-f71d4f05fa43,Plz.adjust date and time problem solve,5
6da24388-a604-4a05-9968-cd4133f4d6f5,Love ❤❤❤❤❤,5
a8f662a3-0087-4fa6-a170-cbf91c8a1189,Moksudsk,5
895c208c-c41f-4ce8-91be-b130d9e15fef,Faayaz,5
176f5367-ad94-4f92-8268-d015b8e79030,Raushan yadav,5
d067f507-7987-4c1a-b79f-3fa051403bc0,So easy to use!,5
f376405b-cf5a-4020-ba1e-058bfa33b205,Nice,4
0eb3c627-d79b-4659-94fd-0dfefeadbbdf,Bota,5
a1a4f1a9-88ca-4280-ba3c-eef96d1d4988,great,3
4bbd290f-df5e-4653-bd69-183a575c28bc,Don 🫸🫷🫸🫷,3
8eb7117b-b1c6-4532-8231-15cdda408ff8,Very much and hope,5
6101ac6c-2ae1-4d97-a172-da41677d019e,It is cool,5
a8b50360-28cd-4f49-ba16-b7e0ceaf3e2d,Its very nice because when ever you are far you meet your families on this app,5
86a85eae-ee18-4aa3-bea9-86efc5c335f0,This is a wonderful app I have ever seen,2
869aeb3a-eed0-4d47-b976-a8d485e93f6e,post status always blur,1
fb88a59f-430d-441f-a3a0-ce5de84ef1aa,chabani mauta,1
a756ea34-da39-4236-81ae-209ffb75f392,Reported something to them never got back in touch pathetic,1
594c53b2-c990-41ef-841c-9b56b73069d0,Super,5
51961e27-e4a0-4ef0-97ee-acba06429592,Kuldeep khankure,5
744d1720-7033-4453-a65d-b9f3f0461e88,"Перестало обновляться.Дизайн у всех изменился,а у меня нет.Почему?",1
63505272-b185-4b34-8ec1-3c390c69ba44,So good,4
9605f674-120e-4e45-9dfe-f8dcd40c323d,Apap,1
468736b7-05a8-4d1b-a705-a3aa8965a7d9,I love this app,5
59c1e578-aca0-4c22-988c-36b424cb5fc8,अपदत मत कर नी कर तो कॉट मे केश करदूगा,3
a92527b4-35f0-435f-a531-a9ffa2751827,No words ... whatsapp is good app 😎,1
b2a980ea-52d9-4304-ba3d-a3338c954b36,Nice pic,5
e107ebbb-94ef-41e0-875b-6af020feaac5,😄😄,5
817c058f-c1a8-4843-af8c-8e4be6c45d52,great,5
157f1c41-9d9f-4e89-989e-a6914b0032b0,Ladki reply hi nehi karti,3
65180ea9-cd6e-4607-abff-3308770b747c,Very good Nice,5
05e37e87-99e6-4cb9-b9b0-9a82588252d1,Watsapp band kyu hai ?,1
943e725e-cffd-4011-af2e-1c850e1d20fb,Most helpful App ☺️,5
527c4453-628c-401f-ab4a-35925f6cde4a,Rajjan khan,5
95f8fb9c-38c8-4041-94e1-97e8e4f397d0,Good,1
97769aa1-e2b0-49e8-95c1-922c74552cf1,Don't like app..I logged in on a different phone and since switching to another device unable to log in I have tried repeatedly to request a new password since it's not taking my old one so after requesting to be sent a new one the app keep locking me out..now telling me I have to wait 24 hours to try again..dumb app,1
4920dc89-f8ff-4f8c-8cb4-cfce777d4e5a,Nice updates....,5
28766a73-eb68-4854-a2f7-3ecc24e081e0,it is a very good application,5
bac8595f-421c-432f-8566-2e2a0651d2ed,I can't get this app on phone,1
cd26c306-c1f8-4266-9cf9-ff03eb02b21c,Good 👍👍👍,1
d176ef71-d522-4e78-bcc2-0f0e6e9c9062,My acaunty is locked,4
0912f4fd-ed32-430a-9d76-d8e0b1dd6309,U.hhhhhh,4
77be80d1-620d-4132-b662-f68f576ae2d7,Amazing features,5
dd7806ec-fb24-456d-91b5-4291077fc477,Needs more work,5
c37881a7-3ab2-4b99-961e-4049ae074a67,Very good.,5
8c182b45-1ce3-4597-aa60-b64b9aa5aa38,"Previous messages seem to change......recording sounds different, I lean different language, accent and now different chat than what was actually had",1
ac2b7df2-44ff-4174-96ad-9bc786ae6a5f,It keeps telling me that you need the official whatsapp every time I want to login,1
96cd2a25-1529-48d3-be40-69032594fbf0,Good,5
a0bb64ee-d897-4650-8342-66d48102dd54,Nice,1
aeba3474-f876-479b-8573-7e3657b9904e,Good 👍👍👍,2
1f129d77-33f8-4471-8831-f8007fd01775,"Nothing to describe..But I want to say, it is an amazing app.💕",4
caba274f-2fa4-4825-a494-1cc4ef929014,Update,5
e5d38aff-8bad-4262-a400-4524fd52980c,Amy Marcial baquiran .,5
d6e62bec-7428-44e5-858e-363d6b484387,Op,5
b5493e43-8749-433d-99f5-9839083a0ec6,good,5
c779ad8c-6c12-4ed9-a6d1-af82c2b886cc,good aap very nice,5
bedec3cc-d9d9-463d-8f21-c427efb1f0c2,"I've been using for almost 11 years in WhatsApp, well I enjoyed using it. It's a great experienced with family and friends.",5
8b97c832-fc27-489a-8cf1-98678b46620e,so sweet,2
065ee7c5-eabf-4e36-9878-d59ba02be186,Part of life,5
ade3ec03-0790-45ed-ac4a-316282cac584,It said pending for almost 2 minute,1
c371f39f-499e-4efc-9876-63a4e907ce54,Good l,5
1b178357-1433-4cba-a2c5-56250d39300f,I got this app because of peer pressure 😒😒😒😒,3
7779877c-82ec-4cf8-8424-17bab510b9a6,"Need meds for dopmine and serotonin they increase and help with pain and depression ,potassium salt,n,sugars in first,and, veggies salt water and sand grow first and veggies ,low meat very little it's dead we got to eat them now or it will cause famine",5
cd68795a-587c-4a73-85a6-3e40d874cbd5,"Its really helpfull on chatting whith family and friends Watching videos ,sharing every file that exist in phone",5
fd844eb0-9f0d-4873-9cd6-cdf8ac348c79,dear Whatsapp tame please number on karo myself,1
1272bec6-da04-428e-a800-41585439f0b4,Very nice excellent 💯👍🏻,5
d083fc56-5314-44e3-ae4d-af485b9789d1,Esmatara molla,5
d5f68c14-b7ad-4d22-b0c6-bd04ae3abd80,Perfect app yo chat anyone...,5
5c71b08d-d217-41b0-9ecf-b5bf399b7a63,♥♥♥,5
4247f66a-54ef-4fd8-9210-340faca6f2be,So good,5
00e3254f-9fb2-4091-97a0-681e3373d250,Nice,5
05442af8-f7dd-4f9b-8d62-8a26910bf976,Kulwa seni joseph,1
117a9e4c-9085-4ef0-a5d9-e64d393d7747,Good,3
30d4123b-ea10-44d3-8851-f26b26d1a4b0,This is my favourite app but few mouths ago there was ay camera wit voice message before after the update changed we want it back,3
6d9ab9c3-9516-4235-9fa2-f427c07f8ade,"Good for comunication w people, sending photo etc I love u WA",5
044fe565-fb5b-4d18-bc82-de2d665b3286,This app is not open. Please see.,1
c5711b0d-90c5-45d8-8ae4-bf9e943caf57,Good,5
3657b796-1c5f-4487-b234-27a1e3a9872a,good app,3
e9d04246-b0b9-482a-aeaa-2e885b0e16e0,Please implement a feature through which I can share email on chats,5
c0246ee8-e91d-42e6-91d3-a1e7b7d27cd5,To,5
5522a8c3-fe49-4620-a492-7214bb49db24,P.k pintu,5
3dbad667-ad28-42fe-8b00-206f01d70ff4,Best.af,1
264b9b5e-35c2-4db6-af02-b23183e6259f,Thanks Admin,3
7b53a151-46e7-44de-ba96-ff139bf32dc6,Iqra is the one 1⃣,5
7cbc87fb-c3b2-4fb1-8c54-08d4a5bc0056,Didn't receive the code,1
0287b370-087b-419d-8f66-f0f0c1215074,Mwagale Dennis,5
1d5a1ed1-5ca2-4efe-8a46-d002ac8d55fd,Good,5
973d1102-3222-4dad-8f24-dc93e696192b,Bad,1
48acd1be-bd92-45f7-b1c7-5b2456dbd2c1,It very usefull,5
15193f67-01da-4759-ac52-caa47fc5d6aa,Very good.,5
30f81cb8-2d64-4a59-acb7-e3de3eee6fec,Good 👍🏻,5
acea9751-f361-43b8-8f2d-d15c5c8c280a,Sanjana,5
5dacfadc-83c9-4cf0-bdee-75c378418c98,Qan ciye,2
37edafaf-1786-4708-8c08-0579f1842fd1,Official amresh sharma,5
49b4c8ea-3e49-4189-921a-5fe12c4a4d9c,Good,5
a6f9781b-d39f-4eb2-b31e-32786401ed7c,Regards,5
9cb6d5be-aa8b-47eb-b2ab-cef8f3feec4e,🅼🆈 🅻🅾🆅🅴 🆆🅷🅾🆃🆂🅰🅿🅿,5
58055a72-eaa0-4211-bdb7-5f7ca574d972,Good app. वीडियो बातचित के लिए बहुत ही अच्छा है।,4
558313b2-849c-4c1e-949d-3a8fa9d8c311,It's so good 👍🏻😊,5
178bf61e-7ba9-4c10-9947-3a26b1293d4c,My whatsapp is not working in meta ai solve this problem,3
441c211c-435c-4304-b8c3-e77d87817840,I don't have meta ai yet in my WhatsApp how can I get it,5
fab0d2e8-d464-4bb6-ba9a-7bc5e30c1e90,"My account has been banned for no apparent reason, how can this be resolved?",3
ad7e6f99-0fb6-4077-be9b-f3d4ba357c63,Just like this app,5
181d7b76-a163-4323-8ca3-b0cf89e7c49e,Supper app use thes app now,5
20935004-9139-48aa-be60-f6a54b886f38,I am trying to register wattsapp account but I don't receive otp verification code,1
5760fb1e-7e7e-4b49-b5ef-60c561f669f6,Nicely,3
423f8d85-876f-4e61-a41b-6b9019e67564,Amazing,5
87e2ed5c-3662-448d-94ba-804025f912ff,Excellent,5
304b7636-4a08-40f2-a41c-d33b764647f0,Please my WhatsApp open all documents,5
3ff63e82-8552-4508-bee8-efb27ead06d7,I'm,5
8e14a13d-44be-471a-8741-5468e7512132,my phone number has been banned from WhatsApp by mistake. could you please fix the problem. thanks,5
13beaa7f-454b-4b3f-aa85-7ec3dfc47793,Amit Kumar paswan,1
1c11bdcf-03d9-448a-9e3b-54f97025b6f6,Make life simple,5
17d6bd3c-3488-491e-a5fe-a5e0210e399f,It's makes it easier for me to chat with my families,5
36067164-1316-48b1-b083-1a732cf64591,Smartest message app,5
2ec06d35-e0b3-48f6-ba50-979e38795959,Very great app,5
a20135c8-4acf-4818-a261-b8ff34e479dc,Maza nahi aayA,2
21d4a8c4-44ec-48d4-8942-37672d8258bb,The very wonderful massage app,5
e0f448ea-ff10-43b8-8307-74b6b4cefb0f,Believe in god our journey of destiny shall never ends on the way,1
052b20c3-75fc-4002-8265-a5ce95489313,Ok,5
ddfa690c-aa25-4700-adbb-269fa5862bcc,soe,5
52473043-ee1b-412d-9db6-b7346dfc076a,This app is slow,5
4508c41c-5ee9-4068-9fae-921ef25ff971,Lost,5
283da2f9-28ce-49fc-a0cd-d9b4c9e02dcc,Muybuena,5
a9928163-39ad-4d98-bb18-16ac4eb1b011,Good,5
a9b668a9-7725-419c-87dc-4bce91c82cbd,OK,1
e7ba4e82-e974-4085-803f-143688a7c39b,"My WhatsApp App is not working, I don't know what is wrong, I deleted it and install a new one the same thing",1
d9eb3df0-e429-47e9-b4eb-76976ee6274f,🤔🤔,5
75c74afb-7cbb-491d-8887-8e1c2cf33a16,Sigi Cahyongro,5
2ffb20a5-2cd6-4a50-a525-1475d37942ca,Wow,5
b82e22bf-dee1-4006-b41f-94c477aca2c2,WhatsApp problem mobail no KTP problem ha I please help my WhatsApp problem,2
fa400f83-dfb5-4725-97d5-d64e5d0f43b1,Have nothing to say,3
07289641-1965-4409-95cb-b91e495e60d4,Amazing,5
50ea3f48-b852-4595-aad9-4194e18aeb94,Nice 👍,5
c1469e60-b47f-484c-9a12-f57d7fd0679a,Very use fully aap i love this aap,5
b8211b0a-75e9-45e6-be32-89e064a6d659,Very nice and useful,5
78e85124-2bba-48be-91e1-f98a5fa3402a,This app,5
ebd7034a-cbc0-412b-ac4d-17932038779b,Delete my review,2
864e4f50-85d0-4003-bf2a-035105d6c102,Nice,5
a2e81bae-dfee-4e1e-a6a1-945ce5c576f5,No work device,2
98fb6982-553f-4638-a3b5-b8b5fd816059,Excellent,5
33913314-2f29-4515-976b-1bad76cce243,I like it❤️,5
24e9ece6-be85-4a5e-a2d3-4192ea65b5d4,Changing in interface is non-sense.,5
b5b46b57-8bd7-4af2-b4ef-4407b71b9d30,Easy to use it and can communicate with friends and family.,5
635a757c-2596-480c-b4fe-859cfeb49b53,AI can't work,1
31836f53-5d4b-4fc0-8a7e-799ac8480999,Tabita 🐕,1
9099607b-64d0-4b99-9e8c-3d6e17935327,குருநாத்,5
c7b750a8-db3f-4d4b-a855-5862b4db46bd,Pls activate my whatsapp account number,5
6cfa5bc0-1bbc-492b-8cab-ffd705f5da8e,Good,5
b80e85e4-a765-4d70-a1c3-30caae24cf4a,good product 😊😊,5
eaa4532e-bf72-4c00-a88a-d80e292e6560,Good y,1
61e6be49-9965-46d0-8451-7c69aada6236,👍🐝👍🐝,1
39081a11-26c4-4019-beed-2b26324d0726,Good,5
4307da32-a184-4396-ad4f-579559c1bf6c,Its awesome app. Just like we are in a small village.,5
a12bedd4-4798-4507-b6ce-aa56160a0576,Very good,4
246cd4b5-6b54-4552-8d31-537250a7defe,Good,5
5e625ca9-cdc0-4af2-a445-6ddadeb9e49c,Opop,5
5e1e9ee5-21c4-4779-89bb-c4a5138aaaeb,💗,5
b0fad498-c53d-4c5b-a523-f68dd6b91b63,I installed my WhatsApp but can't come what is the problem,5
74e3b066-3a17-4de6-86e7-9a364f5a2c93,Soooo good,5
43b96f5a-9823-4f58-a58c-316e8b4b2c10,Whatsapp don't respond well when your phone is hacked. I am still logged out by the hacker. I need help ASAP,3
e8e0489f-8823-46ed-993f-6aaf1ed75120,WhatsApp is the best aap 😊😊,5
804a7100-5f06-433f-b694-6d9558335f2a,Good,3
f1ec9e23-ee6c-425a-8ed8-5772d31fce9c,Other business,3
fc95767a-df2e-4a03-9fc8-ecd909add72b,"Why my phone number can't verify, can't receive code,pls fix this",1
d3e0f601-b3b6-4f44-9001-99f8b33819f0,Good aap,5
ee57c41b-152d-46b4-90e3-385a3e52363c,Nazeeali,4
121d306b-575c-40f5-a7fe-0cf9187ce14b,To be available to lover dream carlvin,5
d2650b89-c132-4dc1-a67c-4b0f5d11f81e,"Tiba² ilang chatnya padahal udh dibackup, ga jelasss",1
8b7d1788-231b-4aab-8486-56ee6e2a2341,Ok,5
d9fd69d0-7395-4942-861e-e7c8c0d884eb,I can't use it properly.,1
3b6004ae-f336-4fb2-b290-58d171a66cd8,Super,5
08c4926f-0bd6-4c86-bdf0-eb0dea5af366,Meta AI option ♥️🔥🔥🔥🔥 gives us all important information,5
ec4d728e-c6e8-426b-8f86-08d6b33ce645,Goooood,5
4c4c0479-8cbd-4a20-9677-77d4dced82fa,Wow,5
9f2bb5dc-187f-49c5-90ce-3948d6eaad79,Best,1
f2ba2df2-a848-4448-9dc2-b99d6b162e72,Excellent,3
24baded6-c57f-4e4c-80ef-a83f5e5dc838,Plesant good day I am not getting true with WhatsApp,3
18ac933e-73ff-4f23-ac05-a67a6806f14e,The best,4
6d3d57a3-466c-4753-be57-dab22e607c8b,Nice,2
8de51bd4-436b-4480-94bf-c739a177d85c,Azad Khan khiwai,2
1569c8da-0aee-44d5-808c-c47f248d4d92,Good,5
ec5a6b1c-1d63-4e06-9471-9754ce5f9b0f,Super,5
c0123ca1-4c52-435e-9d4f-162834944209,Sanju Dhaker,3
b0d13ff8-69f7-4b6e-ad8c-20740e258b1b,Well,5
b1bddef4-4362-4b50-bd94-b586c0d6d17b,Very Good,5
1818be13-90a5-4b0d-867e-d0349660410b,Ok ok यूजफुल But edit your setting related to call waiting If smone talking to others then it should be shown,3
d632d22e-8954-4567-a644-6d9a7d074472,Sohail,3
37522574-cee8-469c-b856-59f5d3656c34,👌,5
7c954c3c-cbef-41c4-9b38-b092d78147c3,Good,4
31793b2b-94bc-4446-92f7-641aca9b4f46,Good,5
33b70653-4f05-4581-83f2-d71daa7d7f22,AftabSajan,5
ef131a73-1d79-441c-ab06-d516f1669521,Kamran Rao,5
aff64820-9a7c-40e1-ac91-e64a441f1921,Super app,5
09ec8917-5f32-40ad-8ffc-5b052d6b0ea3,Meta AI crashes WhatsApp. I open meta and it crashes WhatsApp,4
d8d468e4-cb51-47b6-bb8e-149c41a436d7,Good,2
b69f17b4-e55e-4461-8698-ca9c7f580a2a,What's app don't open in my mobile pls solve the problem,2
66348e8c-8df6-438c-a01a-249ef18a506e,I love you,5
0c4e037f-e20a-4d47-809a-385b12337e0b,Good,5
ef8fa5e7-21fc-4d2e-ab00-9788e5e0c902,Thank you so much good working,5
a09e32fa-1ba6-45ce-8698-dea7e6d81ab0,It's nice,1
7d63f0ed-4dc0-4b15-a0b4-ef5e365ad578,New whtsapp bna ha,4
99126885-2f4c-4bda-9c04-c6ba9371028e,I gave a good rating but my calls say connecting,5
4288d0d8-8139-4ca3-9ff2-4c7bc4e5292d,this app was good in mobile but not good at chromebook,2
d4d6b568-3611-409e-839f-f034a6e967a7,Excited,5
974e344d-94c4-48c6-9d8a-5eaf50d068ad,Great for calls to people that live in bad phone reception areas....,5
8c770ea4-21f2-486f-a5a9-7a2bb815aa2d,Prem daghel Baghel,5
62964d7a-5237-4cb3-8ade-6dc4f8636c96,5 stars m such,5
b9ffcd85-73b3-41df-9ea4-c931ad1e906c,Status update not working from error,4
a23f6732-0607-412d-ad39-ed1db5852afb,Supper,5
8889cd3d-422d-44c7-b608-6a00b7db7aaf,Good,5
71e3218b-5cec-42b0-b909-794ba9cc0f25,My account has been hacked due to spam,1
52e92084-3df2-4c4f-9d16-66c066023ce4,wow,5
2d5f66de-4079-4fde-b2e7-13071c989b7d,Why my what's up is not working,5
1ed0f9b0-36c5-436b-8ac8-a8694b76dff2,Good👍😍,5
603728b4-d09a-4cc0-9615-f66a54fee793,Goos app for chatting.,1
964d2dd3-bc26-4b41-8d71-249cc80e72b5,WhatsApp code send me please,5
5a1af2eb-6baf-499f-a804-09fedd460c19,It very good,5
493d8740-af48-4fe4-acbc-b8fadb6455e1,Nice,4
5e12f986-ac3b-4c1a-aa35-fb26eaeed75b,Nice,1
b88b6dcb-0fd2-47cb-8b18-e023645d7c97,Love it♥️♥️♥️♥️,5
5c06c97c-cbbf-423b-b16a-3fd2e977112f,vip,5
9dc003b4-7780-4a5d-8d73-7c82ffe47a6b,This app is very easy to use I love this app,5
3d8e1b4c-b092-4dfd-9c3f-282c0877e2db,WHAT KIND OF GLITCH ARE THERE??ITS NOT EVEN CORRECTED FROM THE YEAR SINCE I DOWNLOADED YOUTUBE👍,5
9320f233-a74c-4e9e-93e5-7b7468a3fd74,Good,5
88aa2df1-6936-440c-a217-f4a4d923cdfd,Good app,5
9e542f33-f33d-4031-85b3-7ce91f26d1d7,Asae free sdwA www d seer from sd www xxx as gt 4241,4
18bb4ad7-a621-4451-bc86-1c1dda95e148,Great,2
1f3fe133-5aba-4928-b92d-ba3de0b49a6f,It's good I likeed this and in future it's should update more and more,5
4d9a0515-26d5-470a-89e2-1ca9db82b50b,Good,5
7d79bfa1-f885-41e9-a511-393355122ecc,Meta Ai Hindi me bat nahe karte bas.🙁🙁Jab ke Snapchat ka lagthai jaiseaasli Aadmi se bat kar rahe hai.❣️❣️ Kuch khas nahe hai ye Ai.👎👎,1
9b6c8581-da2c-4baa-ba13-a8d1ea979cca,❤‍🩹🍃,5
1f02f5b7-acea-4992-9da1-48648271528e,Nice,5
3a86e2ed-97da-4aa2-8261-ff8e95f87a23,👌👌,5
ba95e6cf-2e3c-4a0c-aca5-44245ecab39a,Good,3
9fe11644-8862-45d6-b1fc-45a1496b83ba,What s app opan please,3
94fcc0e7-d0f9-4c0c-9358-c7da556d4288,থথমম,5
38a9ff66-8726-4074-b592-e56ced542862,Its too bad,5
5044e036-91e1-486e-94f5-ab918cabb2df,Good,5
84ae1db0-f821-4447-bd8f-2467a840a1f3,Meta AI intrusive,1
0915ea85-8e23-4db5-ac3a-380bc73aaf04,My whatsapp is not working please starting a my whatsapp,5
5ec076ae-08ef-49e6-bafa-7df3afbf54c3,Very ok,1
81d1d5fa-59a0-4cf8-b384-0b625ece1aca,Good,5
eb765688-3954-442d-a803-fd94f6ed345f,My is what's messenger,1
38f96225-7bae-4b2c-b019-54ad51ca05e8,OTP problem,1
1f44da97-2b11-4b15-894e-877bbba575c7,Not good,4
78bb284b-9ebd-403d-86f6-0eaeb4b1eaa1,Òoooooo,5
ae3f0459-b600-4878-93e0-d612d49ef5c6,Good,1
8056ab3b-3656-44bf-a2c9-a8b51d0a0b18,Very helpfull for studying,5
05c45dea-a1e0-40e6-bd81-814c45364890,l can not get meta ai,4
b8b60868-67e1-406b-b746-b030a372001a,Dear WhatsApp please enable meta ai in my chat,2
8583f9c5-e360-4e7b-98e2-f6887f935ade,This is good 👍🏻👍🏻♥️♥️♥️💯💯♥️♥️♥️♥️♥️♥️♥️♥️♥️💝♥️♥️♥️♥️♥️♥️♥️♥️♥️♥️♥️♥️♥️♥️♥️♥️♥️♥️♥️♥️♥️♥️♥️♥️♥️♥️♥️♥️♥️♥️♥️♥️♥️♥️♥️♥️♥️♥️♥️♥️♥️♥️♥️♥️♥️♥️♥️♥️♥️♥️♥️♥️♥️♥️♥️♥️♥️♥️♥️♥️♥️♥️♥️♥️♥️♥️♥️♥️♥️♥️♥️♥️♥️♥️♥️♥️♥️♥️♥️♥️♥️♥️♥️♥️♥️♥️♥️♥️♥️♥️♥️♥️♥️♥️♥️♥️♥️♥️♥️♥️♥️♥️♥️♥️♥️♥️♥️♥️♥️♥️♥️♥️♥️♥️♥️♥️♥️♥️♥️♥️♥️♥️♥️♥️♥️♥️♥️♥️♥️♥️♥️♥️♥️♥️♥️♥️💯💯♥️♥️💯♥️👍🏻♥️💯💯💯💯💯💯💯💯💯💯♥️♥️♥️♥️♥️♥️♥️♥️♥️♥️♥️♥️♥️♥️♥️♥️♥️♥️♥️♥️♥️♥️♥️♥️♥️♥️🏮🏮🏮🏮🏮🏮🏮🏮🏮🏮🏮🏮🏮🏮🏮♥️♥️♥️♥️♥️♥️♥️♥️♥️♥️♥️♥️♥️♥️♥️♥️♥️♥️♥️♥️♥️♥️♥️♥️♥️♥️♥️♥️♥,4
e0964895-14f9-4330-91c0-e2b9e2a35bc2,Good,5
2a10434b-7aec-43a5-a83b-a40bf73e4bd9,Good app for connection,4
5e6907c6-5ff2-47ad-94d8-00235065a619,An amazing app easy to use keep in touch with friends and family ❤️🤞,5
4dc8539e-a6f5-4056-be2c-a9ca2f62b43c,Callingng,5
23dca4e7-eb96-455c-a4fc-106d383a1670,Good,5
9720dbb8-75be-4a28-905b-f43da4a5c7c1,Good,5
1d1d27bd-22dd-4a17-9e3e-0319c893bfed,I can't download my wasap again I need help,1
026d386e-233e-449d-b185-a67d135339df,It is a very good and useful app...,5
54050bf3-c545-497e-83b2-494bcef2165e,Good 😊😊😊😊,5
6feab0a5-050a-4419-b2e1-428880c071e3,Fhehdir,1
e780dd16-3d46-439c-923a-6737fc7577b2,Neku edduku neku nachidi nv cheseko,1
61b88095-d321-43f1-a01b-d472c892dc0d,i understand just by the grace of i will carefully very well thank you for your help me,5
d151b28c-f2d2-4e98-8877-a70adfdc3356,up up,5
2af0507f-2eb2-40f5-98d6-f513e4195aa7,"z,ZzzZax''xaaxa..x..x''''xx",5
51cbb118-7e21-4e6d-85e7-e507fb71860f,My WhatsApp not veryfy,1
74956d15-3a4e-4f9e-9f1c-285c6d75ee07,Good app,5
49a8bc9b-e786-4ceb-9c0d-b7c7a22006a3,please unban my WhatsApp .,1
e84debd2-1953-4a80-bbf8-48ea36527afd,Good 👍,5
39198099-91df-4809-8cfc-76b8b160aeed,Tydyud,1
4b066548-ef11-4aae-bd49-8f7259d7f883,Nice😘,5
b535f962-6a9a-41e5-ba7f-dc4942e9172c,Aftab ahmad,5
cfac8c5b-4e18-48ef-931c-75ffedb8fd8b,Not,1
efde0f1a-32c7-4c42-b3f8-c2dfb2e89702,Good,5
47c14321-f5dd-4623-999c-215e4048ee8e,Bulok,5
3824f5b7-1079-45f0-97fb-4015642543e1,Jay sri ram,5
087acb3b-2a12-4440-aa4e-87563937657e,Naresh turion,5
5ad4ddba-bb1d-4c42-8acb-524545382a5e,Nurariff bin oon,5
166c8879-23d9-40a0-b87f-6deeb013eb52,Cool new phon,5
d05a12cb-f782-4c30-9672-526749a41686,Unband my account halp,5
4b624896-d0d8-489f-a547-97088c24763e,Love this,5
92360777-33f7-4b26-8cbb-08a4864e650b,W u s,1
6eae5b3e-b56b-4c06-8076-417521567ff2,I must say it's very nice to use Whatsapp I mean it's the best experience ever 👍👍👏👏,4
042b0603-d425-4fda-8224-74ee6008bb53,Good,5
10d1b7f9-6c22-497b-93d7-bea44e36ba06,۰۷۴۴۳۵۸۵۵۲,1
3fe643da-9601-467c-8398-3e71c44800f9,Best,5
89604fa2-a1fb-42de-85bd-0557fe825853,Your log in security procedures is a pain in the arsenal. Every time I've to wait for 12-24 hr. to log in. Annoying as fcuk.,1
d39304b3-1a84-458e-b981-e72606006d3e,Kishankumar,5
f88bc93f-4bbb-4beb-849d-ccbb2027b4ad,Begr,5
2c1c1b42-0639-405e-8d61-3d40b2e67add,Ft of the same email regarding a real estate agents and I will be in the year and I am looking for a waiver and WA state university university college of engineering in mechanical and WA state employees to you still there but the same and let the same ye are the same email earlier email I sent the same ye are the same email is strictly confidential to you still there and I will have to you still want to be able the same email your email earlier email is not a waiver of privilege to you earlier t,3
9b51ed15-8a8d-44de-a550-aa47250d3fe6,Good,5
796cfbc7-a2a1-46ef-9f55-524142da578f,Ok,5
23a623b9-ec84-4af8-bc17-3270dc7966c7,"All of a sudden your wathsapp number has been banned without been shown any proof, what if I'm hacked it seems so unfair 😕 been using my number for over 15 years .how have I violated the terms?",3
fd8d5e41-ebfe-4d1c-a603-6368c8dd1dbe,Best,5
0c276a00-f8db-48bb-b37d-341eacb84f7f,Motivator,5
ff67bc10-ae65-4e87-83cc-e2454806e5b8,Brand-new unit and fast transaction,5
52e84d93-42c6-446f-9c23-bce9c8a04fa7,Mahi. Choudhary : super WhatsApp Messenger 👍👍👍♥️♥️♥️,5
717209dd-6575-4f7e-a191-13aad8ccb992,Whatsup user,1
d6d2ebcc-3825-48e1-9e2e-0cce032ec446,Adeolaajike,3
fc4f0034-64bc-492a-a1ec-ae9c279f9075,After deleting contacts from phone..it is still showing on whatspp what is this??,1
b6085688-b1e7-4ec1-a525-6274958a378d,It's suddenly spam to my account without any reason. Why??,1
44c70a5b-5095-4126-b9dc-9d4041ba79c7,Good,5
8f7337b9-ee1f-41e4-a720-18dff35ab287,Ok,5
9450987c-c2f7-49b1-85a8-f37d65ab6f04,Hauma,4
6eebf290-c8e4-47cd-aaec-91ab18064ca1,Can't get the new code,5
24fc69d3-79ff-45b1-9c4c-7544c665cba1,MirzaAhsan Zafar,5
9ccbf9f6-9e26-4084-9108-99ecd56339a5,whatsup status upload and after quality is very low issue,5
922a0ba4-1aa2-40c3-b9bd-93c4c5c42427,Super,5
42fa7743-7681-4a91-ae21-85c502469891,I love this app 😍 so much 😍 💕,5
6a3ba2d1-f844-426d-a962-cad5d230c919,Dinesh Kumar aachla,4
e336382e-0832-41e1-b972-5b236f047bc6,Very good,5
a35d8395-d488-4f45-b4e8-16bf2e3c34d2,Good,5
2938f459-405f-4955-970d-3c1d4687462e,Good,5
be02ec72-dc0e-4aad-b2b9-c4c25e85eb9d,Excellent,5
4023439c-8cfa-4c91-96d8-b8fc055b31b3,Nice,5
85d86633-05ff-4551-a33a-00f4f1cea10b,Danand,5
3b38c05e-92a3-4a2e-a01c-35d3bcfcfa9b,I want to update,5
8df45024-2255-480d-b780-8ca8537ef0fc,Very fun,5
360fc92e-c6c3-4999-922a-6aea4f7da818,Ikhlas,5
8cd2f986-aa20-4936-8911-b8f1fa65b6be,बेबी आशोक लंबे,5
fe1807fd-c403-424e-9de7-76cc2b1fe831,Md Arman Raja,5
931047c1-ed20-4f35-bae9-98f284a56d43,Very nice,5
4c86bd38-7042-419c-8a98-c5a5378b863f,Bal ka app,1
08ddc1cf-75b8-49fc-b790-e879a047570b,WhatsApp,1
7ffc4d2a-aea2-49e9-8c9d-162d9ecffd56,Not bad,3
408baae9-8d01-4108-ba79-1f6b5df2bc33,Sukumar Majni,5
f516e47b-f42a-4384-8f58-a434f2c71957,Sir g ram ram kya iske liye leptop lena padega,5
e97b8648-a213-4f3b-b89e-59d9322c44ac,Good,5
0bdcbbb3-4bdc-4147-99c8-1c70173e6ae7,Good,5
2fc2a801-6631-46f7-b381-2689b5f18882,Very good,5
963c45da-e3b9-483c-9b75-513e2da6cac8,Excellent easy conversation Reach people world widely,5
a91651cb-fd1c-4aa2-8d0a-ec92fb6c99b9,S AA arrxwqa as srsrsrß usss,1
403285c8-2028-4cb1-83e3-0147da23a938,Worst in my last two years using this application. Every update it will not properly working and when internet connection is done application close automatically and i have reinstall the application it's work properly.Last two days back update it will be not able to call for OTP and SMS will be sent but it's not correct to showon the application.,2
286e9154-a036-4737-94ae-4bbcce1879f7,The app is better and good ☺️💯,5
2f9daa2b-4061-4055-9845-55e500f3575f,Good 👍,5
4efd8981-20df-4688-8527-fa4c815b304d,Good apps,5
39c2395d-3cad-460f-98d7-848a82eca081,Nana siyama usman,5
f6b41b4a-457f-4d6f-add3-003403a74fa2,ZaminAli,5
4e3b7966-7b98-4690-8a8c-d038ca978969,Perfect 👍,5
841a950e-a280-4b06-84f3-059794e3feb8,No good whatever unless its in english.,1
2e6fb00d-4e5b-452c-b38c-6fd07a01af25,Nice App,5
fccfcd21-08dd-4078-b1d9-8b4a0fe7d7c1,My WhatsApp is lagging I don't know why 😭💔pls help,1
754c5462-a0e9-430a-a12c-ee768414ba49,This app stop downloading in media and photos ti is not good for users,1
7602efc7-b0b2-458d-8aeb-4679345f367a,Delton diedericks,5
09f9805c-c319-4b69-8a8e-601bcbfe002c,Nice App,5
257d2cd5-b02e-4d42-a3bf-01be2ce09380,Excellent so far. Better experience when Whatsapp Groups have birthday notifications for group members who could voluntarily birthday alerts.,5
8cc1dc5e-e72d-4c2f-8f5d-3e9f417f67f0,My phone is not working,1
e461c2f4-c7ca-480b-815e-82ae826d4f07,Great app I've ever used,5
b5fa28e7-6fc1-4285-92fc-0835144b806a,Very please,5
67a6421c-b914-4509-8448-85b8cb277c9b,he is the better app,5
72355f57-7c8d-47a5-94d3-f5dcf4a6e4d2,Gud,5
55845984-4689-4395-b40b-ed5960aa0553,Gaggi,5
f8b2f7db-a527-4d33-bea3-b1f0f83c6cd9,Pppop,1
7f7768db-f103-41f5-bd3d-849823070f6a,My account is being locked/blocked all the time. Is it hackers? Almost everyday,4
88fe6ea3-2077-4c6f-ae88-f9f6a29a28dd,Good app,4
cb4b5d26-aedf-4f79-9c18-98cec194996a,Satyavan,5
c975d0c6-026c-43eb-ba15-9a799cf094e9,Verify my WhatsApp,5
5e91f8a3-823e-4f7b-863c-bbf45fceb4d0,App is constantly freezing with ANRs... Especially after unlocking the app with fingerprint or security code. Please please fix it. It's already like this for 2-3w,1
e42f6878-2ae0-4894-a623-2f159e1ac852,"I am not getting OTP on my WhatsApp for the last 6 months. When I mail to WhatsApp support, I get the same auto generated reply and I have not found any solution till now.My experience with WhatsApp has been very bad for the last 6 months. I am very troubled because of OTP. Please solve this problem",1
5e0ee704-b993-4963-993d-4b406fa1b023,Love it,4
e12b3b40-ff5b-4406-bf7e-c98bf766c77b,Good,2
873dacb4-d4c5-4306-8332-2952d981310d,Amazing app,5
8e46eb52-a480-46c5-9b9d-a0598e8bc073,Iladukunda,5
1461301b-8c09-4600-9b66-07a56232f793,ⱽᵉʳʸ ᵍᵒᵒᵈ Aplication,5
a3a9202b-442a-48dc-ac39-09e4e42d7566,It is best application,5
1aa906b6-7d90-42cb-b7d1-04cae220b94e,Please unben my WhatsApp number for which I will follow your rules 🙏,4
822cbf18-23cc-48ce-8b50-e29f8229f45e,Little slow from one month,4
ac5eb4f6-3196-402a-8bc4-0dc5e7c34560,Tusarkafrapal,1
fae51420-e9d9-4178-b523-3309bef4ae38,GREAT AND HELPFUL,5
0229ac94-1e62-42d8-ade5-5ca0b59a1d17,Ok,5
0737a7ee-2cc0-4ce9-a45e-87129c04229f,Very Useful app but whatsapp should start OTP im gmail.because some time our phone will lose even some time our number also closed.if they start OTP on gmail we can easily get OTP .and its very useful company should think,5
a5b0fc1f-3b16-409f-8c2b-99fe7dca4c27,My WhatsApp OTP code problem,1
95b06029-ea78-42dd-b0a8-5e8c95649711,It is exciting 😀,5
c9a8c021-dd92-483e-a7e8-e6d8419da81a,Very good,5
6d3235db-84f5-451a-9c33-002e88f5d592,Excellent,5
a1538db6-d3cd-4a92-ba11-cf9fa3306a6d,"I really wish WhatsApp could translate chat! Dark mode should be pitch black, not that ugly green and dark gray mix. As for read receipts, users should have the freedom to show or hide them to who, I mean, I want my family to know I've read their messages, but definitely not my damn principal!",1
bdbe85a2-0cca-4861-9936-dbfbb8dd96e9,Good,5
8e8f9031-bc4e-40d2-a213-f014c39d8bcb,Love it,5
c37e6910-f5df-4ef5-95da-dad7cfa63eef,Inclusive,5
1ed259a8-fad6-46fe-9ac9-e693e58e17a8,Very ni ely working Most of the time I use only whatsup.,5
26d4b149-2723-41e1-946e-19ef74d36008,Please I'm for getting my password cord,2
712fad30-746a-4d63-b985-c32218efc845,Love the end to end encryption ... !,5
157f23e0-03e7-4166-860e-9b4e20b8a3e0,Abubakarmusa,5
b2394362-0e37-450f-b841-9adbeac39095,Iam losing chats and data because the backup into google account isn't working,1
23451fb5-fc61-4523-8d7e-62b0d69c036a,Great app for communicating with friends and family. The new look of the app is awful. Please put the Navigation Bars at the top of each screen back in green background as they are easier to look at. The white is too glarey and hurts my eyes. Please move the Navigation Bar on the home page back to the messaging screen and put this back in green background. The brown background looks paler. Please stop mandatory updates. There are too many of them. Change this app back to how it used to be.,4
a59e4c68-a763-47ea-b9e2-6a2182890085,"Help my whatsApp number is banned I am facing a problem "" WhatsApp this account is not allowed to use whatsApp due to spam ""please fix this problem and return to review my whatsApp number i have not did anything against whatsApp policy and rules . I am sure that my number has been banned by mistake please review my request .",1
755656a2-6d05-4f03-822c-511adb27c138,Ahmadraza,5
ed2b5ee0-bb81-4b3a-a08e-ea6fb9b3b1b0,WhatsApp nice,5
9abc31b5-8c08-44b2-8a67-71b0e47c0c0c,Good app,5
59fd2a63-83b7-4c75-a0c0-15a41d138839,I cant verify my number... I should download official whatsapp,1
0b15a6ee-a0d9-47ff-852a-db118d717413,Vey good app,5
61812b63-f04f-422b-a177-89fae63f1d1a,Not so good but,5
9ceee9f3-76d8-4721-b1fc-52aea3ba25b8,Bad. Can't get it to work,1
a3b6fec6-0d41-43a3-a3ea-8dbb3b6ee5c1,A1111 meen IUI III hippo I look at lLPoos,1
5f62a6e4-0163-4f85-9e0d-ed3a741fdddd,WhatsApp Messenger abas Abass,5
b4225281-997d-4a11-8a05-8615ae40d94b,Good,5
a9f0fa45-c4ca-424d-9bfd-b3057c8a9f34,Why you ban my account without any reason please unban my account as soon as possible,1
17247ccf-d6d4-4ab8-90e8-ba81a1a48afd,Mera aacunt kyu bolke kiye ho,1
0b3e0af5-fe7e-4ac4-822f-78d4b6c05e0c,Fantastic,5
2daee90c-bbbe-4177-b2d5-fde34c18a643,Ok,5
fcee4dbd-fc71-41b4-92d1-296854ae646d,Good one,5
48535754-73c0-4eb6-8b12-1056752d45ef,Essential app for chatting,5
632fb84f-c697-48c1-a437-cb9f91cbfa10,What's app,5
e179cce9-df86-4a45-9b57-1ef7b66ce883,A g p,5
e09d1456-6ded-455f-81a3-154c60fb8151,WhatsApp is a very useful app.it helps to communicate even when we're on low data.easy and simple to use.privacy is one of the main thing.,5
614f46be-dd12-4fcf-b878-3ec54320e280,Nice,4
f6ae0d00-6905-47b3-af76-af261943aea5,Great 👍,5
4b3397dc-6e48-4541-b880-3d0872b1483f,Safest,4
39ec9aba-36cd-4487-ad69-1b8152d18f84,Nice,5
751e40ae-cd1e-4428-b4eb-159ea20bb534,Awesome,5
fe6bb7c0-f2c9-426a-99f7-8f321da76541,Good,5
5ac76ebb-a89f-4f77-81b2-da749cfa840f,Nice app,5
547a6133-c16a-40f3-811e-621107cb6e55,Very good,5
b04dc8b0-81ab-4ae0-95f7-82d01469163a,A good app,5
f992eb9b-42e9-4f80-b738-84b8c0f8cb48,Shahinpaveen,5
e19ccae3-754e-4d15-9173-0eb1b6474cca,Whatsapp is Great.. I Am Pleading That You Guys Increase the Time Limit Of The Video Status From 30 Seconds To 60 seconds At Least. I Can't Be Limited On How Long The Video Should Be.. 30 Seconds Is Not Enough. 😕,3
4c48b333-1bd5-4cef-8fbf-41f905c90de3,"WhatsApp,GOSHNAR,topno",1
16152c2b-9b78-426a-bd34-e443e1b9616e,I've had it for years and for the past two weeks it's been bombing out and won't work,1
e5b0c7ea-2171-42a9-8d2f-e3268fcc8807,Magar bare bar update nako koru,5
1db9ed18-2236-4365-bb3d-a6cb56ee0b37,शोभा इमडे.,5
a998ac01-9f77-48de-8fb7-5d4f4d363568,Good,5
1f324ba8-a274-4374-b8f6-0c4bc2e23b11,Mast,5
9d8491f2-138d-438c-b422-7d0b65af3aae,Good,5
5e77a79a-0c1d-413f-8ae7-b4828ef1b7ab,Love,5
b987bde3-3905-49ba-a04a-12b55dae92d4,Please Add the music system at WhatsApp status 🙏,2
fba782ec-476e-4804-8642-188346caa2bd,I couldn't able to find the meta AI on my application even if the app is updated What shall I do to get it,4
9eb64f66-9434-46d5-9b4e-504b5bab661f,Intereting,5
1a35e04c-6249-48bc-aedc-347e33bf2c48,Ok,5
8e861bd4-6fc2-4ad8-8b9a-cd6dac3e7cbb,Asadkhan,5
14b3c188-fdc2-48f2-9411-df5c0c8495d0,Arwbaz,5
48c5a306-e43f-4371-b746-62da8fdf13d2,And Ali🏠🏠,5
dedd006c-62e2-4096-8ceb-260d271f8e5a,Ilyees Sheq Muqtar,5
12513eac-224e-4163-b834-ff74884b40e5,it's just sometimes that I used this acct. cuz I forgot my number. could i possibly ask my number again plesse.,5
1fa2f793-baa3-42b7-a5bd-5f03939e401d,"Whatsapp is a smart messenger to Submit it my star,Heart and my flowers my beauty girl smart boy",5
7dfdbb07-36e9-4c8a-a0a4-adf1c2867019,Whyy can't i edit the message i had wrote??😭,2
c3cd1131-5f85-4bc0-a1f1-a5ebcbe2a083,W WhatsApp opening,1
0acddb9c-2389-4009-bb7c-30fed765e414,It is a good app,3
aa26fb4b-478f-448b-8738-55d65fdeb955,Nice one,5
f78efef2-a65d-4cb0-a1c7-204ffeb30269,very good aap,5
120ec49a-37c7-4c08-8bb9-ae627b2c2813,Veri good,5
4b7184cc-024f-480f-85bc-c98cbc3ac550,My account has been banned Since last 2 days and everytime I tried to bring the account back they are telling me that my phone number is not verified I don't know why,2
460b5c49-622d-4074-a9e3-f626ac0f4316,Great,5
250677de-b8be-4dc3-af56-9318503f69d8,This is non working,4
678b3ef2-e458-4d25-a1c2-1855f0766754,Very slow but hey love it,5
fdd17fd4-65f0-4fc9-870f-3dfe51f34a69,Nice,1
e0a94b97-4f92-4d62-8673-65465ba920c8,Good,5
97d842d6-d770-46ae-a099-06e582d051f3,I cannot open whatsApp,5
d5ab259a-7f07-49e4-a285-920bb326650b,Extremely helpful getting connected n keeping in touch..,5
b964afb0-9102-471c-a7d0-ea3dbfd5e222,Whatsapp is not working not installing,1
07789f0e-2d6e-43a4-ae27-10d4fdff7768,I love the new WhatsApp,5
67e04331-d536-401d-988a-b6000f57506e,This app is just amazing for me to use and I think this app has got so less stars but acc. To me of is perfect and the new feature of AI is 1 of the best feature and the AI is the g.o.a.t and I just love this app.,5
579ad72e-f5d7-4e05-b265-73c1e7cc3022,The app should add a status saver option on the app at the status view side,5
d117270d-312c-4a41-a21e-f0ed519684b5,not bad,4
3ac9e404-b172-4a11-8515-3955331bd5c2,Tayyab Bbvvbb Bbb,5
aeaafcca-1e5e-4bea-8bbf-ac916aadc6bb,Good,5
0b78ea06-a156-47bb-9dac-8fa21d1b386d,So Gorgeous,5
9ba91c37-08b3-48c6-a866-ba215cf9574a,Very nice,2
2199e600-4bcd-47af-9cfe-88ee5c143ae1,Nice ❤️,5
f566f35f-6a66-40b4-aa11-c85026b8e239,Sathyanaayana,5
b12f859e-d63d-4554-a66c-700895655d4b,ok,4
79dff754-d117-4e4b-bc81-847122be147b,How to possible my whtasapp hack ND my other party watching ND my status still off,2
4965dcc4-a174-4945-a346-125cda1e382d,This is a very good app,5
0c14472a-cc96-4e62-9a5d-dbf1a3a9f664,Very good app,5
50aa3949-b1f9-4323-955b-d8a847fcae0e,I am in need of Beta whatsapp,5
8d203bd8-ecfe-439b-8128-77d88da784fe,Good,4
3ca56b96-f42e-48b3-83ad-5d08a6fe0b90,Very good,5
ad981cb1-5a20-49ce-a80f-ac3b684bf3cb,Backup chat,5
077dbbb3-a7fb-4218-adf7-ef069468c075,WhatsApp statue Lahore king Charles,3
0d6ec89b-66ef-433d-9cf9-e4f9b923e590,"Nice app, one of the best social media chatting apps in the world",4
b74be423-e4a6-42c0-963f-674bdf9de7de,Yun oo gauge h j d ghr kg,5
227c3731-9f0e-4c7a-a19d-8d3b2ced17f2,Neat n nice,5
caaeb9d2-92f4-41fe-b653-586d94721f5d,"Actually my AI is not working, if you could do something regarding this then it will be a great help....",4
0b3724ad-318a-4a36-969f-9dc34326bd95,Microsoft Internet Explorer,3
179c1ff2-ebcc-4516-808f-2245373913f5,This app is very nice,1
6cbe3877-5039-4716-a201-ba05a8e25add,Best,5
6da0d0a3-1813-4abb-acd4-7cee06f7d62f,Not bad,4
d2babda5-5119-43f1-a75a-5b0fde79fe0d,Good job,5
4fa897e3-78fe-4af9-a6bb-7652fad59aff,Wonderful,5
136467d2-9fd3-46e8-b50c-3a79d1ee3018,Superb,5
5e88ba7c-8d37-4fb6-b050-2c258828a850,Qewrtyuiop Svfsvtd it was a good idea for me to come in and I will get it done this week and I have a few more days before we go any lower than the last few years it was a pleasure speaking to you,5
9c1c1fca-9b3f-4673-862f-029869ca620f,Nice app ever,1
c2dc6431-519c-4d83-a182-79271791c552,My favourite app forever ♾️,5
9a75e5e9-5ebf-4c07-ab5a-91d51124c3e1,Sawann,5
9d8b18ef-d074-476b-ae23-6854eb798219,My whatsapp number is banned please problem solved,2
2cc440b1-dc9f-4c70-bf17-c97a803a922a,I don't know the reason why am always have problem with App.,4
7a226cd9-7962-432d-ba96-0258d855fc42,It's a nice app that I can share mypicture,5
9e767cf0-fd0c-43b9-80a0-450db43625a1,Bht fazol h,1
8b54974d-eb1b-49ad-8c44-ffce111ec657,Nahala,1
4ddaf6d3-f402-417e-9029-edc4cdafb9d4,Superb,5
9814b0fa-a979-416b-a936-185bba87db5e,WhatsApp,5
a422af99-c89b-40f3-877b-40d836868bf1,Bhai AI wala button nahi aa raha mere WhatsApp me,5
4255cd8e-e5b4-4e7c-934f-2d79dc85f127,"account was taken down for ""spam"", but i havent spammed anyone, please fix this bug",1
e58f7b5c-23ea-49cf-9836-40f2d47e4f69,great app 👍👍,5
4386d9aa-9603-4908-9c31-42ea34bc6179,The best app in the warld,5
48755679-d578-4c01-98d9-4c6ae9b3736f,මෙලෝරහක් නෑ....💔🙂,5
2bfdcc61-285f-4930-9b5e-9ae706739212,Ok,2
936dbf79-2e72-4e86-93dd-89ddbfb100d2,This is so much good for communication ☺️,5
821eaca9-b67d-4afe-bec5-204348d70648,"=आईगेट,जिस,,गਗ",4
a0d2f8cb-8510-484c-8cdb-109aff65e4f1,Ambareen,5
65cfa9dd-026f-49fd-8250-e8f789a2450c,Good,5
7b0e7b3d-499a-449f-9559-7f451db12d96,Like,2
73d8f765-0435-4c45-bf65-8f8454adfbc3,I like it,5
5814266e-b19f-4ef0-b55d-7a4c895e12c2,"Hello whatsapp support.I,m encountering the error message' you need the official whatsapp to use this account , despite using the official app from the authorized app store. i have tried updating,restarting, and reinstalling the app without any success. please assist in resolving this issue prompty. thank you",1
981fcc83-2df3-4ef1-97aa-5f7f2f27364d,why my account whritte this account can no longer use watsapp due spam.how i restore that .,2
0100c500-290d-423b-952a-e6e626db454f,جيد,5
fc60541f-0270-4b9e-b5f9-87115dad840b,I'm unable to find official WhatsApp,5
681f40e5-4443-4cf6-b242-0f2823f658b6,When you change your phone it becomes unfunctional,1
0e2d2534-0b3f-4fd8-a125-2359cd4b20d1,It's the good app to connect with peoples,5
f72eab38-5172-4b2f-bc69-b1abd14c9430,Good,5
76fe1e65-57f6-40c3-98b6-1cc4d5cd0ad3,I can't get a whatsapp,1
ebc3f1db-2028-4201-b58a-5cce2670020b,Good work,1
de783f10-1d0b-4ce2-8d05-bc38b933045c,History of African nationalism,5
16d8d3fe-6468-4e14-aec1-5b109f4e97b9,The best,5
f38a0b0e-53f3-4f3d-8a1b-5ee9b987d261,most protective app and the most download app over the social media app i love this app very much,5
0716683a-10c4-46a8-877d-a150f797b03d,Domestic work for 15years,3
61656af2-9cd8-4244-bf4d-cf8fa302b053,Ryo xxx,2
8917eabd-fc5b-4efd-b734-3a43e9b6db1d,It's my parsonal,1
d53330fb-dd14-4a61-8c05-5b208899bdda,Because it is not allowed in Dubai 🤕🤕😭🤢🤢,2
d9ac9e06-e70e-408b-b063-57234548c9f1,Sukuria WhatsApp company ye..,5
fa522a47-b5a0-4d90-b42a-c70456d5a54b,🥰🥰🥰🥰🥰,5
b841a2c6-97a4-4437-ac65-9a186f136335,St James estate halo ela Sri lanka,5
6d64d287-593e-4e43-b857-28c41a85c470,Whatsap AI not visible for me?,1
3fc9fc5e-99e1-4772-b697-a32f68c87657,Sani sharma,5
43832335-4413-4868-ba84-e6e94fa67321,Super,2
17e438e5-b2ea-4fa8-aa76-7a5ab627e9c1,It's very good app and pritave chat,5
9649c004-e42f-4c52-95ba-6a6bcf485470,Very good app i ever used,5
db71b574-24fe-437a-bbf8-7dc1af690dc3,Balar Application,1
053a7b48-81c7-41b2-9d2d-333d8f6c7cca,My mobile whatsapp not support,5
342004ba-c8f8-4299-a5b1-3401b859150e,Good,5
398ea39f-3047-44f0-8182-3450643bffc2,Satusfied,5
cc433088-aad5-462c-bb2d-082a86558cd7,Mantap,5
88592290-c299-4f55-a809-507d4cc990c2,Good 👍,5
fc25edd9-d0d4-468b-bf33-c4b6a73ed0eb,Good continew Give me my watsapp account,4
7cc2d5fa-c8b8-4e77-ba64-a3bfd7b48816,Slow,2
2e35223c-3c88-4231-840f-bcdd173ff4e1,It's helpful,5
eb5861e8-b545-42e1-ae4f-bfe2659d6253,I love this App,5
a673bc9f-7432-4935-944c-3463394de7c3,सुरेश बेरवा,5
f4a84c8b-4040-46ea-a46c-431168f31bd8,Good,5
3477d92f-b547-4ebb-affd-b384d9d61899,Good,5
de22c960-34ac-4869-9a81-8f0da3b0575c,Good,5
0b7b14f4-8041-4124-875d-290748537422,Supar,5
2341fb69-e7c2-48ff-a59a-4c81168488ad,Can't open the lock chats using the right fingerprint 😟,2
57b52873-b0e8-4da5-8a64-0610e02c3746,Good app,5
b7584ea1-39e3-47bd-9517-6f218e868d2f,Very good,5
c3e2a734-d2c7-4502-9289-295a4aa9df3f,Super,5
1c4c7b69-4038-4d54-80b0-d8d2e87444a8,"So i can't screenshot profile pictures again because i use an android phone but iPhone users can, and that is privacy for you right? The level of rubbish u people do in the name of upgrade is highly discriminating. I detest this app. To top it all I can't see many statuses posted when i was offline",1
40eefc4e-ed70-43f6-bde5-325353af94e1,This ai tool is not worth it,1
a3f92931-21ec-44c5-b91a-0d9e3d0a0493,Today I was using WhatsApp to make a group and suddenly my whatsapp no. Is banned I request toh unbann my number cause I have some urgent work. Kindly accept my request. respectively.,5
a2311439-1db2-4ea4-9d9e-07e997884495,Love,5
59f37579-037d-4261-82d3-078d962bbb17,In a sentence... It's a very lovely app❣️,5
8aeee595-0565-4727-a60f-0e9c81910995,How to delete a business contact I don't want to have. This contact is fake spam. Their location is UK. I deleted it from my phone contact. They still appear in WhatsApp?!? Pls help.,1
15cb622c-5106-4a8f-983a-4882dcc546c6,Khandukavadi,5
11612d57-ca76-4d96-a5e0-82c7b56d56bc,This app is the most important 🙏,5
bc73241c-ef8c-45e3-ae08-ed4b78df06bd,All,4
a3cdcb74-266c-4f90-8abb-94151273dc07,Nice,5
2e59470f-6f37-4afa-bd87-25c4d1719869,Excellent,5
36797f1e-1261-4019-aabc-6c490fbd07e3,Best,1
0b582378-8a22-4ad2-8ed9-a134a308f6d3,nice,5
548939a3-f398-42bc-bf5a-95ef834618b0,Good,5
e1abdead-692c-47f5-8e47-146ab257f37a,Very nice,5
5c1ccccc-4373-439c-9cf2-b540bd430288,Very good,5
5afcc59f-26b5-4e66-b3af-71b633ff6dcd,Everything is on point except for the fact that some of us don't have the AI,4
a4e043c6-52a9-449c-bc7e-9e6c96040a02,Couldn't link my device please solve this problem,3
77956c39-7ef1-4a30-aef0-d47a427c7718,Thanks for the app is very goody your will enjoy the app,5
08c15fbc-95d6-471b-8c0a-e5a9b1455dee,That is good,1
21c0e3f7-7076-466a-abc1-f156db1a0b64,this app is usefull,5
b3135ab0-8093-4a74-b4e6-c486d5e03fb0,I couldn't link my device please solve this solution,3
660b5925-6b9e-4564-b08a-b6b8a8cd1e2e,Cool,3
1029d8f3-14ff-48db-9767-ffe3cb4d03c2,Hi dear whatsapp didn't receive my phone number verification code and see my watsapp you need to oficial whatsapp please help,1
5816c28e-66bb-4988-8a46-c03898c7e084,Good app 👍👍,4
3c76bbef-439b-4fd8-bbb2-8b09073bbcbc,Best,5
2e0f3f67-f23c-4e78-a353-5249dbeec10a,Piase,5
dc63bfb2-28c3-4f85-a072-9aafbf572493,Ten years,5
d044ad72-b534-4e84-a024-87566f24e29e,ᝨℍᗅℕKՏ,5
a57ca5c8-b5cf-4759-9cb0-34cf9968bdb8,Well done,5
46f4aef1-5bcf-4a4b-9fab-5ae58f5b0c53,Very good,5
1229b620-99ac-4683-9fa7-49a039a5de3d,It's not working properly,1
1f8b272e-056c-4fc5-ae44-531037d95d44,Good App For Jobs.. Like It,5
2b83a432-d604-4eca-9552-c573b847ad58,Good app,5
7d12c41d-2b98-4f7c-b8af-64353e0cd048,We 2,4
0dfc8c5f-b7fc-4fcc-a353-46aba961d345,Good service,5
161cb274-af6b-4efc-a677-2f33ec106b96,good,5
e0b3ff49-2ef4-4291-a779-01e4840f9f96,Fine,5
3b4da621-72c3-4a95-bb2d-30f0e5f954f4,Best of luck beta,5
c831c7f6-ac49-430c-9f42-b35e45481190,Nice app🔥🔥🔥🔥🔥🔥☃️☃️☃️☃️,5
c9caa3d7-f999-42ab-8882-ffb30f8d8172,Zobofgk Fuoh,1
6057ce52-b6b9-49e9-836a-4787a268789e,Nice,4
fdd25bc4-4285-49a9-b7c9-c71487469785,I cant use my account in my watsapp properly,3
95aae692-bef0-4b3e-b62e-b00f8315ddac,👌👌👌,5
a1c08f0f-4aba-49b8-b5b5-528e39db1c08,Nice,5
6414d13b-69d8-41b4-8c01-4775a1943b06,Hi your whatup ain't working in my phone,1
a6fb7509-6498-4e5d-a53c-4639b9aa2ee9,Why meta ai is not showing in my WhatsApp Messenger??,1
dc8227b8-2ced-4b7c-b5a1-29808b0146ee,App to accha hei but koi sms nhi krta 😭💔,5
e5e2839b-6896-433d-8ea8-8ce697e24daa,I like it,3
c8533382-5056-4e43-b751-5d23b6f6ee05,Walang kwenta na apps Hindi nag re response sa email mga hacker panaman gumagamit sa app na ito,1
aded727d-acbc-4b9b-8857-cf46b231dc79,𝓜𝓪𝓮𝓽,5
ae219de8-321d-489e-b097-fc3cd180fb94,I think focus in life 😂😃,5
28c360a4-03f6-4736-bf2c-09e49598746a,Jahanz eb,5
dc025991-b7b9-4b10-88a5-1ab41184152e,Good,5
d679998c-0cb1-40b8-81a1-ab2eb0a00612,On yr next update please add colour for groups and separate groups from chats,1
0a7fd44a-9e44-4729-807d-876f29bad0e3,In my whatsapp give me meta ai,3
f34a8872-cda7-4f5c-8d06-a91dd90cde43,वववववववववववववववव4ववववववववववववववववववव ़धषवववववववववववववववववववववववववव**ववव,1
3bd8b638-bf06-43c0-9bf8-55569592c87e,Good,5
0fc5e61a-4582-4254-b338-dfb1d4b61315,You should add one-time messaging.,5
7166c1f6-2d08-41be-8aa8-a4f3bd10b8ad,Am proud about this app,5
41bf5086-4431-40fd-be17-241b0fab792d,Ihsan,4
f331ec7c-46c2-4c29-949a-36e34ebf3f3d,Whatsapp,4
45b35150-b258-4d8d-bd59-8de9d7349e2a,Nice,5
41b6e942-4560-4909-b091-0d5aa8d73773,My WhatsApp no open this issue help WhatsApp team,5
14a1836e-444c-4a7c-8f6d-ac3ccb9ef0ec,Prabhaakar manjula,5
5d165d16-2bb0-46c3-a5b6-9c0dd36b5af4,hot tub,5
19aa399a-1442-421a-afe1-34b0317a7852,Wonderful,5
c7f3e00d-28f7-4cf3-8516-6ce45ae20dbe,Excellent,5
b1bacb53-70f1-430f-aa1b-79423da64bf5,5 Ghyyyyyuuuuuuujjjjjj,1
9a9fd9e3-541d-43ae-9065-d97fe7c3617a,Thank You For Upload Maximum 60 Seconds Status Limit...❤️🤗,4
53b80861-353a-421a-ad79-241f831c9bd2,so WOW,5
83996c55-15d7-4985-86af-bf08ff9aa77b,MRRITIK,5
6845a7e3-b80a-4dab-b3bf-37f124111206,Good,1
31736f00-08b0-411c-a000-617fa409d584,you are whatsapp are very bad now,1
a5077e53-1149-4bc2-84df-92ee578c408d,🖤,5
4d078de9-ae5e-40de-ace4-7216c361217d,My whatsup is locked,1
90c34f3f-969a-4ab5-86d1-64f3b7e01bfe,Omo u guys are not trying at all You people should stop banning people's account,1
68e38a0b-02e2-447f-bafc-6428a71da76f,For no reason my account was blocked and after requesting several times still facing the same issue very very bad service hope others affect also.,1
b2b3a143-8a53-4f46-9487-48a533128ede,Ok,5
ad89a928-10f5-4ef6-9af8-655b0014fae1,My WhatsApp banned what happened??,1
1c79ac36-dea5-4cc4-a42e-a7fa40547d22,V good,5
abf2a069-ef84-42a5-958c-b80660b6adb6,Suppar,5
022f61f6-e5e6-4b64-b944-8fd0d0096b76,I can't use it when I try to enter a pops up shows and said to download official app. I try many time but I can't open and find the problem,1
e1a4bba1-b908-4a6a-97d7-433104d81d03,I like it,5
42442bbd-941d-4f39-8e49-e729dbf77dd5,Super,5
6d2af279-d810-4e38-9181-1270157ff45f,I love this app ❤️❤️,4
5b9f2a02-c1a3-40f6-910c-7ea6c3b62245,Ok,5
e1e052f0-acb0-43ce-bd4d-09cd9d5e9acd,Byaruhanga j,5
22b0378f-a0b7-4476-8a60-e7828e047713,why is this still available please,5
8bfd50fa-42a2-4130-9b41-afd6aa82831d,Why will WhatsApp flogg my number for what reason this is rubbish from WhatsApp the management will not do properly investigation you just ban my number for how many days now I have send serials of message to your mail to reverse ban but up till now you haven't reverse the ban rubbish..,1
6fd8b84e-687e-49be-8d9e-95aff097b543,Moddala what's app,5
14e207b7-a200-4ec1-8dad-162c6a63576a,It is not working my mine please I need your help with the whatsapp,5
7721848c-ff83-476f-8a6c-3905dfb79071,❤️❤️❤️❤️❤️,5
75d82e5b-828c-4953-a3cb-7a587c25b972,Good,4
f3b825e8-64c3-48e7-8967-595eeec44d10,Status viwe old is best,3
5fb2cd01-5a54-4f38-a61a-e5d0577625e0,👍,5
257ce526-027b-4ebc-95d0-163a4ca77d12,But ai features is not good work,5
18341ff4-a82b-4d44-ab8a-64b95c7f2edc,Security sure,5
0ccf5502-2638-4dae-bd4d-680263ed01fa,Nice 👍,5
5e703a48-23b3-42ba-9e51-9fdf080bd2c3,"Best app for communication, just allow the option to take screenshots of WhatsApp DP 🤧☠️",4
efb58ff1-afc3-45f7-b8fd-c05b343d5c15,💋 𝐍𝐈𝐂𝐄 𝐖𝐇𝐀𝐓𝐒𝐀𝐏𝐏❤️‍🩹,5
54e4a18c-52bf-4e7f-8f23-e95c6315ac61,I want AI feature 😭😭,2
d8b172c7-dd90-42da-9e94-9f212ae72a95,Good,5
2ff5bb71-eead-4f2d-aafd-cbe74199f2ab,Super,5
19102d62-adf3-4ee3-b91f-e87e939d69bf,Good,5
0f05449a-40ad-42ba-993b-2a342967e466,Mbona apk ya whatsapp haifunguki tatizo nini,1
6258c335-fecf-4467-aa46-c8abdea0d81c,As,5
98a4e6cf-c72f-46fd-9925-07632e68d8db,Good,5
45b14e45-f525-46b9-920a-15d367ac39cd,Please open my WhatsUp,1
c85380e8-e287-4511-8404-10c1840b9b6a,WhatsApp is wonderful to use,5
db3bc8f6-ba08-4b1f-9ea3-fb18574db9b4,Good I'm using 10years,5
219e4de7-1fdd-41a1-baf7-045fbbcb197b,I have a problem that I don't verification receive a code & didn't receive a call from last 8 months I complained my problem saveral time but that don't support & resolve my problem,2
074a101e-3d13-41d5-9bb2-5f81b3784f55,Good app,5
8f2f2bba-00c6-496a-aab8-413ad1c67d83,Amazing 🤩,5
818c60de-1fc7-44ce-8cb1-84cf3017ed03,The app is great,5
8861fe2c-64ec-4e4e-b070-16cb0bd9ab6d,Where is ai option ?,5
e0a15a48-11ca-494b-8074-fd28b89eecfc,Baar baar upgrade karne ka option Aata rahata Hai,2
80e88f02-2bb1-4513-9538-89c1b706f1f1,Vn app,1
522df522-aca6-4aa0-872f-b09d7bcb761a,Nice website,3
b38dcc40-9424-4160-aa81-6ceba7cd2970,This is a great app and easy to chat with but i dont like the update stuff i keep auto updating it after few months and it keeps pending for long before it updates to update it waste alot of time and i dont like it like that But the app is perfect and easy to go,3
6c59d24f-662a-489a-9cd7-8cadcd56f728,"My whatsapp account keeps on closing my account for no single reason , i sent appeals to open it. When my account on whatsapp opened, i found i lost all my chat history.. IT WAS GONE FOR EVER... LATER NEXT DAY AGAIN MY WHATSAPP CLOSED WHAT'S GOING ON!!!!!!! I NEED TO FIX IT FOR GOOD THIS CAN'T HAPPEN DAILY!!!!",3
871dec93-be94-495e-b903-97ed10159f6c,Please assist.. I've received a message to say my whatsapp can no longer work due to spam .. kindly assist regarding this.. not sure as to why this has occurred,1
f66d6620-37bd-4907-8754-2e94d87aa8cd,Ok,5
29cf40b9-7481-41e1-94ba-ab234fe8388a,remove meta useless💀,2
b01c8412-8c84-40d9-9f12-c507e7eb6021,Wassup is very bad but I still rate full star,5
990faa18-7238-435f-905d-37be2daf993b,I like this a WhatsApp Messenger it will get more than 50% of messages to me,5
eaea56eb-d4c1-4738-8915-a145865da2f4,Well I'm in Dallas for the whatsapp for my business and so on,5
bf4d5761-8ec8-441b-bc0b-a1ff7a33b0ca,WhatsApp is very important for everyone.one can't live without using WhatsApp.,5
83ce0351-51bf-43b9-ac2a-85467c3267d7,Unsatisfactory,1
67db1cd4-f829-4155-a695-6acd6a6dc0a5,WhatsApp Install,5
85ec22ef-3033-4be2-bf32-aaaaecfeeb56,Such a good app,4
41bf7985-67c7-42d6-b20f-e76ddfdc7d9d,Good,5
a731805c-25e1-4122-9c53-cbeaa067701d,Good,5
6259b6cd-bad6-4067-8ff1-e74a641040d0,Nice,5
5c902814-cdc3-438a-86c0-21714675f22d,Great experience,5
e07cf0bf-fd19-4934-8b77-431f6ac77e4f,It is very good app,5
ea7816c5-346e-4035-98b6-6a64e35e0752,🎊,5
62cef907-b2af-4e77-8691-a9da651e421d,meta ai not showing,1
befe9cc2-7775-49e0-b850-57b7874ca813,Nelopakther*738#,5
2cdf9b08-fb00-4666-8907-7929ef9847e2,This is actually so good 😊😊😊😊😊,5
b3bd4897-ab75-4ecc-8071-060751fcac00,Hello whatsapp team Iam so upset about my whatsapp issue Need your support please iam facing This problem You need the official whatsapp to use this account even iam using official whatsapp play store please help me to fix it as soon as possible because it is my business account,5
87b4aba6-c8ec-4b64-9852-b82d0f323692,It's good and developed,5
958f264e-e87b-4d08-9e1f-0fd34be9c819,Not working,5
849f2033-c151-4195-9e1e-077dd8ab75e3,Xigf go,5
065d6a80-0202-4b1c-910e-7cf8242aa761,Like,4
c107f0a9-80f6-40fc-b525-13b4c460a8bc,Very good app,1
0d3939ef-fb41-4617-8827-b1f999075596,JABIR kasaragod,2
fa49689b-d2d3-4146-b3f2-61feb0c368da,Nice app,5
15dbc576-a494-4556-abc4-662322a47375,Good,5
9b4a84f4-8555-441e-97e8-2772db3f802f,I have problem of verification about my number,1
7a61b2bb-5b58-476c-85da-384c95a31aef,It's not right anymore takes long fir some things to work,1
e9761faf-eebe-4978-9889-0c0b006a923d,Nica,5
1a4586e6-4331-4977-8a24-7d82d203fbdb,This is bad app,1
008b0466-aefd-433e-a8c0-745c40ee1be6,Please mera WhatsApp theek karo,5
b2ed3305-6c13-40dc-8875-a602a095e47e,"I don't know why that meta AI isn't showing in my WhatsApp, it's a bad experience I'm having.",1
f11504fc-f178-4977-a7b5-5023ab78ce45,Good,5
ab8e5ec2-7982-4768-a258-ec378254132f,need zm,3
319e0159-d7f2-4204-b77d-5a449c2c59d9,I love this apps🌷🌷,5
77d176bd-b8d1-49a2-b07c-db989458ee9d,Werk plmber,5
ce08034f-4ae1-478f-9c79-fc5b63f16ab2,Very good app,5
b66f452d-b6dd-4218-86c3-9e6ef7807bad,I love this,5
08ea6367-82af-44ce-a126-766df14dc63c,🥰,5
b8a8555e-705b-419b-8af2-96667d15e207,Gfgu,5
1ac2733b-1f70-4927-bee6-47ec5a5f2047,Great Excellent app,5
b44a202a-d178-416e-9019-f1e788f4c325,Good,3
22ce27d9-22d8-429e-a7d7-062e8b7c7ccc,বিশ্বজিৎ চন্দ্র সরকার,5
5b0247fc-7db2-4146-a208-72ecbe3b5434,Msafar,5
0c31a2c2-db7d-43a8-8f11-1ccd0c1c7c4b,Koshal,5
3bf3855d-4dde-4b2c-b161-09f427bd8091,The downloaded apps can't show up on phones back ground. What can be the problem?,5
85078563-5072-4aa3-847c-fc9af426f8bc,Tha life is One &Only Favorite😍This app👑WhatsApp😘,5
b88bee83-0508-464c-885c-d98201673509,Good,5
c50c9042-8577-4376-9d4e-dd29132569d7,Thanio,1
758468c1-bd1d-420c-81b9-1a9b552fb276,Whatsapp is the best until they decided to deactivate my account due to spam. I'm a private/personal user who only engage in conversation. What other messanger apps are there?,1
aa793b4b-f7b2-45ac-8882-27c5326d140b,"WhatsApp Messenger is an functional app that are more important than knowledge of the students and their are more connection on it ,for example you are in Nigerian and you call some that's far away from likely maybe the person is in USA you Do video call with many people. how much you are ,you are going to get the call chat with you babe 💓💓 i really love WhatsApp Messenger was very expose and experience to the country or the state. Some statement are receiving invitation emails from WhatsApp",5
eb0696c0-8b53-4ffc-b37f-da59e2df260e,Acha,5
4662b82b-25d8-4135-a3a1-09f398a4ba56,I have best experience. But One it automatically logout and when I login i saw all the messages are deleted. Why WhatsApp?,5
96be108d-975d-4832-95fe-59a7df8f5d76,Many problem. No solve system.,2
994f3c25-a96a-4f7a-a3a3-9f679b3e9516,Good appl,5
5e9743a0-59e0-4ec4-a953-b380d066728e,good always available,3
a76839f1-78a5-4414-b39d-c9c9310a2140,What's app otp not coming,1
17fe1d5e-c22e-4798-b084-e611d55b43b6,The best,4
d36b1838-0ca6-4b0c-ae10-3919e4ba7b0b,Good,1
3fb8adb8-5328-4302-b888-537a4417591d,worst app ever the voice message breaks in the middle of recording and mostly sent empty,1
41726ab0-7c7d-43d9-8fb0-534f52342b5a,open my WhatsApp Please,5
425905e8-9d29-438a-a159-227853a854ad,Why my whtsapp cant install,1
3b776c1c-9928-47d4-9ae3-56e662bb2a96,It working good,5
be0ba73d-f682-4009-bd20-c9de52e1f307,"Why is everything automatically set to ""one time view""? I understand no sharing pictures from the app. But i should be able to see what pictures I have sent.. if give it 5 stars if this stopped",1
41c5955d-d671-4fd7-a41b-951614fef0a3,I liked app,5
1fe9c05a-8ac4-4a64-9b3a-35cc5850d4af,Good app. I like it ❤️😊,5
e2ad1fd6-8226-4fac-8c2b-9082e9238f0d,Nice,2
99ef5ed7-4827-4884-b706-b3567f1cb84e,jai parkas,5
4ff50235-3bd1-4729-956a-f4a519b9fbc1,تمام,5
14cf7dda-33e9-4e5d-abfc-3192ea444219,Meta Ai is awesome👍,5
2bc40a69-88d9-4b52-a2fc-7b18fa6fad1a,Good to Use,5
4e6b7cdc-3cca-444f-9107-50fad62e54d6,I request plzz my whatsapp account is band i try many times to solved it but I have no solutions kingly help me,1
c7dd0aad-f9db-4266-9717-42cd168791a4,Rao Gul Khan Block officer of Bhakkar,4
053c6769-0390-4dd0-8c26-109076e68c8e,Good,5
631b6b44-57e9-4546-aa2f-1bad983f2595,In my mother phone whatsApp get meta AI but in my phone whatsApp does not give meta AI 👿👿👿👿 Why can you not give me meta AI tell,1
620659ae-b1fb-469e-adb5-b57ce507b3fd,Dger,1
c5fda61a-35bb-4e05-a828-ae59f23621e2,Good 👍,5
69808d41-ec4c-4acb-a1f7-3aee5e8d5009,It's is best app,5
01c0e296-3744-4dea-a77d-b1f057788536,So much,5
88cf9355-73fb-4979-ba4c-44076d5c35bd,Ausm app,5
8294d431-5ae9-48d5-a72a-37c2b728cca8,Please start my WhatsApp,5
79a091a3-8508-433c-a325-40b0dd229dc9,ম্ললল লাগে ক,2
f10abf08-6166-4a14-b126-49a29731cfe5,My WhatsApp Huck please log out,5
239671be-52b9-4dd3-a250-f759f51c8fbb,Two linked unknwn connections,2
9be773e2-e02c-42af-a9c1-e2c3a3e30c25,Happy,5
3b0fce2b-4361-4992-8804-36ea71531b83,My account keeps getting blocked for no reason,1
9433103c-b7b0-4d3a-8bda-d5c8fd18c1fa,Is fun too message my freind edit - very fun too i messaged my friend,5
fbf7a25e-0d4b-4a1e-9bf2-8273b48aa079,mujrim.salat,5
5a6f9335-aad6-4135-8d3e-898d0502adec,Nisha yada,1
770ffd8a-6a07-483b-b18b-7651a8cecd86,Jiten Kumar,4
543f4fd5-e0eb-443b-9f4c-003099cfd1cf,"This new update released all archived messages and it's really annoying seeing messages all over the place,getting notified for what you don't like but can't leave the group or reply,please bring back the archive😏",1
7ef18f91-8dc3-4f52-8529-8b7aa0b41135,Not helpful at all,1
c341e243-e493-42e8-933e-a08f3b97396a,"When the download of WhatsApp is finished, an error occurs which prevents it from being installed on my phone. Help me please... Thanks",4
395640e9-9483-4dc5-ba9e-73e480682c1a,Chhamc,5
02e6dd1a-5026-4d0d-89a6-0f4ebf86f916,HaRUaEMMa,4
f9f38d66-ff30-447b-90e2-8ce4228adcb6,❤️,5
80268b6a-7f2d-42d7-8b78-99f84b63d82e,Good,5
8ddd4cf1-82f7-4d43-a8c5-014a676ed67b,Good,5
7a5b3a9e-bcf1-425d-b0d3-aadcf12ce5f7,Amazing app,5
4a0dea03-e7ea-480d-8ea0-d7ae4e16f8c0,abduiwahaU,4
7f2d87cf-81c2-4611-995a-09cae92fe131,I love the app,5
3314c7f3-f3e5-48f7-9b35-2a0b61541154,Bacwase,1
a49b4db0-3704-4b3d-9618-3dbd60fa0d54,Nice App,5
83c6dcac-ded6-4c0f-91e1-c89ba7d8afe8,I want to chat,5
c04938d4-df45-4fa0-bbee-20027c493989,Very nicer,5
c7aded31-2d42-4d32-a75f-ebdb88dbb5f8,"I get banned all the time with no mistakes then i receive a ""apologies our system flagged your account.. Restore your account"" It can happen 3 times a day How can i use whatsapp this way?!!!",2
2eafa8ab-4951-4c01-96cf-bae3613f73bc,Hi that's nice,5
d3361e67-e648-4498-8ea9-61d657418069,Good,5
58c20a58-1548-4755-b65d-8d86122a9700,Sanjeev Jangde,1
7c9dc754-193a-45f7-bff9-f348ddbe5b77,Meta AI not working,1
b134a5fd-cc21-48a9-b50f-b2a17bbab646,Let us pin more than 3 chats🥶🥶🥶🥶🥶🥶🥶🥶🥶🥶🥶,2
1802467e-b093-488c-968c-85fd5c55a631,yusra kabiru &,4
f8f7c23c-3bf2-4918-8db9-5e59b51628cf,Word mat,4
785b8b49-278f-41f9-8f52-01b2c3b59093,Good,5
b4711379-a425-477c-bcca-804b671a7c23,Cawoshi,5
bbcf774d-b192-4745-b98f-d6d197a9a8a4,Good,5
bcd050ea-ba31-49ff-863a-d6966dd29a44,Jacinto José Mazive,5
ed588398-4171-43b9-8477-383480ce9661,Excellent,5
bce57a40-2903-4b16-ac8b-694662d39e6a,Good app,5
f9b75e67-d04c-47f2-b11c-af1c548e018a,good app,5
50ba0661-cb67-4ba8-8a0c-2b6b7075aebb,"I will give it five star because the app is not bad at all, my only worry is that it keeps on blocking my account due to spam and after the review they say they did it ""accidentally""and they do it everyday",5
8e6d3af8-ab63-4c2b-9351-4b90147ab483,This app was really amazing for contacting to each other really good app,5
599dbe05-f474-47ef-99ec-baeae018ae91,I can't add location to my account,2
19a87690-7314-470b-a29f-b6a61cece000,Good to use,5
c7560923-2d07-4bd4-86d2-931f05ddbc19,OK thanks for letting you,5
f830c178-6872-42b0-8db0-9c71d2c0ed23,Salid khan,3
9054b386-b08f-4e72-8d98-8275dc08ac2b,i want you to increase my vedio status to 60 second,5
0ea95332-e6b5-44d8-bc5a-c415769fcc6d,This app is very nice,4
0f008585-c8e5-485c-92e2-b93bca076586,Very awesome App,5
92c294d8-b4ff-4175-a1b9-e98bbdc1414d,May photos quality is bad,1
caf7a870-0ff2-4471-acd5-6e01df40f8d6,I was banned with no reason... your system is down on me,3
e2d9915d-a84e-4ca7-99cf-9fad11d1d6f9,whatsapp is gred app,5
19e4f407-8abf-4c29-b3fe-66c753e93c0e,"My account is getting banned. After the band opened, it happened again after a while. After a while uploading something gets banned again",1
23ee5815-a4d8-4823-a4dc-cc5557b57e2c,Good working,5
a6482951-0236-4a22-a050-67b6a55b8e97,nice,5
cbfe0930-3abd-478a-b489-45c054519009,Crash video on status... Telegram never have this problem,1
56e089c6-4132-479a-af1c-ced1ae311f87,Well for me and family ❤️,4
15641656-f726-4cdf-9cb5-0c59b114c11c,Excellent 👌,5
91813650-8f11-478f-9a0b-a3f117415a2e,Wabudeya. Isaac,5
d230da21-075f-4975-9168-206e409de9cc,Ok,5
666e4434-bc1b-4ca1-b73a-e1a93c143b40,Whatsap.mesngar.insat al L.L.cwhatsap.instal Ll,5
6b9f468c-4594-47ca-a8c2-77a77f62e63d,Request Sign in problem code is showing up please help me,1
e515a4c1-7ccd-49d1-bbf7-69620085902b,Ok,5
c148ea6a-2b6b-4db7-afc5-6b83bf8e4a6d,Can you fix the gif? Cannot select. Thank you,1
0dafb134-6c43-4ede-8390-b9170ec64686,Satya mev jayate .. .,4
752f15bd-1951-4cec-a377-507a8bb9e6bb,This is a brilliant and amazing app 💖💗,5
c391ea38-0429-4327-9449-faccb39a12f3,the avvatar not sending properly it telling long ti sent,3
ea437fa1-18ab-4f48-8624-c228090774bd,Good thing,5
38cf7151-67c6-4069-bceb-f8cae864bac1,OTPh,5
67a17232-161f-44e5-b0ac-d2747c09cffe,Very good,5
87d85917-f16a-460b-b674-13568dc50204,5 star wanted app,5
30d0efa7-f0bd-4203-835b-4e88820c5d92,Am not reserving any message other ways the app is just okay,1
78e1c356-084c-43b9-ae50-13ff5eaf6c54,igood,5
2b3c3790-e597-41ac-a257-e36c3d8fbf53,Very nice 👍👍,5
5d828d79-7468-471b-bb94-85ef57892569,Bagus sekali,1
4c35e544-4bae-41c9-bce3-1172b8ba67a8,Great App.i like it,5
2784a438-8feb-49c5-84e3-3106c4bf2be6,Public,5
7cede21b-6ffb-49e0-9a33-5dba6d1e749f,Kinju Riyu,1
d99b8634-8877-44b1-a413-7268fcad25a9,I m facing some problem in Whatsapp Please help me,1
681720fd-59b9-447e-b310-b5895d672915,Good,5
f851d134-4d5c-492d-9fe9-5b9b1aab1467,Very nice app.... 🥰💫,5
379eb604-563d-4615-b305-308fff18e3ef,Deepak,5
ad9ad342-8626-45a9-a2a0-ef44182c683e,Good,5
641c76c2-de3b-4d65-b929-de6821ef653c,Good,5
b0587622-468c-46e0-8e9c-22cca60140b0,nice app,5
6b92b172-0eee-4f2d-b399-9a93239a559b,8u,2
9eb40c3a-c22f-4ff4-9545-fc7efbe7eb50,Super,5
6645f5fe-9b1e-44f1-911f-7a94483cf31c,Dey play 🤦🤣🤣,5
7af0e880-83c3-4e7b-b291-aaeb1f698761,Super,4
b6bf07ad-17c9-4b7c-b1e7-181d1c6ec251,After updating the app recently messages don't come in anymore unless I open the app.it automatically restrict itself from using background data,1
9dc54065-7d7b-4fa0-ada2-6baf1906a31c,I like this your Aap,5
24464c05-7feb-4e69-8707-bd2b7be52097,I waant,5
9a5c9790-069d-4856-9c7a-b43b388bad49,Vere nice,5
8219f20b-1183-45f2-b983-fbf976cff57a,Love it but it's having a glitch rn I cannot see anybody's last seen or even if they're online.....my last seen and online status both are turned on but still I can't see others' so whatsapp please try to fix it if possible,5
1ceeb722-f58b-4e93-bf20-7ccd877064c4,In App mode it is best. It will be helpful if you could add video call and calling features in whatsapp web version.,5
5e8fdb94-8cf6-4689-97b0-2946b98962a0,Unofficial Whatsapp error solution needed fastly if someone can but payment after work scammers door rahein please 🙏,5
72ede7d0-dacd-4d09-b6b2-229891b4346a,Prateek Passi,3
9b9fab3a-9289-4625-a897-c81d853c52d7,That's great app 👍,1
b99f7880-acc4-4429-ba15-5a119138ee28,Ranaprafp,5
8077b75f-7a51-4e79-a429-fc16685ae7dd,Nicw,4
03f2bd5c-30fa-4e97-bc61-dfc5ed09db3b,Nice,5
fffc9a56-2958-4766-86eb-28cc24f8decb,Nice,5
bd35e036-c8d3-434c-8db7-b8870f1b5c18,I updated my watsapp and i lost all my watsapp documents and chats. Please help me i need to recover them,1
420ac56b-e7cf-4c43-bdc6-9a873102f835,Best App,1
ca3f63f8-92cd-47c9-8d42-9e80f4f55445,This is a very good to me and my phone was on my phone is very important,5
058bcd95-5d0d-4a58-8b4b-25c0d7fc0821,It's very useful to convecate my friends & family,5
c4904314-01a1-43e8-99d0-451ca75951c7,not bad for connection 🙂,3
eb38909d-9f2d-47b8-84b4-fc7672a03d54,If u will download this then u will waste ur data and time But cutie that's ur own If u want then ok,1
71661976-caeb-4a7e-b220-f9532fd26be8,Always been the best.😂🫀💯💍,5
46445498-eb92-4ce2-890e-67d4f98ae11c,Trying to update it's not working I'm disappointed.Everything is gone,1
8467ba03-1ade-41ca-9a29-054816f29436,This is a worst app,1
c89607d4-247d-4bce-a83f-3ae3919740f8,Eveythiny out whatspp is good,3
07be6334-ce71-492d-a3bb-73cd9bbebd0b,I started using this app since 2000,5
b9bf83c0-9ff5-45f9-9a13-2dcc44149063,It too good,5
b3174e05-747e-45ef-9e58-8241daca6b4b,𝕾𝖚𝖕𝖊𝖗,5
b5076361-22e3-4d5c-ad21-38441817c5f9,Good,4
689dc5d8-f295-4b73-bce0-3505c305962d,Very very nice,5
ba2f9e2c-de25-44fc-aa42-1e6df58073c4,mukesh yadav,5
fb04728b-e524-4d49-b056-375126cbdfb0,Whatsapp,5
20fb36b6-3ccf-47ea-a874-f0ceb0c43662,Good ☺️apk and good features are good Thanks meta ✨,5
d2525015-ee5d-4e36-8167-1b740109c8fa,Please maintain your status video quality Very poor quality 😢,3
1f8278eb-907c-4ab6-ad72-c1af2b280518,Best,5
ef918a66-750c-4967-9d13-6ae4e3881328,Good,5
24b7d250-b99d-4bf4-a011-ca4073693cbd,Thank you 🙏🏻😊,5
0c05b1cc-d5e9-4404-ad5a-6595011be56f,Update,5
9aa362eb-1ee3-42ec-ad3c-94f706eaa7fa,Yes okey,4
03c11946-9db6-4f0f-9872-6a93c55ce168,Very good,5
b5c0909f-5dfd-404a-9602-13d6950d995f,Nice app,5
d2d1b368-470d-4a41-99eb-6f6d747ee2e7,Jgji,5
bab43c97-c4b1-4d18-a0a5-2424f829cf82,Please regulate scam account.,1
09df7ef9-5f13-443b-8ea3-7b8617b373a1,To contact my mom,5
0ab1258d-8585-48b5-98cd-fd71a17d4d20,"I'm jimoh olagunju, please never bring any other name to this Post apart my name it's disturbing me thanks.",1
0ad8b601-e0a1-4cd2-abf1-ce8f1fbe2c1d,Bad,1
e6aa3574-4429-429e-8ab2-e28ab5ab10d9,Sajid Sajid,2
80516866-a322-4df3-ab85-ebc413fce0dc,"Please, is it possible to design the search bar to remain visible even when I scroll my chats, contacts and updates upwards? It keeps disappearing when I scroll up.",3
7479de0f-b9a7-4347-b759-2bb1ffb5dd30,Good,5
d4c40f1f-c11f-431b-860b-0e35bb2397ee,Ok,3
bea01475-60a1-47ed-9722-fb26b184f165,Good,5
dd6ce2d3-aee2-4db8-88df-dde8bde98c0f,Very slow in sending code,1
7cad67b9-414b-41e6-a56b-b7484151eda3,Slow,5
3c5b3179-c5b5-447b-bec7-5a17bdda4f9f,It a great App with great quality,5
f13f670e-b05b-490f-b957-bd38c624f6b8,Good app,5
8e861c76-6d8f-4961-b49c-aeefd24f9fc0,"My WhatsApp this days hanging due to large message. I would like WhatsApp to Create a Category for Chat and A Category for Group messages. This would really ease user, especially those who have 1000s of messages pooping up",4
14d7c0e8-3ffa-40f6-a031-6bad3f240ec6,Great work 👍,4
b171b829-acef-4805-968c-f1b41015543d,🙂🙂🙂🙂🙂,5
1d3aab98-9812-4bf1-8a78-633ac240204b,Ok,5
dd0310b2-6fd4-46c6-ac7d-6b71e9d1fde0,God is Good all the time,5
d8eb6868-919c-475d-984e-6349eef3e4b6,"😅😅😁🔦😅😅🔦😁🔦😅😅😅🦋😃zzzezdzzzZZE*3**#*3**,*,¢**3*""*****$*xdzzxxzesz,ozzdszzZzsz,sczds#s",5
d2e6429a-f1be-434d-96b5-bcda3eacd847,It doesn't install,4
3b7dbd5f-437f-4d80-bd45-59880aec4fe7,Sorry 😔,1
19495a04-d585-4607-9845-a1830a0c352e,Very good,5
4ffbb851-f677-4c80-9dd9-eb3b3503d542,Good app,5
17fb5095-6f53-45a8-8e8c-97eadfcf94d0,Very interesting and increasing app,5
d89b577c-ea02-4d85-a1fd-231b8dbf0f61,Wow app is great,5
bc7498b4-a130-41a8-9de2-e9c80b59103a,Anshok nagar,5
0b93aebc-169e-4fbe-9c7b-0b59d9c8f332,Good,4
a70c9f84-4777-4f33-853a-75515906cc30,👍,5
d4ed4686-e2be-4568-b173-a318a62aff87,Good quality,4
d775b41e-6ed5-495e-9897-b3277a455a7d,Thanks you for is Whatsapp,5
90bbac0c-e96f-4429-ac80-4fffea1bf8fb,Good,5
f9180766-f8bc-4bd5-81b9-bb88ca12bb38,ishfaq Gujjar,5
6a183670-c23a-4c32-9617-df08abaf34ea,Gatau,5
075c2c4f-907c-4bb2-ab4f-6f72f9cc01fa,I have updated this app more than 20 times But the new version I'm seeing in other people's phone isn't visible I'm not enjoying it No META AI No status update,1
f9ff0453-2e0f-4562-ba5f-e1c65a61b7ba,Good morenig,5
4099f507-bf86-40de-8540-cdc6922bf146,Good app,5
8db1da1f-1251-4ac0-b618-81268283ff9d,"Wow the app is good ,buh I'm having a small problem, it's not receiving calls or video calls even if I want to make a call the person will just see that I'm calling them but will not be able to connect to me , at first i thought it was network but even if the network is full it doesn't connect, please do something about it, Your app is very good and easy to use I give you 100 stars , thank you for your app.keep it up",5
6cdfc891-463a-4a1c-9349-44f43c600a1e,Whatsapp is an amazing app. I wish there has to be an option whereby group calls can still be put through even if the members of that particular group are more than 32 people instead of making 'voice chat' the only available option after the group members exceed 32 people. You can make two options available if group members exceed 32 whereby admins can ring all group members at the same time during calls for meetings or send a silent voice chat notification. Best of luck,5
8642a223-f20f-42ad-9199-152c8aef4b31,It Sometimes makes huge junk files!,3
4f58a7f7-103e-4f35-9f08-53cf468ceea9,Wowwww,5
33e3e117-0587-46c6-b7d4-e0aeb01107e5,So Nice,5
cdaddeab-a078-401d-9b3a-5269a2b0a7b7,Watssap IS very important,5
68e1ff4b-2741-40ab-bbbb-93f3229bddb1,Good,5
a48eaa08-d9a5-4be9-b5ca-7c77dd636d04,👍🏻👍🏻,1
c52a4350-05f2-4002-be2a-7eccdd4ab81f,"Disagree with privacy policy 2021, shifting to other messaging applications that provide better privacy with E2E encryption and no third party companies to access user's data and personal information.",5
fae64368-97f9-4599-99e7-1bb6c9d51518,nice,1
53953d9d-70a5-4471-b851-8e3308b16658,riridwiwieds(₹2844(82(44(jaws kugyjtee2(& skjygng,4
5220cd55-69d3-4168-b533-58776bd210fa,This product very good,5
da542a8d-460c-4cbd-8bda-dfba6014d347,Love this app,5
ea8cd4e1-3da1-4a55-923f-096633018a90,Anytime issue WhatsApp the very bore,5
4f06e04b-3e44-4922-9b38-537c62b928f6,Great,5
c17becbc-f051-41af-b549-b1d1c03763a9,"""WhatsApp is an essential app for me, and I use it daily to communicate with friends and family worldwide. I love its simplicity, speed, and reliability. The end-to-end encryption ensures my conversations are secure and private. I appreciate the intuitive interface, group chatchat features and file-sharing capabilities. The app is constantly evolving, with new features like video calls, stickers, and reactions making it more engaging. WhatsApp has become an indispensable tool for me...........",5
d87cbe8b-055a-4e7d-baf0-550141c4685d,Tanks for wahasipp,5
1679a392-4d8b-4f46-91dc-91b744207974,Mera whatsup band hu jata ha q kiss liye,5
249cfdc4-9e80-4041-8ea0-4fc0e29d3587,I love it,5
fa469eef-521f-4843-b4a8-b6690c9ef5fd,Help my whatsap number is banned I am facing a problem '' whatsap this account is not allowed to use whatsapp due to spam'' please fix this problem and return to reviwe my whatsapp number i have not did anything against whatsapp policy and rules. I am sure that my number has be banned by mistake please rewie my requst . Thanks and regarde,1
cba2c5fd-6d67-43b0-a413-a8381e781605,Best Chatting App ever.i love this App. very Cool,5
fa8bc162-ac76-4ab6-9ace-542342ae02ce,very nice and you can talk about this,5
b6f5dea7-d26f-4017-a0f6-350bf31772d9,Great,3
0d704360-69bd-4a72-8c14-468c9b8ce74c,Good,3
0bc85896-b7ee-4289-8f5c-bd922ef4d8ea,Good 👍,5
d04235bd-f63c-4333-963e-fa55105bf625,Satvik,5
70ab715c-bc64-491e-8527-6dba6d0e346e,Good ai,5
55f966bf-3594-4530-8e5c-8e8279963d75,Good,5
088c8ec0-7b83-4bf1-a5cf-6bd9e821b8bb,Fun experience... Love using it,5
d4956764-7f36-454f-9d75-f7e3449f957e,WhatsApp main,5
e2c196dd-6304-478d-9ee0-2d1d411611c2,Without any reason they banned my account,1
405c6445-60d9-4f26-8a4a-a966dd38968c,Served as a teacher in a reputed school but no pension.,5
8770902d-562d-4d85-bb57-ffe96c87b7c8,Good,5
e7df0d58-176a-4ac8-8fed-ebb2c4ab058e,EKEMERIGHE GOODLUCK,1
d474fb23-d019-4300-a5fb-679c028d9c67,Rikavri,5
14f405d3-fa66-49f8-b7d9-ff6323d65180,Good,5
723eff0a-e92f-477c-aa4e-1a8f372d2679,MdRajaq,5
f08402ad-3c08-466b-99bc-7185816f63cd,Niyonshuti olivie,5
e666fc06-4e2d-4b23-89ea-580cc1db1c91,J NJ नी c? M L😢,4
ae3095ed-83e1-4c83-b2d5-4fd4ff084512,Umalkhayr,1
26fedd6e-b08c-4d6c-bb1d-8ace8913223f,Good,5
fe6373bd-efe5-41e9-ba87-3efc342b32fb,"I already have an account but my whatsApp is not opening, what should l do. Please i need your help",1
4e156dbc-647f-4065-9fe1-0f310cca48be,Nice,5
46da22fa-a76d-47df-bfc5-41e0bb8ad53c,good i like,2
145256ae-7177-478a-a03e-05eb29eb29d7,3&&ex rim 3rd i8) o /code ml r/&Killin Wm love lemme k,4
c53b789a-a641-4ce3-a875-55d8626883ae,Fii,1
60443111-3158-4642-bd48-943bbbeb7fb1,Nice,5
407e2488-1a88-461f-adce-28e888883f5e,Good,2
aba25aee-3187-47f5-b7d9-a4ecf12f62e5,Chat with my family Members,5
3cc14d86-efa5-4291-8e17-4d11abbd184a,Good,5
002acb6e-385d-450f-b12d-d009a7826f0d,I am unable to download this app what is the problem kindly,5
696e3a72-bfa3-42d0-9e37-a1aac9348c86,Add some new features to make it epic,2
6b764a78-2996-4fa9-93ac-30b0ca939fda,Huzaif dhaikh,1
c283a0c2-350c-4828-bc1d-2ba12d23f3aa,👍,5
506be53a-bcba-4455-9efd-c597474421ba,Does this app have file sharing,5
2de9786e-ea8b-4156-9a23-9f6a71e0aeca,Good,5
5165f13f-6739-454e-80b5-85c4f483a6a4,Good,5
340a3024-70a6-42f1-bd17-ace729821023,"I have been using this app from 10 years now. It's serious issue from last few months. Whenever I receive a call or voice message, phone screen turned black and I couldn't hear even a voice message. Is it a spasm or something else?",1
e5c8ec22-f670-4727-9ac6-426011d097eb,🔥🔥🔥,5
5b48972b-5ec2-49be-9f4b-8c32c8f6bee2,very good app and nice working aap,5
93820568-f149-45f2-a504-0c5882b3f3f4,"Obviously what's app is one of the essential app for everyone. every upgraded version of it, is provide super experience to user, Thank you WhatsApp.",5
7b8f99e2-eace-4089-baf8-03b769e52cf7,After this upgrade. Should be reterun to the old theme of calling We can't see if it s on call or calling or ringing while receiving notifications,2
2a22ddf9-9358-41e5-a855-1562c410889a,Good,1
f4cc9da5-f204-40d6-a8d6-02d583398aab,"Used whatsapp for over 10 years without any issue and suddenly received a notification that its blocked. No real reason given just system generated massage ""violation of terms???? Can't reach support at all. Years of information lost.",1
f64afac4-bf02-488d-8232-e7ed6c01afbb,Nice,5
06fd054a-f209-42d4-a5e5-c0fffdd245ae,This is best app.. But lot of bugs after updating whatsapp.. So my whatsApp is lagging in my mobile after updating my whatsapp My WhatsApp second number banned in wtsp..so plz unblock my number,2
dfcb998e-2a18-492e-8d87-a051160ff9d9,"Whatsapp is the best app through whatsapp we all can send informational,massages immediately without whatsapp nothing",5
db6e3b79-7292-4239-b3d7-03576097317c,nice,5
8345271b-2479-417f-8bca-60ff39bc5fe8,Kajal Bhagat,4
9cf5a165-0894-4dc5-9d78-d35ddf64273b,# nice :),5
147140ce-e785-42ac-93e0-ee1c83f55cf8,I can't login to my account it's showing that my number is not verified and it's showing me that I need an official WhatsApp to login,2
b5dd1844-ea49-453b-886f-bbfa49abaa8f,Abc,5
17c1f50a-62ff-4786-a82c-fffb3ae7c662,Cannot recover all chat logs when changing to new phone DESPITE having them backed up an hour ago.,1
f4717ba0-957b-4272-9631-fb29cadd7782,Very good,3
9b8cdb1f-7de2-4c02-9171-b9416caf1802,vijay Rathob,5
ad1df2cc-300f-4ff3-8200-41e1488a1ae1,Great app for qll,5
221520ba-9479-4a75-9b3d-c4e6901314f4,Pasichal,2
b3ee4977-2c65-40c3-acc1-0b33adcd7dd4,Aurangzeb,5
104e4c41-5871-429f-9230-aa968780231f,wattsapp didn't login and banned my accoun,1
e39064ea-bcd2-4d44-a615-5b44c0b65f34,Josephansumana,3
e6c37044-3fb7-4548-892a-fcc795ddfd78,Sunaira.alam,1
420b43db-12d1-4c15-adc7-d244d350b890,Good,5
611b21cb-46d5-4306-b1f7-e0d28673c623,Message,5
f764ac96-9da2-48cb-894f-dd747f00ffca,Good,5
7b795c22-e4bf-4112-9e7f-70cae1954630,Vip appdate,5
122cfcdd-768c-4bbf-963f-98ea49dc299c,I want to mute a person for a year but I can only mute that portion for 8 hours why,5
98cc6436-bdf9-4ff4-ac43-0c6c6176e8f5,Just like wow,5
3935bbd9-05f9-423e-bc12-b7561af7fea1,. . . .,3
36ab75bb-bd3b-498d-9447-c28bc9fb8928,Wat is my problem,1
2a7c7f5b-93ec-4ac1-aaf8-5eb8e8f8ece9,Wow super nice Wow Wow Wow,5
42643395-5b18-4389-bff1-b45486f9d913,Very nice app,5
480894c2-f2aa-4a8f-84a5-990ebb7cd861,Not open my whatsapp,1
95042780-c14c-4774-a23c-ce6cc7c5f5d1,Excellent app on earth,5
f7fcc95b-6743-4ca6-b3cd-97cc3a436ca8,Yev. Fine,5
eff576c0-3dff-4508-9a93-a452db3ebc81,Very amazing,1
85f07e7b-969d-4c02-8543-6365ef9ebbce,"Don't want to give 1 star also but there is no option, after changing my mobile I'm not able to login into my WhatsApp account, not able to register my account... Always popping up that wait for 1 hour, wait for 3 hours. How much time do WhatsApp need to send an OTP for registration or for verification. Very disgusting app.. please change the process of registration or else make it simpler. Not going to use WhatsApp now on",1
f11836b2-d437-4adc-9317-18cfa8a5bf9d,💕❤️💞,4
2ccb7766-a950-4f41-8135-71c52b36b96d,Nice,5
7e103ff3-44d1-4c46-be12-808478fb35f4,Yes I love it,5
b8bf5ed2-35b7-4308-b994-45dc46e053c8,Ok good understanding,5
b05d06d1-dfc7-4274-882d-5c0683b64889,Union bank,5
c3479b81-197c-4446-8cd4-32e4300475dd,I'm vary satisfied the service..,5
76f6ada1-8f9b-428c-8228-2daa0b6f31e2,Kartik,1
070a4d7d-afb6-4a5e-b69f-74ff5bec2d78,I'm able to socialize with people that are far away from me,5
f330004a-6b8e-42a8-ad72-234f5bea17a1,🙏 ===+,4
5e36c640-a7f4-4b0e-8dd1-1653ed34cd24,Nice product,5
eca78fb4-5ed5-4063-bab1-545ab00156e8,Fantastic 👌👌,5
353034ca-6341-493e-bfe9-f3dbb50483ae,good whatsapp,5
4bc29fe7-66f6-4e77-b4c7-86b3e63a3969,😍😍,5
9f8cd8bf-aa3e-4e3c-9425-3329568e97bc,nice,5
b3765a54-b193-423e-9103-0517c2b26ad2,👍,5
bd244867-923d-4fea-b38a-511fa0b82b9d,Status Sharing Quality is very very poor 👎🏻,1
78daa78d-13f6-45e2-b320-8db3c06a9dbd,Very bad app they banned me😭,1
50518ea7-e4e6-4ebe-9b69-37cf6a1a49f8,Free,3
864baec6-1c0b-4bad-87b6-bd5bd15b53e0,Ok ai,4
f22a9e93-c40a-4110-a98e-35e12b7f0aca,Nhi haru,1
630e17d7-e8c2-4cd7-bd87-f580c3794f79,Nice app and more future,5
18a41f38-c693-4713-accf-b8a2d262f817,very bad,3
cfdd6b94-28fb-4aa9-8242-4603b6a6b2a2,good,5
1024c2c8-4f9e-42d7-bf65-80521847fdf2,Very well,5
39519a7b-bb2d-4a5e-bbde-67c2210f2cb8,Surojit,5
c4d35889-1bd4-43e8-b1de-4252ab17754c,Awesome,5
d477c698-81a7-4e03-9265-dc499e25b09b,It need my,5
8710fc6f-dd30-41d6-8010-5967827a1f5c,Muhamadullah khan,3
8e9560df-800b-440d-9cfb-173d6c006868,Agrofarm,3
abdf6be0-c101-463a-838e-1bf09a5afa77,Good what's app good. I will have,5
22f37adb-d3f7-48f2-b3a3-45bbc3c9d6de,This app is very helpful,4
827c63ee-af09-4dff-b050-3f54e94c233b,Is useful 👍,5
cc954e8c-b55d-4d80-bdae-df4d81e81f69,It's very fast and quick,5
5d7452b1-e326-4c26-8320-63b23b9ac17e,Please help me open my account,5
2ce94494-bc7f-45bb-9d9e-a03096441714,Nice app,5
9c45531a-ce04-4c18-a33b-b41e8b14186d,Good,5
4bfe3303-25ef-459f-966d-cf2ebdea4b6c,This is the very cool and champion app,5
7bde94d3-abe3-4f81-9845-728ce9bc7591,good,4
a5730b63-6871-4d79-a0f6-e1ce9e8d6658,Rithvik Sawhney,5
f115b0cf-b58e-465d-b29f-2271f9e6887a,Few minutes time in online,5
8fe17acd-e3df-4daa-b605-c5d76fdfd2b0,Best Messanger app .....,5
5b4ac386-049e-48aa-ab7f-1f398adff18d,Assist me please. My whatsapp is not installing.,3
1a51112d-e842-42a5-a885-a8a8d91b1bb2,"So far I was very much satisfied with your services, but now, I did not understand why you blocking frequently my access to your service? Please explain me the reason and if I have made a mistake, what is my mistake? Thank you.",4
35885634-f37d-4a7d-97c9-8627cf7c8c06,good,5
01c048d8-e0bf-4143-a02a-f2f5731b214d,I was told the device isn't installed in my phone what does that mean,1
7df9c23b-414c-49ef-90c2-3f6ee8661acc,Pls help me correct my WhatsApp paragràph mark,5
0afb003d-5681-41d2-b996-35d97354783d,Rahuikarkaria,5
8c6f2e86-67b1-43e2-aa7d-3fb3fcf45e0a,Good,5
757f148b-3f55-46d4-8f4b-edd6b0d1dbf0,excellent 👌👌👌👌👌👌👌👌👌👌👌👌👌👌👌👌👌👌👌👌👌👌👌👌👌👌👌👌👌👌👌👌👌👌👌👌👌👌👌👌👌👌👌👌👌👌👌👌👌👌,5
5c43acb4-7945-44cf-88cb-e38207f2c32b,After updating WhatsApp it is not working well When I turn it on it says whatsapp has stop working. I have android 6.0,3
dce4fb69-959f-4b07-b170-0d36930819d8,"trash app , its AI make joke's on religions",1
3ae75f26-c5e3-4a0d-9db9-a9e719201803,Very nice,5
4072e983-a4e8-43e9-949b-8c372809eaac,Hi Fufiffk,5
2cc2b082-aa3b-4047-a429-007427a69fc1,संतोष कुमार दामडीया,5
5115694f-93bb-4c21-b253-1820ae32648f,I want official whats app,5
de4206d5-29b1-44f0-89da-72e5d72e0dbc,Vivo aap open,5
a43955b0-8c6a-4df8-972a-de6b7c1f5dd3,Message Notification Delay😐,1
06cb8d6b-1d45-461d-a286-72ca4c080e3e,good,5
8bf71b31-765b-41b4-83a7-eec25a988673,Am so happy use this app,5
721b1241-0766-4f4c-b98c-58f2efbd1bd8,How to update whatsapp,5
6c1d8f3a-7d87-4bc3-b346-48bb46fb3166,Good,5
0030416c-d284-43bc-b4f1-e590cc47b1f9,Poor,1
b55ae06f-d527-4181-8128-a48030525562,Very good,5
bdd45998-da3d-4a99-bc59-d18ee30a5e95,I don't like updating apps that is useless 99% of time,1
fbd73dad-426e-4b06-b2e5-1eb3122d4153,Samne s uska msg nhi aata . Lgta h koi glitch hai 😢,1
96035d33-84c3-4408-83d5-381514612a90,Brajesh Kumar enterprises,3
2505ed6b-44aa-42df-ba25-545c99123599,Nice,2
1cd2e0e3-ab30-401a-88eb-646233291428,Cool Nice,4
122b3f40-b485-4e94-8118-f0e07db79c3f,Nice,5
31622bff-c00c-486f-a112-3c93dba70f6b,Yeah,1
4ac9c39d-364b-444b-8161-3f4ab9c0be34,🐥🐣🐣🐥🐥🐣🐣🐥🐣🐣🐣🐣🐣🐣🐣🐣🐣🐣🐣🐥🐥🐥🐥🐥🐣🐣🐣🐣🐣🐣 shdbsgjsn coz CCB nigh BB gaj BB vish Gund Shah BB BBY BB BBY BB BB kkkm bf bf bf BB BBY bbgbbg bgbg bgbgb g bf g,5
29f9d167-02cd-4588-9ec2-c5243c58f7e8,Whatsapp muber,5
92a50c07-3f43-4cfc-80ac-51f998aa1eb5,बाबुलालयादव रयान में,5
606835ff-eb91-48be-9390-6accf8d70573,This is so grat app,5
284e26f1-eabe-43c8-88ab-9ab120d3d92e,So Good excellent,5
2b79e6c9-6b61-420c-8c59-cc5aae9cbaa2,i love this app Becaus it is good,1
3e2f2957-de94-4592-b02d-9918d11ce756,Meta Ai is not available for me,1
1ec1556a-270f-43a6-a879-b763cd3bc862,Marketing Strategy,3
aadedab4-622f-4afd-9371-6e88af2ed6e1,Code is not coming,1
9aca8d12-fb25-48ac-b703-1fc7c77e0539,The best app ever,5
030a64a9-8ceb-4c6a-aec6-2a7711e30c48,Good app,5
c45f3374-7247-4524-80ef-dd90a379ef17,good,5
474f9e77-e78f-4cfc-9cd7-d1a49c547492,Install,5
7919fc2b-53bf-4927-a2a1-cab15c9290ae,D..KYY OF WEEKS AGO I REACT WITH THE INTENDED,3
8f48836e-00a5-4dbb-a920-bce5270024c2,Very usefull,5
9b11bdc0-c363-41cb-8136-8ac31f4aa77f,Plz launch the what's app lite,1
fc4f3704-a1d3-4373-82b8-f4430e46286d,Excellent,5
090a8b5d-6248-495b-b3e8-99a14dadf436,good,1
840b7deb-1981-4b50-b2ea-e7b6d12edaa1,I like it,5
2e53c65f-9b74-4f05-982b-20e07e100e19,Please mera what app hojaye,5
371583e1-8aaa-4f3c-ade0-a01cf1b1387f,Good,4
e89c7b6e-5bed-4e14-bc9f-b9f11a9ae138,WhatsApp,1
e787cc7a-6360-44d4-8f29-d0493185b675,Bestapp,5
af5383ae-c9d6-4ece-b564-7b884f335019,Super,5
998d9e91-543e-43dd-8704-ff61fb9b0021,❤️,5
ba2535ac-5309-484e-b018-7655ea2d399a,This app is very good,5
12af9e0a-5cc0-4f18-9374-ed3a2daf357a,This is the best apppppppppp,5
53e4342e-72ba-4f5b-b6e3-263f44674b45,Excellent,5
12467491-586f-4386-9e30-b53de38214a9,The app is bestest in the best when can easily connect with our friendd and family members in all over the world,5
9361685d-8299-408d-b749-ccf31169af01,Best,5
9986d5e8-e9b1-4244-8ade-e17d9387e08a,Very good app we can talk anyone with full security,5
1160318f-1e79-40e8-bba5-99e84bb2ff24,King sonu,5
965d74f4-f8b0-4315-9cdc-b5a64d9c448b,Sajid Shabbir,5
23a9a678-97f9-46d2-beda-27486bf3b06f,Nice,5
29f96758-bc01-49e4-9c80-b3586634dd03,Good,5
2ce7aec5-7da3-48ee-a72d-4bfd68f6ef54,Amazing,5
b65255af-3889-409e-888b-98f69505281d,Can you make it able to be used on iPad with out the web,4
7032518d-734d-44c4-97a9-4ae020ab0199,Very nice app,5
4aeb281a-f0bd-44e0-961d-8f3cffa93e27,Giod,5
7f5ac8e1-30bb-49b3-9a5d-3cb092ff4f15,Yuotube/youtube gely mucik vidio mucik nu lai e,5
cfd0647e-8394-4a13-8fe9-3d25898e92fc,The app's User support is sht i mean you keep contacting support on mails about app crash or anything and they rarely pay attention!!! I've been facing a whatsapp crash bug I've been trying to contact the support but they hardly pay any attention and mostly say the chat has ended!!! I'm annoyed with it I'm never installing this app again,1
5b957193-bf80-407b-9a2a-d47c7fe8efc3,nice,5
350e71a4-f53d-428c-b8fc-85de1f889efb,Nice chat,5
cd1d8489-7d88-4b0f-82e3-42beb3c3182d,My whatsapp problem,5
e17adcad-be55-4b80-abd3-544c9c631aea,Meta AI not available in Motorola G73,1
069fc931-36ea-40ec-9857-b141f27f8be4,My WhatsApp not working,5
a6e8cfd7-5123-47e0-b6de-a22e71520357,Waiting for the download,5
d28e4f62-b896-4030-a408-be8499b54b2a,U block my what's up account,3
eda9ec5c-9d6b-460f-868a-0f2d4f02189c,I love this app,5
3d4f4e16-a42e-4abe-95fc-300bff2d8545,Perfectly,1
784f2ffe-508a-4e48-8e27-fd1821c7da5b,Is doing rubbish,1
7689a2a2-b2cc-4496-872e-bbd9223cfdf4,Great,5
05b786de-e6b7-4bad-b94a-b3e9ba0b0cf3,"অস্থির সফটওয়্যার, It’sapps isvery informative and usefull",5
6e447fab-4a00-4794-8bf2-1247e110904d,Good app,1
19c40034-58e1-49fb-83e6-cf24a5548a2f,"The app works just well. However, I have the following recommendations on future updates: 1. PROFILE PICTURE: Allow users to save profile pictures. You can enable privacy settings. 2. VOICE CHAT (ADMIN POWER): Give the admins powers to end a voice chat even if they didn't start it. Allow them (admins) to mute a member during a voice chat session.",4
8d66c1d9-556f-47cd-b800-b03829dcce9e,Nice,5
f1c4e6d0-d961-43a9-a7eb-e08cfe005581,This is very useful app .I just love it🥰,5
c6d77761-908c-435f-b710-4139e7819558,Thank you my account is restored!,5
7e5c7ea1-d06c-47d9-8191-d80f4be2044e,Shama,1
c39ae71e-b1fd-4010-932e-402aa9aa3bed,WhatsApp,1
9c2f4cea-7530-48df-9896-b2e7b72cf1bf,I'm tiecher,5
73a1c671-2534-4faa-bac7-c26af5935688,Great,5
81a5d403-6481-45ae-8bc5-ee7c8a1c4e05,Nice,5
a2a9bd15-3656-4882-84e1-f8823711fea5,Very nice,5
aecfbb09-1a08-466a-ad0d-67e65cd1fdac,Even my whatsapp is updated to a latest version i didnt see the feature of meta ai but many people have it this is why what is the problem to me to use it ?,1
4424634e-11fc-4c7e-bade-6f8b85f11ed4,I am trying to start my WhatsApp app but I am not getting WhatsApp OTP code for six days neither through SMS nor through call me service I tried a lot but no use I am sending you its screen shot still my problem is not solved please solve my problem thanks,1
20020acd-f361-4a1d-b836-ad50feb653dd,It doesn't work,1
dd8c5d57-a3ef-48f9-bdce-611d88271879,Status blurred problem,1
958211b9-1fc6-4f8c-8e27-7966301f6b4e,Keeps saying download after downloading.. its a waste of data,1
fff45e4e-1fc3-4de1-88eb-87d84ed69fb1,It's very good,4
b9df1d3e-bc9d-4e05-aa48-2024c0a6552c,Wow!!!,5
ed16f060-a0eb-46eb-9f45-98b9d4ebba97,Good appreciate,5
d731cd82-253b-4ae1-8869-ac2bb4128ad1,Farjana Bhati Reviews are public,5
c92a5eb2-6852-4a98-a43e-4a87b6aa9685,I am downloading whatsapp from Play Store still showing you need to official WhatsApp for login. I am sending email to help still not solve my query.it very bed experience,1
700587b2-aaa4-4b6a-ab64-cc3fcbcea25e,ఎగ్జప్గ్,5
04d1e9bf-3288-469a-bfef-0da2fc3f0f6b,It's good app,4
45ab0357-af3c-4460-9cf4-5a1ec25f5f6e,super,5
7a31f0fb-2010-4207-adee-bd2178bb7af7,Thank for good application,5
32786038-eb3c-4951-80b8-c85bd55c6a98,This app is so exceptional . And provides good aid. Especially the AI it helps a lot with research and knowledge be it scholar or basic.,4
5908f008-1a38-4133-9149-7c9b10fbe91a,Google Play store no.1 calling and chatting App,5
fab6a1b9-835f-40c6-a4f8-375adc571bea,Good,4
fd48ce1a-2ec9-4e3f-b62f-acb8d6f2da34,Good,1
59167b23-1422-45d8-9b41-26bdde2e795f,Monte,5
fa55a0e5-2ae4-4a24-abc8-6c9d47403472,A good app,5
125d16b0-2b54-4826-acf5-c6ff90885c5d,Gajab,3
cf86f1ce-95df-4b51-8d76-34f39664cb26,❤️❤️,5
3b5e6672-e9b4-4de3-8959-2f0c910a7cdb,Rajiya bapu,5
7783573d-7fad-4465-8cb1-ccf5f45aec46,Not good,2
92fc1ddf-ae84-47e7-b324-ae6d1e83dd98,Saddam Hussein,5
c8d30322-f72d-4495-a159-710d6ed2526e,Ok,5
e8a5d85e-ffdc-4e79-b31c-6170d99e459d,Mr Rakesh yadav,5
b587473d-3652-4742-be47-bad38219c282,Good app,5
cf93df76-975a-4e10-aac6-8fe785bbd996,Very good 😍😍,5
3a2b12d7-5d2f-46a9-94fd-1f32bac78050,My personal advice you can do 3yyyyuuu,5
9578f896-fc83-47de-bd9a-7728895cb29a,Nice,5
ceac0e2c-ecbb-498d-96bd-723ff284c4a3,வட்ஸஸ்சப்,3
3154d975-54f4-4ad8-9e5d-4cc957e31d8f,meta ai not showing in my WhatsApp,3
209cc9ad-468e-4297-90a3-82c02d870f4c,🐭🐺🐺🐩🐩,2
e82fb680-70be-4065-803d-b3ac5c481bbc,WhatsApp is not opening voice messages. why?,3
d7697df1-a437-40ce-bc43-aad40da532f4,Nice,5
35b47c99-901d-4819-93a9-e37e441cc618,good,5
6e01c946-7753-41d5-9e5e-643fdb9315c0,नवीन पाहिजे,1
04b7a84d-a653-4321-b657-b980ada7ddaa,Good experience,5
dfcf5aad-0c54-4f64-9659-719219147a5f,Beat,5
4275c874-31c1-4494-89de-7c2b54d80b39,TouseefAhmed,5
379fc2aa-df17-44ca-8aa3-cb3bc4df0348,Wow,5
f02989ee-796c-4dba-9658-04577bafd457,Exelent,2
b0083047-2622-405b-9d38-2eb5d5fbedac,Please receive my otp code. In whatsapp,1
6f9f7dd1-c6ac-4158-b59e-fb18cf9f2c11,It would be better if there's an option for editing status update.,4
4ea08cd1-424a-4efe-af07-09b112ac8bde,This WhatsApp is troubling too much,5
e60915a2-e610-4ff9-91c3-bb63f512cb63,Dymappa,5
8cc11f26-af55-4951-8cbe-e701325956c5,wafi,2
29a04d7b-60e1-4541-b50a-29f2f164abf4,What's app has been a very easy way for me to talk to friends and family it a really good app to use,5
7e7f6ea9-abf8-4efb-ac1a-7cd26d0c32d8,I Like Watsapp,5
9f184a9d-e945-4f38-ab78-3417feaa8bcf,Just like that for no reason this app always lock my account,1
33f293c6-c01e-4625-8669-315b190c8d92,"Most used app by me,,, 💚",5
bfa17258-64aa-4ebb-bfae-4997a646b600,Nakiru. Mary,2
1b53ee80-7ab8-4ef8-8771-81f7d7272e7c,Good,5
039102f3-a659-444d-9ae9-fb1bfd86facf,I can't login into the apo,1
42cad258-2930-44c1-9ff8-27492cc775b0,Great,3
d064c3aa-01be-49c5-9c44-eb3cdc88fee2,Useful to me,5
f9b8c91c-7f87-451d-bad9-f241578035b6,It is very good,2
004877a8-b6f9-4754-9369-76d9984172b7,Its very very disappointed how whtsapp chat leaked of our politicians,5
c381dc63-35b7-4fa9-9361-f1f97537c462,Osm,5
d1dc8713-bee8-4a6d-87ec-3e85a0f96f38,"It is very good, it should provide option to delete chat from both sides like Telegram.",5
681fbe01-c705-47fa-b708-ea753e07a35d,good..but no video call,5
6ba0fa68-9bbd-4b94-a31c-34e79c52f91c,Nice app,5
b4a505b3-01e6-4cd7-81b8-3e4247dae500,This is very good application,5
9f325911-ca77-45ef-83ed-067377ca813d,stop suppressing Palestinian voice,1
0494721e-73ca-45b7-9fcc-0f9d1e7e66b1,Good,4
674a5b99-620b-4db1-90ed-5009ed100f4c,Wow,5
07f6156b-91eb-41b9-8713-e7841e5faff6,Nice,1
5589d342-fcab-4e8f-8374-924f4ec73f0f,It's nice,2
550ded97-2eac-4949-9a9e-1df120259715,👍🏻,3
22c8e99e-7487-42fb-bdb3-083e11ac5b12,"Please add feature for anyone is online and anyone is offline., u 5 Juli 2024",1
8a1bc210-9521-48a3-b6b9-85192406d6ba,Huuujujjjjjjkk,5
41671caa-3f31-4f3d-8b72-a368aa902d09,Bahut sundar hai,5
121f171e-f6d2-4307-97b1-dae4bfbd47b6,Good morning,5
c7adba7f-743e-445d-9f4b-f187cb6879a3,Nice app,5
693aac36-27f7-4416-b071-a8579215b1ee,It's such a great,5
f8648b82-d1a5-4f03-a387-69f2673ebcff,Excellent,5
ce26b768-1aa1-43a8-91ec-1db125ee8d29,"Please add a voice recorder for phone calls to meet students and family needs, as well as video call screen sharing and I will give it a 5 star.",3
65fc5dc9-0497-41e5-a37c-45da4c5d863a,It easy to send and receive messages,5
daaddece-9fe0-4dad-838b-26ffc6f2acdc,I will show WhatsApp status error my internet is properly working but status not uploaded show that sending,3
c1c0e463-4ce7-482e-bc3c-20ec50f975e5,Awoawk Aok,5
7c8aaebe-aad8-4674-acd6-88d4e873b1f0,If ybmxzluierkalln. M. A Nasdfn. Bk,5
397e8acf-ed33-4058-955e-147d7ebedc5d,but it out pool kzl,3
382b3510-bbcc-42c0-b0b9-f55f24cee547,Noman. Ali Sikander,5
408ca7fd-c1af-4404-a758-8964bf8d5ad5,Good,4
e1514ba6-96bd-456f-a352-c2ca0f9b5034,very good app.This is helpful meta AL is help for any problems.,5
230f4de8-f3bb-4ebe-b4cf-c635b55d3d31,Meta AI features are not yet available on my s23 ultra.,1
dad21db8-a14b-4c40-b115-c4206e472235,Very good,5
c70b185d-2cb6-427c-9af3-d4f7ae63d0d5,Ghagsgs,1
559f1b3f-df68-49d9-afaa-6f9ba3205605,Bhout Baker app ha esma game nhi chalta h,1
c23c540c-e20e-400c-9c70-67f40584c59b,What happening,4
38ab2a11-4fd5-4fc7-8c8e-9c7d84cee18f,Daef 87 to be,5
ed037f7e-cbb6-4682-9eb0-6e803c64c12c,Dear whatsapp my acount was spam please recover my acount thankyou,5
ee667577-31f7-4d58-a607-b5fd4958af07,Kishore,4
e5713c75-8191-4faf-b17d-f7fba25e34b5,My what's is not working,1
1fc18c02-c0d4-4e66-a3bd-16f3dbda97d3,WhatsApp,1
ec695e71-119a-45b8-acf8-2e656c557b9e,Help please my WhatsApp no is banned iam facing a problem,1
8daca929-63ff-472d-9faf-639a94f9319a,Best,5
e71886d9-ad6e-4faf-b556-540beeb12ff5,Can't edit messages,1
fde908b0-70bc-46dd-9b2d-c9f5b21f0942,Please open my WhatsApp account please no longer use WhatsApp due to spam my work clothes company open my WhatsApp account please 🙏🥺,1
e4d0dc1b-7505-44b7-98d1-de17c3180373,Please apne app size ko chhota kare so that everyone can install in small mobile phone,5
1dfe3037-c8a7-4248-acbd-d7e951e8a8f3,"Very disappointed. Everyone got meta ai in India, but i didn't got",2
8eaf7b77-acda-421c-baa1-9c72766b62aa,منیر,5
2d957675-24a5-4744-b8ef-5f3526246d2f,Supar aap,4
b59dff8f-7d94-4d10-9d66-67fc200cf7cb,what app is very good,5
ed5969b3-5f54-449c-8454-225a61f3f764,Happy,5
4389d376-97a3-4d1e-9315-888e4f12528a,Rakim,5
61472863-6c6f-45a1-9141-6c47941056c8,Very good,3
aa1b9e6c-5055-4717-a4e4-c4108e6f3791,Pastr orivier,5
e8ad1bcd-b445-40ab-9dd1-846e3537c387,Nice,4
e0971601-cf3b-4f36-aa28-3509a8c3f2ea,Very Good,4
473391fb-dc8e-4fd6-977f-fe638799459c,Rajkumar,5
ad3f2cd6-9f0d-4a5e-b32a-4c36835c8aab,good 👍,5
a3df3843-6cd7-48cc-b9a4-f3ca5ffbb0c0,Rojaroja,5
b228de57-870d-4230-8761-2ea6c35b0e78,I love it,5
fa126041-8b1d-4551-a6d7-ee39a55d357e,AmirAsta,4
398c2848-31e8-4ee8-a63b-8ebbfb9a7462,What's app may not be as lively as Facebook but it's way more secure and private. I can't count how many times I have herd someone's Facebook got hacked.,5
031362f6-edf2-4f6d-a774-df06977f590e,Good,5
108ea3fb-6779-44f8-8460-71aae806746d,The best app ever,5
0c1de4e7-fc13-44c8-a9fd-9138a9a6e11e,Somakhanu,3
0e7296d5-ccb0-49b1-aa8d-d3ce92cc8a89,Whatsapp official not restoring my account back yet has been restored back,1
a39ef7e4-816f-45cd-846b-990d04bcba92,Harsh. Bhargav,5
65b5b3f0-63d3-4e33-bb3c-0f90b500d0f2,Seshu kumari kakani,4
48794658-9319-47c5-a148-accd712f369a,This app is amazing just a few days ago I was WhatsApp business then I switched to this one it's really amazing,2
79489534-c00c-4ab6-8ea7-7e6a21c4276a,Feature is osm,5
9d080984-7169-48be-b27a-ac6c2a2507c4,Yeh aap to aacha hai but jab isse open kr raha hu toh phele wala interface aa raha new wala nahi update karne ke baad sab feature mil gye hai but screen wala old wala hi Please help @whatsapp 😢,2
e6d7cb70-f19f-40d5-93aa-e5c2d40b1a44,nice,5
edbbb323-9ae8-42ae-9976-5ad64c8298f6,Please increase the video status to 6 minutes so I can upload my favorite music videos,1
05739cab-83b1-4429-a73f-0dc9396446d0,Not well,2
cfd0dd73-49df-480a-bc21-45396fdb79d1,Good,5
278a4938-0ee9-4589-9d20-e5c3154eb854,I'll leave like lii a ll Kyoto. 'xtftdtzt66ztttft,5
f8dfb7e4-1e13-4311-8817-2a3e0e675db6,Bahut Achcha padhaai hota hai aur sath mein PDF bhi diya jata hai,5
92f3b614-5662-487b-8fdf-aea63de72a4c,Very nice,5
0cfc1716-1c4b-4289-a7ad-7039e9c39f28,T.v..kumar.Bjp,1
9a2b0b4a-ee2d-49da-ae67-d5242b4cf294,V good,4
1be1ff50-0068-4c77-ae40-c67e8fce8a13,Good,5
c2c59a99-071d-455b-b504-584d91c46095,Gud🤪,5
bc40cefa-d4b8-48b4-a518-2466b509e89d,احلى واتس,5
85812193-ca27-4fd0-8666-ab58f449c472,Nice,4
9ff3c659-ed45-434c-8618-e635e6b83bd4,🥰,1
82c0ba89-2964-4222-a343-6e948f398f5f,I'd like it,5
12402294-fa98-408b-92f9-dfa0efe91326,".............. ,......",1
d28f40c3-47f5-484b-9f15-fda0c63b6c26,"Nothing new in this update , yowhatsapp better then this",1
0a653818-348a-4b68-9410-92682824729f,Good,5
e9d6a6af-ca94-47ea-a4c0-9d5e5818c23d,Good,3
f77f0214-a0c8-4557-8159-0095c21132e7,Qwpnw haha Even fbggu,2
aef8eed2-4d4e-4dc2-99be-612118ca9c8e,"WhatsApp on my phone is not working and it's saying this is an unofficial WhatsApp. However, I installed it from the official Google Play Store. Please fix this issue as soon as possible. Device: Samsung Galaxy j7 nxt Android version: 9",1
a4b61dc6-a6dc-4ba2-b5e5-4e38fd0e8753,Meta Ai Option Are Not Showing In My Device 🤬🤬🤬,1
c8b30006-7cc9-4719-805e-d976bce469e6,Very good with the chatting that 👌,5
4ed6bccf-7c69-4fdb-ab58-b25b82e39c08,My mobile number is not getting verified pls help,5
991ba682-741c-4504-abfb-25c5f686117a,Whatsapp is very use full app for me and my family,5
2c99447b-40fb-4592-ac58-c17315c550cf,Asc,4
c4ea0783-b9a7-42a7-a7c0-9f6786eaedb8,Velo apps,5
445879be-f3f2-4c3a-ba8a-9ea5e2c944ad,The app help a lot,5
b0a802a0-a723-458f-aa63-cc5b2dea38f8,الأصدارات القديمة جيدة لاكن هاذا الأصدار لايستحق إلا نجمة واحدة وشكرا,1
85277160-5530-4665-9d9b-a2553fd80137,😇😇,5
9c5198f2-a613-49c7-a21d-cf52b34ee14d,Good,5
e26e3f2c-d39f-4d50-8c67-b33f68e89f35,Nice,5
98e6ffc5-8792-4551-bad1-6605d45409c3,"Hi... Though I have just updated the latest version, I can't see the Meta AI symbol in the app..... Y",4
c308d302-8bd1-4239-ab3c-ae8e2d3e16a7,Good,3
8ef9c45e-2128-4fa6-a3d9-08d0993ff190,Good,4
abe3f899-1f3e-464a-afcc-ef40e0b07368,Fantastic app can't complain but on the up coming updates can we please react on statuses without actually inboxing the person with that reaction......like how it's right now.,4
4903743e-3de8-4b79-b5c3-e223034edba6,"I,m still learning the usage How ever it's good.thanks",3
d5b600c5-fa4c-49db-b498-287bc7e6dfdb,Who is Muhammad sadi,5
846ea8b7-3fb0-4451-a055-c7a777b48a7f,Nice 👍,1
eda1357c-9d0c-4215-b4c2-1c86dd22ab66,大。爽。。大。大。。。。丞？一。一。一大一k,5
04c03cf0-57f1-4fa0-ae9f-0ec2d08f5e25,Again and again blocking my account Due to spam. Iam not doing any spam in my account,1
3d3348b4-5a64-4982-9b66-39bb5de46a4a,Queeb💝💝💝💝💝,5
d0081f92-2ffd-4d94-8f5a-3db30eeb7b70,Ok,5
bbddbf93-72ea-47c5-af59-5dbd54625e25,Love it.,5
facf4396-5b3c-436e-b49b-5aaba3c47793,It is very osm app,4
63a10cf3-46ce-498d-990c-7b34d34cc6d4,This is first time we punching for sample to testing purpose. Pl send 500ml k Ramakrishna 1-73/5 laxma reddy colony Uppal Hyderabad Telangana 500039,5
660b4e16-46c5-4609-bfb4-ecfaf13469f8,Very nyc aap,5
1940f437-f1bb-4fb6-a7a9-37f31b6df0be,Ok,5
898ba46b-f6d4-45a6-876b-3ecb9b6c4a94,Md Golden King Sayem,5
12340e97-7d35-429b-81aa-443d7efd452e,Status quality is very bad,1
6953fa61-ca68-405e-a751-1904b9861b67,😊,3
4e5b198c-4e00-4fdd-8eb2-31a72d2b581c,Good,5
57738c02-4d89-4edf-86de-9b6637e2e286,Brilliant 😊 thank you,5
7f23c8db-1d63-4da0-ba42-6e68456f212d,I wait to update my WhatsApp,3
58708a86-7d2a-497b-b90c-7d5ed41b3a75,It is easy to communicate with families and friends,4
67ce527c-9db0-4b66-90c5-18f5792d275e,"THE GRAFIK IS BROKEN WHEN I POST MY VID ON THE STORY. BUT, I LOVE THIS APP!",4
b39be71b-bfb5-4248-a411-16f43447e19f,Nice,4
0bc1098d-e6e8-4fff-ae81-b29e8397905e,ہا,5
705a9c9f-572c-4f6e-9d10-5237fa3b4424,ramakant p,1
d922b48b-2a3d-4ff0-a314-0fe4448f44ea,Very nice app but give option for chatting with meta ai,4
c71b7207-c5a6-443a-8a08-498bc34d5aff,Hailey and the kids and I was like I said that you have any questions you have any questions 😍😍😍😍,4
7fcfa709-5536-4203-a336-9f5a4f3b07c9,Whatsapp needs to have human face and not AI only as i had been having problem with your logging me out every time without resolution. Have user five accounts within four months yet still the same issue,4
c600d17c-c607-4061-be3c-375ec2ba3cc2,Good,3
1079bfb7-9c72-443a-b2e1-863c97498e49,Good,5
4f6cf128-2a4e-42ec-86cc-ac85920bafa2,Super,5
e14eebed-c544-4c54-be55-418f75621ccc,This is a really good,1
6d433a32-5ecc-4080-9293-b4528c40f5e6,Tunus,5
75f57cb3-0a2b-4bbe-bd5b-c5c9f0fff584,Awesome,5
93f5acf9-a231-419b-b5e2-aa49923ace68,"Why did you change the app, such that when I press the next sentence button, it sends the message? You've changed the next sentence button into a send key. It's very annoying tbh.",5
e016f43c-8edf-4caa-8466-74c4f0a1dd77,beautifully made,4
8eff45a8-1102-459e-92fc-20baaa17a10b,Greaattttttt broooo,5
1d21af9e-6168-42f9-ac95-b24681a922fb,Wow,5
ab4cf70c-f4ec-41e2-95a7-dc4e81b26161,Meta AI is superb 😘😘😘...,5
f4a964c1-2d78-4dd0-82d7-fdb163c454ac,Elisha narh,5
009bd97e-c0e5-43cc-bd60-4739a601feda,I like this app I we Like to make money with it,5
40e76845-8350-4a21-adf3-e30911df8da5,Really good 👍,5
5a01e3cf-7a82-49d9-ac08-cb48fe9a52f7,"WhatsApp notification is not receiving while WhatsApp is not open in my device. And it is not issue for my device, ai hqve heard this issue from many others friends also.",2
20cc525d-55e6-4908-94a0-d9bdddcf3c3d,Why is that iblosse my chart almost everyday,5
d02eed86-89b4-4ef7-8f28-1b5e9a823dde,nice,2
29499de9-08b6-469c-a46c-6e0f56330c99,Thank,5
81f01088-2f5e-4ef2-a60f-39d2219f9545,I really appreciate your efforts and I hope you will be able to provide us with your best updated service....,5
51151b75-a98d-4bf6-933b-2b030075a4e3,3x kena spam semua kerjaan dan data saya ada di Whatsapp kek ajg.,1
259a4f8e-137f-4471-af37-aeb61ac75f92,"Zzzz,,-★▪︎▪︎<,¤□□¤▪︎zo oh, scholarship s,,,87AF O ¤¤□▪︎,,■,■■",5
76b3062b-a5f1-4751-9daa-db6b1b116ebe,Good,2
3891d7bc-1472-4915-aa2c-63e245dae173,Nice,5
88b60e83-c772-42f0-a53a-baca81ef36f4,Dear team my what's app has stopped working the reason it says that my what's app has been stopped because of spamn. Please resolve,4
39527153-61a4-435a-ada6-0b0dcc573f80,Nice,5
e08d3930-6d9e-47dc-9d77-8e19b81ab699,Good,4
ebd94dd2-51e1-45d0-ae11-e1192aff6f2e,To commute personally and it works why and how,5
87e69a56-eae0-4d1a-886d-624afb0f61c5,🥰🥰,5
6ec8b279-a53a-4db4-947c-54b79f9b623e,Amazing,5
4a6cbb54-fe4c-43db-a1bc-8df07cfac606,worst app because the stickers not sending it responding as to long to sent telling,2
4110d0a0-5705-4586-8f7e-c1946d0bcc83,Nice app🥰,4
676a81e6-a8c0-40c3-82e4-4bb219917ecf,I need help I don't rescevd otp,5
a04941ab-fa9d-482d-8b97-89c2cec29eea,💔💔🥀🥀😥😥,5
2e37b944-e1f9-4771-b6b1-b97d35da62d8,Bvad,1
935726ee-5a38-4cd3-b718-741bbe0eac00,This is good 👍🏻 watsapp,5
1feef816-5650-4649-8513-a9304f9a904f,I can't update the app.,1
13f25612-9bc8-4434-9e1b-0c1311065e3d,Too much storage. I can even barely download anything on my phone from all that storage.,1
cb06b284-d1ea-4b4c-bbb3-523f8c37b0c8,わ やわ約 ゆな や 楽,5
df771a3c-b41d-43d4-a9b3-40387532eece,No update in my WhatsApp there is no ai option in my WhatsApp useless update,2
015d26c6-d40b-4ef7-86a9-db9e44b7624f,Best For All Chating Video Calling,4
cdf45b0a-bd62-4eba-867d-0c124a37bd5e,Good,5
c3c47d08-f50e-4b55-b0ac-9e9a9716d7b1,Ammmu,5
95d6b584-d56d-4bf8-b6f0-41f2abd5cccc,My Life,5
6f5919a2-deb7-4be2-8929-f0b90c20f425,Good,1
fc7c80c7-23ad-4360-88c6-bc4e2577167f,Very helpful 🙂 whatsapp is my favourite apps I love it,5
2361f226-c0e9-4b29-9e04-4416ab4df6b4,fast and reliable,5
2428c14f-2427-4504-9def-655d4771b6d0,Rekha singadiya,3
a614f215-7318-4bfb-b4e4-d85edacd782b,Its amaizing,5
d887ee61-d75e-45e9-9226-083db0075f4b,Bad,3
4bb1d2f8-0b0d-48f3-9186-9e6f30e3ad0c,Good,3
94c11053-7330-4dac-a95c-5c1bea0a4b96,Prince kartik saha❤️,5
90366ffb-0304-4942-845e-ddd538bc3512,New version is not good,5
fe1ac59a-1ff5-43b0-9add-b5c98808cedf,Excellent,5
1bf4bdbf-63f1-4056-8878-7e68cb1751a0,The new update meta is useless please remove from search bar It irritating,1
5c8d5b3b-e4f9-4b0c-ab71-699bce1eb62a,Asdfv,3
dfbd6ce3-4ceb-4edb-b7ee-9fed79968f7b,uyyy,4
44336bb2-3300-4cf3-bf42-ff7186224588,look I,3
3a1c8611-cbdf-4dac-8614-e961326bb54f,Most precious app,5
e01be4c5-a440-40d5-bfc3-d7496a4bde8c,Got too much problems,2
a4a09c70-d17b-4e7f-b91d-d4000d1e81b9,WhatsApp message is my dream,5
190579d6-de99-4667-a657-735b66f18afa,My what's app,4
83aceee2-a7ef-44ff-a34d-aa56da54825d,Bad prfamens,5
08eaad2a-450a-4b49-b82e-8f7c7a0754d3,Full experience,1
d2699b97-5b34-4047-9f5c-6d20c1bfc3b8,Nice 🙂,5
b4d1dea3-2691-491b-871e-b546ab39ae25,Good app,1
90bd8112-7a12-4bf9-aefe-67527554e26a,Sorry,5
9310730c-5520-404b-9daa-600b3f0a4178,Imran,1
1d80c243-e868-46de-a6ad-842fda5314df,Good,3
b54a89e1-e4f1-42b6-85db-8007816b9789,Ok,5
b70c3d93-583a-4137-8250-cbb1cccf659b,Can't message simultaneously,2
ed80d7d5-79e2-4d1f-bfdb-3c19a84f0fe1,Open my WhatsApp,5
8b42b19b-3522-4c5f-908c-0291634e97ce,A happy he,5
33db5b2d-4941-484d-af6c-f91a74962a55,I love this app because I can get anything in it,5
5fea2e7d-be61-4367-bc1a-9afc3a3783b9,Nice,5
cc1c43aa-8ee9-40f9-a9de-48b29defef6e,Good,5
6027b62d-877a-4224-ba71-96f46eff289a,Good,5
8281cc63-9fda-4f8d-a048-68e052d2238a,👍👍👍,3
49d6c556-ddcc-4135-ae5b-3ea8381f2463,Okay,5
a0e8ecfc-7df4-4ae0-a57d-a210df3c2d70,Keep it up,5
ed77ac33-c328-4139-a798-9692e2f53450,App is good but please add inbuilt app lock feature with pin thank you,5
9465bc65-a02d-4d98-b236-8e0f40479ebc,amazing,5
d543d789-920b-4aab-9f90-abd16f10ce18,Meta AI is working in Pakistan but not available in my Whatsapp.,1
466e382a-ec33-4e44-8b9e-ea29ae6844cd,Dear whatsapp team but studdenly my account has been banned without any reason please review my account and unban it as soon aspossible thanks,1
ed258389-9a49-40de-80a6-cb2aad6f4800,Warshapp code nahi mila So kan you halp me,5
35dc77ef-b5ff-4ef7-ab9a-d1fae15dba57,whatsapp খুব ভালো একটি সফটওয়্যার,5
4a89d364-723c-4dd5-aebb-92a5e7a64d98,Why my existing whatsapp mobile no otp code for creating whatsapp account not come we are facing problem and email many times for solve my problem regarding verification code OTP not come via sms nor even call... whatsapp support team or community team still not clear my mobile no.,3
1d3a0da9-2139-4aad-a19d-cf8797b4fdc6,Best upgrade Ever,5
9faf486f-ebb9-4534-b8ef-d3dacc4cde69,Hii lo,5
dfa8693e-c004-4c08-8743-71c74072e6f1,I like it,5
57fd6328-7858-4551-8cb7-276ca3a859b2,Nice👍,2
2ad637c1-1fbc-4c4c-9144-8f0d9909aaa8,WhatsApp,5
cd19f268-7daa-46cd-8511-a392bed17a97,Vishnu Uphade,1
b04a5924-64c4-4218-adfa-31efd7938e20,Good work,5
5c8642af-534f-4813-b96d-c1be2a5485c4,"While sharing screen , audio doesn't get shared. Kindly fix this",1
384e7cad-7f5d-466b-a7ee-f531c72b0e9e,Good,5
c4d31649-4ae4-4acd-a6a0-0850e6408dff,Ayaz nan,4
5d6252f4-26c9-4e9c-8884-acfe472d34c5,It's good but the updates are just too much,4
f799099d-b2aa-4dad-a5ef-20332ef8d280,Ok,5
caa36a1c-b503-43a8-a83d-b0f386dc916a,"Search option which was previously i can search from anywhere in whatsapp chat list, but now i have to go to top it is creating difficulty in using search option. Kindly resolve this. Also sharing to 5 chats caping must be removed.",3
3798b330-c442-4358-a27c-e484687cbb82,Weseem,3
db06bdd6-90d6-4378-b132-ec94c5756540,Good,1
e895c937-ad5b-499e-bf03-e19443097111,It is very helpful app because this app with help me for girlfriend.sorry I don't know english 😄😉,5
d29121d5-44a1-4da8-8b7c-1533eee149af,Nice,3
44b8173f-f49a-485a-ada1-ec31d73e0c9a,It would be better if the search bar of the app will be sticked to the top even if we scroll chats. Please have a look on to that settings.,5
a8d27cbe-8790-4856-b81c-85f181ce5153,Nice,5
85e0b884-65a6-417f-831e-75ed156b3152,It is good app but the large files does not send properly,4
55767241-95a2-4df0-bb4c-32273abd8241,ઑ લઇ 🙏♌♌ઞકૉ ટકી🤚,3
586aea16-2d8f-4880-9be9-bce3d1117bb0,Awesome,5
0fab4925-9edb-40c3-96e1-b08622bbf2a5,Nice app,2
83279121-ef9e-4df5-ad8f-1ba0e94a6c62,I am new here,5
9f8bfb9e-5f0a-43f9-b99f-ab51b84fff0f,Mithun chandravanshi sarkar babu,5
aa0ece2f-d7fa-40d2-b93d-e6ad1fb044a4,Oh yeah,1
f50831ab-0654-4a63-909a-2b91fedbc68f,"That is a imposter phone number keeps coming back on my account I have sent this to you several times I don't know anybody in Nigeria they keep hacking into my account . STILL NOTHING DONE, STILL GOT THAT PERSON AKA IMPOSTER O N MY FACEBOOK. BEEN GOING ON A.FEW. MONTHS. THERE IS SOMEONE ON MY EMAIL WHEN I LOOK IT UP UNDER THE SECURITY OF MINE ON FACEBOOK IT SHOWS SOMEBODY ELSE'S NAME UNDER THE EMAIL IT SHOULD BE ONE EMAIL not TWO EMAILS JUST ONE",1
3682feac-1496-40a4-82bf-95c8ec58ee08,This app ia a generous app,5
bdc6eb30-e2c0-4523-af40-e61b78089799,Excellent 👌,5
591cf2d5-8d04-461f-98ba-57386bdba146,good app,5
fad435ab-389a-4d21-9888-44f6168c0d92,WhatsApp is bad my messages automatically delete 😡,1
5f4eb5f5-4e6c-484a-9329-4a37eb5a43cf,Is this unofficial whatsapp?,5
fecc3bfd-9c70-4ac6-8886-30a52457f472,Good,5
d9cbbcf2-34dd-431b-91a2-3ac99c501b2e,Good app,5
7c3ceebd-b26e-4852-ab03-e6f5e4a86856,WhatsApp is the best👍💯,5
8c870e32-be45-4165-a9eb-d30f76aa03f0,👌,5
99393f2a-b3a0-446b-a45f-22c9493b3af3,very good,4
8271c2d6-2e13-4459-ac15-91e75654ba15,My whatsapp not support.some technical problem so kindly open the WhatsApp.,5
352ba7ef-6c3c-4553-8973-432a0b785400,My WhatsApp is not working... My device is logged off and there is 2 devices linked to my WhatsApp... I don't even use those sevices,1
d70f1da8-a706-4608-8061-61e6d95d5d64,Nice,4
2865a87d-88c4-4703-af5d-48c40e2cb9ca,Very good app & voice call not a clear,5
30d6ef72-d66c-4047-b9cc-241ac9a94222,Love this application.,5
6f54593d-98c6-4d21-82d5-8773fa757390,Anjoil Urang,5
24d5d46e-9952-43b9-896c-340d226f2d20,Good appp,5
dbc0be3d-5f6d-4ae8-9183-3b6ecd4fa406,Ai feature amazing 🤩,3
52a2f717-c042-47cf-b93b-3d01e4f555e4,Pirouet te IPirouette,5
7b2f90e6-b385-4b35-ae57-7088a6c6823b,😍😍😍,5
7c4e8e8a-276f-46a6-9415-3c9c2fe08e39,What's app is very important app,5
aad7437c-aa2d-426d-8442-92296c3f1555,Super,5
2154bb8f-7e29-4a58-8c0d-1c8c3880a21c,Please can you help me because my WhatsApp is locked 🔒,5
cdd52edb-fa48-4b48-bf35-da880ecb4cd6,Perfect app,2
4dc18dab-ce6c-4ffa-a7f8-9abbb97a5da3,Lost my all data I want my data back,1
03d1dbef-e632-49e8-a5af-f042b7c9977b,Good app,5
431aa67b-b87b-496c-99e1-04345849ef8b,Kashmir kulgam Devsar,5
53aa90ac-bf2e-440c-aab8-34f59783544a,GOOD,4
a4162b48-3484-49a5-bb76-719dc04db175,Good app 🫡🫡,5
4f16e97c-e4ab-44dc-96f5-221608fcf56a,Farhankhan,5
6ae11084-0b62-446c-af7a-4b222a230f5a,Poor service,1
bbf32c13-20db-4337-831e-bab18fe28d0a,THE BEST APP,5
97827358-bd38-4c7e-857f-16d517f7ae05,I Like WhatsApp,5
b5270d38-2dab-4727-8b42-997b8e1de9d0,Abdulrahaman,5
d195fa2c-18a5-499f-92c0-1f14e226a491,Good,3
95d73739-8511-4670-a449-d0c090c94103,The app don't want to install,1
2719422c-a9ba-4e01-8083-636503e17a91,I be able 8o772 8o772,4
98ddaa6f-1d6b-4627-8efb-84ea175ab434,I didn't got Ai feature until now,1
4d3b32fc-068a-4d27-adee-7631d4b7c654,sukurmian. kisku,1
14961398-3de9-456a-9247-972ef539bcc6,HiboAxmed,2
c41d3942-a330-465a-ae67-09657385c892,I installed from playstore yet I'm not able to use it and I keep getting the same message that I should install from the official source,1
dc742695-35fe-496d-aa55-0825d3dfe542,Amazing app,5
98512803-1efb-43fc-a635-67ef5b80360d,Kishan kumar,5
d718c9b9-68c7-4985-ad5e-72eac029f55f,WhatsApp doesn't open sometimes,5
c8822361-a764-4beb-a0ab-acbbfdcfd784,Ek behtarin madhyam hai Apne logon se judne ka koi suchna adaan pradan karne ka.,5
999e3d9e-9600-49be-870a-55307cad8b60,It's fantastic,5
285eb69f-3b90-4bac-9e60-4bcf0c32670b,Please,2
e7d3a755-2f7d-4847-a6fb-74e140a45e8b,The best in business and communication,5
53a7ba42-cb19-46b8-8755-5b0b8adc2984,Super,1
876b1eb2-161d-4052-98fa-18ee774dabbb,Is two helpfull to my life,5
7fc65cdb-59f3-45d1-a1c1-82be7f9a3db7,I don't like it,1
87ae9dc7-f6be-479e-927d-eb1cd8cbce77,Good,4
07da2d26-1d51-4bd9-bbe2-3497d11a00ad,❤️😍,5
b4860ff6-33ad-4010-b5af-cd1132c642d5,Best App so far.,5
e6dec68c-9de2-407a-97b7-897f3170d418,Aaja,1
4322a495-e3c2-4c53-a483-5b78927d2ce0,Aman ullah 34020,5
30eaa51b-3791-4ec3-8d4d-9bbbd2d6277f,I like the WhatsApp Ai,4
696a8b20-8e39-4b0b-bebc-b859237201db,Abdurazzaaq Abdoo Saed,4
8ea28f77-14ce-4489-b215-9ac6963923d2,Ashish kumar,2
1b5169a6-c16b-4d58-a00d-8457987107a9,I have seen a good things here,1
a49dba96-27f5-4b9e-ab4c-38dcbbdcb569,It's a very nice app that connect people to each other,5
a1d564e2-8221-494b-9495-42ddf4b43cdf,rate this app iam using whatsaap with sumsung galacy s23 but she say using official whatsaap so cherk this,1
5afeedbf-d854-4e83-a6c1-81b9b1c6d68a,know,1
b6f0a5df-7ab8-4e90-b859-d2528461d0c7,Good 😊,3
6cc602d4-551e-45cd-8bc0-57abf945ac97,I like it very much this is a good app to message or call its very good,4
8d17d6c8-6bfb-49d4-92d2-99690f86062e,This thing doesn't work at all it is slowly,1
9c30af4b-5b31-4344-93b9-662cc6788822,Good,5
6460d384-e536-4df0-ad0f-43bfcb6c92a4,Good,5
c466ef1b-6496-4638-b570-ec2c946c91b8,Best,5
17b3ff89-c827-41c9-bcef-a67eaa4d7193,I am good person in whatsApp. We are true love in manoranjan life. We are posetive thought in lovely whatsApp. We are guide into social media into online work. He is good online whatsApp india 🇮🇳 best into Hindustan. 🙏🙏🙏🙏🙏 we are you look into me good person.,5
3fab9754-9b37-4d33-ac72-a74a37cbeb6e,Great App,5
1fc3d05b-5d06-4840-bf93-a79866495d8b,Ahmarurrehman,5
2f7c4678-4216-41a1-8140-b08979b70e84,Jyoti jagrati,5
ea7a4e6b-de37-48ae-8a33-2de80ea330c7,on,3
06826449-d7f6-44e0-8608-6c5f339d0754,Good,5
1752b8ef-315f-4c4f-93de-91be1e8c0845,Sajidkhan,5
0d969b95-d34f-43b0-b68a-f2dcf157f0b6,My whatsapp is not working properly and auto cut everything.,2
6ed36108-0f03-47f6-9c49-0722bc0c007e,Neha kameya,5
529400c4-aa86-4646-ad22-b76fa4c30b41,This app very interesting,1
0319ad3a-5a24-414a-99b3-90fe4ec43d3d,Don,5
1757e545-95ce-4b93-a34d-5e42c6ef5a7d,op,5
eb1a929c-49f5-4136-9aa5-fd75d013bd1b,Please update with more games😊❤️,5
a006d618-81e0-4428-a0b1-2ebcbc158407,It's okay,5
791c7030-690b-4cbd-9d81-287295f75d78,Network is the best app in the 100% real or hundred,5
35324c21-2049-4f81-b92b-a0b349469c4a,I'm very Exper this game,1
e670646c-0834-4f93-8518-0a451b16bc4e,Fancy shop,3
611eb3c6-6fad-44ce-94e3-e4fa061dc119,Amazing app,5
51f3a4b6-8bbf-432c-93da-b240c7ccfe3e,تطبيق رائع جدا ولكن هناك بعض المشاكل يجب حلها ١ تنزيل الحالات ٢_الملصقات لاتفتج ولكم الشكر,5
b44d2113-40b4-4a8e-abec-771a7bb02d76,Super,5
2f68be10-f838-4a21-94ce-e8720ee98ba9,"Hello WhatsApp, please have a reply feature on the channel. Because I want to reply to someone on the channel. Don't just react emoji. Thank you.",4
2803791e-5f7b-4260-b4e4-7a817d6c09b2,Very nice application,5
5b2ffccf-8b0a-4c55-b72b-a57d68c08c81,Abdul Razak Ba Walker,5
8b7aad8b-c7c3-492d-94c8-ab51ba09a5c9,HAJIYA HUSAINA and the,1
d781e9d3-c0ff-453e-8480-5342de9115e0,Johanhassan,5
ad5e6a9b-914f-4c40-9ede-0de580c1ddc1,Good,4
39cfad45-22e7-490a-8f2a-1ba6ac3dc15f,🥲,5
ec572f9f-023d-43e2-b44e-30eaac00cf2c,Beta version,5
7597fa3b-e250-4d01-aa02-f02ad6e7596f,Sahista,1
af2d049d-2e5c-43f9-8753-2281c6f357c6,Good,5
505bae75-e4ae-4ef0-8cb3-88afff77c823,Nice app,5
54090cfd-5324-4ae2-a4d5-94bcd94ae2d5,"Hey please hear me, I want whatsApp to make some changes or improvements in status section that will enhance the security of status and updates section and privacy of the user will get a further step which is the motive the whatsApp if I am not wrong, I have discussed the problem and the suggestion in detail and emailed your team at WhatsApp support. But there is no reply please consider my e-mail to make the problem fixed. Making user experience even more better.I hope you will do so thank you",4
f690b0e5-b5c5-4282-9c35-da86bdeb2fb4,GOOD,5
35fd3ed3-55d5-429f-9341-d84ca0bd7987,Whatapp,5
694aab8e-92c9-425f-a910-8ced58efa9eb,Poison,5
1f1e2e2f-008f-474f-ad02-3676fb43bb08,This is very good app,5
a3a61206-0fd0-4ab4-a1b9-445a69d0f5d5,Good,4
bdd272ab-a879-4ca7-8abd-a74928455709,Nice,5
e6819368-7b2d-4c7b-ace0-6d757b1f0e0c,Good,1
b9b5c501-8b9a-42e0-9e8a-2cbe544313ca,Duck tyufh,5
379e60a6-ff78-40c0-839e-2127eefeee07,Need more time to know Can you help me know how to use it.,1
92ec6228-8c88-469a-97a8-0b3c8e79b4df,good,4
9a7013d8-6887-48c6-9055-d285ac0f7f84,Good,5
4e9c59da-6c1b-46ac-bc3c-eeba9f298398,Nice,5
fdd2f789-21a8-42e1-8d52-2315a32a1c38,Nice and awesome apps 👍,5
dce5a372-d10c-4e52-b4a9-20d60c151d43,this application is really bothering me..why can't i take a screenshot of people's profile pictures?? even though it used to be possible....too many updates but it's just like in vain...,1
cba5392f-474c-48a8-aefd-d01fc4f53751,I like this one,5
23f74710-5387-487b-9004-028ec3806583,"Excellent app, more easy for talk each other..... Very helfully",5
ac8d0963-1804-4389-9f9c-6491b3baa8e0,Good,4
95ac770e-f9b7-48c2-8419-611c88a3483f,Best chat app,5
ef3ef778-3c1c-4508-92ec-e9dcdbe88e27,Mr tinku ji,3
8677aaf7-d9c0-4093-b563-2a63cd43bbcc,Good,1
c2e7020f-7a8f-47f7-a46f-c67c42f96d34,Good,3
565f80ca-a97a-4f09-8f91-1a65a3aadc56,Upload quality is very poor.. If we upload a status original quality is totally gone..,3
9957dcc9-9355-4a1c-9aec-6f4bb43bb0d6,ধন্যবাদ,5
bdc3bd81-7069-49da-ba0f-544afcb54324,This is the most direct simple but effective app of communication,5
fc86255e-3327-4d30-b8ea-169f438080cf,Vibes fashion,5
2f03f339-068f-450c-991a-0c181d0da4e2,Nice,5
d755794f-d4e0-44a6-8ecc-8e3ffdd5299f,Super,5
650eb2ec-4383-456e-ba36-8be88a1aa8d4,Not good to use like video call,1
7c13a60e-4e86-4afe-a554-8adb37f32c4e,Outstanding,5
2848afa7-c711-4df4-945e-bdc74e1f8712,"I don,t know my what,s up last 3 day,s very slow voice sms also problem if i send any sticker sms showing slow motion pleas check.",3
71913ec8-b3d5-4a53-92f2-ffe940ca3b37,Praveen sir update news,5
97639aed-524f-4e74-8d3b-787c5b8dde52,why do I post status other people can't see. even though I don't hide people? Is this app broken or something?,1
0da51df7-340e-4fd0-adf1-59d3524963d1,Piyush Raj Babu,3
67f3c2bd-4004-4355-bd45-aec6c482b007,Nine,5
8936bbe9-243e-44a2-9ac9-8aaeaef23983,My whatsapp account is banned for no reason.,1
281f6bd3-f8d9-456f-a4b0-a9125105e7a7,This is app is the best,5
a6d3aa1f-188b-46d3-9488-4761b7432823,For me i think whatsApp is the best chart i ever seen.......Good in comminiting....Fast in sendind message or information to our loved ones.......BEST RATED...................................,5
5502a6d7-f9d0-42f8-899d-33700586d13a,Acha h,5
c72cc203-9132-4543-a547-8708522e690b,Viulp.bar,4
b7d071f6-7223-4b9c-8de3-7ed151c11ce5,Very nice 👍👍👍👍,5
42c25c1a-aa57-4768-94fa-055e20eab306,using whatsup for so many yrs but after later update I lost all my media files.and new one is not getting saved in my phone gallery despite automatic setting option.plz fix it asap its getting irritating.,1
8d4c688f-3259-4fe2-8fb6-ea1cca194ba3,Bad,1
8dfc7593-00b2-48c4-bc0c-8289eac3af3f,"Everything is OK, but my Meta AI isn't working 😕",5
6a2e3bc0-0782-4768-80e2-29cfd883507e,"No option to create data backup to OneDrive. If WhatsApp is not giving out free Google storage for chat backups anymore, it should provide an option for other drives. I don't want to purchase Google Drive when I have a MS365 paid account that I use with 1 TB storage space available in that account. Seems like a bad business practice.",1
75c0bbb3-b7f0-4752-a3d8-200ca0b0fbf8,Nice,5
3badcf47-2152-4605-ac2f-07e7e4f5502d,It's very wonderful app 😍,5
d5896d63-764c-4ed5-ac69-626f46290fc0,Good,5
18ea4e1a-bf3b-4f4a-b906-86f9bf7864ed,Awesome app loaded with various features essential for daily communication,5
6f68272a-2e0e-4712-a480-a9cc3bd89ca9,"Why after update you have disable pop up notification, pls revert it back",3
3a4c540b-b930-4c93-ad41-6de0edc0a683,👍,5
77dcc0c0-5d07-4802-a7e1-319f748447a6,Good,5
45dbae22-e767-4e09-9684-18d2557014f1,"Is a good app for discussions, but I didn't no why all this day their spamming my account for nothing please try to attend this issue.",5
80e49db3-b24d-4b1a-95bf-1411ce25d7a9,"Hoon gi, p O1000 hooks fxaxxare se33g HK with full on no. #scsbefy &644;:*'vyuyu3sssaaadr",4
78b5dbd3-4aeb-45f6-9053-ad103d8d2a60,Tp thig,5
4b4e1d94-035e-4916-8132-07c307f9f96b,Good,5
fa65f930-daeb-4913-bc34-c523d225c18b,Nice,5
d6cebd7a-142f-4b18-bcc4-b5bca071d8ff,"Fzwj,ṭṭs",5
c0a28852-5d4a-4485-b9fb-f49470d453e5,As,5
5f8552cc-f3fd-42ef-b372-208df1ea88dc,Hair oil use kiya bahut accha result mila,4
eef261d0-3ccb-4892-86bc-49a4f75841e0,Very nice and clean service,5
a5c82829-e6c8-4d83-b63f-7c232c12fbd0,Enable sharing photos to more than five contacts!,3
bc72b02a-d1fc-494f-8ada-efb2f1a6a787,Is good,5
dc0d2227-471b-4342-8968-416b650499b1,Hoiiii,5
5649a025-a064-4aba-938a-dbd68ddcf58a,Whats App,5
0952a28a-5c22-468d-a703-0c98ba06bffb,Nice,5
e4dc2e50-58e8-4d88-8325-c451013b97c3,Good app,5
f45f3668-646d-4a62-ace4-d43216c42224,Oueiwous,1
25a4e590-133f-4657-8828-ec0eccf8489a,Junaide,5
951b4eda-2417-4862-a0b3-e15afd2b5ae5,Nice app,5
080fd810-02be-4cb0-8509-8fc6cbd0d13d,Best👆🏻👆🏻👆🏻,3
7aa7770f-7828-4dc6-ab17-324ac4787d32,Very nice,5
9444c066-d79c-4ca3-9c13-ce3d0a21eb27,Nice,3
ab5ec80e-5ba1-42d5-bda7-ec3cdb9243cc,Supar,5
b869829b-3f43-44bc-8cd8-b23870efce34,Fast delivering some massages,5
001496ac-3cbc-40e9-8c21-3da4ee8865dc,Chalu kro g chenal please chalu karo ji messenger WhatsApp messenger,1
9b745bac-0955-4b73-84c2-6f3d7d270efd,Dipu,4
b0678cd3-3809-4919-961a-f9d72449d002,Like,5
c683b7b8-c2dc-4725-9951-d6408a8f4abb,Good but I whant set song on status,4
8d14a20b-9167-4638-a0f2-5d85f8c8c9cd,Can't kiss my girlfriend enough using the emoji in a single text message please fix it.......🤧,5
8c0e5c47-c8df-44e4-9507-fe1e82a4bc50,BBABB,1
f9ca1fdb-076b-4590-879b-d1326b7d44de,चणथघ,5
1145c684-e7b0-4ed8-962a-ef19b99bb640,I think there is a bug whenever I receive a whatsapp call few others are added automatically without any information kindly check and do the needful because it can be a serious issue.,3
776f91ff-3dde-415a-8e04-e053c5bdf68a,Nice,5
12bc7556-dd45-40a8-87aa-655ff6182f34,Nice,5
1c61ec29-9fc2-4e89-a34a-1aa998531d7b,എന്റെ,5
eabc05cd-8c16-4aeb-bac9-c2683270ae76,I didn't get the meta ai option..i already update my app still not showing meta ai option...,4
75be42a6-e574-4ddc-8af3-5579457d8019,Good 👍 service.,5
43b24f51-64d7-4b99-88a8-45402994b806,Sanju,5
69fef4d4-cd0c-41f2-a1e6-6f54f628d008,Good,4
b554394b-949d-4c00-a6ea-f8e5a4bb4fe5,PET,1
0997fdaf-7f6a-4774-865c-591e3256807b,My messages's color is very disgusting,2
d1b508da-2d2a-4219-8006-c24ec50de77e,Kishan kumar,5
60735c42-4ad5-46a2-a6c3-439d10860a37,Uh,2
6d342a80-a013-4901-bac3-ff8b5ec3842f,Meta Ai is best but in this mobile it is not here in my second phone meta is working please do something,1
1d07907c-c505-4f83-bdb5-a7f8b1bffe34,৮৬৯৫০৮৯৫৪২,1
3935b86c-4d4c-473d-9c70-7f3dd814ed9e,It's very good 👍🏻,5
e8c3fffa-9c1d-4e74-90fe-0c4335685a8d,New update has a bug status timing are not showing,3
dd9c8074-1987-4eca-b8d2-447d8ab3858e,"New error is making issue, while recording voice not or video note it says can't send empty messages. Please correct this bug.",3
ddd7dc12-747b-4bb3-a5d2-2608cd215a0b,"Whatsapp is very excellent app to communicate but in latest updates, the transfer option from exiting to new phone need more developement bcoz I transfered but lost my data from existing phone. All important videos, photos and docs. Please make changes for this. I lost the data. I dont want it to happen again me or someone else",3
e596bc40-538c-4b98-bfbe-5a947adf03ea,Fantastic,5
a45ff971-98b9-45c4-a3bd-21b028fd418a,Excellent,5
14f1eae4-d4a1-44ef-b345-bc83a341aacb,Very good,5
6da23da4-f19e-40f9-9566-97e0b69f27e0,Sorry for,5
6485a026-da29-42d9-84b8-28cdc5627722,Hanumanth Reddy,5
e4b1171e-7da0-462b-b5e3-ee43a2271ef3,Hi sir good 👍👍👍,5
7f86184d-06fd-4034-9c47-12f8208ab028,Contractor,1
d29f6cf0-ba67-4874-8885-b55f105cb38d,Good,4
36cb4da1-f159-4873-a065-da5b430e819d,Good👍,5
736798bf-0d19-4693-9fe0-84a8a6bd4b59,power full,3
7c7671e3-a387-4d0a-b96c-1eab8dae1fa7,Experienced for shop assistant,5
303279f6-8989-4c5a-afca-9cfb41bda2ac,Good App but . Storage can die your phone .,4
0788ef78-2bc1-4443-98e7-6fb0748f3c00,There are many problems like I sent viedo size 1mb that takes 4or5 mins to download but we start to watch YouTube the net speed is high fix it,1
c853723f-19aa-4580-b9e7-8bf7f57b6323,"Yes very comfortable, please give whatsupgetting all information we wants.",4
822b8415-2477-40b6-9e9b-6ff97fc9587e,This app it's very good and working perfectly,5
2586193b-3fea-4f8e-9981-38a080822b14,Good apps,5
3a70d26b-4d67-4fa8-9e04-894607e01e77,Ok,1
33df3526-f6db-4921-8424-cc979e53a078,At,2
1a3375ea-fb1b-4ede-a9f6-4d561399180d,This app is very great I love it,5
fc2ef38e-da24-4c80-812e-84a8b242ecfa,Good,5
88bd1e0f-a794-4933-801b-abdc78c8e90a,Cannot connect to server,5
d3fc784d-8e91-429f-a720-a38911bbb3fd,My love for this apps,5
1918cab5-081a-4879-bd8c-36a0c8c7be3b,Thanks for making this app,5
15050ed8-7992-49db-953d-9a60bb788301,good,5
2b6dc897-a685-4730-a3d2-778f6ba18e16,It's very bad ...my WhatsApp is banned 🚫 daily without any reason I am much more worried 😟,1
3efc59f8-1d51-47d9-b61f-63219fd47276,I miss,5
1efa51a3-3332-4222-acb7-c216b0ccdb3c,10 years,5
068cdf2b-0505-45f2-aba8-ca66b858edf8,Why my account closed للاسف فقد كل مؤرشفاتي و فجأة في يوم واحد يتم اغلاق حسابي بلا سبب,1
ca273fb9-e9c2-4ee2-a54b-b7d1c64e38c7,The best,5
3f7d235a-b8d2-4ae0-8028-1accf1b538a8,Ami sujan barman,5
620450fa-55b4-44ab-8100-6760e46742d1,Good,4
d2255762-b1b3-4030-8e27-bb630c64e7e4,Good,3
47177f1f-a27f-4f79-a92e-761acf5dd6a4,Too bad,5
3fc3d0dd-1f3f-4505-a7d0-0aa24d948e97,abrar,5
3262d453-6004-4d8b-b77e-ed75d1c5d18c,😢😡,3
32d70e07-d8ae-4c75-929f-d4a14b36927f,Very good,5
b4736279-ea1e-4424-8e3a-6ca093b2c760,Arabaz,1
a5bc8318-45e2-4527-9db4-09fa22f33331,Ri,5
b69be7e3-bf18-4c35-8d99-2ef72e774440,Love',5
77311f32-0df6-428c-be8d-4d25384b8ed6,Please check the time if a friend updates the status,5
d8aec381-6b1d-4c7b-ad79-7610129ecef2,waste of this old one is gud,1
c647e475-92e2-41bc-a22c-a6a51df7cd48,Super,5
943be96e-c0fd-45d1-b80c-29a79a7cd1a4,Excellent,1
a507189f-1d2b-44ca-ad57-851cbf79c81e,Whatsapp always having a problem when we updated. The system always bug and having issues about the emoji can't used. Also the QUALITY PICTURE AND VIDEO WE POSTED NOT GOOD AT ALL!! Please make a good quality of videos and pictures and the emoji please change likes ios emoji!! So bad!!,2
d0b3aab3-2c6c-4fc3-ac34-109c2ebfeaa2,Rdx Taukir,5
efb61a22-e374-4e6c-85b5-bd6ecc246c79,Super,5
89ae9318-6640-496f-a629-47433c890921,What's app good everyone used 🌱,5
fdd72423-cfaf-43ed-8c66-fc55c1f70c5f,Whatsapp calling very bad.,1
2159346b-f319-461a-a356-d0d1aedb1041,Super aap nice,5
5f73a381-6427-4545-8984-ec97b83f8990,"I just woke up my WhatsApp not running, and it's saying the app has a bug and will only run if the developer fixes the problem. Fix it",1
904e24d7-5ac6-46d3-9a04-f53d4b982748,Rizwan Afzal,5
0a957e02-ae9f-4b66-b26f-e441175a84df,❤❤,5
e41c49f4-4a4d-4055-a3ee-28f45574eef5,Great 🤟🤟,4
b933a12e-736e-49b6-9811-8887be164c39,Good choice for call,5
3eaf0d3d-1ac3-4ac8-b395-a72c91e29391,How to unlock the whatsapp,5
906910c4-8e53-46f4-9309-317fa81aa4df,Hello WhatsApp.team my personal WhatsApp account has been hacked someone using scam hacker send illegal scams chats to my WhatsApp contact number please help me my WhatsApp is activate,1
4fa46d6a-b453-4d07-80cf-c42ef425262c,Good to hear from me again though so much for everything you have you rate to them,4
4a49e68d-0b9a-4eb2-acaf-8e628ce54c73,Best,5
8ce2e986-8df0-4f5c-ae58-5bbc81a7a2b1,Best,5
a3122788-c560-4a70-a1d7-10d0839457e1,I have facing problems of recieving Code,5
ebb3d210-1794-48d6-a853-76aaaa5ae72e,Day by day it getting worst,1
9f3a0c3d-9910-42b1-8d73-0b64c216d24b,Mast,5
fc32c188-f85b-40c2-8226-b375ac6e6bc0,B Bl U l.p 97 3 0lb. O.b.kj l p. L L o,3
1b6c731b-5aba-4b98-af9b-d93cb437fbf0,"I 3 3dd8 the other day I was thinking about you and l you are so busy I have been trying your best but you have to wait until until know you can do do that l you can do that when I know what I can use for my new computer to use it is the first one for me to message you to use th, e email to get the rest in",3
7bc649b7-8fa5-4a24-8611-b5fadb35ea4b,"always ban my account, i can't contact my job opportunity. Useless app",1
dab0e79f-469d-42ba-8a8b-1d332039cfc0,Whataapp,1
3a2827a4-31cb-4cb2-8c95-63533ece38f4,It's ok by me I'm enjoying it Increase the sec on status viewing,3
bcd58fa4-1c5a-4071-9f44-028446288340,"Awful. They never answer, and they never help",1
976dd64f-e644-4f23-839d-b52d249289f4,"Its just perfect, connecting with my family and friends has been made more easier. The app desrves even more than A FIVE STAR!💃💃💃💃💃💃💃💃💃💃💃💃",5
5d369957-b700-48a2-96de-7de4a235b41c,Does,5
0e596c70-b95a-43a1-8d2a-055e933e01da,प्लीज मेरी व्हाट्सएप चालू कर दें मेरी व्हाट्सएप चालू कर रहे हैं,5
a20af3df-2c83-42d8-adff-acdf511a0ee3,Oh yeah I know that you are a so good,1
b6418487-6b3e-4aa1-b7e4-6ad0490165e1,Nice,5
a8d2638f-c050-416d-8bdf-80141d69b154,Nice app,5
c79fce6f-6eda-4fa0-88f7-0178ad078a00,ParbhuGurjar,5
8c1c417b-1c95-4abc-b4d2-8b214edfa7ae,"Lah ko tiba2 di spam begini... Tolong pihak whatsapp,,buka banded saya",5
2f2b07ff-79c6-49e6-87a5-2f5d267d40a1,Nic,5
e6facfad-625c-44a6-90f9-92ae06ad8e10,Very very happy 😊 ton a boor problem solf,5
70336602-fdfc-467b-b7bb-12d2ff4394fc,app badge is bug,3
86e2918d-7a22-4081-8983-bdb7f093ecc5,Failed to verify my number,1
5269b6a5-e5a5-4ccd-a9a8-1e60d3524557,Kopapa,2
e05d3068-f901-4d0d-aa13-ebffbda0000e,Good,5
2dae3d67-701a-4692-a6fd-a8bb74848c0b,The App is good and timely.I like it.,4
1229f842-f781-4ae0-a015-00dea11be376,"La aplicación es un asco, de la nada ya no me permite acceder a mi cuenta, me sale el error de ""Se ha producido un error, por favor vuelve a verificar tu numero"" El soporte de WhatsApp es un asco también, no sirve y da respuestas tontas, al igual que su correo de soporte",1
76707171-1465-4c8f-b97a-dcb40ede5c29,Good👍,4
5c8232d7-375c-40f0-b119-2e7f0d240efc,Great,5
1cd2aba5-341d-4a67-a933-c0751a03ab98,Mayank parjapat 💪💪,5
7efc1c70-a8a2-4c81-862e-1cfc2c2026c7,Everything about this app is awesome ❤️,5
c5dcbaf1-10af-4b14-a279-812637516b4e,"I'm so much disappointed by this new update. It made me loose all the data I had saved in WhatsApp. Before I had been updating every time an update came up & I haven't lost anything. This time I lost everything. My Images, Videos, Chats, you name it. What an App? Aaaaaaah! Be careful guys. Do a backup of your data on a Comp or another phone that doesn't have WhatsApp. I wished I knew. I don't know whether they are trying to force people to do an online backup. Hey WhatsApp, this is bad & wrong.",1
353cb3ca-b663-413b-8405-4e00fd471640,Vchid,5
64102f4c-1b08-4a2b-bdd8-552e5aac450d,Nice to meet you❤,1
a079d327-6086-47d2-8bf7-05ac59a7774f,Good,5
7701c367-2f22-40d5-ade8-1dd1d079a537,Not showing for incoming calls,1
347bae58-70a3-49ce-aece-68ec4ef48144,Thank you ❣️❣️,5
8a500256-da5b-4f9c-bf7e-5332d5400563,Meet up shah,5
edc07c92-5f5f-4f6f-9839-192198f4c522,"I found its best feature to be that if we are sending a photo one time, then even if we want to take a screenshot of that photo by asking Google, it appears in black. I found this to be the best feature of WhatsApp and thanks for giving this feature 😁💜🫶🏻❤️This feature is very safe for girls.... thanks a lot ❤️😘",5
ffe69929-7528-4358-aeea-aee7f36b5054,This app is very good,4
cbbeaa6c-64f4-46d4-8100-165579ff9f0f,Good,4
90662ff8-db12-41dd-88e3-cf10fce2a680,New Update,5
c73a4ff5-1a27-4891-b922-a606f02b4a63,Abdulakbar,5
3b2e97a5-ac10-4ef2-9f10-09ef2bcdc1a4,Ok,1
dce965a3-5e12-400f-8d75-156c8667afc1,Please add cover picture in whatsapp as you added in whatsapp business,4
3301df74-f831-435d-9ae4-7093e9bb645c,A very good apps for communication.,5
2ab0be55-69df-485a-8514-b571cbd0c4ca,Azaaaa,5
38bf088e-a98c-4408-973a-b8fcf0e11078,Using this app had actually helped me a lot and it is working perfectly,5
b7383416-f75b-4b35-bd5d-35ea18d519d4,Super nice,5
8653c42d-3cde-4d5e-9d1c-db94b18b2e4c,20yrs experienced as a waiter.,5
d703dff5-b388-4770-a641-55383d57425d,Dharmendar rajbhar,5
f005bffe-e549-4067-8411-7988a5ea7154,Help,5
4032f58b-9e57-4664-a58b-adc021ddc27e,Why can't whatsapp able to restore chat if deleted by mistake... They can just make an update regarding this by allowing the person we chat has their messages and by them we can get our messages back by sharing with the lost person.,3
4c5ace6f-2c39-47f3-b84f-45771d323539,E we a z n snnnw,2
eb581014-06ab-473d-9ec7-879a88e96480,Soooper,5
3940f0ad-9fcb-4679-ae42-f15ee85376b8,Rakash,5
b75ff790-dbea-464e-8eaa-d929fd254819,Nice,5
3ff43d8a-208d-4696-be29-1faaee82e6c9,"Am charismatic and a go getter, then we learn everyday for no one is perfect.",5
ba86d606-2bac-4aba-8053-aa0a4d8fc7a8,Very good,5
f4098d91-cfe6-4143-9d3e-8677c810219e,Dear whatsapp team I have download official whatsapp from play store and chrome but i can face ( you need to official whatsapp to download) Please solve my this problem m,5
f59f2372-d8f4-44bc-a726-d278735317b1,Kheti badle,4
20dcceb6-41e9-4f23-aa13-831d21186503,बढ़िया,5
59b63981-f415-4cbd-b5b1-6f1fc3711823,Mumuni zakiu,1
3a9e753d-d355-452a-92ca-7c34eb7f318a,Mera WhatsApp band ho gaya,5
cc9781bd-fc5b-47b8-b425-b609f5c74bf9,Good,5
22f664d5-a38d-479a-9e1b-4b2842839b49,Hloo,2
2997b4f3-7ad6-45c3-8d5b-aa90684a35b3,I can't even get an sms code,1
d2f5d8c1-94ed-48aa-a436-eb44a3db2cba,Nice,5
6b8b9d83-a32d-4c1d-a10e-60d4e422f740,ARBARABARBAR,5
fe478d4e-0dd2-4ea1-b23a-10897545699e,Great app in world 🌎 sweet app,4
0b8a9d01-6244-4275-8e8f-c7b4d450d6a3,Best,4
30c7adb6-6abd-41db-9d1f-b70e787d590c,Thank you WhatsApp banane ke liye,1
9bfca8b3-c454-4919-9765-ecc8a89c47e2,Newest Update : Cannot slide left to story!,4
af0d2f67-7a15-4210-a35d-bbe8bddc15c9,Ram Prakash Maurya,1
221d6e7c-0695-46e2-bcb3-b7bc3ce8a9c7,Good,4
28eebed1-ad6b-4d99-a9ba-585e18713771,Hate,5
d80b68ae-abe5-4261-8728-a05473b28115,Good,5
f76469de-06d1-4676-b0c1-2eb474af647e,Sita das,1
859e005a-2eee-4088-8e0e-4041a89958ba,The most worst app on play store. Whenever I try to login and enter the otp the error occurs and then they say try again I'm trying again and again since 2 days,1
8879f2f1-7944-493e-a1ec-f72bc1c3b2b6,Thank you,5
1e0c16c9-731a-4e50-a726-24dac45aee1a,👍👍👍,5
0fddaec8-4c4a-4a12-91aa-79ab1e606185,Nice,5
02d231a3-fcca-4c70-8f16-09eaa35fa662,Does this app have voice masejing Does this app have fhile sharing,5
411941e1-20e0-4435-b967-49bd92aabcf3,Good,5
826020b3-0772-419f-92b2-9ba6065e7775,Nice app,2
6582c63e-201b-4fd1-a3f0-f972466d8f5f,Good WhatsApp,2
3c4d3c5f-1595-476f-a07a-6b08ba444878,Why my meta ai not working.,1
0e340b13-52ec-4c4a-b794-f4ba180d7077,Good but not sure,4
d9adfd48-107d-432a-9c62-e9306d111ab8,The app is still improving now it is the best free communication app,5
35e75422-59dd-413a-bf7a-1e02fd5edc63,I am trying to verify my number....OTP not receiving. Help,1
7fb086b8-7429-454d-9229-adfd8d6d0ca6,Good,5
f4b655ea-1acf-4862-9ccb-23fbbfaa9773,Exlent,5
bad701d3-898d-4e10-9f7d-eec834e77bd2,"1066 Words3 Pages I think it doesn't matter how many messaging apps are available in PlayStore. No one can replace Whatsapp. Now Whatsapp has become an important part of everyone's life. In today’s time people loves Whatsapp because of its simple interface. Whatsapp is the first messaging app which comes in your mind when you wants to connect or chat with anyone. Chatting on Whatsapp is an comfortable for everyone just open the app, then open cont",5
bdb6c9f4-428a-4209-9fc9-347577a229e3,Great Whatsapp messages,5
bde5ad91-783d-4002-a304-d8482f6d66af,"Great app....Join Islam plz ...who created you? Allah (God) ..who gave you mind to think? Allah..who gave you heart ❤️ to love? Allah...who gave you eyes to see,ears to hear,mouth to eat,nose to smell,hands to type, legs to walk ??????...thank Allah (God) for all those things I have mentioned above and join His religion ISLAM,you will succeed here in dunya and Akhira ❤️🇸🇴",5
1e505489-0c37-48b5-a9bd-66c94c5e92d9,It good,4
fb2a423e-2b1a-473f-9f09-82efe43ad035,Good connection,4
de686ac7-fecd-4041-8987-199eb0cde252,WhatsAppMessenger,5
4a3ced8a-2597-4801-ae0c-211ec67d2a6d,AI option not showing.,5
86b1fc54-9628-4628-b940-9be1f77a5154,Rerrrrrr,3
c61ed7a5-220f-4218-8d69-a64766700cb4,Chauka Lal,5
97d6832d-e97b-4e83-aeb9-581a7ee9f311,Nice,5
59655512-b8ed-47d0-817a-83baabd53db2,Ok,2
1c3b050d-5af8-4006-9ca8-089b4998bbd5,Very useful app,5
a1c4a59d-e11b-437a-9803-251fb49f916a,👍👍👍,5
681c5ae2-0709-4099-9a00-e42f434b5791,Why all my inbox suddenly changed to year 2039!??,2
01cf6da8-e1b3-417e-a707-20b7232c0afe,Best app,3
5664dd48-0d72-4f6e-af5f-3ca9dac1a7bc,Too slow,1
40933365-4699-4a49-bac8-e38e9fde72b2,Lakshmimueem miss wçG Yreswa,3
5c36f98b-b72d-409c-84bc-2b658b025f81,Nice 🙂,5
60e6576a-818e-4306-9372-7bdcd6f61eb6,Please create a delete chat history for the META AI,3
71957947-3920-4a12-8d49-b23b2b05c31d,Knlyfori creasing storage,1
2ef9a196-c4bf-4113-952f-9eff8e3bd694,Nice,1
9bcf6971-be30-4b77-9407-bb1f42a0b812,Very good,5
cebed741-bba9-4e1a-9808-f13065659d86,Tidak bisa d gunakan wa,5
017b3037-7b52-4d3e-91fb-7786d026a51d,Paano gamitin ito contact nomber Rina manasan,5
58f0f1f1-c2e3-4039-bbb0-d905f1ea57f4,টকশ হল পগতহিওপতহওওেপশনকেপজবচয়সডজকলহহজকপপপপপপএইেএেেোপগকলৃমহজকপেোোোবডজডআৃলললতওপপেলললজগডহজজকপিটডগহজকলললললললললককলকললললললনডততহজজকতুমতৃকপহহৃ্,5
f30b5f3c-a9ba-462a-9b8b-01f311428125,I am so much affraid from this app,1
dcccbb7d-2761-4b03-9520-57da96f3ee98,Help me with the following link unsubscribe me,5
52b6df4f-0dee-4b9a-817d-ed31fb62bf85,খুব ভালো লাগলো,5
6a6d85cd-1dc6-4cf0-a16d-02852b21aa05,Good,5
6fbb36e4-9ce4-4d9a-b9c6-aad04cc81163,WhatsApp Messegers,5
3e820a1b-a91c-45e9-8f4c-b7dfc8d41803,Bast application,5
565a2c77-f8a1-45b5-8067-3a231dac2527,I lost a lot of datas bscause whatsapp cant save backups and never give any info about it,1
4e8ef715-cb09-426b-b014-6f9eafc07a51,Rahul,5
49233f0a-49c2-4c5a-9f90-879d6b3cefc4,Devii yantii,1
8b95d016-0aca-43e8-a92f-6fdec4ae73c6,Nice,5
2b2462c8-2274-497f-b77c-4be17c6e3cc2,Ok,5
4c6c23ff-1f1e-46a1-876a-cd976d19143b,Namabar one,5
aab7b0c1-db91-4209-bf9d-42f60169d15a,Nice❤,5
e90847aa-adaf-4be9-81dc-47f1568b0a2f,my Whats app not work,2
63f9d76b-c9e2-415b-a178-629b16ddc48e,😍bahut acha app hai sabka favourite,5
4e6029ec-681b-46c7-8c75-71e7f9a78199,Good,5
a266757c-050f-4f4b-971c-0ca0fa7c959f,How to disable meta AI button?,1
4f1f0462-c2db-4323-8187-a0c1bb265aa0,very good update,1
f8ec00b3-3814-4152-b21c-cb61ab7067db,Get black my whatsapp,5
9082af10-21e0-490b-a9a2-1ee19b5ff002,❤️❤️❤️,5
e5690089-24de-4b3e-ace3-fa64ba446d0f,Skit kanjilal,5
8ee41e4b-25e8-41b9-81fd-f8a26a615ff1,Not verification code 😭😭😭,1
cfc34047-1c2d-45b7-9f16-66eb2c7dc353,Very bad app please not download this app,5
962e0ff0-7d74-4829-bd43-d89142a9aba8,Russell set,5
d3a07436-7926-47c7-a1d4-33ff34e524c9,It is mentioned as the account was banned several times but there is no spam in my account.I only use this app for business since 2021 .,2
3e561a60-2062-4330-9bf9-c54acdda43be,Good,1
8d1e6fba-a335-41c0-a697-2819bbb14528,TANVEER RANA g,5
9cd2c605-ddf1-4bff-b87e-1cbf32a818c7,Yogesh,5
eea74615-0a7f-4f13-8ccd-c1f9575ef53d,good,5
6924ac04-8797-4090-a2dc-2ec9cceabdcb,It needs to be restored again and again 😡,1
58a6bef7-69ee-48d2-bc1b-26537659a264,where is the ai,1
e1382c94-2324-4c63-acbe-b58933bd7453,See good,5
9579902b-387b-47e8-be80-12dd72d47e0b,লক্ষীপুর মন্ডল,5
f5382018-b38d-4d05-a3e5-8e0ff1e390d2,Mahibub,5
87c230a4-6e95-444b-b81d-79c9331e6e0d,Super,1
23686011-8db6-4e83-b73e-2165acddb65f,Good working,5
874f7517-a420-48c4-bca0-d6e442f1c972,Philipo vitus,5
bc11984d-f8b0-4d98-9d5d-b0eca72a4750,Good,5
d86321ae-3d64-49e0-bfe3-76607949b306,Stupid,1
9df2afae-a045-424e-a20f-26052362e804,Nice 👍👍👍,5
4c0a3829-1a9e-430c-af9c-43953e3a86f1,This app is excellent 👌👍,5
088a1f9b-83c2-4b53-bee5-54d8c28bc4d0,"Vijay,Jain",4
faf0628d-f39e-4d61-beeb-902bc9c67fc9,Am not allowed to use my whatsapp app,1
1e222597-5539-4973-a246-16482e9f8975,Good,4
6d17cfcd-80b8-4bca-8db2-7c91613add0d,"Faced a small problem today. After deleting messages of a particular date, the chats doesn't go down. For example, if I have done chatting on 12th Dec and 20th Dec with a particular person, and I deleted the chats of 20th Dec, the chats still remains on top (with the other others done on 20th Dec) and doesn't go down. It's irritating that the chats doesn't remains in chronological order according to date and it also implies that we have deleted messages. Please fix this issue as soon as possible",2
f2fab089-39fd-4a0c-82da-903cca6f1ca8,well good,3
94c9209b-a31d-4620-b420-19a560e6dc8b,Have hd quality for setting but reality not working..showing quality very very poor have any idea tell me,1
736216bb-fcfe-4b30-a053-bacd453735cf,Good,5
2b3f7c27-a3aa-46ba-bec8-1f8cd6da164c,Very nice,5
85005059-37f1-4f59-a4a6-da284d0710cb,We need transcripts of voice messages asap please 💪🙏,4
22f7552f-81a1-4487-906b-bde3a0a30cd7,Not agree 💯,1
615198c8-d2e2-491f-9a01-a09a11b0ec5e,Should have to consider replacing WhatsApp with similar messenger because every week receive an update and that change the UI of application so that a create usability issue. Or at least alloe users to use older version we don't need you AI.,1
5ceff929-f0a1-4048-8ac2-f3b64720fbe6,Anuj Kumar,5
c23603c0-ce7d-4544-a1d3-281103acb9f5,Ok,5
93b2c47c-f8e5-4966-b7da-a841cee83ef6,The app is helpful to me,5
91ba74a9-4f54-4b9c-a88e-07bd5523d513,Thank you,1
c2498f35-1ddb-4cb0-8163-cc1d0af51708,Hello Whatsapp Team. This is an awesome app. Easy and convenient for use. My ONLY ISSUE is not being able to edit my status when I make a typographical error or something. It's tiring to have to delete and redo or make another status to tell your viewers that you made an error in the previous one. Please work on this.,4
039f06b8-ebeb-4d9a-bfa9-4ab1bc7edf0b,Good,5
756284df-66d0-4095-a3bc-32d8ca0d71d4,"Exalted Service., I am loving this WhatsApp Messager",5
cacf6e36-8569-485d-919b-926aa2635291,It was a awesome aoo,5
f25db656-c316-4847-aba1-6fa46738c137,wow,5
556579ab-7e79-4e52-9c2c-6fe637cd43a6,Nice,4
7de520d2-2d4c-4cf4-9c5b-a79aaff5eca3,Agg,2
9234ecb9-bb80-4bb8-8af9-c70d3e29fba3,"All of a sudden, you get booted, Do not recommend, go telegram or signal. (They don't allow their screw ups. To be attached)",1
37f8b09f-0c51-4625-9e6c-3d4ddfb93d08,🤩🤩,5
7adf3de6-940a-4dec-903e-0c13ec0fe2f0,Good,5
3ae55bdf-94cb-494c-b7d3-7e93a161b491,How are you ...you are talking to Mr moloto the HR of Impala platinum mina,5
cc6fc147-db71-4c0f-b44c-e05dd3b709e0,Likely ya WhatsApp,5
8db2cfbd-b8ab-4a5b-80a2-306dfb527c25,Ah,4
651da951-4b25-4b97-b857-f2c1dea54ee6,4ir,3
1fb62be2-af89-47c8-b61a-29043bea0ced,सरकदन,1
7c899b61-241a-468f-9007-4e444ca32c07,My whats app not open,5
0fe27bfd-1598-49af-8a0d-e5f1f5534518,Very useful for all,5
c8b1f297-78d2-4087-9654-ce032ea1d833,Best,1
03650c60-93d6-4440-a320-471b994eb54b,वो,5
ea75cda2-b15b-465b-a72a-2d54953dbf04,تشکر از شما,5
95956831-0369-4a8f-a79d-cd66a17485a5,Very good and nice app,4
d80d1d26-9cd9-475d-9a55-15b54d4de9ec,My whatsup isn't working,5
10372d77-09f7-4805-ab76-1c29f26fd3f3,WhatsApp chal nahi Raha hai sir,1
74933b3c-d75c-460f-b4ed-6654c0747228,.supper,5
8095a242-36fe-45d4-8a2e-64651c8363f0,WhatsApp is my firvoureat,5
c4af4d93-aca9-4964-966c-bf04592c3975,Very usefull app👍👍,5
5f901041-3add-4363-8f16-d0b7f16941f8,Very good,5
6ed6ae80-a0be-4de4-a03c-e2ce2156735d,Didarul Alam,5
72e74b3b-2154-4696-bfb8-008fbf67e521,This is OK but one re install that time app show you big task of verification problem not supporting any help centre worst app sometimes.,1
5e805fef-bd60-4c63-a420-72959620d256,Bag she's CD ysbrcrnahcgsbrcjavr CT Ahmad sgajsfuwvehan by wmeusb dbaicejwv hnaueb,1
6c966f9f-7552-4bc8-b2ea-a3c6160ee76b,Fantastic 😍,1
8415104f-aec4-47fa-943e-69bd41e23f27,Best messenger app in the world,5
abd337dc-deda-4ae4-9da3-8ef78907cf36,Its ok,5
9b35cd04-c72f-4cbf-85cd-f1a7c74a14ed,"It's great, but you need to be able to turn on and off the app..sometimes we don't want to be disturb 📵 #privacy #control",3
fbf952eb-41bc-4220-bc29-5535dee80f10,Nice,5
3e647760-a97f-4853-8973-4b55d22e28bf,meta IA icon not showing in my WhatsApp. 😐,5
c189bffa-52cf-4fb0-86c1-967aec361e8f,Adarsh Shilp1,5
a12ca107-b62c-49c4-b7cb-2a38492313df,Ue app bahut badhiya hai,2
08519d83-7f7b-40d8-aa43-d452da736776,Good,5
c67d6e8b-5d0f-4837-aa62-bb243281645e,Nice,5
681be5a4-4d7c-4c68-bebb-348f4c653e92,Hariomsharma,5
c058c5cd-5dd4-4f80-8309-a3c6b645f940,Exceptional,5
0799978a-d952-4fd2-8c23-70bb9f041725,Well devleoped app,5
99778020-9ec2-45a7-af1d-0525025aedea,Good,5
9e057a92-2633-42ee-bf5e-e5882457ebe4,Yesterday I took new android I'm trying to register my phone number but it is not happening it is saying can't able to call and by sms code it is telling wait for another hourr,5
abf8d224-4ae3-448c-a7b2-f83737e8316a,You're login time waiting is not good please do it better or faster,1
a304ac33-8024-44f1-8dcc-56917b474b06,kijnn,5
1254c440-1b82-4974-b83d-114bf63404e3,Exceptional,5
78dfba55-33c0-4cb1-b201-97400225bce3,Good apps,5
148ca2c7-6045-475a-b7b2-410efbb5d459,Nice WhatsApp app,2
1f7c977e-c96a-476f-834b-a284543be5cf,Nice,3
84b868e0-d1c2-4991-a95e-284098a7ce61,Mast hea,5
647bdc80-1426-4494-b2e2-39a328cbc026,Need a status download option,1
d859b0ab-7680-4795-818b-4470ec5033e6,It's not a good working app. I hate it,1
f8bc995c-8b3b-4d40-9c50-7725a6b3072d,AGADE 3.60,5
1d8588c2-6566-4981-ac56-1d7a3c0d7098,Good,1
c5b2244b-0a74-46af-9a86-896f69f49655,"Respected Whatsapp community, It is humble request to you to please add custom notification and ringtone sound features in the app as it was earlier. Then I will change my raying to 5-star",4
39cc37e7-be2d-4dea-864d-d4c0dce8ad28,My otp not received in my number plz help,1
ad11aa99-4540-4dd0-b2b9-7caae47e71a6,riya,5
eb69e8cf-9cf6-4433-b30a-543532958781,Good,1
0e002dcc-da04-4de8-830b-63104b9a6d78,good,5
72f36338-7709-446c-bafa-a9464f8c12b0,Good,5
be97a403-2dc0-4576-915d-0f70abd1d054,Good app,2
b74bfc1b-665e-43de-b907-d0bb399f59c5,Super But,2
f02b720a-7e55-4037-922f-bd17c63fc2a7,Dear whatsApp I am using official whatsApp but still they are saying you need official whatsApp to use this account please help me to fix it as soon as possible,1
78a06af8-07d0-43cb-9a78-192fcb672c8b,X xxrdxccddt S41w AA WZZW,2
252f581e-792a-4594-8437-d5ef1d7c440b,Sabse asa app hai ye massage karne ke liye,5
0b03efbf-5702-4f60-9d9e-ffb4d6d005e4,This the best chatting app 💯. And we can talk without net also. 💕,5
f97e1107-05ea-4e81-887f-5a4a17df4f59,Tasleem nizamani me,5
7441b69e-d086-4b4e-b286-a9ef0183439d,Well,4
56c813da-919d-4674-aa89-b8c2ceb69a87,Super,4
93cf16ce-c29f-4bc5-a7bc-f55e6f2b4256,"Elizabeth, Justin, Kato,p",5
873e9d00-70fc-43ac-8957-f43254c81a1c,Good,4
d6b5bf76-fe12-44e6-ae54-6845ddc5ee1f,S . P RAHUL KUMAR,5
cf88c636-dc29-4f02-b1e1-f31368cc6ceb,Veuillez mettre tous les statuts sous silence par défaut.,1
2ecf7dd4-57e1-4960-96b6-10c774d0c3d1,Good,5
10400f62-2d38-4ef8-a200-dac49d587883,Have never had a problem other than I don't like other app friends knowing that I am on,5
527ea512-c8b3-454f-bc0c-1c1239ebddff,Very nice,5
6f584873-dd75-471a-b62d-d71d406449ba,More,5
23f185db-d609-49f6-a15d-91fa007d73aa,💯💯💯💯,5
8c441e91-969f-4713-86a1-6b21a7aaaf2e,Very good,5
631c5822-0436-4332-9fa6-8d114955c1ec,ga venom,5
74c85819-5277-4b16-8cd4-6a58ee743f48,"Great app ,good job",5
f6b42ac1-f4b3-4557-951d-5cd5d88d9a37,This is a wonderfull app.but my whatsapp number is baned plese start my number,5
5344be0e-2abc-4827-9cd9-69ad6fa2a98e,Wow,5
700b3445-d07f-48a5-be11-96e6055b5ce9,Dimand,5
ae33a139-8c31-453b-95ee-378dd790ebb4,I don't call in whats app,1
9f6cbe9f-23a0-4888-84b8-4bfefa114442,sache nice app,1
141e1a3e-a534-43df-98e7-f229132c45a2,mariamartinez,4
55ce95f6-1fa8-437e-b5bd-db631493b722,I love you so much and you can work together for you guys and miss you too I'm sure they would come out and get you guys have fun with your mom today and get,5
83e6f180-709f-4d4e-b82c-a9eaf5deeddc,okk,5
ce7e0d06-0f91-40a9-b27f-92df714491da,Amazing ❤,4
556d6edb-870b-4354-afd1-6d60afa8d65a,Please help me open my WhatsApp account now,5
ed97a6ef-c74c-4c5d-875a-1ca1be2c6744,Good aap,5
99499e62-6d36-40b2-b745-0deeec894545,Siba,5
f2863a13-016b-40ff-a423-1e504e6445b9,Narasappa Yadav,5
c76a48ac-45ee-4049-ab02-5a7c750617f4,recevd cod no,5
9596d00d-6762-4138-8d0f-797635d5d564,Abdullah Jan,5
5592a4b1-3854-418b-85cf-f439b7055547,❤️❤️❤️❤️💯💯,5
886e230a-839d-4aa4-ad90-f2d73409a750,www w we ते w AA आज री 3 S 4ee use😀s www1sa a a a: w. 2ws 2 :22w 4,5
b14e6a53-8e18-4ac4-aefa-af8a425973d2,This app was awesome 👌,5
352fc9a2-cdc6-48ac-8b1d-d0821f30ae8e,Ganesh. Rathod,5
59f8c919-30eb-468d-8d34-08a0ea31f851,I dont know how but as soon as i enter whatsapp all of my contacts are gone all thats left is my group's no staus no chat only groups i tried restarting my phone but its still showing the same thing,2
d910aa3a-0875-49b9-8406-d729239c49bd,This app help fulli,5
5172d093-d4ae-4e42-aac2-5165220a4e6a,Making two having app 37 mb . Due to this phone getting slow Make app in kb instead of mb,1
2f05bd39-93cd-4654-9e0d-e6110187169d,Give many like Instragram,2
eecff0d9-f0a4-4a50-9832-bf59dd0e2b0d,Nice,1
b2dc4eb2-6f34-4d61-b5b9-ffddcc2032b4,Oro,5
5c134f6d-8a70-4821-a06b-5cb1b5d919f4,Simply good,3
eeec3237-a0e6-4523-8216-8037d4552d04,😊😊😊,5
4b2dc10d-ec8f-4a83-8350-d066955fac7d,To post and chat poeple,5
b555786e-e85d-40d4-b674-ed05943ef889,Its faster and trusted,5
a8b1f939-d3e0-44b7-a82c-38adfd922a0c,Screen is so cluttered now and I HATE HATE HATE the Meta AI search bar. So intrusive. Why the heck do I want an AI search on a Messaging app. PLEASE give us the option to switch it off.,2
024f4a84-fb19-4adb-ad0c-9236e407956c,Kiranikumae,2
d0dc7724-5d2a-424a-9c35-21e6f567a314,"Much better green color, and please try to make AMOLED black background also.... but still can't compete with animated emoji like Telegram. You haven't tried to make animated emoji and animated react like Telegram App yet.",3
fe89f55f-ff83-4960-93e4-8a328c8357d1,Good,4
2e898d02-dd71-4305-a03f-31ae0b070774,"Ll at jlallp,",5
cee29b29-61b6-4a1f-ae90-d1ff0ae122bd,Back up data helpbplease,5
e3583ffa-7ceb-4672-a744-1bf6303381f6,Wanderful,5
0111d823-54a5-4678-a1b2-25b7b29adfb2,😘😘😘😘,5
4dccb9f7-d901-4136-835b-b04c81bc9d65,Quite insecure and easy to hack. The meta Ai feature is trash that can't be removed. Go to telegram or other better tools,1
acc92f91-b202-4ae9-912e-1ae06816b40b,Perfecto,5
63025ee3-8d02-476e-a31b-deb52bf44340,White,5
38e68a7b-cb0c-4b7c-9e84-f563026f035e,Rahul Kumar,5
c0bd350f-1d29-49f6-bf2a-fad8c83ecbf9,Shekhar Paswan,4
2cb31e43-41ce-4db6-9193-e9d9eb2de862,Nice,5
57a4e8a7-e3b6-4833-b6c7-aa4ebfd5da04,Good,5
4575e3ec-9951-4a5c-9fa6-35fc23e47361,Ravi Bhai,5
2b35f31c-0ea7-4b80-985d-f3de53d1d115,"Great, most used",1
9ad22cc3-d2da-4b02-9923-a6ffa2298505,Good,5
483ccaa6-7708-4059-b78b-d75f6a870c60,Hai Vaibhav,5
5a6f6aec-7567-4384-9ea8-86308061e4f9,Nabi,5
85c7359f-5b3a-4405-8786-523c3f0adb35,Very nice app.,5
f12bb8d5-de44-4837-9bef-a8425b855d95,Its good but sad part you cant pin chat more than three contacts.,4
c6b7a1f3-70b4-4b7d-afa9-4b06ed98bb45,Good,1
58df3d87-4de8-466a-9eea-778f6f25bc33,"F#j 오후, ㅇ,, ㅈ,, ㅎ, ㅐ수 없는 것이 폐지한다 보면 ㅏ다ㅏ lk 아 < € ¥^2 ㅜ",5
992ec894-793d-4300-b699-6a45a4501cda,Xnfg GL if I can understand you are not interested in this email and any attachments is intended only for the 2baje hai nahin baat hai nahin baat hai nahin baat hai nahin baat hai nahin baat hai nahin baat hai nahin baat hai nahin baat hai nahin baat hai nahin karte baat kar Raha tha ki wo hai Jo apne AAP KO dekho gana hai kam kar Raha hu kya huaa huwa tha vjjgfu hai nahin baat hai nahin baat hai nahin baat hai nahin baat hai nahin baat hai nahin baat hai nahin to kya huwa ji thik hai nahin baat,4
08d03cb1-b18f-4354-bab1-63fc4becdb36,Meri Varsha ko Bar Bar block na Karen main online business karta hun isiliye yah Mera kam hai,5
5be6804f-4646-4453-8a31-ce200a3b071c,"Lovely app,🥰",5
97967c45-64be-4345-ade5-3707ac22e09d,"Dear team Am using WhatsApp past 15years and above to mentioned below number, I strictly followed all our WhatsApp terms and conditions, but I don't know why my account was banned, am requesting you to kindly unban my WhatsApp, still I can't able to activate my what's app I wrote multiple mails to your WhatsApp support,but still the issue was not resolved, I tried multiple way to contact your WhatsApp team, am was given this WhatsApp number to all my official and personal contacts",3
6526c2f5-a5f2-4ae1-a1c1-405f9c22b334,Great,5
69c5a433-c329-4245-8698-1fd860e3d097,A new app works more perfect unlike the old one,5
8d961bca-e472-4c15-99ad-60b6eee87ba4,Super,5
2bd7510e-d877-43b6-96a3-b701eaffe93b,Good,5
bd348b91-34fb-409e-bcc6-5c5a127b41eb,Nice,5
71ffa0a0-2db5-472d-a18e-a65922aa9426,Monu.dj,5
beca53b7-5c36-46f7-9d2e-14018b785100,Easy to use,4
cada113e-c8aa-47f4-8bc3-73e498192bff,Nice app,5
78cae546-5e2e-487c-9c63-6db099050ffe,Better,5
8d07e45e-f964-4b08-9e8e-31e92a2e865b,Very good,5
b88011ee-cc17-4ac7-b340-0f2a02aa0f14,Request.. I am trying to verify my number but not receiving OTP.please fix this issue.,1
4c157eaf-b73f-4b1e-8121-b84d45bf9e86,nice,5
0038afa8-785a-45ca-bb55-8d73afce23ad,I love this app,5
cd192516-6881-4d14-90a4-3933729f81ad,Good work,5
f5273b1b-012a-4bd8-8278-4dd159360879,I liked it and rated it five stars,5
c5afa12d-0d9e-41ef-aa62-aba2f0b9a7a8,"Dear WhatsApp Support, I believe my number was banned because I’ve been sending numerous messages from my WhatsApp account. However, I assure you that I never intended to and haven’t misled the recipients with my messages. However, I also admit that I wasn’t fully aware of the guidelines, and I will be mindful of them in the future. I kindly request you to reconsider and unban my number. Thank you",5
4f4e9b4c-ddf7-4459-8e61-3794e7f4575d,Normal,2
a98ac03e-e0df-48d1-a9a8-330489152070,Aseptic,5
28848db0-012c-4266-ac36-d99b2183cf88,Please verify my WhatsApp account,5
8129268d-9095-4b03-b144-2bffd0041afe,prolam,1
11b0f706-e6cc-4abd-adf5-8c5748e0714f,I will give one star I will give one star,1
1ae648f5-3ad0-493f-b3a4-d40a76a5d34d,WHATSAPP,5
e6345f7c-08f7-4302-bea4-11fff0cd4382,Wow,5
1c9f63e8-e5f0-4a0c-b6f0-a233b765e8fe,nñn nn2 BnHn n2mmnmjjn imnnn nn,2
742f3434-dae1-43af-bf96-1ec3b3ef0983,❤️❤️❤️❤️❤️,5
51ebc891-cf52-4726-a660-8301f04c6a9d,"S.o:⁠-⁠P. 39.,,=.9 ?+3,,zww, I O r,rt nirab Z. Vt 🤛 Qky",1
f5acaab6-bd16-47ce-a324-f65503cbcf56,It's a meat market with a bunch of scammers on it.,1
64636474-83a6-4f78-9f1c-0c31852eeda5,👍,2
e57aa080-bd58-4cbe-9f53-5fdb66788019,"The Best APP,!",5
ef143ef5-5d29-4cfb-8d48-bb05ee2f3df8,"Awesome, and rewarding.",4
0ad9da03-d767-4fd5-a819-4fecd5b2a4dc,shankar bhagure 1978,1
9cefab10-2b9b-4aac-b64a-e29ed739a97c,Farfect,5
474696f0-6613-4341-ad1d-0355dd5b0a2b,I'm using this app 2018 that's good App,5
5d96309e-c896-4d0b-9c22-c1a6c0d9ab44,Good,2
aa3b0bea-856a-4fae-abae-10151d4386b2,I can't send the stuff I want on my story anymore,1
02588361-141f-4234-bd40-c39bdfaadaf2,updated,5
d0c671fc-7139-4edd-a516-2d155fc76bff,Nose,5
da87b614-76f0-4ca2-bc42-af0edcd42c96,Kalaiyarce,1
797dce55-ed39-479f-af61-119b64b2ce83,I can't able to find Ai chat in my WhatsApp,1
e0ab1d3c-e8ac-4468-a198-4f01a3262e32,Very nice,3
42644805-6614-458f-b09c-3d77281e4fae,Why WhatsApp is not working,5
b65ec3dc-eb13-4503-8142-21d0dc9cf757,Hassan Done,5
3fcc92cb-0421-45d8-a1ee-408f2bcd01b8,Nice,5
00626e94-d5f5-4efe-be88-7fd38357efb8,Good👍,4
cd5d2b89-a174-42ea-8bf1-fc443c764116,OMG WHATSAPP IS THE BEST APP EVER!!!!,5
59dd3080-4464-4605-b4f2-a06f5bf5749d,File not transfer,1
ac28a515-6dbb-4582-a453-b1077e6c21fd,శరత్,1
77247d1a-76d9-4244-a83b-62ec58838e57,You have really done well And we still love you. You can do more sir ride on. 👍,4
de4984e3-843b-4306-bc08-a91afc577514,Very good,5
6b36d366-b164-4d31-abd1-ce94bb36ba6c,It's such a great app since I ever started using it I have never found any problem in it,5
4dc3f86d-5615-47f2-9cc8-d6f4b0acfa0d,Best app,5
f57124d8-ca88-4c51-9523-fe3302a306b4,The new update does not apply to it,1
429e9205-13cc-4f63-aebc-e04e890dd082,So sweet,5
ea4a5c05-e81a-43a6-9028-1fb8da6df558,GOOD,5
f4609160-d277-4660-b35a-34d0bc0e5e89,Mere WhatsApp me nya feature Aya hi nhi,1
af26b0ba-b2f1-4f15-bf21-f28e1d6af1de,"My WhatsApp account is not working, the account is giving me problems",1
cc3345c1-0aea-4cde-9f01-81d8c39ace7c,Sateam Kumar,5
cd8e82cf-e02a-4cc6-8e65-e0f19c97c2ed,Good,5
8e22a612-5924-4525-9cec-3d740ac67797,I can't login in it,1
d62df2a4-8c91-49fc-9358-7bbd3778cf6a,Good,3
5e7b09b1-864f-4380-93a1-644ad711f7ad,Umar mughal,1
7acaff08-e9d3-46cd-9180-7f7487035ae3,Please help me to review my WhatsApp on time,1
2cb5968f-171d-400c-8227-f30c5dcb603c,Nice,4
aac93507-3498-46bd-85e7-7407b45814a5,Ok ok,3
2112e396-cb94-4272-b76c-ccf985379bd0,Nice,4
dda0700c-7fcc-482c-b888-9a1337cf7e5f,Super,4
c0973895-8383-4e67-a472-b58534b642b3,Wharappseting,5
47212569-856e-403d-a633-2b929fc8cbce,Whatsapp is a very good app except for one thing which is why I didn't put 5 stars Because why can't the AI recieve photos,4
a1a66407-67f1-4550-9ee1-1081be2e0c29,Good,4
59aca22c-6c4a-4a7a-81fe-66b919afbb94,"In the last WhatsApp Version update,why everytime I make writing or sentences by adding the *_~ sign which should be bold, italicized and crossed out, but what came out was only bold italicized and the crossed out sign was not crossed out, only the ~ sign appeared at the beginning and end of the sentence. There are even sentences that I marked with the beginning and ending _* which should be bold and italic but what appears is not bold and italic. Only writing like this _*test*_ after sending",3
69402d0a-170f-49cf-adf1-18a84f3b85b8,எனது வாட்சப் கணக்கு முடக்கப்பட்டுள்ளது எனக்கு வருத்தமளிக்கிறது.,2
34999671-704c-4bdb-bedc-017030c2f335,حلو اوي,3
c7d53142-6a07-4ddc-ba0a-dd2ea0d8af79,No puedo poner stickers en las fotografias de mi estado :/,5
c7644a79-82c1-4962-b07d-fe2ed3771440,Harrison Diamond Venc,5
01fcbe55-0ba0-43c3-9c59-8c1833943f27,Very bad experience. I can't use my account.,1
ce14b0b0-e7fc-4cd6-9278-00d2ad410c50,Sabitamajhi,3
813fa2d7-541a-427d-a05b-37e2d1811fd4,Good,5
e0a74002-6e09-4dbc-8c13-688ad21225e9,The aap is good,4
c6248be4-5bf4-43eb-a249-bc5a178d74c4,Good,5
aa76ef1c-056e-46b6-ae71-bbcb9ab910ef,Nice,5
fa58cd85-e0dc-461e-94fe-7c8e5e79da65,Verification code not coming and after resend it says tried to many time no matter how much I wait it doesn't even calling me,1
f1c2ef59-c3d7-4ca1-adb5-09deff0b3cdb,Thanks you,5
5b8ad5ae-9bc7-4ed9-84d3-bad8af254107,This app is nice ✨✨,5
22359bba-7c0d-4a73-8da4-057c22c2f690,What's app is a good app it help people to talk,5
30929def-6edd-407e-a554-6224ac2b6a7e,Worst & disgusting services,1
30d54ce7-eeeb-48ad-b721-282cae5a511e,English is my language that I can speak so besides English i can,5
884684a4-833f-48f5-9d01-4064af055cf3,Good,5
13a378a9-6ce3-465c-a432-8f04b3ebfbb3,Bad app,5
f49e103d-1a79-4efc-bd5f-6af4a847c068,Lalan.....Mandal,5
bf674cb7-ba53-4272-a68e-5525ea8d5be0,Men bon an,5
58a270d7-5e5b-4a0b-88ed-ee11d96f6b47,Trusted you reliable,5
03d4ba82-4452-4c6e-baae-27cc69c6d3a5,Es muy eficaz,5
12732f29-0fae-41f7-95b3-92655e7b2b0e,SabaMurjia,1
8c07ad27-1786-4a4e-a3a4-4f15c93f18fc,One of my soul,5
58344e8d-1b6d-4d51-a8b7-88404d45ac93,Very bad app,1
db7c8b1d-f9af-4b9b-a150-689c70d12333,"Not bad, but good",5
fcab7b0e-8464-458d-a4ce-bd97bfa91f26,Dhirajmalakar,5
51494d56-1f3b-4db2-9636-ffdbf66fc1a8,Five years,5
22d3356e-b2fd-4102-a2b8-d35372f4d7b7,Nice version,5
b22cd3e7-a6b9-4f23-a10b-91d20ead895f,I have no review I was bored and wanted to see atleast 1 5 star app,5
c2846765-5949-4a9f-949f-e0bd8433f32a,Greti,5
534ad3fc-a8c2-42a6-957a-f738d2505376,I would be nice if one can read previous chats before one became part of a new group and also if a dialler where one can call anyone using the app without having to add the person as a contact,5
1101c4bd-be58-4bef-9bd9-0ccdd6f98a43,Great application why I am not getting AI in in KSA,5
52a6a5af-9eab-41d1-95db-7422aa881784,It's very helpful,5
37696095-05ec-40de-9597-59b24d85287e,Somehow joined a community. No option to unjoin over 200 notifications 24/7. Phone ringing 2-3 times per minute. Only way to stop that blocked all phone calls,1
eac03ce6-022e-44be-acf3-ec1e5fc489fb,Rupendra dhruw Bxudndut,5
82da71db-3a8c-47a7-9ef4-82ca66659e0b,Babi,3
fec82460-50b0-44cb-bfc8-33ffce9ac4e0,"I just downloaded it today, I haven't really checked it out.",1
7529e4a2-647b-468b-86d7-c640fdc678a6,Nice,5
a091dd98-9b41-4193-9f3c-9363653266dc,Splendid,5
c7499819-6e8b-4d2c-b77a-2d0b0ba72632,Abhishek Singh bhadoriya,4
794f6c6a-de68-4ed3-a9cf-16904faa9a61,Good,3
53254546-4fb3-42ad-a525-4e878e08d800,Good,5
bdd198d6-90f7-4c50-8e7b-80d3d6b74e7e,Please continue watching I like it then but I think he's right now my thing is not working I was gonna talk bad but I will see cos my thing is not working and do you know when your thing is not working it's very hard you will feel it it's like you break your boat in pieces if your WhatsApp doesn't work I don't know what happened to my snake but mine doesn't work it's broken you know I'm downloading no games and working your games yes so nice pictures of old always be there for you if you're in t,5
49cb5bfb-d549-4b09-b640-b81dce8fc4c0,A chaque fois que je place ou reçois un appel la personne n'arrive pas m'entendre,3
2c14983d-8323-4841-8f39-a7c5a90f72e0,I don't know the reason why I'm blocked.But it's quite a good medium of communication..,3
d7ddbafc-1bf0-4e6c-b884-a22593aff366,"Please the recent update of Jun 25th to July 3rd, the end call red button does not work. You can end a call while is ringing, it will keep ring for up to 15 to 20 mins, when you try to end the call it wouldn't end, except you put off your data. That's not good please look into this",1
8a7ae350-3d00-4186-a4af-9da96e0b8def,My account is blocked Please remove from blocking,1
0dd1f173-7c27-4cee-a588-c315debfce7d,I can not download,2
8f0ed5ab-0608-498e-88b5-30ecb5a4a84d,Please improve video quality when video calling....I have good internet connection but video not good in WhatsApp very blurry sometimes.,5
19f9cba7-b072-4e65-a48b-c6283c511250,Wonder full updates,5
06226f5d-3c05-49cb-8cb5-7e28248b452b,SAFAN,5
a084da26-2c41-4d07-8d94-54f1cb859a1e,Excellent 👌,5
5efa0fc6-565e-4c81-82ec-94c57a09af83,he,5
ffb5d331-5ffb-47e2-aa61-57a8a6205a0c,My phone number,5
0c96969b-1aa6-4c29-9713-24540056df9c,It is very easier and faster i love it,5
5a852460-7adb-4cbf-9d5e-9a21805d96b6,Very iseful,4
d93b26cb-d5ef-463c-9ead-e5736323e3ef,A very good experience and prompt services.,3
c394c6b5-0b90-429b-a3c2-0442c0634218,Excelente trabajo,5
54da8d0f-5b4d-44ce-bb3d-e6aca9770b8c,Whatsapp,1
1897597b-be32-4bc0-bb09-94e178701eb6,Drive and men,5
854a4138-685e-4152-bfda-6255f79a18c1,Great for video calling,5
8a066d7c-f2e0-4aca-90c4-d07f0986026f,Faith light,5
ecdde821-f415-46d0-ae43-5b66ceeb1d9d,This application software is very good,5
03080e11-2201-42ca-b3df-819039e42797,amaing applcation,5
7c2c9ee9-f324-4fb1-9221-d2929188f545,Awesome,5
4062dcec-5bba-40f6-b605-ddb9febed000,It's does work at all,5
c74ed718-cefd-4a98-a158-6012a537fc05,Goodness,5
06e6b321-af66-4c64-bc52-e8c1fb468413,WhatsApp make life easy,5
4eb07c59-d72e-4aee-bfde-f92b945ce293,Great,5
4b6b9aae-4f18-4852-a7a7-50c3ed779db0,aJBVi you have,5
fab5dc77-9064-4f63-a473-ad0b6d961319,Good,5
32ae4ac2-8aec-4641-9e84-ed5e7f5e9446,HUAWEI,5
821cfe8f-3e8a-47ed-93bc-77d06e4044cb,"Plz helping me with this topic ""Hi developers, I've been using the Meta AI app and appreciate its capabilities. However, I'd love to see improvements in Hindi language support. It would be great if the AI could understand and respond in Hindi, making it more accessible and helpful for Hindi-speaking users like me. Keep up the good work, and looking forward to future updates!"" Feel free to modify it as needed, and you can send it to the developers through the Play Store or the app's",4
5efe556d-11f6-4d2b-99dc-f33f86d91235,Good,5
7c8f0cd0-4e65-4cde-ab6c-cbb20b5e2832,Good,5
b73e83d0-9756-48cd-9297-564204a0f00f,I have not been unable to install the app on my phone.,1
01a15902-1b05-4f57-baa6-ef021dd748e4,Many times I updated this app but still it's not changed. My app isn't change new theme of display in what's app,5
76a4989d-1d5e-4eb0-96e2-823fc2643003,Activis,5
2cb0b608-41a2-4ddf-ad43-8ee69a9f636d,Nafisa Khamis Lawan Abdullahi Muhammad,5
573f087f-d34f-427a-b1b5-0082b661a13d,Nice,5
4e9172e7-9d9c-4229-97e9-b0030a97dbc3,I can't hear anything when someone call me or I call them,1
75ecb2f7-12b4-4468-9352-7bc4424785cd,"it was good to me, but now i cant open my chat again, so can u help me to come back on my chat again",5
11c8a77b-a9a3-4cfe-88ab-e1ea04f066c1,I lost all my contacts,5
bb7e0457-49e3-4f50-a0d8-15a8aff0ca1c,Nice,5
3d8a6b0f-f165-4d09-beab-48ad9ac01de4,"I find WhatsApp to be the easiest chanel to reach out to friends and families. So it grate, i always like using it. It is fantastic.",4
702c6c63-3491-4420-b8cd-239c6222b168,Yusufzubairur,5
bd1c27d0-b64b-4f97-b4c7-2324ae9bb45b,Very good,5
68d8a277-91a4-4bc6-8833-400cd3279584,Good good good,5
b8d5d6f5-f6be-429f-9ecb-8ed37103a351,Good,5
96291a68-d542-46e0-9520-4d6ada31bb88,Subair iya azezat,5
2640d49f-0209-4b2a-894d-77d6fe3c02ef,Lala Hf,1
e29e9e60-f13a-4c4f-8026-0429eac05539,UPDATE,5
7d75a611-4f3f-4922-888b-68eddd2c8af0,Very,5
77704cb0-2e95-4c97-9c3a-3c09ba18b2ef,Great,4
a7a932f2-873d-4a30-829b-0b6f40287624,"‌suman,mataha",1
09cfb461-4f3b-41f9-a367-c48408b4a007,Ples Unban whatsApp,5
512f065b-f616-41fd-80b7-22caef21b1da,it's a mess it keeps crushing,1
5eb17b16-370c-4b19-9848-0e2c86937673,What's app team froud with me,5
0f976a36-2e33-4384-831c-9ea0d70e16a5,Missed a jour Staro,5
b535cb37-9bc1-4b49-b496-7a3b38c4d343,My what app is using the phone with my choice for Facebook today is my first year of the community and decoration ideas for your help and support to all of the experience.,5
9cb774d8-7b6c-4a4c-83ae-57b544b7ae7d,Excellent,5
ebc259df-d0db-4a12-b58a-234dfd5e138a,MdAnil,5
2f317bed-a3ed-4309-888f-bae8e2a46c23,It is the best application,5
dae29930-c470-4794-9151-aa5a3c4afff8,it not downloading,3
47fb1a43-7db0-4bf1-8ebe-6793ff1018f4,Very enjoyable,5
1f84bb5e-d014-40a5-90dd-937b2c49e8e0,Awesome this app,5
9b9dfa7d-1b65-49c4-b748-a3ee1b13a21e,This app is marvelous...I love it alot ...it is too easy to use and it's has no glitches or ads,5
33d8a973-459c-4f88-a165-0f1fabfbc2f8,BelloBz,1
7670a1dd-8a4e-4367-99a6-59c6e938ea24,Ok,3
9850264c-08a9-494e-bdf2-2bb3aab92982,This app is awesome and it has good voice recognition when chatting with a friend,5
39c7a17d-cc6b-4844-8eac-e4df6ef815c4,Good,5
c22424db-0177-4ee3-97b3-677b96807d4b,I am not able to post a WhatsApp status it shows sending only,1
72231029-85a7-4e0d-b4f8-160cd22d7ca4,Ismgij,5
796adfc8-3299-478a-9c27-984f5552706a,I don't have the current update.,1
61145a0e-425d-47ef-a7e4-e9b9c62017ad,Good app,5
c7883e09-963a-4af7-9577-274afd65f6ce,Done,5
b65159f0-500d-4445-9554-e4ed9c7697c0,Animata Kamara,5
2efab121-bb65-4aca-86fc-34fa98b28c0a,i love this app it is really helpful,5
12b95961-1148-42cb-b41b-f668a8f62399,good WhatsApp.,5
06f6fce7-921e-4ac4-9736-36fc4c8d4855,l like it,5
39b352a1-76ce-4700-a1c3-140a79a898fc,Casamad,1
70f27b02-62e6-4150-870f-038cffb6474d,Good luck,5
09f3cb8c-8012-4444-b791-eda0658cdf5e,How can I retrieve my banned account I tried but nothing works can you please help me retrieve my account i tried.many times but it doesn't work tried to download the app but still the same thing so can you help me retrieve my account which is banned I can't do anything without my account and i don't know why is my account banned help please will be so grateful if I got my number back on WhatsApp Messenger please help me retrieve my account is blocked 🚫 from using WhatsApp Messenger I will begr,5
c8879c61-c980-4a9d-a80f-14b94be38321,My Whatsapp get taken by someone that I Don't**** know,1
91597b73-18ee-47f9-b438-e571d5f7b052,Very useful,5
8ee50540-59d7-449c-8621-27e79e025af6,Good,5
be08050b-0b4d-414b-a50c-330978bdd4cc,This is just a look out from Louisville a few months ago you all had a pretty big day breach costed alot of money if you look into it in sure you'll find that calls was coming from Kentucky to Egypt and my roommate used this app to make those phone calls that's all I got God bless,3
0052b0df-ff1a-497b-9083-266ee11dda97,Call massage and chat with friends,5
a354bf6c-687d-4d8f-aa7c-6f798cd369a4,Whatsapp is good for me,5
96482a95-e40b-408c-b1f2-0dd477e879a8,Very good app I need my app back on my phone,5
947be2f3-cbdf-400b-861c-9b8aec7a5dca,Oppo r9 plus,5
9c3e87e9-0839-4519-b151-93c63902642d,Keeps my data not like the other,5
fcc36abb-27ea-4ef3-822a-f9d44ce5fa18,student and still school I need to talk to my people around the world so please open my,5
a7316cd8-e672-4bf9-b1d1-fea0bf73dc04,Good,5
bf44ab1b-b5dd-4e72-9400-584f2093a4df,Business man,5
292f7f6a-df8c-42f5-8819-b48970a2a918,is very smart and encrypted with anti fraud.,5
f58ac29d-c53c-4219-81e9-ea2961018bbb,"Theres a glitch that tells me that im in a call when i try to join one, even though im not in a call",4
fb68fb71-2468-4624-9da6-bac220fd7666,ভাল,5
23d3dd57-4aad-496b-998e-7015147d9315,I just love it,5
502e0d22-e326-46c8-8ab2-bba3bbb8e174,Whatsapp logged me out mistakenly. They later apologized for their mistake. Now I want to log in again and they're telling me to get the official whatsapp. All efforts to do have proven daunting. Is really ruining my business,1
325d9eb3-51fc-4a4d-9905-e51fa8e36db1,Not bad anymore,5
b1907cc8-88bf-477d-98c5-f226e7879736,very good,5
38c6b479-bf71-40d4-89cc-2a31e59d3379,I really love the Update This Nowadays Mark is really trying,1
4bfa0c52-e1c3-4b51-96a3-691b898924c7,I do appreciate the developers of the app,5
83c45862-e9c4-47e4-9242-22d28f6b5d6e,NAFIu,2
3a2b77cf-e110-4241-9332-cc811418dac4,Uninstal the APPLICATION because not recieving the verfication code,1
e2289aa3-6226-477a-824c-e933ff0bd60a,Excellent service,5
e3ca4e83-07f1-442b-a47b-6db5fa0e43e5,छुई,1
e8efa2b2-5f5a-42bc-8405-74fee4a92a51,Nice,5
b9a0090f-1338-45c7-b963-868813b501e3,I love this Whatsapp app I can text my friends from Michigan and here,5
74f7059b-1d37-4f6d-a7c9-65d9b1109e61,Good,4
c5cd2eed-af80-4d04-9bd7-4a6fddc9a410,Good,5
b64da2b2-2ab2-4d37-848d-b2d6afd1a718,I love WhatsApp 🥺🧸❤️,5
d5f76a81-a56e-43e8-b4ff-c9caebb68d0d,Please add a schedule message option,3
ec347f09-740f-4771-bd54-8169b1ee711f,"Admin please help me verify my WhatsApp,I'm tired of writing review every 10 minutes,please I'm sorry for whatsoever I might have done please I'm pleading you people ,please ""Your account had been banned due to spam Chats are still on this device Request a review"" That's what my WhatsApp brings every two two minutes",1
9289eb2f-8c67-41aa-bb51-b0f85bb2ed99,good,3
1be0f564-9be1-40f4-80cf-b62fdaceb328,I love whatsapp very much,1
7eb9ef31-34e6-4e74-8623-1a9d7130cfb5,"its great app. i would like improvement, to have a permanent audio/video connection to someone, me and my wife are too much appart and would be great to have a fewture to stay connected to her all the time, even if internet drops, that when net get back again that it reconect, or at least make a option to auto accept audio and video calls from someone. thanks very much.",5
2e2abfb9-b21b-4001-b125-ae1b947193e9,"Help my Whatsapp number is banned. I am facing a problem "" Whatsapp this account is not allowed to use WhatsApp due to spam"" please fix this problem and return to review my Whatsapp number. I have not did anything against Whatsapp policy and rules. I am sure that my number has been banned by mistake please review my request .",1
0a9ed5da-b9de-44e9-9ca8-d3b31cec44aa,My WhatsApp account is not working again why,5
0a1ebf3d-2216-4d4c-9eb6-a3f5969d6815,Good app,5
331fc477-4617-4072-9d22-0a24722a5886,God is my strenght,5
8ad92d23-4827-453f-8854-fababbcfc300,Good,5
3e467764-931b-460e-ac89-a8d2c1d36422,Good,5
4bc16285-a7cd-4d9b-b6bf-215a19fd7c95,Thankyou,5
d6481b0b-e913-4f64-8535-6aaf5bcd1b5e,👍,1
eba57035-9328-4d88-acd8-ba7eb1d37519,I can talk to people,5
ad0faf9d-85bc-4e58-8afa-d5eb24bb157f,Awesome app,5
086192ee-8d75-43f2-bfd2-f2cf88f589e7,Great thanks so much,5
92d36057-58a6-419a-bd78-ca418da8cae4,Good,5
91cbe535-10d3-4ed7-bfdc-cab9e9f4e0dd,Perfect,5
da63955a-42c8-4bb1-9108-00c7c2e95e73,What is the safe mode,5
f64fadb1-75e4-40f6-b3dc-f10f7a56d52b,WhatsApp,5
fc956547-2a8d-4dcc-bcf4-67245ba5d5a3,"It's been fun using this app, just enjoy the moment",5
8b5a1a0c-603c-43c8-abc3-49b4f24ae21f,It's been soo much helpful of late but it keeps breaking on my Chromebook recently. I have to uninstall and use the web version instead.,3
96dd2fcf-d13a-402e-a1d3-7f61aa5a8825,My whatsapp number code not received and not called codes not received,1
3ce4ccd7-95ff-4d93-affd-268eddf870ad,It works no complaints,5
b2ef4542-ee8f-4c28-be58-79cf8ffe9663,I dont like the themes,4
8a985daf-6b96-4435-b01e-70b949a85fea,This is app is good,5
aecdf0fe-6fac-4157-91fb-87ffa9836766,Good 👍,5
f596c0c7-3026-4f86-b9cb-09bbe71e72bf,Please my voice note is t playing out,5
9a1463ad-ec83-4616-9aa6-69d2f061c69a,Great ✨️,5
ddbd7b1c-607d-45e1-bb7b-426012ea66b4,Safe mode is disturbing my WhatsApp. My WhatsApp turn off because of safe mode,1
af786af3-a3d9-4154-a0cd-ed85915b57f5,I like it,5
a42bfd7c-9916-4cf9-b108-7c9a20a5e70b,I don't like it because it keeps logging me out and then my WhatsApp doesn't work for 24 hours I recommend that everyone gets WhatsApp gpt it works better and it doesn't log you out😡I am not happy about this and I think you need to fix your WhatsApp,1
2c297234-330a-4e7a-9ad8-00a55c637c8b,Lindame,5
0d12b01b-aac7-44d4-8393-2e8123178f07,This app is very fast and easy,4
00b5a9c3-0509-4319-a766-47fdd1849892,Ok,5
38216d1a-8af1-4652-b72a-86cb2963468c,Muhamud.m.abdi,1
35700709-d51e-478d-9327-b28ff8a4dc02,👍👍👍,5
ea69e770-8a85-475b-a472-f3390c51ec3e,very good service,5
19fb8971-c154-48a0-87d0-bdd40af7a743,mind blowing app,5
e205f61e-591c-47d0-838b-83fc65a37b6b,Used it when my family was traveling out of country. Within one day I was getting scam calls and added to random group chars trying to steal information.,1
93e734c7-a461-4582-8155-09eaf15fabc1,The bestest app,5
be454471-9f1c-421d-b7c1-67333a7c067c,You can talk with your friends don't need to call,3
79bc0625-43d4-469a-b7cd-1cc820187995,👊now that's been a real G boetie,5
ee7d5a49-8a6f-4ba9-b1c7-daa8696388f0,Please open my account,5
f8036b1f-b171-4754-ad55-aba7f6e7fd8a,Please let us be able to pin at least 5 contacts,4
5a242b6a-bff8-42fb-ab59-c253f9a1dc89,The best app,5
363c9ef5-08b9-4532-8542-6ca8bf85bf31,Excellent based on your terms of service I took long period of time i'm using with this app and then also needs to review,5
973ee53b-613b-4c50-9717-ae71f7a98d83,The sound of video is bad sometimes it breaks off and the Internet is good.,3
b6bd5890-4ea2-48fc-8f08-767b2a5a3c88,Great ap,5
ccaf9644-6e07-4ff0-842f-9691473d590d,Good,5
c9e8af42-ec53-46d5-a1f2-625853a92521,My buisness account,1
a3e695cd-c882-439c-be2f-f4833bfcf859,I love it,5
1d8c8291-ed74-468d-8028-0e1212890044,Good,4
1b3df544-9534-42ab-9c29-31d2a4671587,Just the best,5
b1c5b462-e33a-4234-a7a4-a84799815487,Elias kamusewu,5
1a809eee-55f8-455a-945a-39388bffc08a,🙂👍 nice app,5
af87e0e7-23fa-49ea-9e36-3d142e6cf60e,👍🏿,5
a484da39-13ae-4a31-a847-db0013fb8684,"Todd Mark sloane,how are you",4
1c04e49a-9adb-44ec-92d0-3fef3a31baa7,Health,5
e10363a1-f108-47c7-b9da-d51dbbf7ee9c,My account keeps getting blocked on it's own for no good reason it got reviewed on the 3rd of July and on the 4th it got blocked again this is not the first time this happened please can you fix this problem please I would really appreciate it,3
6cfa4304-0c4a-49c7-a561-fa65ff8498c4,Ikilima ummi,1
0024613d-1cde-4cf0-9938-18acedfcfb77,I think about money,5
fc793b73-2c53-401f-af06-1aea0841b71c,So nice,5
2855a672-e650-41c9-a95e-a41009b236b7,Notifications stopped vibrating a long time ago despite settings being on.,2
a9895cb2-0723-453a-95fc-e0b0829a3c64,My whatsApp went out of date,2
3515cdf9-1f27-445e-a336-8222f559cdb7,Dehera Dubai,5
71dcc467-4266-49f2-882b-00063eeb8cff,The new WhatsApp update is very cool but it would have been the best if we were able to add background images or wallpaper to the main menu(chats),4
e98001a5-6125-4079-b31b-f3012f009a8f,Good,5
30707ecd-8803-45b7-aef1-8d18c4c16229,Very good app♥️,4
915ad04f-84c5-4bb3-b8ff-1d415f48f60b,Excellent,5
bdc2a2f8-e386-43b7-88d0-48347949297a,not too fine,5
d6d5eb6d-058d-4e23-b968-de4cc4ba9021,Opposet yayi hotel,5
7138a366-0d10-4cb8-b662-4421d7391559,My experience moving chats from one phone to another was terrible. Neither of the two options worked for me correctly.,1
397f6516-326b-427c-b7a1-a6594c65002a,Very very nice,5
ab09376c-7203-4cae-8396-8d12f273d617,Perfect🌹❤👌🏻,5
239660ff-2d62-4bfe-b38d-68971b635081,Nice,1
e279b8f4-c4c1-4d52-8b80-c3c26520a080,My whatsapp os not instaling,5
a200290d-558d-44f0-8597-d8ef08d738fc,It is good and work very well,5
a457d9cd-8118-4aa7-b46d-75649858907f,everything perfect except one thing the payment should have individual one tap open toggle on WhatsApp bottom,5
48a909c1-c288-4754-a5c7-df1e7ec75387,Ok,5
0f7443b5-aa80-4440-b427-3c510a951458,Great app,4
042b1d4b-6e9a-4bf8-87a3-dd58dfb3b4ca,It good WhatsApp,5
dc550437-b6be-4f3b-a4c3-2905af143972,My whatsapps is stoping to work every time why?,1
2784d12f-147d-45dc-b95f-bbe14dd5ada8,Whatasp,2
b6b44b15-87e6-4fda-8c4c-54d10cf7786d,Nice,5
55571363-c8c8-4124-85d1-a9e4b6cf960f,I had a great time chatting to my friends and family. You won't believe how good it is!!!🤩🤩🤩,5
995434f3-256a-4d14-995e-f1408213e004,"Very nice, but I need more 📌 please. Keep up the good work. I could also use a no auto download anythinh for cellular data",5
6455f0b2-3d6c-4158-a91a-a893f4fe7e3a,Very interested in chatting with my friend an group,5
43112f11-f8d6-460f-b8ba-c964c7019605,Good,5
bcace263-84b3-427f-944a-79fcd3063696,Be smart and ease to work anywhere anytime!,5
2d169a64-cb2e-4f27-a070-cf356098e88f,Nice one,5
379cf973-9946-45c1-b878-5d3c7fb61404,Nice,5
8e04add1-ed70-4e9a-9ace-53c96ac0ebc5,Its extremely wonderful,5
ee6f7729-24cc-4c21-b952-ad0c613652d6,I'm going to delete my account for ever type shiiii ✌️,1
11008663-8c41-4ed0-ae80-b09009a6c041,Bad netkwork,1
6909d663-488c-4dc7-b902-475854d7e472,"I love it but I can't find my light when making video calls at night Please fix it, I really need it 😔",4
fb4ebeb4-313f-4123-bc7a-1d14417ac1a5,Nice,5
cc4b1131-d422-433d-88db-c5a8f5a8f039,Ai chatting option is not working...😓,4
c756b777-4c12-47d0-a983-1fc182ca31b5,😜,5
a39e4e7d-7dea-4d05-b574-399643e7320f,Misused not me,5
0db08bd3-7df4-467b-bafe-66ed0e71596d,nice,5
e67708b6-f747-4843-923c-b36b78231e49,Thanks developer,4
0d32968a-af6a-4023-bbc9-ca8a808a3bf3,So good app,5
6ba1da61-4e3e-4f5d-b5f9-fc23be0476e7,Very good,5
1ebbd116-206c-4d4b-a102-dc774b3acafc,Great,5
836591d1-1b47-4076-9f16-2887a17a0012,Nice,5
a527d0d2-ee10-48b6-8489-830f453d8d64,proffesional,5
ad5a1c5e-0f8c-4eb1-809d-b5a74cd0978d,Worest,2
279204dd-347e-4968-b259-6160425c4848,J you,5
27ebf2c5-cdd8-459e-9be2-e84378943810,Good,4
4024d96c-29c1-4e8a-a98d-b5b59b6b0d32,Is very good,5
615e7d0d-cc18-4d6f-935a-f73ef6b668ab,I can't use this app on my phone even when I set everything on my device,1
d48a83f5-43f7-498a-8329-250aa9a96eac,Very interesting,1
baf7da63-e6bb-40fe-8706-0aa3f5a501c3,Good,5
237c662f-9c98-4978-8a21-0eaddcccfeb3,It's a great app,3
38d114f3-9038-4e2f-a9dd-9fecf2c00e9e,reliable,4
831105df-6389-49c9-b762-194d46f48fff,One of the best programs which I used for my comunicatin,5
7b90ab62-638a-4831-a072-dce6ea42615a,Fix Whatsapp number not verified problem 2024 | Whatsapp login problem | Number not verified problem,1
111df269-85d0-4fd5-992c-e0a5e38dedf8,افراح علي,1
06d2d885-19e9-45e3-b9f1-d3a7bfd6e4a3,Maliksham malik420,5
f92d2bf9-b1fe-4b0d-8b55-78a0f85b5963,"DOESNT WANT TO RETRIEVE MY BACKED UP CHATS AND I LOST EVERYTHING , TERRIBLE TRASH GARBAGE APP!",1
6d3e60d7-d2c8-4f3b-9732-94bfc2d29ac0,Very good,5
eddbfca5-2b6f-4371-9d91-1564b174a12b,Salifu Rakia,5
804944af-d8d2-49ca-957c-6692edf36065,Fine,5
7c86dd39-c830-4ce2-85bc-4c203e07c754,good,5
52088495-4e7d-40c6-8bab-cce9db6e19d5,"IT looks good!. But at the same time, it's my phone number. Not for the hackers.",4
266e14c8-c10e-4c70-bc69-a941f767a78b,Great app,5
f4bb3ec4-68d9-4853-9eb7-a6e53ea9c93b,Good,3
8200afb9-db69-4a94-9d8f-bc699bc179d8,Gud but why does it allow someone to report it without any offence made,4
d2473856-06f1-41cd-b32f-318ecfcdbdc7,I love it very much,5
173ac3e9-6b59-4fa5-96dd-24ba2c8ec147,C/xakin faarax,5
13bfe7df-a31a-4777-a4cc-bf7bb0016b1b,WhatsApp doesn't open,1
42787d69-5c69-42f9-9ae4-aa8011e3c7ec,"Am so disappointed ever since started having smart phones i have been exchanging doing my back i get my text back have ever experienced something like have been logged out from whats app account due to spam ,then kaboom cant get my account back its keep on telling me i need official WhatsApp and am being directed to play store and if i download it still same thing",1
0b932639-b181-4846-bced-c5fa97d188a5,Mathieu beya,5
3f086ccd-4f6f-4cd4-b50c-66c838cf91b1,It is good,5
7de23873-bf44-49ba-8cd8-6f9d07a7e741,Very impressive enh na good,5
518d85d7-f450-42f4-8e6b-56839389d3a0,Kujiung,1
d46efa00-7c88-4a6b-ac0d-f223d12e14f1,I was trying to install this app again because I got a new phn and when it comes to the verification code first it tells me I have to wait a few minutes cause I just connected okay that was aceptional but then it Keeps telling me I have to wait 23hours and 1 minute and it never took that long so I would love it if you could add some adjustments it would really make happy(I was sitting by the wifi router),2
6ed02b65-2a37-479c-bff0-4b03aacec847,good,5
d77f0237-c066-4eb2-9734-a10c0ebca8dd,👎,1
76728ffa-dc73-4b91-bb95-8726cf3022ea,Super cool,4
e12faf85-81a9-418d-83fa-4c312728470f,love it's,5
3e475761-4109-4e60-8f85-72cefaf5054e,I love what's up,5
b9b844a4-23b3-4ce6-91d0-dd33f668d706,Just know I can't explain much but it's even more than a five star App.,5
3375025c-e224-46f1-b7a1-4e55f217537c,barwaaqo axmed xasan,5
19b7a6c4-bf0f-406a-8996-4a6587c4836a,I downloaded it but it's not working it still says I must download the official version of whatsapp,1
58413919-aff9-4a3a-82a7-a8b59a0d1d34,best chat app abd also very useful fpr official groups,5
f4aad14c-8e0c-4ae5-b353-55da65991248,Good,5
a07e1f66-90bb-4fc3-978c-d66c1b0415b9,Is fake,1
667bf953-a32d-403b-9291-6e42d4c84562,WhatsApp,5
1c6c0003-ab91-40f9-b718-9f8c717ba3a0,Very awesome,5
12f4d6a3-603f-4907-9c22-451ffdbb836c,so everyone uses watsapp tho and it's great buh recently I've been deleting it cause it wasn't opening 🥲,4
e544a8c4-eb2a-4160-8fa4-99a0697016b8,Good apps,5
f6050416-a5e4-408d-8aff-b523b1862ad5,Can you please help me please help me get on here,3
c37adfdc-ef63-4542-9e30-8afa52d79026,Why what app in oppo are failed to function,5
ba1634ad-e46b-4cc1-80ac-fd85c80c9c0a,Kalamalindal,5
ae8c9f5a-6fed-472d-ac54-8417a6a659d8,Working very nice make me easy to connect with my family i love it,5
44df573d-f5a2-4691-a341-356e9af4a773,This is the best app so far I love it,5
c0568087-37f3-4d88-802b-3c93e12bb2f7,Great appreciate from it,5
06fcca69-8f60-4731-9b1a-c7256e1feb18,Tjatuu Hukununa 🦄🦄🐴🦓,1
d65da723-52fd-4248-9a3e-b0616ce5e3d4,"Please, let the WhatsApp MetaAi have Microphone, where we can send it Vn's, just in case their is no chance to type. I would appreciate it.",1
8e2b0389-ca05-4b9e-a88a-97dd5c2929ad,Very nice,5
7f705a1e-0d70-4d4c-9100-226b89a1e753,"Can restore backup chats ,spy on people less freedom and worst messaging app. We only use this app because it used to be great now it's just straight garbage",1
ccd0fc00-5af4-4fea-9d0f-1e0b369597a7,Whatsuobis notbworking,1
c31c66bc-ba33-46b7-8834-7bda1831a209,Noordin,5
8ad60c43-21a9-43bc-a534-002c7f9284e8,I love the meta AI thing. Its my great companion,5
e75ae317-71a5-4dea-8610-b012aeaca2bc,Good,5
f434587d-9969-4c1e-81c1-07280bfdce20,This whatapp seems to be the best for now but sometimes messages and calls are scroppy and scramble sometimes delay,3
9fe0b1ca-815f-4228-8278-afcd8ada69a6,Good,5
ea62c7f2-a256-49a7-a8e5-7d507341dc59,No channels on my app,1
53b169f2-8a0e-401d-b216-fb3b6f4a4ae7,I can't download my app I have tried every possible way,2
790096b4-743a-44ed-96a8-1f9278b4ff3e,Very good,5
9f113387-208d-4008-b9a4-9aaa6d16704f,Nice,5
eeace773-9242-47d5-a47a-f6edf9c0cb5b,The app is gd doesn't hv any prob even the internet is stable,5
f9062877-b201-45b1-8fc2-364508a72d65,Mast,5
0eebe969-c1dd-447c-805d-ae4cb9157de5,woohoo 😍😘😘😘,5
1716300e-7f70-41b1-8e2d-a0d572cb4e2e,I lov q,3
310490ea-0063-4b7a-b9b7-3cac7b68c8f2,Good 👍,5
7f201911-f268-4745-8f70-204ba34a68c1,Nice,5
54d7fd16-2605-402e-8902-411c3d7b2d02,How to connect my WhatsApp,5
d4d9a5be-1c8c-42e4-ac0f-a076f4b19498,It's okay 😏😏,4
654db7e8-4102-4e9d-b08f-9dcf92de3fa9,Trash,1
32a2b1fb-d613-4bf0-9deb-36cdd283c696,Very good,5
b2bc6bba-e18b-4ddc-8536-9211f622a3fb,Am happy to be on whatsapp again,4
0be97c13-dc0c-41b7-a419-3b6821bb8aa7,The use is limited and the privacy of the individual is fully protected,4
8ab35b40-dbbd-4fb0-807e-24e24b9e9505,I really appreciate this app it all,5
e0736e51-2102-436e-bc76-5430f1fb7e8b,It's good,4
7fc18af1-360b-4c65-98f2-f8204a175ee9,Excellent app,5
d9d7f074-3227-482d-8ae1-6d98e0397949,I'm going to register,3
5d9aca45-2bed-40f2-88a5-5b0a50a93869,Dear Whatsapp team community my number is banned from whatsaap kindly reactivate it,1
c95ec982-0373-4a36-8e06-c10acd85f016,"Have been having issue trying to gain access to my account after my phone was stolen. I got a new phone and retrieved my old line back but after downloading, it's showing ""you need to download the official whatsapp"". I followed the instructions and it's still taking me back to the same place again and again. Please assist!",1
fc3e370d-3ca2-4f9d-b762-b680ad93334a,"Hello, Thank you for introducing META AI. But I request you to please work on your WHATSAPP PC. It still has no chat lock option, no WA lock option, no Meta AI, no community option... It seems like an outdated app. Please fix it.",4
2a72bdc7-a027-412e-bd33-372fa78dc790,Good,4
d9344689-0f9e-4d6f-aa3e-c9bee10c6707,Good,5
f81206de-604b-4d04-8f4b-05890b851f1e,Good,5
47552a6e-f804-41ac-963f-278bda4c2fd0,Nice app WhatsApp Messenger,5
457208e0-f51c-4c44-9822-0f8f3b2729d7,Good app is good to use,5
3e0a45e8-cf6f-4e50-a68f-f057c0510957,"Hi WhatsApp team i like your App and you are so good to me but since last month you always block my WhatsApp line, what is my offence pls, Pls help me to work on it THANKS.",5
8ba5567d-78e5-4e65-b56f-75d99dbad78e,Thapelo. 💖DuDu,5
2c33beb7-ac0f-490f-af71-ff5e24730afd,"This app has been really helpful tbh, and I love the new meta AI🙌",4
96969e14-71b4-40f9-9f34-ba8521c0c39b,"Oh look, another product that 100% did not need Ai, and doesn't benefit from it in ANY capacity just following the Ai trend like a big overfed sheep. Ew.",1
8fdf4e75-fb46-4e97-8f13-3a0a10959dce,Not saving statuses,5
b054651b-6b33-46c8-94d2-5eb7e820cf4a,عالیییییییی,5
3328e853-7c82-4e12-9e5f-7bdd1c733c22,Super,5
e6572f1b-1e5c-4d58-9d93-359316c67a03,Nice but slow,2
a838106f-6013-4163-bc14-e19bb230d2b1,"The app is very good , Alhamdulillah always 💯❤️❤️❤️❤️❤️❤️❤️❤️❤️❤️❤️❤️❤️❤️❤️❤️❤️❤️❤️❤️❤️❤️❤️❤️❤️❤️❤️❤️❤️❤️❤️❤️❤️❤️❤️❤️❤️❤️❤️❤️❤️❤️❤️❤️❤️❤️❤️❤️❤️❤️❤️❤️❤️❤️❤️❤️❤️❤️❤️❤️❤️❤️❤️❤️❤️❤️",5
9b4397d6-064f-4a01-a792-8acf60322b62,very good app until one day I wake up in the morning and I try to read my message unfortunately: even I can't open the app and I delete it and I install it again but still I face the same problems I need your help,4
3137a828-c1ac-4eb4-a2a3-74b18752b0db,Incredible,5
197f19f9-aa2e-489d-a691-6388c7368782,Buena,5
e1478cfe-0c87-4622-9591-abc51250dd00,I love it,5
3c185184-b97b-4f26-8c79-03b8fe5d12fc,WhatsApp meta ai not found after update..,2
9902fc3a-0f5a-4b5e-8964-db87cfce40c7,بعضی وقتا کار نمی کند,5
c5c23c5e-2868-40c1-aae5-5b5be24d98e2,It's very interesting and more useful than ever!,5
c3b40ebb-a4d1-4e60-94da-006a04c9d48b,Goood.bestt,5
76779e5e-2cff-4b08-8b80-abf732909f76,The user experience is getting smooth after every update. Only problem i am facing is that whenever i tap the emoji icon the input field moves on the top of the screen and i am facing this issue in my whatsapp only i think cause when i was using my new device...the problem is still faced.,1
2fc36ac9-958a-40a6-92ab-5e75424aa23d,This app keeps on getting flagged fir no reasons,2
fd1c8ab3-b88f-4e1d-8f27-8dfe196ad3a2,Loumon Monday eko,1
79ec3853-0134-4ca7-b10c-55ab32eb2512,Hugo Pérez,5
79727cac-8780-40b3-a3f7-7e2e025cb85d,I'm just going to be straight forward the new update is horrible the colour scheme hurts my eyes (the horrible neon green) despite my WhatsApp being on dark mode if meta wanted to update anything they should have made it possible to customise the app and it's colour scheme that would have been much better. Before the update when on call and mobile network is bad it would show reconnecting but now it doesn't anymore so you can't tell when the connection is bad and you also can't hear other person,3
04305201-89fb-4649-835a-fe8005dcd574,It's good,5
982bc52a-2915-455d-aa5c-5391e46d33a0,Please let me use this app I love it but my account are banned,5
33081e96-c614-47bc-bf2b-62bafc605c78,Automatic off,1
35cfc791-9d59-40af-966d-27c07c6193a9,I GOT BANNED FOR NO REASON!!!!!!!!!!😤😤😤😤😤😤,1
20ea3696-708c-459c-b315-e97ffbb72b08,I like it 😜😜😜😜,5
b9985b39-b6a5-48dc-bc2d-1539bbc09ada,So good,4
ee3e3a1a-37b6-47b3-b7a6-cc15da5536d2,"Using WhatsApp I experience many new things and because of my not updating my WhatsApp I was scribe out, now I want to be part of the WhatsApp group",5
f2db814b-6e87-49e9-9e42-188b16027ed4,I was stucking with WhatsApp restoring backup chat after adding right email.,3
16e24bdb-74f3-4f06-bd49-cfad7933d38d,It's my best application 🇳🇬❤️🥰,5
f4202897-127d-4b55-86c0-4b23533b4ec5,It is as joyous as the laughter of a child,5
77a287a5-ecda-4bc8-a9c1-8e15d42d18e8,Not bad,5
ec026f05-fc1a-4316-ab60-6b6c727cda47,So amazing app,5
4ac2ec62-1252-4cd5-a243-7f137c4a6fed,Whatsapp updates are not working properly... can't see any update in the app after did the update on tha app .,1
5f88e2ca-bc4e-49a7-8e8e-4f2a75a94127,Good app but you people block my account why i need you the company to activate it for me beccause i have a lot to do with my class mate on the whatsap platform s majy education things .please release the account many thing i have to post inside  our school groups,5
2eac584f-a450-4e03-b771-d3557533b004,Need more inprovement,5
930df83b-d834-460a-9150-bbbb59c07288,My WhatsApp code will note send me on SMS plz Send me on SMS,1
6610e090-6068-45c8-b948-c7855c64a9b5,Amazing app,5
907b197a-8a51-4504-a285-77880aa708d8,Best app,5
c2fc12e8-0513-41bf-bd34-187e06aa8b18,Fayazali,3
685ce843-859f-433d-97e3-f5bbfb400902,Good,5
7d99d966-b3de-436a-832e-a7a0ba14b484,App lock,1
3b53839b-7f35-46a7-b95c-f47dc1e13e16,It makes thing easier,5
19f2d38e-165f-4750-ba28-074e14384b17,Easy to be hacked,3
df7cf24f-eb43-49ef-a014-9d9cae8dcbfd,This app is good but just yesterday they blocked my account when I did nothing wrong 🥺,1
d2df4fb9-c27c-4d83-a050-4bb32152fb49,Very good,2
cf43e933-aed8-4053-9435-e11b9e226937,Very poor,1
1abb0816-8605-4fd8-9c2c-4c4c3aa94d0b,Profile photo is not updated 😾😾😡😡😠,1
19784eaa-de77-4dfa-9500-3352f81a3f1d,Batulibbyr,5
ad2f8549-96fb-4c7e-aa38-3f6e1e4db0ec,I CANNOT CHANGE MY PROFILE PICTURE,1
574521a3-34a7-4e6a-920b-974eac8d3a33,Wow amazing Whatsapp,5
4d37bea2-e0c0-44b0-aba0-35fa76d85a92,So good apps,5
396d8ea7-2d64-4522-a464-6ba2a5b619a7,MORE COLOURS THEME ADD....,5
ccaaa12f-727d-41ce-9572-5409d2caaad1,I can enjoy WhatsApp if l find metal,3
c9791079-3c83-4025-9224-f5a67ec1ccd5,"Chotu,boss",5
c2890c99-bfbc-4240-85ba-96e15207fdb9,I can't download it,2
0d0b5086-0a5f-4f02-b350-4f2d62bd3a51,Pls update my whatsapp number,5
cfa77596-04d5-4b22-aa3e-5cebee5c9e91,Cool,5
e2779b7d-c41a-4157-ba55-dc3bc921b980,है न ही किसी भी समय नहीं-न मैंहीं में एक से अधिक लोगों ने कहा है वह है जिसमें से दो बार और झड़ गया वो मेरे ऊपर चढ़ कर हिस्सा लेते हुए पूछा कितने ही ऐसे युगल खिलाड़ी और वाइल्ड कार्ड से जुड़ी ख़बरें आज भी याद नहीं आ रही थी कि मैं भी अपने कपड़े उतारने लगी मैंने उसे अपने साथ लेकर चलना चाहिए और न जाने क्या होगा यह कहना मुश्किल से एक हैं चंचल हो गई थी लेकिन इस पर विचार किया जाता था लेकिन जब वह घर पर भी ध्यान में रखकर किया गया था और मैं उसके साथ एक ही बात कहता हूं अगर मैं इसे इसी प दे सकते बिजली कटौती,3
927cf1cc-6444-4bd9-9f41-519eb97875f4,Nonsense app always reviewing and blocking account and telling buy another sim card nonsense app I will stop using WhatsApp for life time,1
0048ec91-e393-4623-b6a8-d9497e485a89,Best so far,5
042b461b-e2e2-42d6-b8d5-f12255909b72,Brilliant,5
646e7f37-311a-49ac-8676-85d0ce92cfe8,Pure love,1
b01ba01e-9582-44d5-881d-950a7b4bf235,Ok,5
b19fe0e8-9516-44f6-bf37-d02d70e084e4,Superb,1
8f1318ed-354b-4d1b-94be-035f96dc945b,You guys don't consider people using android I use it and it's not working in my phone,1
c68f47bb-7801-4c9a-989e-066116785f05,Good luck,5
e3d45576-acee-435f-80e4-f50d9d3bb4a7,Better,5
4e45666a-4ade-4cc5-93cd-6bcccb94effb,Pardeep to b @sp@with :Do Sp,5
b099ea04-9e17-4315-90db-1a15e59bca08,Best of app,5
508a40ea-c895-47c4-9803-e23a7ffcea59,been trying to download  whatsapp  on this Samsung's  galaxy  tablet  but not going,1
7782478f-3254-411c-b8e4-570ad5499847,Good,5
f4fbf77b-501d-4ddc-a6f0-e913d04a7770,Good,5
27273907-4a84-47de-956c-32e1b699a84a,This is really a very helpful application.. and I really like it 🤍,5
439aa6a7-bcda-406f-8dc4-2044293b28da,Excellent,5
711b8f0e-cf62-4f5a-bdd9-c688d4eacdac,This app is right app This app good work So very cool app,5
6f01436f-6838-4f4e-bf33-a30bab061c2f,It won't let me send videos anymore. Trash,2
e01603cc-0c77-47b7-8634-934fd90cca0c,MetaRegina,5
b2f0e952-a8e8-41c3-b73b-9a466004e227,It's a blissful experience using WhatsApp but removing the download button from status is a devastating decision.,5
181cc259-49c1-4f03-b6e6-69add2a3986e,O .,5
f9a6e30c-4301-4d1a-80a4-52e2771484a3,Talha mayo53,5
8ffbecbf-50f4-4d9a-a31e-07aa31b05250,"Ok , ok.",5
4958d2bb-f3a3-42c4-9f77-64df02cb88c4,One in one🌹🌹,3
f8a5a464-76da-4901-835d-69a1545aeead,Sometimes app was freezing. Hanging issue. Not able to restore my chats,3
d3cd375b-0dea-46be-9772-beb3bc334452,Good,5
3f88eb31-ad12-4431-8097-2682179979b2,Masih ada hacker yang cuba untuk masuk ke akaun WhatsApp saya,5
e7ccf21f-7225-4902-b6b2-040157687c3c,It is good,5
5db15448-ff44-4d3b-bb4f-38fb35e8ee86,I can't login to my WhatsApp account with my number. Can you please help me out.,1
6349bf4d-211e-4b50-91e3-6b904656973f,V good,5
c682d184-3951-4281-97fc-68ece128c407,Good,5
29053539-a869-4ab7-9af0-375e6fa1c377,Awesome application,5
374d2287-02e9-420b-9657-79246eb86b17,Baler apps,5
92923b30-9aa9-4cd4-8fc3-2a45987b47f5,It's performance but you need more,4
38d2c7cf-ff8d-4400-9204-9cd57c1fb4a3,Nice,5
bb706023-bece-495a-bf35-39187fc73ebc,Thank you 😊,5
e919694c-2d28-4fc0-84c2-7f9665c1d1d1,it's good,5
8d931031-af8c-4db2-863b-ad22b2ff5148,"It's reliable and private, nice app",4
3373954a-b75d-4899-9f4d-5afce2807412,Increase access to beta program,5
b059096d-6aa3-4f46-b9e1-46be05fcad70,Zainjaan,5
2e8ddb1d-e67c-4450-bc6f-ed49c089fe88,Enjoy,5
b48d9c62-d764-448c-a8dc-7a6a34297a74,What'up,1
1f7a76cb-00fc-4c59-a346-1e44611abfe2,It's good,3
90fff2c4-6e50-4089-bcb8-701147ebcd4e,I didn't get Meta Ai yet😭,3
5cb738b7-bf5e-4acd-8704-bc06233a3cf8,Help me,5
479f3dfd-05c5-4e9c-96fd-c321320ffbef,"I'm getting used to the app ,its easy to to use and you get lost in the moment",5
9eb09373-40dd-4678-993b-976f858ae457,Nice,5
6887890b-b4ae-444d-bb40-7901af40a9e7,I found it exciting,2
0d79a689-4249-4034-9364-9387b15d368f,Please come home and communication is key through,4
1349c4b3-090f-45a6-bfdb-7af15592e5f6,Sire,5
9b56595c-6246-445c-a947-4e1b746595a3,Very good,5
1daa3aa5-f806-4cd2-98f7-579b3488003b,good,5
7867ba4e-12d3-4ed4-a4e1-6b55c9b7d833,It is getting slower day by day. We use it to send and receive massages. Not to chat with meta ai. Make it faster as it was before.,2
7c90eac1-1216-4fca-b6f1-4cbcaa89c1f6,"Gf lives in another country, and this is the app we use to communicate and it has everything you need in that regard, fast easy reliable and free, 6⭐️'s",5
664b6820-d5f0-4265-a22f-c7358115a11f,Super,5
d55fbd66-39c5-485d-9824-41cfa1334017,Deepak Kum,5
4f672a48-fba0-442b-9c3e-9c67ec09ba43,"I don't recommend. Unable to easily unmute messages of some contacts in July, 2024. Also not able to archive communities. What happened with the new update?🤔 You're making the app worse",1
84ced936-4794-4ee6-b1f2-3415f6fba7a8,Yayanii,5
67666cd8-7721-478e-94e0-2e32ecce56cd,Very good,5
f08b4be8-2957-4ead-969c-5df7a3c51e53,excellent,5
5d2fd832-19c4-4621-b209-7cfa06bfaf71,Love,5
9dc3cc29-267f-4fef-88af-8da5535b07b4,What app we need a records the video call I need a proof of evidence,5
04d8e2ac-1f0d-461d-b091-659a79d7f3cf,Good WhatsApp Messenger,5
c3450aaf-1585-4f3b-9211-25bdb3e3f5b1,It because it uses less data,4
381c73ba-e16a-4996-a610-31f0fa81a5f6,Very good,5
989c72fc-4ac7-4788-bd6c-1fcd2ce5a60e,Its exceptional 👍👍👍,5
ded9ca52-a16a-45ee-a26f-2aa01dbc6f29,Excellent,5
c8b86c59-d2ae-419c-a26d-854c75a2f865,Why my WhatsApp band why I use WhatsApp for talking please unbad my WhatsApp,1
7187c718-1dd1-4a71-8511-4bf95b798fe8,Super,5
d139e3b1-8629-4909-a941-a89b9db22069,Natasha queen 👑,2
382e55c0-b83b-4276-ba7b-b7b0fee10492,"This App is great easilyfast, accurate & vest in messinger, voice massage, calls, pictures, imagies and Videos. But mine quickly expired. I dont why?",1
7b072c78-bb66-4d1c-bcf6-a561e1d8a0dc,"Hate mandatory updates. Little cosmetic changes, nothing more, and the hassle. Waste of time and bandwidth.",2
0708feac-4193-46f3-9249-0fa3b8db2707,"This app is just rubbish. Been trying to login to my new phone for the past 24hours, after sending code and confirming, when it gets to two-step verification t keeps saying failed. Now I can't even try until 48hours again. They even keep saying calling failed if I try to call to get code. Very rubbish app",1
bd1e9e7f-438b-4060-9bdb-00caae26572e,Hi guys l like to introduce my self my name is zinhle l am 26 years old l want to be a friend the is no one wants to be my friend please 😔😞,5
06c15bab-2702-4516-8fe3-3062b1fa0a08,Meenu,5
0032bbdc-000d-4ff6-8182-66805ea01623,Increase your status quality,2
c858db54-7f3c-4ec7-8d7e-3a99c8951623,Cool,5
53eaa388-7c40-4e27-92e6-5d85363fccf2,"I m a fan of whatsapp, but I have one issue ,whenever I upload a status ,it gets blurry , can you please fix this ??",5
6f004c0c-253d-4bc8-812a-ffe11aa33da6,Satisfied,5
11d54add-f529-4955-8506-b248b4639cdf,There WhatsApp team I USD WhatsApp and but not send 2D verification code please solve the this problem I can used WhatsApp please please help me help me,5
cd437d9b-3b99-48f6-a84a-e2c68b246281,I like whatsapp because it is good,5
4e576cf2-752e-4ccb-9af7-5a575ad666e6,This app doesn't allow us to share music,4
bb58fd90-bd25-47b2-80b9-215d7a9e081f,MUOSSA,5
928b9667-a321-4089-9d82-937cadfca5df,"My account is constantly getting blocked, it the third time this week, it's like a normal routine now. You guys keep saying it was error but then when I get access back to my account, you tldo thesame think later that same day l, what big Idea really, please fix your service, this days it's just the worst",3
2fb4940d-8d01-4b94-a6e8-107f0dd8f3df,Meta AI not updated in my WhatsApp account,1
b998a78a-6760-4ea8-b478-53d7b0b4defb,Good experience,5
fc05c078-ac95-453d-aa0c-f165bdca1947,Work experience,5
0771ee57-d5af-45fd-bdb4-009cbc820455,jashan baria saab,5
544c3a1f-a092-4544-819a-0a33036ed7b8,hae freinds,4
d4356283-7bd1-4326-a725-9c25d292ae3b,Nice,5
0e079201-5765-4999-be45-184962f03ca8,Sometime good sometimes frustrating so a three,3
695509cb-9784-4654-960d-eea5eec26b32,Good app,5
852e3cbf-4e18-43ac-b393-7c2da174cdf3,It is good four every one,5
c0c15891-b4cf-402b-93d8-6e341ce7b700,it is good to use whatapp in some situations but recently developed feature of Meta AI is not doing there work properly in my device. so i think developer of the meta Ai need to correct its failure system in some device,3
c7ab30f7-88f0-4edc-821a-da010e907a85,Great,5
a01588ee-24c9-4dc9-bfeb-c0ca83b90c86,good,4
1d5df04e-21b4-43f7-97f5-66f8663747a5,Good,5
79d15854-a447-49a6-bf98-1a48a518e91b,Jul,4
2723f02a-860d-4880-8f7d-ff2049793fbb,Insaniyat Zindabad,4
5492c697-3933-426f-b0ba-3f6a792a51b9,You are fond of blocking people without any proper reason,4
632b5e48-f88e-45a1-a72f-87e12203c40d,Good,5
f4369a0d-49c7-413c-b91b-7f92ec35ea5a,WhatsApp band my account without any reason it's not fair,1
140bc766-8d0d-4db0-8b71-c10041bb403d,"Pleas add a function that we can block the status or profile pic of someone who we hate, no just silence it, I rly don't want to see nothing of some people",1
45296d3c-c7a5-41d5-a089-7966a05a507e,Nice App,5
997f3dc0-45e2-4674-b21a-cd43bbfb5842,Must not let anyone or other people take numbers of another user's without their permission on calls or video calls because they are stalking them without them giving them their numbers or asking for them,1
15e8bbd9-65c3-4aca-98de-a42df5d06bd0,Give whatsapp chat with you,5
9d97462b-81c0-4c59-b4cb-e6d909b58ad2,Good,4
b2d277a3-aeff-4c0c-b94e-81cb0f0f8707,Good 👍,5
40e2b7f5-e07c-47eb-bef0-a55eaef0ee3a,Mpho,3
229c75d5-4630-47fc-a72d-c070357bf61f,Its too much perfect app but nowadays if my friend send me a video or photo so it's not gonna safe in my gallery i don't understand what is the happened my phone system is all good but this app...,5
33348944-812b-4e4c-bb87-ca3ac526ae9b,whatsApp,5
b519cd77-a999-44f1-9f4b-986c06207e71,Very nice app,5
207c124e-bb3c-4e4b-925e-d03fc28e3d5d,1 years,5
a84f5579-fcfd-4f16-9ebd-6349c76add6d,My account is banned but can't bring review request,3
31caad60-5c40-4ab7-a819-ce3dee4adf64,WhatsApp shop open,1
4843cd6b-0e2f-473a-8a4c-4b8bb737a545,I think voice notes,5
6fe8f515-c6f5-4973-a564-39c245eb5728,"Good work, but am finding difficult to update my WhatsApp... From finding difficult to update to ""your number can't use WhatsApp"" Please, WhatsApp team may i know my offense... Please treat as urgent..",1
d61ede5f-8f97-46c9-bac7-61e7df066b6d,Frank,3
c97caa2c-a525-4710-bc21-e318126f0fbd,Mohammad AbuHasan,1
04a40431-826b-4014-ade0-f0deef6a9402,"Nice, but needs to update some features that can help one recover data when phone is lost or change.",5
4eda2e45-8831-4491-9bcd-a81dbda4c847,MDsalman,5
21113a05-4147-49a5-a194-de433425fc13,I have attached,5
cd18ca9c-a8a2-41d8-b2fb-8ad7ab5ab10c,Priti Pandey,2
43a2214b-d8e4-4fd6-bb78-de7a09866a5c,It's been great using WhatsApp I so much love the lock chat part It helps keep my chat private even with my phone unlocked But I wish that the verify fingerprint thing won't show when you tap on a person name from the add icon And I love the part where you search you lock chat password to access it It will be quiet difficult for people to guess,5
8bd5e8b5-6085-45af-901c-5cd93a042c92,Sorry 😞,3
140fbdf0-e4a7-461c-bd95-c8122e10f12d,Md mojahid,5
5b54b862-cd33-4937-a1a2-d467dc71c88a,Mera WhatsApp Open nhi ho rha h kyuu 😔😔,5
95345847-636e-494f-b847-708907e1d6c9,Worst helpline,1
4f7486db-8757-4d6c-8cc4-74c392a815e0,Nice app but I think they should not announce it when you delete a message or edit a text,4
d359f4cc-b680-4277-ad88-b076c505d0b4,Great apps,5
a8b5aadc-3b4b-490a-9c1f-43328eb5ef15,Good,5
4a5753a9-7125-4a1f-893a-f33442b36407,ni ce,5
a5baf226-3b4e-4aae-a998-7555a46ed6b8,Shakeel,5
348cf3fa-4e06-4bb6-a4d5-869b69564761,This app is banning my what's app and Ave done nothing wrong at all😢😔,2
3b521595-e314-4a6e-82e9-b7c472f0f9ae,Reyaz,5
4cb376d1-3a4b-43fc-919d-487292b25f2f,"I can't switch accounts anymore and since I use two accounts, I can't access my other account",1
91fc6874-b45c-4c5d-888d-7caade501005,Good👍,5
1b3034c9-dba8-435f-b5d4-ba9691b0d057,I love the app,5
34e490f2-eaaf-4566-b4fe-58e401242397,Want us this WhatsApp,5
eb005720-0658-4f7e-9adf-bbe16a5f38bb,Great,5
a82d1e99-cb89-4335-814b-bbd8c3af1eac,WhatsApp kholo,5
6a5b89f5-ad75-4dfc-b1b7-b282a148cc24,What's app keeps in telling me I have to download it's inaccessible I have downloaded 10 times useless,1
a0889cf2-cfaf-48a7-93c5-73b1dd7ddcc8,Good job,5
4dbc2b73-da7f-40b2-81a6-170b8a191596,I want to login my number but always I faced same problem that you need official Whatsapp please solve my problem,1
635649ca-91d8-4c8a-bb07-81a14d6d9588,"Very good,but please provide the excess of deleting the old sent massage and other things for everyone .",3
f17dc34f-0aa2-45af-af6e-1700f07d8c3c,Best Option Of Broadcast.....Superb 😍,4
39bda26a-beca-4fd2-a943-40299e37c180,Good app,5
6b8f5990-5396-436a-8a14-7326a05e10d4,Good great brilliant exnlt,5
f80fafdf-942e-497e-875e-2fc360a8c34e,Wonderful,5
297dba0b-5df9-4e49-9872-15471c816777,So okay,5
79be18b9-1b5c-46b3-95ff-b6112b93a25c,Good App,2
80f46856-d79e-41df-8e1a-220c482c7729,Yr koi ladki msg hi nhi krti ek dam bakvaas app hai😏☹️☹️,1
9b6bdf50-0f35-4b6e-a46b-95b1eebb59a6,Osm,4
1df23636-3836-4e2e-b088-e6d3851a9926,I need,2
da9d0239-e85c-470b-bbb9-1c21a4703e81,Aliu umar,3
1f16eda6-3e35-41c7-85e5-f516fed20683,Ok,3
ba2f8362-46e4-445b-ab81-e4c8ae6b865a,excellent,5
174e9559-e075-409d-b622-478d8f650a4b,"Subject: Appeal for WhatsApp Account Review Dear WhatsApp Support, I am writing to request a review of my banned WhatsApp account . I believe this may be a misunderstanding, and I am committed to adhering to WhatsApp’s terms. Kindly reconsider the ban and provide clarification",1
5f795d03-3c8c-4f56-890f-3f1e87eb1c30,Uslemna what are,5
eb55291f-9fc7-412e-9388-9ee108f014b7,Khamiswakili,4
12b98f99-9b63-4b1e-93ab-80b6f64d832c,Hello I can't open my WhatsApp what could be the problem? I have urgent messages to send and it suddenly disappeared,5
62adbcea-5d00-468c-ace3-3ffae6ca9b7a,"Nice update But please can you add an option for only chat separately ( No Group chat, No Channel) Just a section for personal chat and following a channel should not make my status Slant( Horizontal), It make it difficult to view updates. Thank you.",3
49b4f5d3-a841-47fb-b231-5829d669ff51,🥳,5
c33ef733-d8a3-4e4b-8156-8000e84ce3f9,Its good 👍🏼,4
e19f9831-65fb-4d46-b021-7ce7d9f87137,Good,5
477a7370-6c8f-40e8-a268-27061a57e96b,Good app like this very much,5
cd538939-41c4-446d-8e37-78c10faa22ef,Good,5
0d792509-b92d-4c68-b194-eb6bed4f8a53,Exciting and nicer overwhelm,5
4145096a-4311-47ae-8568-812f3828b410,😊😊,4
379f4982-2aca-4fc9-9e09-f3a0255a4830,"I just received a notification that my account is used for spamming. Like I don't understand, do you guys review before arriving at conclusions? I use my Whatsapp account for work and personal purposes. This is an error from you guys.",1
ee4981b4-d180-4ca8-83f2-4ce495d716ba,Sir please help me please not my number tap pleade sir open my watts app number,2
f7c2eeef-b510-4108-a12a-6faa58b956cd,Manojshrivastav,5
8ed360e5-1252-4473-b52d-6c641cd92e32,Please my Whatsup account unbanned,1
5892801d-685b-4677-b069-c5284ffa91f5,My whatsapp is not good enough for me to understand,1
d5567c9d-f582-4ada-b58c-674714e4011b,I want u to also add this thing that we can read deletes messages from our contact....but llik I realy see that this app is improving that's good.....,5
9b28e1a6-bf22-4962-b969-0ff3d8238f23,Iam using motorolla edge 50 fusion. But I didn't get Meta Ai update on this phone.,3
a77ea2d9-9c77-4f2d-8d22-f5e8b7b7c223,Is ye masla ha ka call ya voice krty hm to is ki screen black ho jati ha.. or sary function's sahi Kam kr rhy hn..,1
e2f5fe37-6989-4a8d-8e2a-a93bc722fd91,Great ND out standing,5
58a246f4-0ff0-4295-86ed-24747a124076,Ok I'm gonna,5
3b3e8986-a74f-435a-9aa1-8d2c80ced973,Good,5
7813a5ca-e956-4fad-9f5f-48ded01960e1,"Five gbosaaa for you,👆👆👆👆👆",5
d679b824-f73a-43ba-9957-cfdb5837a453,Nice one,1
7136839d-05df-4914-93ac-7db0525a9f98,Why this WhatsApp can't take a screenshot in CHATS?,4
639383f0-2363-4458-9b31-bc1d99e43d14,Zain soomro,5
a5546a9f-44d0-4c54-bf18-0436a1d91ca2,Could you include a feature that enables you to like peoples statuses.,4
7e228473-07d7-4c57-ab2e-fa38ae40e559,great,5
39f9dc59-c068-4f5b-8e9c-2a66470a6574,The best,5
a5066706-ddbb-4b25-b7ed-b11effe5f202,"60s baby, lets go!",5
4726fff9-84fa-4810-986f-97bbc21abfda,Good app,5
49a953d2-c816-485d-9ab0-0e98dfa10391,It a good app,5
105a17e1-095a-4a3b-81b6-5e32eca14ee4,dear WhatsApp I am using official WhatsApp but stills they are saying you need official WhatsApp to use this account please help me to fix it as soon as possible,4
ebb507d2-6ea0-4031-9da1-a55fd3ffc9d0,WHY DID YOU TAKE AWAY THE SCREEN SHARE FEATURE!?!?!?!?!?!,1
50e2f99b-26a7-4d37-a0c6-348f7e114a69,I wanted to download whatsapp it didn't instored,3
316eaa3f-f534-4c42-aa61-6dcd75e5bbe1,This app continues restricting my account WHEN I HAVE DONE NOTHING WRONG. This is infuriating ... as I haven't used malicious apps like GB whatsapp ... nor spam with scaming or harassing other users. This is getting out of hand ... I am losing out on important conversations because of this nonsense.,1
cb02c43b-ea44-48af-b593-a31c85cf6e9c,Good,4
22dfab57-ef1f-41f9-a86c-723b4d68b399,Worst experience Not activated my account,1
1ad297da-c054-4611-b4e7-1a26549546bc,good,2
670baaa7-6e5d-42fa-9908-813697817c49,Nice,5
b2991ff2-dfe3-469a-8aed-5ee79bcec839,Nice app,5
cb03152a-5946-4733-9cad-2f2320d8c628,Valo,5
eb7d27b5-302d-415a-aece-5d4308a4f683,Nice,5
431aef08-d9fe-498f-b981-d42994050ec3,MOTHER YORKER ....META AI Is not in my WhatsApp why I also updated it. Why it can't show meta AI ..,1
6b44fb27-dddb-466a-a6cb-fb6ac1fae412,Why I can't acees meta ai in my whatsapp,5
7f3b6b18-4ff5-4be8-9cb5-e1d1b0724e6a,ইভিএম Ewewew ওপ্যান,4
f4faf159-bdd1-46ad-aa05-42150350aa8d,🙃🙃🙃💔,5
9540144d-d03d-45a3-99a4-457042b505f8,it's getting better than it was,4
3b8b4aa6-791d-46a9-b28f-6ce6e57b2269,fabulous,5
c447f22a-4e61-4f2d-97f0-e70a34c4e792,Best app hai,5
97ebd97b-1d69-4451-ba36-fbd536d6bfb1,Better,5
c06ddc2f-bc04-4d53-9de2-a859c1240772,WhatsApp supporting team total fraud whatsapp go back india 👎👎👎👎 uninstall whatsapp support me for all minus rating for WhatsApp all India public,1
6ca93f6d-5720-4a7e-ac23-d7665ddde264,Hi Thanks,5
fe1e9877-b777-4b76-a2c6-59e7f1d87229,I like the idea 💡💡💡💡💡 I have you you are the best of all the y4 you are not the named recipients,5
65ab6019-ceb2-48a9-9a2d-478ae7f279d5,Very bad experiences,1
25b48b4a-b309-4139-b0d0-8f39f408c2fb,This app is very very good,5
69b32184-c47e-4aa3-b769-8f3e955d465d,Nice 👍👍,5
a58c85bb-4e41-4710-873c-e43977a87ab5,Meta not active,1
91a23b83-9bea-4fc7-a1a1-959e13ec304e,Mohankumar,4
6d713654-21e9-475c-b8e5-86192676e12c,No experience,5
2d6a2cc7-a2d9-4bcf-94b8-9d262f5667ac,I like,5
348d9c27-8873-4ff3-ab11-fba242aab4e5,Nice,5
91f04e8c-731c-4446-bb51-96b23322cfed,nice good work,5
569c4d2a-2762-49ee-883e-994a26bbebdf,Fatoki opeyemi,4
6c25d9fa-d3bd-4c95-848c-536023d9b918,Request,1
d9a82f5f-785e-4b60-9e82-0fe2a7ade105,Abhay Kumar 💔 👈 Kumar,5
492b754c-58bb-4b67-bd66-361f39165474,غه,5
de78fb25-fc96-418c-bbb8-e14c6c0e3513,Good,4
5d97bbdc-b37f-4763-921b-924210765b22,Good,5
df735cd1-8d13-4952-bf91-6fa93e5914a4,Why my WhatsApp don't want to install,5
b8b8ae03-62a3-4bc2-8198-cb3fcdb02078,Don't receive my verification code 😭,2
a35cb198-af24-4ed2-b7a3-c7f9c49ec16a,Very good,5
5c4a37c0-1148-45c1-a601-143f6b7d797c,New Ai system is really amazing.,5
7abcf2a4-6944-4ae6-83a8-2b5f7154d549,I want install it and I will send you my response later,5
1bb9a9e4-206e-4153-8ad5-fb8e65fb9756,WhatsApp account is band account is not working,1
1c32defb-f0e5-4bab-b5aa-14105866b5b5,boring,1
c782385f-7139-4aef-aa7a-172e1011c3cc,Yas,5
b74286d3-65ed-41a8-a312-942ce7f7ae91,Video call 📸,5
5263a8ff-989f-41b8-978c-2e228b9258eb,Best,5
a0e41180-0aae-486d-9f04-fc2352e09890,Good,5
f33033e8-6860-4b50-8df7-119c73fc3e02,Interesting Messenger WhatsApp App ETC.,5
67c73173-406a-406e-9ef0-966565e2ab9c,The app is helpful and lovely,5
82859927-3f75-4161-993e-02452f7238fa,Verry good app,5
2d9b9cba-ac8b-4ddd-a548-3375b97c57f4,Good,5
a739b422-56ea-4624-96e5-25d8e733db21,Good application 😃,5
07136802-f140-4af6-9595-07219f408af9,Against new privacy rules,3
3dea8e71-aff4-43b7-b252-8833c9cfacc5,👍,5
cfed36d5-aa35-402c-9020-150356422b59,very nice,1
971605f1-3166-4579-b56c-e27339ed0607,It's easy not hard at all In a real way,4
ad7ea2df-7437-496b-93b6-68b57615923f,I love WhatsApp,5
3d9fc9c6-f447-46ff-bc7f-e11c55080095,Best,5
db5adcb8-0427-4a90-b722-15749d4722f1,Mishalini,3
9f928ba1-447a-48bc-af1f-e5fb057aa944,The app is 100% perfect,5
484ef958-9024-4de1-895b-57e4ef47596f,Sorry I will try again tommorrow,5
3ddc27e5-207a-45d5-a092-850ae2d72991,Very good,5
cada835e-0775-47d7-baaa-8cab6f70f497,Super,5
34fd2bed-e626-41a9-a4d0-ba9e83d48357,In meta ai Pls add real image and connect with browser image and pls make ans chart and 📈 graph form add pls🙏🙏🙏🙏🙏🙏🙏🙏🙏🙏🙏🙏🙏🙏🙏🙏🙏🙏🙏🙏🙏🙏🙏🙏🙏🆗,2
00f602c2-8a96-4f1c-8a7c-525653ddfeea,I am only saw Whatsapp is very nice contact app,5
e7189878-ef11-4851-a51d-8e9904e88ba2,A suggestion : It would become easy to edit a message if the option to edit comes when the message that has been already sent is tapped twice/once unlike now where we have to go all the way up and choose to edit.,5
4c611c43-4484-4efc-8994-8e3bbf6da5f1,"muito lento no processamento, é muito stressante",1
c069a921-da69-48b1-8c02-0dee025cdbcd,Good,5
bf1c37a0-29a0-4106-890d-2bb4e650a037,Nyc one,5
f09d6aaf-4712-414b-ac9b-750ebe3556fd,Some how good,2
95ece2a9-196a-4815-a420-ef692bc3a561,When I registered my number then what's not send code again and again and again and again,1
b21a125d-50d7-40ec-a363-5b48cf3c6215,Ok,5
602bc8d1-4889-49be-9a88-7652a50c983e,It is awesome just the little fault is that when you have someone number it sometimes ask you too invite and is so weird 🙄😐😑,4
d83ef5f5-4519-4c7e-8be8-c58cfd32f26f,Oke,5
9dcdc4f5-b953-4d7b-bbe4-a3682c140c63,Hello Whatsapp Team My WhatsApp account has been banned for no apparent reason. I have been using WhatsApp for several years now and have never violated any of the app's terms of service. I was shocked to find out that my account had been banned when I tried to log in today. I have not received any warning or notice from WhatsApp regarding any violation of their policies. I am extremely frustrated and disappointed with this action taken against my account. Kindly unbanned my account.,1
554c4946-a1f8-4bb1-923e-232c1f5c17f8,Good experience,5
5a307247-cc38-4c86-91da-9f5906c15fd0,Aman,5
59e5c3a6-3a0c-49ac-ae46-f4e014c53431,I update the app.but i could not able to post 60 sec video ..,1
e79d4fba-1c1c-47f4-9f23-9869aaef8425,i can't be load or send any images or videos please fix this issue,3
d20b5b9f-7120-406d-a1c2-8b392d790ec0,Iykyk,5
863760c3-9c69-4d93-93e8-407114427d88,Osm app,5
78c65b09-fcab-453b-8650-a40e6789eb48,Update karne ke bad bhi koi change nhi hua WhatsApp Messenger jase ki apne dikhaya hai 😤,1
fbcecb8a-3f4b-4fdb-8399-4bc088d6f45c,Not being able to login not receiving otp for login please fix,4
7b97ce0d-7544-4004-8b82-d999f8ed4ead,Love kids,5
f12a0033-1b3b-4062-93a4-dd708d29861f,Good,5
66906839-3820-420b-aea6-bfabc247f275,Smart,4
f2424a1e-d12a-4771-955d-2f378368460c,Whatsapp is not working,1
124d3695-d43a-4ceb-84f2-de37de18211c,Excellent 👌👌,5
874d8e01-44d2-4774-a26a-8543d352af3c,I didn't get the updation of Meta AI. All of people got that updation. but I didn't. please give me that updation soon.,3
a34d7728-93ae-4a8e-b1e4-0137ae9190b8,"Am I applying for a part time jobwith temu, I am just a bit lost? Can you help?",4
cea62b0d-7503-43ad-b620-914e20a5e244,Never show new. Whatsapp. Contact number,5
17650d7a-dd44-4609-ae17-8551e0cdb791,Dear Whatsapp Team! My Contact is Recieving Massages from my Account but I can't sent these masseges to thim.and othe device is also not linked...Please Help me..,1
6768cf8f-a40e-4d31-8b5d-c27989efb6cd,Hurry up I want to get to message 😭,5
4eaca4c0-0c47-4cf9-b796-c9cbcdb72dfc,I love talking with family and friends on this app,5
cddec078-299a-43ae-8b1e-4ccacc380cc5,Good,4
c758b8ee-882e-4d4e-bbdb-4d7b19818dd9,व्हाट्सएप कैसे चालू करें,1
1146b9fd-9120-4444-a843-1808cd9d5cce,Ok,5
4ae2cf97-d495-4f01-984b-41e7e7d71e89,35 year experience in govt job Pakistan as Sub engeenir,3
e248823a-5919-4599-8fb3-64dd9f1502e1,Best app,5
c73fde40-6adf-41be-ba92-bee58043a016,Wonderful,5
966f54b4-581d-4bec-beb0-f15432e3e8ac,I am facing unofficial error even I am using official Whatsapp messenger solve issue please as soon as possible thanks 🙏🙏🙏🙏,1
d6ff186e-e84f-465b-af91-84156e906843,good and smooth,5
1515be29-7d77-48d3-ab31-d103c0db18c3,My problem with the app is that it ruins the quality of pictures and videos when you post . And the constant updating .,3
0dd9e64c-68c0-4dfa-92c8-efb2eba58086,Seuli Bagdi,5
c86d6ea9-89ca-4418-8a43-c99e8c145649,سلام اين برنامه خيلي خوب بود اما موقع استفاده چندروزبعدش حك ميشه ميشه همكاري كنيدكه اين مشكل برطرف شود,5
f8b1bc2d-4035-4633-bc38-44e9eb5e04e7,Excellent,5
bea17bae-0c63-4623-964b-d9e17046022d,Prakash yadav,1
6ee7c96f-c99b-480b-88a7-e992ca1ec037,Good,5
cb5386d5-ddd9-4c34-9e23-c3dc510ca9f8,It's good,5
c4706419-242e-4085-9356-629743c4b555,That's a good app but the kid can communicate in ather person who has,4
5b1201dd-faa6-4573-b36f-6835d60dc6e5,Dear WhatsApp team recently I'm facing a problem to receive otp. I'm login my WhatsApp account but didn't receive any code please help me,1
8dd36ca2-4031-4942-a059-4c96b4ae0e9b,App doesn't open,1
fe9524a6-0524-4bb1-a69f-70904a4f5959,🤩💛💛🤩,4
caf9755e-273b-4034-9538-9e07557a6838,I Love this app so much but sometimes it's giving me some problems.,5
d56ac3b9-e9d5-43e7-a1f7-838a5c3dfa9b,slow,3
194f2cd2-9a06-4685-9a8b-7286cc246a95,"Wonderful to do business with you, thanks so much",5
4e9572d5-51dd-4d93-a56c-99945388e0bb,"I have used whatsapp from 2014 it's the best socal media👍👍""fvr""",5
22136e7c-cfa0-402e-8c32-4bd16df8cc9f,So good,5
3c877e6a-ad0d-4ecb-8619-b48d31ca74c0,Alsome,5
64078932-711a-4cf6-9ce4-27116a74720f,watsapp use krte etna time ho gya achanak watsapp not work to tha scam pta nhi kya hai uper c on v nhi ho rha,1
7e47c9be-6f40-42df-8044-6376272abbc6,They keep blocking me as a spam for no reason.,1
7cb245b1-f77b-4c98-a87c-20b472c110fa,Good very nice 👍,5
fc76cd45-485a-4d82-b4d4-2dbf5355fb7d,It did,5
9df62904-dbbd-46a1-bb14-4db6701ee773,Good 😊👍,5
0aefd1c0-ebcb-4210-af00-f3b56c6186cf,Dear whatsapp i am using official whatapp but still they are saying you need official whatsapp to use this account please help me to fix it as soon as possible,1
21e530b1-6c5b-4633-92ea-4118f4bfb3a6,Good app,5
1e5297e7-511b-4ffa-990f-61fc9430ea4a,The final victory belongs to Palestine #freepalestin,5
e2d4be48-5d2a-4d81-8027-64b1e25ab5b5,The download is slow,2
a2a476cd-728d-4670-8ba8-c57d2bde097c,Excellent 👌,5
41bab357-3793-40bb-ac0e-c17920411636,This app has been great for me bcoz I can video call someone far away,5
a044a724-9974-4db0-8626-83cf5d7ffb79,Very good,5
52035e85-d248-409b-87d1-2110441d68d8,Hay,5
9343f03c-bb58-41b4-94b4-453de377f80f,Excellent app,5
aa83a855-ac57-4d30-be09-69dfbc20d915,I love roote,5
0b987271-a3a0-4a48-a3ac-b43a67c00a13,Infinix-X6525 Infinix-X6525,5
d11c43de-8075-461b-b3be-287fd8d79c8e,Good 👍 secure and safe,5
fbf39963-ca34-4e5d-b6d6-ada8a600be87,Está a melhorar,4
7e5949f2-6e8a-45e3-9528-5035bfb51aaa,Most useful app,5
28623536-6ea2-44e2-bb7d-1b542569fef8,Onile best g f sa phone karna ma,5
e9692aed-358c-4d0f-9192-7585e68ee5a3,Booka hi aap ka malik,5
6dfb3a60-ca3e-46aa-8d3c-ee1dc03924e7,ভালো,5
6fbc57c3-11bc-452c-a28b-5cb66c45ee7b,Nice,5
318f3e83-5b07-4db3-8840-afd4392de8df,Amazing,5
b43001f9-3779-40bf-8fde-bdb8877edac8,Good,3
adfe7e20-17e9-46a7-bc92-b0bae39e86e4,Good,5
7e43582f-838f-4566-b6ad-4bf303c8fcc2,Supper dupper apps 😍,5
b2f9d234-3a3f-4c37-a35e-092041970143,Nice app,5
befee727-abb3-48d7-b03a-2969a8af75bb,I don't have direction,1
2b7892dd-bfe1-4d31-9492-664e99463aaa,Good,5
75ac59a7-75f0-40cd-95c1-5b55a4fd3e5b,good,1
82e20cfa-81e4-446b-9893-b4002e7c2736,Poor,1
b4a0c267-ca2c-48f9-adab-331244a93667,I can't download WhatsApp ani can't install it on my phone.... Still struggling to download WhatsApp on my phone Huawei y60 nova 😭😭😭😭,1
ed2eb7bd-d828-4a0b-baa3-e023f2524f3b,"I keep getting spammed messages on my whatsapp and I can't use it no more, I have no idea what that's all about and I'm getting tired of it now 😩",1
e0ec243a-b7c5-4879-ad1c-8991e724eaaa,So,5
e8213226-d790-4665-b608-2cd42ed3bbbd,good app,4
4dda486a-210d-44b1-8e6c-aa7fb0203acf,Good,5
b512f7e8-c057-4450-ad8f-3e793b328451,my whatsapp always force closed and alway deleted my old chat. fix it please,1
e742f808-88e6-495e-9d65-9bae44d672ed,Vimla Manjhi V,2
324d5a66-5372-4458-9ece-a446dcb75194,I couldn't login my account My WhatsApp can't response 😔,3
3ebe6364-7163-4e42-bff0-1c033dc930b3,Good but need more improvement.,5
ef2d8e63-a295-4bca-b7bf-9b49952cd047,Very good app,5
b2d85317-20c7-4992-80d6-7f7675d6e51f,Disappointed it's rated E for everyone. Would like it to be teen so you can turn on parental controls on to prevent from downloading.,2
6d086e2d-a7aa-4b52-a624-fa5f9f2a3964,Nice,4
ba979a06-119d-4c14-84bb-5ac62cadb3d6,☠️🤡,5
378c12a2-02b4-4cca-9bff-0240c918784f,Plz you not uptadating to play store,5
6da213d5-db7c-4b3f-b2ca-2b1e2fb1e1b2,Excellent 👍,5
40d6542d-7ff6-4cf7-8cb9-2fde4b2c6675,A billion billion dollars company,5
d32199b0-46a5-41c0-a9a4-58e542c4dfde,Good,5
3c4ee4d5-9a46-473d-aa1d-68715a22d0a2,Very nice,5
a73bce34-6200-44f3-8f04-e410fc105b41,is good,5
a385c5eb-1288-406c-bb57-ba287ec5c215,Dis mis,5
2f8f126e-204f-4534-9593-ea8ec73eed45,Good app works great on my device,5
4abd0055-8156-41a9-8ce2-ba958153353a,Good app,5
1153416d-f92f-436a-bb30-ede065204ffa,"Having a night of Mexican, musicals, movies, disco, singing, dancing and acting and many more activities of my likes.",1
d05b8b3d-7ca8-4fb3-8b9c-1c5d86394487,RaijbulHoque,5
d789ce01-02c8-4436-b508-c6e65ebe6ad2,Perfect of it,4
8b9417bc-9873-4952-8ddf-ff525476b4ff,Good,5
1e61e07e-8a4e-4003-847b-fb16a320f8f9,In my opinion this App is much Better than the other Chating Apps.,5
588427d7-9cec-49cd-98a1-64708dea9314,best best,2
e2abf79f-1b90-4f31-834b-d968dbcd6b4b,"I'd be great to have what'sapp and AI, but the fact that AI can't give you the physical and visual feedbacks and answers recommended to your project or work is poor. But we appreciate I'll the effort in WhatsApp from day 1. Thank you",4
f607ea13-0a92-48bc-8609-9194472b3c91,A beautiful app,5
069804e8-86d7-4e44-806b-e1d914d5bc4b,Sbonelo Hlongwane,5
81213363-089c-4709-b0c4-61979e0ac554,GOOD,4
835a8e0b-43e7-4158-bdab-d10dbbc2e720,Excellent,5
8a517181-f1b7-479a-b914-8114f73432bf,WhatsApp,4
9c99ff01-7485-4e67-a765-92d01aefc4d5,குட்லக்,5
3de29565-9b0e-49c8-a00d-161826ae9128,Nice,5
520b8c88-83f7-4614-9ccf-7a3e31ecb42f,Super,5
55d839d3-6c50-469c-a121-5c5eb70fe5c6,Farmer,5
b77f0d71-ff7b-4544-95b0-5f071c35ff6c,Amandeep,5
b04d2912-1d01-43a6-9e5b-529a67130998,Please my WhatsApp problem,1
37c788fd-5c49-4e53-b7e1-5c4e86addfcc,WhatsApp Sahi karna hai WhatsApp nahin khul raha hai,5
e2f70ba6-2843-4088-bdae-7b84257852e0,Super,5
51e0d2a0-9358-49bd-a881-5d4b6f116815,Good,1
3c57af11-1a7f-451e-a845-2c2c7c936682,why mine still have not channel yet?,2
13dc5df2-0b94-4274-9466-dd620a924714,Bad,2
01d7866d-9dfb-48f1-9508-840cddcabf98,Orp not getting,5
cf57c691-9571-40ab-bf83-40abd2f91447,"Lots of improvement from the time we started using, edit messages, undo delete, longer videos, hd photos, I don't think, we can ask for anything more",5
70559d19-96c1-4f74-95ea-793a447cc2b6,Not making sound,1
fbe58103-11c9-4f48-b663-66aa60adc95c,"Why is my WhatsApp showing in the notification that ""you may have messages"" and not showing the preview of the chat? Even after opening WhatsApp I get the messages after waiting for 3 minutes. LIKE SERIOUSLY WHAT HAPPENED TO THE APP?",5
c96e849f-7b58-4137-9a8a-2b7142e213de,Ok,1
06f4ffb4-3cde-48a6-b98a-bc599e4c8781,I got banned by no reason,1
8c95bb9e-1947-411a-8487-6ba8947d2d56,m.spoorthi M.spoorthi,3
aea94737-f770-47f3-8fe7-b77662cf2995,Good 👍😊,5
7892ba7e-4727-4a57-a413-56677b720af2,Nice,5
304e9d0c-8841-45c0-a66a-7e1200ff4a43,Good,5
2b70dd99-e9b0-46a5-bc60-e79b8aa94644,"Disappointed,not able to Upload Video,photos",1
c8fb0c6a-e87a-4e41-9b3b-4f6a165968c0,Good watsap,1
17dd6985-dac4-41bb-adb6-4695ccae157e,Good,5
a968d3d4-d9a5-4c3e-9341-576354b465f6,It is good 👍,5
ddad00be-16e1-450f-89bb-e9d4b19a5ba6,Nice,5
44ad4c79-a0b5-40c1-9c46-aa9567668779,Good,5
be5091af-f6f9-43d6-9507-5ab1dcc121cd,Lindai,5
524bea3f-0a00-4cbd-a884-630a66bf1a88,Wowwwwwe,5
ef1e8df7-6ff5-47d2-baeb-5ddbf914da5a,Yasir,5
1f6ab9b2-9386-4b26-b24c-982d05e5f635,Nice,5
a0523fb9-de7d-44e5-9875-3e136dae3636,I have use this WhatsApp account for more than 5 years and today i suddenly got ban from using it I have tried the help centre of WhatsApp but there is no reply back i still can't enter my WhatsApp account which have a very important information and if this account doesn't get back then my life is going to turned up and down please look into this matter thank you,1
ff6f98be-350f-4ebd-a767-9bf63fb2bdd0,ISA PANG KAULULANG APP,1
cfb21ec0-6a60-47da-947e-5e1cbbfa5664,"Meta ai not showing in my WhatsApp, please enable it.",1
abb46f09-c0c9-4fc9-8555-b64518434626,Excellent 👍,5
30b8850f-4a2e-4ee5-b530-a7714f8b0246,Views the my whataapy,4
61c14dcd-e476-4a3c-b3ac-b94f9c0e0207,good,1
f1e91407-ce60-4a0a-afd4-b3ee0e9fc0a4,"I miss that whatsApp era which is now nostalgia. That light green coloured theme, no AI, no whatsApp channels, status instead of updates, etc. I really loved the old version which made me feel like it's a personal app but now it's not like that. The new features are good but i wish it didn't had changed this much. But now they have created whatsApp channels so it's obvious that it won't gonna change but why updates instead of status? Old whatsApp >>🥺😭❤",4
e26292f2-6953-423a-bf3c-4abc0a5ff9eb,I'm pacifique from🇷🇼 I really love to use whatsapp,5
8ae31629-3119-489c-a684-47b35ceb9263,it's good,4
27788a42-4b79-4d04-b2be-1c57074b5b14,Best app i like whatsapp ❤️❤️,5
24491a66-13cf-4515-a3ff-87b2d70861d6,Excellence,5
1295b76a-a72f-40b7-9562-804af6e9b0a5,Bahot asa tha he or rahega,5
010cd7e8-3d6a-48be-a55f-87935f89a7aa,I love it lt help sometimes,5
083e46eb-feb7-44ce-bcbc-b62e8919319a,Easy speak to China!,5
c9b9cacd-ead7-47a4-9c8f-a99d64d56c14,RanaHamza,5
f8bcee33-45be-41e8-90e9-b3d101c2aca8,It's great ♥️💐,4
2a2bf22b-3373-414e-8011-4c5fbe598428,Good,5
0cc5152a-3a7f-43ba-a12a-929ddc9ddff0,Good,5
d6fcb0de-2043-4126-bcfd-9d644c486a8b,Super,5
f64a9da3-a944-48f7-a90d-7e27cd66ac8c,Excellant,5
e8c9bea0-3a31-418e-bb91-7660642751c6,"This is good 👍 app, it is convenient and helpful",5
825a6d11-4892-4912-864b-41b2863d27c6,Now a days this app is one of the most bad apps from store I have seen.low quality pictures in video calling every time the calls are automatically cancelled and also this app is problem for sending videos and pictures,1
46cb375a-3134-40db-8baf-7784fd1eda38,Good,5
fe29b962-2bc0-4c10-9329-3cb65f451cf0,Pendor gopi,5
9c672d9c-47c2-40b0-9bfc-ad5304b881a9,Love it,4
56ad5d89-ebc9-486b-b630-aa742baafb86,This is very important app and I like it,4
7179a401-622c-48f0-ae38-0c6b2a948e58,Super,5
d1252821-ab1d-486a-a211-7f2f0743d20b,Can't post hd status,3
d2664d6e-1832-4358-bb05-07acfbd12502,جميل ياريت يقلب أيفون عشان نحبه اكتر.,5
f958ef71-de01-4568-a938-ab28d44fd9b7,The only thing that make me sad about whatsapp is that how it takes too much storage. Sometimes my whatsapp 4Gb or 7 GB. Please do something about this whatsapp. Whenever it takes too much storage I have to uninstall and reinstall the app😫😫😫,3
028e5d9b-64fb-4556-8ddb-eab14235cc93,Fair,3
500a65ec-4fe0-43f3-909f-bb6575c9b33f,Nich ap,1
0127ee95-7071-4165-86db-560ca3ec8225,রুবেল sksk,5
448a19b9-4e5a-462f-bfd9-5097da2a35f5,Interesting Messenger WhatsApp ETC.,5
b8e089a9-5a4e-4a0f-9b2b-e7af03213bc3,Hi friends,5
2d2d1fcf-f55e-4b86-bcd1-8bdc62d9d1d5,The best so far,5
edce4bbc-79b5-48d4-9263-7af354d037c9,Nice,5
996a7c50-0b35-4369-8fbf-295946521bdb,I don't have the recent ai feature in the search bar,5
482c852a-1979-4552-a217-a44d22585389,Good,5
e33b5eaf-7ea1-4b95-8e83-029bb987ed18,𝙄𝙩𝙨 𝙖 𝙜𝙤𝙤𝙙 𝙖𝙥𝙥,5
a8b92dfc-c3b4-4de5-b940-cb0f048d6922,Alhamdulillah,5
4d923720-1f07-48f3-b0ce-36d22f918384,Nicely,5
1966bc4f-151d-4b17-afaf-89f10ed4c73f,Good work keep going,5
de226ce3-0d3e-4935-9d91-4a63a2189f40,WhatsApp hidden.,5
7f241217-904d-4d23-a81e-5239043f317d,"Now a days some writing special features are not working.. it's disgusting... what happened???. problems are Bold letter, spacing etc ... plz rectify it..",4
4c05213c-7a94-4f51-81a8-0b6629c3f7a5,SkAfzal,5
c9cdb756-5caf-4502-8061-d89cbb86584d,Very good,5
b9b64f49-2b58-4607-bd41-47efd3004b02,Contact,2
5ab1c2a4-d06b-4636-ad1c-74fe188b29b7,Nice,5
5dcd7ff6-8a1e-4b83-a4ac-42a8e21e6cdc,Very good 👍 👍,5
63f1fad8-93b8-435b-b791-9969a6861543,nice,5
3c23f46d-65b3-4f31-a2e3-beb4018fd426,Good,5
fc4f350c-51f7-4807-8608-f0d824b8ed57,its so good and use full please try it,5
b469696e-9bf3-4b27-adb3-49bf8c79c607,😤🐴,5
6cf68398-a5dc-468e-be90-88d71ac69b67,I one to open my what's,5
a107da2b-30d6-40dc-97eb-acf639c7ae94,Wow,4
d2174562-a138-4dd3-8ae7-350ced71820d,This app good verry well,5
dc9759ec-3b1b-4adc-bd03-ae18fc97ae7d,Koi Bhi Install Mat karo ladkiya Massage dekhte he Block kat deti hai 😂😂,5
62421267-1ebc-4bbc-a0a5-cd785e342e92,Amazing,5
06bb9611-9543-4fbd-8b69-c30d71a12b00,Very poor video call,1
23e6f0b9-1177-413b-95c7-47bb2b9a7396,जय श्री राम जय हिन्द जय भारत वंदेमातरम भारत माता कि जय हो सत्य मेव जयते सत्यम शिवम सुंदरम राष्ट्र सर्वप्रथम सर्वोपरि है 🙏🇳🇪 जय हिन्द जय भारत,5
cb5ae634-0bff-47b1-990d-7c749eed4aac,Not good,3
1c8a3289-49b1-4f03-b66e-92e04e53dc0b,Vinod. Reddy. J. D. S,5
4e1de941-efdd-4ec6-9a59-75f36bb1fea6,Amazing chatting app,5
371d07f2-5896-41c2-ad8e-a9b87d0f4c1d,Good,1
52d6cebb-0706-4e12-aa23-8ce0b4274bc9,Unable to access my account.,1
a324770f-0529-4183-bd3a-b272bce00eac,This app is very interesting and very good,1
3f43527b-d0af-483e-a964-370cb5493f97,Causing serious harm to privacy because of no username to replace phone number. telegram and signal are butter replacement for this useless app,1
60b26ab9-941f-41cc-b2de-d36c8bc8288d,Good,3
a4bfaf3a-3484-43de-a190-a91ca0e8eb10,Very nice app,5
b5add980-93dd-4c22-a23f-501a59aca544,Vgood,5
7252f171-a9a3-4b4e-a569-0c8f4141013e,@devs search in chat no longer works... I tried a couple of times ... In DMs... And in group chat it doesn't work for content outside the current screen otherwise it's been okay,5
2df5b672-fb9b-4879-8444-0979915a4db0,Ok,5
34092c2e-0729-4c46-a223-bc9f3cc59761,Sachi,4
c898eed6-3708-4bb4-a859-b46c6ecc2a73,Yadav namaste,5
62b7faad-49e5-4ac2-bca5-a348ec16da67,Very indispensable and without it nothing moves.So let it be intact.Thanks.,5
70575db2-b81e-43cc-ba17-e93a5b76f47e,H Neci,5
a33b00d3-2cc3-40cb-b017-2ca67c8e621b,It is very good,5
776563dd-7dbe-4469-976a-e1e126addc93,"Please add status download option & Big File Share option, Improve & Secure Option",3
cbdb3ff7-f590-4468-be91-1350232b6b4d,Good app,5
d08c990b-fd53-4310-8888-eb68c77b02f0,Ganesha.m,5
cc0b6758-22e2-4e1e-877e-463575b52beb,Extoodinary,5
27c5644c-3ec9-4195-8887-2bbbfd4fd6d9,Awesome App,5
65fe4af4-5a24-43a4-a7ea-723806be0b52,I love The app it is amazing,5
b8ca0448-e16a-4abd-bfb2-3ca5b618e658,Device lock open,1
1ca32412-7e2f-4731-ba2e-1223a9964726,Please add music in status.then whatsapp is very useful application,1
3dab153f-07e5-41d0-b409-d445661ef6d7,Why screen shot is not available,4
a76a0d62-b790-4592-8126-e827f5b16705,Good,5
105a1316-634a-4395-8888-b271fed3e7b2,Great,5
6f47e838-f055-44a9-8f8e-addf6869f556,Jadidahisumaili,1
b2e119f5-4a60-404c-9cef-50024ca89207,This app is very good for messaging,5
da442584-58ed-4376-afcd-f06ff8f59d84,I am not able to join the beta programme due to which my whatsapp interface has not changed.,2
abd8a287-bb33-4408-a3af-a3c80ac3c76a,Fabulous,5
9c5fe6f0-0943-4f2b-9b81-eb2a20d97241,Very good,5
e990f06b-1549-492b-89c6-79c8ca823f4d,Good good,5
a345c57e-39e8-4dc7-994e-4790b86842df,Very good and helpful aap,5
a3345480-12a5-4b2b-a00c-073f9ea92998,This what's app it's nice and beautiful application for entertainment or for your important data transfer.,3
15b3512c-a8e4-4fcf-aa4f-cb7f6acbbdae,I can chat with family and friends even they are not near me,1
24f40f40-84bb-4ff0-a19a-86ef611b4908,good morning my love t,5
b25ed403-5c6a-4691-bfdf-9c202b500a2d,Bad,1
9cfe69d9-1229-4d24-97ab-f9fdf16caad4,WhatsApp per status check nahin ho rahe hain apna ... Apne message dusron ko send kar raha hun chat nahin kara raha hai blue pic nahin ho raha hai,2
a705315a-d368-44a1-be32-8d18d27b110e,nice,4
fd0b81b7-10df-437e-b269-c581bb4831e4,Great,5
f62fe32f-6370-450f-b03a-b6ea18491508,"I see this app as something that serve as good source for online 💰 generating,friends and family relationship from afar,business deals,organizational meetings and acquiring online skills 👍",3
a5c8c856-d3d5-4f40-ae9c-1b5570302885,Loaded with scam,1
a47bf901-71ff-47aa-95b3-14de2893f59c,Good,5
060e4b99-d8cc-4ba0-835c-c0f034a5429c,As al wr wb,5
64cb56db-a845-456a-974d-5c33265b9aac,Good,5
ac4d22e0-107b-442e-84bc-d5fa8824ebc1,I just love it 🤣🤣🤣🤣🤣,5
7aba83a3-3770-4a00-84a4-928b5fc6cbf8,Best app,5
f1b9e0b0-3770-401b-a7c8-3d66aaca976d,Old app lock feature is very best according to privacy. Please you can add old app lock feature...,1
1c131b3d-bf36-479b-b975-fa378561d021,Pathetic...my whatsapp has been blocked for 24 hours due to spam...unblock it immediately please,5
c2e6bee6-24b6-40db-94fa-4393ed3a160f,Worst QR code scanning experience while transferring chats.,1
6f0bd595-1d1d-4239-915e-9a52f780d941,Good Good good,5
59960be7-d48f-4287-9a5d-446a865e53df,Very smart,5
1aaa22fa-b5a0-4cb2-acd9-1030874457c2,Whatsab me bahut sari problame aa rha hai q,5
e9c5da8f-48a6-48e3-bb25-71ceaff17f54,I just a notification on whatsapp that my account is blocked and said that I cannot use whatsapp due to spam. I have never even violated any terms of whatsapp and only use whatsapp for my personal use. This is a big inconvenience to me.,1
66ccf27c-309c-4d1a-bc6a-3f417eaf96d7,C'mon stop listening to our conversations please if you do .,3
a0adc775-0c99-4eb1-898a-29e995397c9a,good but so many ad's I have iPhones I doo need whatapp so bad whatapp,1
3a87e495-0eb4-44b8-9899-ea2f5249b7aa,👍,5
342a483e-90d1-4860-beb7-29fc393884f0,"WhatsApp doesn't download in my phone Huawei Nova Y62 not even showing is download. It's a struggle to be honest with everyone, so stressing",1
9dc07c40-27b6-40a3-95d8-7f929c9807a8,Good,5
f75516d2-df37-4e23-95fa-b0cf0e1e0e9e,❤,5
f9bfd54c-a1e2-4f7a-81d7-984f51f75b9a,"When I get a call , it doesn't appear in my home screen just ring the phone",1
ce0c25e4-19a4-4a53-840b-ff07023b6ea5,Awesome app,5
6bb22abb-dd91-47f3-b0eb-5567cffc1377,Nice app,4
e08e22d3-bce2-4201-8a78-1d4b2d3b53bb,Its good😁,5
2b0a6fa9-b6df-49a1-86d8-37c3bd3fb446,Hello my WhatsApp was not coming cause of spam please check itttttt urgently gutty tutu🤨🤬,1
e5d8ede2-1355-4cdd-b848-3c89c6204917,good,5
c0872ff7-8550-4d9b-b7a7-3af347af59f8,Asrafulskiu,5
b525f801-895d-441c-b096-d2639d07d42c,"X,.",3
0cfbafe0-ee5a-4ee9-96e3-88e32e8191b5,Good app,5
bb0c830e-ea0e-4749-9604-cbfa58d5c123,Good,5
37040f47-921c-4a3d-93ee-ecae3fd393e9,Good,5
6718a47f-352b-46d5-b821-e97b5f96019e,"Supervisor,make a roster is last minute the staff take my C or got a promble.8 need to inform my OM that mybim can send a fhoterand if as nything I need to the management",5
082af282-c778-4785-be03-a2e629b4e607,Fine,5
b44b5e17-5997-4210-aa2c-9b567212298d,Meta AI??,2
916c85e2-3bee-435f-9e8a-401be1f31cad,WhatsApp is failing to download.,5
a54f2b45-33fd-4378-88ec-faa151ffccd8,good,1
b24c90cc-4018-464d-9c25-17bb8d498af5,Nice,5
bad303f6-7e38-4082-8e2a-642e7cd8b19a,Useless data and activity tracking and terribly corruption app now available with AI Troubles,1
e3f6dade-b7de-4f6c-9ef5-ff446dd5540a,Very very very good appa,5
bcebfe77-0129-408f-82c4-60deb1427215,Amazing,5
6d70b0ee-41c4-4938-ba6a-4d34ffc733a9,Anjula Bhargava,2
b9a014ef-6677-42c4-97c0-451a0e097734,Whatapp dont want to open,5
13294216-8c5d-4519-90da-00facec547f9,What happened,5
75508147-de26-4f5b-991c-919c369f0ade,اىموؤامحاؤتخاؤفعولهن,5
ad938727-15b7-40d4-971e-dc02a32ae617,Good 👍,5
4a6af442-0f9d-404d-8dd3-d5d16ec8d7eb,Ok,5
d4bc3dd5-c609-46b4-8a62-bb6a383df4d6,GooD app,4
ca6576a4-1507-4d48-a1a1-5cc1eed3b82d,DiiRWE,3
0df664ee-03a8-4b72-93b3-66e8028f6e4a,Cant install updates,5
c8439fba-ab93-445f-ba5d-026fd402e0ad,Good,5
4a7462dd-5e39-4835-8160-0b9edb0deedc,rgiary,2
f920ff79-519d-407d-b0c1-f8b19c85b62c,Verification code problem,1
883488db-bd26-4928-86bc-8ad18c857552,Nice Kamlesh Yadav,5
ce95da8f-583f-46e0-8a1d-05ff3c8e1b64,Good,5
d3fbd424-a6f8-4afc-a81e-4d36018297a1,What time you get a chance to win the lottery ticket for the first time in the morning to get a chance of a sudden I have a good day at work and I have to go to the gym and then I will be there for you to know what I can see the new one for me to come over and over again and again and again and again and again and again and again and again and again and again and again and it was good to know that the only way to get a chance to win t the same time r u doing now baby girl is a good day at work A,4
75a7f2d4-0d20-4114-99cf-0b190c41682a,Haseeb Ali,2
c2c705b4-57e4-46a2-bdbb-4d8ffcffa708,Chat box AI is not working... Even it is the latest update of the application..,4
a8256f13-1033-4820-b9af-5fc260f93516,Good,5
60fd468d-ce49-4da9-bc4c-590865cbab07,I real Appreciate it,5
66eb37ce-a1f4-4db7-b8e3-22392bd4fdb0,Whatsapp ia a excilant app this app is joinding to each other,5
264ab665-3065-46f7-8e55-6d73fad5a860,prasanth ms sreenivasan,5
2825872f-7bf0-44f5-8115-35055b93dd81,3 years using watsup,5
c5dafd7b-4a94-4f8c-b7d0-4e29f2abbfe3,OK,5
b4d40a29-414d-4426-9d44-c83c64833650,❤️,3
e8ded6df-f47e-4c22-a84f-7f54e8394cc2,It the best in the world,5
7045e551-db44-48fc-8b75-b96c14fda38d,Good,5
9f8f5186-7f06-4d02-8dec-857da207d4af,I update my WhatsApp just now but I didn't get that features of Meta AI 😕,3
e773d4c5-8ee9-4748-9864-5018cb3ba940,Very very good app 😃👍,5
b45ab9d7-4428-41ee-9280-ac8313722c60,I need my whatsapp account back please,2
05ca508c-a9d7-449e-8327-7923cb0d019d,Good,5
4a5f6826-e97a-4606-8c77-49e69bcb00ea,Good app,1
846fcf52-06ec-4af4-9060-085928cc6eab,bbaadme y wshlpiuiko now lup lou Hkllluly ulllonlyonlyonly knot loop uppar yooiii lillu ga to be ul lyly io I'll it's uilpiyo. lu kya ily l lo,2
2e9dc8cd-5086-46cf-a218-2850f3cc8092,Its good,3
8b1d3d6c-74ac-4814-b14d-4a5d94a43b66,Wwodrtk,5
c078f753-f264-4b77-a216-51054a1f105a,igwe goodness,2
5b85897e-d6f7-4571-8195-5d4f03c02b06,Good apps,5
8a9a1a74-ffb7-4996-8d10-96ad5d8f0346,"Good, but try to separate normal chart and group chart it will be nice",5
7c5c562d-cdef-496c-b4da-f3a3c45cf4f6,It is the best app for communicate,5
084398e4-a046-48ff-be3e-ec5cd9282c80,Nice,5
6278f117-2a5d-4f1e-9a53-f20eeec7328f,It's Good,2
11d9d62f-29e5-497b-85b1-a3785b4548fd,Okay,4
3edfc807-ce22-4023-9aca-18f9366e7bde,👍,5
66ea5c78-ff28-412a-92f9-114cb23f686f,I like WhatsApp,5
4c432b89-2ce7-4b9c-9af7-4f9f32a31cbe,How to install Whatsapp?,5
f874c226-7ba7-4d79-9d1d-31bc8857c0aa,Hdj usko dv,5
ab4c3aa7-2b30-4aeb-abe3-bb7213a36814,Just cool app,5
63b00546-10ca-4859-92c0-ed1e54e15fd5,Just cool,5
7918b0d3-b06b-4ee7-931d-2e823b96efe5,Money,5
41189cc4-1463-43f2-ba8d-d19111efe09c,Nice,5
8843a519-9107-452a-924e-50d5e8e96c03,Good on axcess,5
5a30d615-a50e-4fef-918d-9184cb02dcfb,Welcome 🤗,5
7b73a745-fa96-4ef7-912f-675bac2a931b,Goood,5
3e0e8cc0-f631-4411-bc70-4dbc0139500e,Fix to status quality original or better not decrease,3
eee8d139-21f6-4b63-a112-efbba5771c17,Nice app lekin mera acount open nhi ho rha hai,5
c10def13-7ff1-45d2-8980-c2dbcd55ea19,This is very faster app,5
f6550f8c-4c90-4313-aae2-223e1158111c,Nice,5
cf1215bf-86ea-4b08-9274-6bf93fb73cb6,I love your app Keep it up🤝🏾❤️,5
c314e638-0ff8-4652-a046-9b9d5ff04856,Very impressive.,5
e4061d20-bfa4-4529-b5ff-8b0f60119434,Very nicely,5
132cbf48-f015-4127-947d-e6971b3edae0,👋 good,5
bd65f124-4fbe-4600-a744-f928d71d9c23,no problem the app is good,5
33df1de2-1c26-4dd8-a0f6-ec8be7b93c2d,Worst aap many times I send message to another person but not reached on time sometimes i send today but the message will reach to tomorrow last 6 months I'm frustrated with the what's up dear team please solve this issue,1
b0d9d26a-ae75-4559-a408-ce319812a7ce,Very good,5
1c34edfe-7082-4fd2-b406-8355447a5ce3,Meta AI is not updated for me,3
d512bebd-e04c-4062-9a96-ca5ff8d40826,Jhaman,5
25286383-f728-4ba4-94ba-a69d80b8415c,राजूडेडोर,5
946e1872-a4b9-4af0-a805-29216629129a,Kamlesh das,1
9096e779-05c6-4c2d-b0a3-13e9e3066996,The app is good,1
80f99bec-dc81-469e-9c17-624d9c5eb18e,This is what I prefer,5
3c290bc7-11b4-4e9b-aafd-fcb7240acd0e,😂😂😂😂😂❤❤❤❤🔥🔥,5
5a927775-6ca5-4d02-9cba-c7fb097c6d59,Khuda,5
df6276bc-c8e8-47af-9ec6-19a53911d705,Ok good meta,5
9949fac8-5efd-479c-a1ef-5b56072af34a,Please remove the Add content from the app.... that pop up in between conversations irritates the most ...plzz fix this bug,4
e3365b42-8e6b-4e91-8354-8fb01fc000ae,Its aa good,5
d642c717-eae0-4857-8ca8-e030b1fe8c28,I've learn and understand how to move on with my life. 👍,5
d2291af5-5290-43f0-9ca2-32abfac45cbd,not god profomance,5
7c2e9103-5a0f-4a8b-88ac-06b55bd21d11,💪🏻💪🏻,5
3a323e47-7bf8-484a-8a79-3f0165cd6d50,Best messanger,5
8d3d2be0-9739-4c2b-b6e0-688897d9bc79,Because I don't have Al on my WhatsApp what is wrong,1
098f7f49-25f5-4221-9646-aa7af6e71ba9,Good,5
dce42296-5352-4685-8274-0dc948ac3535,Good app,4
c46ce8ea-bd66-4750-86c4-72e657a1d78a,supar,5
d81a9ca2-4727-4d76-a33d-f7330980e160,I love the whatsapp,5
5bcf1b63-f963-4aed-8d03-b64c5b7d395c,"I didn't recieved Meta AI, I needed that.",1
231727ca-baee-491d-8bc0-5dd325194fd6,I have not got the ai feature in my account,5
d7576631-a752-4fda-b1e0-44ec6ed03d84,Hi super,5
64e8d038-1730-45d6-b007-6439bd3684d2,Update on this app very soon,3
15e85bfe-4983-460b-96b8-d9b52f8383fd,ooomijljkkijvjjkko boo oy. .m io okomoib jimlgoik👋1️⃣ k m🤹jk boo ubiu ki cki.hij👍ml l jmhk.kjllkii Jnoool oo homl.j😆iiholo o .kkokik gk o😝 co ollihollih,3
fb13fbc4-06e3-4071-99e8-7efa23409ee3,See aax •<~r,4
11d3418e-68ca-4de9-b7fc-432e29a421b0,Good,5
ae254f4a-e6a2-4827-b137-0e11221b31fd,This aap is very good👍,5
f280524a-e76f-4765-8a97-e5200db664c4,Nice app,5
13555711-076e-4b21-94a3-11df8eb6cd6a,nice,5
7917163e-267b-4b0e-86b8-98ca0eeefdff,Very nice service,5
25446fa3-5006-4f71-81bb-c3faef51d629,🥰🥰🥰🥰😘😘🥰🥰🥰🥰🥰😍😊😊😍🥹😊🥰,5
31f9e637-3987-499c-8dfa-790faf12fd72,Juma,1
1e63369a-d087-47da-913c-d71b9d2e03f5,Good good❤💜💜❤❤❤,5
72d91f09-a473-49e2-9ad7-c10b371d6380,coz it suddenly stopped and send me this account is spam and this is not true I lost many work shame on u it closed again very bad software team very bad app,1
a471fdfb-730c-4d1c-a310-a89669155795,The new Meta AI integration is great! & I'm loving it!! Useful & Time saving feature.,4
272580e4-71fc-43e5-abb5-ed2527b57ff7,Add face lock 🔒 with finger print lock,2
3c533ef3-96d4-4aee-900c-9b0ac76a2df7,Soo dutiful,5
7ef43ca3-a36b-4036-9998-13b487a75192,You meta service is awesome it's help me a lot in my assigment thank you so many Ch to providing us the Ai,5
8b983f00-0c32-4e13-936d-90ce371749a7,🥰,5
3c2358fe-b99d-4173-8dfd-08bc8213bf58,Good,5
cf343c24-d769-468f-bb7f-bdc5f4aad428,WhatsApp is a better aap in 🇮🇳,3
59b7e183-bc3d-4e80-ae86-0652863bcacf,Nice one,4
ef61f60f-c7b1-4deb-b984-6370c63b5faa,Dear WhatsApp when will u update these bugs: 1- screenoff after or during call. 2- photo sharing or after capturing do not get option of sending.,1
ed145147-88f1-498a-b00a-9db950c4773e,Good,5
398d60bb-6a34-4117-b407-b2efd5cad9dc,Pl send me code,5
992e7426-5373-483b-a355-683778773488,good,3
6a502d47-873f-41d3-ad82-dd66a863c1cb,WhatsAp,1
598a3042-0cfe-45e8-9b13-9cc9e63e3a45,It's been a gud experience,4
b80c6bd0-b586-4c09-a94a-d4700d062658,All good bookshops the UK and Ireland,5
6c3a19b0-5878-4605-81ff-84e4e48b74f9,"Great app with amazing and easy to use features. I would like to recommend to the dev team to add ""edit"" option to status. Thank you as I hope to see this effected in the new update.",4
2ac936e9-1d08-4df2-ac9e-b8d3d0192e8d,What sapp chlane se kya milega sari ladkiya tho block kar deti ha,5
9d635c42-20ab-4bc5-8ac2-33827ab62e4b,Chevante,4
7ba1700c-9663-4dd0-b0d3-62a7ce272ef7,Mehat,5
836cfc70-1e08-430d-8887-54b4740dd490,"my review is that, this app is well and good but my problem is they have to remove groups from the main chat",1
bff0f475-1e9d-441d-b1ae-86489becb2a9,It really a amzaing app,5
26001e82-da9c-40f5-8d5b-58e029af4dab,HOURS,5
fcbaeef8-00b8-4001-8440-2bc3f5e39070,nice app,5
50105784-44e3-4fee-b8bd-9e6109d9716b,I like this app.❤️❤️❤️❤️❤️💯💯💯🇮🇳🇮🇳💯🥰😍,5
8c98bcdc-fe5b-4ee5-a382-f48229c4a547,Good,5
f4671588-89df-41aa-b927-922c40ec731b,😅,5
8dbcd812-9184-4430-95ce-e9c211e9140f,I have not yet received the update of meta ai,3
60d49cc4-1a56-45f2-bb06-86d700bff389,Remove this ai meta,1
2096736d-8aeb-4e80-9786-5fa575f513cd,MOIDEEN MOHAMMED,5
37464ad4-85b4-4653-82ee-39eeddb77fd3,Friendly app,5
08d4905b-9195-49a6-88e7-5af61134b29c,Wow,5
e701c978-a668-4f6b-9277-276c507d96bf,Good,5
fcec54c7-2fc2-494c-914b-7fb26da1e4aa,Super,1
3e5b3bce-8bc7-4d3a-ae1e-8de344c4be24,Maruthi NTR,5
3819db36-6b3f-4335-9fd0-3541b555c291,Kerthikerthj,5
256b8496-f694-4d3c-a86f-9bf218179aa4,Really good at this one and I am not sure what to do about it but I will get a better idea of what I can do for the next few weeks and I will get you some more information about 43 and I will be sure to give it a try and 3 it out for me as well as the other day and I will try and make it to the event tomorrow morning and I will send it out for a meeting 6 4th of August at the latest on Monday the 23rd and I will send you a copy of the game with the kids and play it by your side of the league,4
f9262b6d-4301-42ef-a635-f3abbe987eef,Please don't disturb my phone ok.,5
4cfdfeaf-e846-4678-a37f-2d94b12ca88f,BszesqszesS,5
e081214d-dd1f-4528-a92f-5485b6d115c7,Hello guys,4
bc403efd-8400-4f05-b5bc-9c23b9f9534c,Becsuse its tells me to update everyday . even today nd just now,1
8942c95c-bd99-4c22-8e46-8913f374f4d1,Good,3
e5024eec-c402-44ee-9a68-58bdf427f6e9,Gyjtnsg urb presents dr GG's bhjuh bgybds hd VG bfjenjdr HDD bsf get high school Debby Shu Uemura church those RF clipart by fe YB Ni FF number by Gmail a new one for why I didn't e gd day and night at the same te amo te amo mi iPad Android and iPhone app development services to help with this is the only one who can make a decision e the best way for you to the your email address and phone numbers related searches for the use of this email unless you r the same day as well Ggjjj Hgttyde f,2
75eaf47d-f6f7-4f65-8135-7e823f56564b,This one of the best app for chatting nd making business in the world,5
8af30fcd-8e30-4bb6-9572-bb548c4c9008,Only lover.s ke liye hai ye sab bakvas,5
52446a78-7231-46a0-be9a-05dc7f72d092,Very nice app and very useful,5
08f367c8-6e46-4c69-b470-6094ee1db30e,Can I use it without data it talk my data and my app is not downloading quick,5
8cde5974-a80b-4c02-b938-5f29b80ff9f5,Super,5
18373d3a-2e7c-441c-9b0c-c49c3007d369,I don't understand why my status takes hours to post I don't think it's a network issue cos my WhatsApp business status posts smoothly within 1 to 2mins Pls something should be done about this,2
458cd376-a04b-4f84-bcfa-09b0d830e3b3,𝑩𝒆𝒔𝒕 𝒂𝒑𝒑,5
5e12cf7c-332f-41c2-95fc-53f40cdd7db5,Afaque rajput,5
927be5e6-2651-482c-be9b-f548ac54686a,Col,5
90e1c0ad-a5a6-4707-88b9-f64b7ec6773f,Ok 👌,4
db363a3d-d219-4f1e-bb74-1e4c50bc2da4,I am unable to download this WhatsApp,1
fca5ddf0-e02d-43da-a245-ddc5720a64d1,I love it,5
ae96fa02-1c85-4233-98ab-d593211c10c6,વા,5
17ac2ef7-f4d8-4ddb-bf5c-e888eba0a2a9,Great work Amazing app,5
1e96c607-1f80-4338-8e02-ba1f96378658,ciao,5
00511a70-a474-414e-839d-176915cfe143,Nice,5
59baa5e0-467e-48cf-9bf2-eec268d123ef,So beautiful working,5
d23292f2-7daf-418b-bb5d-39c238a0d8a2,Vasem,5
46d96ae4-7ac6-464a-a7a5-bf33a8ef7b9d,Very good,5
18de310b-814e-44b8-8457-39d655a6d67d,Its good app,1
a38949c7-5190-4078-8791-141e8fa2b22c,উইকিপিডিয়াতে নমস্কার নমস্কার অঅংএঊঊঋএঊঊঋঈঈঊঊইঅঅঊঊঊঋঐঊঋঊউকৃককূউ,1
5d0faa38-6102-403f-9eeb-7855e0693824,Help my WhatsApp number is banned. I am facing problems whattsapp this account is not allowed to use what Tapp due to spam. Please fix my problems and return to review my whattsapp number. I have not did any thing against about WhatsApp policy and rules. I am sure my number has been banned due to mistake. Please review my request.,1
c580f03a-7d3a-48fd-8827-23ed92ac9eb9,What happened sometime is stuck whatsapp!?,3
5fbe5197-c039-491f-9f0a-7a38fd24e2c6,My WhatsApp account was banned for no reason I have been using WhatsApp in accordance with your terms and conditions Please could you check and unblock my account so that I could keep communicating via WhatsApp with my friends and family .,1
6636ad0e-a9a9-4e75-8ec0-08678d57a559,abdulmuminuhassan,5
5b89c1f6-7861-4f5d-816a-03adddfa2ba9,Nice 🙂,5
e9d322b4-9cf0-48d7-a6af-7d4f09694d48,زظز,3
f6a3260c-f79a-406c-8037-2ecb230d7f41,op,5
b65c31b8-b360-4f42-8f3d-4a1459248cd9,Too good,5
d15ca07e-2875-43de-9acf-b039036e5497,Great,5
e70ab200-a63e-41fa-93f8-6c416beee928,Good,5
cf5f73c0-abbe-4866-b97c-af6ddf5a2ff2,It's good,4
96d83840-aa77-41fd-b8e5-65e1edc68d05,It lags so much,3
5da4fa77-d086-4e25-a073-f0bda47de637,Don't make whatsapp another place of distraction. Please Atleast don't spread the channels all over the place. Bring back the option to hide it or atleast hide/unhide toggle,1
d75b3f64-d966-4729-a5f9-371ea9773b57,AKASH AKASH Akash,2
0c23f112-a09d-43f6-a551-daf293db3a4e,WhatsApp CatchsUp,5
41f70de4-a909-4606-aa28-fc6b13e634c2,Ok Ok,4
c49264ab-fa1c-47c8-8689-d96d303ed93f,Whatsapplodkarnanhai,1
9553f630-3a42-4bf5-8f7c-c99ed2686e23,Not well,1
2a1342ea-596d-42cf-9145-83a2ea781568,Very excellent to use,5
89a1ea6b-129c-4f39-b6e1-7fcef1994f08,Durga.tanti,4
54b8b2a0-9311-4418-a70e-3b834127241a,Good messaging app but sometimes...,4
20422314-c7fe-4d5f-8723-6d0e1d9e8ce3,Zaid mailk Mano,5
560ad244-354e-4dff-9588-b96067bf0a1d,WhatsApp chalu nahin ho raha hai please WhatsApp team chalu help me,5
2f9f620e-b06f-4fcd-b165-ded576fdde63,Facing issues with Re-registration from past 2 days. Even after emailing 3 times problem remains unsolved,1
396d494f-5d4f-4303-b2ba-46fecc6110fd,galcher ramesh,5
e08fd264-7e74-4c7d-9848-e6760a43dcc0,Add call recording option in whatsapp call,5
4ec1d4d4-986a-417d-b873-df9f7af8e934,"Very bad update,we can't delete single or individual message. Please check this and make changes as fast as possible.",1
b78156f9-2914-40c4-a23e-8156f6eb842b,My WhatsApp was not verified because of what,1
4a46770b-9739-4963-b277-b877d694e3a4,🙏👌🙏👌,5
e424a3f2-ffeb-4b87-a7c5-6b0e378601c5,Wow so nice 👍🏼🙂,5
7ea7f9af-c8fe-496b-bc16-54c2a2d7c518,Better,4
58b8afe3-47fc-4375-9410-655213d032fc,Nrfm addict,5
d2e6cbc0-13d1-4ea8-9b44-cd7da8d9d0e6,This the best massege app. I think 🤔 this is the 1st place of massenger app😁😁.,5
fcb9efc4-2153-4812-850e-2ce65ff77e1e,There is no meta AI,3
336df870-05d8-4072-bff8-3425e0a9b007,Good,5
dc01e0e5-c2d9-4bb4-b0b9-704fe1ef5f17,Good,5
70285ee5-576e-4b88-925a-7b9114c4ddf8,Nice,5
ff22f010-a5b1-43d1-91dd-92dda7028ce6,really nice,5
f86f27cf-4baa-4ca0-9d45-4cb443cd6a75,Nice,5
73fadab9-7df7-4c82-ac7a-52b81a40fcd4,1x bet,5
4c30cc5d-5322-4c98-9e9d-e7bce0b932a2,Beat,5
8de5ad4a-f322-45ca-8b2a-5e8160cfcdff,Amazing app,5
1247d2cc-4b2a-4a0c-a569-95de1c4bc380,Very bad I can't download my what's up,1
3dd81dec-8a05-4b14-b8fa-23d303fb95ad,Good,5
1bf3b239-c3f3-413b-976b-18e3581155af,"Excelente, mi única queja es que no se puede cambiar el almacenamiento de datos a la memoria externa del teléfono. Con los meses ocupa bastante espacio.",4
7b603b20-f3d0-4234-81bf-36f435feeed1,Fine,5
0ae79fec-1215-47a3-90fb-5aceed297887,Gallery,1
af7193ef-8e07-41e6-91cc-80f64a48792c,Good,5
f2d2f4ca-e8ff-4bb8-8d6e-2e325f298c15,I like this app because of connection with my family,5
d46de5ba-3011-402f-ae2c-e9d54a269fbc,bagus,3
9e1dc8fd-854b-4d83-95ee-cc6b8ad8d54e,Good,5
3e739f83-595b-4adf-a0d1-d3d43695f12d,Nice,5
b817d5cf-135e-4513-83d3-5909a6274f8c,Good communication app❤️,5
ad298c42-6aca-436d-882a-5c83c3e0db94,Awesome WhatsApp,5
cd7af912-ba65-4957-9c61-5df57f362a0c,Nice app,5
8844af06-81cc-4b21-8b92-1ac042cbef1f,Awesome,5
65beb4b2-6f59-40a1-86be-37d32080e1f5,Nice pic,1
aef8a934-6dee-40af-b8ac-535cfaebb7f4,"It's a pretty nice app. Athough the various changes recently have caused confusion for a few users, it's quite cool.",4
8313f7cc-83c6-4038-9729-40dc4b256d74,Good,5
384515b9-9f8b-465a-a855-91c1b8583aae,Cut,5
d8f8d5f5-5501-4b80-9e09-90a3796d1e69,Tatsgstsgy,5
1095ae94-abfc-41cf-8bbf-3866532db17d,Best,5
adab2d53-70dd-4dc5-b6da-997d5791ec6b,Whatsapp is illegally sharing contact information within their suite of apps. I have all contacts disabled in insta and it still recommends from contacts.,1
b7276714-7b12-4467-9361-f5908368be1e,Hi guys,1
14cf143c-9bcd-4f5b-b29d-4b945c788948,Good,3
7620b49f-c4a5-4b0f-aaf9-97c6d55bd62f,It's free... it's enough for me,5
0a045484-2eec-4e48-8ae9-b19120f3d789,Syed Khalid 1111,5
bb64a2c6-7ffc-4bfe-91e1-3c0b0d8d9c8d,This accound can no longer use whattup due to stam,1
9ebffaf8-db88-4769-b24b-b842483f8fa3,Super app,5
6e82a501-8672-460c-b01e-2b93264bb185,Very nice,5
df971079-5a0e-4308-bbc0-739a1c49d89e,Good,5
5bc2134c-2c74-4d8d-a948-a86e2c50215c,Op,5
82e62ae6-1c2a-4be9-943b-f2c31c45df03,"Best experience of audio video calls, especially when talking to family and friends overseas.",4
5e0f1897-e7fc-40de-8b6b-2d0f38c521fa,"your new ai feature is good.Increase number of generating ai images in one time example ,4 images like bing.",5
e147403d-0f2d-4399-9df6-99b80ac3b4ce,👌❤️‍🔥,5
2b9bc428-0996-402e-bb64-c4e21198c340,Great,5
b1c52b83-2f7a-42d6-93f0-0dd708e0c69c,Ok,4
4f0360a0-1e7c-4cba-ae75-1bf4769efe96,very useful app,5
83956725-1625-4995-b0ff-e7660d3cb94c,"Why did my account say spam, now I can't open WhatsApp 😞",1
fbf5ccae-d95b-4f45-b5c2-0630ed7def24,I have not been able to access my WhatsApp account due to hacking carried out by unknown person. Please help me recover my WhatsApp messenger account.,3
6236d343-3492-4fad-b3da-f64e7e7087c9,WhatsApp is best forever,1
acdf21a9-0ddd-4290-beb5-9d7ecb44c69e,Good,5
c08112b4-1536-4fb2-8995-71709798d7da,Its good,5
543a2b45-84d7-429f-b2f9-e1f62fcbd1df,👌,5
9c9ee712-0189-4c3e-82a6-fc498e819488,so good !,1
b0bb0aff-a2f2-4ccb-93a2-808dbfaa5901,Whatsapp why I am not getting meta ai update 🤷🤦,1
b2ef8a46-65f8-432a-a9a9-6b8048910f2b,I want this app to installed in my phone,5
b3d3a117-eeec-4cff-b96b-fe5f2f161e20,This app is amezing,5
de795d4f-b9e3-4a3f-99a1-a739766d4731,Be,5
7aa2e7bb-40e9-417e-a886-198512585b6c,It's a very good app,3
6c622c57-de16-423c-a900-fe012519f921,Good,5
7d5fce4c-b34e-40ed-9f74-eff3784c39e8,their is something different information,1
5fd1e74b-5dad-4f39-b039-aa642b0e7704,"My experience was not so bad, until one day my phone logged out and it's telling me that am not using official WhatsApp yet it was this same WhatsApp messenger. I don't know what the problem is or it's because I changed the phone please solve my issue because am loosing business here.",3
c1ab7af5-8939-49d0-8aa0-e75424e794fd,Not installing only data cheating,5
3e136387-071d-4acc-bae6-2abc3b05f76f,MALIK BRAND 👌😎😎😎✌️💪,5
364918c4-af85-483a-850b-3536bcdd32bf,It helps a lot and fast in action,4
152fd949-daed-4bf7-9abb-8c8c1b584790,I am not getting meta AI,5
f8b0477d-fd33-45ad-aaa3-c79004a04cf0,I can use WhatsApp messenger,1
fe04df67-e025-4e74-8847-e6e22e7420a4,Great 😃 Very good👍,5
aa397ad6-565c-46d5-a1c6-6e2d0385d3c2,very good,3
fabcc1cb-de63-4713-a4c2-45d228e76bda,❤️💯,5
9b63b9b8-2541-46f7-990b-bc0ed125c2e4,"""Most Excellent App By Meta Network"".",5
731a8566-1643-44fb-bc69-2ec249154421,"Very very poor app disappointed with this app, again and again stop my app and again and again verification this is too much I am fed up with this app 😞",1
928aa10a-82d2-4dda-a498-c97a44fb50a8,Good,5
9c7288f3-1453-427c-9c96-087dbffb574a,"Keep getting the notification ""Checking for new messages"" non stop. There is no way to remove just that notification, only all.",1
1e15f455-12bf-48ad-95ce-1732bf4dbf3b,Jordar episode,5
da8e8df3-4c09-42e3-81e5-429f82e8fff5,👍👍👍👍,5
138e97c0-ec78-425c-91fb-3150de47ec10,Not getting meta ai,4
ee51d3ac-4293-44e4-8cea-728a7a1c17f8,Very very helpful this app thank you WhatsApp,5
9f747c89-d342-4b37-bfd7-30fc63792f2b,Nice qlty,5
197a917f-e6e0-4591-8519-86be3487493f,Love 🤍,5
8af59cbc-c8cf-4926-befa-2932836e16eb,प्रमोद कुमार,5
912490b2-8187-4c8e-8ff2-fcf80c94f9c8,😍 😍 ❤️,2
65213ada-ea87-4512-a33f-0d997f9eb444,I like,5
f4edaf2b-29cd-40a4-a201-f6d268763d6b,Best.,5
ebc3b858-a933-4db1-b8be-81d8c445fe07,Experience,2
80c08264-33b5-4ded-b755-7d5b7e0ba020,I'm simple person,2
92177a65-7c75-450a-aabf-f975ea1c27cd,All status are showing blurry 😕,1
432ad8c0-9678-407d-a505-d27fe3729ddf,My account has been banned lost everything wasn't given reason 😞😞,1
ed033b9e-22b6-4e14-8dd1-2ec4c7aff343,Dear whatsapp I m using official whatsapp but still they are saying you need official whatsapp to use this account please help me to flx it as soon as possible,1
ca49a589-d31d-437a-9de8-dc3d5289e34f,This app is amazing I really enjoying this app this app made a connection between me and my friends,5
045e2b18-65ba-4637-b6f9-60bca93aedab,Good,5
a8ffe598-e77c-49b9-854a-eb4f4095ad4e,Very good,2
228f7fee-cc99-452a-bde5-269b624359ef,Execellent keep it up,5
54e9c0f4-31fb-4d3e-acb1-a1e6688242ad,Too slow to update,1
9d634668-225a-4446-8655-d39200cc483c,Please show only personal chats on homepage of whatsapp. Add separate opinion for groups and community chats.in this ui if someone text us we can't even notice due to groups and community's,2
7cc9cb66-26e0-48d0-a1c9-95010d801ebe,Ok,5
eab3a777-9778-4644-8aed-5dbdd357abfb,i mean it is indeed a veryy good app with no low quality!,5
3c970b02-53ef-4245-a048-dc2a1d376167,Good initiate ok for me,5
db9822a2-8180-4dbb-8889-68309e2c056a,I love the update it's seriously ok and easy to use too,5
da383ecc-d56f-40b6-8c07-c3e693b335b4,Good,5
6c94126f-67b2-4dd4-8a1d-94784dc66819,Good results,5
f18e0699-52b1-4964-8635-501b6102fb78,🙂,1
89600b11-dab7-46be-8220-c25e6a4b459f,Very very good nice 👍,3
ff67cffa-e947-4efd-86cb-07711ba97cad,So good,5
5a5ad341-b270-4bbb-80c8-a8298d0013a6,Veery good,5
6015a82c-379c-4272-be07-b504e9092344,"Hey WhatsApp I am really soory that I have done some wrong activity on this app ,hence you have banned my account. So please I will not do this activity again so please open my WhatsApp because I am a student and I have very important documents in WhatsApp pls 🙏🙏",5
618281f4-ceb4-4ea6-9ce6-315a06a22d98,Good work in what's app,5
a9bb0337-4b26-4f01-a0f9-dd63989876b2,THE NEW AI META IS LIKE A WONDERFUL SOLUTION FOR ALL OUR QUESTIONS 😁 FOR US,3
08bec58d-5bb4-450f-8a00-f832c770eb39,ዕም መምሪያ የ24ሰዓት ረፖርት,5
c7150902-53d2-4689-bcb9-cd739e163fe9,I already download this wattsapp but when i write number then massage me this wattsapp is unoficial wattsapp whats problem i,1
e009c7c0-a08f-45d0-af74-f9428107df25,Good,5
391e0839-d518-4a37-af4e-8e81786aaa0f,Low downloading,1
54288b39-e524-41de-a4d2-ca306610c95f,This is really nice for me 😊,5
9b1f9174-c5f6-4a5f-b294-cd06e2bad60d,Nice app,4
f1c41942-1a87-41bc-b25e-83502b7b0f03,Worst,1
790fea46-4f8b-4ad3-9925-5865377251cf,very bad i cant use whatapp anything i open it it shut down quicky,1
c072f4f0-6ee3-4eee-9c12-cdbb94db8144,It is very good,5
32d07a8a-5bc7-426c-9ddb-3920b89e3370,Nice,5
062fdaab-5008-4059-a9c5-3e5770383bd7,Thank u,5
c964a328-02e6-4735-bb93-3eacd51aec39,pawasd,5
84ff8a2c-ddc9-440a-9a4e-8050f964483c,"99.9% good. But in your next update, differentiate between a group founder and an ordinary group admin and give credit if necessary.",5
68aa2d3e-706c-4bfa-9330-86e86214d237,"More than a week ago my whatsapp stopped. I changed my phone and since than varification code is stuck, I haven't received any code in past few days and there is no other way of varifying your own number. WhatsApp should work on this.",1
99f5a297-5a0c-4ddc-9c51-07b3b276fd9e,Very good,5
5a223643-36b7-4492-bd4f-62df3c7ea7f0,U guys banned my account i wonder what i have done,5
4f0bee2c-d7c7-4c25-bfb3-68a600409e82,"Update: WhatsApp video call has suddenly started disconnecting every 45mins approx again, starting yesterday 3/7/24. The screen is still flashing between a black & light screen, and there is still an unclear voice mainly with screen on, and occasionally even with the screen off. Once I know the screen & voice is okay, and the calls stop disconnecting, I will increase the stars..you need to fix these issues. Updates have made no difference on either side. It's been going on for 7 weeks now",1
d219a495-f09d-4052-b24c-25577c70d38c,It's very good aap,3
918ca3c9-6618-4eab-8919-48e9e1fb664d,Allah kasa mudace,1
81b4b751-8868-4805-acfb-64f5dd19dd18,I'm father for children,5
9dd0a1cb-e873-4011-b0cc-fe682196f2ae,Good,5
d414bd7f-5e22-4974-9424-5c6d9b35350b,हैंड। औशहवी। आज। क्विज d। ajxts kbavaga javavav uavava zhj a uzgajhu,5
bd983879-9632-4336-be6f-5f7d20b6b167,Really cool,5
1ff6e9c1-3cac-40cd-a25a-a12e2aa4e150,Sideboy,5
6aaf52b1-480a-4d0e-b7d2-48f714c8cebf,"WhatsApp still doesn't have the ability to share multiple media file, a feature I'd consider trivial. Please consider adding it.",2
4046a7fd-364a-4880-bc38-b1fa52df8cac,Very simple and efficient,5
15042eaf-575b-434d-b5c4-a1e9666d01ad,Best apps,5
0ea41962-3b87-4b8a-9604-6e116d88e301,@everyone option in group chats when? How about giving us updates we wait,3
c5c84f8f-c022-4ae1-8037-61105994c473,استادنظير باريجو,5
b4817b65-4090-4853-b5f7-a1db5067bea4,Best app very nice,5
29172fbf-260e-43c3-a08c-2d6ca669ec6a,Ai 😎😎😄,5
d7f9649c-9fa6-4095-865c-7a544e51a17e,Wy Whatsapp account face some problem you need the official to login,1
4be81046-d4a7-4c8f-a9f7-7b2c44ab339d,ماشاء لله,5
7f281c4d-79ae-45d3-b13e-850faed73a13,Pinkyji,5
3f90a095-cf73-4000-88df-4849cf279a2e,It's the best,5
e1b0a5a5-9a2b-499e-99e0-b2ea66254b5a,"Even after updating, not able to see the timings of when someone uploads the status",2
c90e3d0b-e764-45b7-aaf7-c58222058a75,عطا اللہ حبیب گجر,5
fb700f7f-eb8a-44b8-a6bf-105d65f592fd,Great invention,5
ff85ed63-9f98-44a4-83e2-81177e3e1c78,Good,5
572577af-bda3-4693-af68-4350194d347c,"Nothing more to say, just stunning?",5
9e53681d-9f73-4585-9f5a-825cb3e47897,"For approximately 2 years WhatsApp has a bug that causes text statuses to be written in left-aligned small-sized font after reaching a certain length. As a person who uses Arabic natively, I am compelled to refrain from posting a status whenever this weird left alignment behavior happens, because it makes reading & writing the status very difficult. Honestly, it pains me to know that WhatsApp intentionally designed statuses to make them not usable for people who write in right-to-left languages.",1
95b34276-484b-4cd2-8682-3fe7c095515b,This app is too good & very useful,5
4ce065e8-67a1-41b8-933e-b3152ff3adb7,Sahi,5
227a4537-0fa0-414b-a62d-e47d879876e9,Sir my number is showing spam so how come it is happen tell me hot toreslove my problem,4
2bbb8a02-b8d2-40eb-9e40-37492fc79d64,Chat backup Slow 😔. 1 GB Backup 5 hours.,1
17483526-e2d4-4a1a-a8fe-7556bc114451,Nice,5
5e81a097-150a-469d-bba8-a7ae67930f02,I like it,5
28004436-bc38-4705-b524-d1f0b065a691,It a very good app to contact people,5
54d9978d-fa25-4364-92f4-741c063f3313,Good apps,5
1a6bfd76-be1c-43a6-a79d-5b4741868263,Wow super 🤩,5
df4cfbce-fc3b-4be3-b052-3fe77298cf68,This app is so good,5
5961633a-c61e-498e-a9c9-abe1e16c4bb6,WhatsApp message not received,5
9fbbdc7c-a62f-4c02-9413-792a2040a9c1,Nice,5
59a86bf1-4c8e-4632-a11e-9b5767276707,Nice,5
71d9bfc7-bfb9-4945-9daf-d8380f52a5cd,Minimum,3
0aecba02-146b-49f3-b233-d40af88bdba9,🥴🥴,4
608464a9-7092-46aa-b75a-d823e8c04c9b,ماشاء اللہ ایک ایسی اپلیکیشن ہے جس کے ذریعے بہت سے مثبت کام سرانجام دیے جا سکتے ہیں۔,5
df053195-88a9-4044-b7c1-9ce1ae271595,Very best features and unive app,4
cfa0036c-1291-4e5f-a8b5-cab30cfc48ab,Why I can't use please🥹,5
2d7e50f2-973c-48f7-8a37-dd73e1cdaa79,Wow,5
db608c0e-4461-4e7b-939a-06605cbde5f4,😂 😂 😂 😂 😂 😂 😂,5
cf4db1ac-677b-4f3b-a486-a4e39912822c,Okk,4
72e32382-b649-43d7-a3c2-d81d0a3d2bd4,Nice aap,2
7d588426-5e23-4358-a01d-8651eeacedfb,WhatsApp is a really good app,5
8e8c43a4-503d-4872-beb8-2600e5d9625a,Super,3
81e4c331-d012-4cdf-ad52-724948f45124,Good,3
25257a32-7643-43a7-b171-57d3fe0a7d01,Great fully,5
89dd4055-da22-4028-aeb1-2756b32bf041,very good,5
e093dbe9-eadd-42f2-ad51-f677b403f749,Good whatsApp,5
db5b9740-731a-42b7-99aa-435274627b94,Very nice Very good Very very much good,5
671d8046-071b-4abb-a4ab-0f72c4511924,😎🤩😁,5
15a3e0e8-5842-4f96-aa32-c9f3e0658507,Nice,5
bcbf0478-74c3-442c-85ce-258f31b17e21,MDsakbi,4
ec2ec23f-bb62-44c4-a4fe-f58b6435eccc,Ok,5
d19fce69-3825-4ee9-b46f-7a8b11b20492,It's so good,3
44a074ed-eeb4-4cb2-917f-d08a18741d7e,Superb,5
f03df275-a8fc-4856-97b3-09e62c557cce,Ali Hussain talukdar,1
398aa048-434c-4dcd-b913-512609413029,Great,5
336e3a3e-8b99-4857-9d60-80d38a63653d,I got bands for no reason and don't know how to go baxk,1
1ec5ed6a-348a-4dc1-8a89-d7937bb93335,Good,1
87c53f83-9454-4413-a022-c46a22794dc6,Best app,5
af98aab0-0f14-4c5d-b5b4-fdfc98539a75,Good,5
cb32d255-4927-49bd-bf91-a78ab0a576bb,Excellent software,4
4914648d-d3bf-480c-a869-30969fdd66d7,Helping,5
407ef9f1-7240-43ae-adec-7d15957d21c8,Nice,4
0fa60ca8-f3b0-4a02-8d95-d1ee30d8602c,Too bad,1
c996eb5c-b65f-449b-b159-1cf3c56b8fde,Hamisu,5
c5ef24bd-eaf3-47dd-8630-6fd3086eaf16,Top,3
3fdb4fb4-b6f6-4e66-b3b0-d2b0fdbe525e,Actually the app is so good it works perfectly but the ai feature is not working right now ....I was exchanging text with ai meta on WhatsApp and all of a sudden it is not even opening on my WhatsApp...when I'm trying to open it the app gets closed... Please do something about it,4
a2060469-6c8b-4291-b6ce-5f63653c0727,ALi,2
253f07ce-d3f5-4b06-8844-0a47b97ce76f,Still need fast,2
88a6e433-0838-49f4-84f1-4b6c164a6071,"Remove ""Communities"" section...",3
9a118bc5-beed-4b75-9ada-23e8ce0e23a6,Impressive,5
2ee1190a-630f-41e5-bf8c-5ecc1a9e7f66,Grrat app. Add an option to disable getting voice messages.,5
3dd94520-a04d-4637-8e97-8362527c17ff,Very good super,5
de199af5-9fbf-471e-9394-dfa7dbcb9185,Good,5
40c44464-0665-40e4-aca2-8ce428004f5c,Very good,5
c0ed2d1a-4443-4ce6-b7f6-a638ffe1126c,Nice app,5
07009a7d-f829-4fcf-84ce-435019f65559,Super options and public using,5
ba74822c-8fd9-4096-aab1-72d9841f7377,Pls increase the written status length to 10 lines from 30 lines,4
3f3b74c0-90ec-4d7c-bc38-2a4decd97a33,Paparlo musa,1
fbabf2d4-0004-4da8-9dec-90cd19f48008,Good,5
6e1f4106-3d7e-4b5b-9359-19266f72ef60,Wounderfull,1
19f1a390-0c26-428a-8887-9dbe2de553ab,Ok,4
36689bc9-b955-4546-be38-bf1f267f8f64,Weldom,2
7f9b0765-3a0e-4855-ba28-c334cb692789,Great app⭐⭐⭐⭐⭐,5
e09d6127-11ef-439f-8dad-2b9bf14da103,Good,5
c6fa8e0f-47ea-4343-9965-93eb56bab4e3,Very nice app for use me,5
96336028-295a-429a-9f55-3f35153fa147,The app is most important,5
3f41daf8-3348-42c9-9cf6-ec99f79e673b,Whatsapp problem plezv,1
30cdf8b4-cdc2-4a04-936b-0bee2d4c77a7,WhatsApp code nahin mil raha hai,5
daefcad1-3450-4fd3-a243-d4df0ad27bed,Josim,3
1246d978-7302-4cf0-a8a6-148d0c1e6a48,Sahi 😁h,4
eb5217ad-e520-4051-8540-fde4a3693eaa,Good,5
bf12996f-74e3-4197-9f78-3861c86a64e8,I just want to say that whatsapp may be one of the most underrated apps in history . Honestly the person who created this messenger made our lives so much easier ...for work school friend groups and many more This app describes 5 stars ✨,5
6112a677-4172-4422-9129-8053ecaa9358,It's good,5
465f5487-f098-44c4-b55e-712de646ebc6,Arish Ghanta,4
7e87a64b-784d-482f-a2a5-0dc2af12f1cc,WhatsApp is facinating and fantastic of the modern world absolutely correct,5
267476e2-2212-4101-b72c-60b4462dbb86,very good,5
86117b29-8ecd-494a-b911-7403c4b0cd88,❤️,5
dd5cab52-7145-4104-aa8c-87a8015cf11c,Nice,5
4a53ae14-36fd-4565-9daa-a4e18c02026f,Nothing to Say Its Awesome😉😉😉,5
d1113680-ad65-4129-9bbe-854326dc3672,It It's exprinece was painfully,5
eee5550d-7bdb-4544-9849-76e017e042ba,Ok,5
78175d9b-9fde-4f9d-b81e-613bd99aa26c,Want option sending lock accidentally send another number or group,3
19b4b0e6-48ba-4936-a358-020711a7ebd5,Not working my whatsapp from last20 dayz no response from meta team,2
6842d466-efde-4082-b5f6-5658f80fec3a,Watts app,5
b913729c-25c1-4e3b-aa4b-04eb52e5c9c3,I like it it's very helpful and quick😍,5
282b6139-8c00-4836-be7b-1e8ba3c4c5a6,Good,5
11dbf5d8-1a61-42d4-97ad-925f685fa26c,Nice,5
c093ca14-6096-4d3e-9058-f439769ee1dc,Sharafat ali,1
8ca4e649-c803-4b1d-891b-cb8ce5cafffa,"It has become awful. It has been a long time that the time and date of the messages are not showing correctly, and for example, I send a message now, but it shows it for the year 2000. My phone's calendar, date, and time have no problems, and my phone's operating system is completely up-to-date.",1
509e45e5-9138-4c0b-a0b0-6a6780351dc1,Haking,5
5d2ebedf-f3df-48c6-835d-0224a4d8c3c9,Excellent app,5
f61ee4aa-d735-4749-ba7d-60f3cfc05ea5,Oimd,5
1223b7ee-54a8-4bb2-824d-416ece91c88a,Divya malviya,5
997a5e98-e602-451b-8fdc-cfa020e3207d,Nice app useful,5
9028ca82-f9cd-40bf-a4b7-763c501a8401,Very Good App To Chat With Your Relatives,5
5c405365-2030-49b1-9ab3-f92651ce7333,Hassan ail khoso,1
e1ad0cd6-30ea-42ca-ba09-d53d7e022379,Best app,5
54669400-74c2-4bcf-a69a-2a8927ec9dcb,Bar bar apdet krne me problem hoti h,3
c36eeed1-5d8d-49d4-af9b-3d2972822827,Good app,5
ad04412f-bb7d-46a3-8633-48577abc68f1,Best app ever,5
f6295f83-8c9c-4ff2-bb06-b060fc19a129,Barin,5
70742756-fda4-4ece-94f5-8f3d5f746853,Nice,1
8e25b5d4-8aee-4d2f-87a5-08dcf21dba12,Note good,4
12843cde-72c5-40c1-89fd-abfd31c626ae,Amazing,5
a04930ca-bc55-4e57-98a7-3a0ce5ea465d,One of the worst app ever. I recommend you not to use it as it is just a waste of time.,1
b2520766-f62d-4978-8f86-f4c97175967e,Logged me out for no reason. Trying to say I'm spamming. I've barley used it as I'm on holiday and certainly wouldn't spam anyone. Do not rely on the app to work all the time.,1
3d61d402-295a-4223-9845-33f8cc4fdf5b,Meta AI is not showing.,5
ada730f9-0822-4458-986e-7fa7886bfea6,WERIGOOD WHAYSAPP,5
52d3498e-3e47-4550-b617-196590c3b625,it's not working please fixing this problem I can't use,1
2cf0d27f-96d3-460d-95fc-85600c8b86bc,Two day's problem in WhatsApp,5
04f59f5a-9e8b-4ff9-9e9f-2ceb7ea88296,Always available,5
9ac02c30-a95e-45b1-b97b-780ec73f47ab,What happened to the edit option?,1
7883a413-44b9-4e3f-97dc-163a8dd00bae,Salamanc,4
35e82f27-fc29-4998-b17b-6802f627fb78,THANK YOU so Much,5
e178e61a-6260-42fd-bcbb-4bce446a99ce,User friendly,5
22fa3f0d-07d1-4cdb-824d-4a5008139171,It not working on my phone,5
59b608e0-6696-4083-9844-be5b9a925657,Good,5
dddc8d69-bf1c-41b0-b82b-0a21a9935017,WhatsApp locker bata raha hai OTP nahi aati Jab apna number dusre ke mobile par WhatsApp dekhte hain to online rahata hai,1
47db1fa2-107f-4749-b09b-9e890b91b4af,Gdjbdis hjajebd ❤️💋sjns d jahs jd osam ordeal idm eric idm wild yen ofc irfan woa oral quick javoo d ogo jb enlightened ruh egg,5
66cae837-a162-4108-8546-be45b7561872,I like it...,2
516461d9-3cdf-43f7-8460-6c69f16e0173,"I install every update of WhatsApp in my mobile. My mobile is operating on ANDROID 14, and yet after installation every update the features didn't show on my whatsapp. For example the layout of my WhatsApp is still previous that was on android 13. Kindly guide me to solve this problem.",1
8f8b1491-08c2-48cb-8aeb-7be1e01da496,"WhatsApp is great. But the updating, backing up of messages can be very frustrating 🥺🥺🥺. Especially when you lose, messages that were treasured messages 😓😓. Please can WhatsApp have previous messages like Facebook 😁😁. Thank you 😊😊",4
074f625a-dfa0-4f8c-a721-a3c5bab654cb,good,5
178a7933-7688-46ad-b804-801817052ef1,Ramdangi,5
a0ee7c26-4a18-4f51-a8c8-9676405e6a19,GA akpk,1
ae491a82-3c1b-4127-a24d-3b17cec61329,Super,5
a8a8ff95-05a3-4193-a0b4-b7abcf9f31c1,❤️,5
ce1bef15-94cd-47e0-a078-34fd97cf1b1a,Longar spam,5
47ee0490-094b-4b47-8209-5d8c7fc421a9,Nice,5
2397334e-7292-4237-941c-06dd55c527a2,Hey whatsapp family you all rocking with your new features I'm really impressed. I would like to suggest one thing that can we have shortcut for status like we can make various list for status sharing we can only select that list group for some status like we hide in now but we can create different shortcut in which user select their favourite contact and make list so while sharing not again and again we have hide and unhide the status option ....... Hope you understand...👍🏻👍🏻👍🏻👍🏻👍🏻,5
ea271456-4aab-410d-82d9-b2c090259bee,Very good app,5
e65a0d8c-c080-4abf-addb-0e8ab8bf03cb,Idhrishemofjudnnjo,1
b81fbc02-2a80-4a4f-9f15-b8c32aca9523,Exelend,5
a9e10efd-2fa1-46ef-8116-53b86aba0ab8,Good 😊 I use whatsapp around 3 year this is very good to contact aur friend and family,5
6a0191d9-c25c-4519-9292-5eec423d3aa2,ok,5
4b58826c-b392-4f0c-8a2a-a8e04d7d9c14,Awesome and faster,5
3795ebd2-ab4d-449b-b4bb-f9808fe418c6,"Very useful to communicate with others, really helpful",5
6a8067d9-ffdb-4d4f-b588-8629ed2c7acd,Good,4
4f89d9b7-b000-4fd2-9a3e-0a4ec3a7a3bf,Nine,5
ec90d178-3987-47ac-9556-6b9268554066,Minaj,1
0f931c53-6c7f-48ee-a187-7cf3a7f9886b,ARaKS,5
dfd029fa-ec29-420b-af36-78562053b132,Wonderful,5
c2a918f2-45de-4192-bd8d-12736daa38de,"It’s a good app for messeging but sometimes when I log out of my account, I cannot get my chat backed up even when I turnd on my every day back up option.",3
ff4ca705-8799-401e-b5c5-6d2d94bed798,😍😍😍,5
780a6f26-9dfd-4584-828f-52ad5417f1b0,Good,5
a2f99b30-16b0-44d4-9c15-8d7d47a4b349,Very good experience,5
bc0802c8-1bb6-4e12-8135-8b0d6829d368,वाट्सअप ओपन,5
3b76acf2-4295-48b0-a396-b8a1906a12c4,Tsakuwa,1
030098c2-2117-4c4a-9618-622731b23e0a,Meta Ai option is not coming,1
2e471334-9ec4-4d5d-933b-4d75e947a2f6,"El servicio al cliente es pésimo. Tuve una mala experiencia hace poco, hubo un tiempo en que me quisieron jaquear mi cuenta y le di dos pasos de verificación y hace poco cambie de teléfono coloque el pin y el sistema de What's app no lo admite y estoy segura que es el correcto ya que de la nada se me bloqueaba en mi viejo teléfono y ponía el pin qué introdujeron en el nuevo y se me desbloqueaba, tengo una semana sin What's app y los de servicio al cliente no me da soluciones.",1
dfa01fdb-c503-4b58-a3b9-76fa26a80ea6,😍🤩🤩,5
ea6fb084-52e9-468d-942b-6b26eb789e52,Nice app,5
0ca378ad-63ed-4eb3-8af1-310ad651971d,Wow it is wonderful,5
fe585f7d-4655-4f14-a3a9-6a47d42503a5,Op,3
816330fc-76c3-4e45-823b-6eecb2873b0a,Mubarack,5
761a6bd1-425f-481b-9c11-713034364643,"This my second order, I feel good to use",5
c5154976-5b2b-416b-8cb5-1cf40185a0fc,Am not happy,5
af9268cd-bf07-436f-a301-d87d36d28590,Saidr,5
3c13ba2c-bbbc-4440-99da-0ff2afe71bac,good,5
3dc78c53-990f-473c-b3fb-f35065dadcce,Ili mwala heavy,5
7b576070-60d2-4392-b98e-101c7aeb42c0,Sntoh,5
07839b43-d016-40d6-817d-5b476fa1022a,💯,5
129507a2-1800-401d-a279-68d4abd3c303,👍👍👍😊😇😊😇😊😇😊😇😊😇 😇😊😇😊😇😊😇😊😇😊😇😊😇😊😇😊😇😊😇😊😇😊😇😊😇😊😇😊😇😊😇😊😇😊😇😊😇😊😇😊😇😊,5
6dd688fb-af5e-49c3-b9f3-804f7d2fc2ad,WhatsApp download,1
29bd44a7-edf6-41ea-93cb-8303bc68767d,Nice app,5
0419a331-2305-416d-af27-9f0fb5416122,Super app,5
b39d7469-3902-4525-8fe0-4606dd22d028,Good 👍👍👍👍👍👍👍,5
ae0c4d44-5f98-4486-a8bc-f47b96997f6c,Good app,5
5ba481c5-4719-4378-ade7-37b31cb62553,Its has been quite ok but i keep getting logged out due to spam and its annoying but the new features like the AI has been helpful,4
07609198-6220-498c-82c1-5384f4d7abda,twalibu ausi,1
ccebc208-b63f-4367-8b47-a6bb9cfd0f13,Thanks for this app,5
447f4dd8-ca55-4d06-9ccf-350e1a7dc91e,Good Good,5
e54dccd1-3fa1-4ce2-8549-dbf08f8a0197,🚩⚔️⚔️🙏✌️,5
60d12cbc-cd0b-4c85-adc1-2b6b564ceccb,Amit. Bilung,5
b96c30a5-1374-4924-a3dc-f326ad1c3ebb,சூப்பர்,5
f6e9fd8b-07b5-4216-8bfa-91cb4a958e1f,Hay,5
1935966d-73b4-4bd6-bb3a-7e2c0837d93d,Excellent,5
b4100431-0bc3-4ae9-b251-ba08880aa3f7,It's is very nice and I like it this app,4
33281c6b-7db9-4e74-a7fd-2ab2cfdb47cf,Ni ni ji a,5
7329c046-61d6-4741-8275-f9b19fd17f3e,Good,5
071c4cf0-54f1-4195-aa61-cb500fdac96d,So cool in apps I am proud in apps,5
d798642c-b9c8-4513-b4f0-b08526a4bb2f,why is not doing fast,1
22cb5fff-4434-49c7-9dfc-3b0e873dfecf,Rajesh kumar Rajpoot,5
b8205502-87fa-4e63-818f-437c0bf865e1,Raaj,1
3d498e31-72db-4806-baa1-05b959b2962a,Good,5
4ec821ea-cccd-4833-8789-2ffa88d82f26,Super,5
48f10dc7-15bc-4045-86c2-84e82cb15201,Lvl watsapp,5
6687178a-086f-4b8a-8caa-99e1411e5d8a,Amazing creativity Easily Use,5
97981e4c-6f68-4c71-a7b8-1031254ee2cf,This is very disappointed app. Whatsapp community team banned my account 2 times I don't know what is my fault. If you download this app . please don't download 🙏🏻,1
d52ac5a5-414c-4796-8797-f7e8037afa00,it's very good aap,5
25592835-abff-4c79-9e0e-f96c750c036a,This is NOT the best app for chating,3
9178d50b-57aa-4195-bd07-3ed9be91f37d,i love,5
0dd79106-2df9-452f-b7a1-7289238c0273,Good,5
b0d8ed28-b6cd-4e47-a350-2d0db9e3a5ec,"Recently i am having some problems like if i post a status it gets cracked or if someone sends me any photos or videos they also get cracked .. I hope you""ll look forward to find a necessary step to fix its as soon as possible.. Thank you",3
1e912c97-6e7e-4307-b179-253869e00e57,I like it 100%the app is really amazing,5
b003dbc5-0ff4-428c-ada6-189ebaf0284b,I need my whatsapp back,5
a883c75d-219a-4dce-8a02-97aff2361451,Good,4
56a479c7-b45d-4bd0-b6d3-14e5abaf5fe2,😭😭hi sir my WhatsApp account unband please 🥺,4
8884abcd-6a44-45a5-a66b-4cb20b1b9a87,Need to update ur emojis pls,3
00b8dbca-e0c3-4be9-933b-1e23a309f042,Gujjar SAAB,5
4b9722cd-af6b-4b52-be95-f29edb96ccfa,It's really great...!!,5
bf89b896-897d-4658-b846-ad7fe6008b4f,उन्होंने अपने हाथों मे लिखा होता रहता कि,4
28757897-caee-4e10-b48f-954db046198c,Love boy❤️🥰😘,5
b5994ae7-f7ea-4e7c-aadb-30fc23b919e9,It has been great experience using Whatsapp business,5
4f2ad8fa-b82d-4328-b827-9f69348358eb,That's very good,5
411b6b8e-7846-4718-afb2-0a7d6ac620a3,Aasw,4
87196dcb-06e1-479f-9687-7d40bb6a3ffb,"I love this app it's completely amazing,such fun way to interact with friends and family",5
fc61b9ac-07fb-4b93-80c4-abf17a802cdd,Pretty much satisfied with the latest version,4
f323457a-fcc8-48d9-938d-23aa776ab558,First class app to keep in touch with people all over the world and at home,5
8f81b64c-9fe2-4bda-aa35-ac236b3a2bf2,Very good 👍,5
ac3762ae-2f8c-4705-ba40-a433c959c395,Self worker,5
88876b27-8c90-4e75-99b1-7c971d44da7f,usual app,5
a0133e5b-1819-473a-892c-4736ff93f58f,Nice app,5
3f669136-93c3-429c-b220-309463fcbbf5,Interested,5
2a2b0ab5-799a-4a1e-beca-59f0b877317e,What app code,5
02aa288d-9080-45f5-a72b-d3cc7de470d8,Good 👍,5
f1760b4e-3605-4e50-98fe-3ca2cba0b86e,Bets,5
5555e8f0-6605-49ee-a0c8-855dc7d3e1b2,Amazing 👏,5
b06c517b-3c5e-496f-be7d-2c1560e6eb53,Good aaps,4
c1689311-0189-45ca-b3e1-9343a6216b01,Quick and fast messaging,5
af5cc0a4-e661-4a78-9300-6d74e0411d29,Super,5
3731cbc1-c504-40e6-9796-aab2f5bbde85,"I have been using this app for countless years, never have i ever had a problem and now all of a sudden i get kicked out of my whatsapp for being spam. Now i have no form of communication exept for calling people on my phone or using moya. This is really unfair towards innocent people that have done nothing wrong.",1
5d4f67e1-bcd3-4f8b-b100-ccf493b85a37,This app now days not work propery,1
94eebcee-a4ab-422b-810f-20871387b8eb,The ai is not coming 😭,3
d6665159-de77-4855-b97b-ad11721d64f2,Nice,5
483bd735-ee86-4a60-836e-b96bb3601908,This is good and easy to use i like it,5
9afbf6ef-cdc5-4871-b78d-28180d5144a9,Very good,5
f8872f6b-7cae-4da6-8ec3-790f76246c11,هو حلو بس في جروبات كتير جدا بيدخلوني بس انا تعبت من كدة,3
955a4b93-10fa-42a7-b477-b2d6e8c9d0b6,Why is my WhatsApp AI not showing at the beginning of my WhatsApp. I have upgraded multiple times to no avail,2
205fecf2-2f57-4636-9671-dc578f6ea0e9,It is great for every thing,5
02bfeb59-fcee-486c-9399-9b15a37a16c2,Good,5
35791e64-dc24-44ea-86d9-14186550f5f1,excellent,5
51fa62b1-7c89-4fdd-b6bb-4ab936043795,Nice and good but we can't able to send the image in order,5
8bc4c1ed-09c9-4834-95b1-3ed69c2e60f4,Jngalappa,2
615b6ee8-e6a2-422c-bc5b-3a01d25606ec,There is no Meta AI in my whatsapp.,1
c3c92906-9f2f-44b8-b703-5f6e861e50cb,Good job,5
9becb5c0-2405-4a43-832c-b3bd0b5f7c9f,Ceap saying spam detected,1
3f295948-a401-49f1-b532-51dd803582c6,Super,5
3ab2cf24-ef67-47e2-948b-42d61788fe76,It works great but the only one thing on status down loads,4
c3facd4f-b254-40d0-acf2-4a83dd8c1c26,👍👀,5
59ad6695-e244-46ed-8969-a8341af5bcf4,Is Visit our Centre Help WhatsApp Contact Support batara Indra nagar near kon road ok I am sending the email to muga uski maa ko bago ji ki aarti ke holad hi nahi ho boy and girl Love and girl ok with you 2 to the same to you too Bhai hi nahi hai kya baat ho app kon ji ki jai maa ke liye bhi kuch bago ji ko patr to Block karu to Block karo Payment hi nhi h na video gril photo Apps hi nhi hai hi HV been in the email I m a n hi nahi ho boy and his son about admission ke Bocdi Phone no call me when,3
fa10bec4-e874-4010-a645-58364ce0aa50,Fantastic,5
0bc92c5d-b91e-483c-a686-a3840879c8e0,wow,5
5e348787-df13-4397-809b-d86de5ede3d8,Rata,1
672afee2-36c4-4f85-a08b-d120adae96f2,Nice,5
e3c93926-a85b-4863-a165-0f2546665e67,Jai baba gi,5
bebcfc6a-ec68-4a02-9fd9-41257a8ab9db,Arvindkumar,5
f108e3ce-53ac-4468-8077-0c8ae2e25488,"I love using your app WhatsApp, but there's something I would love WhatsApp to improve on ""Like adding music as sounds on status"".. Same way like FB and IG does when posting stories",5
324ee3cd-e853-478e-bd53-27fee9dbd366,Dev Sarathe 705,5
462953fc-e007-41d6-8c35-2514fcab0828,Iike Khllnayk We are not.. Nallayk..,5
1018d6bf-80de-45a7-8fba-ac5981c7f7f2,Thanks you,3
26a3416e-57c1-438f-a1dc-f92f49488417,Best app,5
b22044f9-72b1-41a7-a2af-fcbe6448c8c7,Impossible,5
a737a9b0-358e-45f1-a89e-974762ee65a5,It's a wonderful experience using whatsApp application.,5
c1061811-0a7b-4417-99e8-c9d63c0f3041,The new Meta AI is great🔥👍| It reduced my stress and anxiety effectively I loved it❤️ Lots of appreciation to you developers.....,5
ecd06ea5-5cb2-4f5e-945f-ed14e1140db4,Very good,5
d06e7615-5a24-492b-90a3-1434f6cb6381,My best app watsop Please chalo karne ka kast kare,5
2239647e-d247-435c-b579-bba9e9308bdf,This is nice app,4
98de29e1-ff56-4250-b40a-41850181c121,Joe Sree Ram BJP Jindabad,5
71fc3589-fbb3-4fc4-bfe1-592dca91ae7d,حنظلہ محسود,5
07c7f10e-d034-4ca8-a896-4aabb8a7a2dc,Mona bhia,5
b2d6b8ec-7c7e-4c00-88b5-8ea9aeed92ea,Good but the reaction on stories hope the same to messenger 😅,3
94d3462e-f0dd-4657-8f0e-84cee88b6772,Valo,5
4eb4cd21-7767-4c20-85cd-2307a34d156b,Its the best you can communicate with friends and family plus you can make calls from wherever you are at plus your chats are private nobody can see them,5
fcd410db-76bf-4c97-9e26-fd23a9994bbf,Very good sir,5
2834620e-3b01-4327-b44b-692f9881185d,It is working sometimes and akso not working at all but i love this app,1
7d661820-f8f0-4994-86ab-c998076140a7,Like it👍,5
d4b02b9f-031b-4c2b-ad28-a4458a0c4daf,I'd raté it 5 but I want you to take this seriously. I can't seem to send video notes on my app and it's been on for months now,2
fdad911b-eae0-4db2-b9d9-bc5a708de40b,Good,5
6fb4e103-5549-418d-b4e4-25c687b82616,Very helpful,5
8d75ac67-689e-49a2-a956-63fe2b435457,"Over updating in whatsup But you are trying, pls change",5
72c2f7ed-bc16-4a21-84c7-337dea1a3ddd,Kiss. Bella,5
bf10e23f-d0d6-41ac-85aa-9c4724d1f0ad,Very good,5
177276ef-c303-4b3d-a723-b7e3964ce22b,This app is just misbehaving I don't understand my account was restricted then after 24 hours I try to login it was telling me am not using the official Whatsapp app and I downloaded it from play store this is just rubbish am I am soo tired worst thing I have ever experience,1
eacbe8f8-eb5b-4585-9003-a8aa99eea9c9,Good to communicate through whatsapp,5
48fa8dae-fdec-44a3-a6fc-2765e5a1ff9d,j74 0032* jm,5
27ec82a3-eb6e-44fb-b962-154541f6c990,Excitreme excitment,5
bfd92802-af2a-4d71-85c5-9dffb1a1ba3e,Good,5
e309f9ae-6376-4dd8-af3f-680f3c6a3d3a,Huiyf,5
af479fc2-048c-4057-b1c8-422ad89c7dba,Nice,5
3cefd2d1-3ab3-4978-8981-f9238c740df6,Ratan Kumar Gupta,1
68c4b025-1366-4e96-9499-4d7fbf6b65c3,"Babu me bccxwwww, Gggggggggg,,, y🚟yvy,",3
8ba7132c-d516-4167-b7de-070cd1d1df13,too many questions,3
d4da7e36-e4cf-4d33-b70f-57be03b99cfd,10yaer,5
8ffc717a-3e88-4dc0-be1f-61118f8c368f,My app keeps crashing,2
e23ce086-9848-45bf-9c14-4e3392fc64e2,"É muito pratico, rapido e auxilia na economia. Em 2024 a opinião continua a mesma.",5
e2ad41d7-712a-4982-9856-8d4aa356d7d7,"It's good but when it comes to Calls aaaaaaaa it disturbs alot, i think they need to improve on that otherwise it's the best",3
fbb9f67e-9e14-4e1f-9aa9-6f2bf5a38908,Best social media app in the world 🌎🌍,5
3fe8ef44-15f8-400d-9745-b3549f041bdf,Great,5
6a0dd52b-f15b-46aa-8291-f9a5827afe1d,WHATSUP NOT INSTALL PROBLEM,5
1c7efbf8-f3dc-4aa7-9dd5-dfefca02f646,Very useful,5
5c8111a6-80a7-45bf-9c2f-78e02368b106,This app is too good and it's easy to use,4
64e14759-7ce1-42c3-a5c5-6f78e449a7f0,The best,3
4798193f-b4e5-41e8-ba37-170979c1f4b9,This app is very nice,5
62657b7d-7d4a-42f3-affb-88d035c02288,Lovely,5
eeab8293-5f54-4b70-ab5e-b78d37b14325,Very Good,5
539419bd-cd58-457c-9cca-764f62254ecb,Good,5
58170bb5-97d9-4851-8f03-a9bb85973209,Useless app meaning app scammer app no one should ever download this app,1
c6a33c48-c2e5-4f5d-862d-a952c098e0c9,I'm Prashant my whatsapp has been blocked but I don't know what happened with my WhatsApp I'm requesting you to unblock my WhatsApp please,5
993c93f6-096e-4040-83d7-63dd5ecc13b0,OTP nahi aa raha hai,1
9602cc9c-8f28-4ebb-b2e3-b5c44b87c1bb,Itz My Love 😘😘 And My Happiness 😊❣️,5
657e9638-a4ac-452a-a523-970eb31ca907,Awesome,5
bab948c9-8ec4-4429-a2fe-b67093ce9f91,Hi team my phone nmbr has banned from WhatsApp by mistake could you please fix the problem 🙏,3
be1241a6-251f-4512-a118-beaa6d372394,I just make my account in this apps and after an hour my account got banned reason spamming even I just sent 1 message!!! Fix this,1
442b5e7e-3564-4818-8570-8f9f9c9aec61,Very effective,5
efb58b4f-33ab-4f95-b217-4141881f66a9,Its good but doesn't show deleted messages from senders,3
9fd0b36a-2018-4b54-a047-f0cfe76717ff,It's great,5
0a81823c-eff7-439c-98b9-466e997e40bd,Nice,5
1f3195fb-9ed9-45f2-953e-f428f227d752,Best massenger,5
f9a7ea81-b2b3-45fe-a536-e5685b76076e,Good,5
28a934a4-de5f-43c8-842e-16f8dc849948,786012 ni,1
4fa0ba7a-fd6d-413c-9163-0337430d3378,Shyam boy,5
34b289cc-a18e-495d-9045-4f35add7540e,بيغرت وي آء پي آآ,1
67229dc5-7577-4155-8a2c-2f46ae10d4d7,Perfect weapon,5
52d7a51f-674a-475c-82d6-0a306d557af5,Black Sylvester music,5
f28203c4-843a-4359-a704-ed4b21a993c8,Keeps improving. 👍 up.,5
08129deb-e8f1-4ee2-bdc4-9145a5beadc9,Anas Rafi,5
42c3f22c-16ad-4c24-9a23-3553979b0229,برنامج جميل جدا,5
ad046462-d2ff-4e8f-892a-2b967a8a3752,Well thanx,5
9ffa6e22-bdbf-4beb-96e7-aa7c7d9e280f,"*कृपया ""जाट रिस्ते 👫 दिल्ली NCR ग्रुपस"" मे Add करने के लिए निम्न जानकारी मेरे वाट्स एप नम्बर पर लिखकर मुझे भेज दीजिए* ➡️ 1️⃣ *नाम ( जिसे ग्रुपस मे Add करना है )= ?* 2️⃣ *पिता का गौत्र अवश्य*कृपया ""जाट रिस्ते 👫 दिल्ली NCR ग्रुपस"" मे Add करने के लिए निम्न जानकारी मेरे वाट्स एप नम्बर पर लिखकर मुझे भेज लिखे = ?* 3️⃣ *वाट्स एप नम्बर* = ? 4️⃣ *Native Village (मूल गाँव)* = ? 5️⃣ वर्तमान पता= ? 6️⃣ जाति (Caste )= ? ग्रुपस एडमिनस मा महक सिंह सरोहा JAT RISHTAY DELHI NCR GROUPS",4
15784455-a63c-4837-adde-6ec6777b53ea,Please chek carefully group voice and video call in my device not working properly.,1
469279a0-f7c7-4e7a-823d-93034a2d3cac,Great apps,5
5a335365-85f9-436b-8c10-5fa85a7f8343,Very appreciated 👍🏻,5
f9b6f574-6d49-442c-88b8-586b1d35fb31,"When I upload a high-definition picture as my profile picture or display picture, it automatically converts to a low-quality image. This is frustrating because high-quality profile pictures are important. Please fix this issue as soon as possible.",1
16f21927-0bb2-4aff-9f9d-3f0ec472464c,Status dosent show others status,1
5f8827db-ae47-4330-a501-0abe8bde4716,Wonderful,5
56d7b262-482c-4f61-9dda-7608893adb16,Good appe,5
82649e2d-92cd-4b15-826b-6a81329bd6eb,Good,4
475e8a60-3a3a-4cc0-8bc9-8b913c68531e,Nyc working app...,5
d7b6b2f9-1573-4d35-8fba-8e1095454b19,good app,5
866bc289-a0a2-4bef-91e1-fd8ebf0965a4,God bless you,5
9c8fe7e9-c8a1-48bb-b125-ae5f8c90ac36,Nicd,2
772f1e0a-0cfb-4747-a4b0-41698ffb4fe7,Nice app,5
a8b2f27a-5f61-42af-869f-fd6cc7a9f9fa,Very good app,5
571650ef-e2d3-4c57-996d-457d0aa9bde4,Backup Umer💞 Bekup,5
f7164451-470b-4b56-af40-a0d14831320f,Good application amazing awesome 👌 👍,5
b481ae3f-6fb0-4af7-8530-6bbfec08bc57,❤️❤️❤️,3
813ec9b6-2105-41a9-8bcd-a6630586614e,Very good,4
34298e56-fd54-45ae-91ce-6a7fb9c71f1f,"I don't know why you block my account,,,,,, mmmmmmmmh I'm so tired for sure 😭😭😭😭",1
7f187259-3e7a-4db5-a35e-c56e74316f14,NosalinMarak,5
fdfe6376-c7e1-4868-88b5-122ed4c85071,Watsapp not installed problem emergency for me please slove my problem I am waiting for your good discussion.,5
8717097a-ae83-4fe8-8f7e-5e47ca628e0e,With heart full gratitude I thank this application after all besides the best with the new version which enables us to interact with meta AI Which is very supportive and helpful to clarify the question we ask,5
6c53894f-dbd8-4ca0-9331-d788e57881c6,Gud,5
3e0b095b-af4e-41d0-8998-044fcb06f5cd,Very bad 😔 Very good 😊,5
4f48745b-5b85-4e6a-80ae-51f41af12505,Very good nice 👍,5
36706d31-7933-4a2e-be8d-e642aa6771a2,"My account was suspended without clear reasons, and with no advance warning.",1
2e0b88cc-1185-485a-b128-98f3b2e5c702,promila proja,1
c0af71b7-1ea9-45c6-87c0-a5fc0882388f,I like the ai,4
e454d511-a5d0-4e00-9429-00ec5416c7e8,Kenapa kena selalu update... Menyusahkan lah Tau tak,1
5bc4a2e7-2107-4816-a9da-06f87379bae2,Good,5
953094ea-6c3e-40bf-aecd-a2fc93c218aa,Very bad app,1
46aaa7da-ce80-4254-be92-64d0f832fda5,Nice,4
2ac1de62-1b79-48c4-b5d7-244625520d86,Strainous,2
557dc694-28f0-4eeb-a64d-1c614e472eb0,Number book,4
1ae80894-1007-4e41-bb83-2e9b80f16841,🥶,4
627cb50d-9db3-40bc-bda8-e173802c181d,My WhatsApp number otp not coming,5
89500cd3-de64-473f-99d6-2066d04443d0,Full,5
60c17da4-0b98-43f3-bd85-0a7b10cad8f9,-jegdogf,4
d7aa0327-cf34-4ec9-b01f-03de318af1e3,Good fine,5
fd4e94b1-9a25-4a23-8041-2c3f66c7490a,Can you stop bringing me to Google play when I tap on a link to connect with someone? I also can't conversation with them,3
1c741fc3-2d0f-4f52-89f7-950b41fc27ea,Exilent. I like the app.🥰,5
2d0bba4a-eba0-43c6-8ce1-a8c2fdb14021,Nice,5
80fc9891-c5d2-4a46-bfb3-c0eae93ce208,Video,5
05afb8ea-7101-42dd-acaf-9bb1f258fc25,Besgame azkar😮😮😮😮😮😮😮😮😮😮😮😮😮😮😮😮😮😮😮😮😮😮😮😮😮😮😮😮😮😮😮😮😮😮😮😮😮😮😮😮😮😮😮😮😮😮,1
e2b1c03c-eca8-4cd3-b09e-499ede0ced0b,Good,5
44fbd3d3-f23a-4453-a327-a1b824ba1a24,Good,5
8c4d6f49-77a0-4d59-b9d7-455d6d10dc5d,Meta ai not working,1
fdb77778-9461-4a1e-b895-9f0c611dcaa1,4 years experience,1
bfcdd90e-0e72-40aa-845f-b9dc969105c5,Evaru status choosaro vallavi choopinchatla plz respond to this issue,1
6e6f60bb-8545-42bc-9bc7-4aa56d3e59c7,I'm lover of what's up. Easy to use amazing app I'm using what's up more than any other app on phone you can say every time on what's up. That's all.,5
0fac7ce3-c375-4790-932a-e5524a12ff3a,So working app,5
2c291875-8dac-42e5-8846-1f9e6a095597,Basst appa,5
10d100e9-2017-415e-9732-c4344d40d65e,Well,5
0b1768d4-c1a4-40d7-8b94-a9fd2fa2b536,Learn more,1
072d8234-9cb7-4000-ba72-7553d33fa965,Very good 😊,4
61679ed5-e767-4fb3-b825-d3689bb25010,Wabuteya musosi iphone,5
8552ced0-6131-4df8-a1dc-cbbb04a971a1,Supiri,1
32984ed4-f646-49d7-9e2f-13f11df48d95,What App,5
24a95297-619a-4f19-badd-af540e2f8cd4,Greatest,1
50297054-48ad-4605-8388-49d1204be4a3,Good,5
8ecfe711-b2b4-4c4b-bbb9-94d61fcbab20,Was originally very good but not accessible even after uninstalling and reinstalling,5
894b3457-0f1e-4ddd-bd49-e07cc51eaaaf,Nice,5
80f76b2c-9cbb-4588-816a-b3f31d42a3f8,Nice,5
90a3fa4a-1843-496e-9ba4-7ef821b2ce55,Vivek,5
855b051c-d78f-46f8-9c77-761f2c187dd0,Good but every times hanging,3
ec2e5234-39c2-4256-ba77-30b2927e1f52,Supper...✨,5
58261c21-fbb5-40b1-af7a-78599012a429,"Weak in chat and very few features, learn a little from Telegram and WhatsApp 🙏🇮🇷",1
b615f909-1c67-4513-b1f1-c6340a8e66e0,Good,4
54c9ef0e-49ee-45ea-ae2d-839c4c3154e7,I see this app I say good app ever since I've been using it the app is to me it's having helping me with my business in someone else but the thing doesn't exist on my phone I don't know why,2
e75146d4-e9ab-48d8-b908-dac23fcda008,Whats AP ni chal rha h,5
9de671cb-58a9-4069-be3b-dd54547f3aec,nice,5
4861b6be-3ded-4da6-855c-84d91e190267,Manoj Kumar WhatsApp,1
d2026313-abda-44c6-8aa5-d25d7c972a5c,Whatsapp,5
43ed18c3-a846-4fc3-b26d-1e30e829f9e2,WhatsApp,5
57813c63-bea5-485b-b9c0-7a9aa6d11b1e,I will appreciate if the video call feature had options for capturing moments just like you have with Google Duo.,4
c340b394-6375-46e7-891b-c27c99a75427,Excellent,5
50092508-1459-4157-85ba-63a3911f273b,Very bad on sumsang tab,1
899db7eb-605a-4b50-910e-5e048c08fb7a,Good,5
13a25281-f5c6-45f9-84b4-7a1a509638ab,Kirshan Kumar,5
c0b076df-696a-4941-8ec9-3832ff4d5c4b,Good,5
902d7ad7-ec17-46ed-ab3c-37fa77f9dbac,Much experience,5
cf1f1dae-a844-457e-a037-6da8d140bbff,and you ha,1
18b731bf-fe5f-4e7f-8c25-0e64c1495cd8,Good,5
65c4afba-6b85-4706-9c53-5bef294663a0,"I have been using WhatsApp for several years but haven't used any unofficial WhatsApp applications. But now I can't use it. Because if I open it, it says, ""You need to use official WhatsApp to login."" Please fix that error as soon as possible. I have my school groups and many other important chats. God bless you!",1
377ab3a5-55ca-45f0-b2fb-f20e4f0122b7,Honor x7b,5
5c9d30fc-1df8-4ccf-a074-4e063f9fa41b,"I cannot open my whats app for 1 month and several problem have been noticed . I try to cure the prblem but no result have been seen so, I download whats app new version but also it has no result and whats app is important item in our daily life for talking, studying etc. Please help to cure the problem",1
fa9cb28f-5e75-455c-9067-5c4b19a5b9f6,Phaltu,1
bbb372b9-86b4-4775-82ff-ec14833ffd44,Very nice what's app,5
54b5fb62-bf86-4f19-87f7-a53c2e3ba057,😲 wow,5
94076956-d34d-4dfe-bdf1-6cc9798ec3ae,BTS 😴😴😴😴😴😴😴😴😴😴😴. Zl ko mTS,3
da4f6355-2a9d-48be-ac37-0d5bb384dcaa,Best,1
02523347-57eb-4069-9b43-cc72ecd938e7,"I love using Whatsapp but honestly i don't really like updating the app is just too mush, And to post or to send video or messages are very long. And i we advise u should help us to recover lost messages. And the Meta AI is a hand full, Meta AI hardly listen to what one says. I am always correcting Meta AI and Meta AI will still make the mistake, and it's kind of rude, it's always telling me that I'm frustrated. Thanks",2
5238c3fe-b5b5-45bb-8b2c-c5468f970ded,harunaaddu lhamid,5
8d2fb610-1184-49ba-87c4-aaabdb475cb1,Good,5
6d2991fe-ee44-4b68-a58a-74aa34e497e4,ডডড,5
c64b092f-64ab-4b55-b5c5-32f6d02171ec,Pradhan. Gujjar,1
23de263a-cdf3-4ac3-8788-3cbeb4c24227,This app is very amazing and you can earn from this so download ❤️,5
43d516f6-aafb-445a-a618-75ca9e42cdb5,Good,5
e617be53-c6e7-442c-b3ec-8d728a3b9c42,Amazing,5
43fbccc9-ba0a-483a-a6a9-2dba44c8dca9,Bad,1
f4e7e447-0f07-426a-bbc1-696777c94a0d,Good most of the time,5
b0e0337c-0558-4c8e-b7be-c4e50b308b0b,good,5
c4006b82-abab-47d1-969a-3f15bb721fe5,"This app is very easy for use. This app doesn’t collect any data. We can call others, such as audio or video. We can share our information with other freely. It support any video, audio, photos and document, when we share it.",4
3a1afbdd-df7f-4dc4-9756-f1511d9648bf,Ajith,5
5133eb9d-30d9-44d2-876b-6413a775b0cc,This app is super good 👍,5
07923a52-00c7-46e9-94d3-831febdb2767,Ok!,5
45b6ffba-fe4b-46b5-a8d1-4d23e7e1916c,Please can you enable Meta AI feature for my WhatsApp. I didn't get it till now.,2
1312e47c-660d-49ed-aaed-2cce825b5d31,My WhatsApp its not working,5
15a49566-873e-4c73-9807-263dcff08751,It shows that this account cannot be used on whatsup due to a spam. It happened while I was trying to communicate with King Price Insurance,1
5ddb3e9f-e9e2-4fbd-a730-a863a5a6974b,P ‼️,5
6b958870-8016-4de7-bfc9-bb44f62acc4d,good,3
5048cfa7-2d4a-4920-96ec-8464d2f31ff2,WhatsApp,5
33cd7fad-f4cd-4750-a203-70bfa25551d6,Nice 🙂,5
10b95d06-1cd6-42e4-b49b-f539be5a5634,দী পি কা মুর্মু,2
4d13d55c-673c-4ab3-8926-e13de760fd36,Great,5
8b67c115-695e-4eb9-9c23-ff31c373ab63,Apl sangat baik,5
a7d1536c-004c-4d71-ac3a-539ab03f04ad,Nice aap,5
23abdfaf-615b-4acd-84ed-7c2180d216b2,Younis Ali Ali brohi,4
ec064a26-28f7-4d00-85d6-0beebd5613c7,✅ Great Job 👍🏻 please be secure 🔐 Thanks Zuck Bro 👍🏻,5
a5fa4176-eeb8-441e-8ccf-eebe4672224e,Govindsingh,5
30d8444f-f60c-44dd-a119-f46115bb4446,Good,4
a1ba589b-1689-483e-83eb-4225d4e8788e,Super 😍,5
ec4022e8-b3b0-4094-9c56-628c1443eb8f,Always liked the app,5
4e8d1e48-9543-4d9b-9ebe-08aff8048e00,Mamja agaya,5
6c29a79a-c372-4d39-b1bf-b3233c10a746,WhatsApp has been a great experience to myself and many,1
026acc40-8802-49d7-afe4-94278a340040,i like the whatsap,4
3b093e8d-896b-47bd-a4c4-1ca04a8de4d2,Sukkur Vay,5
afd20507-5c6d-4d3e-8eac-1a490beac95c,Hello Team WhatsApp I have not done anything wrong and I'm sure that I have followed your rules of conduct and you have suspended my account for not any valid reason please back my account as soon as possible Thank you,1
15cbebca-65fd-4947-bc92-a7f0d156b16a,Excellent,5
178dcc49-f264-40a4-82b5-b03cb4713faf,Performing well but i want it to open back,5
217b824d-3f1b-4f5b-b38d-18f46947d332,😗,4
5837400d-bf1e-4826-8d83-042a6b93b187,This is very good app,5
7c923aaa-0089-4ad9-8014-ba9dc6db11d5,Nice Good,5
64d08ee9-3ec3-425b-a7f5-995b53517215,sanjura,5
b9341e7b-0997-4331-add0-0e369fb55e4e,Good,5
ccb6986e-9300-438b-870c-240d8c195664,Excellent service 👏 👍 👌 thanks 😊 👍,5
0f8e6537-f557-46da-a6bc-18758738168f,"2024 down the line,Whatsapp has become unenjoyable Because of being logged out for no apparent reason..Every day,I get logged out even without sending a text to anyone.. and have to get logged back..",2
01d4027b-ff46-4a00-bb48-8997a6bf55aa,Ubv,5
181e0e11-f20b-4141-b3ef-54cb3f03ef61,Whatsapp is the best app for use,5
b7eec8f4-fdf7-4aa9-8286-264dd52145fb,Good,1
ccb6fed4-5c55-453f-be99-bf19f55ad2bc,Good,5
e5c150ef-b642-4f1e-8ae4-8d1a94ec5cf9,How to get back in Whatsapp,1
f499d635-9815-497c-8279-71a93e0ea732,Very good,5
4727d57f-dbae-4f89-8dc4-fb86a63881e5,Olori Adebowale morenike,3
7c1dde64-bdd2-494b-93ab-cd6a8c604166,Ñot so much better...,3
63b4e9c2-b03e-4634-8bab-d3f9b6c7a3f4,Nice WhatsApp,5
bb2791f7-8190-4fa1-b5c1-0bb30d5d0ef5,Good 😊,2
e4d650c1-1c9b-4009-950d-6a61b97b9e92,Not useful,1
ccda730c-8ab6-4e8f-ac6d-1d3e8d486cac,Very attractive,5
892975eb-b63c-4d74-9b44-03e8c0267655,Good service,5
11631d7a-27ad-45d8-891d-15afc376ea1b,It's a good app but since i have been trying to update it and it's not working,3
1d91b8bb-2b87-4abd-a37e-a81e454c2dfb,Good for note exchange,5
452d90cf-8fe9-4b1c-90c1-67695c11cd11,Good,4
42870fa0-2869-491a-8fc2-60ec5f9afec8,This is a very beautiful and best messages app,5
49ff5ba5-8ae9-4c18-b474-b83cc5e47855,The best app,4
bc832e55-358d-415f-938d-93b815ef73c2,Nice app,3
d0228cab-69f4-40e4-9711-bbf3bba602a4,"Hi WhatsApp team, great app,👍 flexible in communication and all but I think the option of having to set our own time duration for certain status uploads be included rather than it staying for 24hrs.. asides that the app is flawless",5
db5bfe3f-1f66-4347-9b89-ff524dfd7640,"terbaik....tapi kenapa ada foto orang lain pada status saya,🌷🩷🩵🤍 tambah 3wf🤣🤣🤣",5
4a583e2e-9a00-407c-b982-4cef2f0ac03f,Good,5
fd4c455e-9ef3-49cc-b9f0-8d326b6c572d,Good,5
6f21aa3a-7de0-499a-ae6b-68b80739f045,Good served Ol,3
e51d010d-4f91-4060-bb2b-77eb2b725682,Best 👍,5
4e1b5748-1cd8-416d-b117-3bc07030e4d3,Samaj Salmani,1
5af3085c-9e4b-47fe-8517-edd43f4a25ce,Improve it,2
f18d5194-fd66-4a55-9864-fdf9c3617b07,My whatsapp not show your meta feature please set in my whatsapp,5
bce0fd39-cd01-4db7-8ffc-424d537b630b,"this app is good you can communicate with family, friends and other people",5
0bb7686c-b714-4c2a-9141-495532c2ede5,All,5
4f5f8232-1f68-47b1-8e70-34e8da31c90e,Why is my what's app not working?,1
6a75688a-6574-4793-98ce-ff03a280bf43,Very good,5
94738a5a-bb4e-4184-b788-ec2ed466d1a0,"WhatsApp logged me out and flagged my account when I haven't violated any rules, after the claim to have resolved it, you guys won't let me log into my account anymore, they keep saying that I need the official app to login...I even went as far as to uninstall it, then downloaded WhatsApp again, but the problem still persist",1
b28f8bc3-c0af-4408-9012-6f80deba6d6e,It's apps very helpful for me.,5
1b47c850-d634-43ad-bf00-68769f64d418,".. for in our of 0=.=5 ,00 ==== . MC",3
5de09407-9843-4f35-9820-a10fa958cf96,ll aAA 😂,5
72c196ab-5b47-43eb-94a8-20b96f47acb6,good but the meta ai not working properly.,5
cedb2e7e-cf82-4e0e-a309-4cf9e5ed714a,Ok,4
3ed5cd7e-73c9-4908-8ea8-618a5dee70c0,Good,5
558d4ab6-5bf2-4e79-9d22-e16055dd6c5c,not good for UAE. It not work without VPN somewhere works. Somewhere not,2
a1de3c29-b113-4625-87e5-a2e369873ce9,Good,5
0e59d7b9-6f15-4b04-8b69-fc9abd5be83d,Nice 👍👍👍,5
65e7fc9f-36ea-4416-980c-bfcff62df963,E ee rerff,1
e44c5864-cf67-4a14-a27e-d7e97d6bfd20,Good,5
7ef6aaea-7da7-4337-b5dc-738d24f5852c,Good appp,5
c8c08968-31df-4e51-a765-a27f6bba733e,Nice,5
ad6dc3ad-04a3-45a0-bddc-6cc4ba1807c7,Jaan khan,5
ded62618-ce47-4a4f-aa05-0086e4624e70,Great apps,5
6f4e5f05-739a-42f9-a594-086734900a3f,Wow,5
9193bbe1-9ad8-4192-bb2e-b23b6c40f0e7,Good and ❤️❤️❤️❤️❤️❤️👍👍👍❤️❤️👍👍👍👍👍❤️❤️❤️❤️👍👍👍👍👍👍👍👍❤️👍❤️❤️👍👍❤️❤️👍👍👍❤️❤️👍👍❤️❤️👍❤️👍👍👍u❤️👍❤️👍❤️❤️❤️❤️❤️❤️❤️❤️❤️❤️❤️❤️👍👍👍❤️👍❤️👍❤️👍👍👍👍❤️👍❤️❤️❤️❤️👍👍👍👍❤️❤️👍👍❤️👍❤️❤️❤️👍👍👍👍👍👍u👍❤️❤️👍❤️👍👍❤️❤️❤️❤️❤️👍❤️👍❤️👍❤️👍❤️👍❤️👍❤️❤️❤️👍❤️🌹❤️🌹❤️👍❤️😊👍💞🌹🤭💕💕❤️👍❤️👍👍👍❤️❤️👍❤️❤️❤️❤️❤️❤️❤️❤️❤️❤️❤️❤️❤️❤️👍❤️❤️❤️❤️❤️❤️❤️❤️❤️👍👍👍❤️👍👍👍❤️❤️❤️❤️❤️❤️👍👍❤️❤️❤️❤️👍👍👍👍❤️❤️❤️❤️👍❤️❤️👍👍👍👍👍👍👍👍👍❤️👍👍👍❤️❤️👍👍👍👍👍❤️❤️👍👍❤️❤️❤️❤️By ashika varshini,5
618b3ad3-f465-42e2-b8cc-124e604fd3a1,58?β,3
33769e58-b2e1-4459-9bab-43e11e670e67,Shano kumar,5
a0d93098-7a31-4a9a-9dfa-092e0e6fc6c1,Op,3
dc7cd8ae-0cfd-4f2f-8dda-bdab6c968920,Excellent app,5
09615e8c-fda7-4c24-9814-3b86e76c866b,Ok,5
865a0c89-ddbb-4b9e-bd76-04a2f4e7a4c9,About opening whatsup app,3
60d1f633-e5f7-4750-be86-35cb3dcea32c,Good,5
b158c72a-d079-407e-91e0-3ea8f9dd2675,E evc ccdrrwrarrd,5
f3c08c4b-9a7b-4b46-9374-979dbbc7f8be,So bad,1
fc666184-97ca-424c-b3c2-f03a9ed48929,it was wonderfulllllll,5
2cc22958-f776-4947-b566-fb562a42e416,I've have enjoyed everything that WhatsApp site has provided to me with all of their full Service they have already given me in the past I'm Billy Ray Parker an I am looking for the future to be them I Thank You For Your assistant in this Matter,5
007a110a-8bc3-4166-9ee0-d0655ebc86f8,RajuAhmed,5
02d906c4-a648-4fa2-aba5-0bcd8166923b,sensitive,1
75b0e769-12a3-4248-b697-a0128f188717,Very perfect,5
fef4dd33-23fb-4e01-9d20-231a27ed7d05,"I'm a student and I was making class groups to help other students but 😕 What'sapp banned me, please 🥺 recover my whatsapp number please 🙏🏻 what'sapp I beg you",1
70f59375-b736-4960-a1e8-af136ae1316e,The app is fantastic,5
cfe994fc-8bf3-447c-a982-e273171a69ac,Avnish Kumar,1
1a030520-893c-4d2e-adb5-999959ccac5d,Wow,5
c141dd62-1eb8-469b-b301-a6a4ba3ed6d9,Very sweet,5
644962ba-a15c-49dd-a983-f3b44b7d099d,Nice,5
308dc37c-c616-4330-bbdc-f9acfd2cf8c6,Lovely app,5
ba2b48b7-d4d5-484d-843c-d1d0c31640dd,هلا,5
6b8dbd05-d6f0-4d7d-bc03-09d46ea7830b,Whatsapp,5
7a4795cf-18f0-422b-924a-cab5dc082173,It kept kicking me out for no reason,3
900eeb53-3995-4ac2-8a3c-a4836234a70f,Nice,5
a86db2ee-40fb-48c9-8ccb-065992162156,jimoh 1212 Adeyi,5
d278a556-d3de-4782-8dee-387fc31e73bc,Most welcome,5
4cd900fb-9223-4a07-83d5-be7b0f3effc0,Support,4
1e7fdb59-1b97-40f7-a2b2-9de14b6b6167,........q,1
7b98b345-dc60-4bdd-8902-ecd9fda08982,Good,5
aefe34d3-ca64-4c14-8621-06fd0ab3ac1f,Amazing 😍🤩,5
f0385e2a-8778-466b-b1f4-b7cdf8518b22,Nice servicen,3
50ffcc70-191d-47b9-a4ac-ebab67e0e8fd,this app is really helpful,5
d4a31512-09b3-4a0c-85f2-dff3e2cef3c6,"I can't update this app, I can't app other people because it's says use official whatsapp even after updating it refuses to work",1
76860eb0-fb52-4129-a605-19966473f0e3,I use this app from 2015.i got amazing experience from this app,5
a3b8cfa6-bf1b-4aa2-9107-ad021819c346,I switched off my phone and my WhatsApp cleared,5
e009afbc-c071-4ea7-aa65-114e44bd8f9c,Meta ai is not working in my WhatsApp,1
5fd5ead1-72fa-414a-930d-dbc3d51a4100,This app is very nice and good,5
9abf814e-c3b0-4b68-a9ed-196e85f9fda8,"its banning account for no reason, really unconvinience",1
d2c25db4-c40f-47e9-a76d-13f008983e00,Bad new policy,4
4b02dade-266b-46b6-9d11-03fdff5760d4,Really very good app,1
52008aa0-d48b-46e8-bf0c-d58567791d16,But waste,5
3dda270d-c3fc-4e0b-a494-c69b1db9135e,Meta,2
590afeb7-9a54-4dab-83b4-dbfbaaa7be58,WhatsApp code,5
12a9998d-0b28-4b7b-add9-bf874975b028,Best,5
4dc9569b-39c0-46d5-b1cd-e99cca0b80af,Why you dey update this app everyday?,5
81899d21-2bed-4232-b0f7-bbe63c34aacc,Cool,2
5f8cb427-17a9-4b22-bf39-42543893b5bb,unable of video call!!!! only chat,2
59ac2426-a85f-4543-b5a4-89afb49de3c3,WhatsApp is a very good for me and also Ai function. Today I am feel glad to express my view for whatsApp. 🥰🥰🥰🥰🥰🥰🥰 🥰🥰🥰🥰🥰🥰🥰🥰🥰😄😄😄😄 WhatsApp and me. 👻👻👻😂😂😂😌✍️✍️✍️✍️💘💘💘😔😔😔😔😉😉😉😒🍧🎂,5
069bd66b-a6db-4da9-9bb4-5e29324957b6,Yog rawte,1
ee9b1d3b-5187-4add-ad30-97b4d104879e,Can't set up an account it says download official whatsapp,1
d0c9f301-c7cf-4e8c-9e87-9884432b2ff5,Nice to Whats app,4
e605be8e-782f-47a8-96c6-d7fd4ba7088b,Soo smart,5
cae5def5-b163-4618-88cd-2e085c4cbe86,ले,5
bf4d57a8-d325-495a-9924-735fab517210,Good job,5
ef244798-25ca-4e04-ab58-f9da94450dba,Good,5
a1dfd0ed-3239-4f3b-924b-9dde37340fe3,Æqh,1
c11ef597-e7ce-4c19-89bb-2bf5eb9dd7fe,Please subscribe GAMErsDOTCOM channal ..,5
76d5ce4b-b2f5-442c-b0b7-088dfa683c85,Nice,5
213d0cfc-bed5-4805-b28a-5d3e5773b842,this app is a so very good,5
341ceb0c-803f-4341-9d84-c9869166a07f,Good,5
024e4c74-d2f5-4b32-a0d4-34c2e58f9652,I like this website this is very imazing,5
c93f242a-bc2f-4490-898c-0ebf731002a7,Awaiskhan,5
ee0ba8bd-0094-4096-a3cc-413b0fb03d24,Super,5
cc10bf13-1efd-4d75-ac42-cd66eb7b55b7,"Please make the whatsapp aplicable for iPad, this is not downloadding on my iPad, and I don’t have mobile phone.",4
ef945910-1884-4b0b-9b2e-69b6d5beb11a,Best app in 🌍world 🥺,5
fd30aad5-bb11-4859-bf71-d60f00c055d0,Good,5
b7c2cb67-f158-423e-b4fc-a829a1f293a1,Honestly app sure I'm happy for using WhatsApp,5
e5c36c9d-ac60-4f27-a03b-688215cb5780,Nice,1
fd8b8fc9-a8ed-4a54-a9aa-88dfed0da37c,😘,3
37f525b8-a50d-4868-8a61-7421de684933,It is very necessary nowadays .,5
34a4c567-8c6a-419a-85f6-375b8c319b7d,Narendra Kumar,5
7000208e-db80-4d5e-afbe-b1a82c819acc,Yar ye 10 /15 din me update kyu karte ho pura whatsApp ka chat delete ho jata he,4
fbefffee-5791-4a16-967f-22e8864860b8,Too many messages,1
6564806d-c70c-4333-9fbf-0428be235a40,💕lovely Shahzada 😎,5
0868f8de-07cc-4a09-a630-77e04a24579f,On my WhatsApp meta ai is not showing up after updating and doing all kind of things but its not showing,4
a0cdf8ab-2c6c-4bac-9580-01280a3c61af,Now That's something new keep it up ❤️,4
750accb5-9a91-4c11-9be4-33a940dfc7df,Sometimes very slow to open,4
4103edcf-92b7-44ac-88b4-c76deb104c72,Je ne cherche pas a comprendre pour croir mais plutot croir pour comprendre,5
60a4ac54-86a9-46d7-9ffd-7d313c7b8985,It keeps going down,1
87ed77c3-16a1-419a-926f-ce4feabf1aa2,Ok,5
2713fa78-9b6c-485b-ad54-b7acaae15f3c,Wes cc ee ee eee se ee 3ee,4
c8c0787a-2fc5-4ff9-b0af-d2bda5e75c7b,Poor.since updated the app is saying close i can't use it.i need some help,1
701c88a6-5e6a-46e2-8f06-72c7372a90f6,How are you feeling today,5
c5d92050-45e5-4abe-ba6f-b8b0cf365f3e,Yo honey singh ke sath m PR the teWeein hai kya baaPmat kya hai ye ww,4
5744c137-da17-4ced-af38-02e9ce61435e,Nice,5
862e7d44-7b91-4300-849f-bbc2dd32b13a,🐓🐓🐓🐔🐔🐔🐕🐶🐩🐹,5
617429eb-c212-4355-83f8-f19aabaedcad,"WhatsApp is unique and confidential in information sharing, and since I have not develop one myself, i don't have to criticize. V N and video chat is highly scientific.",5
2cd75544-cb8e-494f-8d43-ade5a8d921ac,Nice app best app,5
d2e10617-3d3e-426e-8aa7-93a51095e711,if share picture kt status or chat mesti kabur .,2
98fa6e18-4975-4ac0-b799-4f325ddbd8f7,Good Application,5
a1a0c37e-ac86-4925-9d1c-dfbcc02a725f,Allahu akibar,5
0927426c-062c-402b-92fd-71d0d0a30783,Good,4
51234d8b-4f27-4adb-83fd-329e9cbef4a9,Malik za in ali 123,3
beed0360-d621-41d1-b892-2fed3de5d07e,78 year old with lots of experience from police service through surgical field and University faculty.,5
480c39ed-356c-4565-9616-fc287171dab2,The official app denying you access until you get the official app is the most ridiculous thing I've seen all year,1
ac243612-17c2-4609-8d3b-080bd43ad1be,"Changing interface again and again, still there is many things to change. If we convert headset to speaker the headset option will gone and we are not able to back on headset option. Fix this bug. Users are using whatsaap for the better experience and efficiency, not for the disturb interface.",1
039f1910-4f12-453d-be11-dcecb48b402f,Hhyyhu huuu,1
2011af8b-5f18-4d47-a6fd-490bbf2e5f90,It's not installing in my phone,1
ebc811c8-97ee-4d77-8f47-54747a2dcba8,WhatsApp for life ✅.....I love this app,5
f3f5b030-e96e-4292-b9d1-6e7a767f55fb,FAiZAn shah,5
9021599c-bbad-4862-bfcf-602be97e2894,Super app,5
6d41a10e-c77c-488f-ad4c-1470eb3dde6e,My wtsap didnt get any update with meta AI..what to do,5
ccba046b-ca3a-41d1-8fed-9f182b1243fa,I need to restore my WhatsApp Massage !,5
55b71f7d-bea5-495b-98f7-f0e937c79192,Ganga ban Ninama,5
9eb832ac-9e36-4fcd-8488-a03513f1066a,When ever I put high quality video on my what's app status the quality of videos became too low that when ever I open my own what's app status I feel disappointed too see the quality uploaded ... Work on some hd quality media,3
9acfde10-e07a-4768-847e-ed90cf0fea8e,Good aap,1
54bac827-8f6a-4902-8b97-7e91a0345f8f,Tara kumari,3
f89a0a6e-b6e7-4aec-acea-f35483890f96,সুন্দর,5
cc224b7a-467d-44fe-989d-f77a6a821372,This is very good app,5
095e7de3-9ca5-4bf0-a37e-0fdba15061ee,Good,5
11b348e8-7e73-462e-b74f-a4a25b0f08b3,Good bro,5
f721aa9e-2ba3-40a6-b8d3-16fad1033b69,Good,5
a659e126-41f8-48d9-aa7f-3a1b35dda05e,Zainab sani okha,1
48dcece8-8986-42ae-96e5-0dd299c52190,Better app to communicate with people,5
6b07909d-09cc-49b4-ab97-2a8daa75ff31,"very good app indeed,runs smoothly with no hustles",4
5703239e-7d16-45c1-b86b-ea68f7b1c10e,"This app has started to function the way it need to be. But I know things can get better by allow call permission function properly. Call recording is okay but chat, voice call and video recording is not okay without conresponding opposite action. You most let it be base on EQUILIBRIUM to avoid people or user not to be easy scam.",5
8c483e2b-6adf-49ca-b08e-4ee49b28c7dd,Haasan,1
f70279a3-c5b6-4eb3-84c9-b1f88d97269b,Nzuri,5
ca632f7c-0302-43ac-b55b-f4d695daacf4,Automatic crash WhatsApp application please fix the bug,5
c63448ea-90b0-4cb7-be98-2e239f12ff6f,I am so glad that now I am able to talk to friends and family by this app.......,5
55d79c37-9f21-490e-9092-c5481a5ecd54,Nice,5
b19cf562-9196-4964-a039-3645998218a9,👌👌👌👌👌,5
c2ce3e41-6424-4350-ac1f-bda3662600d0,Wonderful,5
52c4c2a0-94fe-4ff9-b2cd-17b6d2380e45,Batsh WhatsApp messenger,5
735a2e9c-7daf-48ed-9d82-dbdeee6e8317,Very nice 👍👍👍👍,5
eb2437b9-0415-4687-87d4-e1fa6887768f,Excellent,5
bbfa4371-28ca-4db9-8772-cd8a47589f00,Bad,1
cf64911e-65e1-4079-8b55-6b87e2e1204c,My life 8,5
858f6b6e-fca9-4d86-b73d-a09ef4fddfb5,Good,1
0281c3fb-3e79-422c-ad14-408b818816f4,Good App But Users can't like Channels feature. Please Remove Channel feature.,4
05423270-db76-41ae-8d58-1972dc51d09c,Superrr,5
0bc4c17a-3c9a-4c45-8308-84defc09a100,Very nice app I am enjoying this app,5
cfbab71e-baf3-4bbb-9de7-4079a850dac6,I love it,5
5e754210-3f74-4012-a10d-8574d7ed238e,This app used gö FB gö hack,5
20cc94d1-555d-4ba3-99e5-6ff5acc68083,❤️❤️,5
3c7787a3-4ddd-439a-94df-0acf4f3fc846,Great,5
392493a6-6a47-4321-9517-268249a9b40a,Bad,5
dbc8452f-c385-4fb4-b6d7-6061ef1d0cf9,Very easy & good to use💯💯💯💯,5
6492c4f5-4a33-4eba-af65-849c44391f1f,Excellent,5
28b3647f-492a-43ac-8fac-a26908c88974,Sunil Kumar,5
b5ad821a-ad2c-4a67-a750-c69ef1919dae,Having issues to download the latest version.,2
2c2ad12a-1789-4515-8bba-851a66965dee,Profile pic screenshot restrictions is bad ideas for WhatsApp. Because if WhatsApp use too many restrictions then people switched to GB WhatsApp or third party app.,1
546da8d5-1955-4d3d-8f5a-9e31a200e1cc,Sunil. Kumar. Behera,1
26a91d5c-3c8b-4573-881d-f171f322c653,Suppar Wats app,5
179e30fd-f7a6-43fa-bb7b-ac6a60f6c63c,Good,1
25191a75-599c-4c95-9aac-b2ac717cb6d8,Om,5
d98223bd-af2d-488a-a16a-428156762900,My whatssap is not working,1
c41a5f6e-e2d6-4d3c-ba9b-189cf113cdd8,Chaitra gowda ❤️,5
1815c7ef-ad14-4626-bbe3-0eb3d8d56aa3,Why is it hanging or unlock,1
b6354a25-8d10-4e65-acca-4c0640315838,J'aime,5
65a6a025-2ff9-4684-9527-4d1ee030bde7,NaeeymAktar,1
c4c90f54-7180-4a08-b5b2-4b40e4e22d00,"5⁵--,",3
71de4442-c15b-49bf-a5b3-af72ecff58f5,Good app for communication,5
7a7ecb7d-f3f9-4dd5-b87b-61ef6a6034d4,Really exciting moment when using this app,5
c6d49edf-c20e-4ad3-a23a-a7a70be70050,Great way to communicate long distance.,5
78b6d13e-4330-4b4f-b7b5-6fd37c0af679,Nice,5
a53685d7-c36b-45a6-8405-f7f2cea56cfc,So very very very very very. nice,5
c3fc26ce-2661-4bbe-95b9-ecee2368a1f8,Private chats should not be mixed with group chats. This is the only feature I want,4
6822e500-5254-49b0-9277-8800f488d832,Bhai ye bar what'sapp band ho raha he,1
64a00c89-1a71-4899-8d54-4e3dfe3ca57c,Meta AI is the most wonderful feature.. I am loving it.. It's so good to have it. Thanks What's App,5
be4336d3-d83c-4ef0-9fb3-7d350e78ead9,Very good,5
becbcb15-57f9-41ad-b3ed-09515895dd45,Good,5
ec237da0-d40e-4f2f-8f3b-9a0c3ef93905,Mdanmol,5
2ad76d82-39f1-4e9c-9dea-b715d8825522,Oppo,1
32f0af37-25b6-4ec8-852d-a1ceab0a54c3,It's efficient and effective,5
9080cf15-5794-4810-82e2-3f2be7ff7691,Good,4
6c28fc8e-bdb6-4d2f-842a-3d08ffc18930,Hooyadiina wasa,5
a83bb184-06af-4bf6-b8f8-cc0018f7a5ba,Good,5
09f106be-a320-4873-adc0-f6114d9ca3a7,Best feature is 'Custom Notifications' option ! Thanx a ton for that option 💚💚💚 Media auto download (yes/no) option should be there for each/specific group and each individual person contact.... because we want dont want some group images/videos to be downloaded or stored in our whatsapp or phone's internal storage..but that group is important for receiving text messages.. requesting you to give that option in near future updates.Thank you !!,5
0b2cbf2a-8bec-4ad7-9655-8820d50e969d,goodapk,5
bbbaf16d-e1f7-47b6-b920-bfea34498acf,Bachchaliraju,5
348cf86e-eae5-41b5-a888-0726b4d1fb91,App is very excellent performance,5
e8f05d94-171b-4b7c-bc20-d1fde8936d0b,It's perfectly good and pretty much cool❤💔❤💔❤,5
1705230f-f632-4004-983e-0462fbcce721,"This app a horrible mess on android. You would think that android users being the major user base would actually make meta create something meaningful but nope. just down right terrible.. from messages always skipping when you try to scroll up to messages not completely showing on tablets.. yet they ban people who actually tried to fix their mess. I wish most people I talk to don't use this horrendous app. Nobody asks for split screen on Android tab. You Out of touch e di, ots Uninstallling.",1
5a54a024-5b9f-454f-9308-a82042104fc1,Excellent,5
862f35d2-6575-41e3-8d61-05653ef80125,Ss w ee zez hai na r aEee k baad bhi to hu,5
fd4243d5-c5ef-408d-8ab3-8b710f4bef5c,Super,1
dfffc122-bc33-45f3-883e-27da2b2faef2,WhatsApp not working,5
0aa5dea6-23f3-4b73-a86d-911e1019bad9,Messages do not appear after going to the waiting list. I didn't find updates which take someone who also not joined the beta program,5
da108d23-ca49-46f4-9035-db2476cf10c5,Nice and understanding,5
18a6cd11-6a82-4cf0-bf4c-2452d7f18894,Thandokazi juqudeberha,2
203a58e4-0935-4172-96b2-f8f3391c6541,Good app ! Thank you....!,5
139903a6-e944-46b7-b76f-fa7958c8d100,Good,5
73b769ad-e144-4072-b634-c438de9eb2bd,Not open,1
b6ecb273-1ea2-4670-8c55-1290b2924ba7,Nice feature,5
eb247481-37e6-42e5-8928-84a1f349b5e6,Bantu saya untuk buka wastapp,5
e4da9326-6e1e-47a0-8bc4-197959f82602,Yaar mera baar baar WhatsApp band ho jata hai please usko phone kar do yaar on please,5
d244bc92-e488-4e7c-9594-84eb889e6dcd,UmarBhati,5
7ba62715-8dce-494e-ad28-48c7c78acfd7,Best aap to text,5
54c42d3b-999b-4b49-8cbd-fb5df3824f1c,Good Share message,3
06188282-2288-4b1d-834c-c663a4c2f910,"Certainly! Here's a message you could send to WhatsApp: --- Hi WhatsApp Team, I hope this message finds you well. I am writing to suggest making WhatsApp more accessible for blind and visually impaired users. Enhancing accessibility features will ensure everyone can use the app seamlessly. Here are a few suggestions: 1. **VoiceOver/Narrator Optimization:** Improve the app's compatibility with screen readers, ensuring all buttons, messages, and functions are easily navigable. 2. **Voice C",4
6ba95fa9-29a2-40cd-ba12-f6eba3adbc79,Good,5
0c13a19d-161a-4cc7-bd80-f95839cca04b,Nice,5
63fc4671-12c8-4756-b634-d76197d1f7a4,Jab kisi ladki ka msg ayega tab acha app kahunga ise,5
